round,group,attack_active,attack_type,v1_trust,v1_agg,v2_trust,v2_agg,consensus_passed,healed_applied,heal_source,accuracy,v1_projection_residual,v1_projection_tolerance,v1_challenge_seed,proposal_commitment,proposal_binding_valid,update_hashes,recovery_commitment,recovery_v1_endorsed,recovery_v2_endorsed,recovery_endorsed,skipped,proposal_relative_error,committed_relative_error,published_weights,used_weights,attack_targets,excluded_clients,audit_executed,honest_rejection,recovery_attempted,recovery_consistent,recovery_relative_error,parent_hash,state_hash,events
1,trust_v1,0,none,0,0,0,0,1,0,,28.94,0.0,0.1,242937121795606282551864956906284243108,de12f35cd9f4b2afbe886d149b0809cfbcd40c355b91c0b959786dbca921dfd2,1,"{""0"": ""a8df2450394afa85d1838db9a4c37ecbc6fe23764384403a3dd8a578951f65e7"", ""1"": ""0528f7f074e21dde0b79f1f0240891469e196c427a7eff50c78c8bdc0ea4c2a9"", ""2"": ""90df1e4760e4aef0bb169352720e6767626a38331cd537648028f840ccec9854"", ""3"": ""f4aa89ced28a296f720c6bc7c2bf63a8a076bc5c7f8f30b8195b1f70fe1dc021"", ""4"": ""0802b55be6a175bf548e6aaf9157a85b5ead22f6bd2c6386646e6d74672f0227"", ""5"": ""91fd8d0e6cf1a5c3056f302bd27120d1e648107668dc2fed57b02d04875df233"", ""6"": ""423f60e998ed4fc50be00bcb84da6841b1a3dab286478fcc7f50bc950ecfaabb"", ""7"": ""e04d2a5ad83283581455d898773425a7bc7c01b416965767a0f63566c1378e3d"", ""8"": ""f4f4a089a5f9cbc385c3aa49a8c3e52cd9f74f0b0b9a302e140f5ffb3365ef68"", ""9"": ""c494cfb8e356c6311d3b35cc5bdda203d1faae645016c79a63432a32e46bf967""}",,0,0,0,0,0.0,0.0,"{""0"": 0.030000000000000006, ""1"": 0.030000000000000006, ""2"": 0.030000000000000006, ""3"": 0.030000000000000006, ""4"": 0.10998484988361684, ""5"": 0.20756319087633657, ""6"": 0.1075328028927715, ""7"": 0.07240889636226669, ""8"": 0.21764809165175236, ""9"": 0.16486216833325595}","{""0"": 0.030000000000000006, ""1"": 0.030000000000000006, ""2"": 0.030000000000000006, ""3"": 0.030000000000000006, ""4"": 0.10998484988361684, ""5"": 0.20756319087633657, ""6"": 0.1075328028927715, ""7"": 0.07240889636226669, ""8"": 0.21764809165175236, ""9"": 0.16486216833325595}",[],[],1,0,0,0,0.0,8b617e77902b0a0335989e80269b498633be37dde526eb036aca22383a8f5956,3425840d342bdd4f1f043d28f1076359d98d3900607579b079e21e8115afb230,"[""proposal_created"", ""proposal_committed"", ""v1_challenge_sampled"", ""audit_accepted"", ""committed_once""]"
2,trust_v1,1,A2,0,1,0,0,0,1,V1,36.29,1.7048907676758647,0.1,104674524892999731342791103930816975507,d8a9d5fa2217796c63993c6274cea9bc576b4ef438a7620042407c53cc8f5a33,1,"{""0"": ""c170993803d5793971d6a712b3f466e3f7efcb093d2184277f13b424f497354b"", ""1"": ""9544e4c67fb6056d5675dd59c65b6c0525109a71981368722e823a2bce138cbf"", ""2"": ""44aed7ab170bd20a326bc734a2d459939f73838b28bb164d7c07af0be8c56019"", ""3"": ""ddcdba3e0347418f441759eeaca5796accc6655556014360ed713eff84523375"", ""4"": ""5233f70bdeabb5eea28cc4f5eb1e5b62e07b6e0651ce46e9221fd1b8cdf8b1f1"", ""5"": ""84c725aa2e16f0d377cc8aa2d492e62d3c117aef13132a754ec963a7f5e0a4d3"", ""6"": ""60e1e424ce34150bb83d331170080841bdc47aa2c5e04b190bb64bc7ebfc1df1"", ""7"": ""ca41afb9eb61111b1ddfccabe63c62051c7dd040888ad08f1e8ac6aac13283f1"", ""8"": ""67fdc43b17b61c5459dcb3fb9669b366f1c4dc0db3034babead849c174daca94"", ""9"": ""2ed9c8ab507d1690c1fdb83f308654cafb364e693f3511b6c6d53254345858ff""}",e13ace12595a34512b0bd1091b931686faafaa193a9594a8861f4b97b4f678c4,1,0,1,0,1.2717206637449079,0.0,"{""0"": 0.009000000000000003, ""1"": 0.009000000000000003, ""2"": 0.12536672849474917, ""3"": 0.009000000000000003, ""4"": 0.14322846941404838, ""5"": 0.2482042073496981, ""6"": 0.06243483521717442, ""7"": 0.02172266890868001, ""8"": 0.25122967758232284, ""9"": 0.12081341303332699}","{""0"": 0.1295, ""1"": 0.1295, ""2"": 0.18768336424737458, ""3"": 0.1295, ""4"": 0.07161423470702419, ""5"": 0.12410210367484906, ""6"": 0.03121741760858721, ""7"": 0.010861334454340005, ""8"": 0.12561483879116142, ""9"": 0.060406706516663494}","[0, 1, 2, 3]",[],1,0,1,1,0.0,3425840d342bdd4f1f043d28f1076359d98d3900607579b079e21e8115afb230,8dd3342ae2b6b2b9e3ddf9593e3bb224e60b840db83ecf062f4e158675397460,"[""proposal_created"", ""proposal_committed"", ""v1_challenge_sampled"", ""audit_rejected"", ""recovery_recomputed"", ""recovery_audited"", ""recovery_verified"", ""committed_once""]"
3,trust_v1,0,none,0,0,0,0,1,0,,51.37,0.0,0.1,40446561795392694902677666714374871004,0d5f29593a0807d90c7dcca1981dd2f32a754427dd817addee92fdab184702dd,1,"{""0"": ""4d61379247667e549b4c9ab76ccbe48926b9447763fa26ed684a81f33ebd0075"", ""1"": ""581699ed53f74e5e2338404a9348f5766d672d902f1481717dcf8fbdd0dc6afd"", ""2"": ""e13a07ee8f8be759a912d5f34301bce928583318be80efcfa968e0f573dafdca"", ""3"": ""cc5e188245058b6e479f8ef5b41e9653394055f5128202929453893f778bd0ad"", ""4"": ""e6fe5b34350c07a24191611a81f2aea273e0df5a10620edfeaede07e78fd40c5"", ""5"": ""d23b7820a5ddb37144e312acc752cb39178fafb8b11556a3877ef985e7ae3aaf"", ""6"": ""5ba3dfb1f9e6d8b64ead806c2c99f1156dd54e6c574701d17f8776b7d1b41339"", ""7"": ""e582c629991166173acf9fe564881583f8ca12a29b06ae554352dbcf4fa2c2d2"", ""8"": ""d2bff27358551941eca00c3d984a3e39d1615cc6f87d0d9e1bb4091af27bf3c8"", ""9"": ""a931f181e25264dc78848671e7eb8a861a53fac48a1ccecb493632fda0ba9350""}",,0,0,0,0,0.0,0.0,"{""0"": 0.002700000000000002, ""1"": 0.002700000000000002, ""2"": 0.09926007388696621, ""3"": 0.002700000000000002, ""4"": 0.2125301298585974, ""5"": 0.24402285123929232, ""6"": 0.06654219077466743, ""7"": 0.06390318997886177, ""8"": 0.24493049230907973, ""9"": 0.06071107195253516}","{""0"": 0.002700000000000002, ""1"": 0.002700000000000002, ""2"": 0.09926007388696621, ""3"": 0.002700000000000002, ""4"": 0.2125301298585974, ""5"": 0.24402285123929232, ""6"": 0.06654219077466743, ""7"": 0.06390318997886177, ""8"": 0.24493049230907973, ""9"": 0.06071107195253516}",[],[],1,0,0,0,0.0,8dd3342ae2b6b2b9e3ddf9593e3bb224e60b840db83ecf062f4e158675397460,d62eb6c65a8f32f26cc51bc61646eba98ebd4fea5efc15d6233c1f156ecf288c,"[""proposal_created"", ""proposal_committed"", ""v1_challenge_sampled"", ""audit_accepted"", ""committed_once""]"
4,trust_v1,0,none,0,0,0,0,1,0,,48.06,0.0,0.1,291052734931351353809050749016263683724,41f320c004ad3e3a45c8163ee236f43e54c14464fa9d44b989db9e1585fa8a07,1,"{""0"": ""fb9a7443159acd900c23d8e2c82308955e3ebea722c3b21c068fdce535563a4d"", ""1"": ""b1a77941aeed0e56ae4c26f4f63167bf8f1d6ccd5bfbde410802e5a83e5c8ad3"", ""2"": ""c4569ff2caeea26c956422394f279fb9d0a1561cb9e2fbd42b428561907d1105"", ""3"": ""0663cb2799889eb806776abe685b2e4b37662ee5ee7e7fec7df7a7853407c6a1"", ""4"": ""fe4d0ab15250ad7e63248be7709b638194cb9cde4d4b21d06acc6e6b629dccfb"", ""5"": ""9a60e448039f25b251a4075da334eedcce320014b4787de0605111eb76d2aaf1"", ""6"": ""435eeed269cd34dc81466f94c697f3544e14f1e65947b63fb1ef4fa53e6266b5"", ""7"": ""556b001deafb40c3bca847e70b1f65481a1e8ad05812f014d7989752fdb10c9f"", ""8"": ""32f31c9421114061da4c3dd4e50d290114c746ea79140df561865daa457916c9"", ""9"": ""9cb30ad77122e97c8c07d4c3e6cf3cecb82c592e5955ddb3c4b356a79c91bce6""}",,0,0,0,0,0.0,0.0,"{""0"": 0.0008100000000000005, ""1"": 0.0008100000000000005, ""2"": 0.03688136017947978, ""3"": 0.16096500755122317, ""4"": 0.22391404650880237, ""5"": 0.2033840762649462, ""6"": 0.03111849059040401, ""7"": 0.07692568381583449, ""8"": 0.23363415524394707, ""9"": 0.03155717984536277}","{""0"": 0.0008100000000000005, ""1"": 0.0008100000000000005, ""2"": 0.03688136017947978, ""3"": 0.16096500755122317, ""4"": 0.22391404650880237, ""5"": 0.2033840762649462, ""6"": 0.03111849059040401, ""7"": 0.07692568381583449, ""8"": 0.23363415524394707, ""9"": 0.03155717984536277}",[],[],1,0,0,0,0.0,d62eb6c65a8f32f26cc51bc61646eba98ebd4fea5efc15d6233c1f156ecf288c,7f6745b1ab0b281aaf98fc5ca0101510c32672840df0c38f88395f7e94ecbf5e,"[""proposal_created"", ""proposal_committed"", ""v1_challenge_sampled"", ""audit_accepted"", ""committed_once""]"
5,trust_v1,1,A1,1,0,0,0,0,1,V1,60.47,0.0,0.1,145273093487367418057563070274460867906,360ed3ef8c039c13ec5a6e39ecec1ddb40d732cb6df60e6ae1e6b76ae835cc59,1,"{""0"": ""99afbeeff90a44d2e85902daa598b62ca3f1364825814dcdec69ae4a2dce5b64"", ""1"": ""ed95b7510bea6c9272851cf03c6ddd8f6b082755ec30c11e1d44383353606bee"", ""2"": ""5319dace42505745dc2491432ee853f142d27086e7257c3084fd9af1d43f0f28"", ""3"": ""e19628cdd6eca23a85535dcb25780ad5701b91da16930a6b39ff6673a6c2b455"", ""4"": ""85e61b442534b63508b5980cf0e5e3f0137e906d4f51834f2a6f220038781c99"", ""5"": ""074e71aac904ebfb5bd97916eb35990ac559c881fa84099a5ebff30d0cf234b9"", ""6"": ""53e78ccb75ded624949e5926917d64267e922319ee31d58a02ea3c7357f5dbc1"", ""7"": ""e8724c824c6b62082dc00ab0194ccd3d02d08a74e97467af519b34bc615521c1"", ""8"": ""a7d44b95ad4424eddcfdb7b88c1955209940cefe14d7c1b9121e17f6936e69c9"", ""9"": ""5d107d9e8dc8c7e456d683fef8b00d718476c2b387ec99f65fd94d262fd8167a""}",ba3e55b03d45453d58cc2cd92ef6e4a3306624853ae5e2d73b922898cf4cf406,1,0,1,0,1.6769232226997668,0.0,"{""0"": 0.75, ""1"": 0.75, ""2"": 0.75, ""3"": 0.75, ""4"": 0.24058491429613954, ""5"": 0.08390136075904178, ""6"": 0.011400429619332528, ""7"": 0.12296282695014905, ""8"": 0.23019372171639735, ""9"": 0.0701437305227612}","{""0"": 0.19951122495884052, ""1"": 0.19951122495884052, ""2"": 0.19951122495884052, ""3"": 0.19951122495884052, ""4"": 0.06399918794378728, ""5"": 0.022319017681000024, ""6"": 0.003032684904546774, ""7"": 0.032709952305634886, ""8"": 0.06123497519663051, ""9"": 0.01865928213303853}","[0, 1, 2, 3]",[],1,0,1,1,0.0,7f6745b1ab0b281aaf98fc5ca0101510c32672840df0c38f88395f7e94ecbf5e,dd8698fce578e80d8645c6fb23a49adb88212e28c1cc5de6c1e0b05b5ea2432e,"[""proposal_created"", ""proposal_committed"", ""v1_challenge_sampled"", ""audit_rejected"", ""recovery_recomputed"", ""recovery_audited"", ""recovery_verified"", ""committed_once""]"
6,trust_v1,1,A2,0,1,0,0,0,1,V1,64.62,3.922023031420033,0.1,62425377260957662938131074415682641740,d2d0a0e36924a79765e553df76cb3d69981e30366bcbd2019dfecc01edc0586a,1,"{""0"": ""d83f827e90f22c93918453af1da6ccea0d79a3af94d13a741e95dc3cfc0fc971"", ""1"": ""fb44c091c9b9d64738c2303114ae106e76baa2deb9da1dd18eaa32d3e238d4b3"", ""2"": ""a027c33d9585a38515321ab74d31f854b048f4e0cf4116fd3ed1220a871bb883"", ""3"": ""2d3c7d35ac1b2181e9937db34fb6a0d814a1a71bb4d84499c710af5738a8536f"", ""4"": ""fad37c23038820750ad323faa6fb07bf3e9463e9afbb7839abe79481ae596a1c"", ""5"": ""ac331508bfd2f0897473af397967d5a7c6655401f2bfa991105010f2b0e785b5"", ""6"": ""8c1ce64fbbcd052eb38862c6b79bd3da12dd1336b0bc16c4ec9139aaf7795399"", ""7"": ""7b1715c073a97bf6f5c974fd69399a7d0ad2faf845def19a5371b41bd0efe869"", ""8"": ""1fccddebb87832dee223532417d507f0b3c5421edfa3c89d19180dea4bde707b"", ""9"": ""50dfd44137f3e9e2b009874be4059d9014eb7cccfa319db831b0d8fcfabdcf76""}",5c64660ea67ca93533abbeca15d3de4d871f427b495807e2776940ce722b0945,1,0,1,0,1.4945592913643837,0.0,"{""0"": 7.290000000000008e-05, ""1"": 7.290000000000008e-05, ""2"": 0.005588044058193808, ""3"": 0.06651006078265975, ""4"": 0.2935051596128602, ""5"": 0.07704552792940225, ""6"": 0.003420128885799759, ""7"": 0.14789937035138587, ""8"": 0.2903878018389376, ""9"": 0.11549810654076091}","{""0"": 0.12503645, ""1"": 0.12503645, ""2"": 0.1277940220290969, ""3"": 0.15825503039132988, ""4"": 0.1467525798064301, ""5"": 0.038522763964701126, ""6"": 0.0017100644428998796, ""7"": 0.07394968517569293, ""8"": 0.1451939009194688, ""9"": 0.057749053270380456}","[0, 1, 2, 3]",[],1,0,1,1,0.0,dd8698fce578e80d8645c6fb23a49adb88212e28c1cc5de6c1e0b05b5ea2432e,69d6edb75e38b7e7117edecae52b2847f26281667b81bb170afcf9ae1cdaa5a4,"[""proposal_created"", ""proposal_committed"", ""v1_challenge_sampled"", ""audit_rejected"", ""recovery_recomputed"", ""recovery_audited"", ""recovery_verified"", ""committed_once""]"
7,trust_v1,0,none,0,0,0,0,1,0,,69.64,0.0,0.1,325794938711156365550835713470873871678,b5ef472dc0f5c3a637916e5946d62e09e060534fef2d5d686e2f643c2ca324ba,1,"{""0"": ""92167619b7a498018cddb9405dff2a68bc179247042175fd2aed11408f87a3cc"", ""1"": ""d36ea37be057e66ca18cd424e08255954941054983f80f4c858413fee2f9e11a"", ""2"": ""e9b908219014183518c166d5616fefced434406885e17af05c8bbf81af88eebf"", ""3"": ""90b79c8d2773ff04740007e07f354b5ad63fc4e787274f996added09ef48d78b"", ""4"": ""0fa79da9595a287fc3ff337f5c2d4e10f4c1ba72056fd80b5e6d2c534edaee3d"", ""5"": ""339b5f2ee94da57625f6d90c4f471523c92ec29e0a53cf7b5a7887518f856c73"", ""6"": ""8e1457eec9e4a3156c40b00229268cdb63c9e24d1d81c95ae89da242a808e7e9"", ""7"": ""30b697935692f67a9a930732e0eb122b2aac8a15de4dd1cf29da10f71dd4d182"", ""8"": ""23658d5d37a697f475f0cd1530b0cd6e497e7efb03a14f85b91d7f86280dbeb1"", ""9"": ""e03825bcb0a829f4aae839e2890ad3b1b1f427d431b5cb964fdee364013c9232""}",,0,0,0,0,0.0,0.0,"{""0"": 2.1870000000000026e-05, ""1"": 2.1870000000000026e-05, ""2"": 0.0016764132174581425, ""3"": 0.019953018234797927, ""4"": 0.2871303774263956, ""5"": 0.03986688339296805, ""6"": 0.001780697937938239, ""7"": 0.12962543819145755, ""8"": 0.28619517009421874, ""9"": 0.23372826150476575}","{""0"": 2.1870000000000026e-05, ""1"": 2.1870000000000026e-05, ""2"": 0.0016764132174581425, ""3"": 0.019953018234797927, ""4"": 0.2871303774263956, ""5"": 0.03986688339296805, ""6"": 0.001780697937938239, ""7"": 0.12962543819145755, ""8"": 0.28619517009421874, ""9"": 0.23372826150476575}",[],[],1,0,0,0,0.0,69d6edb75e38b7e7117edecae52b2847f26281667b81bb170afcf9ae1cdaa5a4,64ebbf4da946dd997253194514f2e2a119a551d78495d21071f4b48782498ded,"[""proposal_created"", ""proposal_committed"", ""v1_challenge_sampled"", ""audit_accepted"", ""committed_once""]"
8,trust_v1,1,A1,1,0,0,0,0,1,V1,71.84,0.0,0.1,164744023581657147724638470740918575206,e14af60171c1553f354b760197a70f8a39a7984eae5911353a29537a1228f806,1,"{""0"": ""9c46f70aef084a55b2b335dce55edae781d1cf8ff0e6733cf55f7000d65ebc01"", ""1"": ""b3aa678e8802bfc456b2687772991b592da116539c1710d8f0ac65d2a2e9d084"", ""2"": ""ed2551fd63d28f5362f1d68338950fcfdb0a4d4cee2c39053ba4ed439ca016c1"", ""3"": ""dd79ed206b64bee2139ed59f16cf38edceb9d3facf2a721a120d597ab78a0073"", ""4"": ""e03ecee0999956b13edfc4ab7a37f8d4ee0d2e10a53ef20cb89d55d1b3a299ab"", ""5"": ""6673a932af5ff26bd0c45a36b30136e737e5e84454ea18eca38c55b811f62b49"", ""6"": ""e4e6a2b92faabcb8b4a26994738c27d3e3a54a14e216cfa72830adf54770a6a0"", ""7"": ""f62734648c799469777a387cc48225fae99fb207dc66d805e49c0592d8bb463d"", ""8"": ""cdcee47e883807d7b8dd64f23ffda448881d550c51350a2c0459c11eaee594f5"", ""9"": ""be7cd18fd94e621ae885a61874a2097dacf5db940825fdfcbfccd58deabee4d1""}",b444b814f4d1afbf5724daecb529cf2888f34700f7303a8386817e56ef33757f,1,0,1,0,3.2748908789077187,0.0,"{""0"": 0.75, ""1"": 0.75, ""2"": 0.75, ""3"": 0.75, ""4"": 0.28688901881668194, ""5"": 0.08866911725799329, ""6"": 0.005477694597422501, ""7"": 0.2396375370462005, ""8"": 0.2866084566170289, ""9"": 0.08621622422899605}","{""0"": 0.1878052751946699, ""1"": 0.1878052751946699, ""2"": 0.1878052751946699, ""3"": 0.1878052751946699, ""4"": 0.07183902817226105, ""5"": 0.02220337062387451, ""6"": 0.001371653255068386, ""7"": 0.060006924789246116, ""8"": 0.07176877342410763, ""9"": 0.021589148956762626}","[0, 1, 2, 3]",[],1,0,1,1,0.0,64ebbf4da946dd997253194514f2e2a119a551d78495d21071f4b48782498ded,77ac1c7973a4474d384c9bba7c3063d7483fe8c97ee9321d59b1ecb9516593eb,"[""proposal_created"", ""proposal_committed"", ""v1_challenge_sampled"", ""audit_rejected"", ""recovery_recomputed"", ""recovery_audited"", ""recovery_verified"", ""committed_once""]"
9,trust_v1,1,A1,1,0,0,0,0,1,V1,64.84,0.0,0.1,318837527490438133456192617610752458409,bb893a7898ec4669ba42a17576794cb208b07f60a5df1fb1447a9c7592bab691,1,"{""0"": ""f1a96821baa56b86b8a61fe60da47daea74f87301b5da271a7f9372808d58ceb"", ""1"": ""e512b47ee73935ec0f22fba9053ef7dd2e07d3d457938735d1d4319059d9704b"", ""2"": ""a607b275bae652dccb2cde189ac2b0045cb2a81e2d9cf8dabaa6d1610fec4a06"", ""3"": ""3878bca539caf209541407916b4cf69b6c946160abb511cd368156abbd830c37"", ""4"": ""5297513d8362c463051956a8279c11aee1f5ccc2e52a806edadaa3bc8ab64659"", ""5"": ""f079072aa1d9323cc4ed12f12eeeb00d2507dc041d0b233d6a50ffa23a064410"", ""6"": ""1c95df8053bf21e01e0fdaef5f067852326f97d7ac9a1fc588f6a182c58237bb"", ""7"": ""d3fd0ca388d182935d2df1f6413c3e40dca956db7026ce2241a77fa9e2a45ac8"", ""8"": ""037c9ecba57ba28d082caf72a5f0a67625cf8df5cf5a159cb66729e60de5aa99"", ""9"": ""d4e4697e810f6ba9f2bc8a080724a534cec5a43499912ea74ad3ee75b0091c8a""}",9c01a79d606cda4775408ee80db5c116fa5bcc504fe2d87b672a2c3665feb902,1,0,1,0,2.0649002125037454,0.0,"{""0"": 0.75, ""1"": 0.75, ""2"": 0.75, ""3"": 0.75, ""4"": 0.15137284903448747, ""5"": 0.15867772382741718, ""6"": 0.019589564891979615, ""7"": 0.13066152191293803, ""8"": 0.29682868798449635, ""9"": 0.030072915918590588}","{""0"": 0.19803531730510604, ""1"": 0.19803531730510604, ""2"": 0.19803531730510604, ""3"": 0.19803531730510604, ""4"": 0.03996956025323019, ""5"": 0.04189839118321939, ""6"": 0.005172567599002864, ""7"": 0.034500794602128994, ""8"": 0.07837675121369073, ""9"": 0.007940665928303815}","[0, 1, 2, 3]",[],1,0,1,1,0.0,77ac1c7973a4474d384c9bba7c3063d7483fe8c97ee9321d59b1ecb9516593eb,d51f59e0f9b4b964605130e7ed0ee7b24cd2ad47e6e85b686940ed8756856172,"[""proposal_created"", ""proposal_committed"", ""v1_challenge_sampled"", ""audit_rejected"", ""recovery_recomputed"", ""recovery_audited"", ""recovery_verified"", ""committed_once""]"
10,trust_v1,1,A2,0,1,0,0,0,1,V1,43.2,2.688539459047201,0.1,313590417881723380113192021374999797540,893f34e51e658e2fe32a9abad71107d94360d9efa8533fc791ef840d4a0b2351,1,"{""0"": ""4dfd672216935c4c233cc469c408dbb16426bb896de1577dafb4c546a3ee7344"", ""1"": ""f195ad0f0ce9d3b6d15e0a1876685b873c4b59daff51854b27f188943e2b7716"", ""2"": ""023731dd1e7a61d9f5b1bdd9e34dd8b327bb978febe064b401f03be45a573cab"", ""3"": ""d0a8e85ec5c3d173059646d495754e59d118a9a23a7eb71d1040fed78877d039"", ""4"": ""0a566351acba28af439e5c4fd957c6d09b3304b13b7b01c1f39fa6f196da17da"", ""5"": ""70a3bea404ea434c6d931d03b13ce2d5a55fe6dad2277f47af8881fc04ccdaeb"", ""6"": ""8e9cfdc3ca6eef9c86ed05dd77b861de1a0bc5f2e6d11eedcd13c8782d8af082"", ""7"": ""a5c27f50959f0805435b4a1eeca6f9b68db76114f4151eb8f009bfc889ae1a1f"", ""8"": ""2ab13ccccf4b8024521fab2abdfc30d1c5ee0ae75c15e6675d17ab6bdba3db9e"", ""9"": ""ca666b8be9a012d91c205c617cd208383a9adf8eddf17518934bd562f704b465""}",fcacb91923b299668ad3470318f88501553901215497078e6e473424f939dcce,1,0,1,0,0.9548430955144283,0.0,"{""0"": 5.904900000000009e-07, ""1"": 5.904900000000009e-07, ""2"": 0.03436678160645953, ""3"": 0.344471933934774, ""4"": 0.09344074979898599, ""5"": 0.07374866587741312, ""6"": 0.005876869467593886, ""7"": 0.06934398002122932, ""8"": 0.36972796353796705, ""9"": 0.00902187477557718}","{""0"": 0.13119753780705665, ""1"": 0.13119753780705665, ""2"": 0.14923253384226232, ""3"": 0.2623944558489043, ""4"": 0.04903666939523709, ""5"": 0.03870248210497295, ""6"": 0.0030841159320886755, ""7"": 0.03639095180813552, ""8"": 0.1940291356093368, ""9"": 0.0047345798449490595}","[0, 1, 2, 3]",[],1,0,1,1,0.0,d51f59e0f9b4b964605130e7ed0ee7b24cd2ad47e6e85b686940ed8756856172,32258d5a429c61a15ec24db7585690131ba73771600558385ced5c840bda657a,"[""proposal_created"", ""proposal_committed"", ""v1_challenge_sampled"", ""audit_rejected"", ""recovery_recomputed"", ""recovery_audited"", ""recovery_verified"", ""committed_once""]"
11,trust_v1,1,A2,0,1,0,0,0,1,V1,59.85,0.41784128680271,0.1,109344832532466007347996725733255139849,63844e34786e4bf9c2bc82bdcfd26bc55bf5ffcbd906d5e66bf8759a0ada4016,1,"{""0"": ""3c38a6395c4962f0da2ca3472fa60ee8d84982f6f52534defed55c7a2b706e53"", ""1"": ""e37f4aa09609e92d1b2d8565d9b4b9c33e320caa37c9c243285637ca8a816853"", ""2"": ""5e9853be674d82fc3e6faffffc08a6a229c2d599d680639f87c9bd2afd5a6d58"", ""3"": ""f89c37ec3a69375ae3ea91f1f7e9d6214c4afab46e026da79e025bde9c71064f"", ""4"": ""aa5ecd7a5f68e9a713931a7e2a063c6faa274c82f80e89ae502c726de8452129"", ""5"": ""f600271676f2588bf42278d5fb633a5bf2363df33d979a08d1bc2c2ea335fa2d"", ""6"": ""fa812f42a873fd695009f31969e5406041346eafcd184b1f86bd5ab325152b46"", ""7"": ""0d81171e6e1bf7c7f724dfe4bf46c8d7d90674c2e73a52eb4d1e7a42e3f707c1"", ""8"": ""a472d22fa7470c942864eaf8932073fa9479cf9fe5998c406b21ee668c92a670"", ""9"": ""6ef9f17b9a93b45836599b875664ffc7653ca98db52cc9c2af49ece5ac33e8f2""}",d334829da49cb2b901a055e0d0924b3acea62fdf31272e906d0cf5d4318ed4a6,1,0,1,0,0.890692288786059,0.0,"{""0"": 1.7714700000000026e-07, ""1"": 1.7714700000000026e-07, ""2"": 0.06131202043882581, ""3"": 0.10334158018043219, ""4"": 0.25058029693797185, ""5"": 0.2446726717615, ""6"": 0.03300022298402967, ""7"": 0.09205647350201997, ""8"": 0.16774032459509294, ""9"": 0.04729605530612737}","{""0"": 0.1250000885735, ""1"": 0.1250000885735, ""2"": 0.15565601021941292, ""3"": 0.17667079009021608, ""4"": 0.12529014846898592, ""5"": 0.12233633588075, ""6"": 0.016500111492014836, ""7"": 0.046028236751009984, ""8"": 0.08387016229754647, ""9"": 0.023648027653063685}","[0, 1, 2, 3]",[],1,0,1,1,0.0,32258d5a429c61a15ec24db7585690131ba73771600558385ced5c840bda657a,8ea7a277ce9046ea9000e04f24b53af8594074b5b435ba8950e966560ccbdcbc,"[""proposal_created"", ""proposal_committed"", ""v1_challenge_sampled"", ""audit_rejected"", ""recovery_recomputed"", ""recovery_audited"", ""recovery_verified"", ""committed_once""]"
12,trust_v1,1,A2,0,1,0,0,0,1,V1,69.6,4.899296084629506,0.1,297292921192425549566306603768996849830,5991f91a3824be053496efa5b8b92ebd0e493a4f8f91e81fef71c9e9ec63a2ab,1,"{""0"": ""9b081ab71f06965283a097cd637df6cb17807f2155d5377667132053d6db5638"", ""1"": ""fae1e739d732aa3f8ad6b4fe4d0b16127e75b9d5b9a77f1f596fd209175d585c"", ""2"": ""f825d0e4f5e84d8dd7d22f4ca2c156b7cfb55570dd82f91577b585f394ff3fd7"", ""3"": ""da27afe6e3689839fc235ccd15d120e06f003029785732f0151991292dcd2997"", ""4"": ""ab7f74e7722b9db7f5dddf1ea2c24af304e62e2a54bc3e5c00cbbe14c58f2a17"", ""5"": ""5a04f7abbaa8f386e081c10e078adaa2efb86cbf001b3b8074e96edbc69944fd"", ""6"": ""5e748f13078f081b77dac00bd857fac3821238f570a410ea1e2f5a99d078b7e5"", ""7"": ""70e3fc4caec10b0fc86300abc51500e7bdb0fa6f46790e4eb98e80dccd92d747"", ""8"": ""47e6f29fafe7cd2ba9eae6816a6440f2a23f8ba31f92ede58341068c16c03d89"", ""9"": ""cbabaa26bb2c0e52f560251d8e1e4b4dead72f6fa3850e4389da0f2be6e7db01""}",6e21c914bf4ef105904125511de5519ff704edb6066ef60e05cf4e6ce1426636,1,0,1,0,1.844092648616797,0.0,"{""0"": 5.314410000000009e-08, ""1"": 5.314410000000009e-08, ""2"": 0.018393606131647745, ""3"": 0.03100247405412966, ""4"": 0.2877794400563345, ""5"": 0.12516851729152464, ""6"": 0.009900066895208903, ""7"": 0.03803417336270261, ""8"": 0.2629274483534708, ""9"": 0.22679416756678114}","{""0"": 0.12500002657205003, ""1"": 0.12500002657205003, ""2"": 0.1341968030658239, ""3"": 0.14050123702706485, ""4"": 0.14388972002816727, ""5"": 0.06258425864576234, ""6"": 0.004950033447604452, ""7"": 0.019017086681351308, ""8"": 0.13146372417673544, ""9"": 0.11339708378339058}","[0, 1, 2, 3]",[],1,0,1,1,0.0,8ea7a277ce9046ea9000e04f24b53af8594074b5b435ba8950e966560ccbdcbc,ef4ded7856c2c4e7f70ebfae2db4d9cbb4edd488f2c34a84f76827f75daa0b7e,"[""proposal_created"", ""proposal_committed"", ""v1_challenge_sampled"", ""audit_rejected"", ""recovery_recomputed"", ""recovery_audited"", ""recovery_verified"", ""committed_once""]"
13,trust_v1,0,none,0,0,0,0,1,0,,74.17,0.0,0.1,97344677282932544173949340982205599332,26473109a2fa40d2e4f693c4957d3c62d6fc7ed7197600d3e423fe391b197d22,1,"{""0"": ""546c03de72a2ace7231d92bbe2cbcdc3b9c63ab5185b842b94dc832c87dc0b78"", ""1"": ""4fac760ec63ae200707483d06345211a17ed5cad25cd791c756fb8b710a56867"", ""2"": ""f62e71c0418404ce1bab6991f646da69cdd4f3fda23a5cf4c4c8867e62047421"", ""3"": ""edd84b4d6ca9f1f811404e1016d242daeecd3f6957c0a8f5c48ac7428b3ed01c"", ""4"": ""3d7dca3c96105c67325f8ba7a79ed7374e9876f89c0f03b37dfa107b9e3cfe33"", ""5"": ""66e1a8f559ec66f4bce22b4c67c2683cc3d39c030570ed716b6daa3fa8f9cf57"", ""6"": ""d28b2731ebeffed04da2d98a0e8fcd8a31cd49af64e740c545a088ccd59a9352"", ""7"": ""28b7d859e932f5ce6111910f0f1c007eafb4355d2f777dec3571ad93341cb9d9"", ""8"": ""132e2fbf6c9af1d7f1e25be061a4bb65c644d6411c646aa219cf7f285f60fc3f"", ""9"": ""c7a0d274f33dfdc562c4d7f083a832e1d8f21060b7a5893edbc5554969360da1""}",,0,0,0,0,0.0,0.0,"{""0"": 1.594323000000003e-08, ""1"": 1.594323000000003e-08, ""2"": 0.005518081839494324, ""3"": 0.009300742216238899, ""4"": 0.23707698671607574, ""5"": 0.037550555187457396, ""6"": 0.002970020068562671, ""7"": 0.011410252008810785, ""8"": 0.5043916731054061, ""9"": 0.19178165697149407}","{""0"": 1.594323000000003e-08, ""1"": 1.594323000000003e-08, ""2"": 0.005518081839494324, ""3"": 0.009300742216238899, ""4"": 0.23707698671607574, ""5"": 0.037550555187457396, ""6"": 0.002970020068562671, ""7"": 0.011410252008810785, ""8"": 0.5043916731054061, ""9"": 0.19178165697149407}",[],[],1,0,0,0,0.0,ef4ded7856c2c4e7f70ebfae2db4d9cbb4edd488f2c34a84f76827f75daa0b7e,35e407bb553a82414bfa1d09f5b5dbcbd21ae9ac27bad93d860f702f9dc5d7a8,"[""proposal_created"", ""proposal_committed"", ""v1_challenge_sampled"", ""audit_accepted"", ""committed_once""]"
14,trust_v1,1,A2,0,1,0,0,0,1,V1,71.13,1.2912237987041997,0.1,4418617467437157780149930137356328982,15aec51fcc2aada5226b4169be4ce5454b9f5f6b3f7f2aacd269718b7c2512d6,1,"{""0"": ""36b366063defa94b3c576fcb8293845b196e73cfced04e4cd79cb0bf06bf28ac"", ""1"": ""601fb875a50b147bc1359acb77b5fba17c705b560c4863f4453cd22d755c8a55"", ""2"": ""c3d2d697400412a9b2a36983e905a361bdc4fed774c564590d9fe26822e0653b"", ""3"": ""45f2106bd85b02a0add4100cf489abc507e074a7b3713fee427ecced0a862933"", ""4"": ""752306b3b239520c4cbb9d9e71cb45774961ff3b448f7c4ce8bc6ec2da4bec91"", ""5"": ""b7d08781925476d917c553d3204508277a7064e895cd8e94eb2c381c843e50e0"", ""6"": ""2826c78c3a2b2eba07eff5aef371e13f810e8bc59ae6c2b90537f4f1537f392c"", ""7"": ""e4c8f0de2d919024d8a3689d95ea0ed4e7cc914e17d9efb92628151a11c78981"", ""8"": ""75183b0941221c44731c2a206827f32392de252f47d6b2ef23ba783c0ffa3a70"", ""9"": ""8172418bf836e92d789c51d2fc03af6c8a4ec74b088dd8207875a57456036a3f""}",c85d7a472ae7857bba546540c1e308dd08af5df3ecac052eafb4dcb4a3a28fa5,1,0,1,0,2.3336610459172804,0.0,"{""0"": 4.78296900000001e-09, ""1"": 4.78296900000001e-09, ""2"": 0.0016554245518482975, ""3"": 0.00279022266487167, ""4"": 0.1285725106708586, ""5"": 0.015318880253566612, ""6"": 0.0008910060205688014, ""7"": 0.016917540684331024, ""8"": 0.7603477997350915, ""9"": 0.07350660585292551}","{""0"": 0.12500000239148448, ""1"": 0.12500000239148448, ""2"": 0.12582771227592413, ""3"": 0.1263951113324358, ""4"": 0.06428625533542928, ""5"": 0.007659440126783304, ""6"": 0.0004455030102844006, ""7"": 0.00845877034216551, ""8"": 0.38017389986754563, ""9"": 0.03675330292646275}","[0, 1, 2, 3]",[],1,0,1,1,0.0,35e407bb553a82414bfa1d09f5b5dbcbd21ae9ac27bad93d860f702f9dc5d7a8,1dd06f2ce03c25352a6dc7bf7b1e3206445c04494d32755210490ff9fb73a76d,"[""proposal_created"", ""proposal_committed"", ""v1_challenge_sampled"", ""audit_rejected"", ""recovery_recomputed"", ""recovery_audited"", ""recovery_verified"", ""committed_once""]"
15,trust_v1,1,A1,1,0,0,0,0,1,V1,76.36,0.0,0.1,142305185690170893616879382012682738957,72e5862e8b4cb45ca62ac3eb365b8806edf78bb23190e2004a9fc9d76e7eeaa8,1,"{""0"": ""19f03a8169537637295d260b9e06279166a6587ef87e0b379cadf9e73e7ca7c2"", ""1"": ""416a64e16b747719898c4c81647074386fa7ebb81d8bb395eb32861d48e4f9ad"", ""2"": ""1cf9c468a9d8e155aa23636e0fa8f105644e75347b1c067cec1a76bca6094ea6"", ""3"": ""d271f4014d7fe2ab2701b30ad5d17843b4e560cc4233ca90140b1bf2d364ab69"", ""4"": ""4036e012c815784f830b849c226371c2417a8ef9d27c8a508a0bcc12db4c3a5b"", ""5"": ""61aa25fc04609e5babdcc71fe9c84e523147ef507d7972d096094a4584b0ca5c"", ""6"": ""71021a83bfeeb3b437b5267e3246fc96b29cb8a66c536913c5ce8fceb1ec2d05"", ""7"": ""0304ae752b9aa9a204267f0dc0bc17007b1b4670d78514064e8216e0dc7d6e80"", ""8"": ""10c72271ee553beb9deda98452ab2e60e14b21b17fb6237252b24a6668bd1f2b"", ""9"": ""e60dd5740054173cd56b876aac875bcdd6f8f1e4c27d818beb12110768a911a7""}",2eff311339bb35c786c8caf88388cd021d7c89380dcf0c4f760beab3d6ef30f5,1,0,1,0,3.585077525690633,0.0,"{""0"": 0.75, ""1"": 0.75, ""2"": 0.75, ""3"": 0.75, ""4"": 0.22495185637525855, ""5"": 0.012574434804815389, ""6"": 0.0002673018061706405, ""7"": 0.19145536537930027, ""8"": 0.4144844430945285, ""9"": 0.1549329015051294}","{""0"": 0.18756253790015912, ""1"": 0.18756253790015912, ""2"": 0.18756253790015912, ""3"": 0.18756253790015912, ""4"": 0.05625672144946078, ""5"": 0.0031446572062016885, ""6"": 6.684774020088232e-05, ""7"": 0.04787980563352509, ""8"": 0.10365567208925845, ""9"": 0.038746144280716606}","[0, 1, 2, 3]",[],1,0,1,1,0.0,1dd06f2ce03c25352a6dc7bf7b1e3206445c04494d32755210490ff9fb73a76d,d84248c188601bec8fda77002595c36eaf078de83a3d909f3d0c38e3043c8b45,"[""proposal_created"", ""proposal_committed"", ""v1_challenge_sampled"", ""audit_rejected"", ""recovery_recomputed"", ""recovery_audited"", ""recovery_verified"", ""committed_once""]"
16,trust_v1,0,none,0,0,0,0,1,0,,76.23,0.0,0.1,204681741943156204731500978468693735955,bc5d842c6645d41232384402d5fea196d2f2856659845a9e9dec669585155368,1,"{""0"": ""30280e5c9d8d514c6103537ea1fa67c0bd55edc91120a69fa207eae44bbc8d1d"", ""1"": ""4066c17817d61b4d4a6be595550f8afb6ff294c401df79679372d705228a5f30"", ""2"": ""d06cc179df4080ca98ac6ff934590b7a5d97b62af325c6af9be520085bee1fa4"", ""3"": ""e2c42a7060be2d502ca646a3a2b07820dd781aa1d23a46fd69c6871c75b6b314"", ""4"": ""ae648d63da7a6f19e06dbc8537ee674c46b27bc8752368598ffa8af58e1b0444"", ""5"": ""74757e741822977dddbee59c5863081f0a03debc6fe12a71c8590227b59c77da"", ""6"": ""156a276b094297993aefff924847b9dc9dfca9667599879c169b84026819492e"", ""7"": ""d3ecbd0984d85f02393ded5ccd7cd178a62285c8f37ac022540b8b1eb71c1bfe"", ""8"": ""4fd4f17431f6ee5af13e776d8660ce2ca48145243d7c78cf25f404c85a5e4a13"", ""9"": ""d076bcc71f4f6984798e37e5b4aeb81004befbca4939852e639b0b69fc669bc4""}",,0,0,0,0,0.0,0.0,"{""0"": 4.304672100000011e-10, ""1"": 4.304672100000011e-10, ""2"": 0.00014898820966634683, ""3"": 0.00025112003983845043, ""4"": 0.2758388608895005, ""5"": 0.03106049188653288, ""6"": 8.019054185119216e-05, ""7"": 0.265789913590713, ""8"": 0.17199725955250145, ""9"": 0.25483317442846176}","{""0"": 4.304672100000011e-10, ""1"": 4.304672100000011e-10, ""2"": 0.00014898820966634683, ""3"": 0.00025112003983845043, ""4"": 0.2758388608895005, ""5"": 0.03106049188653288, ""6"": 8.019054185119216e-05, ""7"": 0.265789913590713, ""8"": 0.17199725955250145, ""9"": 0.25483317442846176}",[],[],1,0,0,0,0.0,d84248c188601bec8fda77002595c36eaf078de83a3d909f3d0c38e3043c8b45,f6dcf2cbec851e68fd3107b58a5beda8815f0c8024c35ceb5a389530e5dc45d4,"[""proposal_created"", ""proposal_committed"", ""v1_challenge_sampled"", ""audit_accepted"", ""committed_once""]"
17,trust_v1,1,A2,0,1,0,0,0,1,V1,75.39,1.4801514394437754,0.1,197449600565270004724152678859834032683,c99f4f03dde49783eb74d7730c442d27ac6bbd2b0a3696d985a614dba627cbbc,1,"{""0"": ""19643a80bacb3eee0c789b81fc9e7d0981d1a7326b2b392d7e3ccc77ad9ae1e4"", ""1"": ""1a95d0dbc87169ebf9476e7530f558f00ef087615d29d28b4272ec51d30d3356"", ""2"": ""f1677784ce39d584ef84704ff63b22982272f3117908678159dfa7e9ed01cb2b"", ""3"": ""52562fbc4ce168517df38440ef255471373761345e365a9a873433d0efea2e0e"", ""4"": ""e1629f734448be79ace9b48bb893759710209c7b07e7d3f2bc95fae1a2369962"", ""5"": ""b9341c364e6aaf99e47d2464159be10aa50e8e96abfebfea810543e1818f3808"", ""6"": ""06304017513ef28d781d7fe3d55a0055c0116dc2038f9e2b6556ad36716575b1"", ""7"": ""a5a3fc8efec86d1742ad32bb3d318b5998d5f452bf5ebaf454ad0b3fe43b2f70"", ""8"": ""e6edcc7f92daf95608216665ddbe649568f1c122e00ca50b28843cf34cbc4032"", ""9"": ""30c2c06f8c7b658068087c72df63169b89ef6b62900b4af63cb7da6a439981f1""}",853bf00ac10d46bf94a287846e2a0943a45491e85f259242ddf5501d28533f81,1,0,1,0,2.530984817360715,0.0,"{""0"": 1.2914016300000036e-10, ""1"": 1.2914016300000036e-10, ""2"": 4.4696462899904064e-05, ""3"": 7.533601195153515e-05, ""4"": 0.12151345658725775, ""5"": 0.21412335640778155, ""6"": 0.0005761374414854631, ""7"": 0.2845421829190356, ""8"": 0.2564043867075721, ""9"": 0.1227204472037358}","{""0"": 0.1250000000645701, ""1"": 0.1250000000645701, ""2"": 0.12502234823144998, ""3"": 0.1250376680059758, ""4"": 0.06075672829362888, ""5"": 0.10706167820389079, ""6"": 0.0002880687207427316, ""7"": 0.14227109145951783, ""8"": 0.12820219335378608, ""9"": 0.06136022360186791}","[0, 1, 2, 3]",[],1,0,1,1,0.0,f6dcf2cbec851e68fd3107b58a5beda8815f0c8024c35ceb5a389530e5dc45d4,b4d8b454318e10d776cfb369e02de8a19e9c4a1954f995c34d8dc1db574d2ea8,"[""proposal_created"", ""proposal_committed"", ""v1_challenge_sampled"", ""audit_rejected"", ""recovery_recomputed"", ""recovery_audited"", ""recovery_verified"", ""committed_once""]"
18,trust_v1,0,none,0,0,0,0,1,0,,76.38,0.0,0.1,180115940028591301351831199941791786884,40ee019a5a44f95b597967c9108e362acef4f404138e33e772aa9a1c101cdabe,1,"{""0"": ""b5db7d06781905270d46404108a68c593462cd47153c42f723b1c72135f56cb2"", ""1"": ""bb437e02723d14890bff651ef0a8213b1daf5b6028a5ec233bb60666f8af8fc2"", ""2"": ""f944fb816d20d025f2a4561b6c3d5893d476e13e3ea2e1dd91ef5cd62ef7eca1"", ""3"": ""a7d701d3ff08244bdbbe09eb3f3984f3e9d68239addd6e3f96b35b6dc7e5e0be"", ""4"": ""0e8c4f2cc1964c1e03b92e07f77c9fc91a611ba4eadf5f3b60a1fe9b6435abb1"", ""5"": ""c5557cff924b845d8e3b9d71d4972c638a67138e8fd96aff5cff70394a96f217"", ""6"": ""70a58015fb9cc4bb014f9d0c53265e01b49b6b9530823b1e09f84fe6acd1d2be"", ""7"": ""16261ed0d468d544c55eeb97c41b3d9a9cd43895f396cb808a6359105232bc7b"", ""8"": ""5f7adb8b3220ee3072cd567d53edcb7675348ba43cd3419644094e644d693ac6"", ""9"": ""ff9095404eeb385c956b027f3b2a7485f85d0b20ff77a5705e7fe80e4514f073""}",,0,0,0,0,0.0,0.0,"{""0"": 3.874204890000011e-11, ""1"": 3.874204890000011e-11, ""2"": 1.3408938869971218e-05, ""3"": 2.2600803585460544e-05, ""4"": 0.11158099248309532, ""5"": 0.2552364716994447, ""6"": 0.0022399565420326813, ""7"": 0.2763621196528209, ""8"": 0.26792078078938186, ""9"": 0.08662366901328485}","{""0"": 3.874204890000011e-11, ""1"": 3.874204890000011e-11, ""2"": 1.3408938869971218e-05, ""3"": 2.2600803585460544e-05, ""4"": 0.11158099248309532, ""5"": 0.2552364716994447, ""6"": 0.0022399565420326813, ""7"": 0.2763621196528209, ""8"": 0.26792078078938186, ""9"": 0.08662366901328485}",[],[],1,0,0,0,0.0,b4d8b454318e10d776cfb369e02de8a19e9c4a1954f995c34d8dc1db574d2ea8,ae279342b2ab7595422fdd34012ec69ab0a14ebd68e2f1a482f8ff10ef2136fd,"[""proposal_created"", ""proposal_committed"", ""v1_challenge_sampled"", ""audit_accepted"", ""committed_once""]"
19,trust_v1,0,none,0,0,0,0,1,0,,78.03,0.0,0.1,269995565336236223617395046058501767131,bc4aaef65950d62467792c95ad8a2f56a4fb5db7bca4ec5646db3bf043883aea,1,"{""0"": ""f8b70914ebb4ba4810cd6d445f7e5376a0f860140f7af655f2907fc604c2ee71"", ""1"": ""1421c10d4c44006c5465b7b41a9593e5b48bad30ea6e875635395b23ac375a6c"", ""2"": ""9d2279c7b19416957b25f05c7290b5480a539a14fb0401e9d82c4355c5a41693"", ""3"": ""c6f106a81c96755938db7be72f9a286200eb2f2cdc156e04b6157235e91d925a"", ""4"": ""f0aa0599b57ce320a255f3c8e0bf1abee216a30422cae4198321f7fe6a9cbd97"", ""5"": ""918ae514d956680a458e533b598a9c0ff7bddfa69e2fcda81225d73f4aec8b95"", ""6"": ""d419939a1deb6e028b1950a5bf05c08726e8bc61cf93d8ba6ade15ef21c48cea"", ""7"": ""287f426683fc3149c43e74d4051cb7fad2fb234fcec416c40e7db101e36f8b97"", ""8"": ""46c19646df933186b94a2183204beef96144fc0d3ee801a9c072c1c130a8f96a"", ""9"": ""0207f580b0794bcf7995348b4e61a959a1240383a9b112038a811f0d102591b7""}",,0,0,0,0,0.0,0.0,"{""0"": 1.1622614670000035e-11, ""1"": 1.1622614670000035e-11, ""2"": 4.022681660991367e-06, ""3"": 0.04135373910957632, ""4"": 0.16631490232432836, ""5"": 0.09304582315628894, ""6"": 0.0006719869626098047, ""7"": 0.2905432452670634, ""8"": 0.28887739806074403, ""9"": 0.11918888241448299}","{""0"": 1.1622614670000035e-11, ""1"": 1.1622614670000035e-11, ""2"": 4.022681660991367e-06, ""3"": 0.04135373910957632, ""4"": 0.16631490232432836, ""5"": 0.09304582315628894, ""6"": 0.0006719869626098047, ""7"": 0.2905432452670634, ""8"": 0.28887739806074403, ""9"": 0.11918888241448299}",[],[],1,0,0,0,0.0,ae279342b2ab7595422fdd34012ec69ab0a14ebd68e2f1a482f8ff10ef2136fd,9dbe6b54452b39f83f94cc879cde86d2e3c73ad5214e2e329358101a9f9e76c8,"[""proposal_created"", ""proposal_committed"", ""v1_challenge_sampled"", ""audit_accepted"", ""committed_once""]"
20,trust_v1,1,A2,0,1,0,0,0,1,V1,77.32,1.015387261503994,0.1,90171744711726148614807962507609733212,6e55767f3d56eabcd6f670b5883583c5068bf43fe0334f3068da29bc98ba026a,1,"{""0"": ""b8284153c68777d370be092164a53e2e0c4a738c893184633ec513afd87b369b"", ""1"": ""e8531a6928fc702523a06f5e9a3e5ae51481acacbaf1c7c52ed9673193714cac"", ""2"": ""e258498e892f70f4c2c439fb3bbc5662245d94a36262c2694ac62efc28ac924c"", ""3"": ""ba4a3f156afbd28a5bc6f059f396d2d02adf9e2a027eb4eb0389091ce4641800"", ""4"": ""9527f639903b042d4d67c04af5daed906ec4b6f75d12773acde4450ad84e9a54"", ""5"": ""a8686a9b1202aeb100ca427a128761ab113c7677c4a59bb091bb1b1d3b8b2fca"", ""6"": ""d7eefcacdc1cd6e35441d28793e3b5a349007d257688781ae1f0050c1e62c502"", ""7"": ""5298e66b663dd636d66a9f3f77b17dce78017c7887d22362562f506d9230f029"", ""8"": ""f4ada2542e70c381795f24a754a339d1fe67c47846076b14d475b724604a523e"", ""9"": ""f7cf97f20f41e392c27f593000ac1ac7b8c28314e808c12afd062c8c42360a84""}",bfd0599ae5494719278b40d3e14948e9626a9ee04443b9b750358111e4a848de,1,0,1,0,2.1863310236435094,0.0,"{""0"": 3.4867844010000112e-12, ""1"": 3.4867844010000112e-12, ""2"": 0.008370486334886079, ""3"": 0.04329911549900366, ""4"": 0.21066134103265632, ""5"": 0.06912839234396335, ""6"": 0.00020159608878294146, ""7"": 0.11179663607339131, ""8"": 0.3037244936571106, ""9"": 0.2528179389632323}","{""0"": 0.12500000000174338, ""1"": 0.12500000000174338, ""2"": 0.12918524316744304, ""3"": 0.14664955774950184, ""4"": 0.10533067051632816, ""5"": 0.03456419617198168, ""6"": 0.00010079804439147073, ""7"": 0.055898318036695656, ""8"": 0.1518622468285553, ""9"": 0.12640896948161615}","[0, 1, 2, 3]",[],1,0,1,1,0.0,9dbe6b54452b39f83f94cc879cde86d2e3c73ad5214e2e329358101a9f9e76c8,6cb24a46bc3114dfa659944f915fd5734c8c68bc0322b19212254268d52c9795,"[""proposal_created"", ""proposal_committed"", ""v1_challenge_sampled"", ""audit_rejected"", ""recovery_recomputed"", ""recovery_audited"", ""recovery_verified"", ""committed_once""]"
21,trust_v1,1,A1,1,0,0,0,0,1,V1,77.16,0.0,0.1,287586618884968585685157620523427627192,e64d55bd098cffaceeacd44ddc4c6152d416ab98b6d5296cd8325755226cfa98,1,"{""0"": ""b3a77bcc9a4d7d02bd04f6e1dcf39ae7fa8d3e5e285a69b2d86a6b54c2453089"", ""1"": ""6f065e9e69b9d00d6659fdef7f788cb507b02e7a8a3c747e7af326384600f560"", ""2"": ""c9b736bd1ad87aed5686f26e1c45b7e3ef8b165df10ee8ae37e054d57431ed0a"", ""3"": ""42ed15b1cf90fd4fba22322b8d726de72d4d29d2efa5db6187e3bab1dc4d860d"", ""4"": ""82b766db3ba37aefc74c4bb27df4839fa65c9eeeab21ea4c50a202b108d1a232"", ""5"": ""5836b91f471188764efe91458d2cd94955e48939c936a44457b74e384170bc89"", ""6"": ""30445ce0b20da195bfcb1d5be67cdd58c04da6a2122efed74498018acd9171e3"", ""7"": ""7e655fcdd3d99c2daf014d70a5e4af801a956879e839093ef2fdafe7629d0481"", ""8"": ""e5f99b9887ec91348807115656387e3bf84916ec871fe820de53d54cb2ab0823"", ""9"": ""7a6af32a3b5ad5dca8d8cc2abe2814f99b6f6631ada7e3019a4d21db46ca2fc5""}",a65dbc0248b35c338386f2933585b7e6b0993137008f618a9c37c6be971c4e09,1,0,1,0,3.8807906735764983,0.0,"{""0"": 0.75, ""1"": 0.75, ""2"": 0.75, ""3"": 0.75, ""4"": 0.17183844710742174, ""5"": 0.0230851684245569, ""6"": 6.0478826634882445e-05, ""7"": 0.10661192002723777, ""8"": 0.5359942757669275, ""9"": 0.1469088292949623}","{""0"": 0.18822943047957086, ""1"": 0.18822943047957086, ""2"": 0.18822943047957086, ""3"": 0.18822943047957086, ""4"": 0.04312673737803181, ""5"": 0.005793744140105757, ""6"": 1.5178526791408832e-05, ""7"": 0.026756667985414026, ""8"": 0.13451986302389174, ""9"": 0.036870087027481666}","[0, 1, 2, 3]",[],1,0,1,1,0.0,6cb24a46bc3114dfa659944f915fd5734c8c68bc0322b19212254268d52c9795,bc8d6045988ba0d8326c0ffe6590ed7c80e15210de650031e1427b502603b220,"[""proposal_created"", ""proposal_committed"", ""v1_challenge_sampled"", ""audit_rejected"", ""recovery_recomputed"", ""recovery_audited"", ""recovery_verified"", ""committed_once""]"
22,trust_v1,1,A2,0,1,0,0,0,1,V1,76.91,1.0751524636027014,0.1,212673594618188910694546899008715624020,60c995f0ea1df4933229114f5ee5355aba817c56c62335d86cb2c028860c58a0,1,"{""0"": ""50f8a3f3b7c18777bcc9e14c2c63c60e3cdc47229c71cda97029ef65c476051e"", ""1"": ""013d8543cdb14535ecd5178fdc7031a2b440daf6250e2fb759b8c5ef80d67a8b"", ""2"": ""ffdbe8848d044179afbc7ff4a9ae2ca061b96aa12d523f45cd32b118c8156a2a"", ""3"": ""4f93208e011cf8da2f9888f3b65652022e873869940d02a881141d3530598d78"", ""4"": ""dfb6958f38c2dbef1624dea5023c9e6f1b773d4e09f0d2cfd529677370959386"", ""5"": ""fb9ce3eea35f6eeb7b72ea1272ef8f864bdcfc6e658bec6bcf060c4faada27a7"", ""6"": ""ff7fa2cea596b8f6520a0650bac494ccb63ba2682a73a92a1fc24674f2bc3a09"", ""7"": ""5b5d5d222f5107f3f130fab6811845222096d08ac85359f0ed411592ab54d8e2"", ""8"": ""ba877d39b4113dcbbd29656aa56b445998bb837a7a415efe5c46cf35c0cb35ea"", ""9"": ""3ad5c957ca8e2234b5a3fca89b64e08403b8b581208e830ee1cf1a6c7b59fe61""}",34be39a94eb27c615959b52b35f533e825eeba1af7f6a17be641b472f8322e73,1,0,1,0,2.7451518434856315,0.0,"{""0"": 3.1381059609000105e-13, ""1"": 3.1381059609000105e-13, ""2"": 0.0007533437701397471, ""3"": 0.0038969203949103296, ""4"": 0.2999918296245299, ""5"": 0.03233572081870052, ""6"": 1.814364799046473e-05, ""7"": 0.03390712899431079, ""8"": 0.567958553767489, ""9"": 0.061138358981301544}","{""0"": 0.12500000000015693, ""1"": 0.12500000000015693, ""2"": 0.1253766718850699, ""3"": 0.1269484601974552, ""4"": 0.14999591481226499, ""5"": 0.016167860409350265, ""6"": 9.071823995232367e-06, ""7"": 0.016953564497155398, ""8"": 0.2839792768837446, ""9"": 0.030569179490650775}","[0, 1, 2, 3]",[],1,0,1,1,0.0,bc8d6045988ba0d8326c0ffe6590ed7c80e15210de650031e1427b502603b220,046220dfdf394d8c53daddf516b1610bc516ffe75c0b5e2afa674d331a1231fd,"[""proposal_created"", ""proposal_committed"", ""v1_challenge_sampled"", ""audit_rejected"", ""recovery_recomputed"", ""recovery_audited"", ""recovery_verified"", ""committed_once""]"
23,trust_v1,1,A2,0,1,0,0,0,1,V1,72.53,3.171586943216252,0.1,162606026767688291546650982860843707361,37ce4b669302415b719fa507e8e2f47dac447bb0a2302bc4569117f39efe182a,1,"{""0"": ""9c26bea965cf3cdefdeef2295cfaf9fbb29a1d811407002f829ccb995bede154"", ""1"": ""21709b2e64c59c11e58f8a3b2d4111e80e04268e0c70a0c4fb4acec3812c987a"", ""2"": ""456a6f6a65e741ddf22c094c7701abda573f69e69e05eef89c8afed052a2801e"", ""3"": ""2cfc7dce4d2dfcff1686646ee6559c258abcf235408fe035f1d337914932e586"", ""4"": ""a94cf35833e489f2f75dcb80edff8cd1ed8d3bca765929f011cdd0a0be40d42d"", ""5"": ""c6b21d9d07ee1ca5aca5a1e019044fabbb77983ac7ccf36d2f5fa994b7de51ec"", ""6"": ""4a76b8498051319ec78c746b56b0736aa4c08cc295384003837987ae89dff9c7"", ""7"": ""ad535319559a2ad7cfcbb828f59657866cddb3ea52f62eab88df6f05336e4eb2"", ""8"": ""af879c943a8b4e11e8cdc43a55c73f0cd833a3e3621e7c4cf4de0253dd82beaa"", ""9"": ""d45fe53fdd384459f07b6366e4f0ef20c3d272a76797331e74dd63c591c4eff3""}",ffe92925a3085238d85d5b6a99965348fd23099a05989f164aac0f2d6bf8c6a8,1,0,1,0,2.198295260190222,0.0,"{""0"": 9.414317882700033e-14, ""1"": 9.414317882700033e-14, ""2"": 0.00022600313104192415, ""3"": 0.001169076118473099, ""4"": 0.32944623835477527, ""5"": 0.20647763047537632, ""6"": 0.000600146160559513, ""7"": 0.015350516365108001, ""8"": 0.18894019223267106, ""9"": 0.25779019716180673}","{""0"": 0.12500000000004705, ""1"": 0.12500000000004705, ""2"": 0.12511300156552094, ""3"": 0.12558453805923653, ""4"": 0.1647231191773876, ""5"": 0.10323881523768813, ""6"": 0.00030007308027975646, ""7"": 0.007675258182553999, ""8"": 0.0944700961163355, ""9"": 0.12889509858090334}","[0, 1, 2, 3]",[],1,0,1,1,0.0,046220dfdf394d8c53daddf516b1610bc516ffe75c0b5e2afa674d331a1231fd,e78ab79582f95f8a64203e9a49c09531a55168f5b54a9bd49f75f76de532daa8,"[""proposal_created"", ""proposal_committed"", ""v1_challenge_sampled"", ""audit_rejected"", ""recovery_recomputed"", ""recovery_audited"", ""recovery_verified"", ""committed_once""]"
24,trust_v1,0,none,0,0,0,0,1,0,,78.2,0.0,0.1,320105181551781141724217427443133583826,5eb2f18f0807a75a3fb689fb66bfabd78e3da13453cfffe7044cd66b68ce2ae3,1,"{""0"": ""fd1124d7cb9145e445307d71e645021a7119a298db66cacb1a4df7801e8838ac"", ""1"": ""af014867dffd636b90f3467eca89cada94fe6bcc79d9c69808601eb0835c377d"", ""2"": ""524c92b3d593ddee7e1349db296ff59950a285c20d92b5b65e62367780990e4a"", ""3"": ""b5f2780fd3d3ae3b2c39700ff3a3898edb63d7d8d25f5a7caa9b6fa4ba42959e"", ""4"": ""c6cf1e9b17f1e2ff4f261195aea74022d7466cafdc155aeaea75be49940740c3"", ""5"": ""61aa17c162072b7566ff6f7f6a82e31d409669961c6e8729ee716cd77172c6aa"", ""6"": ""d7767fc19279440de486e2e0dfee1e50913e3654af6e35e93ddecbc0af9cf38f"", ""7"": ""6b158ecb119ea54f735eb868d94721dd17c18bac97253f16276a3f41c75a5960"", ""8"": ""aba10b8953c0e1f588e307b267b7e5efb8fcad34c5450087583afcb548c79bdb"", ""9"": ""fbcbe251f678e21ca16bb801b2025e9538bc331cf66af38b22ed06506332dcbb""}",,0,0,0,0,0.0,0.0,"{""0"": 2.8242953648100105e-14, ""1"": 2.8242953648100105e-14, ""2"": 6.780093931257726e-05, ""3"": 0.00035072283554192973, ""4"": 0.10030643318403666, ""5"": 0.08109885513455631, ""6"": 0.012645303671698615, ""7"": 0.30463988664783087, ""8"": 0.42355393843842454, ""9"": 0.07733705914854203}","{""0"": 2.8242953648100105e-14, ""1"": 2.8242953648100105e-14, ""2"": 6.780093931257726e-05, ""3"": 0.00035072283554192973, ""4"": 0.10030643318403666, ""5"": 0.08109885513455631, ""6"": 0.012645303671698615, ""7"": 0.30463988664783087, ""8"": 0.42355393843842454, ""9"": 0.07733705914854203}",[],[],1,0,0,0,0.0,e78ab79582f95f8a64203e9a49c09531a55168f5b54a9bd49f75f76de532daa8,b715bdd30da232600db82df854983baeb914c97b70a12681f07196279cd02ec9,"[""proposal_created"", ""proposal_committed"", ""v1_challenge_sampled"", ""audit_accepted"", ""committed_once""]"
25,trust_v1,0,none,0,0,0,0,1,0,,77.75,0.0,0.1,3328829282643357787797820773286203119,f701c180643d87a7064d698c80a9925b3a984bec8c2ce07444fd930a29d4531b,1,"{""0"": ""276a39fde7f72316902813c07fe1b10925cf94493423fb361743524e91d904c4"", ""1"": ""e7490d6c805d86ec9bef9fa81fa2ac069cc3b0350d070bb60a9c29f1f8fa2374"", ""2"": ""5b642978047525bd98e9934b29782f9639a0ee231d31dae413d35093b8b0a4bb"", ""3"": ""001ec4c3db299825e39328e58d10c4e6f0bec8c656b0d194a3ba71a3c611d5a2"", ""4"": ""f4c1ea735c82081577e740606ce5803158dcafbc2e76894b897a1b694fc59db1"", ""5"": ""2f66322e4b267335a3ea3bdbfe17fc6f4b7ca7831811fc6fb4e02416be339d8b"", ""6"": ""07625aef92682ad23482892ad28333537bbef49a32ea7ea15a0a2d1d06096847"", ""7"": ""ebc66b43780975b71dbe5b50661f2b59af57ff52cda9c304895b0ffb5eefbf08"", ""8"": ""7947fa495cdafd4ad248507ab0d3f27a02a2bbaf580266e28fde4ea7fe6bf5e1"", ""9"": ""102a64bf92d0286cb28ba6d99c34a17857411dbc232ac8e5fc92e9ddc584f937""}",,0,0,0,0,0.0,0.0,"{""0"": 8.472886094430033e-15, ""1"": 8.472886094430033e-15, ""2"": 2.034028179377318e-05, ""3"": 0.00010521685066257894, ""4"": 0.030091929955211004, ""5"": 0.024329656540366895, ""6"": 0.0037935911015095853, ""7"": 0.5227810547139691, ""8"": 0.3956770928119075, ""9"": 0.02320111774456261}","{""0"": 8.472886094430033e-15, ""1"": 8.472886094430033e-15, ""2"": 2.034028179377318e-05, ""3"": 0.00010521685066257894, ""4"": 0.030091929955211004, ""5"": 0.024329656540366895, ""6"": 0.0037935911015095853, ""7"": 0.5227810547139691, ""8"": 0.3956770928119075, ""9"": 0.02320111774456261}",[],[],1,0,0,0,0.0,b715bdd30da232600db82df854983baeb914c97b70a12681f07196279cd02ec9,42772cdd390c018f9def53be4d028f466ac3e569e3386c608ec962a3fa9810db,"[""proposal_created"", ""proposal_committed"", ""v1_challenge_sampled"", ""audit_accepted"", ""committed_once""]"
26,trust_v1,1,A1,1,0,0,0,0,1,V1,78.15,0.0,0.1,263927100900421890425727784528774995589,2fa17a9def16601a8cdb1fbbbe8a398ac0e0cb63dda3dac56b6f7852ca329a66,1,"{""0"": ""19fa138905ad77fcb135e34ef45a7ed94035d88e76e4e0df7d39b94e49a317c8"", ""1"": ""255b5e6ae5bc2a5586c95d8cf2d778dc0ca675ff4fdce0129df94099338ffe49"", ""2"": ""c68deebd61b42ee03e0d6ac0267384c98369f35713f5888db1de67ede1211f71"", ""3"": ""cada2485c61cfee6fe8bbcce5e152f444a7829ae0ca404f22992598614ca2773"", ""4"": ""7d85c7a90513e4aaa0a8956adb3a357a25e7a6d12f24f39d479976aea939564d"", ""5"": ""66c1ef2647e158d377b0bf5b26da3cff8d4fcc53355d4946a55d3bf4adfd32d9"", ""6"": ""3b56ea34492523e8a7be396fd29fbea3bb0409d3f759c4322151b1b258333221"", ""7"": ""9b9b14e2cdee53326bf07450f7361aa71459ccfa21d81808487d209de3822597"", ""8"": ""6eee47f377c82708e697491b4da8760a2ed16c0e41a19834439a09ae549193e3"", ""9"": ""784334c67dce622193b5002dd24da584b74febb33c8ed74ba4a6019128b5c0be""}",84a36419ef2cfc25f573d31a144c5055f11a5b57b0ac1dd6ab064a6fc120471b,1,0,1,0,2.64733322594221,0.0,"{""0"": 0.75, ""1"": 0.75, ""2"": 0.75, ""3"": 0.75, ""4"": 0.11394068255533579, ""5"": 0.24192613101090457, ""6"": 0.02807879184114527, ""7"": 0.15683431641419074, ""8"": 0.20384333855084857, ""9"": 0.2415875693721633}","{""0"": 0.18814860328098987, ""1"": 0.18814860328098987, ""2"": 0.18814860328098987, ""3"": 0.18814860328098987, ""4"": 0.02858370703955877, ""5"": 0.06069075152916729, ""6"": 0.007043980622305515, ""7"": 0.039344210106478414, ""8"": 0.05113711924863482, ""9"": 0.06060581832989569}","[0, 1, 2, 3]",[],1,0,1,1,0.0,42772cdd390c018f9def53be4d028f466ac3e569e3386c608ec962a3fa9810db,9a05ec1402aab55c776fd1cc617f537c1d7a98a48fb4e3f4a2d83849f155bc99,"[""proposal_created"", ""proposal_committed"", ""v1_challenge_sampled"", ""audit_rejected"", ""recovery_recomputed"", ""recovery_audited"", ""recovery_verified"", ""committed_once""]"
27,trust_v1,1,A2,0,1,0,0,0,1,V1,81.24,0.5037967163842372,0.1,305917942477973868654537614077129140484,4a2c2104ac227c7b15de32fe10815f4319658f107b079c3ecc0082907da1495c,1,"{""0"": ""157f932a1445bd06bf04e4587d364a4d5c6baf50ea9668f8e8ec162a5698f34e"", ""1"": ""a39ff967e0da33ab659d57241fc728cb802d0a99b85aeaa7c6f8b014cf92a29a"", ""2"": ""30dac2644520bec49504c540d65435ac8cb0e040a96ffe8265926958699af6e8"", ""3"": ""008a8db76a7e975f6ddafc59e14d19f1f9b1adbba96093ee880b0ddb16983dcf"", ""4"": ""9a5378886297982c748f7e4b96b85954d916631bb808039ee0aef6938e6848d7"", ""5"": ""700c88c1b324047b790c6f155800811cacdad2f723d1abb525e2518b81d9d25b"", ""6"": ""2e8323f48ff913e44e1ea9613bd72ac321c2f817b0eefa5c40ae27b6fe9746f6"", ""7"": ""7dff02923c097f9babd5833a73bbc119c55235bd1b1c68b275ea5801b5041bfb"", ""8"": ""22a9db91eeb6052f00649c52bee6dcfd67b50d5725c2c8b19d8fa3d05be7ea90"", ""9"": ""4e0eb2184030a0c7bb963851f6f8ddb45231621c64c84f5c448b00b65d7d6640""}",2cdf133ebf2583f0b1998183308ba8576c1be3aa56294cbd3851243522085f45,1,0,1,0,2.8711978586457607,0.0,"{""0"": 7.625597484987032e-16, ""1"": 7.625597484987032e-16, ""2"": 1.8306253614395867e-06, ""3"": 0.004134920451260551, ""4"": 0.20918220476660074, ""5"": 0.07257783930327139, ""6"": 0.008423637552343582, ""7"": 0.2220502949242572, ""8"": 0.23615300156525457, ""9"": 0.247476270811649}","{""0"": 0.12500000000000036, ""1"": 0.12500000000000036, ""2"": 0.1250009153126807, ""3"": 0.12706746022563026, ""4"": 0.10459110238330034, ""5"": 0.036288919651635686, ""6"": 0.00421181877617179, ""7"": 0.11102514746212858, ""8"": 0.11807650078262726, ""9"": 0.12373813540582447}","[0, 1, 2, 3]",[],1,0,1,1,0.0,9a05ec1402aab55c776fd1cc617f537c1d7a98a48fb4e3f4a2d83849f155bc99,5bdb8d754989caffe8bf33526d67c0f730ddd579431ca57128949f6999e59c97,"[""proposal_created"", ""proposal_committed"", ""v1_challenge_sampled"", ""audit_rejected"", ""recovery_recomputed"", ""recovery_audited"", ""recovery_verified"", ""committed_once""]"
28,trust_v1,0,none,0,0,0,0,1,0,,78.39,0.0,0.1,271435810653363389873146620380913811118,768fd2e5fbd59bdb09e89b876147bc21652fa93c7646cec92116045d816ea99e,1,"{""0"": ""41146a7af7c82190674624415bc6debc428014c6ec747c3844b0462ca8e0fd00"", ""1"": ""e2a93298ae66971d623b6040beb9e8be354749b00bd94d12eb5100c4418ff514"", ""2"": ""220878ae7fc0f0ece286d01fafb327c727280c13ce81599cebf9bc79b7d3267e"", ""3"": ""22340e4078cddc71bed18ccac92645ad19bc7b1af27af94e30bae6b6529d93ab"", ""4"": ""dcebc681732452b21db1b15109f672e4a0dc4b70b490bd31d5cb06cf4af7e6e7"", ""5"": ""e159d994ed05855e5ab0dc574ffde18466e39891462ce58b5ba457261b50f041"", ""6"": ""d5a154c5cf12bc0e2c7a3840323c1cd483685a811ce3c40162742dbd83ce864a"", ""7"": ""b2f5faceaed50304edd73b3465823989bf0d917e12e191b81263ff1b5a582e73"", ""8"": ""8c20198a2ce3d9159435dc77efc2fa43de6f7223727ede967046656e8809d1d2"", ""9"": ""2f97fd49dd99b452014312fe90cfeb3db6de130e45290fb3d91c11ed00e949b3""}",,0,0,0,0,0.0,0.0,"{""0"": 2.2876792454961096e-16, ""1"": 2.2876792454961096e-16, ""2"": 5.49187608431876e-07, ""3"": 0.0012404761353781652, ""4"": 0.06275466142998022, ""5"": 0.021773351790981416, ""6"": 0.0025270912657030745, ""7"": 0.3168683644472177, ""8"": 0.5205926244996357, ""9"": 0.0742428812434947}","{""0"": 2.2876792454961096e-16, ""1"": 2.2876792454961096e-16, ""2"": 5.49187608431876e-07, ""3"": 0.0012404761353781652, ""4"": 0.06275466142998022, ""5"": 0.021773351790981416, ""6"": 0.0025270912657030745, ""7"": 0.3168683644472177, ""8"": 0.5205926244996357, ""9"": 0.0742428812434947}",[],[],1,0,0,0,0.0,5bdb8d754989caffe8bf33526d67c0f730ddd579431ca57128949f6999e59c97,dfd5c54bd72af9d6267d009dbd1f1c4b7d28761707061b02ec33e6246ac5ece1,"[""proposal_created"", ""proposal_committed"", ""v1_challenge_sampled"", ""audit_accepted"", ""committed_once""]"
29,trust_v1,1,A2,0,0,0,0,1,0,,67.37,0.040183758566922266,0.1,162950790790283850724819334204002052269,fab5751ead95a8683a86a3d031725886a6bf9426bf7c4d2d4dfe7401a8010497,1,"{""0"": ""b148f693bb8d613f86cda60ce32a14024240870d75ccb454b11f7acf86ef15c7"", ""1"": ""2c0e02bc7acc676434222c1251fb39a5172bb9eb6c55fbb512ae1dd5d87a832d"", ""2"": ""c23661368478055e3158cf6080d2c1ee15c2a06b1a061166ff8a986c93aafab0"", ""3"": ""ed6a97c0307a1ebb9bdbafbcf6e5a376bfc252c8551887772f2955e9cdc0695c"", ""4"": ""19b030d83e9a45c422813ff26598979f48040e8cadc70f04addaacaecb897a72"", ""5"": ""7196401f4d196c1d2042a401866e36375ad4ebfc3e0c28e9147297c11e1775a9"", ""6"": ""ae6e55f295b483a348043fc54ff9214d3b786b34663b50a0423a0e7f766a2bdf"", ""7"": ""c11b95154c9bdd74bd23a585b4285146bd6b9bb2c4506a3bf3a61472f05ec1ec"", ""8"": ""efc03bedf4e18c8b28dfdd764b79b388871fc4d8f88117628b4a25df2a58e5c2"", ""9"": ""00dfa73265ab6bbc8ba7278725870e5551d6ac9d4977b820a7e5604b5f507109""}",,0,0,0,0,1.844994357942495,1.844994357942495,"{""0"": 6.86303773648833e-17, ""1"": 6.86303773648833e-17, ""2"": 1.6475628252956282e-07, ""3"": 0.0003721428406134496, ""4"": 0.052539180243860215, ""5"": 0.30999205762878723, ""6"": 0.004525028896485491, ""7"": 0.1412410337180853, ""8"": 0.16559747545134446, ""9"": 0.3257329164645412}","{""0"": 0.12500000000000003, ""1"": 0.12500000000000003, ""2"": 0.12500008237814125, ""3"": 0.12518607142030672, ""4"": 0.026269590121930107, ""5"": 0.15499602881439362, ""6"": 0.0022625144482427456, ""7"": 0.07062051685904265, ""8"": 0.08279873772567223, ""9"": 0.1628664582322706}","[0, 1, 2, 3]",[],1,0,0,0,0.0,dfd5c54bd72af9d6267d009dbd1f1c4b7d28761707061b02ec33e6246ac5ece1,19eb9d2083c9d12e6aaac5e11e957f341b11bdeba157191d78a9299e40c0d135,"[""proposal_created"", ""proposal_committed"", ""v1_challenge_sampled"", ""audit_accepted"", ""committed_once""]"
30,trust_v1,0,none,0,0,0,0,1,0,,79.65,0.0,0.1,103644061752353980323291768773088959030,2f9ae5dfa6629c5406cf31b8f8bedecb85e0cdcefcd80cf5449030ce9285a1df,1,"{""0"": ""68410aefe6da9aa616a2b25868f0a24116fc19c3cdec7f169a51dcae77082395"", ""1"": ""db52d59d6e3c499b8c47b9a07e4ff1949ff391279208a9f146de6823705c5f2e"", ""2"": ""f0956a29e87224e2a4c7627ebe826ebcd1d4934445e57658fe4c3fc4234d6028"", ""3"": ""63adc56a7702e36d0d45b8d13037e0f4629a38012b94389721a17dfd80104075"", ""4"": ""70fd165490c010c69f2a56c67ab8f0e323d21384bd11a33905d6dc2af04d308e"", ""5"": ""faf9b253b745ab223dfd14cb69b532db18d752f6b05a9a751afd2a7a62ec51f2"", ""6"": ""b694de16465ebdf053f4dc9ca7c06ac070d0a42c9b0c5511ade112051c2a32be"", ""7"": ""6edb7bd0670a3eb2c9331a13444dacd171c611802a140bc154e0bbad69721fbd"", ""8"": ""78bf5898347ffb59fc7f80cb8771e6bb5d8f574ecec8669e94b4c448bfe92e33"", ""9"": ""1eb5b5b5ba7585efbf20c3d124ca1cfa50860bc2a3e186fb8860ee94b91b20e6""}",,0,0,0,0,0.0,0.0,"{""0"": 2.0589113209464997e-17, ""1"": 2.0589113209464997e-17, ""2"": 4.942688475886886e-08, ""3"": 0.00011164285218403491, ""4"": 0.20129837609022586, ""5"": 0.27853423930570403, ""6"": 0.06129021679263157, ""7"": 0.11700529606200767, ""8"": 0.23521586465247116, ""9"": 0.10654431481789099}","{""0"": 2.0589113209464997e-17, ""1"": 2.0589113209464997e-17, ""2"": 4.942688475886886e-08, ""3"": 0.00011164285218403491, ""4"": 0.20129837609022586, ""5"": 0.27853423930570403, ""6"": 0.06129021679263157, ""7"": 0.11700529606200767, ""8"": 0.23521586465247116, ""9"": 0.10654431481789099}",[],[],1,0,0,0,0.0,19eb9d2083c9d12e6aaac5e11e957f341b11bdeba157191d78a9299e40c0d135,e981f1ef6ad391ada88e274909e403be711296447d50fd66a108b4d5facdf5b1,"[""proposal_created"", ""proposal_committed"", ""v1_challenge_sampled"", ""audit_accepted"", ""committed_once""]"
31,trust_v1,1,A2,0,1,0,0,0,1,V1,80.59,10.170070580614517,0.1,163224825259663991220173090570843173369,ec3c994dd8b397fea0ecf5b0c76696ba824fb3815799aaceed819c9eda63cf72,1,"{""0"": ""5e1cd55d91d2d3d66d545335f30ea35e69fbd4403ba38f8e9ad0f04a26c0cfeb"", ""1"": ""31c5a41c432d19196b69037bbb783997ee2d9b815f8365346ea246e9462f33ec"", ""2"": ""4b121036832f6c969611602b1285346d8d1b428e1c5b72678cf74eb12415a55c"", ""3"": ""4f688be2bd1625fc982d2997040d62084931ce62fab83e6942ccc512ba6b2eff"", ""4"": ""a0cd1e8897a495238b7051ff00bf510dbe157db4f14779127f9118b4e269f7c1"", ""5"": ""a60beb4a8756f2065d49a557ee43156f019a660425c9dc94a9ffdb3af2994a96"", ""6"": ""07f19419f19c0cb975da81602d49a06af8497b72ac48f582365e5ffe80753b22"", ""7"": ""71bcf179c07cef91bca470b4873560dbfa0f12050a518b0e4a04361d58a06396"", ""8"": ""88d9512fe75923efaaf22f17eb7312d504ccc971217bf6e070a65167e48bb4c0"", ""9"": ""499bcc9be98ca8a1b4884edfad47442188a7b97cd284b47ff317f49a76a66a90""}",ecd7f5b906f3485138d00d12b40b8142297f71887dfec5a7e693be71c19eee50,1,0,1,0,2.2926452252933496,0.0,"{""0"": 6.1767339628395e-18, ""1"": 6.1767339628395e-18, ""2"": 1.482806542766066e-08, ""3"": 3.349285565521048e-05, ""4"": 0.19214864239638518, ""5"": 0.08356027179171122, ""6"": 0.018387065037789474, ""7"": 0.32029088002665107, ""8"": 0.35361633861837516, ""9"": 0.0319632944453673}","{""0"": 0.125, ""1"": 0.125, ""2"": 0.12500000741403272, ""3"": 0.12501674642782762, ""4"": 0.09607432119819259, ""5"": 0.04178013589585561, ""6"": 0.009193532518894737, ""7"": 0.16014544001332554, ""8"": 0.17680816930918758, ""9"": 0.01598164722268365}","[0, 1, 2, 3]",[],1,0,1,1,0.0,e981f1ef6ad391ada88e274909e403be711296447d50fd66a108b4d5facdf5b1,b7c652c528ebe9cd4104b59bad9277882fd274a8e5b11ea33f73130886c7bc34,"[""proposal_created"", ""proposal_committed"", ""v1_challenge_sampled"", ""audit_rejected"", ""recovery_recomputed"", ""recovery_audited"", ""recovery_verified"", ""committed_once""]"
32,trust_v1,0,none,0,0,0,0,1,0,,74.44,0.0,0.1,323363332898189181351506382862496270229,6914183fe28ab58add5840a86d93b70cd1c613ad6b0a5cd7e21110756ad14e96,1,"{""0"": ""cd9be8993e3306e2d149fed7cfccaa57546aedfaec597febe6d64ada3f1abbf1"", ""1"": ""b6354add2f2141a0b5178957cec03e226c148c1d5f41dd31a3146b52124252b6"", ""2"": ""7fbd09d0a0ca3a955c95bfae9230e97e816ad589078b8eaee7b0f20b84c552bd"", ""3"": ""59ae1faeee48b1bc76076549bdea9b696342f43831ebded748fc2fdb307c6289"", ""4"": ""440b18710a8ac6d82f9fe5df10f46cf209d4b9a2dd72d727a7aa51e8a4da436a"", ""5"": ""bc13f35c917e0c9945c3cfb416d6d4130cb35af4f67f061915e83dfd76d12363"", ""6"": ""5ef5b09175cd3a8d65b7f0aa28fb587f37f6f94e46b6cb336956f93420387db6"", ""7"": ""5a67827af06eea40dc8605b99ecec7b8e7addd45164860b62c8baa6896ea43c0"", ""8"": ""5df953b3746ecbc0193ccbffb7525b236a21626777b399fd509173d74bcd0f0a"", ""9"": ""ad7379763d03f5e392a6847eea7b47d86b22c5761c2bbfb0a3a81bd96f54ea5c""}",,0,0,0,0,0.0,0.0,"{""0"": 1.8530201888518504e-18, ""1"": 1.8530201888518504e-18, ""2"": 4.448419628298199e-09, ""3"": 1.0047856696563145e-05, ""4"": 0.3667209311867955, ""5"": 0.10122311006818258, ""6"": 0.005516119511336843, ""7"": 0.09608726400799533, ""8"": 0.11177719611908349, ""9"": 0.3186653268014901}","{""0"": 1.8530201888518504e-18, ""1"": 1.8530201888518504e-18, ""2"": 4.448419628298199e-09, ""3"": 1.0047856696563145e-05, ""4"": 0.3667209311867955, ""5"": 0.10122311006818258, ""6"": 0.005516119511336843, ""7"": 0.09608726400799533, ""8"": 0.11177719611908349, ""9"": 0.3186653268014901}",[],[],1,0,0,0,0.0,b7c652c528ebe9cd4104b59bad9277882fd274a8e5b11ea33f73130886c7bc34,e536a71e86c09690aa91e5d3009cf926a10188d6f8f1501d032ea0f72b7cd9dc,"[""proposal_created"", ""proposal_committed"", ""v1_challenge_sampled"", ""audit_accepted"", ""committed_once""]"
33,trust_v1,0,none,0,0,0,0,1,0,,81.28,0.0,0.1,44446577932019928691078294539270421992,2bead61c1c32def2bf386041b6cc2afd1fa0b03c48ec1ec97b1f12661ea8e2f4,1,"{""0"": ""e604920bdb3fe391ec8ad51e17d8c048dd6cba051f71113a6f15bce3fa6ab84d"", ""1"": ""b6aa5b1384d05c56ec2b7dfb74192885cfd95099ea41bcd76110830837ddd4c6"", ""2"": ""935dd9e2ae72cf2088734d1f6f5fba144247b52147af8587d773a2ee8d57ac5b"", ""3"": ""0cbc090e4edc4f9965999fcbf7e95f0c3c15af70eb95e415a9a5d6cfe0f507c7"", ""4"": ""48d0a7b6a9895918c63837203b4d7f4a574c13280098fa0ea7869c14600b34b6"", ""5"": ""3db46cfe4526ef020f15752ef2507d8aad04cc51de6ea427f6c5f6eb86ec784d"", ""6"": ""4cf93600a25936c561a502218aa81273af22925e9851925b22d380d8f73c42d7"", ""7"": ""f3ec4b762518be0f1e9a73a2080d627d18fc45ab9025ba628d63ae58e90e2a55"", ""8"": ""f84fda25f8857f573509f515644adc003a744d3ac5cb4d97f5296f7e8a0dafd1"", ""9"": ""01c7ce1fa4296d74be36ebd351f8e6b42edc90d410626ca9bfd47ed40f52f833""}",,0,0,0,0,0.0,0.0,"{""0"": 5.559060566555553e-19, ""1"": 5.559060566555553e-19, ""2"": 1.33452588848946e-09, ""3"": 3.0143570089689445e-06, ""4"": 0.11001627935603868, ""5"": 0.07205758979956199, ""6"": 0.003360312461510664, ""7"": 0.3571281125087902, ""8"": 0.3618350921421166, ""9"": 0.09559959804044707}","{""0"": 5.559060566555553e-19, ""1"": 5.559060566555553e-19, ""2"": 1.33452588848946e-09, ""3"": 3.0143570089689445e-06, ""4"": 0.11001627935603868, ""5"": 0.07205758979956199, ""6"": 0.003360312461510664, ""7"": 0.3571281125087902, ""8"": 0.3618350921421166, ""9"": 0.09559959804044707}",[],[],1,0,0,0,0.0,e536a71e86c09690aa91e5d3009cf926a10188d6f8f1501d032ea0f72b7cd9dc,ae8f559902fd44266e45b38d5c2019ed9339939bea52b47bf26a7cd1f5b25081,"[""proposal_created"", ""proposal_committed"", ""v1_challenge_sampled"", ""audit_accepted"", ""committed_once""]"
34,trust_v1,1,A2,0,1,0,0,0,1,V1,72.53,3.4439971798746774,0.1,288228180474427053452399388763295540458,aaa5666f66bd392d3484eb6c3ceb793369c0acd35486ff10f3252561774fe5a9,1,"{""0"": ""d0eee8ee16e0990e7c88da81ef6cf43d2a7053758b1bbf95bc9ee4893ca76178"", ""1"": ""b5fda013be02a951055c85f210366b6987309fb1041d107848bf9b4ee3e23101"", ""2"": ""d6ae510f02157c7579475413c06967b287e82b5748bbd43dc515df0683228099"", ""3"": ""e82aff178c38e5bfa861aeaf8a97e60ff062460bd525390efb4980501389c366"", ""4"": ""358e34b419fb07e23fde390e3db2dc66975913505bd2ff118cc7adfcf6e74021"", ""5"": ""50e5c43f12a337fcdbd084e279e990ab4cdfb13349e30a84f6b12a1e5aeeb81d"", ""6"": ""0377d3b326200f3af94b59df4945b77881f4e1bd4ab708e18150bb8f1f758727"", ""7"": ""ba965ba3e321ded3d8b513870f53d6c7e4ab68e4b9ad2804f105cff4f022de86"", ""8"": ""ec9546c0e8bdf3c724294361627108e27b12ed069a28f2653446d03cf6104785"", ""9"": ""76feb74640df3680793405b200ae55f74fc05a537dda524621c162b62ce7871f""}",b613f4d8a53a38b99f2577e377eb3ca5dfbf8dfb5f728a12b2a3d15387df3c1c,1,0,1,0,1.6810212640835351,0.0,"{""0"": 1.667718169966666e-19, ""1"": 1.667718169966666e-19, ""2"": 4.003577665468381e-10, ""3"": 9.043071026906835e-07, ""4"": 0.049657656260925505, ""5"": 0.5941101798818693, ""6"": 0.002262769675402551, ""7"": 0.10713843375263707, ""8"": 0.10855052764263501, ""9"": 0.13827952807907007}","{""0"": 0.125, ""1"": 0.125, ""2"": 0.12500000020017887, ""3"": 0.12500045215355135, ""4"": 0.024828828130462752, ""5"": 0.29705508994093466, ""6"": 0.0011313848377012756, ""7"": 0.053569216876318534, ""8"": 0.054275263821317504, ""9"": 0.06913976403953503}","[0, 1, 2, 3]",[],1,0,1,1,0.0,ae8f559902fd44266e45b38d5c2019ed9339939bea52b47bf26a7cd1f5b25081,16246634ad97b770e9bccebe7c7cf13bf1b4f664c133b3c473ddef2bf0f4f8ed,"[""proposal_created"", ""proposal_committed"", ""v1_challenge_sampled"", ""audit_rejected"", ""recovery_recomputed"", ""recovery_audited"", ""recovery_verified"", ""committed_once""]"
35,trust_v1,0,none,0,0,0,0,1,0,,79.57,0.0,0.1,1158108727373731728290723901826043594,588ab7748dbb28be60f8ae836055c6fd5424a430a71df4735d0a2de1c8f70fd2,1,"{""0"": ""d793b7fb93ff0851db1b2fac17bd5116a5ae7d1cb1a5ead0e5438ccec20ef1f9"", ""1"": ""5618af1a3e4e71f19bc0347d33671f7fcc76a7e7d6e5e893d3018d541efdc9ef"", ""2"": ""22b78daa6a1e1268656d0434ff609b84e6aa36c482e37b485608cd7d15aacb7b"", ""3"": ""ff1caf774404bcf443775b905258827f2ade1c65123610999fab8ee5a0df87fc"", ""4"": ""91d7c3361cdab4a62947f15e243548af463dbe62d58a2b32073f8a946f87198b"", ""5"": ""34cb17458c7fde70ba5458ed4dc30c93dba1d58282b750b7410a4cedfde1b058"", ""6"": ""cb44aef45ae4b7e2ece7984f590cd80015af30f25c0b71cfcd34d9845db5dd6c"", ""7"": ""3a5615b32a97a54037c8a9f365433bfffa6f3fd77bb64f48b9a3ed3498d617b1"", ""8"": ""9d29aaefc20e20d5ee0f931a4869cb11eaee50d1bb041d8728f291dda1952c2e"", ""9"": ""67fd99dab8a15726701067de2cb93b46e6877c07a4b3e9e5a56c5d0a99d48793""}",,0,0,0,0,0.0,0.0,"{""0"": 5.003154509899999e-20, ""1"": 5.003154509899999e-20, ""2"": 1.2010732996405144e-10, ""3"": 2.712921308072051e-07, ""4"": 0.04397229409093273, ""5"": 0.17823305396456082, ""6"": 0.0006788309026207654, ""7"": 0.366538225248999, ""8"": 0.36696185341599835, ""9"": 0.04361547096465024}","{""0"": 5.003154509899999e-20, ""1"": 5.003154509899999e-20, ""2"": 1.2010732996405144e-10, ""3"": 2.712921308072051e-07, ""4"": 0.04397229409093273, ""5"": 0.17823305396456082, ""6"": 0.0006788309026207654, ""7"": 0.366538225248999, ""8"": 0.36696185341599835, ""9"": 0.04361547096465024}",[],[],1,0,0,0,0.0,16246634ad97b770e9bccebe7c7cf13bf1b4f664c133b3c473ddef2bf0f4f8ed,2fbb3565e573ef759d9a42d464e454a4d3b9bd028f6fcb3455b75dfe0608351c,"[""proposal_created"", ""proposal_committed"", ""v1_challenge_sampled"", ""audit_accepted"", ""committed_once""]"
36,trust_v1,1,A2,0,1,0,0,0,1,V1,73.84,8.016201702843539,0.1,100927179287192085229429681149982421670,8f3b19786babf7f120736501c5c13c8a245005fe32702ac90370ec575ac5d865,1,"{""0"": ""a2c94f363a47aec618c68496bdce37563bbc05e7aa4d6cd0a6aa75b399d500e3"", ""1"": ""5c52858f32ee306281e2028917e208d87454ad93ae98aba39ec718e6f470e3bc"", ""2"": ""e70e794e0ae9b03079e8928ee7b611a3f640f3fd204e05dad3997f4b4c612d36"", ""3"": ""b52aa9ec2a17e4cfe9ee79931a6bf12aecc63379e2a3780a519e49bc00e9fbb3"", ""4"": ""9b488b2df37b8b02bfd0cb44205369b5d7d70a6e2a8bc121be6a2256b397f3bb"", ""5"": ""3f82a5f7548d6bdf92e4e2b6b3006c58fee7cf1f974bfa1a993de56b33ee0e2f"", ""6"": ""c09a6cf05f3b1e33e35b72a2ae1ae3dcd7bf4881b7f865112476f7a268dd745c"", ""7"": ""149d5e535b3b6e8a59867e9f012055c2358ef830ec8becfda6e7b995565dfe47"", ""8"": ""373e6e98e76938b3bca21e14aa93e87cf0c6cd762dd9fca032c1a881e8919827"", ""9"": ""a57258112a92bceeac652aa7fc93a34eb3b1857de1aa09c18f6e1bc00584bb55""}",f5a2f46fa05fa6451459b6390e0161dd63fa6840dac291523a79f535dd7b2186,1,0,1,0,1.6379411945933535,0.0,"{""0"": 1.50094635297e-20, ""1"": 1.50094635297e-20, ""2"": 0.014920559779219335, ""3"": 8.138763924216153e-08, ""4"": 0.33556516526171876, ""5"": 0.053469916189368256, ""6"": 0.00020364927078622965, ""7"": 0.10996146757469971, ""8"": 0.15042104221273453, ""9"": 0.335458118323834}","{""0"": 0.125, ""1"": 0.125, ""2"": 0.13246027988960968, ""3"": 0.12500004069381962, ""4"": 0.16778258263085938, ""5"": 0.026734958094684128, ""6"": 0.00010182463539311482, ""7"": 0.054980733787349856, ""8"": 0.07521052110636726, ""9"": 0.167729059161917}","[0, 1, 2, 3]",[],1,0,1,1,0.0,2fbb3565e573ef759d9a42d464e454a4d3b9bd028f6fcb3455b75dfe0608351c,3ccfadd806904fd82ccaba5e25651e3ad2a0f0d85b5cb943425468572c117592,"[""proposal_created"", ""proposal_committed"", ""v1_challenge_sampled"", ""audit_rejected"", ""recovery_recomputed"", ""recovery_audited"", ""recovery_verified"", ""committed_once""]"
37,trust_v1,1,A2,0,1,0,0,0,1,V1,81.98,1.5260427140585042,0.1,7554524084470450441003087695257103131,b624ae901529c4f15ffbae0acbfd6580d255ea92cb7f4bd3051d0c7cc3edad94,1,"{""0"": ""27ec86c1f3397ebada86233002c6682f2de729d202055f21978a02548537bbff"", ""1"": ""7aea12d0ef8909e188ac34b69e2b2754a7f970d7d7129643ba4f82f72ec6a646"", ""2"": ""eaf5c32ba5f35e993b1c094ab174a13e74fc783e7dc6a4b73825aad9c957b8ab"", ""3"": ""d39c47f581b8814df5b0bcb91b20841fcd45765f73d66e53f3daa3b731d1a586"", ""4"": ""4a1fcad803401022ce17d1d4a8f518cee3defea0a80004ca9382a0d3d221243b"", ""5"": ""e39324ad59f865dd6a84a3a6beb9ea7de4c795e20bc043fe2d871e90fc705a1b"", ""6"": ""f48b3c0fafe61f485f8aac79d7b0fdf616622bddb8fa18c8e29909eab1334a7d"", ""7"": ""0b5353822bdd671903ee211393c5290ad9c4e3b63df8edb7b6f3787f974b4212"", ""8"": ""3e27332398074365fe0e6a474e0cb13e3691c87078df74f8a67d665aef14fc68"", ""9"": ""e77171a0044c876e82a1c5d6b8fc89f57459c2e3720365d28274e2221b565c0b""}",df3ea2ee3248d7bf8b48f7d6f5c12d416134b8bf449ab15f8de2c890f171ee81,1,0,1,0,2.253374746206701,0.0,"{""0"": 4.502839058910001e-21, ""1"": 4.502839058910001e-21, ""2"": 0.004476167933765801, ""3"": 2.4416291772648464e-08, ""4"": 0.10066954957851564, ""5"": 0.02814133254719535, ""6"": 0.006235627920143116, ""7"": 0.37385099485776385, ""8"": 0.3859888672491743, ""9"": 0.10063743549715021}","{""0"": 0.125, ""1"": 0.125, ""2"": 0.1272380839668829, ""3"": 0.12500001220814588, ""4"": 0.05033477478925782, ""5"": 0.014070666273597675, ""6"": 0.003117813960071558, ""7"": 0.18692549742888193, ""8"": 0.19299443362458715, ""9"": 0.050318717748575104}","[0, 1, 2, 3]",[],1,0,1,1,0.0,3ccfadd806904fd82ccaba5e25651e3ad2a0f0d85b5cb943425468572c117592,1c8f6fa464fdc30d2a26eb9c99e42fca87a6b6a98fdde67cf90bc6556a087762,"[""proposal_created"", ""proposal_committed"", ""v1_challenge_sampled"", ""audit_rejected"", ""recovery_recomputed"", ""recovery_audited"", ""recovery_verified"", ""committed_once""]"
38,trust_v1,1,A2,0,1,0,0,0,1,V1,78.17,0.26323774137828626,0.1,199923998469384582523973072742155859888,48949386442293f5e0e987338843ccde9069dc14c44d4c91bed6e35cb3d1fb4d,1,"{""0"": ""90383452687cb7043308f83382a25ce0eb2df3ad2db832c636b27a29af898ca9"", ""1"": ""4cec25fb8ea153988fc6efe353548fc12a4392c5a698c150e83c0979d159bd39"", ""2"": ""811507c2b88944ceb3ee4fea8dab2888c4163c2c7c5a67162385e1a0803b673a"", ""3"": ""9dc2cc0dac26ce6e8c6072b921a81e7f4e4a95520e1b211f2f9a4f397f0c2e5d"", ""4"": ""38f965edede6d6300d402b4387b753aa7b5d93acff5a6270efc3c7503d2ef59a"", ""5"": ""134aa78c3a20c751768d5446d22187df59de753913e73c90bcfc168429d17d24"", ""6"": ""6e5f0aeaf2880bd054c2b89793d451dfbd08570024c3548922fb342264056b26"", ""7"": ""10476fae9d75b092b5310eba079090a69b893df118b06ad2ecd5c8f1ffced063"", ""8"": ""c708eb01fddb1b96ee0cf7f8289309b0647631219cb83cbc0570b4ea7d531e83"", ""9"": ""f38796a7e87379b4d709342d5d2d92d7ec6772329d9b1e4b95c927ffc6ea1a5c""}",dd67b4816add0f5a735f2e4cbaa34544ac20def5aa73e1bcf12466bb6206537b,1,0,1,0,2.0723176956065594,0.0,"{""0"": 1.3508517176730003e-21, ""1"": 1.3508517176730003e-21, ""2"": 0.0013428503801297407, ""3"": 7.3248875317945405e-09, ""4"": 0.030200864873554695, ""5"": 0.3045580341003149, ""6"": 0.001870688376042935, ""7"": 0.11215529845732918, ""8"": 0.2235653915024397, ""9"": 0.32630686498530137}","{""0"": 0.125, ""1"": 0.125, ""2"": 0.12567142519006488, ""3"": 0.12500000366244376, ""4"": 0.015100432436777347, ""5"": 0.15227901705015745, ""6"": 0.0009353441880214675, ""7"": 0.05607764922866459, ""8"": 0.11178269575121985, ""9"": 0.16315343249265069}","[0, 1, 2, 3]",[],1,0,1,1,0.0,1c8f6fa464fdc30d2a26eb9c99e42fca87a6b6a98fdde67cf90bc6556a087762,9d25fd8a5a73447d8d40035cbb67038cace740772b3e4301ce50512ac19fd456,"[""proposal_created"", ""proposal_committed"", ""v1_challenge_sampled"", ""audit_rejected"", ""recovery_recomputed"", ""recovery_audited"", ""recovery_verified"", ""committed_once""]"
39,trust_v1,0,none,0,0,0,0,1,0,,80.12,0.0,0.1,44241616537327475102709926378301986077,d3f5283d5454ddc1d1b4a1eb9f98fbaa88aee75f492e3b73fb3e78298eeb35b4,1,"{""0"": ""07203d598dd86732ba47075638aeeb07553ffd987a6523080eac95dcf993fe75"", ""1"": ""2e352da2ccd2fa00a4887c27349bdd95b891f8c2ea9dc2635a936bc3b92cf33b"", ""2"": ""d7f79929385d7630e6adcc003f29d047fe387a943d09f411fefa8515bb071573"", ""3"": ""db1e7760efef91d81420d2b0d720714fd7abcb015f845e4afeae67a9311ffc1d"", ""4"": ""0efd988f610d4f4d9bf457cbdd3344d20563fe22c60a41b153e88747c94b76b2"", ""5"": ""f57a618811056295adca04ae1f858110c87bdb8fd3195bbf9d4674f77f9e127c"", ""6"": ""8b325ccbf35483506ea54293128dcaab76b0409a16ece0a2515e7cad88a75117"", ""7"": ""330408099e2643f5cb4263d1644ae919484cd6d3fc89e839a54a5fe13f796f20"", ""8"": ""b4048a2c0da96f19e4076b390892753dbed8ca1fab8803374beca8eedc5af00a"", ""9"": ""e649643041e157d2a9880b207db921ef2e15a11374bcad96bd37422020ba24f5""}",,0,0,0,0,0.0,0.0,"{""0"": 4.0525551530190016e-22, ""1"": 4.0525551530190016e-22, ""2"": 0.00040285511403892227, ""3"": 2.1974662595383626e-09, ""4"": 0.00906025946206641, ""5"": 0.09860592472399574, ""6"": 0.005348794129476048, ""7"": 0.3776335384819165, ""8"": 0.4110565663954497, ""9"": 0.09789205949559042}","{""0"": 4.0525551530190016e-22, ""1"": 4.0525551530190016e-22, ""2"": 0.00040285511403892227, ""3"": 2.1974662595383626e-09, ""4"": 0.00906025946206641, ""5"": 0.09860592472399574, ""6"": 0.005348794129476048, ""7"": 0.3776335384819165, ""8"": 0.4110565663954497, ""9"": 0.09789205949559042}",[],[],1,0,0,0,0.0,9d25fd8a5a73447d8d40035cbb67038cace740772b3e4301ce50512ac19fd456,f36334bb69e3fa6b2f8095fff3fdcc7b8b046bb7919790c5c40c72f9fbf112c0,"[""proposal_created"", ""proposal_committed"", ""v1_challenge_sampled"", ""audit_accepted"", ""committed_once""]"
40,trust_v1,1,A1,1,0,0,0,0,1,V1,76.53,0.0,0.1,334406616442288073741711669813920926923,cebda99b77029804ca00ab51cffc566718dcf597e8b16160ae7577f97a8e5079,1,"{""0"": ""69b78faa6887f3d73e5f429888788d4ab1ff4ceff3da7ef972e51f49ca888568"", ""1"": ""0b5032fb5cdcb458a141a1d369e743a2190fd2944d678f6a8e0b39cee2b59ecc"", ""2"": ""989fcb31c694f4a2194b3cdd9e499fd1576f7a95e90b0a52a1c06a0adb9a385f"", ""3"": ""bc8f0fb4f76979d5fe46b249079e57cbed935c81ec95d67aab7af73e883efe55"", ""4"": ""c397babb0f9179b84e353d7db0f32b63c38124ec190ae035233377b71b2a6acb"", ""5"": ""248f66c14484cc6e87c8b0e611942b24e32ebf4b7054b0b6082b078fcbd3ad26"", ""6"": ""b761dca360cc012bdf5f13bc3307e699c033413792a8be98003d0eea226b39bc"", ""7"": ""db30ed50505e16f7cbcca446313969aa3f292977c12a1a9ea80525e39bfece7e"", ""8"": ""79419faafc80cbae16af5e9dcb0a413ea08d043d4f23c8f90ed383378efc4d9a"", ""9"": ""bbae5217e91c7a0d729232a26edbb6fc22fa346d6432bc72c8ec8abd21c1359f""}",4687dcc0422cca61a8a7b20e8357a0c6dc427afc31e035bdba44f97a95a9101d,1,0,1,0,2.64261656670572,0.0,"{""0"": 0.75, ""1"": 0.75, ""2"": 0.75, ""3"": 0.75, ""4"": 0.27021180959401153, ""5"": 0.19459431390641554, ""6"": 0.0016046382388428147, ""7"": 0.11329006154457497, ""8"": 0.12331696991863493, ""9"": 0.29686134960406874}","{""0"": 0.1875056653521177, ""1"": 0.1875056653521177, ""2"": 0.1875056653521177, ""3"": 0.1875056653521177, ""4"": 0.06755499352523317, ""5"": 0.04865004840368173, ""6"": 0.00040117168083156314, ""7"": 0.028323371156930524, ""8"": 0.030830173991734305, ""9"": 0.07421757983311804}","[0, 1, 2, 3]",[],1,0,1,1,0.0,f36334bb69e3fa6b2f8095fff3fdcc7b8b046bb7919790c5c40c72f9fbf112c0,27655588a378de32f0be324b366310fa7582a842ee73b3707c9062d4cf7261f4,"[""proposal_created"", ""proposal_committed"", ""v1_challenge_sampled"", ""audit_rejected"", ""recovery_recomputed"", ""recovery_audited"", ""recovery_verified"", ""committed_once""]"
41,trust_v1,1,A2,0,1,0,0,0,1,V1,81.55,1.7662679126091252,0.1,71998583959758514720196466367894074308,7ec7030582861c61ce84fb079b9f8ad995c969815b1d1b8c3661cde22e63a0d4,1,"{""0"": ""e43b100b9369accf4891f07f4367cb46fa9778aacc6028f02439197c5401aa16"", ""1"": ""a4b6a9d269f78ea00042078cba7d99be048bb86f7a94aec5e8344f5133ab9155"", ""2"": ""ef2640f2014d08580d15169564bfbc97a496ba7bc93a97cd26937c2da28fa578"", ""3"": ""90190d552e418bac40889d2ef45165b82fe0793ff7fec93649f5d077d5bb4429"", ""4"": ""8648ef289b3ec9e76a294ea78a0ebdd0fbc8326d9bc129e07dde197faad5fa39"", ""5"": ""89471598aa42a02fb81dceb4979f10a2e5cd2c53cbe3ee6affd80064298c1905"", ""6"": ""af5802cc79c4eb9d05cf2ed5ebd067ac8996be3061f85ad04be1ccc6bbfe1af5"", ""7"": ""aa52544099111542164aa2de2168ef81c6c57e49e65e014c99a053fdc8f7a1ab"", ""8"": ""82add1973a258d1f97e0af4ef51de7009c3232a01282519edc94e013e2a613e7"", ""9"": ""1cf0724b779d874320c0a0fb10d544dd4b6f40da5cd4880bb1905061f1faedd0""}",bc5f4802bee35069d2bf75b39767c722b0af750f2b4b369f304e816d9028ab5a,1,0,1,0,2.2937704136521395,0.0,"{""0"": 3.6472996377171025e-23, ""1"": 3.6472996377171025e-23, ""2"": 3.625696026350301e-05, ""3"": 1.9777196335845268e-10, ""4"": 0.08106354287820347, ""5"": 0.06074439981288983, ""6"": 0.0004813914716528445, ""7"": 0.3828039656428898, ""8"": 0.38581203815510784, ""9"": 0.08905840488122063}","{""0"": 0.12500000000000003, ""1"": 0.12500000000000003, ""2"": 0.12501812848013177, ""3"": 0.125000000098886, ""4"": 0.04053177143910174, ""5"": 0.030372199906444918, ""6"": 0.00024069573582642228, ""7"": 0.19140198282144494, ""8"": 0.19290601907755395, ""9"": 0.04452920244061032}","[0, 1, 2, 3]",[],1,0,1,1,0.0,27655588a378de32f0be324b366310fa7582a842ee73b3707c9062d4cf7261f4,c266276a16ce5f72087198241d5cfc15cf590b68e5e589a12d9b629828601ecf,"[""proposal_created"", ""proposal_committed"", ""v1_challenge_sampled"", ""audit_rejected"", ""recovery_recomputed"", ""recovery_audited"", ""recovery_verified"", ""committed_once""]"
42,trust_v1,1,A1,1,0,0,0,0,1,V1,80.33,0.0,0.1,14513349757753621607112365888248640695,87ff1f299d307408942f4f567545ad726d8c6a9417b510b0b12b5beeaaaf37ff,1,"{""0"": ""1cebe0c153998663f52da2409d746130e4a159ca4cde026c34a068633c6d275e"", ""1"": ""8d64ecea78afd587218508b712e538a75dda8c8127180420988709c2786d2765"", ""2"": ""7202d9876096ea93e8ae3a80e478cb62c8dd7d38ede443ef5e75f51da8300cb6"", ""3"": ""5ac00ccc8429b862bea0f028a0f80643175c8af0bfe9374b93195cbd36b299e1"", ""4"": ""bddc3c90edf1898b96d6d61a5d23bd878d61b20f0c89cdfea9e6a86ba86e6ed0"", ""5"": ""0b52bbb2d85e0ba84ae5bea105e944ac324da58194818b817e7615faf6562298"", ""6"": ""e9bdea983d9c864806d404daea687d315ca405f7f7626a8093948636c9d43610"", ""7"": ""34e8fe383fbd478674255f6c5f6939252cd28b4f44b5f610bdf7488c442d24ae"", ""8"": ""999e9ef35af907e849aa163232533529a09848e021b2271b6793f5f8ba114570"", ""9"": ""918911d8c0c044361e393b48a7c2961a73a2dc57e39a06f112250eec557917d8""}",0aa0c1259b4a76d82251edb0c25d33c5cd46f4317d0373a2fe33512afd055bbd,1,0,1,0,2.6119524255389917,0.0,"{""0"": 0.75, ""1"": 0.75, ""2"": 0.75, ""3"": 0.75, ""4"": 0.2576523961967944, ""5"": 0.25155665327720034, ""6"": 0.0001444174414958534, ""7"": 0.11484118969286698, ""8"": 0.11574361144653238, ""9"": 0.26005085479769957}","{""0"": 0.1875005098676714, ""1"": 0.1875005098676714, ""2"": 0.1875005098676714, ""3"": 0.1875005098676714, ""4"": 0.06441327420736831, ""5"": 0.06288933433344011, ""6"": 3.610445855234282e-05, ""7"": 0.02871037549496337, ""8"": 0.028935981546867287, ""9"": 0.06501289048812325}","[0, 1, 2, 3]",[],1,0,1,1,0.0,c266276a16ce5f72087198241d5cfc15cf590b68e5e589a12d9b629828601ecf,16870efb0901603632cf4ac8fb16367ec6a8d95754aaaffc4a806ae506d2550e,"[""proposal_created"", ""proposal_committed"", ""v1_challenge_sampled"", ""audit_rejected"", ""recovery_recomputed"", ""recovery_audited"", ""recovery_verified"", ""committed_once""]"
43,trust_v1,0,none,0,0,0,0,1,0,,82.36,0.0,0.1,271503201552157975966918877745814020730,54bff3bdcef948f7bc000fdcaf59ff194b2ce61107314a83951c66ef961566f4,1,"{""0"": ""a1af8e172421edd0993be8e2d0eb35a1af7c6cf175feb7f863f793b62e4c07ab"", ""1"": ""53a1cd09a37cee933cb5999118c5e4bb31488b3cf2d10cf14a81a60eb3f06612"", ""2"": ""a6c17f34b107e4c662eb90937adc43f1c33ceb538bf8ed6ec23ac53e84efe73d"", ""3"": ""948bea06438560915220dc15aed453bab0a45b695142515eeda5b91859ee1a5a"", ""4"": ""d50440ad2f658eec70c6ce5a33899191a73692d5df6f8bca40c2b04c2db953b3"", ""5"": ""7d51ab0473a5d0bfd7a93c506e269e3cb9a4e83216c3e078e6b5f471f707675a"", ""6"": ""055089adce78270c79089577ade3abaf60519e403187e65f982bd33631252e4f"", ""7"": ""7bf05d103b58bfc477432dffc0c5b4d2aa973a5fc1bc571959c785835d9087d8"", ""8"": ""def279483ec64b26980e903e2758ad2a950d040ff48fdd02f7f18a11d0e45479"", ""9"": ""f8c78c6cef30cd259e7eaeb820ac74b068f9ca3cb4c85f4ef03d10d0753b5595""}",,0,0,0,0,0.0,0.0,"{""0"": 3.282569673945393e-24, ""1"": 3.282569673945393e-24, ""2"": 3.263126423715272e-06, ""3"": 1.7799476702260744e-11, ""4"": 0.07729571885903833, ""5"": 0.0766467239465682, ""6"": 0.0012175105564992464, ""7"": 0.3832754002641307, ""8"": 0.38354612679023037, ""9"": 0.07801525643930987}","{""0"": 3.282569673945393e-24, ""1"": 3.282569673945393e-24, ""2"": 3.263126423715272e-06, ""3"": 1.7799476702260744e-11, ""4"": 0.07729571885903833, ""5"": 0.0766467239465682, ""6"": 0.0012175105564992464, ""7"": 0.3832754002641307, ""8"": 0.38354612679023037, ""9"": 0.07801525643930987}",[],[],1,0,0,0,0.0,16870efb0901603632cf4ac8fb16367ec6a8d95754aaaffc4a806ae506d2550e,e324c38b9c4128b3235ff7e1161963864574a30a4a1b22f3fe4df68c282bafaf,"[""proposal_created"", ""proposal_committed"", ""v1_challenge_sampled"", ""audit_accepted"", ""committed_once""]"
44,trust_v1,0,none,0,0,0,0,1,0,,82.33,0.0,0.1,136457435455212252998102018728614618654,5304ec948a7b5ce35bca7a30534f88894cd1376d8635a269466fab8289f897a0,1,"{""0"": ""20ae579111b256240f6385cf3c7b0262b9d34f483be055dd8fb025cc5b320404"", ""1"": ""79dc11f16cd3e8ff5a2f61eaacb206ce3d6b9f56b679797f7cb0d5f337ff5624"", ""2"": ""295527b451c98c9dc9a7121128339917696a954bdddba9e877b012b5c70563cf"", ""3"": ""40282af639ea8ff1661e28dadac81580866cea6af32c72587e3259ebd945ac6a"", ""4"": ""4ec43b156db3fc4ef54ef7b6f12ee96ecec5d45497bc19a55e7621b8b43d29fd"", ""5"": ""851b5cd02af830da4194c8bdab3aa001939599b965914fcf070d87dd65e8ff41"", ""6"": ""a7c74a117ffe74a82c2bd07747ccebc0076207b3808503e0f8cd785e9d25ecf7"", ""7"": ""8f5ba392e2538059ac5eae977a9e7d164d3308bb0dda1518aefcddc0c863100a"", ""8"": ""4a210fdeb41487aed0964515201446c07175dbcc1bd0fe80eff78ef2b4042dc9"", ""9"": ""8446ae59b1be9ce5f06644bfe363b73bfa601ef18b79d65f5187cea953534f76""}",,0,0,0,0,0.0,0.0,"{""0"": 9.847709021836182e-25, ""1"": 9.847709021836182e-25, ""2"": 9.789379271145819e-07, ""3"": 5.339843010678225e-12, ""4"": 0.23727940982076573, ""5"": 0.2539962733858442, ""6"": 0.00036525316694977405, ""7"": 0.11498262007923925, ""8"": 0.13896863147026753, ""9"": 0.2544068331336667}","{""0"": 9.847709021836182e-25, ""1"": 9.847709021836182e-25, ""2"": 9.789379271145819e-07, ""3"": 5.339843010678225e-12, ""4"": 0.23727940982076573, ""5"": 0.2539962733858442, ""6"": 0.00036525316694977405, ""7"": 0.11498262007923925, ""8"": 0.13896863147026753, ""9"": 0.2544068331336667}",[],[],1,0,0,0,0.0,e324c38b9c4128b3235ff7e1161963864574a30a4a1b22f3fe4df68c282bafaf,b437498a18fe8a937531fe3c246464ac1c71a1b82c99a904f2fcd1450e7de4ca,"[""proposal_created"", ""proposal_committed"", ""v1_challenge_sampled"", ""audit_accepted"", ""committed_once""]"
45,trust_v1,1,A2,0,1,0,0,0,1,V1,81.87,11.770712231189195,0.1,54692038602532610042700568222855668172,d9e39c071ceb5bf08c76f335c6301e5ac58e219819a3eceabe10720f66d2b6c1,1,"{""0"": ""6b0188df97b4f7ee78e5234194541a2ce2969506456c23ca20aef427ad5b3b7b"", ""1"": ""f0f15c73813d813f35c71c79e1699fbd5d184cef152905f8e369c7bf60b11721"", ""2"": ""c654686e50147aa47b0afb0a8b800fa74ded02cc81228d8de1ccf9372c45639d"", ""3"": ""d01d70297214b20f1a0eafdb4d1d8806ad7df091efd45ba39fa2d37187267c20"", ""4"": ""73001faeb1299fcb40ca8e50e4985e0d5d5cbff22d56c72c1c2001bc22e21733"", ""5"": ""f2ba5c70d7ae8dfb07d8ae8a3bdc58017945e0a4f59cb5ccee1c08eefca74650"", ""6"": ""0aaa42bcf5aea8c9646d615afd6ffd0cc637539927fd82376c219b8792f1b1e3"", ""7"": ""de90dd25da13dc23b66dbe671f36393d719bde33a7fab6051faa5b67e8968a72"", ""8"": ""133ebbc7d88dc181906c25cc3bb96822ac70821c253b925c2839fb30d5d44c91"", ""9"": ""1389e4c60366331678b19aae1500ab58c056034c8cda4e15b0e31df0934f00a6""}",6c1387af88f46036076aa7c5a77c10722c515d4a976d6a9c19f7ba12afdd4234,1,0,1,0,2.444221069546586,0.0,"{""0"": 2.954312706550855e-25, ""1"": 2.954312706550855e-25, ""2"": 2.936813781343746e-07, ""3"": 1.6019529032034677e-12, ""4"": 0.07118382294622973, ""5"": 0.07619888201575327, ""6"": 0.00010957595008493223, ""7"": 0.38449478602377174, ""8"": 0.39169058944108026, ""9"": 0.07632204994010001}","{""0"": 0.125, ""1"": 0.125, ""2"": 0.12500014684068908, ""3"": 0.12500000000080097, ""4"": 0.035591911473114864, ""5"": 0.038099441007876635, ""6"": 5.4787975042466115e-05, ""7"": 0.19224739301188587, ""8"": 0.19584529472054013, ""9"": 0.03816102497005001}","[0, 1, 2, 3]",[],1,0,1,1,0.0,b437498a18fe8a937531fe3c246464ac1c71a1b82c99a904f2fcd1450e7de4ca,272d970fccea87ba95213a79dcbbbeeb8bdf1b247c13ac00019111d7790728e9,"[""proposal_created"", ""proposal_committed"", ""v1_challenge_sampled"", ""audit_rejected"", ""recovery_recomputed"", ""recovery_audited"", ""recovery_verified"", ""committed_once""]"
46,trust_v1,1,A2,0,1,0,0,0,1,V1,65.82,0.7811004145204713,0.1,139114611399681748369612915678052815574,8f7624d9dc28cd0f4f711998cb47b5928328b2a820c5a3825a92d49dd66a6d20,1,"{""0"": ""d0407b3748717af539634cd5dcecdb3c7687b073f8940dc184feb19347db49af"", ""1"": ""ca46aea34b0d661a5349f2184077e1a613896f12f59fd678e43a02eb4f3a1a21"", ""2"": ""6b13807e1c024fbbbea6e9416f9cdd01fa7b84d497ad59d84643cc3bdceeb3a1"", ""3"": ""c7ffd0dd4a2bc2980143a1d51ae2e9c904c00a40291296e1b608f97c0f9843bf"", ""4"": ""4b5e025469d14521e0780e0e7625e342adc4a33ab47d6b65e1b2b7a161d420cd"", ""5"": ""c406a33e705c88f56c4b8867bbadaf2e00478d2c637246c5a0d47f7e3ec776a3"", ""6"": ""156f68bee2a558921c48f0031d05a7be5f85df1beca18a6d44e772737f012b15"", ""7"": ""33847231d76a7d006f2538fee2c3e1fa91f32f0906997d11edaf6a7afb3dad50"", ""8"": ""6d409b351c63f29a334ee2373aecbdd661f28f1141c0225ab6bdf3343446f07a"", ""9"": ""46e848bd167a1da74e4fee5d0ea2fa7fabcd4b713068c99a15db17fb70e24b39""}",293d46a7a537faf78e4d8304e40d0778b3415fa7215bc85bae06a236594ae0fc,1,0,1,0,1.4447496334381345,0.0,"{""0"": 8.862938119652568e-26, ""1"": 8.862938119652568e-26, ""2"": 0.22108487776659183, ""3"": 4.805858709610405e-13, ""4"": 0.18716412228961218, ""5"": 0.022859664604725986, ""6"": 3.287278502547968e-05, ""7"": 0.11534843580713156, ""8"": 0.20952862210222403, ""9"": 0.2439814046442084}","{""0"": 0.12500000000000003, ""1"": 0.12500000000000003, ""2"": 0.23554243888329593, ""3"": 0.1250000000002403, ""4"": 0.0935820611448061, ""5"": 0.011429832302362995, ""6"": 1.6436392512739843e-05, ""7"": 0.057674217903565785, ""8"": 0.10476431105111203, ""9"": 0.12199070232210421}","[0, 1, 2, 3]",[],1,0,1,1,0.0,272d970fccea87ba95213a79dcbbbeeb8bdf1b247c13ac00019111d7790728e9,2d61fc8b817ae0f5d27da825f6591205854e0687738ece2a791e6b9e12f15ede,"[""proposal_created"", ""proposal_committed"", ""v1_challenge_sampled"", ""audit_rejected"", ""recovery_recomputed"", ""recovery_audited"", ""recovery_verified"", ""committed_once""]"
47,trust_v1,1,A1,1,0,0,0,0,1,V1,82.05,0.0,0.1,284978587472156432667814508699101609328,6c252f33f905966daad82f024d8e95c64423d8f8183c2225066b843c51dff2e2,1,"{""0"": ""8b7be4e380f6ff4ab08d29bdaad8e3699ea0062402ec994d99029b0d44283b56"", ""1"": ""09825e0b1cd7857430b5fd4551cc1b42b1a90064a366fe526b4387ed397bee42"", ""2"": ""28d74a485bcf471142ca24b92e21d335b1f285b13b680939fe6212a1a3349f6a"", ""3"": ""ca061953568d343ec4992714cb77c7a1736d323bba111866bc0d50ddd9c68aab"", ""4"": ""8ef8aa81e0122fb22a5b560122e565ad035094e6288f408279b11ac0dd8937cf"", ""5"": ""86ac598547f700586e4cbfee5beadeb8f09c7bbbe27f6979c243acb46b87c4dd"", ""6"": ""0380f1ec93e4f67e6605df608d22c9a21fce27aa186c8736c2c453b03276d693"", ""7"": ""ca167122a09aec43a2d07175e4ee5d148265970c77de585ce88ef229b4199c8d"", ""8"": ""8f17fe954bea879318942803255fb592429d8b90ecd947c05fa32dff3d626319"", ""9"": ""43f8adb06f2ba2c69571b56663d358afba46c33891dcdc51ab255cb9d7c44fc3""}",4413348a684fd45b65cb211f9dd5d9a9556aede90a6df9d2d666d7dd44255dd8,1,0,1,0,2.9448507400771864,0.0,"{""0"": 0.75, ""1"": 0.75, ""2"": 0.75, ""3"": 0.75, ""4"": 0.1050423293742773, ""5"": 0.17038751028457066, ""6"": 0.13168747685075, ""7"": 0.1459519041282133, ""8"": 0.2263881975338201, ""9"": 0.12811455212703826}","{""0"": 0.1919350444984062, ""1"": 0.1919350444984062, ""2"": 0.1919350444984062, ""3"": 0.1919350444984062, ""4"": 0.02688173888355754, ""5"": 0.04360444582458895, ""6"": 0.033700588972308716, ""7"": 0.03735104695130098, ""8"": 0.057935771690090315, ""9"": 0.03278622968452863}","[0, 1, 2, 3]",[],1,0,1,1,0.0,2d61fc8b817ae0f5d27da825f6591205854e0687738ece2a791e6b9e12f15ede,75c39d3e0aa3d39c364807a24896e18c9e96ecb19a9ea04344db35870e5b2684,"[""proposal_created"", ""proposal_committed"", ""v1_challenge_sampled"", ""audit_rejected"", ""recovery_recomputed"", ""recovery_audited"", ""recovery_verified"", ""committed_once""]"
48,trust_v1,1,A1,1,0,0,0,0,1,V1,75.03,0.0,0.1,55015529292384262103712820494150095084,50100dccfef7060f3341adfb9ccd480333a123dc8344c58be8a15f2fe792ce5a,1,"{""0"": ""3960654d061d66f82f5606d294ce707b36826059c7c5631a694681eccb5429dc"", ""1"": ""29069bfcc4174e624edbbcdde80a02f890d0473ea7f0a0ae425573bf1895bf13"", ""2"": ""dfa28019de6a4c352b51d96e7016604e70923e3f5cbc87a32c5d01b27c3e2da9"", ""3"": ""1ccfbaae18b201107b0c3f2b26af3f04013f80e6088fd70be0b8528a3952b41b"", ""4"": ""beb9d3845515a2feac4a33e2bd270f49351ed300ab87896034f4699a66b55099"", ""5"": ""695217afdd17a38ff18a94b7f8890c42819eedc58f1eca57ce40b338b1ba3f62"", ""6"": ""56db5b1e59f23be1a0e08e211fa09f4decadb8a1d480e4ea59295a0cb6aaa11f"", ""7"": ""977b2621868a9c15c3d637c609ee9e5f51ee5703b22e8bfcee4718091bd47bab"", ""8"": ""2109850a8e520acca22e127aa28286329dcd8c1c17caff7f07a5eb53431caeb8"", ""9"": ""4025a2ef802cdaceefd1cedda06cace5445a43d1caa47cd2e1dd8755e6fea246""}",642bd491fa5cdaa6df2f40fecd7c50fd59268e94b02ef9d990dd02f0db880139,1,0,1,0,2.5421483511015803,0.0,"{""0"": 0.75, ""1"": 0.75, ""2"": 0.75, ""3"": 0.75, ""4"": 0.3390577908882095, ""5"": 0.13602606893351873, ""6"": 0.03950624305522501, ""7"": 0.043785571238464, ""8"": 0.06791645926014606, ""9"": 0.34597945771403776}","{""0"": 0.18880884219557448, ""1"": 0.18880884219557448, ""2"": 0.18880884219557448, ""3"": 0.18880884219557448, ""4"": 0.08535614524665604, ""5"": 0.0342438994450041, ""6"": 0.009945504014338651, ""7"": 0.011022804013874978, ""8"": 0.01709763738524144, ""9"": 0.08709864111258692}","[0, 1, 2, 3]",[],1,0,1,1,0.0,75c39d3e0aa3d39c364807a24896e18c9e96ecb19a9ea04344db35870e5b2684,d663d8f6d5bd132ffad5971eee1b63f7be927117072aee17323756034775a1c3,"[""proposal_created"", ""proposal_committed"", ""v1_challenge_sampled"", ""audit_rejected"", ""recovery_recomputed"", ""recovery_audited"", ""recovery_verified"", ""committed_once""]"
49,trust_v1,0,none,0,0,0,0,1,0,,82.88,0.0,0.1,271997138346545779055310982134387825440,ab8a37ef5ce02c2a30687e7ea5a1eccd851cab48a1875eb1f6f8a25c122d6119,1,"{""0"": ""d786b5f80bd52b1b54ba0927ce68ddb8b370a991174af19edea8c591b9a3dd8f"", ""1"": ""da205e01b4d6f3a95092b670f1da46e40789fd1b5688d386e5f05bbe4b6f04d9"", ""2"": ""5680a9565cb5d1f2ab4fe2b4e8ae0a2618fd6a046b59902b7f0d264936429351"", ""3"": ""23cb62e2a8861f255fe613bcb990a1864e0cf9397148172049449ce4001af9ca"", ""4"": ""6989620d511a90593981cba236070e801430e0c3f1ab7462faed6793204c3152"", ""5"": ""6b88a4d281ec97831b8e0ce7815df2c7b097d4d83eb9503fbe85330ce3b99ca8"", ""6"": ""cd9e86631ada57d451d6e6048f16ac9343372b708b403eab2c2ce2461edd27df"", ""7"": ""f909cf14f450d27493c9b1780d6ad5b29f3cdd29e8fbb62e09fda54ead6aac66"", ""8"": ""00c98024e26be4fc051b8b00c939d556a350355a6fb741cb3e4beeee7df9ffef"", ""9"": ""44ec01b60eba841e06ab5fccac4c24db765b98e5cbe750f8a0d683db9d838c79""}",,0,0,0,0,0.0,0.0,"{""0"": 2.3929932923061947e-27, ""1"": 2.3929932923061947e-27, ""2"": 0.008318522673106763, ""3"": 1.29758185159481e-14, ""4"": 0.10171733726646286, ""5"": 0.1463250892602295, ""6"": 0.05920725369790617, ""7"": 0.28669934669078284, ""8"": 0.29393861309728747, ""9"": 0.10379383731421135}","{""0"": 2.3929932923061947e-27, ""1"": 2.3929932923061947e-27, ""2"": 0.008318522673106763, ""3"": 1.29758185159481e-14, ""4"": 0.10171733726646286, ""5"": 0.1463250892602295, ""6"": 0.05920725369790617, ""7"": 0.28669934669078284, ""8"": 0.29393861309728747, ""9"": 0.10379383731421135}",[],[],1,0,0,0,0.0,d663d8f6d5bd132ffad5971eee1b63f7be927117072aee17323756034775a1c3,c783a0c2a8945521fe87a482e6d13df5d633700a477953a4e52f226d09b601f5,"[""proposal_created"", ""proposal_committed"", ""v1_challenge_sampled"", ""audit_accepted"", ""committed_once""]"
50,trust_v1,0,none,0,0,0,0,1,0,,77.99,0.0,0.1,6473363962074611491174448053683214321,120e96c00ec931333fa0d062ea0a4886ff2a588c536bad56172b2bae9f5eca77,1,"{""0"": ""f763f5b23ab7636e056053e62a94f3513f9329f641e1fe56cfcbfc8049abdedd"", ""1"": ""0f17d0a98cbc04800f56a9f3b12006bf220e797923fa5c2b52694759d99ffe31"", ""2"": ""9c666d35826da11cb1498b88ff338fc7e255ea48ec089a034687193c60451f7a"", ""3"": ""44a9a875d388b708b3d885c5dbe8b08b2389929a5f83d1fc79bc92f5e7d69443"", ""4"": ""b95bbba47a318e5c12d24f95cf3f65b32fe1c0f65a76d9193d35f75a771b9071"", ""5"": ""3f5f4cdad2aad2ce7c8fc912535fa35d504a685878171a08f4da5c17d03c9d7b"", ""6"": ""2aa0115fcc117111cb7887cc3df072639c2ca5278eef8368429de5413217fbd8"", ""7"": ""36ee71f3fcd9d632bb4d01ed69870ca0bb7072bb5c14408c1abc8622980a0fbc"", ""8"": ""9a9fe3ed14663a0fc3df683484a8ced36b32a3662e0b5c2120046b45f1a249c0"", ""9"": ""4d1b3ca77a33abefa574f01d9c34c9e66051d29bb2732409bbb26e5b066f3931""}",,0,0,0,0,0.0,0.0,"{""0"": 7.178979876918585e-28, ""1"": 7.178979876918585e-28, ""2"": 0.0024955568019320294, ""3"": 3.89274555478443e-15, ""4"": 0.26384853451327217, ""5"": 0.2772308601114022, ""6"": 0.017762176109371853, ""7"": 0.08600980400723486, ""8"": 0.08818158392918625, ""9"": 0.2644714845275967}","{""0"": 7.178979876918585e-28, ""1"": 7.178979876918585e-28, ""2"": 0.0024955568019320294, ""3"": 3.89274555478443e-15, ""4"": 0.26384853451327217, ""5"": 0.2772308601114022, ""6"": 0.017762176109371853, ""7"": 0.08600980400723486, ""8"": 0.08818158392918625, ""9"": 0.2644714845275967}",[],[],1,0,0,0,0.0,c783a0c2a8945521fe87a482e6d13df5d633700a477953a4e52f226d09b601f5,c72c1f2cf84bf84522cb1cab38dd4ccb8d10d73040019c8cc0889b8149a11197,"[""proposal_created"", ""proposal_committed"", ""v1_challenge_sampled"", ""audit_accepted"", ""committed_once""]"
1,trust_v2,0,none,0,0,0,0,1,0,,28.94,,0.1,,de12f35cd9f4b2afbe886d149b0809cfbcd40c355b91c0b959786dbca921dfd2,1,"{""0"": ""a8df2450394afa85d1838db9a4c37ecbc6fe23764384403a3dd8a578951f65e7"", ""1"": ""0528f7f074e21dde0b79f1f0240891469e196c427a7eff50c78c8bdc0ea4c2a9"", ""2"": ""90df1e4760e4aef0bb169352720e6767626a38331cd537648028f840ccec9854"", ""3"": ""f4aa89ced28a296f720c6bc7c2bf63a8a076bc5c7f8f30b8195b1f70fe1dc021"", ""4"": ""0802b55be6a175bf548e6aaf9157a85b5ead22f6bd2c6386646e6d74672f0227"", ""5"": ""91fd8d0e6cf1a5c3056f302bd27120d1e648107668dc2fed57b02d04875df233"", ""6"": ""423f60e998ed4fc50be00bcb84da6841b1a3dab286478fcc7f50bc950ecfaabb"", ""7"": ""e04d2a5ad83283581455d898773425a7bc7c01b416965767a0f63566c1378e3d"", ""8"": ""f4f4a089a5f9cbc385c3aa49a8c3e52cd9f74f0b0b9a302e140f5ffb3365ef68"", ""9"": ""c494cfb8e356c6311d3b35cc5bdda203d1faae645016c79a63432a32e46bf967""}",,0,0,0,0,0.0,0.0,"{""0"": 0.030000000000000006, ""1"": 0.030000000000000006, ""2"": 0.030000000000000006, ""3"": 0.030000000000000006, ""4"": 0.10998484988361684, ""5"": 0.20756319087633657, ""6"": 0.1075328028927715, ""7"": 0.07240889636226669, ""8"": 0.21764809165175236, ""9"": 0.16486216833325595}","{""0"": 0.030000000000000006, ""1"": 0.030000000000000006, ""2"": 0.030000000000000006, ""3"": 0.030000000000000006, ""4"": 0.10998484988361684, ""5"": 0.20756319087633657, ""6"": 0.1075328028927715, ""7"": 0.07240889636226669, ""8"": 0.21764809165175236, ""9"": 0.16486216833325595}",[],[],1,0,0,0,0.0,8b617e77902b0a0335989e80269b498633be37dde526eb036aca22383a8f5956,3425840d342bdd4f1f043d28f1076359d98d3900607579b079e21e8115afb230,"[""proposal_created"", ""proposal_committed"", ""audit_accepted"", ""committed_once""]"
2,trust_v2,1,A2,0,0,0,1,0,1,V2,36.29,,0.1,,d8a9d5fa2217796c63993c6274cea9bc576b4ef438a7620042407c53cc8f5a33,1,"{""0"": ""c170993803d5793971d6a712b3f466e3f7efcb093d2184277f13b424f497354b"", ""1"": ""9544e4c67fb6056d5675dd59c65b6c0525109a71981368722e823a2bce138cbf"", ""2"": ""44aed7ab170bd20a326bc734a2d459939f73838b28bb164d7c07af0be8c56019"", ""3"": ""ddcdba3e0347418f441759eeaca5796accc6655556014360ed713eff84523375"", ""4"": ""5233f70bdeabb5eea28cc4f5eb1e5b62e07b6e0651ce46e9221fd1b8cdf8b1f1"", ""5"": ""84c725aa2e16f0d377cc8aa2d492e62d3c117aef13132a754ec963a7f5e0a4d3"", ""6"": ""60e1e424ce34150bb83d331170080841bdc47aa2c5e04b190bb64bc7ebfc1df1"", ""7"": ""ca41afb9eb61111b1ddfccabe63c62051c7dd040888ad08f1e8ac6aac13283f1"", ""8"": ""67fdc43b17b61c5459dcb3fb9669b366f1c4dc0db3034babead849c174daca94"", ""9"": ""2ed9c8ab507d1690c1fdb83f308654cafb364e693f3511b6c6d53254345858ff""}",e13ace12595a34512b0bd1091b931686faafaa193a9594a8861f4b97b4f678c4,0,1,1,0,1.2717206637449079,0.0,"{""0"": 0.009000000000000003, ""1"": 0.009000000000000003, ""2"": 0.12536672849474917, ""3"": 0.009000000000000003, ""4"": 0.14322846941404838, ""5"": 0.2482042073496981, ""6"": 0.06243483521717442, ""7"": 0.02172266890868001, ""8"": 0.25122967758232284, ""9"": 0.12081341303332699}","{""0"": 0.1295, ""1"": 0.1295, ""2"": 0.18768336424737458, ""3"": 0.1295, ""4"": 0.07161423470702419, ""5"": 0.12410210367484906, ""6"": 0.03121741760858721, ""7"": 0.010861334454340005, ""8"": 0.12561483879116142, ""9"": 0.060406706516663494}","[0, 1, 2, 3]",[],1,0,1,1,0.0,3425840d342bdd4f1f043d28f1076359d98d3900607579b079e21e8115afb230,8dd3342ae2b6b2b9e3ddf9593e3bb224e60b840db83ecf062f4e158675397460,"[""proposal_created"", ""proposal_committed"", ""audit_rejected"", ""recovery_recomputed"", ""recovery_audited"", ""recovery_verified"", ""committed_once""]"
3,trust_v2,0,none,0,0,0,0,1,0,,51.37,,0.1,,0d5f29593a0807d90c7dcca1981dd2f32a754427dd817addee92fdab184702dd,1,"{""0"": ""4d61379247667e549b4c9ab76ccbe48926b9447763fa26ed684a81f33ebd0075"", ""1"": ""581699ed53f74e5e2338404a9348f5766d672d902f1481717dcf8fbdd0dc6afd"", ""2"": ""e13a07ee8f8be759a912d5f34301bce928583318be80efcfa968e0f573dafdca"", ""3"": ""cc5e188245058b6e479f8ef5b41e9653394055f5128202929453893f778bd0ad"", ""4"": ""e6fe5b34350c07a24191611a81f2aea273e0df5a10620edfeaede07e78fd40c5"", ""5"": ""d23b7820a5ddb37144e312acc752cb39178fafb8b11556a3877ef985e7ae3aaf"", ""6"": ""5ba3dfb1f9e6d8b64ead806c2c99f1156dd54e6c574701d17f8776b7d1b41339"", ""7"": ""e582c629991166173acf9fe564881583f8ca12a29b06ae554352dbcf4fa2c2d2"", ""8"": ""d2bff27358551941eca00c3d984a3e39d1615cc6f87d0d9e1bb4091af27bf3c8"", ""9"": ""a931f181e25264dc78848671e7eb8a861a53fac48a1ccecb493632fda0ba9350""}",,0,0,0,0,0.0,0.0,"{""0"": 0.002700000000000002, ""1"": 0.002700000000000002, ""2"": 0.09926007388696621, ""3"": 0.002700000000000002, ""4"": 0.2125301298585974, ""5"": 0.24402285123929232, ""6"": 0.06654219077466743, ""7"": 0.06390318997886177, ""8"": 0.24493049230907973, ""9"": 0.06071107195253516}","{""0"": 0.002700000000000002, ""1"": 0.002700000000000002, ""2"": 0.09926007388696621, ""3"": 0.002700000000000002, ""4"": 0.2125301298585974, ""5"": 0.24402285123929232, ""6"": 0.06654219077466743, ""7"": 0.06390318997886177, ""8"": 0.24493049230907973, ""9"": 0.06071107195253516}",[],[],1,0,0,0,0.0,8dd3342ae2b6b2b9e3ddf9593e3bb224e60b840db83ecf062f4e158675397460,d62eb6c65a8f32f26cc51bc61646eba98ebd4fea5efc15d6233c1f156ecf288c,"[""proposal_created"", ""proposal_committed"", ""audit_accepted"", ""committed_once""]"
4,trust_v2,0,none,0,0,0,0,1,0,,48.06,,0.1,,41f320c004ad3e3a45c8163ee236f43e54c14464fa9d44b989db9e1585fa8a07,1,"{""0"": ""fb9a7443159acd900c23d8e2c82308955e3ebea722c3b21c068fdce535563a4d"", ""1"": ""b1a77941aeed0e56ae4c26f4f63167bf8f1d6ccd5bfbde410802e5a83e5c8ad3"", ""2"": ""c4569ff2caeea26c956422394f279fb9d0a1561cb9e2fbd42b428561907d1105"", ""3"": ""0663cb2799889eb806776abe685b2e4b37662ee5ee7e7fec7df7a7853407c6a1"", ""4"": ""fe4d0ab15250ad7e63248be7709b638194cb9cde4d4b21d06acc6e6b629dccfb"", ""5"": ""9a60e448039f25b251a4075da334eedcce320014b4787de0605111eb76d2aaf1"", ""6"": ""435eeed269cd34dc81466f94c697f3544e14f1e65947b63fb1ef4fa53e6266b5"", ""7"": ""556b001deafb40c3bca847e70b1f65481a1e8ad05812f014d7989752fdb10c9f"", ""8"": ""32f31c9421114061da4c3dd4e50d290114c746ea79140df561865daa457916c9"", ""9"": ""9cb30ad77122e97c8c07d4c3e6cf3cecb82c592e5955ddb3c4b356a79c91bce6""}",,0,0,0,0,0.0,0.0,"{""0"": 0.0008100000000000005, ""1"": 0.0008100000000000005, ""2"": 0.03688136017947978, ""3"": 0.16096500755122317, ""4"": 0.22391404650880237, ""5"": 0.2033840762649462, ""6"": 0.03111849059040401, ""7"": 0.07692568381583449, ""8"": 0.23363415524394707, ""9"": 0.03155717984536277}","{""0"": 0.0008100000000000005, ""1"": 0.0008100000000000005, ""2"": 0.03688136017947978, ""3"": 0.16096500755122317, ""4"": 0.22391404650880237, ""5"": 0.2033840762649462, ""6"": 0.03111849059040401, ""7"": 0.07692568381583449, ""8"": 0.23363415524394707, ""9"": 0.03155717984536277}",[],[],1,0,0,0,0.0,d62eb6c65a8f32f26cc51bc61646eba98ebd4fea5efc15d6233c1f156ecf288c,7f6745b1ab0b281aaf98fc5ca0101510c32672840df0c38f88395f7e94ecbf5e,"[""proposal_created"", ""proposal_committed"", ""audit_accepted"", ""committed_once""]"
5,trust_v2,1,A1,0,0,1,0,0,1,V2,60.47,,0.1,,360ed3ef8c039c13ec5a6e39ecec1ddb40d732cb6df60e6ae1e6b76ae835cc59,1,"{""0"": ""99afbeeff90a44d2e85902daa598b62ca3f1364825814dcdec69ae4a2dce5b64"", ""1"": ""ed95b7510bea6c9272851cf03c6ddd8f6b082755ec30c11e1d44383353606bee"", ""2"": ""5319dace42505745dc2491432ee853f142d27086e7257c3084fd9af1d43f0f28"", ""3"": ""e19628cdd6eca23a85535dcb25780ad5701b91da16930a6b39ff6673a6c2b455"", ""4"": ""85e61b442534b63508b5980cf0e5e3f0137e906d4f51834f2a6f220038781c99"", ""5"": ""074e71aac904ebfb5bd97916eb35990ac559c881fa84099a5ebff30d0cf234b9"", ""6"": ""53e78ccb75ded624949e5926917d64267e922319ee31d58a02ea3c7357f5dbc1"", ""7"": ""e8724c824c6b62082dc00ab0194ccd3d02d08a74e97467af519b34bc615521c1"", ""8"": ""a7d44b95ad4424eddcfdb7b88c1955209940cefe14d7c1b9121e17f6936e69c9"", ""9"": ""5d107d9e8dc8c7e456d683fef8b00d718476c2b387ec99f65fd94d262fd8167a""}",ba3e55b03d45453d58cc2cd92ef6e4a3306624853ae5e2d73b922898cf4cf406,0,1,1,0,1.6769232226997668,0.0,"{""0"": 0.75, ""1"": 0.75, ""2"": 0.75, ""3"": 0.75, ""4"": 0.24058491429613954, ""5"": 0.08390136075904178, ""6"": 0.011400429619332528, ""7"": 0.12296282695014905, ""8"": 0.23019372171639735, ""9"": 0.0701437305227612}","{""0"": 0.19951122495884052, ""1"": 0.19951122495884052, ""2"": 0.19951122495884052, ""3"": 0.19951122495884052, ""4"": 0.06399918794378728, ""5"": 0.022319017681000024, ""6"": 0.003032684904546774, ""7"": 0.032709952305634886, ""8"": 0.06123497519663051, ""9"": 0.01865928213303853}","[0, 1, 2, 3]",[],1,0,1,1,0.0,7f6745b1ab0b281aaf98fc5ca0101510c32672840df0c38f88395f7e94ecbf5e,dd8698fce578e80d8645c6fb23a49adb88212e28c1cc5de6c1e0b05b5ea2432e,"[""proposal_created"", ""proposal_committed"", ""audit_rejected"", ""recovery_recomputed"", ""recovery_audited"", ""recovery_verified"", ""committed_once""]"
6,trust_v2,1,A2,0,0,0,1,0,1,V2,64.62,,0.1,,d2d0a0e36924a79765e553df76cb3d69981e30366bcbd2019dfecc01edc0586a,1,"{""0"": ""d83f827e90f22c93918453af1da6ccea0d79a3af94d13a741e95dc3cfc0fc971"", ""1"": ""fb44c091c9b9d64738c2303114ae106e76baa2deb9da1dd18eaa32d3e238d4b3"", ""2"": ""a027c33d9585a38515321ab74d31f854b048f4e0cf4116fd3ed1220a871bb883"", ""3"": ""2d3c7d35ac1b2181e9937db34fb6a0d814a1a71bb4d84499c710af5738a8536f"", ""4"": ""fad37c23038820750ad323faa6fb07bf3e9463e9afbb7839abe79481ae596a1c"", ""5"": ""ac331508bfd2f0897473af397967d5a7c6655401f2bfa991105010f2b0e785b5"", ""6"": ""8c1ce64fbbcd052eb38862c6b79bd3da12dd1336b0bc16c4ec9139aaf7795399"", ""7"": ""7b1715c073a97bf6f5c974fd69399a7d0ad2faf845def19a5371b41bd0efe869"", ""8"": ""1fccddebb87832dee223532417d507f0b3c5421edfa3c89d19180dea4bde707b"", ""9"": ""50dfd44137f3e9e2b009874be4059d9014eb7cccfa319db831b0d8fcfabdcf76""}",5c64660ea67ca93533abbeca15d3de4d871f427b495807e2776940ce722b0945,0,1,1,0,1.4945592913643837,0.0,"{""0"": 7.290000000000008e-05, ""1"": 7.290000000000008e-05, ""2"": 0.005588044058193808, ""3"": 0.06651006078265975, ""4"": 0.2935051596128602, ""5"": 0.07704552792940225, ""6"": 0.003420128885799759, ""7"": 0.14789937035138587, ""8"": 0.2903878018389376, ""9"": 0.11549810654076091}","{""0"": 0.12503645, ""1"": 0.12503645, ""2"": 0.1277940220290969, ""3"": 0.15825503039132988, ""4"": 0.1467525798064301, ""5"": 0.038522763964701126, ""6"": 0.0017100644428998796, ""7"": 0.07394968517569293, ""8"": 0.1451939009194688, ""9"": 0.057749053270380456}","[0, 1, 2, 3]",[],1,0,1,1,0.0,dd8698fce578e80d8645c6fb23a49adb88212e28c1cc5de6c1e0b05b5ea2432e,69d6edb75e38b7e7117edecae52b2847f26281667b81bb170afcf9ae1cdaa5a4,"[""proposal_created"", ""proposal_committed"", ""audit_rejected"", ""recovery_recomputed"", ""recovery_audited"", ""recovery_verified"", ""committed_once""]"
7,trust_v2,0,none,0,0,0,0,1,0,,69.64,,0.1,,b5ef472dc0f5c3a637916e5946d62e09e060534fef2d5d686e2f643c2ca324ba,1,"{""0"": ""92167619b7a498018cddb9405dff2a68bc179247042175fd2aed11408f87a3cc"", ""1"": ""d36ea37be057e66ca18cd424e08255954941054983f80f4c858413fee2f9e11a"", ""2"": ""e9b908219014183518c166d5616fefced434406885e17af05c8bbf81af88eebf"", ""3"": ""90b79c8d2773ff04740007e07f354b5ad63fc4e787274f996added09ef48d78b"", ""4"": ""0fa79da9595a287fc3ff337f5c2d4e10f4c1ba72056fd80b5e6d2c534edaee3d"", ""5"": ""339b5f2ee94da57625f6d90c4f471523c92ec29e0a53cf7b5a7887518f856c73"", ""6"": ""8e1457eec9e4a3156c40b00229268cdb63c9e24d1d81c95ae89da242a808e7e9"", ""7"": ""30b697935692f67a9a930732e0eb122b2aac8a15de4dd1cf29da10f71dd4d182"", ""8"": ""23658d5d37a697f475f0cd1530b0cd6e497e7efb03a14f85b91d7f86280dbeb1"", ""9"": ""e03825bcb0a829f4aae839e2890ad3b1b1f427d431b5cb964fdee364013c9232""}",,0,0,0,0,0.0,0.0,"{""0"": 2.1870000000000026e-05, ""1"": 2.1870000000000026e-05, ""2"": 0.0016764132174581425, ""3"": 0.019953018234797927, ""4"": 0.2871303774263956, ""5"": 0.03986688339296805, ""6"": 0.001780697937938239, ""7"": 0.12962543819145755, ""8"": 0.28619517009421874, ""9"": 0.23372826150476575}","{""0"": 2.1870000000000026e-05, ""1"": 2.1870000000000026e-05, ""2"": 0.0016764132174581425, ""3"": 0.019953018234797927, ""4"": 0.2871303774263956, ""5"": 0.03986688339296805, ""6"": 0.001780697937938239, ""7"": 0.12962543819145755, ""8"": 0.28619517009421874, ""9"": 0.23372826150476575}",[],[],1,0,0,0,0.0,69d6edb75e38b7e7117edecae52b2847f26281667b81bb170afcf9ae1cdaa5a4,64ebbf4da946dd997253194514f2e2a119a551d78495d21071f4b48782498ded,"[""proposal_created"", ""proposal_committed"", ""audit_accepted"", ""committed_once""]"
8,trust_v2,1,A1,0,0,1,0,0,1,V2,71.84,,0.1,,e14af60171c1553f354b760197a70f8a39a7984eae5911353a29537a1228f806,1,"{""0"": ""9c46f70aef084a55b2b335dce55edae781d1cf8ff0e6733cf55f7000d65ebc01"", ""1"": ""b3aa678e8802bfc456b2687772991b592da116539c1710d8f0ac65d2a2e9d084"", ""2"": ""ed2551fd63d28f5362f1d68338950fcfdb0a4d4cee2c39053ba4ed439ca016c1"", ""3"": ""dd79ed206b64bee2139ed59f16cf38edceb9d3facf2a721a120d597ab78a0073"", ""4"": ""e03ecee0999956b13edfc4ab7a37f8d4ee0d2e10a53ef20cb89d55d1b3a299ab"", ""5"": ""6673a932af5ff26bd0c45a36b30136e737e5e84454ea18eca38c55b811f62b49"", ""6"": ""e4e6a2b92faabcb8b4a26994738c27d3e3a54a14e216cfa72830adf54770a6a0"", ""7"": ""f62734648c799469777a387cc48225fae99fb207dc66d805e49c0592d8bb463d"", ""8"": ""cdcee47e883807d7b8dd64f23ffda448881d550c51350a2c0459c11eaee594f5"", ""9"": ""be7cd18fd94e621ae885a61874a2097dacf5db940825fdfcbfccd58deabee4d1""}",b444b814f4d1afbf5724daecb529cf2888f34700f7303a8386817e56ef33757f,0,1,1,0,3.2748908789077187,0.0,"{""0"": 0.75, ""1"": 0.75, ""2"": 0.75, ""3"": 0.75, ""4"": 0.28688901881668194, ""5"": 0.08866911725799329, ""6"": 0.005477694597422501, ""7"": 0.2396375370462005, ""8"": 0.2866084566170289, ""9"": 0.08621622422899605}","{""0"": 0.1878052751946699, ""1"": 0.1878052751946699, ""2"": 0.1878052751946699, ""3"": 0.1878052751946699, ""4"": 0.07183902817226105, ""5"": 0.02220337062387451, ""6"": 0.001371653255068386, ""7"": 0.060006924789246116, ""8"": 0.07176877342410763, ""9"": 0.021589148956762626}","[0, 1, 2, 3]",[],1,0,1,1,0.0,64ebbf4da946dd997253194514f2e2a119a551d78495d21071f4b48782498ded,77ac1c7973a4474d384c9bba7c3063d7483fe8c97ee9321d59b1ecb9516593eb,"[""proposal_created"", ""proposal_committed"", ""audit_rejected"", ""recovery_recomputed"", ""recovery_audited"", ""recovery_verified"", ""committed_once""]"
9,trust_v2,1,A1,0,0,1,0,0,1,V2,64.84,,0.1,,bb893a7898ec4669ba42a17576794cb208b07f60a5df1fb1447a9c7592bab691,1,"{""0"": ""f1a96821baa56b86b8a61fe60da47daea74f87301b5da271a7f9372808d58ceb"", ""1"": ""e512b47ee73935ec0f22fba9053ef7dd2e07d3d457938735d1d4319059d9704b"", ""2"": ""a607b275bae652dccb2cde189ac2b0045cb2a81e2d9cf8dabaa6d1610fec4a06"", ""3"": ""3878bca539caf209541407916b4cf69b6c946160abb511cd368156abbd830c37"", ""4"": ""5297513d8362c463051956a8279c11aee1f5ccc2e52a806edadaa3bc8ab64659"", ""5"": ""f079072aa1d9323cc4ed12f12eeeb00d2507dc041d0b233d6a50ffa23a064410"", ""6"": ""1c95df8053bf21e01e0fdaef5f067852326f97d7ac9a1fc588f6a182c58237bb"", ""7"": ""d3fd0ca388d182935d2df1f6413c3e40dca956db7026ce2241a77fa9e2a45ac8"", ""8"": ""037c9ecba57ba28d082caf72a5f0a67625cf8df5cf5a159cb66729e60de5aa99"", ""9"": ""d4e4697e810f6ba9f2bc8a080724a534cec5a43499912ea74ad3ee75b0091c8a""}",9c01a79d606cda4775408ee80db5c116fa5bcc504fe2d87b672a2c3665feb902,0,1,1,0,2.0649002125037454,0.0,"{""0"": 0.75, ""1"": 0.75, ""2"": 0.75, ""3"": 0.75, ""4"": 0.15137284903448747, ""5"": 0.15867772382741718, ""6"": 0.019589564891979615, ""7"": 0.13066152191293803, ""8"": 0.29682868798449635, ""9"": 0.030072915918590588}","{""0"": 0.19803531730510604, ""1"": 0.19803531730510604, ""2"": 0.19803531730510604, ""3"": 0.19803531730510604, ""4"": 0.03996956025323019, ""5"": 0.04189839118321939, ""6"": 0.005172567599002864, ""7"": 0.034500794602128994, ""8"": 0.07837675121369073, ""9"": 0.007940665928303815}","[0, 1, 2, 3]",[],1,0,1,1,0.0,77ac1c7973a4474d384c9bba7c3063d7483fe8c97ee9321d59b1ecb9516593eb,d51f59e0f9b4b964605130e7ed0ee7b24cd2ad47e6e85b686940ed8756856172,"[""proposal_created"", ""proposal_committed"", ""audit_rejected"", ""recovery_recomputed"", ""recovery_audited"", ""recovery_verified"", ""committed_once""]"
10,trust_v2,1,A2,0,0,0,1,0,1,V2,43.2,,0.1,,893f34e51e658e2fe32a9abad71107d94360d9efa8533fc791ef840d4a0b2351,1,"{""0"": ""4dfd672216935c4c233cc469c408dbb16426bb896de1577dafb4c546a3ee7344"", ""1"": ""f195ad0f0ce9d3b6d15e0a1876685b873c4b59daff51854b27f188943e2b7716"", ""2"": ""023731dd1e7a61d9f5b1bdd9e34dd8b327bb978febe064b401f03be45a573cab"", ""3"": ""d0a8e85ec5c3d173059646d495754e59d118a9a23a7eb71d1040fed78877d039"", ""4"": ""0a566351acba28af439e5c4fd957c6d09b3304b13b7b01c1f39fa6f196da17da"", ""5"": ""70a3bea404ea434c6d931d03b13ce2d5a55fe6dad2277f47af8881fc04ccdaeb"", ""6"": ""8e9cfdc3ca6eef9c86ed05dd77b861de1a0bc5f2e6d11eedcd13c8782d8af082"", ""7"": ""a5c27f50959f0805435b4a1eeca6f9b68db76114f4151eb8f009bfc889ae1a1f"", ""8"": ""2ab13ccccf4b8024521fab2abdfc30d1c5ee0ae75c15e6675d17ab6bdba3db9e"", ""9"": ""ca666b8be9a012d91c205c617cd208383a9adf8eddf17518934bd562f704b465""}",fcacb91923b299668ad3470318f88501553901215497078e6e473424f939dcce,0,1,1,0,0.9548430955144283,0.0,"{""0"": 5.904900000000009e-07, ""1"": 5.904900000000009e-07, ""2"": 0.03436678160645953, ""3"": 0.344471933934774, ""4"": 0.09344074979898599, ""5"": 0.07374866587741312, ""6"": 0.005876869467593886, ""7"": 0.06934398002122932, ""8"": 0.36972796353796705, ""9"": 0.00902187477557718}","{""0"": 0.13119753780705665, ""1"": 0.13119753780705665, ""2"": 0.14923253384226232, ""3"": 0.2623944558489043, ""4"": 0.04903666939523709, ""5"": 0.03870248210497295, ""6"": 0.0030841159320886755, ""7"": 0.03639095180813552, ""8"": 0.1940291356093368, ""9"": 0.0047345798449490595}","[0, 1, 2, 3]",[],1,0,1,1,0.0,d51f59e0f9b4b964605130e7ed0ee7b24cd2ad47e6e85b686940ed8756856172,32258d5a429c61a15ec24db7585690131ba73771600558385ced5c840bda657a,"[""proposal_created"", ""proposal_committed"", ""audit_rejected"", ""recovery_recomputed"", ""recovery_audited"", ""recovery_verified"", ""committed_once""]"
11,trust_v2,1,A2,0,0,0,1,0,1,V2,59.85,,0.1,,63844e34786e4bf9c2bc82bdcfd26bc55bf5ffcbd906d5e66bf8759a0ada4016,1,"{""0"": ""3c38a6395c4962f0da2ca3472fa60ee8d84982f6f52534defed55c7a2b706e53"", ""1"": ""e37f4aa09609e92d1b2d8565d9b4b9c33e320caa37c9c243285637ca8a816853"", ""2"": ""5e9853be674d82fc3e6faffffc08a6a229c2d599d680639f87c9bd2afd5a6d58"", ""3"": ""f89c37ec3a69375ae3ea91f1f7e9d6214c4afab46e026da79e025bde9c71064f"", ""4"": ""aa5ecd7a5f68e9a713931a7e2a063c6faa274c82f80e89ae502c726de8452129"", ""5"": ""f600271676f2588bf42278d5fb633a5bf2363df33d979a08d1bc2c2ea335fa2d"", ""6"": ""fa812f42a873fd695009f31969e5406041346eafcd184b1f86bd5ab325152b46"", ""7"": ""0d81171e6e1bf7c7f724dfe4bf46c8d7d90674c2e73a52eb4d1e7a42e3f707c1"", ""8"": ""a472d22fa7470c942864eaf8932073fa9479cf9fe5998c406b21ee668c92a670"", ""9"": ""6ef9f17b9a93b45836599b875664ffc7653ca98db52cc9c2af49ece5ac33e8f2""}",d334829da49cb2b901a055e0d0924b3acea62fdf31272e906d0cf5d4318ed4a6,0,1,1,0,0.890692288786059,0.0,"{""0"": 1.7714700000000026e-07, ""1"": 1.7714700000000026e-07, ""2"": 0.06131202043882581, ""3"": 0.10334158018043219, ""4"": 0.25058029693797185, ""5"": 0.2446726717615, ""6"": 0.03300022298402967, ""7"": 0.09205647350201997, ""8"": 0.16774032459509294, ""9"": 0.04729605530612737}","{""0"": 0.1250000885735, ""1"": 0.1250000885735, ""2"": 0.15565601021941292, ""3"": 0.17667079009021608, ""4"": 0.12529014846898592, ""5"": 0.12233633588075, ""6"": 0.016500111492014836, ""7"": 0.046028236751009984, ""8"": 0.08387016229754647, ""9"": 0.023648027653063685}","[0, 1, 2, 3]",[],1,0,1,1,0.0,32258d5a429c61a15ec24db7585690131ba73771600558385ced5c840bda657a,8ea7a277ce9046ea9000e04f24b53af8594074b5b435ba8950e966560ccbdcbc,"[""proposal_created"", ""proposal_committed"", ""audit_rejected"", ""recovery_recomputed"", ""recovery_audited"", ""recovery_verified"", ""committed_once""]"
12,trust_v2,1,A2,0,0,0,1,0,1,V2,69.6,,0.1,,5991f91a3824be053496efa5b8b92ebd0e493a4f8f91e81fef71c9e9ec63a2ab,1,"{""0"": ""9b081ab71f06965283a097cd637df6cb17807f2155d5377667132053d6db5638"", ""1"": ""fae1e739d732aa3f8ad6b4fe4d0b16127e75b9d5b9a77f1f596fd209175d585c"", ""2"": ""f825d0e4f5e84d8dd7d22f4ca2c156b7cfb55570dd82f91577b585f394ff3fd7"", ""3"": ""da27afe6e3689839fc235ccd15d120e06f003029785732f0151991292dcd2997"", ""4"": ""ab7f74e7722b9db7f5dddf1ea2c24af304e62e2a54bc3e5c00cbbe14c58f2a17"", ""5"": ""5a04f7abbaa8f386e081c10e078adaa2efb86cbf001b3b8074e96edbc69944fd"", ""6"": ""5e748f13078f081b77dac00bd857fac3821238f570a410ea1e2f5a99d078b7e5"", ""7"": ""70e3fc4caec10b0fc86300abc51500e7bdb0fa6f46790e4eb98e80dccd92d747"", ""8"": ""47e6f29fafe7cd2ba9eae6816a6440f2a23f8ba31f92ede58341068c16c03d89"", ""9"": ""cbabaa26bb2c0e52f560251d8e1e4b4dead72f6fa3850e4389da0f2be6e7db01""}",6e21c914bf4ef105904125511de5519ff704edb6066ef60e05cf4e6ce1426636,0,1,1,0,1.844092648616797,0.0,"{""0"": 5.314410000000009e-08, ""1"": 5.314410000000009e-08, ""2"": 0.018393606131647745, ""3"": 0.03100247405412966, ""4"": 0.2877794400563345, ""5"": 0.12516851729152464, ""6"": 0.009900066895208903, ""7"": 0.03803417336270261, ""8"": 0.2629274483534708, ""9"": 0.22679416756678114}","{""0"": 0.12500002657205003, ""1"": 0.12500002657205003, ""2"": 0.1341968030658239, ""3"": 0.14050123702706485, ""4"": 0.14388972002816727, ""5"": 0.06258425864576234, ""6"": 0.004950033447604452, ""7"": 0.019017086681351308, ""8"": 0.13146372417673544, ""9"": 0.11339708378339058}","[0, 1, 2, 3]",[],1,0,1,1,0.0,8ea7a277ce9046ea9000e04f24b53af8594074b5b435ba8950e966560ccbdcbc,ef4ded7856c2c4e7f70ebfae2db4d9cbb4edd488f2c34a84f76827f75daa0b7e,"[""proposal_created"", ""proposal_committed"", ""audit_rejected"", ""recovery_recomputed"", ""recovery_audited"", ""recovery_verified"", ""committed_once""]"
13,trust_v2,0,none,0,0,0,0,1,0,,74.17,,0.1,,26473109a2fa40d2e4f693c4957d3c62d6fc7ed7197600d3e423fe391b197d22,1,"{""0"": ""546c03de72a2ace7231d92bbe2cbcdc3b9c63ab5185b842b94dc832c87dc0b78"", ""1"": ""4fac760ec63ae200707483d06345211a17ed5cad25cd791c756fb8b710a56867"", ""2"": ""f62e71c0418404ce1bab6991f646da69cdd4f3fda23a5cf4c4c8867e62047421"", ""3"": ""edd84b4d6ca9f1f811404e1016d242daeecd3f6957c0a8f5c48ac7428b3ed01c"", ""4"": ""3d7dca3c96105c67325f8ba7a79ed7374e9876f89c0f03b37dfa107b9e3cfe33"", ""5"": ""66e1a8f559ec66f4bce22b4c67c2683cc3d39c030570ed716b6daa3fa8f9cf57"", ""6"": ""d28b2731ebeffed04da2d98a0e8fcd8a31cd49af64e740c545a088ccd59a9352"", ""7"": ""28b7d859e932f5ce6111910f0f1c007eafb4355d2f777dec3571ad93341cb9d9"", ""8"": ""132e2fbf6c9af1d7f1e25be061a4bb65c644d6411c646aa219cf7f285f60fc3f"", ""9"": ""c7a0d274f33dfdc562c4d7f083a832e1d8f21060b7a5893edbc5554969360da1""}",,0,0,0,0,0.0,0.0,"{""0"": 1.594323000000003e-08, ""1"": 1.594323000000003e-08, ""2"": 0.005518081839494324, ""3"": 0.009300742216238899, ""4"": 0.23707698671607574, ""5"": 0.037550555187457396, ""6"": 0.002970020068562671, ""7"": 0.011410252008810785, ""8"": 0.5043916731054061, ""9"": 0.19178165697149407}","{""0"": 1.594323000000003e-08, ""1"": 1.594323000000003e-08, ""2"": 0.005518081839494324, ""3"": 0.009300742216238899, ""4"": 0.23707698671607574, ""5"": 0.037550555187457396, ""6"": 0.002970020068562671, ""7"": 0.011410252008810785, ""8"": 0.5043916731054061, ""9"": 0.19178165697149407}",[],[],1,0,0,0,0.0,ef4ded7856c2c4e7f70ebfae2db4d9cbb4edd488f2c34a84f76827f75daa0b7e,35e407bb553a82414bfa1d09f5b5dbcbd21ae9ac27bad93d860f702f9dc5d7a8,"[""proposal_created"", ""proposal_committed"", ""audit_accepted"", ""committed_once""]"
14,trust_v2,1,A2,0,0,0,1,0,1,V2,71.13,,0.1,,15aec51fcc2aada5226b4169be4ce5454b9f5f6b3f7f2aacd269718b7c2512d6,1,"{""0"": ""36b366063defa94b3c576fcb8293845b196e73cfced04e4cd79cb0bf06bf28ac"", ""1"": ""601fb875a50b147bc1359acb77b5fba17c705b560c4863f4453cd22d755c8a55"", ""2"": ""c3d2d697400412a9b2a36983e905a361bdc4fed774c564590d9fe26822e0653b"", ""3"": ""45f2106bd85b02a0add4100cf489abc507e074a7b3713fee427ecced0a862933"", ""4"": ""752306b3b239520c4cbb9d9e71cb45774961ff3b448f7c4ce8bc6ec2da4bec91"", ""5"": ""b7d08781925476d917c553d3204508277a7064e895cd8e94eb2c381c843e50e0"", ""6"": ""2826c78c3a2b2eba07eff5aef371e13f810e8bc59ae6c2b90537f4f1537f392c"", ""7"": ""e4c8f0de2d919024d8a3689d95ea0ed4e7cc914e17d9efb92628151a11c78981"", ""8"": ""75183b0941221c44731c2a206827f32392de252f47d6b2ef23ba783c0ffa3a70"", ""9"": ""8172418bf836e92d789c51d2fc03af6c8a4ec74b088dd8207875a57456036a3f""}",c85d7a472ae7857bba546540c1e308dd08af5df3ecac052eafb4dcb4a3a28fa5,0,1,1,0,2.3336610459172804,0.0,"{""0"": 4.78296900000001e-09, ""1"": 4.78296900000001e-09, ""2"": 0.0016554245518482975, ""3"": 0.00279022266487167, ""4"": 0.1285725106708586, ""5"": 0.015318880253566612, ""6"": 0.0008910060205688014, ""7"": 0.016917540684331024, ""8"": 0.7603477997350915, ""9"": 0.07350660585292551}","{""0"": 0.12500000239148448, ""1"": 0.12500000239148448, ""2"": 0.12582771227592413, ""3"": 0.1263951113324358, ""4"": 0.06428625533542928, ""5"": 0.007659440126783304, ""6"": 0.0004455030102844006, ""7"": 0.00845877034216551, ""8"": 0.38017389986754563, ""9"": 0.03675330292646275}","[0, 1, 2, 3]",[],1,0,1,1,0.0,35e407bb553a82414bfa1d09f5b5dbcbd21ae9ac27bad93d860f702f9dc5d7a8,1dd06f2ce03c25352a6dc7bf7b1e3206445c04494d32755210490ff9fb73a76d,"[""proposal_created"", ""proposal_committed"", ""audit_rejected"", ""recovery_recomputed"", ""recovery_audited"", ""recovery_verified"", ""committed_once""]"
15,trust_v2,1,A1,0,0,1,0,0,1,V2,76.36,,0.1,,72e5862e8b4cb45ca62ac3eb365b8806edf78bb23190e2004a9fc9d76e7eeaa8,1,"{""0"": ""19f03a8169537637295d260b9e06279166a6587ef87e0b379cadf9e73e7ca7c2"", ""1"": ""416a64e16b747719898c4c81647074386fa7ebb81d8bb395eb32861d48e4f9ad"", ""2"": ""1cf9c468a9d8e155aa23636e0fa8f105644e75347b1c067cec1a76bca6094ea6"", ""3"": ""d271f4014d7fe2ab2701b30ad5d17843b4e560cc4233ca90140b1bf2d364ab69"", ""4"": ""4036e012c815784f830b849c226371c2417a8ef9d27c8a508a0bcc12db4c3a5b"", ""5"": ""61aa25fc04609e5babdcc71fe9c84e523147ef507d7972d096094a4584b0ca5c"", ""6"": ""71021a83bfeeb3b437b5267e3246fc96b29cb8a66c536913c5ce8fceb1ec2d05"", ""7"": ""0304ae752b9aa9a204267f0dc0bc17007b1b4670d78514064e8216e0dc7d6e80"", ""8"": ""10c72271ee553beb9deda98452ab2e60e14b21b17fb6237252b24a6668bd1f2b"", ""9"": ""e60dd5740054173cd56b876aac875bcdd6f8f1e4c27d818beb12110768a911a7""}",2eff311339bb35c786c8caf88388cd021d7c89380dcf0c4f760beab3d6ef30f5,0,1,1,0,3.585077525690633,0.0,"{""0"": 0.75, ""1"": 0.75, ""2"": 0.75, ""3"": 0.75, ""4"": 0.22495185637525855, ""5"": 0.012574434804815389, ""6"": 0.0002673018061706405, ""7"": 0.19145536537930027, ""8"": 0.4144844430945285, ""9"": 0.1549329015051294}","{""0"": 0.18756253790015912, ""1"": 0.18756253790015912, ""2"": 0.18756253790015912, ""3"": 0.18756253790015912, ""4"": 0.05625672144946078, ""5"": 0.0031446572062016885, ""6"": 6.684774020088232e-05, ""7"": 0.04787980563352509, ""8"": 0.10365567208925845, ""9"": 0.038746144280716606}","[0, 1, 2, 3]",[],1,0,1,1,0.0,1dd06f2ce03c25352a6dc7bf7b1e3206445c04494d32755210490ff9fb73a76d,d84248c188601bec8fda77002595c36eaf078de83a3d909f3d0c38e3043c8b45,"[""proposal_created"", ""proposal_committed"", ""audit_rejected"", ""recovery_recomputed"", ""recovery_audited"", ""recovery_verified"", ""committed_once""]"
16,trust_v2,0,none,0,0,0,0,1,0,,76.23,,0.1,,bc5d842c6645d41232384402d5fea196d2f2856659845a9e9dec669585155368,1,"{""0"": ""30280e5c9d8d514c6103537ea1fa67c0bd55edc91120a69fa207eae44bbc8d1d"", ""1"": ""4066c17817d61b4d4a6be595550f8afb6ff294c401df79679372d705228a5f30"", ""2"": ""d06cc179df4080ca98ac6ff934590b7a5d97b62af325c6af9be520085bee1fa4"", ""3"": ""e2c42a7060be2d502ca646a3a2b07820dd781aa1d23a46fd69c6871c75b6b314"", ""4"": ""ae648d63da7a6f19e06dbc8537ee674c46b27bc8752368598ffa8af58e1b0444"", ""5"": ""74757e741822977dddbee59c5863081f0a03debc6fe12a71c8590227b59c77da"", ""6"": ""156a276b094297993aefff924847b9dc9dfca9667599879c169b84026819492e"", ""7"": ""d3ecbd0984d85f02393ded5ccd7cd178a62285c8f37ac022540b8b1eb71c1bfe"", ""8"": ""4fd4f17431f6ee5af13e776d8660ce2ca48145243d7c78cf25f404c85a5e4a13"", ""9"": ""d076bcc71f4f6984798e37e5b4aeb81004befbca4939852e639b0b69fc669bc4""}",,0,0,0,0,0.0,0.0,"{""0"": 4.304672100000011e-10, ""1"": 4.304672100000011e-10, ""2"": 0.00014898820966634683, ""3"": 0.00025112003983845043, ""4"": 0.2758388608895005, ""5"": 0.03106049188653288, ""6"": 8.019054185119216e-05, ""7"": 0.265789913590713, ""8"": 0.17199725955250145, ""9"": 0.25483317442846176}","{""0"": 4.304672100000011e-10, ""1"": 4.304672100000011e-10, ""2"": 0.00014898820966634683, ""3"": 0.00025112003983845043, ""4"": 0.2758388608895005, ""5"": 0.03106049188653288, ""6"": 8.019054185119216e-05, ""7"": 0.265789913590713, ""8"": 0.17199725955250145, ""9"": 0.25483317442846176}",[],[],1,0,0,0,0.0,d84248c188601bec8fda77002595c36eaf078de83a3d909f3d0c38e3043c8b45,f6dcf2cbec851e68fd3107b58a5beda8815f0c8024c35ceb5a389530e5dc45d4,"[""proposal_created"", ""proposal_committed"", ""audit_accepted"", ""committed_once""]"
17,trust_v2,1,A2,0,0,0,1,0,1,V2,75.39,,0.1,,c99f4f03dde49783eb74d7730c442d27ac6bbd2b0a3696d985a614dba627cbbc,1,"{""0"": ""19643a80bacb3eee0c789b81fc9e7d0981d1a7326b2b392d7e3ccc77ad9ae1e4"", ""1"": ""1a95d0dbc87169ebf9476e7530f558f00ef087615d29d28b4272ec51d30d3356"", ""2"": ""f1677784ce39d584ef84704ff63b22982272f3117908678159dfa7e9ed01cb2b"", ""3"": ""52562fbc4ce168517df38440ef255471373761345e365a9a873433d0efea2e0e"", ""4"": ""e1629f734448be79ace9b48bb893759710209c7b07e7d3f2bc95fae1a2369962"", ""5"": ""b9341c364e6aaf99e47d2464159be10aa50e8e96abfebfea810543e1818f3808"", ""6"": ""06304017513ef28d781d7fe3d55a0055c0116dc2038f9e2b6556ad36716575b1"", ""7"": ""a5a3fc8efec86d1742ad32bb3d318b5998d5f452bf5ebaf454ad0b3fe43b2f70"", ""8"": ""e6edcc7f92daf95608216665ddbe649568f1c122e00ca50b28843cf34cbc4032"", ""9"": ""30c2c06f8c7b658068087c72df63169b89ef6b62900b4af63cb7da6a439981f1""}",853bf00ac10d46bf94a287846e2a0943a45491e85f259242ddf5501d28533f81,0,1,1,0,2.530984817360715,0.0,"{""0"": 1.2914016300000036e-10, ""1"": 1.2914016300000036e-10, ""2"": 4.4696462899904064e-05, ""3"": 7.533601195153515e-05, ""4"": 0.12151345658725775, ""5"": 0.21412335640778155, ""6"": 0.0005761374414854631, ""7"": 0.2845421829190356, ""8"": 0.2564043867075721, ""9"": 0.1227204472037358}","{""0"": 0.1250000000645701, ""1"": 0.1250000000645701, ""2"": 0.12502234823144998, ""3"": 0.1250376680059758, ""4"": 0.06075672829362888, ""5"": 0.10706167820389079, ""6"": 0.0002880687207427316, ""7"": 0.14227109145951783, ""8"": 0.12820219335378608, ""9"": 0.06136022360186791}","[0, 1, 2, 3]",[],1,0,1,1,0.0,f6dcf2cbec851e68fd3107b58a5beda8815f0c8024c35ceb5a389530e5dc45d4,b4d8b454318e10d776cfb369e02de8a19e9c4a1954f995c34d8dc1db574d2ea8,"[""proposal_created"", ""proposal_committed"", ""audit_rejected"", ""recovery_recomputed"", ""recovery_audited"", ""recovery_verified"", ""committed_once""]"
18,trust_v2,0,none,0,0,0,0,1,0,,76.38,,0.1,,40ee019a5a44f95b597967c9108e362acef4f404138e33e772aa9a1c101cdabe,1,"{""0"": ""b5db7d06781905270d46404108a68c593462cd47153c42f723b1c72135f56cb2"", ""1"": ""bb437e02723d14890bff651ef0a8213b1daf5b6028a5ec233bb60666f8af8fc2"", ""2"": ""f944fb816d20d025f2a4561b6c3d5893d476e13e3ea2e1dd91ef5cd62ef7eca1"", ""3"": ""a7d701d3ff08244bdbbe09eb3f3984f3e9d68239addd6e3f96b35b6dc7e5e0be"", ""4"": ""0e8c4f2cc1964c1e03b92e07f77c9fc91a611ba4eadf5f3b60a1fe9b6435abb1"", ""5"": ""c5557cff924b845d8e3b9d71d4972c638a67138e8fd96aff5cff70394a96f217"", ""6"": ""70a58015fb9cc4bb014f9d0c53265e01b49b6b9530823b1e09f84fe6acd1d2be"", ""7"": ""16261ed0d468d544c55eeb97c41b3d9a9cd43895f396cb808a6359105232bc7b"", ""8"": ""5f7adb8b3220ee3072cd567d53edcb7675348ba43cd3419644094e644d693ac6"", ""9"": ""ff9095404eeb385c956b027f3b2a7485f85d0b20ff77a5705e7fe80e4514f073""}",,0,0,0,0,0.0,0.0,"{""0"": 3.874204890000011e-11, ""1"": 3.874204890000011e-11, ""2"": 1.3408938869971218e-05, ""3"": 2.2600803585460544e-05, ""4"": 0.11158099248309532, ""5"": 0.2552364716994447, ""6"": 0.0022399565420326813, ""7"": 0.2763621196528209, ""8"": 0.26792078078938186, ""9"": 0.08662366901328485}","{""0"": 3.874204890000011e-11, ""1"": 3.874204890000011e-11, ""2"": 1.3408938869971218e-05, ""3"": 2.2600803585460544e-05, ""4"": 0.11158099248309532, ""5"": 0.2552364716994447, ""6"": 0.0022399565420326813, ""7"": 0.2763621196528209, ""8"": 0.26792078078938186, ""9"": 0.08662366901328485}",[],[],1,0,0,0,0.0,b4d8b454318e10d776cfb369e02de8a19e9c4a1954f995c34d8dc1db574d2ea8,ae279342b2ab7595422fdd34012ec69ab0a14ebd68e2f1a482f8ff10ef2136fd,"[""proposal_created"", ""proposal_committed"", ""audit_accepted"", ""committed_once""]"
19,trust_v2,0,none,0,0,0,0,1,0,,78.03,,0.1,,bc4aaef65950d62467792c95ad8a2f56a4fb5db7bca4ec5646db3bf043883aea,1,"{""0"": ""f8b70914ebb4ba4810cd6d445f7e5376a0f860140f7af655f2907fc604c2ee71"", ""1"": ""1421c10d4c44006c5465b7b41a9593e5b48bad30ea6e875635395b23ac375a6c"", ""2"": ""9d2279c7b19416957b25f05c7290b5480a539a14fb0401e9d82c4355c5a41693"", ""3"": ""c6f106a81c96755938db7be72f9a286200eb2f2cdc156e04b6157235e91d925a"", ""4"": ""f0aa0599b57ce320a255f3c8e0bf1abee216a30422cae4198321f7fe6a9cbd97"", ""5"": ""918ae514d956680a458e533b598a9c0ff7bddfa69e2fcda81225d73f4aec8b95"", ""6"": ""d419939a1deb6e028b1950a5bf05c08726e8bc61cf93d8ba6ade15ef21c48cea"", ""7"": ""287f426683fc3149c43e74d4051cb7fad2fb234fcec416c40e7db101e36f8b97"", ""8"": ""46c19646df933186b94a2183204beef96144fc0d3ee801a9c072c1c130a8f96a"", ""9"": ""0207f580b0794bcf7995348b4e61a959a1240383a9b112038a811f0d102591b7""}",,0,0,0,0,0.0,0.0,"{""0"": 1.1622614670000035e-11, ""1"": 1.1622614670000035e-11, ""2"": 4.022681660991367e-06, ""3"": 0.04135373910957632, ""4"": 0.16631490232432836, ""5"": 0.09304582315628894, ""6"": 0.0006719869626098047, ""7"": 0.2905432452670634, ""8"": 0.28887739806074403, ""9"": 0.11918888241448299}","{""0"": 1.1622614670000035e-11, ""1"": 1.1622614670000035e-11, ""2"": 4.022681660991367e-06, ""3"": 0.04135373910957632, ""4"": 0.16631490232432836, ""5"": 0.09304582315628894, ""6"": 0.0006719869626098047, ""7"": 0.2905432452670634, ""8"": 0.28887739806074403, ""9"": 0.11918888241448299}",[],[],1,0,0,0,0.0,ae279342b2ab7595422fdd34012ec69ab0a14ebd68e2f1a482f8ff10ef2136fd,9dbe6b54452b39f83f94cc879cde86d2e3c73ad5214e2e329358101a9f9e76c8,"[""proposal_created"", ""proposal_committed"", ""audit_accepted"", ""committed_once""]"
20,trust_v2,1,A2,0,0,0,1,0,1,V2,77.32,,0.1,,6e55767f3d56eabcd6f670b5883583c5068bf43fe0334f3068da29bc98ba026a,1,"{""0"": ""b8284153c68777d370be092164a53e2e0c4a738c893184633ec513afd87b369b"", ""1"": ""e8531a6928fc702523a06f5e9a3e5ae51481acacbaf1c7c52ed9673193714cac"", ""2"": ""e258498e892f70f4c2c439fb3bbc5662245d94a36262c2694ac62efc28ac924c"", ""3"": ""ba4a3f156afbd28a5bc6f059f396d2d02adf9e2a027eb4eb0389091ce4641800"", ""4"": ""9527f639903b042d4d67c04af5daed906ec4b6f75d12773acde4450ad84e9a54"", ""5"": ""a8686a9b1202aeb100ca427a128761ab113c7677c4a59bb091bb1b1d3b8b2fca"", ""6"": ""d7eefcacdc1cd6e35441d28793e3b5a349007d257688781ae1f0050c1e62c502"", ""7"": ""5298e66b663dd636d66a9f3f77b17dce78017c7887d22362562f506d9230f029"", ""8"": ""f4ada2542e70c381795f24a754a339d1fe67c47846076b14d475b724604a523e"", ""9"": ""f7cf97f20f41e392c27f593000ac1ac7b8c28314e808c12afd062c8c42360a84""}",bfd0599ae5494719278b40d3e14948e9626a9ee04443b9b750358111e4a848de,0,1,1,0,2.1863310236435094,0.0,"{""0"": 3.4867844010000112e-12, ""1"": 3.4867844010000112e-12, ""2"": 0.008370486334886079, ""3"": 0.04329911549900366, ""4"": 0.21066134103265632, ""5"": 0.06912839234396335, ""6"": 0.00020159608878294146, ""7"": 0.11179663607339131, ""8"": 0.3037244936571106, ""9"": 0.2528179389632323}","{""0"": 0.12500000000174338, ""1"": 0.12500000000174338, ""2"": 0.12918524316744304, ""3"": 0.14664955774950184, ""4"": 0.10533067051632816, ""5"": 0.03456419617198168, ""6"": 0.00010079804439147073, ""7"": 0.055898318036695656, ""8"": 0.1518622468285553, ""9"": 0.12640896948161615}","[0, 1, 2, 3]",[],1,0,1,1,0.0,9dbe6b54452b39f83f94cc879cde86d2e3c73ad5214e2e329358101a9f9e76c8,6cb24a46bc3114dfa659944f915fd5734c8c68bc0322b19212254268d52c9795,"[""proposal_created"", ""proposal_committed"", ""audit_rejected"", ""recovery_recomputed"", ""recovery_audited"", ""recovery_verified"", ""committed_once""]"
21,trust_v2,1,A1,0,0,0,0,1,0,,23.92,,0.1,,e64d55bd098cffaceeacd44ddc4c6152d416ab98b6d5296cd8325755226cfa98,1,"{""0"": ""b3a77bcc9a4d7d02bd04f6e1dcf39ae7fa8d3e5e285a69b2d86a6b54c2453089"", ""1"": ""6f065e9e69b9d00d6659fdef7f788cb507b02e7a8a3c747e7af326384600f560"", ""2"": ""c9b736bd1ad87aed5686f26e1c45b7e3ef8b165df10ee8ae37e054d57431ed0a"", ""3"": ""42ed15b1cf90fd4fba22322b8d726de72d4d29d2efa5db6187e3bab1dc4d860d"", ""4"": ""82b766db3ba37aefc74c4bb27df4839fa65c9eeeab21ea4c50a202b108d1a232"", ""5"": ""5836b91f471188764efe91458d2cd94955e48939c936a44457b74e384170bc89"", ""6"": ""30445ce0b20da195bfcb1d5be67cdd58c04da6a2122efed74498018acd9171e3"", ""7"": ""7e655fcdd3d99c2daf014d70a5e4af801a956879e839093ef2fdafe7629d0481"", ""8"": ""e5f99b9887ec91348807115656387e3bf84916ec871fe820de53d54cb2ab0823"", ""9"": ""7a6af32a3b5ad5dca8d8cc2abe2814f99b6f6631ada7e3019a4d21db46ca2fc5""}",,0,0,0,0,3.8807906735764983,3.8807906735764983,"{""0"": 0.75, ""1"": 0.75, ""2"": 0.75, ""3"": 0.75, ""4"": 0.17183844710742174, ""5"": 0.0230851684245569, ""6"": 6.0478826634882445e-05, ""7"": 0.10661192002723777, ""8"": 0.5359942757669275, ""9"": 0.1469088292949623}","{""0"": 0.18822943047957086, ""1"": 0.18822943047957086, ""2"": 0.18822943047957086, ""3"": 0.18822943047957086, ""4"": 0.04312673737803181, ""5"": 0.005793744140105757, ""6"": 1.5178526791408832e-05, ""7"": 0.026756667985414026, ""8"": 0.13451986302389174, ""9"": 0.036870087027481666}","[0, 1, 2, 3]",[],1,0,0,0,0.0,6cb24a46bc3114dfa659944f915fd5734c8c68bc0322b19212254268d52c9795,f85cf3105f756df022709730809bab4507f4cdfc73d5dfdcaa66a07c6a315ba5,"[""proposal_created"", ""proposal_committed"", ""audit_accepted"", ""committed_once""]"
22,trust_v2,1,A2,0,0,0,1,0,1,V2,57.69,,0.1,,68ebc62a6c3ffed46e20e38a053042dcd65e6011693b026285abd6345251d3a4,1,"{""0"": ""e2812868ee07cc449a507efd2094d156b8708f7f29e0f05a6c9b536c8feb419a"", ""1"": ""b01446fb1cc7292820b55626feb96887f167da3c6a7f069c60eb11cc12df9334"", ""2"": ""dc2b5a61ce9ad9b8becf0c9750f1b76fae798aeb985b21b360da0d4133e92ea7"", ""3"": ""726965aef11cf278030faa17fab969c330f08ed96abd1d2d869d9ce89c902812"", ""4"": ""70f02a5d092b1e073425f6fa51cc3018c58d73705639d3ed18e55f4a319e184f"", ""5"": ""43621985894503ee3bde0c0cf4553d49d48c536eede0b01d96a2d202377c3ea1"", ""6"": ""b6ded07e18f04a0613cc5c6e80ed116c6df698a48399151a3842f0d7db73232d"", ""7"": ""7a5fc4cd832f34e3f9ff5773b54811569b55f297b4d8c721792f31ceee5c821b"", ""8"": ""f0deae774d4f4fc01ef60363ff870b4e52c0887e7e459bfe30b088573c523f7a"", ""9"": ""3c5554910a869499848811cf43420b5a562287a6766c4c18dd7bc34e38e36d55""}",6537807b50125cdcb146a71ba88252c38c8aeb0970f07b0f5ee9dc46bef043f4,0,1,1,0,0.97546540929134,0.0,"{""0"": 3.138105960900011e-13, ""1"": 0.04428835482514132, ""2"": 0.0038182636739234636, ""3"": 0.13873219310961774, ""4"": 0.19494644426990898, ""5"": 0.12720905710285688, ""6"": 0.015524337359070946, ""7"": 0.03588943697618924, ""8"": 0.2521243537568064, ""9"": 0.18746755892617117}","{""0"": 0.12500000000015693, ""1"": 0.1471441774125707, ""2"": 0.12690913183696176, ""3"": 0.19436609655480888, ""4"": 0.0974732221349545, ""5"": 0.06360452855142845, ""6"": 0.007762168679535474, ""7"": 0.017944718488094622, ""8"": 0.12606217687840324, ""9"": 0.0937337794630856}","[0, 1, 2, 3]",[],1,0,1,1,0.0,f85cf3105f756df022709730809bab4507f4cdfc73d5dfdcaa66a07c6a315ba5,2edc7e354661dae66dbbe232e25e2877d12747bc711196a2905e97402eb72722,"[""proposal_created"", ""proposal_committed"", ""audit_rejected"", ""recovery_recomputed"", ""recovery_audited"", ""recovery_verified"", ""committed_once""]"
23,trust_v2,1,A2,0,0,0,1,0,1,V2,77.69,,0.1,,0c766d6011c3ca2a77019ce0d99cfb7b34fc72a176cc9d187b965e566502a6ec,1,"{""0"": ""ee57fa254fab41a85a7e960baacdd000bb2ce82a066c373b3cbd6a3de4caa879"", ""1"": ""f72e5a60d4d0c124f94769dfae9d0ff4b723a1cf17ad89663bfbe8cc9980f96d"", ""2"": ""5d6848b5721e0190751e92d2734365dd2192af9b2a2ddb777c7dd75a3b94f3d3"", ""3"": ""dbacd69bcd900278a4d31df93b707ece1fb415a851104926aaab8ba7e6796f49"", ""4"": ""26a853a58cd28221a64712055c8f79ab1da00ff4c7fba5dcbbe1b9dcdbf4ccd1"", ""5"": ""6d85eaa9e402e300ccbd3675161b06883c8e53c2fa205d0854cd1edf1a7506a8"", ""6"": ""75cbc51c844fc5a1012a8490794bb1fb5e277263eea4c69c60e7d91dd48eb184"", ""7"": ""55a23b0b980da5bd50e9e2f6a6800f1986c69b2fae3474ae4a29109a151499ad"", ""8"": ""cfaa142c800e642b436e265770ad875578c9377ec16e13c1f62929967202849b"", ""9"": ""e33b7d424888107e9398c055571c37d7badbae677b59ae23385a6d60fef2f9e9""}",7585a0401156e6d81aa90322918b5efea5c233cf1cd90d165872f8ac4ba7874a,0,1,1,0,1.82254809846207,0.0,"{""0"": 9.414317882700036e-14, ""1"": 0.013286506447542399, ""2"": 0.0011454791021770394, ""3"": 0.041619657932885336, ""4"": 0.1971157140695417, ""5"": 0.22528545686800072, ""6"": 0.0046573012077212855, ""7"": 0.19788957083000044, ""8"": 0.2627600458641856, ""9"": 0.05624026767785137}","{""0"": 0.12500000000004707, ""1"": 0.1316432532237712, ""2"": 0.12557273955108852, ""3"": 0.14580982896644268, ""4"": 0.09855785703477085, ""5"": 0.11264272843400036, ""6"": 0.0023286506038606427, ""7"": 0.09894478541500022, ""8"": 0.1313800229320928, ""9"": 0.028120133838925684}","[0, 1, 2, 3]",[],1,0,1,1,0.0,2edc7e354661dae66dbbe232e25e2877d12747bc711196a2905e97402eb72722,442750e4f8067b4ffed891071d43d918641b2885aa0cc2b83f854eaa19d1fcea,"[""proposal_created"", ""proposal_committed"", ""audit_rejected"", ""recovery_recomputed"", ""recovery_audited"", ""recovery_verified"", ""committed_once""]"
24,trust_v2,0,none,0,0,0,0,1,0,,63.63,,0.1,,b6f78ad6581daacd4b290219c9d22290b69bc80bfd18788a72f6e4d5dfb44c96,1,"{""0"": ""058b147ce8b605639135524b9ac27434c7e6dd9978317bba22d0944251600620"", ""1"": ""f03bde86543506d0bd4ff100ee0223748c28408e3c7d0ad1fc93d97b13c8f8fd"", ""2"": ""48ba6df5e0bd99f44f27c80a0f32364746ce73f2c35f5176365bbfad250c86a2"", ""3"": ""fecd4aa04512e5dec96e29e9bbc93ac69acc1e5cd6d9de6ad767017a6afde36c"", ""4"": ""d03213b922422b6826388183263eb8772588548bbbcdf43519eb1871be8c0ace"", ""5"": ""c2a4d1ac79ec804939eedae4d62288ccefa8aff1c95bfad992f48ccd554a9561"", ""6"": ""396e82d2327e9b51f7247b59c166d7c7dc0941d30c2cf15e114556c00de051de"", ""7"": ""d929d68cdcf3410e8433c56f07b9bf17f331677e43f62ec409aa7de79b46bb17"", ""8"": ""bca5c65a1cf3565524a63b52c83db5c7fe1b8402cb514f69a67285289b6812d2"", ""9"": ""be2b7fe0cc8c0e86866deb119ceb3eff77af31a90befe58d9aa1dab3c433c317""}",,0,0,0,0,0.0,0.0,"{""0"": 2.8242953648100105e-14, ""1"": 0.003985951934262719, ""2"": 0.16589669135890717, ""3"": 0.012485897379865598, ""4"": 0.05913471422086251, ""5"": 0.06758563706040022, ""6"": 0.0013971903623163856, ""7"": 0.32659034743487303, ""8"": 0.3460514899451286, ""9"": 0.01687208030335541}","{""0"": 2.8242953648100105e-14, ""1"": 0.003985951934262719, ""2"": 0.16589669135890717, ""3"": 0.012485897379865598, ""4"": 0.05913471422086251, ""5"": 0.06758563706040022, ""6"": 0.0013971903623163856, ""7"": 0.32659034743487303, ""8"": 0.3460514899451286, ""9"": 0.01687208030335541}",[],[],1,0,0,0,0.0,442750e4f8067b4ffed891071d43d918641b2885aa0cc2b83f854eaa19d1fcea,759f7c5cb052e8045a7ae72282f15f3451cf6827059d2efc032d4aa040a102ce,"[""proposal_created"", ""proposal_committed"", ""audit_accepted"", ""committed_once""]"
25,trust_v2,0,none,0,0,0,0,1,0,,77.27,,0.1,,69fb483fdd8edfa7d6f55eaf0268bdcfdc8635a119a96caf657242a60d2764a1,1,"{""0"": ""13d8138d485196278aae8a3a4de311232678b582bbfd4245549410c941acf5e0"", ""1"": ""b67c336f76c3296c7ff41949f3b6bb8ee5767fd3c345416604fc18336d75c78a"", ""2"": ""c1348d2c0480a6da7757fb600fed7df1d1313bc93799a6bcc7fb1adba6b606e2"", ""3"": ""8024c66a5a4f075aafd35217e19978e5aa55f34cbeed1be139a3d773a511826f"", ""4"": ""b42c2a6255a02eb49f9b80ec67ccfc33bb42d78c52e3d437bfcd1741ef8ca2b9"", ""5"": ""c812d536ddeef5474fa3166b5a912e312ad94c0bb8f5af3c02c8f768ac88172c"", ""6"": ""5770c723dfae7a50e49cdf11cffb9cca19c8b1a914fef3e6a94ac6f931855450"", ""7"": ""2337bb4a38b6e5235514866a167eee1515fe819d101e5eaa799f9397ccff7098"", ""8"": ""d78479508ee1127ea9b56c027f083f9cb6ec2e772c0ac29d62d9beead32b0f49"", ""9"": ""6e5e098b941281fb2d0a45b43c5d8cdde23763793e77e732b310477d0592401a""}",,0,0,0,0,0.0,0.0,"{""0"": 8.472886094430032e-15, ""1"": 0.0011957855802788157, ""2"": 0.04976900740767214, ""3"": 0.0381611786041915, ""4"": 0.21305332323800064, ""5"": 0.21558860008986197, ""6"": 0.05555929972119447, ""7"": 0.1087903886602765, ""8"": 0.11750788363576675, ""9"": 0.20037453306274852}","{""0"": 8.472886094430032e-15, ""1"": 0.0011957855802788157, ""2"": 0.04976900740767214, ""3"": 0.0381611786041915, ""4"": 0.21305332323800064, ""5"": 0.21558860008986197, ""6"": 0.05555929972119447, ""7"": 0.1087903886602765, ""8"": 0.11750788363576675, ""9"": 0.20037453306274852}",[],[],1,0,0,0,0.0,759f7c5cb052e8045a7ae72282f15f3451cf6827059d2efc032d4aa040a102ce,762c99799b25cd9c8c56d86c1a5cb98e92ae08ff021059386f21bee5491f2ce7,"[""proposal_created"", ""proposal_committed"", ""audit_accepted"", ""committed_once""]"
26,trust_v2,1,A1,0,0,1,0,0,1,V2,76.47,,0.1,,fb2502a476acb802c5dc8ac8e433366dbe3f1e1c835c672ff7808874bd435a07,1,"{""0"": ""0d5dceef99cbac2d554764448664a32506994cd54e7c3ee2842973f2e23b5bef"", ""1"": ""3b42ea7558d5f29cc14338c2dfc0a9d06e42d2f058efc58764519f5576bdd5bd"", ""2"": ""b0291a50c857d2c378524eace37514599e30407689b272608d8e5f5d81e0289d"", ""3"": ""8bd854bdcbeea1f6090a2f9ce7704dff359c4f44dc5cc1394b852db3631b016b"", ""4"": ""b78bb739b26eacca0e7e1a9cf1208184c6a8ebbd8b1823541744acd3bb946a72"", ""5"": ""573f17c58293d9a86496b0ffded488ed979afd74677eea9fe8b3590d2bf67c79"", ""6"": ""4f50fb4172b1e3eba47a888703877c64556ccd5a90b4069e7accd4a5ad364ce3"", ""7"": ""83d44f3b314fe1c231be6631507c9b5dcfae1c6c7edaaecad9700d1965073375"", ""8"": ""d4e18107032f9b09fe27d8b3ffb9927c09a12c03a7b04f70e8a33d71e82540a6"", ""9"": ""eabd4942d3ed7b7520aa2854ebeec5dd7e698c1cf4b3af031868553460a88056""}",13ef1545cf90894074a8735386a7f4d5caf25487138d60068c9f802f9d1c3765,0,1,1,0,2.8413918298591847,0.0,"{""0"": 0.75, ""1"": 0.75, ""2"": 0.75, ""3"": 0.75, ""4"": 0.07189036689522098, ""5"": 0.06467658002695861, ""6"": 0.01666778991635835, ""7"": 0.2783038638794411, ""8"": 0.4816112478855512, ""9"": 0.06011235991882457}","{""0"": 0.18876176819926588, ""1"": 0.18876176819926588, ""2"": 0.18876176819926588, ""3"": 0.18876176819926588, ""4"": 0.01809353702884784, ""5"": 0.01627795414262671, ""6"": 0.004194988662114261, ""7"": 0.07004417259009481, ""8"": 0.12121305431404213, ""9"": 0.015129220465210673}","[0, 1, 2, 3]",[],1,0,1,1,0.0,762c99799b25cd9c8c56d86c1a5cb98e92ae08ff021059386f21bee5491f2ce7,c8d15e1a8d191240314a9c0e196b8f107593ae3927178620de367addee08ca03,"[""proposal_created"", ""proposal_committed"", ""audit_rejected"", ""recovery_recomputed"", ""recovery_audited"", ""recovery_verified"", ""committed_once""]"
27,trust_v2,1,A2,0,0,0,1,0,1,V2,74.13,,0.1,,9ab8619307185b401ba7575a3928ea2a3d177baa0afc6bbc16f64f077099d47d,1,"{""0"": ""10d1e25a3bafdc813a8df704bafa5fb5e422755d7301fc2b685bfa553ca5f8ea"", ""1"": ""47a4c2595e1a8e768accf57d84e416cef2099dadb18c7bcbd0930115fde358d5"", ""2"": ""37be7cb858c2f5aae3bc9efaf4cc1e65eb57de361a3495c27db4a81cd34fc639"", ""3"": ""0b423066e3533c465d53fb3cdc134329bf4316ae39de9e733fb7ee5301ab1b39"", ""4"": ""20170a3f31fada9f9787a4e0c87463d9b2e6d4dd21ca6a16630530d2f8039953"", ""5"": ""f0b264bba40e11867a27c70108187fa28282607e176baf4487f759cff9655e34"", ""6"": ""3a03035002d1c8f4600f34a8e46d4fe83eb6fa8dac0940f66cb7073764cb4e5d"", ""7"": ""5624fde535b57ddea72d9240fee310b0f9ae373393fcab9fe58c8a53924d0866"", ""8"": ""25f37e5014680d279244dfa087957e7ce1208a2cef4a9d047e4ce89df5c1f166"", ""9"": ""6a96ed045f52844aec7a03233402f0bfaaff73744ddd2acf7832a13d1c45b3cf""}",543cb17542473cf66606284876e9b01ec9626abacd026875d9bc78fbe1fdf13c,0,1,1,0,1.286568930009495,0.0,"{""0"": 7.625597484987033e-16, ""1"": 0.00010762070222509347, ""2"": 0.004479210666690495, ""3"": 0.003434506074377237, ""4"": 0.34630052725778543, ""5"": 0.0694774436073726, ""6"": 0.0050003369749075065, ""7"": 0.08394985518610913, ""8"": 0.1444833743656654, ""9"": 0.34276712516486646}","{""0"": 0.1250000000000004, ""1"": 0.12505381035111254, ""2"": 0.12723960533334525, ""3"": 0.12671725303718862, ""4"": 0.17315026362889271, ""5"": 0.0347387218036863, ""6"": 0.0025001684874537532, ""7"": 0.041974927593054566, ""8"": 0.0722416871828327, ""9"": 0.17138356258243323}","[0, 1, 2, 3]",[],1,0,1,1,0.0,c8d15e1a8d191240314a9c0e196b8f107593ae3927178620de367addee08ca03,f31e868a5f231aac1e06dffff9a90df28b90c9285403cbe2da487bbeceb4506f,"[""proposal_created"", ""proposal_committed"", ""audit_rejected"", ""recovery_recomputed"", ""recovery_audited"", ""recovery_verified"", ""committed_once""]"
28,trust_v2,0,none,0,0,0,0,1,0,,80.6,,0.1,,8f887b3060c09c4fe9e58563b9683e54ef29d2fef2831d887356fca1c1e228a2,1,"{""0"": ""9c0fffdda48d08cda833065fb8a98c29023bb69a163f7e0b08b341441b496541"", ""1"": ""a49fccba9166b0f9b537d841062ca83cbfda7e15cda05647d6e7423d32ded265"", ""2"": ""979bacf5dffdc292c4a11131f85d4b436dd20750625b85765caed14e239db6d2"", ""3"": ""b287d4a6ae07de4c0ab4cb4aa34344664ee7515d64c1f707ec5ff3ec80cf7c17"", ""4"": ""a57d89794ae658ea3c75bcd02ae4f6431c8fe08959bfe1f760b24383ecdddade"", ""5"": ""05fb24a011e333b95329f5ee9fe4d698349581a3c7400fd8963974942545d389"", ""6"": ""6138b586e0229659b40433fe62411050195488006fe28e0fd48cbc9b97f798bd"", ""7"": ""875668483a1e4c6bc474bd5e4c390641f2deb07fab4824e5826d0cca111c89ec"", ""8"": ""9362a2b64481187745fba170cea75c7d550faea2f2c9836301daaf05764a26e4"", ""9"": ""8157e114bd36eea29cd0e2da020e33abe6d07d54abdf5e6150857064bf172084""}",,0,0,0,0,0.0,0.0,"{""0"": 2.2876792454961096e-16, ""1"": 3.228621066752804e-05, ""2"": 0.0013437632000071486, ""3"": 0.001030351822313171, ""4"": 0.10389015817733561, ""5"": 0.13821512845585968, ""6"": 0.0027343322772692496, ""7"": 0.31588189327661026, ""8"": 0.3340419490304771, ""9"": 0.10283013754945992}","{""0"": 2.2876792454961096e-16, ""1"": 3.228621066752804e-05, ""2"": 0.0013437632000071486, ""3"": 0.001030351822313171, ""4"": 0.10389015817733561, ""5"": 0.13821512845585968, ""6"": 0.0027343322772692496, ""7"": 0.31588189327661026, ""8"": 0.3340419490304771, ""9"": 0.10283013754945992}",[],[],1,0,0,0,0.0,f31e868a5f231aac1e06dffff9a90df28b90c9285403cbe2da487bbeceb4506f,e2329a8a174f16a36423464be45c22d2fd55191d063ea95fccd32374712ea713,"[""proposal_created"", ""proposal_committed"", ""audit_accepted"", ""committed_once""]"
29,trust_v2,1,A2,0,0,0,1,0,1,V2,74.12,,0.1,,292e438d72533f31de99acec9f4ec4568f0779faabcbc8889edb0800872aea10,1,"{""0"": ""fc92a5cad832a4bfadf278b7486db35af134fac33eff2b937d0ae75c8db60948"", ""1"": ""bca78c06aa158182e4d62d53b6a95dd3774883e56071b12ee1a26d3c03688215"", ""2"": ""3ba212a80b548259a8ed7fd17ad8b0ef9f8722eb03c630dd724dc0d1eb34aa93"", ""3"": ""dde53ec961fc5fa91885861ca4823c04e405dd736b9c9ef4d8c188e70670260b"", ""4"": ""68a7cff2adf90ef7955b86dff739f7e8b706582b2f1adba4dced0fc0c5c9128f"", ""5"": ""e77ba206909255b3010897cc9c99b29ab9d0a4f5defb6c6390f1791be3fb9df2"", ""6"": ""00044b300e1dc79cc63b46002d67416b630a84ccb72e6b8f2caafaf4aa9033b0"", ""7"": ""528f0d3f798694e2db10e3d1914f225f42fdad900562cd9e6be620e726c0f3bb"", ""8"": ""ec65e6c861b09c78cf836e95f2051ad697730ad9997811f624b9d897e7eb4e77"", ""9"": ""92d1d7c42b8e555105fdded0b90d322de806f475cf4f4494339885c4fcd388b8""}",1b7e9a15168513f4339ecce7e9a81ca6f1bfcaf118a14325e0b7cf722d6f402a,0,1,1,0,2.517867522488628,0.0,"{""0"": 6.86303773648833e-17, ""1"": 9.685863200258413e-06, ""2"": 0.00040312896000214467, ""3"": 0.00030910554669395134, ""4"": 0.03116704745320069, ""5"": 0.2438594550133942, ""6"": 0.000820299683180775, ""7"": 0.1821517299040868, ""8"": 0.5104305063114032, ""9"": 0.030849041264837982}","{""0"": 0.12500000000000003, ""1"": 0.12500484293160014, ""2"": 0.12520156448000108, ""3"": 0.12515455277334697, ""4"": 0.015583523726600344, ""5"": 0.1219297275066971, ""6"": 0.0004101498415903875, ""7"": 0.0910758649520434, ""8"": 0.2552152531557016, ""9"": 0.015424520632418991}","[0, 1, 2, 3]",[],1,0,1,1,0.0,e2329a8a174f16a36423464be45c22d2fd55191d063ea95fccd32374712ea713,3bb636efe99905f5507b5b83313906082c5a06943ec60f41c59202ab36fd7bfd,"[""proposal_created"", ""proposal_committed"", ""audit_rejected"", ""recovery_recomputed"", ""recovery_audited"", ""recovery_verified"", ""committed_once""]"
30,trust_v2,0,none,0,0,0,0,1,0,,80.29,,0.1,,f1eef4a271106b56f89c0788ca810b8600c8540e6bdf7006dae56003d706faee,1,"{""0"": ""d49b29e6df0d2aaed1f7c38be025b40d6f857384ddc63acde7676e5dc931d52d"", ""1"": ""e1bc2dd19b3f7236d397b18eabf61a885d9af4db3de2cb1ec78b254784054d5a"", ""2"": ""a10ca7d09e8401164c3b5c5f8fefd2634bf657a5ca7638f988217f85ad6f3e22"", ""3"": ""741b2f77466631f375f3570d5aa8c3a7f1fcea6921cc6705a9c9832775723d51"", ""4"": ""1ba8d8c4330f0320622d55b1a211568f94b0d7d46eacb2778d6af7117831c3ec"", ""5"": ""a3da33edaf0708bd2b69916f3fb57396031e28413fa25b847c87b908804585f1"", ""6"": ""52ce08484599a940ad65785ced60bf24748414dd78b3af328f06d234e6c50dad"", ""7"": ""d727976437ca85a4a99c81772689b6fefa93da62951f432d7cefc06bc3189449"", ""8"": ""049af259a9500160f93fad968adb96fb0b91f336d38112041c0c60412e52d4ec"", ""9"": ""4b210c9e3fc249fe1ec532f90a1e68c4f81b99384e1cd46db3bbbde6de8f662a""}",,0,0,0,0,0.0,0.0,"{""0"": 2.0589113209464993e-17, ""1"": 2.9057589600775242e-06, ""2"": 0.00012093868800064342, ""3"": 9.273166400818542e-05, ""4"": 0.24304183638985094, ""5"": 0.12712276648123166, ""6"": 0.00024608990495423254, ""7"": 0.28833724112511677, ""8"": 0.15312915189342097, ""9"": 0.18790633809445653}","{""0"": 2.0589113209464993e-17, ""1"": 2.9057589600775242e-06, ""2"": 0.00012093868800064342, ""3"": 9.273166400818542e-05, ""4"": 0.24304183638985094, ""5"": 0.12712276648123166, ""6"": 0.00024608990495423254, ""7"": 0.28833724112511677, ""8"": 0.15312915189342097, ""9"": 0.18790633809445653}",[],[],1,0,0,0,0.0,3bb636efe99905f5507b5b83313906082c5a06943ec60f41c59202ab36fd7bfd,9d475722ebba4f8997d578f7f583ae3a799ace848b8923715d6918d5107ab25b,"[""proposal_created"", ""proposal_committed"", ""audit_accepted"", ""committed_once""]"
31,trust_v2,1,A2,0,0,0,1,0,1,V2,79.59,,0.1,,45620d0d0507e3732331594f4abdc2f89780a4865a7828bb618d03ff57382cdc,1,"{""0"": ""c6bfaaeebf3ebfebc1a655677f56ed00b202ee89ab7a98e8c613537127acf353"", ""1"": ""683f6b7181b265fc0bba25162822f6c888d1aa022981f202e8b300a72be3601e"", ""2"": ""49ff47248a09810924dc04b47f0dfa1f1c59a0eb481a40defad844e5b45edbf8"", ""3"": ""d9ee7bc53f7ccd1344091bb1075b0a9f58d64ec2fd375223f504afebabbac13a"", ""4"": ""fee2c7c146d204edd919cb37f62fca8c7cf76279db229b36b0562e15a7dfdef3"", ""5"": ""69889db20598a3f21dd3451f1d8ed3b712fbae7eeb2ddf3998615f6acad193bc"", ""6"": ""934a152689c8135d3921b333bc73002d8873f96d41c77655730ab2a7cdfae824"", ""7"": ""4d776c77f715efa776e1231add7c601ccd7c68aa5910507f18f083c26d448fcb"", ""8"": ""64bf5e39fe9e24239a59b1d60ef12543efe36c012febf4aaa7404a58ff263cf0"", ""9"": ""debf5c985a57a0116281c0320f001e72d7f134126d537441bfa6d93e32c7db10""}",00e2fc5dfc8c75ad048829edc76b85428a633b50f9dac4b3d22eeee523e5ef94,0,1,1,0,2.4283128200122563,0.0,"{""0"": 6.1767339628395e-18, ""1"": 8.717276880232575e-07, ""2"": 3.628160640019304e-05, ""3"": 2.7819499202455634e-05, ""4"": 0.07291255091695531, ""5"": 0.13783591876272414, ""6"": 7.382697148626979e-05, ""7"": 0.3866516279283578, ""8"": 0.346089201158849, ""9"": 0.05637190142833697}","{""0"": 0.125, ""1"": 0.12500043586384402, ""2"": 0.1250181408032001, ""3"": 0.12501390974960122, ""4"": 0.036456275458477655, ""5"": 0.06891795938136207, ""6"": 3.6913485743134894e-05, ""7"": 0.1933258139641789, ""8"": 0.1730446005794245, ""9"": 0.028185950714168486}","[0, 1, 2, 3]",[],1,0,1,1,0.0,9d475722ebba4f8997d578f7f583ae3a799ace848b8923715d6918d5107ab25b,ae2b0113327c49c5a2b3848a580917cebcafca0f1f6c472fbe01a3235b3e517e,"[""proposal_created"", ""proposal_committed"", ""audit_rejected"", ""recovery_recomputed"", ""recovery_audited"", ""recovery_verified"", ""committed_once""]"
32,trust_v2,0,none,0,0,0,0,1,0,,74.08,,0.1,,2a3b2141c4f46edc214bcd3b5f1253377ced575a9c2e411e726b49a07c4ed3d2,1,"{""0"": ""4043d16fe3a36463f05562e53c50b999c5340be2b9f58ab10eb56fd5d028000b"", ""1"": ""5e08cca7efa6b1d91304c20ce4ec18412b1f0cf7ef42febd1457b335fa083c07"", ""2"": ""70d04583fb7e4ad6f73a8b3bd66833e4e5ad17a8fa3dd91b0aa004b813a72826"", ""3"": ""4163fea6328ae6419c51b3c67000289cc437070e0322fa957953549d1f8e7fb6"", ""4"": ""935a1d0a6c611321e97f54e401e1bb37940f2eb2874782f7198e2c9d14dd8aa7"", ""5"": ""6dc35ad6a6703db6e640a8030b10da6a7a3d76a4cf9c32ad418c81f0801d3600"", ""6"": ""29f635fe49b2ad6df468953ff9bf0e4e57ab30ef526493467250fb90349f7b9f"", ""7"": ""a1d50d1a8f313d3edc16c76b606523f2eac6b671fc508641b7116f5a1e20dc57"", ""8"": ""4fcfdaa44a3fb388acb2c2ecf2d2f04ce04f7ac79039a0c655e45920961337dd"", ""9"": ""c54ebcc8946c5e1d6a76efbd4fee09f3080f4d61b1e8e74853aeb1764d28d2ff""}",,0,0,0,0,0.0,0.0,"{""0"": 1.8530201888518504e-18, ""1"": 2.615183064069773e-07, ""2"": 1.0884481920057914e-05, ""3"": 8.345849760736692e-06, ""4"": 0.3649774600378332, ""5"": 0.055024177819581806, ""6"": 2.214809144588094e-05, ""7"": 0.11599548837850734, ""8"": 0.10394596863139681, ""9"": 0.3600152651912477}","{""0"": 1.8530201888518504e-18, ""1"": 2.615183064069773e-07, ""2"": 1.0884481920057914e-05, ""3"": 8.345849760736692e-06, ""4"": 0.3649774600378332, ""5"": 0.055024177819581806, ""6"": 2.214809144588094e-05, ""7"": 0.11599548837850734, ""8"": 0.10394596863139681, ""9"": 0.3600152651912477}",[],[],1,0,0,0,0.0,ae2b0113327c49c5a2b3848a580917cebcafca0f1f6c472fbe01a3235b3e517e,b0362560e1232d078985fa9a07e4485cf46e1ba4a912fa1e3161b3b7927c8334,"[""proposal_created"", ""proposal_committed"", ""audit_accepted"", ""committed_once""]"
33,trust_v2,0,none,0,0,0,0,1,0,,81.39,,0.1,,82c6628d151ff39ed1c0c5e75e6796af5af18dee0c4c301a97ad7b453074763f,1,"{""0"": ""e0e297ef6d0eac2500359b8c7c7f028b69274e9219dfeb9798debf57e5487a17"", ""1"": ""0cdc96d7ec5ae2a27583d70d6a6984fcd11a722305525dd21a72ce696e9d8dbe"", ""2"": ""81a987590e85bb2b5305b01af801444fb6ae2e05e99a341decc7ed07f18c8ee3"", ""3"": ""e4d32ca66b40cdbebb25987bc9589cccc5e60fb54f66b42c7f40eabb4c343eb0"", ""4"": ""f5e60219527980653b2bb4fe6620520aad3f52a25357ac24351b08eb97da32ca"", ""5"": ""f92ea9ef8ea6a7f83c749c54b8a3a6daa916c172e21d65c6cd2d22f96f991c6a"", ""6"": ""274b3d047f34fbd28eca4acb43a94366da881a05aeb033345cf78116eaef71cc"", ""7"": ""c4f5045f3e54dc04dd649d84f5fa0d811bf6af13b79850fd92f48e5c02446191"", ""8"": ""ffa0f1e30af10b95e9272604168e64ae52d76fa696ece7459c78d99bc2bec6fd"", ""9"": ""5a2933b47082e63e4738b6fd59a0b7d56ca3c07d032c7ccb05b8a362ba0c537b""}",,0,0,0,0,0.0,0.0,"{""0"": 5.559060566555553e-19, ""1"": 7.845549192209321e-08, ""2"": 3.2653445760173754e-06, ""3"": 2.5037549282210083e-06, ""4"": 0.10949323801135, ""5"": 0.2293864626307865, ""6"": 0.0035241553847322224, ""7"": 0.276600286392447, ""8"": 0.27298543046831386, ""9"": 0.10800457955737434}","{""0"": 5.559060566555553e-19, ""1"": 7.845549192209321e-08, ""2"": 3.2653445760173754e-06, ""3"": 2.5037549282210083e-06, ""4"": 0.10949323801135, ""5"": 0.2293864626307865, ""6"": 0.0035241553847322224, ""7"": 0.276600286392447, ""8"": 0.27298543046831386, ""9"": 0.10800457955737434}",[],[],1,0,0,0,0.0,b0362560e1232d078985fa9a07e4485cf46e1ba4a912fa1e3161b3b7927c8334,bc9dbdec9ac4b23e95fd4deed392ac8e5f6255288aaca42f144d91c0df3384cb,"[""proposal_created"", ""proposal_committed"", ""audit_accepted"", ""committed_once""]"
34,trust_v2,1,A2,0,0,0,1,0,1,V2,79.22,,0.1,,70e2b9d8b947fee79598b23f8fde842fdfd6aee6a6ed9b86b4934eb81d493b0b,1,"{""0"": ""215c9091aeab8efecf6b7dcc8f0026993fab66470f5327c23ec0786b439c8d70"", ""1"": ""ba2b863b91bb9418bba47abea19d41acdf1144c7ddc6c86c2db1b714121782b8"", ""2"": ""21e3840c91dabe2e79b7ceefa3e84eb076cd8e5adf8f20029f6c416b61d5b211"", ""3"": ""dad0327854cc0aeb6c737989d084ff3638007552a0506b907283b98d9e6d6500"", ""4"": ""2b90d678a3e5243cd171f58dd3ebd1f8e7b7f3c749f21c4736ddcb67f4997316"", ""5"": ""340f7aa1a1af29dcbd91af3fabab3bd21118d973091f996354ff26f627ac9c82"", ""6"": ""07b9ea58cfe13eca4595b020997aefa647019b1dc2c23666a55a78637cb1737f"", ""7"": ""aa50a9acc9808299a7899e15267ec6eef9c62219a8b1a741ec2bd7598d47bed6"", ""8"": ""3b3cf49afac733d71434cdb133344a8d124b7eba77c46b12761430976d5d3789"", ""9"": ""918badc7c53df4df0c226ef53c7e0c4ead8302bc3b464e3054555d690ec61243""}",033c4e1c39998fb0baa05ddfc2bfd4717bd28c4b2cb4b3acb8853569bd9f05b2,0,1,1,0,2.720069440928758,0.0,"{""0"": 1.667718169966666e-19, ""1"": 2.3536647576627967e-08, ""2"": 9.796033728052127e-07, ""3"": 7.511264784663026e-07, ""4"": 0.03284797140340501, ""5"": 0.15124557606238562, ""6"": 0.0010572466154196668, ""7"": 0.39176526728115924, ""8"": 0.39068081050391934, ""9"": 0.032401373867212306}","{""0"": 0.12500000000000003, ""1"": 0.12500001176832382, ""2"": 0.12500048980168643, ""3"": 0.12500037556323926, ""4"": 0.016423985701702507, ""5"": 0.07562278803119282, ""6"": 0.0005286233077098335, ""7"": 0.19588263364057965, ""8"": 0.1953404052519597, ""9"": 0.016200686933606157}","[0, 1, 2, 3]",[],1,0,1,1,0.0,bc9dbdec9ac4b23e95fd4deed392ac8e5f6255288aaca42f144d91c0df3384cb,bf33a1ea08800486c0981bf9d53a56906db2a3218c9555afba1d77e481b017f9,"[""proposal_created"", ""proposal_committed"", ""audit_rejected"", ""recovery_recomputed"", ""recovery_audited"", ""recovery_verified"", ""committed_once""]"
35,trust_v2,0,none,0,0,0,0,1,0,,78.66,,0.1,,5948dbe3123d9981c91dbc4dfcf1f2b81efe42ba5f598912f4119c49d95464a7,1,"{""0"": ""cdaa3501d57d880f031f1ee141f16c4df923e23ec48e6e11aa4b76080e57efa5"", ""1"": ""eebdec577e3e3470ee1fef4f9c1f442408e5f805925ec74c4658d743e30ec336"", ""2"": ""97f1e8cf7c0804ec4bfa096188d94ae75e8ccb8e0a1b9720c03d3131ea178100"", ""3"": ""e57b6ba2e0dbd070b1c93de19342bebd58d86ff38c3765cbda19625a27049c71"", ""4"": ""d4e44dce31084898dd77cedb657868f0118fedc6eeb6891da16853f79b7694b7"", ""5"": ""02a245af297913eb39277ff37830a0867fa58ca7f8a06d9ca0cca86edfca6aae"", ""6"": ""603cc4314e781ed44fa9aac2df2a0b6f5ba7a245c081b92e3230972cf9a04486"", ""7"": ""5dca32c56c53d0eaceaac4e15d7b3639091e3b661511c0d84c800cd69f1efa30"", ""8"": ""bf1723c0731ed39055713abfd6a4635965628c00537fa3838b5357722ff08330"", ""9"": ""141c77ce0ee8d4b83b4737d1b50a2c232e855ec76456759c889e5a5be7e1c297""}",,0,0,0,0,0.0,0.0,"{""0"": 5.0031545098999994e-20, ""1"": 7.060994272988392e-09, ""2"": 2.938810118415639e-07, ""3"": 2.2533794353989081e-07, ""4"": 0.15958365350514864, ""5"": 0.3205090417766521, ""6"": 0.00031717398462590015, ""7"": 0.1175295801843478, ""8"": 0.11720424315117584, ""9"": 0.2848557811181001}","{""0"": 5.0031545098999994e-20, ""1"": 7.060994272988392e-09, ""2"": 2.938810118415639e-07, ""3"": 2.2533794353989081e-07, ""4"": 0.15958365350514864, ""5"": 0.3205090417766521, ""6"": 0.00031717398462590015, ""7"": 0.1175295801843478, ""8"": 0.11720424315117584, ""9"": 0.2848557811181001}",[],[],1,0,0,0,0.0,bf33a1ea08800486c0981bf9d53a56906db2a3218c9555afba1d77e481b017f9,71b1c299abf73e21ef59a9165e7d8b80e84561e97efa2f33cdad4df7a455e2f7,"[""proposal_created"", ""proposal_committed"", ""audit_accepted"", ""committed_once""]"
36,trust_v2,1,A2,0,0,0,1,0,1,V2,79.8,,0.1,,df909b5036fe40a229ae97b4d98846af2c03189ce55da4312c4eb2bdf116fad0,1,"{""0"": ""60485570332049125a1256a2199a419e10a4469e26a7a1c9d117e626c89f5ac7"", ""1"": ""abdfb179e9785d1d63f1f86751656d081dbfa73e5562fb070a0e600a0fbdcc15"", ""2"": ""d6609255e34a4d7e1eba48a4fa806da694815b40db6b283b27aa3d203490a585"", ""3"": ""1ee3a69e772c58847e533835b0c37dfe9e4924d314334d9735d50f78fc71ebd1"", ""4"": ""0d4f7b57b0476ee635357eefadf62067339268e8ca4cbd23de6da7f5f683ceb9"", ""5"": ""a632c3a163627d86f78119d0509b8c4abbc1d81b46a54e59ed6a962ea0e5099a"", ""6"": ""b58d0f8dc232274a170b6c6ec634a53856a655cfab7e36945e6c2cb1287de068"", ""7"": ""dc30b009ed9413120e8af20ac15e891e496b7d88d366c4c13c246a735413d32f"", ""8"": ""a8e998e8488b8b3536ff12afbca320b631184177a3633b7b0a0a2651a7946c64"", ""9"": ""67b40f1f22fd531400dc30fd47565993bc388007676e0a20fafad54b3de9a8fa""}",e32070088ff95fbbfebb7250bd4cb71bfb8cd9521f5f8b75e0fb8a365f01d5ce,0,1,1,0,2.639048968575689,0.0,"{""0"": 1.50094635297e-20, ""1"": 2.1182982818965177e-09, ""2"": 8.816430355246919e-08, ""3"": 6.760138306196726e-08, ""4"": 0.0478750960515446, ""5"": 0.09615271253299565, ""6"": 9.515219538777006e-05, ""7"": 0.38525887405530435, ""8"": 0.38516127294535274, ""9"": 0.08545673433543005}","{""0"": 0.125, ""1"": 0.12500000105914913, ""2"": 0.1250000440821518, ""3"": 0.12500003380069152, ""4"": 0.0239375480257723, ""5"": 0.048076356266497824, ""6"": 4.757609769388503e-05, ""7"": 0.19262943702765217, ""8"": 0.19258063647267637, ""9"": 0.042728367167715026}","[0, 1, 2, 3]",[],1,0,1,1,0.0,71b1c299abf73e21ef59a9165e7d8b80e84561e97efa2f33cdad4df7a455e2f7,cbfc0c8673d262a97855b0505475570deb44f0b0a7da51a933038ae51254ac00,"[""proposal_created"", ""proposal_committed"", ""audit_rejected"", ""recovery_recomputed"", ""recovery_audited"", ""recovery_verified"", ""committed_once""]"
37,trust_v2,1,A2,0,0,0,1,0,1,V2,78.98,,0.1,,9bfa60d5a93dc6a11f04351d6f0f305b31424f366e06eb2bf8097e553bd4adcb,1,"{""0"": ""4a444ae550ddcc2b5d8b351b6c20016b15e7d4dc150d484c0d6a93a3346888d7"", ""1"": ""7d287cb2e6d07fd6d9a8e0a9630c0331f98fa8b7fefc8ed0da42440962666e12"", ""2"": ""b1864da1d754440b2d4bdea3309dfaea6752a3fa24f2390ea0587ddf24cf6e04"", ""3"": ""10250341fcd527797cfa61b4f5e491fe03e39daf2b78dd2ddc35a8466096c311"", ""4"": ""7918e76a6c67a1f1292d38c3691cf2798bd69c5d3c25613cc6d0b4f04ca9fdf1"", ""5"": ""bf15721197ab0159a7db6aa80aa54228e04f9c7d20cba028632379feef0913f3"", ""6"": ""b812be85afd16d05acd5cfe146fd7f10283159df0c6ea7815af22c01c5284962"", ""7"": ""866d8d4ed0dff56f4f9a8e50fb7bb1dfc6107bcc787fdce99816f950018b4ce2"", ""8"": ""5e75d27d9015c659b399845f7db43f4264d69c685434e10ac74f232fa251c500"", ""9"": ""d7a2ff1a4442510fe155e531cfa91042a2463d88677fc4c7e8d19faddf87a7ab""}",8c26172cd9175e6056b299191fa8123b4e270a5566816817f7be1d37547073be,0,1,1,0,1.6865352977425954,0.0,"{""0"": 4.502839058910001e-21, ""1"": 6.354894845689554e-10, ""2"": 2.644929106574076e-08, ""3"": 2.028041491859018e-08, ""4"": 0.2476958621487967, ""5"": 0.26217914709323203, ""6"": 2.8545658616331024e-05, ""7"": 0.11557766221659133, ""8"": 0.11554838188360583, ""9"": 0.25897035363396237}","{""0"": 0.125, ""1"": 0.12500000031774475, ""2"": 0.12500001322464555, ""3"": 0.12500001014020745, ""4"": 0.12384793107439836, ""5"": 0.13108957354661602, ""6"": 1.4272829308165512e-05, ""7"": 0.05778883110829566, ""8"": 0.057774190941802916, ""9"": 0.12948517681698118}","[0, 1, 2, 3]",[],1,0,1,1,0.0,cbfc0c8673d262a97855b0505475570deb44f0b0a7da51a933038ae51254ac00,adfc9c23f1755f2876fbb9a4025d3509c43de7bef6d96ef0398d7b959fb4142d,"[""proposal_created"", ""proposal_committed"", ""audit_rejected"", ""recovery_recomputed"", ""recovery_audited"", ""recovery_verified"", ""committed_once""]"
38,trust_v2,1,A2,0,0,0,1,0,1,V2,81.14,,0.1,,c83c901f061b2bf52ce8deddce23934b21b3bf13e324443c30dfba2fab361f92,1,"{""0"": ""371c32613b4e62aea06d9e6f7cbd35175f82fe075f03c86c835354a50e84aa1b"", ""1"": ""0988036671362bcc52fa21df2cc2aef87e97da881858baba5966fb517ec5a299"", ""2"": ""648dc97d22700e12fcca4bbafa43b40727014bea02c224f33569c5becacec6fe"", ""3"": ""ca259cd92eba5559d7552a560ca5387152f5579e9128e66f0b995a8450b72f23"", ""4"": ""98948021ee9a9b957f7d7c56c137849bfa5e059dbd2fe73c64e36080126bc2c4"", ""5"": ""f63d8bac4d663116ae6cb02fb6aa53d8f305c9ca053b5b42a49736277e08788b"", ""6"": ""38b7f13074bf7e2ca51382f52b234a05880dc3c5a1ab43bf8b8858f23123265b"", ""7"": ""9638af4bef6a91bd2b92e558ef2393f4590e2f46e0c7a9966e56bcc5ccf51a71"", ""8"": ""da60ef1351393380875d06f8a5df4d11650eb56ba82c05d1fb9cc985a9d6dba2"", ""9"": ""4e82bffa0282b1798a377569bdfcde91ce887b2367e78666aebf70d3f453ca6b""}",66a6676abbb0968fb2cbd12f84b26b82e304e95990f75cf798ed1c90430b1b27,0,1,1,0,2.5824985807215515,0.0,"{""0"": 1.350851717673e-21, ""1"": 1.9064684537068658e-10, ""2"": 7.934787319722227e-09, ""3"": 6.084124475577053e-09, ""4"": 0.07430875864463901, ""5"": 0.0786537441279696, ""6"": 8.563697584899307e-06, ""7"": 0.3846732986649773, ""8"": 0.3846645145650816, ""9"": 0.07769110609018871}","{""0"": 0.12500000000000003, ""1"": 0.12500000009532344, ""2"": 0.1250000039673937, ""3"": 0.12500000304206227, ""4"": 0.03715437932231951, ""5"": 0.03932687206398481, ""6"": 4.281848792449654e-06, ""7"": 0.1923366493324887, ""8"": 0.19233225728254086, ""9"": 0.038845553045094364}","[0, 1, 2, 3]",[],1,0,1,1,0.0,adfc9c23f1755f2876fbb9a4025d3509c43de7bef6d96ef0398d7b959fb4142d,59a444c2d1cb616860a611a9a3821de21a1d1d57365ac727e66889f1de5f78e4,"[""proposal_created"", ""proposal_committed"", ""audit_rejected"", ""recovery_recomputed"", ""recovery_audited"", ""recovery_verified"", ""committed_once""]"
39,trust_v2,0,none,0,0,0,0,1,0,,78.17,,0.1,,9c7fc6f0383fffda0995fd9b02f2982ea94778ef381a2d37c25f1ff92ddb3ad5,1,"{""0"": ""a81260076df95e32536d480daab8eb46ad202c6efc88e05f6982ed6116e33564"", ""1"": ""a60dfd4a40f84f8bfb3bdc941b30cf40d3222707bc6f39ad132f87734b0f0ea7"", ""2"": ""f9ec53fd85d84b62c3d7ac966d6b0c38e42149acca8d02c2b1ec1c044fe4d6b4"", ""3"": ""1ddfb144b35862d4e373a87e1868a649c18685594206268fd168076f7d506b1e"", ""4"": ""eb2ae84b1e836e78d1f17b6fc675ced57965aea4adc74985252f6f69016ac8b4"", ""5"": ""4d2386ea06a612113010c380bea88134956c280bd714b83884e78941e2cedae2"", ""6"": ""48c9b9920ad6dddf6ad674e532bbc6d334e8064bd51a93d4230e2f5794aa8609"", ""7"": ""1749dc3f8e3b8202b961231987778bc741a4ec2bce671c42b437cddf5f11bb46"", ""8"": ""7aac9f28042eb61176d9247724afeccbe871755af3abc36075dd0501fb5e5f60"", ""9"": ""009c9fb37ab7a7a90111cb1f04183332c24baf529ac032bd4bfd0229bd681f48""}",,0,0,0,0,0.0,0.0,"{""0"": 4.0525551530190002e-22, ""1"": 5.719405361120598e-11, ""2"": 2.3804361959166685e-09, ""3"": 1.8252373426731162e-09, ""4"": 0.251522193127654, ""5"": 0.2389542874038698, ""6"": 2.5691092754697924e-06, ""7"": 0.1154019895994932, ""8"": 0.1153993543695245, ""9"": 0.2787196021273154}","{""0"": 4.0525551530190002e-22, ""1"": 5.719405361120598e-11, ""2"": 2.3804361959166685e-09, ""3"": 1.8252373426731162e-09, ""4"": 0.251522193127654, ""5"": 0.2389542874038698, ""6"": 2.5691092754697924e-06, ""7"": 0.1154019895994932, ""8"": 0.1153993543695245, ""9"": 0.2787196021273154}",[],[],1,0,0,0,0.0,59a444c2d1cb616860a611a9a3821de21a1d1d57365ac727e66889f1de5f78e4,e8f0f48941653f62f4b8ef615465d5beb638bfe279e1c0ae492e633cab87b649,"[""proposal_created"", ""proposal_committed"", ""audit_accepted"", ""committed_once""]"
40,trust_v2,1,A1,0,0,0,0,1,0,,33.81,,0.1,,39d9366806b3ac5799958186af430c973539bd2031a0badebe29c990e502e663,1,"{""0"": ""071b0f7dc8463d6f652aaf4534f353bf542c05435b1e1e91340bbc72d6c32453"", ""1"": ""68eafcb35affa924148382704869a3fa4fe9c53a03f495294b85d960cd142ccc"", ""2"": ""4b9fb6cf19f1055151cbb075e6c80ce32c5e077ea5cb9271fa0534d858531c7a"", ""3"": ""4e89cd593974fd53a4b6f39baa810bc6caf1121af50248d1de7bb0e87e483e6b"", ""4"": ""e042ca8ef0d0e6687b53fda4a17ff1b0c87fb1cc0d8f7ae9d1954f46bfbd09e0"", ""5"": ""ba61131820ee0cf1e35f73c04011a4cf4f87c38750c1862f71c5c59f4d294582"", ""6"": ""868a864a5a50145c68de2bbd9b8dd5ddac0bd329781e438c76e478f80438c5f3"", ""7"": ""5058f80c456ad189d3fe7886c9f7966a3c4fe29831490611e25ac37fae90b05c"", ""8"": ""6680898ea9bc047887f5158010bfe90842c273d16d5ba9387398b07030dd2c73"", ""9"": ""f55b7b18388f0411384cbc2e5386c55a4f68b1932eb02f87a10b571c72037814""}",,0,0,0,0,3.708542882240236,3.708542882240236,"{""0"": 0.75, ""1"": 0.75, ""2"": 0.75, ""3"": 0.75, ""4"": 0.07545665793829621, ""5"": 0.10156134014205596, ""6"": 7.707327826409379e-07, ""7"": 0.3696830699194004, ""8"": 0.3696822793504098, ""9"": 0.08361588063819463}","{""0"": 0.18750000005994658, ""1"": 0.18750000005994658, ""2"": 0.18750000005994658, ""3"": 0.18750000005994658, ""4"": 0.018864164490605212, ""5"": 0.025390335043631664, ""6"": 1.926831957218382e-07, ""7"": 0.09242076750939841, ""8"": 0.09242056986715069, ""9"": 0.02090397016623197}","[0, 1, 2, 3]",[],1,0,0,0,0.0,e8f0f48941653f62f4b8ef615465d5beb638bfe279e1c0ae492e633cab87b649,2a77a34e5a4e1b4468d07da28cec0f50d1eb8ffef7bd53735dd67e55d3436595,"[""proposal_created"", ""proposal_committed"", ""audit_accepted"", ""committed_once""]"
41,trust_v2,1,A2,0,0,0,1,0,1,V2,75.88,,0.1,,de707f4636e2e0d9de6741a286aecd1132de88f09ddbdaa00a034be6d3dcd003,1,"{""0"": ""5f2503f9be6f2933ac8b9ddc8d89bbacec120c167525a0c786d0d1e70809685a"", ""1"": ""28d3a18da65ac211466d26e76b40ea755952d52e18276dd11bfe89a606e37791"", ""2"": ""3807441f6d6536a4cc02df80d47454be7ac6795ae5790c37a452ef8f4f42b532"", ""3"": ""05ff188869576b287d050d955ddecca6bd0affd6b32572ea809695da14e2ea74"", ""4"": ""3a28f08cb736a9769a007ffc80465ac6b9d182ff9c0a9d15732ba2309d861ec7"", ""5"": ""dfec993199e9e63edce4930a43120906ccb318c72694806e8b09e49d3bff47f9"", ""6"": ""19ba8c24e3b9595c558302bfec0634abf9d2417b5fd236bd997cddadd1ddd379"", ""7"": ""c2bb97a2bd56c93707f8d08475416be3ed4fb945712b11ead181945a167938f2"", ""8"": ""80aa524905e2b3ed40b68a74df6b567007d435756f9a21a5c85bfa7166095377"", ""9"": ""3f448ba1dbac3cc3394726dc3ae8ef5c95a85e648bad83663d657be57ea8c52b""}",21bf0414fd7c7de54d9f2731e97480d26a50940304b07b0f3a7d1ff3765e33b3,0,1,1,0,0.9969988331122568,0.0,"{""0"": 3.6472996377171013e-23, ""1"": 0.036870993017565044, ""2"": 0.0063985132138142985, ""3"": 0.10057763884389906, ""4"": 0.15740104659422954, ""5"": 0.1652324512553575, ""6"": 0.011925205930077454, ""7"": 0.1564092586095124, ""8"": 0.20533607913134563, ""9"": 0.15984881340419907}","{""0"": 0.125, ""1"": 0.1434354965087825, ""2"": 0.12819925660690715, ""3"": 0.17528881942194952, ""4"": 0.07870052329711477, ""5"": 0.08261622562767874, ""6"": 0.005962602965038727, ""7"": 0.0782046293047562, ""8"": 0.10266803956567282, ""9"": 0.07992440670209953}","[0, 1, 2, 3]",[],1,0,1,1,0.0,2a77a34e5a4e1b4468d07da28cec0f50d1eb8ffef7bd53735dd67e55d3436595,efacccc57cd68128d444f0c3d1742cbb58e4a38c9238b06268a2eb21cc76efd8,"[""proposal_created"", ""proposal_committed"", ""audit_rejected"", ""recovery_recomputed"", ""recovery_audited"", ""recovery_verified"", ""committed_once""]"
42,trust_v2,1,A1,0,0,0,0,1,0,,20.34,,0.1,,301b25eff7938ae5c6104b05c2f691a8d1fefd5c583cffa61ee1c9e9daeee7fd,1,"{""0"": ""df25242892e29bda3d521a43c2e1108c753f26108f1065be0e7d126e03df0cc0"", ""1"": ""2b3bc0f5ba764b2317247c8d14d5a5ad4eed79774ee366fd7b6ad41b465524fe"", ""2"": ""2ae634fc71a66ba1fb7cf5dc3ffd22c718b95afc375a5f23e8836da695061a49"", ""3"": ""9e744e39f914d381bb2f303fa076426e4bc65bc514cc1230d1b414471db52c33"", ""4"": ""6fb23b963b3378ae33e86fa1b5ffb001f0766c11979ada68d972c9d02096abab"", ""5"": ""81e44f5b53d73702625b797395b3abf63bf039c17e517e061d8a85b6241572f4"", ""6"": ""9e4902aa1e80c1f5e51215267a3ed7efaefd61ca0f7aef217fd846ef133430c2"", ""7"": ""6d03068fc83bdee715963c126d3520ce70d6eaca5fc4ff194dfc88fdbe01c92e"", ""8"": ""68da9c3dce5c59d49fe55f1c6a02614d5f63d9ec903ae6721b6254786b90b1d3"", ""9"": ""c36f5198c89ef04af88cf66e9cad846fd71a58b9728e148688e811fd3a23ffb4""}",,0,0,0,0,3.43157401754512,3.43157401754512,"{""0"": 0.75, ""1"": 0.75, ""2"": 0.75, ""3"": 0.75, ""4"": 0.2532528011557086, ""5"": 0.25560222255404697, ""6"": 0.062402131055163026, ""7"": 0.06322112330553509, ""8"": 0.2676333109168434, ""9"": 0.054734267490119504}","{""0"": 0.1895449120850231, ""1"": 0.1895449120850231, ""2"": 0.1895449120850231, ""3"": 0.1895449120850231, ""4"": 0.06400370657379284, ""5"": 0.06459746773699113, ""6"": 0.015770675259691957, ""7"": 0.015977656345152073, ""8"": 0.06763804318500899, ""9"": 0.013832802559270455}","[0, 1, 2, 3]",[],1,0,0,0,0.0,efacccc57cd68128d444f0c3d1742cbb58e4a38c9238b06268a2eb21cc76efd8,9a88f2a137e80dc353a5c38e25a8d454eb666dfb9bc6736658915361414b0ca0,"[""proposal_created"", ""proposal_committed"", ""audit_accepted"", ""committed_once""]"
43,trust_v2,0,none,0,0,0,0,1,0,,74.14,,0.1,,dbec135ebab2c27e02578b82147bf9852e9be0ce40e70a97d3345ad5bb0ab6f8,1,"{""0"": ""030b14a605f11520a86b0ee84b9997b90a9e3ee0adad402f85ef9c593091c9c2"", ""1"": ""2aea626f27298eae6f391ab2f1b22599df2c0fa262e7c87a35ede18c241719c9"", ""2"": ""40be797bdfb26e4934e44b42d7493aa6db9d2bf9459cdccf5af07b8f1db2ff08"", ""3"": ""9c8fda545d7d580216de52ad54c7f406ff8ec5f8f4a852c152bcce7c839fff28"", ""4"": ""93574eb78836f3f025f23ff81cc3f7633bb2b6c45764dc0375ea588627dc16fd"", ""5"": ""cffa6da9de837f9f9b0c6d9cc2f092e58de24b9793635e1518ac0f79fd1e762f"", ""6"": ""e1462caf89a236307e4d15dd45c8749961ad478e742523939d8603e11678bf5d"", ""7"": ""8da5a153736ad9824e9d6de7fe25f46c9261cdca91c3b6f09e2e27f5916946e1"", ""8"": ""cddebea277b3081ed4001eab03d74b07466cfeee8964ad463b639e7a1433b6ed"", ""9"": ""e8c05cc4f1ff0d0c54272c2e6b6a22c2135d3cd4d71a694743704d5769288992""}",,0,0,0,0,0.0,0.0,"{""0"": 3.2825696739453925e-24, ""1"": 0.003318389371580855, ""2"": 0.040238735003560046, ""3"": 0.009051987495950918, ""4"": 0.2011895424605029, ""5"": 0.20189436888000442, ""6"": 0.14393434143033923, ""7"": 0.06589215968095366, ""8"": 0.19284649331628187, ""9"": 0.14163398236082617}","{""0"": 3.2825696739453925e-24, ""1"": 0.003318389371580855, ""2"": 0.040238735003560046, ""3"": 0.009051987495950918, ""4"": 0.2011895424605029, ""5"": 0.20189436888000442, ""6"": 0.14393434143033923, ""7"": 0.06589215968095366, ""8"": 0.19284649331628187, ""9"": 0.14163398236082617}",[],[],1,0,0,0,0.0,9a88f2a137e80dc353a5c38e25a8d454eb666dfb9bc6736658915361414b0ca0,2684f974a08b15f060ba4383e5bafdd4ea0d5d438701a1cec82cf9fe49e68455,"[""proposal_created"", ""proposal_committed"", ""audit_accepted"", ""committed_once""]"
44,trust_v2,0,none,0,0,0,0,1,0,,66.57,,0.1,,89dc1e911faf65ab53f6eaaf70fe030fd860e6d1d337a83f33440acf19a5877a,1,"{""0"": ""8d84eeb5f9f7d8e63c7629b6034b26232266ecbbf8c45c0d04645b8ae4145a0c"", ""1"": ""76d66adbf85a9cf4f6070f4d0f9b199c862dd639b46fa6fdf91b18b461337f08"", ""2"": ""da7ab14d17f15f0839e61166fea765f53aef428c8416d840527107098d6b7f1a"", ""3"": ""9476978aaa63db0952a9b3cd1ebdd6531a47b3330c62912ec8a70a82abb210fd"", ""4"": ""0ff5f62bb1e60b54417ad104d397fbb0feab49c899659a6077fdc2c9bd9b6992"", ""5"": ""2e3a8bb072418f67803d8d127120525d6fd1006782c5e9e95b669c67226753b8"", ""6"": ""19118b252edf9adcc77bf4e668c314efbe1b5c70e6310a844daaf5f5df86a48e"", ""7"": ""a76ee19e7c4297dac8e74d37dc64f2b8c3967424961576908d6f61d4dfb68aa6"", ""8"": ""79a3a53524bb076f9d8172acd9c4d6e1805cf2cae399f6709838966d7bd41ba6"", ""9"": ""6c05f6c8b9c51a382f9b8eb567002bbf4444fcc63306592144f4ab541baf22c3""}",,0,0,0,0,0.0,0.0,"{""0"": 0.06999999999999999, ""1"": 0.07099551681147424, ""2"": 0.082071620501068, ""3"": 0.07271559624878526, ""4"": 0.13035686273815086, ""5"": 0.13056831066400132, ""6"": 0.11318030242910176, ""7"": 0.0897676479042861, ""8"": 0.12785394799488456, ""9"": 0.11249019470824784}","{""0"": 0.06999999999999999, ""1"": 0.07099551681147424, ""2"": 0.082071620501068, ""3"": 0.07271559624878526, ""4"": 0.13035686273815086, ""5"": 0.13056831066400132, ""6"": 0.11318030242910176, ""7"": 0.0897676479042861, ""8"": 0.12785394799488456, ""9"": 0.11249019470824784}",[],[],1,0,0,0,0.0,2684f974a08b15f060ba4383e5bafdd4ea0d5d438701a1cec82cf9fe49e68455,feb24cc858c4ed1877a352cb2be6aa91be93c10ac6ddecad9ba9134e50ba215c,"[""proposal_created"", ""proposal_committed"", ""audit_accepted"", ""committed_once""]"
45,trust_v2,1,A2,0,0,0,1,0,1,V2,80.87,,0.1,,c26565f64639abb65a2e5b64530a1581ed5a17b85600d9896cc055466bf473d1,1,"{""0"": ""ce08212ac53dc2cdfe318cadded3a2e149a5b92450f0bf0e722cf274ebf7ad7a"", ""1"": ""6202d1081973e4a2faa84dcbea8f9fd27c76753704c08c9681d62a2d0507c4c8"", ""2"": ""41ca4ab4864295b3c2354ac70377b74c506fee3e9fcf87755c3868d0c78b4932"", ""3"": ""06e89fc6e9cb260aa19b41560efec7640c3afea94b049d30832a32a846451fdb"", ""4"": ""d2b05adac3b4302738eba7ce01b5f704dd2d94f50705b9ab82effac4935945e3"", ""5"": ""b71872fdd6d9911c079e403681b9d9d3a968772f07917b89755f897a559f0ab8"", ""6"": ""509f027756d82cf8bd350f3884f3c672d1e7177f4fb6a7fcfbeac5a07756a827"", ""7"": ""76be4378d4cb1d2e86fde26ccc14ed1a921934643fc018fc7cbbd1424a048bad"", ""8"": ""528d1fb21458efab2505df905e1d77d3143c3c5f1acd8ac10a2bfffaccfea4a0"", ""9"": ""6fac871c3d560ffb7d5ff8b0af300f22e815de5f8062177baef2824501994c37""}",093c2a75e824c84f70a7801ad4c94656816e11affb4a75b8cf9f7e6babfc8beb,0,1,1,0,0.8727542306682056,0.0,"{""0"": 0.021, ""1"": 0.023621533014383713, ""2"": 0.025973702790406256, ""3"": 0.021814678874635583, ""4"": 0.17123692480071426, ""5"": 0.19852057036820375, ""6"": 0.1933041678977339, ""7"": 0.03128375963062571, ""8"": 0.12014752704181916, ""9"": 0.1930971355814777}","{""0"": 0.13550000000000004, ""1"": 0.13681076650719187, ""2"": 0.13798685139520314, ""3"": 0.1359073394373178, ""4"": 0.08561846240035714, ""5"": 0.09926028518410189, ""6"": 0.09665208394886696, ""7"": 0.01564187981531286, ""8"": 0.06007376352090959, ""9"": 0.09654856779073887}","[0, 1, 2, 3]",[],1,0,1,1,0.0,feb24cc858c4ed1877a352cb2be6aa91be93c10ac6ddecad9ba9134e50ba215c,f130abfd8087e3cd51e9f77f093eea5474210affb0bc675b98688c07e3c0ab78,"[""proposal_created"", ""proposal_committed"", ""audit_rejected"", ""recovery_recomputed"", ""recovery_audited"", ""recovery_verified"", ""committed_once""]"
46,trust_v2,1,A2,0,0,0,1,0,1,V2,81.94,,0.1,,e252eb96e29ebae32c322419d0391c249a4b96aba681358d6f5cf7d4dde3764e,1,"{""0"": ""b5ca2f3b0fd743188fc568dccb044464d3c1aed4855255a63c89e4a464780d5a"", ""1"": ""8b5da8ddae9f840f88da51f569f609124c60b355912926ff3a849321ae9e48e0"", ""2"": ""c034e9464ae835713140eb6c439efca61c3a4fbcb70b01caa7702f07273c041f"", ""3"": ""ae2f9188f8270a9014e0648565880e54447548362d16f52ebea7f12d2e4be151"", ""4"": ""2fb7e4b3fc9d49817f5fd77daa4772c075823bcfc02bfc7a2e0bb0bc554945ff"", ""5"": ""abab602cbdd203750ee60d366ca2064f52628999d7cc0a455dcd8db2c53ad575"", ""6"": ""ceed3d87ec02fe089e472c36a07170a17601f269db955b07b05fac4e61983a3b"", ""7"": ""57ea718d3738e29fb26ea2436970e9ce9192897f2a0a91fc8343ff0178729406"", ""8"": ""7dd4d20f929f15a2e22ad29f52e6fc1636f91c714e771ae805fe4fd717f1c68e"", ""9"": ""ea9815786b2d65b307d03064b751aad1a2c340c304c068f813e9d446adf418a6""}",eca1fb3c8a4d562ed1cdcde099f4d372ae890967028e625be60773fd98dd80fd,0,1,1,0,1.9938481466868192,0.0,"{""0"": 0.006300000000000001, ""1"": 0.007086459904315115, ""2"": 0.0077921108371218776, ""3"": 0.006544403662390676, ""4"": 0.06871175212881772, ""5"": 0.05955617111046113, ""6"": 0.05799125036932017, ""7"": 0.35115261187921876, ""8"": 0.3769360994339112, ""9"": 0.05792914067444332}","{""0"": 0.12815000000000001, ""1"": 0.12854322995215756, ""2"": 0.12889605541856095, ""3"": 0.12827220183119534, ""4"": 0.03435587606440886, ""5"": 0.029778085555230566, ""6"": 0.028995625184660086, ""7"": 0.17557630593960938, ""8"": 0.1884680497169556, ""9"": 0.02896457033722166}","[0, 1, 2, 3]",[],1,0,1,1,0.0,f130abfd8087e3cd51e9f77f093eea5474210affb0bc675b98688c07e3c0ab78,bd1dfd0458e646f6ba6896afb9d477ba9fcb5788016c7068e375c745cb38f03c,"[""proposal_created"", ""proposal_committed"", ""audit_rejected"", ""recovery_recomputed"", ""recovery_audited"", ""recovery_verified"", ""committed_once""]"
47,trust_v2,1,A1,0,0,0,0,1,0,,72.1,,0.1,,82981ef71984539e43e637c2de7da53d5d9d072d8455a5d3fe9c94efb52de050,1,"{""0"": ""6c792c983aa6d887d3a749dde9e8d13f8366a1a95cbe3acbf44370d0d0c8f383"", ""1"": ""15aecf161ed29f2ac8c9fae04bf026195e4008c7b358bb88cf65e1d7f5f1c2f6"", ""2"": ""7e4a053d6d40de1397a54355ace100bf23d72862fd9eb4072326d30508248451"", ""3"": ""4afaaa22de1df3807b1f7ff3d309e08e3d14407f7c97575153069962802930d8"", ""4"": ""a78bcc9c575555d0b6236df6b9e9ad58020321cf4185853717fc11f42581bacc"", ""5"": ""fc493b715c2c66453193c9cd27bd3dca6435a924722f9ed689534373d672c80c"", ""6"": ""2ea1567c1c536acc3c8909201e2a0e27afef155328b96bb0a4d76165eb9fe218"", ""7"": ""3b0d3422fe1ef3ce575955e9ac09c3edd8a530da273ce885c89e9e5863ca89e5"", ""8"": ""b7a8fcec7b8146a24ab787ecd45fbc95aee1d0e3ed1240590819e9bf6ecffd92"", ""9"": ""e08cd2d30ab9062f73f6105bf4f3faebccbad25c01f9bb590a84b1ae8bd9c867""}",,0,0,0,0,1.7508207847422335,1.7508207847422335,"{""0"": 0.75, ""1"": 0.75, ""2"": 0.75, ""3"": 0.75, ""4"": 0.33186563146472586, ""5"": 0.09536263968097726, ""6"": 0.017397375110796056, ""7"": 0.10534578356376564, ""8"": 0.11308082983017338, ""9"": 0.3286308480284135}","{""0"": 0.18789066661058723, ""1"": 0.18789066661058723, ""2"": 0.18789066661058723, ""3"": 0.18789066661058723, ""4"": 0.08313927296140108, ""5"": 0.02389033325253874, ""6"": 0.004358405875789213, ""7"": 0.026391319331214094, ""8"": 0.028329109996892872, ""9"": 0.08232889213981494}","[0, 1, 2, 3]",[],1,0,0,0,0.0,bd1dfd0458e646f6ba6896afb9d477ba9fcb5788016c7068e375c745cb38f03c,f1e96774ae9ab80f722a33407557dbf28eef3b7f16294d924816180f60ea457b,"[""proposal_created"", ""proposal_committed"", ""audit_accepted"", ""committed_once""]"
48,trust_v2,1,A1,0,0,1,0,0,1,V2,81.7,,0.1,,e8d07f7f4db29cd1165b142063b87fdcda51ae3c1f1cd02d85859a4371bb58fa,1,"{""0"": ""bc13cc8027a30be14ec76e055e1c9649f2a4cd4002dd44a90fc1ba00af3e2976"", ""1"": ""f3aa9c8d051a4e3be16234f4e2fdb7eff5d7efdfe1d1b3ebd1027c3e9b3a7f74"", ""2"": ""0e9d25e8a3e3a6deb6ba693cd6fffd4fbda3aeb22ee31191d42dfe42840893dc"", ""3"": ""5bd63159ac0085004a5cc07a976422d0df56fd832dd742b96f7a99202e01fbd3"", ""4"": ""0a53cf37a08ec3b166659234b82c26a67bf7b8fa14e6dafdb1686ddd477b4c8d"", ""5"": ""ed06b8f82034e0d1d1cc29df863ed37ccaf882e68816a6163bad0f6ede7a211a"", ""6"": ""e694036d42ad95afec8ae6f9025a6f38f326bcdf4ab6c4e28d5b624315f7e5e2"", ""7"": ""417ade7f19c12ff97aae96fff040583726ee4b1dd2046513b8f7d17e12676787"", ""8"": ""e503a4a66bc88c9c40b57d71f6bafb1f9be2402457e0cec73c591efe8eb800d4"", ""9"": ""679d91170e0f0b4d4d44fa0cafdff164254c1167d889e402023944ec99beb4da""}",3829dbdf2f4fd3c131aa72f3fd9cb8580b8669d36195faa73b5aa000f8e1acbf,0,1,1,0,1.8455877661774445,0.0,"{""0"": 0.75, ""1"": 0.75, ""2"": 0.75, ""3"": 0.75, ""4"": 0.28948672971839634, ""5"": 0.21853583218327174, ""6"": 0.07262282267082926, ""7"": 0.055500400501157274, ""8"": 0.22385128922803058, ""9"": 0.1227254675791645}","{""0"": 0.18831339419537135, ""1"": 0.18831339419537135, ""2"": 0.18831339419537135, ""3"": 0.18831339419537135, ""4"": 0.0726856381970524, ""5"": 0.0548709657489893, ""6"": 0.018234466977589896, ""7"": 0.013935291730100555, ""8"": 0.05620559475938695, ""9"": 0.0308144658053953}","[0, 1, 2, 3]",[],1,0,1,1,0.0,f1e96774ae9ab80f722a33407557dbf28eef3b7f16294d924816180f60ea457b,e334e19ee4fa6191241caf8d0e6918444d75b47614dddf0c19537d85259991a4,"[""proposal_created"", ""proposal_committed"", ""audit_rejected"", ""recovery_recomputed"", ""recovery_audited"", ""recovery_verified"", ""committed_once""]"
49,trust_v2,0,none,0,0,0,0,1,0,,82.75,,0.1,,e94929afffb06c24ab38e8257d2b4b8b6de09ef843edfff87026ea4d0daa7b65,1,"{""0"": ""89783f4e68cef6f62a6a681d61a97328b92db20f2e860a2f643076cec07e1923"", ""1"": ""94b2d48aaad0fe98062fea43b95a30c30195ceb60cc28e1b342ee04c44f09db5"", ""2"": ""23ad889e6e4ec59a68fff4ce1a76c4b0e97422dbe731aaaf1b7a2b2e418ee6bf"", ""3"": ""2739dfa386406cbf39a28c4cac012d52845a12eb60a2bfa89e5f928e645f9419"", ""4"": ""a4946e6a217432bb09a5a581589c68019b16cb66c03d05404a362d3f3b9f58d7"", ""5"": ""c98c4f48e98c6375d2bd3c1868ca2903ce0bcc1380e75742f504f4bb1a5f4d0d"", ""6"": ""100fb596f2e7d4c8b64939951b03d57314f2a34b8735741a8849c8a605e801b9"", ""7"": ""c7e8412cbd9ab041435f99f465b583c4751c5196813b03bdba58ce809576226b"", ""8"": ""57b7c7016584b5fa98fabbd3d78684caac78681c3064e3cfd397a5425d2df0f5"", ""9"": ""00f22ebadda926e750317266a67313956d1e27ac51be9ecf5030d43417c8cd03""}",,0,0,0,0,0.0,0.0,"{""0"": 0.00017010000000000012, ""1"": 0.004626051544258297, ""2"": 0.00021038699260229085, ""3"": 0.00017669889888454835, ""4"": 0.08684601891551892, ""5"": 0.06556074965498153, ""6"": 0.02178684680124878, ""7"": 0.36665012015034715, ""8"": 0.41715538676840913, ""9"": 0.036817640273749355}","{""0"": 0.00017010000000000012, ""1"": 0.004626051544258297, ""2"": 0.00021038699260229085, ""3"": 0.00017669889888454835, ""4"": 0.08684601891551892, ""5"": 0.06556074965498153, ""6"": 0.02178684680124878, ""7"": 0.36665012015034715, ""8"": 0.41715538676840913, ""9"": 0.036817640273749355}",[],[],1,0,0,0,0.0,e334e19ee4fa6191241caf8d0e6918444d75b47614dddf0c19537d85259991a4,c6ccfb8db0157e7a62ae03bc1b2d7761cf67f0da0219aea5a460b25361b1710b,"[""proposal_created"", ""proposal_committed"", ""audit_accepted"", ""committed_once""]"
50,trust_v2,0,none,0,0,0,0,1,0,,76.69,,0.1,,e131664cc478c393fde6c227e56128c8f349d98af04b7d34f5544f2d3261219b,1,"{""0"": ""697993e19a2e4b2fd7a4b12edb9e9f7882659648e3dd7e0ff1d660462cdfbda4"", ""1"": ""4f9a0b78291aae27d39177a5f51cc4a26a0371f65ee10f9001b242bbe6b44437"", ""2"": ""cd8a27f841cb2a47ab63d9e55315e0e268b48e1a1d12724fc21978c606e9a6ac"", ""3"": ""aa8b4d8b3513879e79df120e46e62f14bf7ba1c49dbc4cd2070240170dace38b"", ""4"": ""ff8c63c14d70fb6d43b6cbbbd02216428d7e60798cca086db43959c7d0931bb5"", ""5"": ""e6f9981e458000830c2d4714a721bb9c4d433fb173873aec9a3fd0d8f248a08e"", ""6"": ""7d20a539db6688a4c269e4e88da49b742f7c2d6a60fd27dec151384f518990aa"", ""7"": ""d4fa9eb977120e1bcbb16a79d9fd2f450b9c659f13c1436a2d85d19bc5f23c4f"", ""8"": ""214b38b85b8684503ba81bc24e0f4653e43a6df2c2ded47b66b3d0d67821a507"", ""9"": ""3f3a8ab01d0061381d449febe331ffaaa70bc948f30ebac4c4a423e52a16c79f""}",,0,0,0,0,0.0,0.0,"{""0"": 5.1030000000000045e-05, ""1"": 0.0013878154632774894, ""2"": 6.311609778068726e-05, ""3"": 5.300966966536451e-05, ""4"": 0.37078693363040943, ""5"": 0.03020196898498686, ""6"": 0.006536054040374635, ""7"": 0.10999503604510416, ""8"": 0.12514661603052277, ""9"": 0.3557784200378785}","{""0"": 5.1030000000000045e-05, ""1"": 0.0013878154632774894, ""2"": 6.311609778068726e-05, ""3"": 5.300966966536451e-05, ""4"": 0.37078693363040943, ""5"": 0.03020196898498686, ""6"": 0.006536054040374635, ""7"": 0.10999503604510416, ""8"": 0.12514661603052277, ""9"": 0.3557784200378785}",[],[],1,0,0,0,0.0,c6ccfb8db0157e7a62ae03bc1b2d7761cf67f0da0219aea5a460b25361b1710b,fe7aee3035f1d01c035057441cbee7de3ccf2428510a617dc6601c98aec2af09,"[""proposal_created"", ""proposal_committed"", ""audit_accepted"", ""committed_once""]"
