round,group,attack_active,attack_type,v1_trust,v1_agg,v2_trust,v2_agg,consensus_passed,healed_applied,heal_source,accuracy,v1_projection_residual,v1_projection_tolerance,v1_challenge_seed,proposal_commitment,proposal_binding_valid,update_hashes,recovery_commitment,recovery_v1_endorsed,recovery_v2_endorsed,recovery_endorsed,skipped,proposal_relative_error,committed_relative_error,published_weights,used_weights,attack_targets,excluded_clients,audit_executed,honest_rejection,recovery_attempted,recovery_consistent,recovery_relative_error,parent_hash,state_hash,events
1,noexecutor,0,none,0,0,0,0,1,0,,30.7,,0.1,,7f6673357cc3921907640bede5051c65258bccf3975c3d110389d3f4d45f4b90,1,"{""0"": ""9d09c657bac04e140a204cddbfe3f8f858f938baf5c4b559469089c8fe848ceb"", ""1"": ""f9fddf76475fbdef02396fc6963e2cdea2a4c53bad3c1c3b4de5ef210ca9e9ed"", ""2"": ""6c45ded6556cb568f3fe373924682c9c68637cf68a08ae7cddf19f7bb1f9dd85"", ""3"": ""cdc1b9ce851fcaaac5d78dadb8d22e3031725c9792c24d10a0240489bacbde34"", ""4"": ""2ed28e432dce212e8c849a612d59ad1cbcb668e1d2b72baefdbc9e26ccdcaaec"", ""5"": ""de8cad319941873656d9a1c2c83e0a36e700e80d8cf83c19fe6eb7129bd00bf9"", ""6"": ""9b5060c8d424d746e9cc0dfed5cafdc080c6bfce8513f0bf14baccb6c7eb2f10"", ""7"": ""d4b349b0e0cf24819aca36bed141f7586f5e2086a4dcb54d543a6b6b98957162"", ""8"": ""fe5928571910924591dbbcdb1f8f1cf998ef290cf809de37b20cc73f6c3e3ddc"", ""9"": ""3474c1f30c6edd3d751b34ac5d2fdca1c5778bd88c3bbb63e9eac1c23e304412""}",,0,0,0,0,0.0,0.0,"{""0"": 0.05373079274862037, ""1"": 0.06625166240581928, ""2"": 0.09723635507828143, ""3"": 0.09333077203048484, ""4"": 0.15801666435096368, ""5"": 0.1221493970136788, ""6"": 0.15801666435096368, ""7"": 0.14103313120479347, ""8"": 0.030000000000000006, ""9"": 0.08023456081639446}","{""0"": 0.05373079274862037, ""1"": 0.06625166240581928, ""2"": 0.09723635507828143, ""3"": 0.09333077203048484, ""4"": 0.15801666435096368, ""5"": 0.1221493970136788, ""6"": 0.15801666435096368, ""7"": 0.14103313120479347, ""8"": 0.030000000000000006, ""9"": 0.08023456081639446}",[],[],0,0,0,0,0.0,b3220bfac175afe1cedb4598a5691b69b53fa9091468290c805398577190d670,2cc687c0918f6a49218b0685f799fe850fe93e237230b3d98e639e28d5b6111a,"[""proposal_created"", ""proposal_committed"", ""audit_accepted"", ""committed_once""]"
2,noexecutor,0,none,0,0,0,0,1,0,,38.84,,0.1,,ec9799e4057db2c70cb46c9a226ef852d71cd15c301aab5ccaaa6aec0f493bac,1,"{""0"": ""5a0b506ba47b133dec4c4ac04b5135b4c8f87267dde331c9a9d25355bc605ef3"", ""1"": ""b17a205e06ec4eeaf33e93c7a4e2e76ec181d3cbff1a13e68546f061ef868d6e"", ""2"": ""29ea4a26a3462f0594899b1502a426428abac04ba4c682f9dc29c5b92b68f500"", ""3"": ""88fa5a18d18d2f599778e38ec541227bb43c956bb98cb0283195908b12ea339c"", ""4"": ""094dac9096fb93ca04905e4569e1b2626769185590d5b78a0f3ba91dc3b7e5f7"", ""5"": ""5e1f089da529507a2899b401c31ef188d06e936fc3952d5e4b2c9f9494a945dd"", ""6"": ""ecf1fe45579c3d3fb06e456e9446b2ccf2dd251cdb44351fc11da036fb21dbac"", ""7"": ""da5bf4c5f82151cdc070effd52521ddeb1b5d8a42d36a90018b201c9521cdb09"", ""8"": ""923d6fb81328dfcec7ad286fae021789247b289242660e7c9bd3bfddbfcd5b49"", ""9"": ""6fc9e85e3ca86ae71573061d7a5c64f8b207e971fa2f922e1433bbfbf0eac6fe""}",,0,0,0,0,0.0,0.0,"{""0"": 0.016194159430419033, ""1"": 0.01987549872174579, ""2"": 0.02917090652348444, ""3"": 0.02812235141634344, ""4"": 0.2008301493142076, ""5"": 0.19006996911302212, ""6"": 0.18496118960921923, ""7"": 0.19573508937035652, ""8"": 0.009000000000000005, ""9"": 0.126040686501202}","{""0"": 0.016194159430419033, ""1"": 0.01987549872174579, ""2"": 0.02917090652348444, ""3"": 0.02812235141634344, ""4"": 0.2008301493142076, ""5"": 0.19006996911302212, ""6"": 0.18496118960921923, ""7"": 0.19573508937035652, ""8"": 0.009000000000000005, ""9"": 0.126040686501202}",[],[],0,0,0,0,0.0,2cc687c0918f6a49218b0685f799fe850fe93e237230b3d98e639e28d5b6111a,15896938f753f9893cc53c829adb8d6caac74594572b077f3edf8caf3ec3f2df,"[""proposal_created"", ""proposal_committed"", ""audit_accepted"", ""committed_once""]"
3,noexecutor,0,none,0,0,0,0,1,0,,53.81,,0.1,,ed5b01ca45ca021e4ce563aa190a200e668d6f5a168068398c098727aad11b3d,1,"{""0"": ""6acec3fc38ded82528243ec1166c32dc0b0112cf51d5698b04ca3f489aaf4ac7"", ""1"": ""066526610f46e998108c995613896429ef53d87f82ba2155e1654f64398f500d"", ""2"": ""f9af22cab50ac4caa1a8666f3cb6383e520e9843aa1aac570a693cd833985d71"", ""3"": ""2751565629e8a3c5069c6de7ab69cdedd0655d3011f57daebfa244653808c3aa"", ""4"": ""fbd887da5c2acd447fa348023f5030f6c89a173ee1ec73442e6ad81e600a61f1"", ""5"": ""2dca71192935798ef210243f73d49459b1472e54a27b4d35276a0143532e05bf"", ""6"": ""803bc9cb0793a886c18d968c1e6d4121e5ee101f6a65465c51481ae17bf42755"", ""7"": ""337c16e3058b76fb02742d5892ea096ae1133c15db5fa1bedd0f3577ce4ef3a6"", ""8"": ""6b0aca6c1991b9af9c125a4a180cce8d4478ad1bcaf63625cd9f4b6a0b9f22c3"", ""9"": ""9b898ba45d59bf8f918cbea556ab035dbf110dde0082959be8b7ba13fb6b9c04""}",,0,0,0,0,0.0,0.0,"{""0"": 0.00485824782912571, ""1"": 0.005962649616523738, ""2"": 0.008751271957045333, ""3"": 0.008436705424903034, ""4"": 0.25338326459268146, ""5"": 0.13843831073914617, ""6"": 0.1651855329939534, ""7"": 0.2518547466095261, ""8"": 0.002700000000000002, ""9"": 0.1604292702370952}","{""0"": 0.00485824782912571, ""1"": 0.005962649616523738, ""2"": 0.008751271957045333, ""3"": 0.008436705424903034, ""4"": 0.25338326459268146, ""5"": 0.13843831073914617, ""6"": 0.1651855329939534, ""7"": 0.2518547466095261, ""8"": 0.002700000000000002, ""9"": 0.1604292702370952}",[],[],0,0,0,0,0.0,15896938f753f9893cc53c829adb8d6caac74594572b077f3edf8caf3ec3f2df,42bf5c039bbbcc47771b6610e3be6df86ed19b6cd85c8de504e45531e6a6aed6,"[""proposal_created"", ""proposal_committed"", ""audit_accepted"", ""committed_once""]"
4,noexecutor,0,none,0,0,0,0,1,0,,59.89,,0.1,,fbf64f08e8ac9f72f0c009e2f007efcdf997f3ad91b4d5da333609561a9734c1,1,"{""0"": ""4de4c8757ade7d836a71d0d9b1083ec24cd89e3b5dfe19f5cd55f7245f3e3a6b"", ""1"": ""63128c5a96c382a84eab351288bb759cd803bb091a816f85bae4b437399a727e"", ""2"": ""da44694ffbfb5a69f029e92dc8d1fa5f4fef175b219f68599d8a7a0adeae56fb"", ""3"": ""a130e2f8a0d6e6bab53caf07a48d40200fb1471c80f2ee9a464f075c5529e261"", ""4"": ""cf919992853e3d6cb94525f1df2620ce943ac3ee61304c262050ae4e83f953c7"", ""5"": ""1a94cef358f7590c92c70ce50570bfe92cee11aec5df1cd3f3bcd453e0455fbc"", ""6"": ""d5efb20b395568e729604090ab084f92fc8645dc45d7da48dddfec0b0642e269"", ""7"": ""80d02dc8867cae76301ef14f6e692c40c2f2d8c728cf19982a5ce00e0a85a715"", ""8"": ""9a0c104892c4e1108b53882302d4709b10c36d8c0f6902d56eed4f7f9a3062ff"", ""9"": ""dcb878c752ed52049f436d676630e99b9987a4f143e0acb0ac6d3984fd2cf4c9""}",,0,0,0,0,0.0,0.0,"{""0"": 0.0014574743487377132, ""1"": 0.0017887948849571217, ""2"": 0.0026253815871136003, ""3"": 0.0025310116274709104, ""4"": 0.24508681776915003, ""5"": 0.11691232111549846, ""6"": 0.21862749828953162, ""7"": 0.24462826237420343, ""8"": 0.0008100000000000007, ""9"": 0.16553243800333706}","{""0"": 0.0014574743487377132, ""1"": 0.0017887948849571217, ""2"": 0.0026253815871136003, ""3"": 0.0025310116274709104, ""4"": 0.24508681776915003, ""5"": 0.11691232111549846, ""6"": 0.21862749828953162, ""7"": 0.24462826237420343, ""8"": 0.0008100000000000007, ""9"": 0.16553243800333706}",[],[],0,0,0,0,0.0,42bf5c039bbbcc47771b6610e3be6df86ed19b6cd85c8de504e45531e6a6aed6,82cad2ee1fe684313d4056084b9ebc6e135c4842c4eb923533cd2a6d5877fb7a,"[""proposal_created"", ""proposal_committed"", ""audit_accepted"", ""committed_once""]"
5,noexecutor,0,none,0,0,0,0,1,0,,58.51,,0.1,,b6f8ea9ff92f58db47bcf8348312904ac46e5f334c3881c6acf8839edd439924,1,"{""0"": ""565beb1d4213c0270ea2a3ebf77b43785bbe89d3a39d951c70488cd66e466140"", ""1"": ""75c025443b7677daca753ca88b1d13f2df08e193cd3f6ff47b7101b3faa2e8a2"", ""2"": ""2d5d7fd102dc2915b6c6e1c14ed87682a5b5a2e0223c12c2aaad084530d906e5"", ""3"": ""797002ffcf7ff1555456a38ea7ef8c96c875214ebc42ec7b21277249fbd4181f"", ""4"": ""e3319212a967457bb2d178fabdd7234185a649e00e99ea6d3bb39b800f15aa78"", ""5"": ""996aa9fcc4ff6fae54236c71f99f5886eab5f7ed9637c57af40ae07d87758e30"", ""6"": ""0160363c8b5fc14a5f625a1f95bde2f4e2c02c4e7eb198488d718e2f77c27201"", ""7"": ""0048993c308fcf851e57a0bb98996107c1f1eebabd86f24ac508ca6f21731629"", ""8"": ""bcf1ddcf20480b9fc94605ac8e8a307daa36f68bf3f05e39cd532064b0295794"", ""9"": ""398257372532788a7e427b4f4b8cdc888992907af6491146465a71eabe4cfeb8""}",,0,0,0,0,0.0,0.0,"{""0"": 0.0004372423046213141, ""1"": 0.0005366384654871367, ""2"": 0.0007876144761340804, ""3"": 0.0007593034882412734, ""4"": 0.1806252622739503, ""5"": 0.0772016702432874, ""6"": 0.2825494574790286, ""7"": 0.2903496867044301, ""8"": 0.00024300000000000027, ""9"": 0.1665101245648199}","{""0"": 0.0004372423046213141, ""1"": 0.0005366384654871367, ""2"": 0.0007876144761340804, ""3"": 0.0007593034882412734, ""4"": 0.1806252622739503, ""5"": 0.0772016702432874, ""6"": 0.2825494574790286, ""7"": 0.2903496867044301, ""8"": 0.00024300000000000027, ""9"": 0.1665101245648199}",[],[],0,0,0,0,0.0,82cad2ee1fe684313d4056084b9ebc6e135c4842c4eb923533cd2a6d5877fb7a,9aae28f3fbaa6dcaee8b9bc8be1ae70463bbfa90c0655f2b4f0e0df57b0e2025,"[""proposal_created"", ""proposal_committed"", ""audit_accepted"", ""committed_once""]"
6,noexecutor,0,none,0,0,0,0,1,0,,60.53,,0.1,,b820309716a361741a2e6bcbb72d9846dbd03931db0132ecb24811c822103959,1,"{""0"": ""45f8377072a58d5ccaaef5dfe13cb890b11573da6292508b4b1782ca0f010363"", ""1"": ""089689ee9b7157c60a6360270e135f558e879711c076886c498098f5b584260b"", ""2"": ""2c90faa3b40bf4a4ec0071b6d6f6a9f41af8cd17fe907710d0d21fa391ec27b9"", ""3"": ""3bf28cea1466624a586be08916ef25d01961b07905fd1ee405b0c6443590e3ad"", ""4"": ""8016ecce5b64940d91c3c63d797ea7e7b40af9b6ec147400a7a614a0ac1d0a5e"", ""5"": ""a265809fd5eda86191338cac96056eef207f10adacf9255fe016a0813935ba01"", ""6"": ""564b1a6974918386d12cfaaaa98509a6b717d73eddcbe0255bd35777bbefa9c6"", ""7"": ""ec82482880300f4cd2ec0955ed10a32488bab4a3e08b50455e31a33757617a67"", ""8"": ""6edeb6c927ee473b3aef4e9999560d2b7ce0b42f5134d933ff2fb84a11e2035b"", ""9"": ""c6e2131b651437e637154d567eed3de417028bea53641c3f220b901f97659095""}",,0,0,0,0,0.0,0.0,"{""0"": 0.00013117269138639425, ""1"": 0.000160991539646141, ""2"": 0.00023628434284022414, ""3"": 0.00022779104647238204, ""4"": 0.24638532075424047, ""5"": 0.10863182534219082, ""6"": 0.16790374290942625, ""7"": 0.2667985664119544, ""8"": 0.0006322812452623705, ""9"": 0.20889202371658064}","{""0"": 0.00013117269138639425, ""1"": 0.000160991539646141, ""2"": 0.00023628434284022414, ""3"": 0.00022779104647238204, ""4"": 0.24638532075424047, ""5"": 0.10863182534219082, ""6"": 0.16790374290942625, ""7"": 0.2667985664119544, ""8"": 0.0006322812452623705, ""9"": 0.20889202371658064}",[],[],0,0,0,0,0.0,9aae28f3fbaa6dcaee8b9bc8be1ae70463bbfa90c0655f2b4f0e0df57b0e2025,3fd07048f43e1f9c863021528b5f5a68092fb332059fe25fddeb8bbae0a8e97a,"[""proposal_created"", ""proposal_committed"", ""audit_accepted"", ""committed_once""]"
7,noexecutor,0,none,0,0,0,0,1,0,,68.38,,0.1,,d0857b5291843f09b06d8f642aaf5509e377a949e165b9196166aa68eb7e0063,1,"{""0"": ""5dde39e8e030a32d1c692a0da1eb0d37384d848a4fbc793e3f96fca7126a25a8"", ""1"": ""e1bbbf7dd06d91b88afb72e2b1bdce49d6618a039f5c1cf814b34d78038a5508"", ""2"": ""d2e6be69d84560a07b753af070594e3a1b7102bf8fdb18f3d026c9f9bfb95129"", ""3"": ""c4410c98ce3d98b674fb5b48161d7ea7359672794f083186fa165cbe294c9fe7"", ""4"": ""f009293b0d46b75366574a3c4cae6767f24c5bcc31adfe457b2433bde543d13b"", ""5"": ""248a2bc9fd244680301a804bee76b41a3cc0fcf689b2470fb0edea9e26e2b1c1"", ""6"": ""6e5a24307e53d4af6ebc40012301528bf2b9775e92d0e0f473e67b17160b213f"", ""7"": ""4f73c5d8124b23126dde47143c8c0ade6941eb5961c5fbb373e72864ebc2d2db"", ""8"": ""aa89516c499f307f5559efc1814a14d636ba89a3de354c7438d50ca3da4d4aa6"", ""9"": ""7560284a2faf81821b03fee22c08e2e5b8c1814b7ceddd16cd651805615b5b34""}",,0,0,0,0,0.0,0.0,"{""0"": 3.935180741591828e-05, ""1"": 4.829746189384231e-05, ""2"": 7.088530285206725e-05, ""3"": 6.833731394171462e-05, ""4"": 0.18563612894480647, ""5"": 0.20309253411022157, ""6"": 0.2208741093803922, ""7"": 0.156810077682359, ""8"": 0.00018968437357871117, ""9"": 0.2331705936225385}","{""0"": 3.935180741591828e-05, ""1"": 4.829746189384231e-05, ""2"": 7.088530285206725e-05, ""3"": 6.833731394171462e-05, ""4"": 0.18563612894480647, ""5"": 0.20309253411022157, ""6"": 0.2208741093803922, ""7"": 0.156810077682359, ""8"": 0.00018968437357871117, ""9"": 0.2331705936225385}",[],[],0,0,0,0,0.0,3fd07048f43e1f9c863021528b5f5a68092fb332059fe25fddeb8bbae0a8e97a,0a5dc29e6ebaaf8fe00f009c45913c7e694c7083c02a52c517ce591b9920bc60,"[""proposal_created"", ""proposal_committed"", ""audit_accepted"", ""committed_once""]"
8,noexecutor,0,none,0,0,0,0,1,0,,64.28,,0.1,,773fdb56d44544ccef2fb50af726974a73767e45792036627eb1b459675eed05,1,"{""0"": ""55ded400b5ab248e0da5eba7b569d8fa4f611ca74c5d2835b1b3ec013a76f623"", ""1"": ""dd2b0044234e3800ffc7cec9b3b33a98cd8cd5a72c463fcce8e52c32cd320d80"", ""2"": ""c591da9ccd78bf90a304ad0644f4d1a6128d3e2e148e4c1f63e7c55ac0822133"", ""3"": ""32d84f329ce4362cb2668bbfa839c0583001a5e182a711ff61a0a1c4274a5917"", ""4"": ""690d42455f7ca140508a01d2cb64bc8a118e04f7fbddc43dd2f1ebd0df3c05b5"", ""5"": ""4f1d4f97b36e6be09cb4fb754d6b43e2e0ef469d974211f5f41a37b2a3db9643"", ""6"": ""9767e8b43fd5451ccda10d472eb49d21ee0c376b9a113f0944c58b2f87fc932b"", ""7"": ""32607b5578c05a1028772851a38b1c88296289796c15328a752be83ee98d8225"", ""8"": ""401611a1d73d48987da69a7182fdfb4316f4c81acae9c8261b4beecf623fa455"", ""9"": ""799dc778c1b193d3d7f7af337b57619dedafc22f457d2e11b7f0cb83649d8735""}",,0,0,0,0,0.0,0.0,"{""0"": 1.1805542224775486e-05, ""1"": 1.4489238568152695e-05, ""2"": 2.126559085562018e-05, ""3"": 2.0501194182514387e-05, ""4"": 0.11314848796480208, ""5"": 0.22156334791272642, ""6"": 0.2268978204937776, ""7"": 0.20767861098436763, ""8"": 5.690531207361336e-05, ""9"": 0.2305867657664215}","{""0"": 1.1805542224775486e-05, ""1"": 1.4489238568152695e-05, ""2"": 2.126559085562018e-05, ""3"": 2.0501194182514387e-05, ""4"": 0.11314848796480208, ""5"": 0.22156334791272642, ""6"": 0.2268978204937776, ""7"": 0.20767861098436763, ""8"": 5.690531207361336e-05, ""9"": 0.2305867657664215}",[],[],0,0,0,0,0.0,0a5dc29e6ebaaf8fe00f009c45913c7e694c7083c02a52c517ce591b9920bc60,aac1ce200e84c84e1587a512ae0d83c2afb2e0656c5fb9111c6f6856fe1619f4,"[""proposal_created"", ""proposal_committed"", ""audit_accepted"", ""committed_once""]"
9,noexecutor,0,none,0,0,0,0,1,0,,67.7,,0.1,,affd681179629faba040ee3b39b1c061d754c906eb33d6aee4064a8d8227de06,1,"{""0"": ""f7a587ecadd3f055e3314119295bfc3900c618cca03cfd8c54e803ad37883163"", ""1"": ""ffe46f829c3fe5643d452d4d91214794eef9e41ae28c2e7ac025ef5b877cd819"", ""2"": ""57e96428d7da7da2dbf9243cf6495ad3ef10ab232611c2ec0782fcd429a054ab"", ""3"": ""be455a950203002fcea65ef01bd44f08c89423cdefc1fd8f5ad1842ed27c8ca4"", ""4"": ""9b4843df78ff33ddb28d0ffe87a85b7b04bf3a717e52fcc98aa1eeb04fd17c36"", ""5"": ""385a2fbf75afb1a11a7a0b196d190cfe52405489f215c9bdda6e4b783469ea46"", ""6"": ""8c628f54f96d452337f64a3c3344acdfa150b9e6b872e3cf8d7a8b5f77708494"", ""7"": ""9cd9b31611d99061fba21f9fdaa45def0fa6eb4862b29cab440b8701d75e742b"", ""8"": ""b0eb83d4f82f564c645fe5755c830daca6abf19bdeaebf1503b71de7d1e557b3"", ""9"": ""48ae25288d7ee53c443716466592670a2d329d82fab9e1b51db00391089be89c""}",,0,0,0,0,0.0,0.0,"{""0"": 3.5416626674326463e-06, ""1"": 4.346771570445809e-06, ""2"": 6.379677256686055e-06, ""3"": 6.150358254754317e-06, ""4"": 0.24580588946909923, ""5"": 0.2783303474534765, ""6"": 0.2532196595596726, ""7"": 0.12326944387516409, ""8"": 0.0008625488248706385, ""9"": 0.09849169234796759}","{""0"": 3.5416626674326463e-06, ""1"": 4.346771570445809e-06, ""2"": 6.379677256686055e-06, ""3"": 6.150358254754317e-06, ""4"": 0.24580588946909923, ""5"": 0.2783303474534765, ""6"": 0.2532196595596726, ""7"": 0.12326944387516409, ""8"": 0.0008625488248706385, ""9"": 0.09849169234796759}",[],[],0,0,0,0,0.0,aac1ce200e84c84e1587a512ae0d83c2afb2e0656c5fb9111c6f6856fe1619f4,6db8a1e5c88d54c26605f25e2806db1462943a644e78bf7e7208fbd456239a8d,"[""proposal_created"", ""proposal_committed"", ""audit_accepted"", ""committed_once""]"
10,noexecutor,0,none,0,0,0,0,1,0,,69.65,,0.1,,621b124ec6efa109c77d4bfb7c5a92b1b0676aa100790f1501f45109149f5d06,1,"{""0"": ""39601443edb9625bacd725a8ce72aa99ec6aff3f3d7f2284de5e102569e303d5"", ""1"": ""3a7479172fe659958314b2dd2f4d8a0266e2002b0b5751c6d71c228cca9e0222"", ""2"": ""09acdf0d407e053185ec06d67e0720c3b643420d7bfa511e2089b8663058f2dd"", ""3"": ""9d3ed2e90d2701311d0dd58dc3e1a106882cc47744e3974e345e75ceed78b9f6"", ""4"": ""e69720a6b106fd89088d419f0f5afd49190e871faebc6799a447b0a16595ee36"", ""5"": ""d0e0db008c18da18dc4b3ce2d75b253be021c70b01b90a6f0bb1ced2ebd9aa70"", ""6"": ""7aa5ce5c4a42333fa816c78b36bd8adc72d0c56d60a4e611604e38cef19a128e"", ""7"": ""e52e5f1a4a647ea00682be3fe23139fe9725f9176a9757504f3f9dfbe0409240"", ""8"": ""2372443b562ad44c1dc7983a55ca2b3e19d2613814bf9f9f4589c4a3f0971366"", ""9"": ""f9c6c3edc9c18be6efdc10ff9a87ccc0319194952b2e87b8095ceb9ec6400981""}",,0,0,0,0,0.0,0.0,"{""0"": 1.0624988002297938e-06, ""1"": 1.3040314711337427e-06, ""2"": 1.913903177005816e-06, ""3"": 1.8451074764262949e-06, ""4"": 0.2613755265264028, ""5"": 0.2711328639217159, ""6"": 0.2635996575535748, ""7"": 0.12862775076916413, ""8"": 0.0002587646474611915, ""9"": 0.07499931104075627}","{""0"": 1.0624988002297938e-06, ""1"": 1.3040314711337427e-06, ""2"": 1.913903177005816e-06, ""3"": 1.8451074764262949e-06, ""4"": 0.2613755265264028, ""5"": 0.2711328639217159, ""6"": 0.2635996575535748, ""7"": 0.12862775076916413, ""8"": 0.0002587646474611915, ""9"": 0.07499931104075627}",[],[],0,0,0,0,0.0,6db8a1e5c88d54c26605f25e2806db1462943a644e78bf7e7208fbd456239a8d,5bfe3b639e88257551faf7f6b3b736af05d24cc0f6e249f9c76fa00bd9782d35,"[""proposal_created"", ""proposal_committed"", ""audit_accepted"", ""committed_once""]"
11,noexecutor,0,none,0,0,0,0,1,0,,67.36,,0.1,,6b058ef263d883985922c93a996dc4a644605b248e4f981970f18d6b8ea2f9e7,1,"{""0"": ""51e3cc36af4373e755c8bd0b29da449f8c3d10f3e73519c273eab3b3b4e8e29f"", ""1"": ""9fca7b3c2a8e69693b2d50c2fbf67acb37ca60baf1c7478515f93a0d772b56c1"", ""2"": ""aeb93e407b54f2e074ec0e2e6894e672896f647ace65b3ca4dcf31e6eff28b94"", ""3"": ""6ae93b49eaeb2349302910178a657cb729536968619ee0953d5e2af1f80b6855"", ""4"": ""3837ef12e0d8572fe2f3a8dc635cdff7c08c9f029e9dcc19e4a544b48efa3341"", ""5"": ""84aea0767307e6d22415a2b32b5ff896f04e50cd3c76fa0b02e6612a96e257bd"", ""6"": ""77c49e7eb3cd69986da8acb366be0c2cd256ceb9d7d1ac3f20a9f781aff188b8"", ""7"": ""0ba3a0c0cb647fa0e0801f5863ecb84fc18c43c5ee36b60ea536cd8cb96163c5"", ""8"": ""cec831a31e21b283adf82e42ef68e933a5836989b4978153ec5f0e062d22e681"", ""9"": ""2a1b24ebbfd9c6e113a874b98eb3165f3ab190aafa090afd275d255d1cce506a""}",,0,0,0,0,0.0,0.0,"{""0"": 3.187496400689382e-07, ""1"": 3.9120944134012285e-07, ""2"": 5.741709531017449e-07, ""3"": 5.535322429278885e-07, ""4"": 0.28284265411653664, ""5"": 0.28576985533513055, ""6"": 0.21690260982201504, ""7"": 0.12378949825552556, ""8"": 7.762939423835747e-05, ""9"": 0.09061591541427645}","{""0"": 3.187496400689382e-07, ""1"": 3.9120944134012285e-07, ""2"": 5.741709531017449e-07, ""3"": 5.535322429278885e-07, ""4"": 0.28284265411653664, ""5"": 0.28576985533513055, ""6"": 0.21690260982201504, ""7"": 0.12378949825552556, ""8"": 7.762939423835747e-05, ""9"": 0.09061591541427645}",[],[],0,0,0,0,0.0,5bfe3b639e88257551faf7f6b3b736af05d24cc0f6e249f9c76fa00bd9782d35,912cf6b1ecec332f53562f22fc22ea9f66ede6957db7c126a192e877b06c1128,"[""proposal_created"", ""proposal_committed"", ""audit_accepted"", ""committed_once""]"
12,noexecutor,0,none,0,0,0,0,1,0,,63.35,,0.1,,9e32b28a0f1928309dff44d9978ea53d53ce916b99a0c71cdf30b23fe9bc77ea,1,"{""0"": ""58305087f45ec064bed92d417ecc46e3b355031ef93b3ee8b0ec96e61a219b10"", ""1"": ""7e5afda653377c60b359cee310679b55cb55de6fbb2c1c85101dacd83f261fba"", ""2"": ""8548e4e5bfcc9819a9ddf408cb503ba821ad49174fb639087e41a693d6360708"", ""3"": ""b10cc484633e88ab0d5534a77607dcad799855c70cf92b447e219619f3610245"", ""4"": ""b284e3dbf3cad3226cf4c4f2aafe28f07bdcb3e641e7b8d4aaae9e114d5660e7"", ""5"": ""829d0b1321ce3156e1fdba7547538a148c4fda61a0d423d69a6f9e1953d8d75b"", ""6"": ""104353d22c32fc8f4160c32e917c3524aa0d8b37162698003b764d4fb6a763b6"", ""7"": ""45cd4aa52b1b3b1d6dc3f8daaa72248dfe753af79f2d0e751f4a3298a900c0fe"", ""8"": ""3215176e994d885d22d4a5d5bfac9887882fa16cb0a3c82bcac56786d8855fdd"", ""9"": ""76cdeeb5668db6e538d668ea99552019c9059f3ccbf5ac67f8217df597df1740""}",,0,0,0,0,0.0,0.0,"{""0"": 9.562489202068148e-08, ""1"": 1.1736283240203687e-07, ""2"": 1.722512859305235e-07, ""3"": 1.660596728783666e-07, ""4"": 0.20957870442283724, ""5"": 0.2876955264600893, ""6"": 0.11077199668114775, ""7"": 0.162780587835138, ""8"": 2.3288818271507242e-05, ""9"": 0.229149344483833}","{""0"": 9.562489202068148e-08, ""1"": 1.1736283240203687e-07, ""2"": 1.722512859305235e-07, ""3"": 1.660596728783666e-07, ""4"": 0.20957870442283724, ""5"": 0.2876955264600893, ""6"": 0.11077199668114775, ""7"": 0.162780587835138, ""8"": 2.3288818271507242e-05, ""9"": 0.229149344483833}",[],[],0,0,0,0,0.0,912cf6b1ecec332f53562f22fc22ea9f66ede6957db7c126a192e877b06c1128,b4b5e76491fb7ff5e94e9087df6d818c17f11d124facb9a6a6aea8e4e79d6ac5,"[""proposal_created"", ""proposal_committed"", ""audit_accepted"", ""committed_once""]"
13,noexecutor,0,none,0,0,0,0,1,0,,62.2,,0.1,,b2b4058f0162fb103d112a487a987192700d680828464ed38f125d9ff9a23a47,1,"{""0"": ""16f40ebab1e628e61de80c0ad911d675b1a65bd84df519acfc5f34d4337962b3"", ""1"": ""d7fd96e9bec7702fe9f439e9bc4045df04c62ab5c777f7700c4a5990ee923331"", ""2"": ""22bdef5fec8081fd32e2f59d75fe31c74c00f2bb871b1876799738e199dcd108"", ""3"": ""f8916c915d731e590a43cfe14573e931a971b04d901952b177f8ff4a72e1ce58"", ""4"": ""22662a6992e9ec3fa25e4405b54f9187cf4d1b995eaa98d72504c1eb21b70aae"", ""5"": ""3bed23362b7c1b05129c4344b3e75476a9dfe943f120cdbd19d8381858e7c0f0"", ""6"": ""2753130c6d14d362c45d1653fc2ac4126fbcce348ec283d9087a8e63e0ae4331"", ""7"": ""3e159fcf6a6808dbd3ea9bc5b473081ba71e377bd74c58d8d106508459d5fb53"", ""8"": ""12ade7141742f356820fd3db80cff9fc16284ffcd7f310cee63fdaae3ae0b601"", ""9"": ""945f3b995eeb7e5c9402c0828bdba1ceb58eddcb3a6fcfe8dce026bbde0e682d""}",,0,0,0,0,0.0,0.0,"{""0"": 2.8687467606204448e-08, ""1"": 3.5208849720611066e-08, ""2"": 5.167538577915706e-08, ""3"": 4.981790186350999e-08, ""4"": 0.23395647349262458, ""5"": 0.2573915201038002, ""6"": 0.0716611216349865, ""7"": 0.19715606722257906, ""8"": 6.986645481452174e-06, ""9"": 0.23982766551092333}","{""0"": 2.8687467606204448e-08, ""1"": 3.5208849720611066e-08, ""2"": 5.167538577915706e-08, ""3"": 4.981790186350999e-08, ""4"": 0.23395647349262458, ""5"": 0.2573915201038002, ""6"": 0.0716611216349865, ""7"": 0.19715606722257906, ""8"": 6.986645481452174e-06, ""9"": 0.23982766551092333}",[],[],0,0,0,0,0.0,b4b5e76491fb7ff5e94e9087df6d818c17f11d124facb9a6a6aea8e4e79d6ac5,9268a9541c0b0b5e2b68fef2c84671064cfb4eb1e4032dddeebac3537f7604b6,"[""proposal_created"", ""proposal_committed"", ""audit_accepted"", ""committed_once""]"
14,noexecutor,0,none,0,0,0,0,1,0,,63.58,,0.1,,b703b9d1d057230d8b64ad59c95c15bd2581cf095441b3a105ee3fdff5bcafdd,1,"{""0"": ""f680d4b584d392cc842a12a34443c60356e66651ef515e14e4693df5a2e92cc7"", ""1"": ""867fd4fc06c4a0da3e2d04d99939f8d0bb0e3b06a7634ca0ab911a611405c9ee"", ""2"": ""03a45e8b356827467e4ea3b5af94182fde7f1537cb9b4c7b42e1f6e3eadb682b"", ""3"": ""3fdd6cddd0e1788d9fcdabcd7c95125979340e5e644d4d10c8daf59560ee9874"", ""4"": ""f549fb53bdabc63714c7061664d98305c3be8a3e2ef8ca51888fe5b397e4a1d4"", ""5"": ""3188829df11a48bba7760bd3872818eb8aed76c6fe4a055ac03289e70b4017b3"", ""6"": ""6ab94b65e3ec8c6eafada4bb718007d464845bb65cc8f2d162ff4a01bd3cadea"", ""7"": ""cfdf8ed427cfe005b4862fe5eed4cd7e11222515237c87b5d65927e08c023324"", ""8"": ""29ac6442158c3379f163f1d1d236a4a5c17d9d6239b84aceafe477b08ad7150f"", ""9"": ""60f0c168928bdf651cbaed1c3951e9f52019bff200cd4dff56c7b7af4a11fa86""}",,0,0,0,0,0.0,0.0,"{""0"": 8.606240281861337e-09, ""1"": 1.0562654916183323e-08, ""2"": 1.5502615733747124e-08, ""3"": 1.4945370559053003e-08, ""4"": 0.3024083043478431, ""5"": 0.3094388183311958, ""6"": 0.11052592303407856, ""7"": 0.19518518987398092, ""8"": 2.095993644435653e-06, ""9"": 0.0824396188023758}","{""0"": 8.606240281861337e-09, ""1"": 1.0562654916183323e-08, ""2"": 1.5502615733747124e-08, ""3"": 1.4945370559053003e-08, ""4"": 0.3024083043478431, ""5"": 0.3094388183311958, ""6"": 0.11052592303407856, ""7"": 0.19518518987398092, ""8"": 2.095993644435653e-06, ""9"": 0.0824396188023758}",[],[],0,0,0,0,0.0,9268a9541c0b0b5e2b68fef2c84671064cfb4eb1e4032dddeebac3537f7604b6,add318f379787515b4fea92fbdf78bcfec29d46916c90d801096b62dcced9a0d,"[""proposal_created"", ""proposal_committed"", ""audit_accepted"", ""committed_once""]"
15,noexecutor,0,none,0,0,0,0,1,0,,68.24,,0.1,,1ef610d9d997d64b0f9899acddc744c71d9c944b76e1676511b179aed18d5283,1,"{""0"": ""39ec77900859b619a265f0b312bb33496d000d3dfab92afc1e986ffb9bee3bc0"", ""1"": ""5bc949622f80491e73f5a9097e6eb63f4837dae0a56e29063c1c85dabd9b793f"", ""2"": ""ae628f2503d138cfd3f70d568de05533b12ffc2ae19bd54641a8aa4ae61d85c4"", ""3"": ""b497b02006c5c9a6dd4f931ff42a4c6f820d74f8968880b316864fd20bb2763f"", ""4"": ""c02611814c181d7468e7ed702f22093a26e49ad127f23506ff71f0177b832749"", ""5"": ""37539ceeb86605f9bf74993c98d5477f0df1c2ab08e29a209097336bda0ac778"", ""6"": ""cd2499da49949b8931411320a9919a02376f9a8ed869be0fa784a716b0557edb"", ""7"": ""e142a052fc3cff165f692b4ce2043c904cc3bdcec413dab19338c33652765fa5"", ""8"": ""dc726492f61b4b92a25bb0345d927813e5d1ec2858a4caf86b3f5dd40e2566c3"", ""9"": ""5a034192e13cc9c473cebc30b4110773b77a6206061fb1655a3ce4852f00d35c""}",,0,0,0,0,0.0,0.0,"{""0"": 2.5818720845584013e-09, ""1"": 3.1687964748549975e-09, ""2"": 4.650784720124138e-09, ""3"": 4.483611167715902e-09, ""4"": 0.32348354768570964, ""5"": 0.32559270188071543, ""6"": 0.1494751804090577, ""7"": 0.11429859379665286, ""8"": 6.287980933306959e-07, ""9"": 0.08714933254470658}","{""0"": 2.5818720845584013e-09, ""1"": 3.1687964748549975e-09, ""2"": 4.650784720124138e-09, ""3"": 4.483611167715902e-09, ""4"": 0.32348354768570964, ""5"": 0.32559270188071543, ""6"": 0.1494751804090577, ""7"": 0.11429859379665286, ""8"": 6.287980933306959e-07, ""9"": 0.08714933254470658}",[],[],0,0,0,0,0.0,add318f379787515b4fea92fbdf78bcfec29d46916c90d801096b62dcced9a0d,b5bb6809c51f7eb9aa18c64a964715530f10f84a0ebdac823071dff1690a1902,"[""proposal_created"", ""proposal_committed"", ""audit_accepted"", ""committed_once""]"
16,noexecutor,0,none,0,0,0,0,1,0,,70.76,,0.1,,2298cd55f97166f8199883c8d61e79a754110a08493da0026b2b4d8973cbad05,1,"{""0"": ""5e1b6f570ad8f81014ed3576f6fec953ef684986a18135efce6601ffff737be5"", ""1"": ""90dccfb2bdebf1c7e15edc202627a2cb8a1e14e16d922e5950ee3c4be94b2ffe"", ""2"": ""1ae2d23220a66b6a8135e921a8d5dfc1b0cd4208022af09c7e17807261c179cc"", ""3"": ""e8061153b003c3e819056387e912b967df6f19d3d82e640ee57e2144808e6f4e"", ""4"": ""86b729cd4f82f99241434453b600b50c7945916a058865b0b3f7aeb167dd691b"", ""5"": ""7d7fc5485b49e016037f6dd4cc3787568d0a7a100565aa432b242d64e53460f1"", ""6"": ""4711c7c81af9d1c11c825d75d3489292d0e2f0e948881648250b05d65c335816"", ""7"": ""0a8a05a07a5a241b51c8fab91021a7d96338bb3a435cb9a287b1e36998db223c"", ""8"": ""118a826d2bdbda5fa0a48386b83763e5678b700e6deda15e230a2e61efad3782"", ""9"": ""d211db2f56b768661f9bfbcd963bc869a7008141471cb8d1237ae8656e43e1fb""}",,0,0,0,0,0.0,0.0,"{""0"": 7.745616253675206e-10, ""1"": 9.506389424564995e-10, ""2"": 1.3952354160372417e-09, ""3"": 1.3450833503147709e-09, ""4"": 0.29087189431330884, ""5"": 0.2915046405718106, ""6"": 0.1871684699739097, ""7"": 0.05355368742331736, ""8"": 1.8863942799920883e-07, ""9"": 0.17690111461270633}","{""0"": 7.745616253675206e-10, ""1"": 9.506389424564995e-10, ""2"": 1.3952354160372417e-09, ""3"": 1.3450833503147709e-09, ""4"": 0.29087189431330884, ""5"": 0.2915046405718106, ""6"": 0.1871684699739097, ""7"": 0.05355368742331736, ""8"": 1.8863942799920883e-07, ""9"": 0.17690111461270633}",[],[],0,0,0,0,0.0,b5bb6809c51f7eb9aa18c64a964715530f10f84a0ebdac823071dff1690a1902,4ecfd8af3b015181b29b9865dc7a8b12e2fa6877f9ea69c81d84c74d5ddf55e8,"[""proposal_created"", ""proposal_committed"", ""audit_accepted"", ""committed_once""]"
17,noexecutor,0,none,0,0,0,0,1,0,,72.87,,0.1,,21201fdd72bd766cb8c471a2a6a7a443ddf63dec495d31862fd2b9944017a8fe,1,"{""0"": ""95481919262e535c55b4a8a420664d75c3c94f0059c019c362af0b6bec6886fc"", ""1"": ""e80bb3fedc359156ff13315a301ceec8a023eb8e59cfbe87df89b97b0f7eb52e"", ""2"": ""870ac1866930fbce191c6a2fb8b5cd97f7615222fd6d1fa01f7ff04a6a3174b8"", ""3"": ""5cd64fceb0c87b9d6d2d4523ee75615d98ccdc2b61c3a9f1b4283be148bd506e"", ""4"": ""a11c2efe4d4168bcceafb38121684e9b4377189ec3db92094b4bfa1e1e0ecad9"", ""5"": ""c4dabd833f82335520de4319f2f6eb83a86be04d8800d0763d1f32bdf0dfcbd9"", ""6"": ""ad7373839868b698bd133f3db74e173329a9e73b5495eccf5bf524d63f29a404"", ""7"": ""df6994df7e7e2060443c3daf20e97365845b7205e4040322d027a528e8fb8106"", ""8"": ""5984b576f3aaa7d6a83d6ded9ffe628b7f72b4475e8d0bbab866e8f79c4b318c"", ""9"": ""c22b2c0b73ff70ea41d1a8fe5b13b475c8891f89a437e046a5ae7a45c5d18401""}",,0,0,0,0,0.0,0.0,"{""0"": 2.3236848761025617e-10, ""1"": 2.8519168273694984e-10, ""2"": 4.185706248111725e-10, ""3"": 4.0352500509443123e-10, ""4"": 0.24009891903036867, ""5"": 0.24028874290791918, ""6"": 0.20898789172854892, ""7"": 0.1063552477977255, ""8"": 5.6591828399762645e-08, ""9"": 0.2042691406039534}","{""0"": 2.3236848761025617e-10, ""1"": 2.8519168273694984e-10, ""2"": 4.185706248111725e-10, ""3"": 4.0352500509443123e-10, ""4"": 0.24009891903036867, ""5"": 0.24028874290791918, ""6"": 0.20898789172854892, ""7"": 0.1063552477977255, ""8"": 5.6591828399762645e-08, ""9"": 0.2042691406039534}",[],[],0,0,0,0,0.0,4ecfd8af3b015181b29b9865dc7a8b12e2fa6877f9ea69c81d84c74d5ddf55e8,9de01d8f371c27218c48d46e60894fcead5f5d91a70987f5d35337f8d4a53893,"[""proposal_created"", ""proposal_committed"", ""audit_accepted"", ""committed_once""]"
18,noexecutor,0,none,0,0,0,0,1,0,,75.53,,0.1,,657877d85925e7f62458f83e45a2b39125ab90a540132b79e904b0d43eb4cb59,1,"{""0"": ""f943159a06a062a40fd7ae6c0330c4dac24ad9336f58058b7e3af8d323eb2917"", ""1"": ""8442ff9909a3bbb9e3da25023db644c1b3b2964fc20e4528929cf188b641ef58"", ""2"": ""02ae1e7426898f3dfe00b7701db6667f05e179b133400ea7bdc74d36997ead5a"", ""3"": ""c007d0328e3c921739b8d4968e5234547f9b25f168356f8b00f8166ccf679166"", ""4"": ""6ee7234b0767a7138a10e024c11e1dd3ac16f149e8e83d0ca95d2f222161726c"", ""5"": ""71e3df9a3b5da800b0ebbd725ebdbb3295ec267ab59bcd25f1f7f3084ded06d9"", ""6"": ""ed5ead5b2984745511eeba1bc8fec47d899e972226cbc8e745740651a1c66338"", ""7"": ""13505264e938f3efc34464cdfeec8f8868e06e0674a1b8f600256d02a2349d6f"", ""8"": ""8fa47dd20410174611de5a31822edcc42bf95e341b21c9536f92e760639430ac"", ""9"": ""005856ec2dae971484c78deccea8c637b3a94804c53e09978ff6de4c13408fa7""}",,0,0,0,0,0.0,0.0,"{""0"": 6.971054628307687e-11, ""1"": 8.555750482108498e-11, ""2"": 1.2557118744335178e-10, ""3"": 1.210575015283294e-10, ""4"": 0.2689735335374895, ""5"": 0.2690304807007547, ""6"": 0.181097012007197, ""7"": 0.11181328407021301, ""8"": 0.02233063190075312, ""9"": 0.14675505738169609}","{""0"": 6.971054628307687e-11, ""1"": 8.555750482108498e-11, ""2"": 1.2557118744335178e-10, ""3"": 1.210575015283294e-10, ""4"": 0.2689735335374895, ""5"": 0.2690304807007547, ""6"": 0.181097012007197, ""7"": 0.11181328407021301, ""8"": 0.02233063190075312, ""9"": 0.14675505738169609}",[],[],0,0,0,0,0.0,9de01d8f371c27218c48d46e60894fcead5f5d91a70987f5d35337f8d4a53893,cc31cf280dd10f12ba35cd087782e899771b1dd73b909ee8b8dd262405fcdd82,"[""proposal_created"", ""proposal_committed"", ""audit_accepted"", ""committed_once""]"
19,noexecutor,0,none,0,0,0,0,1,0,,74.5,,0.1,,e8a49b4800635e348c4bf51af93400777c8d5ff353e38709c7244c73e91a1cc8,1,"{""0"": ""abd1650abaa668a37f8f9cbd60c805b660d598678a285bfeb092430bdb120d62"", ""1"": ""8a0dcf597e740238d467b13ccf837055f112fdf626b15dc5d32f49c34bd88f78"", ""2"": ""42b7966540023c939cf69786f1d4f07f9ae64b014202b356ea9c96157ca6c93a"", ""3"": ""ef8dfb904778af22b84c166b965e00e2b706e3b5bf575d7a4f2a4a9d18816792"", ""4"": ""2b639a3fce540a2f95bd992b57fd81c6b97324889dfda4eeebacd49573fc7316"", ""5"": ""63758e96c4d9d7acec1650a660af641727beaa323d6c18f51c53b02f23b1cb71"", ""6"": ""ac1a417c9ad6de1247a04fc1065d2f9b9e58f1f6547cbf3a70fa9a5f821048f3"", ""7"": ""b7ad53c2736494640986d19faa3ea7f53b7a46d501f1f299a2a433ad7db8650f"", ""8"": ""398507f20d988b57d6cf437e054f672c569417fedef8c750e6c4c223eba5b6e1"", ""9"": ""1ff6fc91447770b7edd45c780bcd401895943e2142bee62bb5b23f81c1df2c01""}",,0,0,0,0,0.0,0.0,"{""0"": 2.0913163884923066e-11, ""1"": 2.5667251446325497e-11, ""2"": 3.767135623300554e-11, ""3"": 3.6317250458498826e-11, ""4"": 0.2903642445531197, ""5"": 0.29038132870209926, ""6"": 0.19799974223346317, ""7"": 0.10861372757769783, ""8"": 0.006699189570225937, ""9"": 0.10594176724282503}","{""0"": 2.0913163884923066e-11, ""1"": 2.5667251446325497e-11, ""2"": 3.767135623300554e-11, ""3"": 3.6317250458498826e-11, ""4"": 0.2903642445531197, ""5"": 0.29038132870209926, ""6"": 0.19799974223346317, ""7"": 0.10861372757769783, ""8"": 0.006699189570225937, ""9"": 0.10594176724282503}",[],[],0,0,0,0,0.0,cc31cf280dd10f12ba35cd087782e899771b1dd73b909ee8b8dd262405fcdd82,a5a71d2762e9a43e268adb66c0e62b3501f6e44a56a71fc71528a975235c4b82,"[""proposal_created"", ""proposal_committed"", ""audit_accepted"", ""committed_once""]"
20,noexecutor,0,none,0,0,0,0,1,0,,66.64,,0.1,,8c70eb1388b8f3278aa9bb70c54ecc54f1483c2c212175caaa60e538564cb81b,1,"{""0"": ""952230dadcd9d453d122b4c75543f21220c60f82c5dbf76b9150d88570fe17a6"", ""1"": ""185f5d47007da922d19d0c48f2a678e0cffb820e458e43807a86dfe24bdcf801"", ""2"": ""42116af9f653c4b53218245cc6b3e8239be7859b327c337483b89c5d70662225"", ""3"": ""70c9a14fe3c97fe077b8bf032f1d69f1909b9038b6c0689e8bec100eead436ab"", ""4"": ""0034a277c56c7d38a116e6afa842c25867edcfa888aee0a843997904a8455076"", ""5"": ""d53d3b086a5631514a8dc0942b0416e2736d27eff7a1e29d96e591bc16bd0ee4"", ""6"": ""f9a94b5b94a471acee3f17841e8d54f84c4ec67ca52c1c36b6e97c35b1a66d77"", ""7"": ""2363b63b542d8c015b3c4e3b2eaefbe4e787dabd88d930b128f22aa6e763fe5a"", ""8"": ""955baaf4a688131e07c7b2cef0441f899f5b8c46827c63b1966e06ba0b4b4bd8"", ""9"": ""22386568f01402b81b4d8c410b285c87c3e2385a7e303fbed5372b72656e2602""}",,0,0,0,0,0.0,0.0,"{""0"": 6.2739491654769215e-12, ""1"": 7.700175433897652e-12, ""2"": 1.1301406869901665e-11, ""3"": 1.0895175137549651e-11, ""4"": 0.37998057261503676, ""5"": 0.37998569785973063, ""6"": 0.08070578419130342, ""7"": 0.1048264550532987, ""8"": 0.002009756871067782, ""9"": 0.052491733373392115}","{""0"": 6.2739491654769215e-12, ""1"": 7.700175433897652e-12, ""2"": 1.1301406869901665e-11, ""3"": 1.0895175137549651e-11, ""4"": 0.37998057261503676, ""5"": 0.37998569785973063, ""6"": 0.08070578419130342, ""7"": 0.1048264550532987, ""8"": 0.002009756871067782, ""9"": 0.052491733373392115}",[],[],0,0,0,0,0.0,a5a71d2762e9a43e268adb66c0e62b3501f6e44a56a71fc71528a975235c4b82,4e73f83e0051ea1acb8ab8d4ea59c781a801ff0b32ef9546ba8349f75b881fe6,"[""proposal_created"", ""proposal_committed"", ""audit_accepted"", ""committed_once""]"
21,noexecutor,0,none,0,0,0,0,1,0,,65.71,,0.1,,035fa6e92611a5b3bd46fb24e6809ba02b8f273ad9c37e58f2531302eda3bd08,1,"{""0"": ""23a19c2c3175f6bce84ea2b7e3afb9b9d5d6d11cd2d7700cfa62fc56de4087be"", ""1"": ""f1a9df8e03fef652d1fb04094e80c40f898a8f839e1e485077f2548508e04634"", ""2"": ""eb75ee1199058be443d13b69d5fc662200cf70e8eb854d152b6b2dfd22c32c42"", ""3"": ""190c2757f6a9e35db5db90f9d4ca07c6ba5a2a8585d215bcd8788ee650a353db"", ""4"": ""b0371a9dba94ea191062ce396afbba619248eb34d68de4037bee64815a44276a"", ""5"": ""1efde69f264206a3b36a1cd40a823f042cfba1d2b9d12c5886ae834ec92ef92c"", ""6"": ""ae0dca9829b180aa57e36404e1e741e69ed233328ae94b30e54372be74d6817b"", ""7"": ""c7df78843c7a2d15559ed8cdd99a708851252606d8698b4bf2b8b16ddcf4b350"", ""8"": ""56a3e9540999f2f56cf31f3278c04fd153ce5147955f20b29e7e3e907d60dc64"", ""9"": ""c28f93e6c2f4e9cc6e4865cae56d1e61b55d484d232f168ba0e24c15c388a97c""}",,0,0,0,0,0.0,0.0,"{""0"": 1.8821847496430763e-12, ""1"": 2.3100526301692957e-12, ""2"": 3.3904220609704994e-12, ""3"": 3.2685525412648953e-12, ""4"": 0.34116010664486357, ""5"": 0.3411616442182717, ""6"": 0.024211735257391023, ""7"": 0.2586138713763421, ""8"": 0.0006029270613203345, ""9"": 0.034249715430959914}","{""0"": 1.8821847496430763e-12, ""1"": 2.3100526301692957e-12, ""2"": 3.3904220609704994e-12, ""3"": 3.2685525412648953e-12, ""4"": 0.34116010664486357, ""5"": 0.3411616442182717, ""6"": 0.024211735257391023, ""7"": 0.2586138713763421, ""8"": 0.0006029270613203345, ""9"": 0.034249715430959914}",[],[],0,0,0,0,0.0,4e73f83e0051ea1acb8ab8d4ea59c781a801ff0b32ef9546ba8349f75b881fe6,ad43d476b81207a6e27eef32a4bc0872fddce73d888f70b2a2478b418ef8034c,"[""proposal_created"", ""proposal_committed"", ""audit_accepted"", ""committed_once""]"
22,noexecutor,0,none,0,0,0,0,1,0,,70.13,,0.1,,88dba6c0d2cdad56371af41a43521e25d570861d106eadf217433c82a895d80f,1,"{""0"": ""b5bc8d6f3d6e04f69950c776be1708d4b987dd37ba7a6b0f7d0f1d1103a7fe4f"", ""1"": ""e3a2ccc46c5d5b25588ac3d608a810c707af65f0bff9f16cb152e9e218f850c2"", ""2"": ""7cf83166125487e26f892008f61070ed91f41a18cbfe89835f761a5417a97619"", ""3"": ""7c8abb1d065633d9446bb9256c03cc3503e57faccf3e7af8540783962d11f73b"", ""4"": ""4cd3a4cf40ba90e69cbaf2b3aa2197eb541780eb1aed016f725238253ffdc2f7"", ""5"": ""290f6b2aa4bed00ee8ed343fcc26a53bbbd03dc5cdb1eb00c8a61cb4cb97313b"", ""6"": ""2998d0525bb0eca963ae3084b27bfe4be16c90780269638327406e4ff9500d0a"", ""7"": ""738b01d2c3d6e8ea6d6e576647157b7c063c56edaba364400af2503f817fad82"", ""8"": ""e5fb4e2bdec4704c3e27e7e0d0f5d7a8234845ca3ffcb7bd7701c9b7fd910af5"", ""9"": ""7638ffd69b68b0047dcba016075206009b6a1ffc61d344c619bbb6d305c0d7fe""}",,0,0,0,0,0.0,0.0,"{""0"": 5.646554248929229e-13, ""1"": 6.930157890507889e-13, ""2"": 1.01712661829115e-12, ""3"": 9.805657623794688e-13, ""4"": 0.2974225803654686, ""5"": 0.297423041637491, ""6"": 0.040168903315100035, ""7"": 0.27265870978491213, ""8"": 0.019541020056842842, ""9"": 0.07278574483693}","{""0"": 5.646554248929229e-13, ""1"": 6.930157890507889e-13, ""2"": 1.01712661829115e-12, ""3"": 9.805657623794688e-13, ""4"": 0.2974225803654686, ""5"": 0.297423041637491, ""6"": 0.040168903315100035, ""7"": 0.27265870978491213, ""8"": 0.019541020056842842, ""9"": 0.07278574483693}",[],[],0,0,0,0,0.0,ad43d476b81207a6e27eef32a4bc0872fddce73d888f70b2a2478b418ef8034c,f1014ab96ee68652324fe8053911fb1f786230c652ddef194473ba13b4be7266,"[""proposal_created"", ""proposal_committed"", ""audit_accepted"", ""committed_once""]"
23,noexecutor,0,none,0,0,0,0,1,0,,78.38,,0.1,,8b5e13b83994cbf1b229e09ef6784f958d22dcc6826cff056a44f829f86e08fe,1,"{""0"": ""2fe16e362a21c9771c4cf795104cea815ff618c7593cc9b1cece6480d64e41dc"", ""1"": ""797714a5e6aefb5afcfb55bc7dbd24dc7a21e39e487082cc2839c393b514a0ee"", ""2"": ""84e9fd83023a37747b0b0914ac23f74ef6f2fcf3a9521238e3f79d4c5f159b4b"", ""3"": ""565b58e1f366ed8c5a18d87538e52e747363398f1552e3dddb1fdb754ac862c1"", ""4"": ""a37ffc66423d1b34bc32d967e05b4ef708ee4295832c018e245c9bf1adda3bae"", ""5"": ""6a127622513c7d19bc6458a4331eaf1b6af52ff0123505abd449a09f6ae6a0af"", ""6"": ""79c9712bf28b3081170a2c835a09f7f2a3b01001616d15217998ddffbe89b632"", ""7"": ""4aec1b8a88ab6fbd837b555577bbcabbba8d5f22d81fc663acbe1a6e0be23ef8"", ""8"": ""33f5fd4e6f8461bcab2fe9789d5aea4cad177bc46ef916649adfc517a9f755d5"", ""9"": ""1c7d1c91a46274647bfedf2d462a873d2bdef9fbd4d54d657281f372b2e852ff""}",,0,0,0,0,0.0,0.0,"{""0"": 1.693966274678769e-13, ""1"": 2.079047367152367e-13, ""2"": 3.0513798548734507e-13, ""3"": 2.941697287138407e-13, ""4"": 0.2774350973246941, ""5"": 0.16520914730931424, ""6"": 0.20025899420958354, ""7"": 0.14119040847224607, ""8"": 0.005862306017052853, ""9"": 0.21004404666613255}","{""0"": 1.693966274678769e-13, ""1"": 2.079047367152367e-13, ""2"": 3.0513798548734507e-13, ""3"": 2.941697287138407e-13, ""4"": 0.2774350973246941, ""5"": 0.16520914730931424, ""6"": 0.20025899420958354, ""7"": 0.14119040847224607, ""8"": 0.005862306017052853, ""9"": 0.21004404666613255}",[],[],0,0,0,0,0.0,f1014ab96ee68652324fe8053911fb1f786230c652ddef194473ba13b4be7266,ae6bd3704b60091c991fa79688885cd12d3e3219e64380f5c08a869bfa393c2c,"[""proposal_created"", ""proposal_committed"", ""audit_accepted"", ""committed_once""]"
24,noexecutor,0,none,0,0,0,0,1,0,,77.31,,0.1,,148d62f26b5a4f1847a6010e81a2c9651e3a0e9d2b93a72fb7679da7370de078,1,"{""0"": ""70c6a0502b295daae4347f16f54f1b05855ea668d3abd42d04059111d376db8b"", ""1"": ""0efdd1c494309bbb14994a337a041ebe6ccf45507950cbfb024eb46ee5aa5242"", ""2"": ""04f4d38b57ab0d926f358c0020ca377b81b3b346fa7d21855a460b4ae48b1e75"", ""3"": ""7196dab1dcc23c9826180e82566a9b92fabe5aeb3f2eef7122783d3d23b15c97"", ""4"": ""f001ba049059fdfe3eb2f47bb9de6ccbec4e40114636ad979754a1f4c61fcf7c"", ""5"": ""1ac80ba79ed862056b259d948ecdaea88aab98c829b37b9e239b2d918339bafb"", ""6"": ""b3994c66434f9ca979df99dbe9f6266a34d141ba4a6a56064c219ee0fc031ad2"", ""7"": ""fa3b3a5113db254540e0473dd7f0bcb37cf93be1aa70b1e8b1616d02b1315c5a"", ""8"": ""5af7fd084ebad196dcb0242e53788da182cd25da3c9de85627853bdd5bda4f83"", ""9"": ""855d94c7ea267ac390ef77f67d2a9b9ce2f872f2d9e84f5611e747caece577b4""}",,0,0,0,0,0.0,0.0,"{""0"": 5.081898824036308e-14, ""1"": 6.237142101457101e-14, ""2"": 9.154139564620353e-14, ""3"": 8.825091861415222e-14, ""4"": 0.3465136467621115, ""5"": 0.04956274419279428, ""6"": 0.3233608158275783, ""7"": 0.06926524516466913, ""8"": 0.0017586918051158563, ""9"": 0.209538856247438}","{""0"": 5.081898824036308e-14, ""1"": 6.237142101457101e-14, ""2"": 9.154139564620353e-14, ""3"": 8.825091861415222e-14, ""4"": 0.3465136467621115, ""5"": 0.04956274419279428, ""6"": 0.3233608158275783, ""7"": 0.06926524516466913, ""8"": 0.0017586918051158563, ""9"": 0.209538856247438}",[],[],0,0,0,0,0.0,ae6bd3704b60091c991fa79688885cd12d3e3219e64380f5c08a869bfa393c2c,e3ed2c600481e705335c9ec0ba7b264fc772ab855c5f3b7a8617ca428a2d473a,"[""proposal_created"", ""proposal_committed"", ""audit_accepted"", ""committed_once""]"
25,noexecutor,0,none,0,0,0,0,1,0,,69.99,,0.1,,6ecc6500ffabaa1354c0d514f35d5d9765c36a90a20f0abb35ac8e8dc9bb558a,1,"{""0"": ""7b45d97fe09987d6a865d6b09aecd76f6de4784863ee4438ad1b4b44918dfc42"", ""1"": ""127a5b3899d708358bb27a8c014a1db5aa073fae186baa3da2729fbe519c6ae1"", ""2"": ""7ef54f5e1a01caaac429f1ecb6b9abf63fac2c545b239fcc02f8a7008f9d5272"", ""3"": ""a04b5b80c4f68f0087410a08d254f80ab4022abdf05e1b9c8a5f1aaa28d4851e"", ""4"": ""02a76ed2a2490e1215b1c9e323bdb4b10bf42c7da9b8f68d5f458a7277ee0b80"", ""5"": ""1b3db8921e46f2b64157e76f370f2a110258110c936c3a352c41b09305f9b2f6"", ""6"": ""eba12d4e157d58488c6f79a971f99ed47c8bb2266081247c97c7f6a73bbed894"", ""7"": ""81f75c2922bc0d2c460295f1d99bee4237770fd8c54be7caa2d79c47920267f3"", ""8"": ""49f5086c241ca0e8d2233c34eb085a1d86f599ba4953a02c6964dfd15f119292"", ""9"": ""cee54d0101a19446903c6416262997ac544edc5c1eb84892d08575da23919227""}",,0,0,0,0,0.0,0.0,"{""0"": 1.5245696472108923e-14, ""1"": 1.8711426304371304e-14, ""2"": 2.7462418693861057e-14, ""3"": 2.6475275584245665e-14, ""4"": 0.25138749059901716, ""5"": 0.2762654981867713, ""6"": 0.09700824474827348, ""7"": 0.047777731794062354, ""8"": 0.003302702868623182, ""9"": 0.32425833180316443}","{""0"": 1.5245696472108923e-14, ""1"": 1.8711426304371304e-14, ""2"": 2.7462418693861057e-14, ""3"": 2.6475275584245665e-14, ""4"": 0.25138749059901716, ""5"": 0.2762654981867713, ""6"": 0.09700824474827348, ""7"": 0.047777731794062354, ""8"": 0.003302702868623182, ""9"": 0.32425833180316443}",[],[],0,0,0,0,0.0,e3ed2c600481e705335c9ec0ba7b264fc772ab855c5f3b7a8617ca428a2d473a,cdd2be4429dffe895885f829e9e8d9257e29ea6c007627ea377b00b2eeab7057,"[""proposal_created"", ""proposal_committed"", ""audit_accepted"", ""committed_once""]"
26,noexecutor,0,none,0,0,0,0,1,0,,79.56,,0.1,,34d62267f7d14f4dd1bc9572497799190ed270e1b20c85d5f730b69b60253482,1,"{""0"": ""f4fa8a6383a1857228f91d2177b7b6516250e5f2dd38eacc05835ab0f5bf3e1c"", ""1"": ""4e05e3ec4cf3d6ccba472aa8d2a54098adb26ec116c8543e2168cf42c2956b0b"", ""2"": ""d2eb6f27abcf61bd02acfe9504b93ada1e6f6bc7e69144ab76c9790158656e57"", ""3"": ""ec2b2e328100fa104f0e5c9ce00430a7b98a6a33d045c1ca33f0d9901bb8a74b"", ""4"": ""dac570fdaacb0b6ea53949f58ed3da0c85e8e29c30fa3ebb276e8c32a6ef81c2"", ""5"": ""ea3db828508b2f15aadff1487a30c2496c90d870e296f623b6b91272fbd66609"", ""6"": ""9cccef2b08ee40033906f5a10715d6b0650facea5027f886605ef0f84fe57f0e"", ""7"": ""da79a08e20fab09d12b312ee3e0954d007bbd5a37ecc991d3d1482d8bcdf2e00"", ""8"": ""af1791f90f11039a1a2814f01997e661bb233b065d8bdc4c683b4d8957fec76d"", ""9"": ""a553015e5079494031bacd5c4f1d7fbb98441881d9792e72ebe6b78f19db998a""}",,0,0,0,0,0.0,0.0,"{""0"": 4.573708941632678e-15, ""1"": 5.613427891311392e-15, ""2"": 8.238725608158318e-15, ""3"": 7.9425826752737e-15, ""4"": 0.30874958051303847, ""5"": 0.0828796494560314, ""6"": 0.26243580675781536, ""7"": 0.014333319538218708, ""8"": 0.0009908108605869547, ""9"": 0.33061083287428267}","{""0"": 4.573708941632678e-15, ""1"": 5.613427891311392e-15, ""2"": 8.238725608158318e-15, ""3"": 7.9425826752737e-15, ""4"": 0.30874958051303847, ""5"": 0.0828796494560314, ""6"": 0.26243580675781536, ""7"": 0.014333319538218708, ""8"": 0.0009908108605869547, ""9"": 0.33061083287428267}",[],[],0,0,0,0,0.0,cdd2be4429dffe895885f829e9e8d9257e29ea6c007627ea377b00b2eeab7057,54ddfbb5fe5ea58d0cf9fc6bfa80675332e71f3434899f6e30e9f7cd3efa26c4,"[""proposal_created"", ""proposal_committed"", ""audit_accepted"", ""committed_once""]"
27,noexecutor,0,none,0,0,0,0,1,0,,69.95,,0.1,,c81668ea9973f349cb19ebc20466e3aede59dfb22efa44c027c2709fe0784616,1,"{""0"": ""0dc4c248fdfb8d4a6a8b1f13c6b16a26dcba4b6767aaba64d2cdf959ffcbb4e4"", ""1"": ""556768e92e2d10715d2f24db18b944843e7cf3df6267ad75815d4ba8557af5e8"", ""2"": ""789af710e366e499551e1250ed205132337b8faf64d6fe474798173e7fd63a63"", ""3"": ""6900304c1eabff92c5a9cb9a226bf98b6dc5ae61d76f27874ea90329cef5668d"", ""4"": ""651161792ea79afc93a17f8cb99dce32cb8d7c297f0ea3e8147f864079916c75"", ""5"": ""017c6e86f9ef87fd30da04c7ba4dc3c8f935233cd5cb9bd54fe029142622a512"", ""6"": ""c6cc16551e172dcedab3e3f87e06c7276f2ee64ad68c27acaf0adf1e8ebafe4c"", ""7"": ""959f7758e5c8d96b551e00f4f28764d333b89bbd7a0f6ae08fc59f53dadbf3ed"", ""8"": ""70faf15f13376a6576c9369d0ec8e8e0914e189c7c7f4f5c0d87183c2c12366c"", ""9"": ""5d1e3d6e7aa9dfb155cf016328c02529063a5d1ac8a24bf4cb1efa6aea63be97""}",,0,0,0,0,0.0,0.0,"{""0"": 1.372112682489804e-15, ""1"": 1.6840283673934182e-15, ""2"": 2.4716176824474963e-15, ""3"": 2.3827748025821107e-15, ""4"": 0.09262487415391157, ""5"": 0.282797447172028, ""6"": 0.07873074202734463, ""7"": 0.18843289119102857, ""8"": 0.0002972432581760865, ""9"": 0.35711680219750336}","{""0"": 1.372112682489804e-15, ""1"": 1.6840283673934182e-15, ""2"": 2.4716176824474963e-15, ""3"": 2.3827748025821107e-15, ""4"": 0.09262487415391157, ""5"": 0.282797447172028, ""6"": 0.07873074202734463, ""7"": 0.18843289119102857, ""8"": 0.0002972432581760865, ""9"": 0.35711680219750336}",[],[],0,0,0,0,0.0,54ddfbb5fe5ea58d0cf9fc6bfa80675332e71f3434899f6e30e9f7cd3efa26c4,100a9d4b43f4771133b35b6e018fa3149a59648fd0ac35c213e591958ba80a10,"[""proposal_created"", ""proposal_committed"", ""audit_accepted"", ""committed_once""]"
28,noexecutor,0,none,0,0,0,0,1,0,,74.1,,0.1,,03b1cdff9089ad5c029b83d2248f1dc719f03b0b5825f857cff322b66217d040,1,"{""0"": ""aa7a40cc90e62ca95fd27a4c9b094af78c5772eb139e0c0c0a69859ec2a5c807"", ""1"": ""7f148997340b9840ea63f54cc7a19447cf6ab10827c1badce96ee4aeeb8f4dd8"", ""2"": ""6db7cb5b4f5b73c1b9895d5b910540ea8113a07484be5db89c3f5c86b8e98684"", ""3"": ""f5732bcdada7ca77260d2ddf440f43e2bb04ba8a79ff49efc7d0d1257fe25374"", ""4"": ""4a44edce159418c101440bd3c9151f9993fe471a4998935454d1716379c03dc8"", ""5"": ""4f721d253706e4dd8a740713ac9bb56963529a7cc3039e96414a6df75dc50941"", ""6"": ""d2506889ec801f80fc0eb4b4b522eeb7623716728e3e3ba3e09f9379e81f2657"", ""7"": ""3afb6ff7f8142cb0f37c7d07e78bea86192f0db0f7f475650502a785c3b265da"", ""8"": ""c17994cd9d7cce114bd413450160f7588a28824b80836daf600501038af72126"", ""9"": ""bef3541d1f834e308ef9dcafcc28ce0d412f2f03e724b54dd6a436bf8d6f0510""}",,0,0,0,0,0.0,0.0,"{""0"": 0.07000000000000041, ""1"": 0.07000000000000049, ""2"": 0.07000000000000073, ""3"": 0.07000000000000071, ""4"": 0.09778746224617346, ""5"": 0.15483923415160838, ""6"": 0.09361922260820339, ""7"": 0.12652986735730856, ""8"": 0.07008917297745282, ""9"": 0.177135040659251}","{""0"": 0.07000000000000041, ""1"": 0.07000000000000049, ""2"": 0.07000000000000073, ""3"": 0.07000000000000071, ""4"": 0.09778746224617346, ""5"": 0.15483923415160838, ""6"": 0.09361922260820339, ""7"": 0.12652986735730856, ""8"": 0.07008917297745282, ""9"": 0.177135040659251}",[],[],0,0,0,0,0.0,100a9d4b43f4771133b35b6e018fa3149a59648fd0ac35c213e591958ba80a10,7a9c4749cab3dca6a4f47b36be74b47c7e0a32848be8f495d2b90f729b75cb03,"[""proposal_created"", ""proposal_committed"", ""audit_accepted"", ""committed_once""]"
29,noexecutor,0,none,0,0,0,0,1,0,,71.06,,0.1,,297f3d96a5fb6173784ab463c9aea3d95de7f0482b7c92ead0313fd23333ff3e,1,"{""0"": ""85bcb6297c13879693cfd0df08c66e91b8c0ac7302136c607981ba86f1ae14e1"", ""1"": ""e607be910c9d5bbbf7e07eac75c48f10991e95747a463a9d1ce0ab96d38126d8"", ""2"": ""abd679418bf2d8ec138fd3aadd5df83474d93727b5a05aeea4539de0eca29e6d"", ""3"": ""e565e74261b3e00020eb3ee879395d5c3a043688e6758e71275b9de2880155be"", ""4"": ""8c9ad57db651887840b1e0ce5b5f2c1eb6e450fa2d74405a67449d70c12f1bd3"", ""5"": ""40a42125e003f2e320d0533d2d0c6f0f4a0ce8b6f2a8a90388be730f35d87aab"", ""6"": ""50e9cf717e6bd9b96c7d0e1400934bff102a4a7364769b3488bbe4bc15a5a6a6"", ""7"": ""87dabb45fbce1e2157243ef84c974f98e7b6336593d74a36038aa2687f6b8e73"", ""8"": ""cffef09a7575a25e8fe50b596c997f5fc1fd08b48e262847114c26ee2ee22b02"", ""9"": ""51f262d64f1e43ab8b3f74bed551470078f3223918e9fd643be65c7d5af408d4""}",,0,0,0,0,0.0,0.0,"{""0"": 0.09100000000000014, ""1"": 0.09100000000000016, ""2"": 0.09100000000000022, ""3"": 0.09100000000000022, ""4"": 0.09933623867385205, ""5"": 0.11645177024548253, ""6"": 0.09808576678246103, ""7"": 0.10795896020719259, ""8"": 0.09102675189323586, ""9"": 0.12314051219777532}","{""0"": 0.09100000000000014, ""1"": 0.09100000000000016, ""2"": 0.09100000000000022, ""3"": 0.09100000000000022, ""4"": 0.09933623867385205, ""5"": 0.11645177024548253, ""6"": 0.09808576678246103, ""7"": 0.10795896020719259, ""8"": 0.09102675189323586, ""9"": 0.12314051219777532}",[],[],0,0,0,0,0.0,7a9c4749cab3dca6a4f47b36be74b47c7e0a32848be8f495d2b90f729b75cb03,7bcd97c4694eb702cf92f237caa5e3200b0a65b4c77566b6bb40b59cdbd1b6fe,"[""proposal_created"", ""proposal_committed"", ""audit_accepted"", ""committed_once""]"
30,noexecutor,0,none,0,0,0,0,1,0,,76.28,,0.1,,c3a6563ce1718a9b2884a758a7e30347d6303a3324c9f3c301db80cb5becb3e4,1,"{""0"": ""2fdade4395c282d8ddae6074b9a4a491e5981c7563d8b0447fd79a6a94675242"", ""1"": ""72879a1e8ea4e613e49e4bf5536a1e7c4c7f0844469c5d784102086d63c803ca"", ""2"": ""d5e837f44fa391ea185fbae506eff8bf6ff72919c5b3bf165290fb198515b288"", ""3"": ""1b000e9cadf3e9afbca4b2ffa070b22674eb29e8e1362484135955cad6262fed"", ""4"": ""10d1ce90aa5ac4fe84d7ec7263f9073d849885c5ac612f34705af2f71f98f691"", ""5"": ""52a8a62a2ada76c4bb446d65d3489a66b5c534381123677b63cdcc89cedcc66f"", ""6"": ""d5e2484a498eb4b956bdc0f2dd49aee75526ac5b98e27a9b488e8c60a3c2233d"", ""7"": ""e3e77f68a1974989e54063f8ed53a54c12becd763c566a77f731714ffd6c216a"", ""8"": ""f2453ef85fd859385734f0b8c70ddde83f26f7a522adaa0c83514691f4621ca6"", ""9"": ""28c5e2659d243da6ef16931855d6a7ee7538cb29578d5fae244dd2781c7cd45f""}",,0,0,0,0,0.0,0.0,"{""0"": 0.027300000000000046, ""1"": 0.027300000000000053, ""2"": 0.02730000000000007, ""3"": 0.02730000000000007, ""4"": 0.23239560088256586, ""5"": 0.07971116861833225, ""6"": 0.05943429850769929, ""7"": 0.23498241734256803, ""8"": 0.09133553609645956, ""9"": 0.19294097855237485}","{""0"": 0.027300000000000046, ""1"": 0.027300000000000053, ""2"": 0.02730000000000007, ""3"": 0.02730000000000007, ""4"": 0.23239560088256586, ""5"": 0.07971116861833225, ""6"": 0.05943429850769929, ""7"": 0.23498241734256803, ""8"": 0.09133553609645956, ""9"": 0.19294097855237485}",[],[],0,0,0,0,0.0,7bcd97c4694eb702cf92f237caa5e3200b0a65b4c77566b6bb40b59cdbd1b6fe,aa0884f8050e3536c622d217492c4a3a1918f47c39f6fd782f14c17985f75774,"[""proposal_created"", ""proposal_committed"", ""audit_accepted"", ""committed_once""]"
31,noexecutor,0,none,0,0,0,0,1,0,,74.42,,0.1,,055274cb209308f4e563b2115e9e54fd838c3ca9326882a4f750bc6b79eeee2c,1,"{""0"": ""857ca44fc401defe293fc58dbe3d90083b55ca748b7b666d46e5081bfb54bd04"", ""1"": ""6a49405c350421564ee108e78205c8783ee1f106e17d364cca1ff76d78d3e849"", ""2"": ""06601113d6254ca6868c9e5f31a632a3a57c641a8532b61613963190744f8375"", ""3"": ""ea6d260b1bb6084c1f2ebc47fdee9446fc36d148807d621f795dec9e7fd69566"", ""4"": ""7fd8db75cfd671336cf1eaa8a53e6386627f124a83c1e4bf2733243742100cd3"", ""5"": ""d34ecbbe28099ef78ba0148d504400f2bad79495fdf2126c5511641608844104"", ""6"": ""1ffa8794d730af67f4a9bacc6b70113a4ea116a20d061ac90a1b9a956005464a"", ""7"": ""092e244e9ddac2373a4d325c94654faf6434794138411f1a764be90535dfdffe"", ""8"": ""caa710b6ec15fc0989155d2843e6be74544fa05887a4a1ed5c0727e4fc0190f1"", ""9"": ""b72f8d7efeacc7fa4c8751e2e5da89893782274718f9e886b77cc1150c8d924f""}",,0,0,0,0,0.0,0.0,"{""0"": 0.008190000000000015, ""1"": 0.008190000000000017, ""2"": 0.008190000000000022, ""3"": 0.008190000000000022, ""4"": 0.26995454168934696, ""5"": 0.222346997377318, ""6"": 0.07475001895043812, ""7"": 0.2707305866273476, ""8"": 0.02740066082893787, ""9"": 0.10205719452661133}","{""0"": 0.008190000000000015, ""1"": 0.008190000000000017, ""2"": 0.008190000000000022, ""3"": 0.008190000000000022, ""4"": 0.26995454168934696, ""5"": 0.222346997377318, ""6"": 0.07475001895043812, ""7"": 0.2707305866273476, ""8"": 0.02740066082893787, ""9"": 0.10205719452661133}",[],[],0,0,0,0,0.0,aa0884f8050e3536c622d217492c4a3a1918f47c39f6fd782f14c17985f75774,18dbdc810df428ba0136eed5365243c56abad197696fe36943d2f01a6c88b574,"[""proposal_created"", ""proposal_committed"", ""audit_accepted"", ""committed_once""]"
32,noexecutor,0,none,0,0,0,0,1,0,,82.07,,0.1,,158318d4b20c83348a9bb3d4851d7be63c26c397365f161e119ab784320c24c3,1,"{""0"": ""2e34634407e1849e859c4685f7636fefe49d9e04db9bac2647c7c979a1a2cbb7"", ""1"": ""fbf9004098b5138f6b885a26ce9fc7bbc59f3fea366d0a2b3503202335d84d09"", ""2"": ""8256a8c9b1c7125f318e43a7f131fdbdeb7e8c5a1565b59c5dfa3137314bfcb2"", ""3"": ""b948dc52c089ebdd666a72d44a1c0ade9d967bbb688f1255dc3cd5f506f76013"", ""4"": ""bc39a07a9756e9c28dff33a976f14a411a6300eeba4ffb85bc5c243cec9116a4"", ""5"": ""963858a22ba2ea0681f67ebc682592ea6158146723446fd9277a3d1bae41dd32"", ""6"": ""d296413c09c20663d3173a857379e2340245b7154bd80ccbc6aa0e65acc1fbca"", ""7"": ""9e640c6d300a6db63150a6efc10df5512dbaf7a998abc0878738e14c2ca04c3e"", ""8"": ""467f358718acbb5dcfb61bbbcc3265b6cd3c8a8fcede609f4a7e775221741ace"", ""9"": ""2d63b311acfae1a2fc7d22dee33ac492b1290f1eb6eb4e105a15be1ae0379143""}",,0,0,0,0,0.0,0.0,"{""0"": 0.0024570000000000048, ""1"": 0.002457000000000005, ""2"": 0.002457000000000007, ""3"": 0.002457000000000007, ""4"": 0.3143196958401374, ""5"": 0.06670409921319541, ""6"": 0.2557583390184648, ""7"": 0.0812191759882043, ""8"": 0.008220198248681362, ""9"": 0.26395049169131674}","{""0"": 0.0024570000000000048, ""1"": 0.002457000000000005, ""2"": 0.002457000000000007, ""3"": 0.002457000000000007, ""4"": 0.3143196958401374, ""5"": 0.06670409921319541, ""6"": 0.2557583390184648, ""7"": 0.0812191759882043, ""8"": 0.008220198248681362, ""9"": 0.26395049169131674}",[],[],0,0,0,0,0.0,18dbdc810df428ba0136eed5365243c56abad197696fe36943d2f01a6c88b574,3c3ef4be1b76535fa90117f0167c69998e2a2d94b9f4a6f587378a561ee7b0ba,"[""proposal_created"", ""proposal_committed"", ""audit_accepted"", ""committed_once""]"
33,noexecutor,0,none,0,0,0,0,1,0,,64.2,,0.1,,7d88396e08f9b8f1ac86eedd2d15280d45a59724ad7843a8885765fa442e2e8b,1,"{""0"": ""4aba1387728f13495d5d795bd030915ab110cb4fd252a20627fe232b93df384f"", ""1"": ""d55af6b1f2b16f1ded21316b1d92aba1d7085b67701c49941a05b031883e45ad"", ""2"": ""db6396c163fc08f045e1ec17a21ead5f5e3c0c5835fd55ddf77818273ad9c6e1"", ""3"": ""0a00ea6f0c4015fa50a955b7d4ee2f0998189c1da4c26dbd9bddbee96252037c"", ""4"": ""dc93929332d1be434a723d18036d647156a087bfedc25f10900ba792f697dda7"", ""5"": ""96dc50407ac2dc2b9707e04e519228935f4cd9e3590bc31692465a5bd91d1f27"", ""6"": ""17fb16921f8abf3ae449ae70aaf5689f9fa9a58fd13409e9c9e8325b9d1fd339"", ""7"": ""0ec4f49e9c34f904b789277ba7df2375552ff2457fa61446a6057262be3b2d74"", ""8"": ""c07a522ef0e3a269416e726e1a5842d99a1daf2824203216779c09a33f913e37"", ""9"": ""9fe8bd40d9647ef1509a26bd740ab7cd9d5d091bfcbdb8f0ec5d3a805b29608b""}",,0,0,0,0,0.0,0.0,"{""0"": 0.0007371000000000015, ""1"": 0.0007371000000000017, ""2"": 0.0007371000000000021, ""3"": 0.0007371000000000021, ""4"": 0.09429590875204123, ""5"": 0.7200112297639586, ""6"": 0.07672750170553945, ""7"": 0.024365752796461294, ""8"": 0.0024660594746044088, ""9"": 0.07918514750739503}","{""0"": 0.0007371000000000015, ""1"": 0.0007371000000000017, ""2"": 0.0007371000000000021, ""3"": 0.0007371000000000021, ""4"": 0.09429590875204123, ""5"": 0.7200112297639586, ""6"": 0.07672750170553945, ""7"": 0.024365752796461294, ""8"": 0.0024660594746044088, ""9"": 0.07918514750739503}",[],[],0,0,0,0,0.0,3c3ef4be1b76535fa90117f0167c69998e2a2d94b9f4a6f587378a561ee7b0ba,376c07dd73df4605a3729e488e1a2778ae453e3b0ffda3d5dc485f77da61dc1f,"[""proposal_created"", ""proposal_committed"", ""audit_accepted"", ""committed_once""]"
34,noexecutor,0,none,0,0,0,0,1,0,,78.23,,0.1,,5efdfdaa027efa675f4738078ce52093221cde795d80fa64929c8f4484100e13,1,"{""0"": ""2e4045a0e0702edd645a9e66bfa170a61f67f600947d2e1cd507d39b124c0e53"", ""1"": ""ed90ca1579237f5b28a6918e633c5a8f982be095be0d759c7962910da18aa5bb"", ""2"": ""0f4a560d1cdb50a2a4dc67d5cb31c6c498700e8bb6a09f3777289655e1cf111e"", ""3"": ""6946d549bf5ab8cc2e87cfe5af5b2358c9a58ff587560c5632a5506b0341f65e"", ""4"": ""1add1e3cba5c180c5a2b826fa1d22bd3c0bce93c3c90989a456ca0a313c25bf0"", ""5"": ""a9418fbbedb0d12766540c2d4a9c0c0fbcfa9ecad546b506a12ddc368a6ab931"", ""6"": ""fd42717c300d6022131da8ff0b408e4fd77474112ab8185f97f067abf3224e4f"", ""7"": ""f9f950cbf4e2c5cd7f447f78b9f6ffa724f66c4166a7f26ce5255ce80d11309f"", ""8"": ""6ed8306907d21f1a7bae109485acb3e93ab311c869423b1e7a417d75503c3f49"", ""9"": ""96ef71d4dc108f0d741ed3955c47ef55564af2253dd9343978883cf1882d63b5""}",,0,0,0,0,0.0,0.0,"{""0"": 0.00022113000000000048, ""1"": 0.00022113000000000053, ""2"": 0.00022113000000000067, ""3"": 0.00022113000000000067, ""4"": 0.04092037525556835, ""5"": 0.21600336892918762, ""6"": 0.342598637069647, ""7"": 0.017158528843006622, ""8"": 0.32032020440036646, ""9"": 0.06211436550222392}","{""0"": 0.00022113000000000048, ""1"": 0.00022113000000000053, ""2"": 0.00022113000000000067, ""3"": 0.00022113000000000067, ""4"": 0.04092037525556835, ""5"": 0.21600336892918762, ""6"": 0.342598637069647, ""7"": 0.017158528843006622, ""8"": 0.32032020440036646, ""9"": 0.06211436550222392}",[],[],0,0,0,0,0.0,376c07dd73df4605a3729e488e1a2778ae453e3b0ffda3d5dc485f77da61dc1f,7bdba23d9f7ca5a247b544e5d2927f812181d02440b2549f4d9256d29fda6f1d,"[""proposal_created"", ""proposal_committed"", ""audit_accepted"", ""committed_once""]"
35,noexecutor,0,none,0,0,0,0,1,0,,74.28,,0.1,,52165106d9d24d8681f2747adb992dc6b6d416d9d0c4633dc9fabd4ac189dec3,1,"{""0"": ""6bc3f61a52884a4e1660ec07ac6d6a7c324b00ece462f9942f7fe304670bc433"", ""1"": ""ac0171ff02e1f4d29c14dc58ba57c7fe6a1cf92066f3997fc78c3c051ccd905e"", ""2"": ""e62dce30080a748b8bb5ec57efc4506711e6918af72e52c9e9f563abda37f8ea"", ""3"": ""873b58d1fcc12ca7858d3eae1780eb268fd970715397847255f7730a203303bf"", ""4"": ""19b80c16df085120a34705af2f4d2a46655d257f9545854fd10d54af4f157883"", ""5"": ""e4d3377ac7b159657410e3ef774865f8e768f2a3536ed936cbef62bb6579d9dc"", ""6"": ""55da23a288dd56862b7d0f42748545c19a5e8c77335843df53465f8fb957517e"", ""7"": ""973af6c09016b6b5ef766e2ebdc6329d06b0bdb1e31343c58082d3d75736f1e0"", ""8"": ""18df9f37651363e701e05e7f6ecddcaee1b018a554bc9a2fc435f31d6b536553"", ""9"": ""a662c3de7705be77c7176d4551e33c3df255f57567dd9dc2db75cc18c89f8bef""}",,0,0,0,0,0.0,0.0,"{""0"": 0.07006633899999999, ""1"": 0.07006633899999999, ""2"": 0.07006633899999999, ""3"": 0.07006633899999999, ""4"": 0.0822761125766705, ""5"": 0.13480101067875627, ""6"": 0.1727795911208941, ""7"": 0.07514755865290199, ""8"": 0.16609606132010993, ""9"": 0.08863430965066717}","{""0"": 0.07006633899999999, ""1"": 0.07006633899999999, ""2"": 0.07006633899999999, ""3"": 0.07006633899999999, ""4"": 0.0822761125766705, ""5"": 0.13480101067875627, ""6"": 0.1727795911208941, ""7"": 0.07514755865290199, ""8"": 0.16609606132010993, ""9"": 0.08863430965066717}",[],[],0,0,0,0,0.0,7bdba23d9f7ca5a247b544e5d2927f812181d02440b2549f4d9256d29fda6f1d,124b79d0fc06f1a29a2c8d9fffe5081519d6f40632f273351410e3927292063b,"[""proposal_created"", ""proposal_committed"", ""audit_accepted"", ""committed_once""]"
36,noexecutor,0,none,0,0,0,0,1,0,,77.77,,0.1,,b27fd3a5f78b99e132aefe5d1c8a57a90a5dcf589b29913fa48e42bdcd907ff7,1,"{""0"": ""41e2bdbfd4235d20b7ae9d0428f470a5ede5cfbc9534a177506be5661baf719d"", ""1"": ""823451eee4e1834538c239bb977aba21b2c16cece7ca31945586b351915e5dcc"", ""2"": ""e228fa38addc6775bfb109dd1d65d07241eac50b6ddb06d4c3c8997d4595767c"", ""3"": ""dd6449a0c0aff95746e4829f7eb0530372ccbf2ed40750ca3d3819bc2dbd2550"", ""4"": ""c079f677dc8df03ab1b7ed5354908f3f1ec09305b6c46d57a85f0fac1e4cbd61"", ""5"": ""0995c8f23a8a72485f410aaf810a0e538e6ceff7f8c1d97a444442423b9d6f79"", ""6"": ""ab7ea9b895cdb9771b92643909e822a5c55e7a0e34b7cc8ba7d981d66606fdae"", ""7"": ""f57f66bebc3a7d772df981ba84302e14590b322e4e943f69ac64106747af3b30"", ""8"": ""6e27864acad1959950fdd35d01ccd4f806b1a51357377376936c7066ee338036"", ""9"": ""253bb49c4b2b2e591f50a206286b16996a3f37829abd3ca4b8f25d7324685737""}",,0,0,0,0,0.0,0.0,"{""0"": 0.021019901700000003, ""1"": 0.021019901700000003, ""2"": 0.021019901700000003, ""3"": 0.021019901700000003, ""4"": 0.21239338674995534, ""5"": 0.05969408551878764, ""6"": 0.05183387733626825, ""7"": 0.2102548205728248, ""8"": 0.21309954896152367, ""9"": 0.16864467406064032}","{""0"": 0.021019901700000003, ""1"": 0.021019901700000003, ""2"": 0.021019901700000003, ""3"": 0.021019901700000003, ""4"": 0.21239338674995534, ""5"": 0.05969408551878764, ""6"": 0.05183387733626825, ""7"": 0.2102548205728248, ""8"": 0.21309954896152367, ""9"": 0.16864467406064032}",[],[],0,0,0,0,0.0,124b79d0fc06f1a29a2c8d9fffe5081519d6f40632f273351410e3927292063b,3486ff68767d0f589551dc8f130ca93a57e5ed754d4797c7143071789171ddbf,"[""proposal_created"", ""proposal_committed"", ""audit_accepted"", ""committed_once""]"
37,noexecutor,0,none,0,0,0,0,1,0,,74.17,,0.1,,c585fe37570b0d83401a58f9051df8f0793f395591af5e6d7da20e5c75b340f3,1,"{""0"": ""8acdd5f1e553381d39e5362307d41f49d3ce507843114a4895cb9e875b27d24f"", ""1"": ""9da4f0a542ed71bfbf73152d37e83815ae8ab4483ff5c5f2e75383d537d6e935"", ""2"": ""eb625823230fb1964095237f2418bc4502eb2e0c71b50129435ef6d470c48184"", ""3"": ""729f13aeb434b681b7aa4392c13b6457fead0bd605c2921a12280f42f4dc7c4b"", ""4"": ""c467a51a3d4b1d4c4cc7604e313760cd6ee5a458e3348b441113e72991b29ba1"", ""5"": ""9e965d879fd288173c738471d24f1f288b961ae52c8f4ef37e0794569f0bcde2"", ""6"": ""93ea2767756a0e44b3233441ea7cf486a05d5f073499fcb1717999d866493f82"", ""7"": ""db4b3035a6d2f067cbfb26009a2f7e1fead68355ec73487e36221ea9157db37a"", ""8"": ""143e53b533b58966a97ece05ebb44a1c8aa247b7db407749f84ba50ea0257947"", ""9"": ""f5cf4740e06b6ad10822b7fc7448bf5503bb185bb9a350f309ecf0113a2b60b6""}",,0,0,0,0,0.0,0.0,"{""0"": 0.07630597051, ""1"": 0.07630597051, ""2"": 0.07630597051, ""3"": 0.07630597051, ""4"": 0.1337180160249866, ""5"": 0.08790822565563629, ""6"": 0.08555016320088048, ""7"": 0.1330764461718474, ""8"": 0.1339298646884571, ""9"": 0.12059340221819209}","{""0"": 0.07630597051, ""1"": 0.07630597051, ""2"": 0.07630597051, ""3"": 0.07630597051, ""4"": 0.1337180160249866, ""5"": 0.08790822565563629, ""6"": 0.08555016320088048, ""7"": 0.1330764461718474, ""8"": 0.1339298646884571, ""9"": 0.12059340221819209}",[],[],0,0,0,0,0.0,3486ff68767d0f589551dc8f130ca93a57e5ed754d4797c7143071789171ddbf,f615f089fcc2a0342914a47946264d1d490a6d20d8de6f187313532d51743f90,"[""proposal_created"", ""proposal_committed"", ""audit_accepted"", ""committed_once""]"
38,noexecutor,0,none,0,0,0,0,1,0,,78.24,,0.1,,ba7e19780ebb17fb308ed19a70b6bfed8c4d0e93fc64665d5b824e9bde888159,1,"{""0"": ""45c342fd092df638de9582182be141600462a6483d7a29903ad082e5c8a04e0d"", ""1"": ""af707e28e780d0436e9d401b9dcbe9dc601f02cd91468ebfadc4de76628cee52"", ""2"": ""453043d806dbc1cbfb04e8c524735f2d520a4f6aa9388a6655c0131f600d4b5f"", ""3"": ""7e02289fc0afecb8c7c58caa51bbf461a6936ec88297574026f15062a4bffdd8"", ""4"": ""71e63b46160a851cdf67f6160e572d2dfbad0a7da374f16b366788f73d9d4a89"", ""5"": ""fb2b356131c7622b8d7c4ef4ff19a7ac9962d27a5dffc938d877297a62f3d86f"", ""6"": ""221c2c9e04e821fb07d1d048978ce85ca95dd8f894f600cd881b5281bb679b07"", ""7"": ""eba5ab7290d8494c3073f1ce677137c0212a222fb4631ffae6289c5ba950d75a"", ""8"": ""89c936dfcfaf45e7eb0aa72b316dc68f1141c4fd608cff314a41f8402a8e0661"", ""9"": ""fe47886bbace012768876e7b736f08e9fa60ef8f209d7df8ff64523cd182d1ca""}",,0,0,0,0,0.0,0.0,"{""0"": 0.022891791153000003, ""1"": 0.022891791153000003, ""2"": 0.022891791153000003, ""3"": 0.022891791153000003, ""4"": 0.25459356622150986, ""5"": 0.06420663794809608, ""6"": 0.029534572958045055, ""7"": 0.2544010952655681, ""8"": 0.055040780915309465, ""9"": 0.2506561820794715}","{""0"": 0.022891791153000003, ""1"": 0.022891791153000003, ""2"": 0.022891791153000003, ""3"": 0.022891791153000003, ""4"": 0.25459356622150986, ""5"": 0.06420663794809608, ""6"": 0.029534572958045055, ""7"": 0.2544010952655681, ""8"": 0.055040780915309465, ""9"": 0.2506561820794715}",[],[],0,0,0,0,0.0,f615f089fcc2a0342914a47946264d1d490a6d20d8de6f187313532d51743f90,e27f02fce5eea63f4004593d342f996606f5d668e04da073740fa2a5c9fd2ac6,"[""proposal_created"", ""proposal_committed"", ""audit_accepted"", ""committed_once""]"
39,noexecutor,0,none,0,0,0,0,1,0,,73.86,,0.1,,f34795b566b1cdff8d8aea8ef16bcf379b4645fa53f71ea5d86a7c1501d60b41,1,"{""0"": ""20036dbad295805748307118bbdd2ac003eb330187c5bfb3a0031832b34c6f5c"", ""1"": ""5cd051f079db51b00a974104ed2ed9ca6c1f9c1af753c511d41d0250fd56085c"", ""2"": ""b8e61819fabf3083579eb3b64d3af5be7b3c6cfeeedff0f6d32918404f710987"", ""3"": ""a8073b2af21399825f489a67fdc238e18ae85de74a4939ef75e7cbcacafcea6a"", ""4"": ""1375a0aebbacc1d50ae14071fcde9e3e78e2d239cf028299737412930a12d1f3"", ""5"": ""6ed12424168b700f9523079963c814f0a2ecdc711c4334144be7c55b3a97e457"", ""6"": ""2eb0632e6c45ac3bf2e564706d72e92b304f66a25fe6a945d22333544f8c802c"", ""7"": ""54ad3d554569cda8e29009e2a41c726d4f1e920629033e974577cac185bf4be0"", ""8"": ""532a4d453d0c1f6ffbd22a29401b470276f2ecb30d19801f814971dd208e1e49"", ""9"": ""d3b875d52c07dc9725ab5e964ff90a1e3478049e58e0594728031e33a37abfe2""}",,0,0,0,0,0.0,0.0,"{""0"": 0.07686753734589999, ""1"": 0.07686753734589999, ""2"": 0.07686753734589999, ""3"": 0.07686753734589999, ""4"": 0.14637806986645294, ""5"": 0.08926199138442882, ""6"": 0.07886037188741352, ""7"": 0.14632032857967042, ""8"": 0.08651223427459283, ""9"": 0.14519685462384144}","{""0"": 0.07686753734589999, ""1"": 0.07686753734589999, ""2"": 0.07686753734589999, ""3"": 0.07686753734589999, ""4"": 0.14637806986645294, ""5"": 0.08926199138442882, ""6"": 0.07886037188741352, ""7"": 0.14632032857967042, ""8"": 0.08651223427459283, ""9"": 0.14519685462384144}",[],[],0,0,0,0,0.0,e27f02fce5eea63f4004593d342f996606f5d668e04da073740fa2a5c9fd2ac6,bf84b0cc94ce6979d9be460f5df23eeb61f4deaf1338acda76de94f1d7f11941,"[""proposal_created"", ""proposal_committed"", ""audit_accepted"", ""committed_once""]"
40,noexecutor,0,none,0,0,0,0,1,0,,76.19,,0.1,,07cd2e98dd2ee006f7ab71a2f4a70eb79f15bff0554a08395f2aef8b13bb6adb,1,"{""0"": ""3b2f851784955e8233abda65047e0d9d42df65f998df982236ee85261ba0ab79"", ""1"": ""542ffffd2eed841edc0e7e291b167f191e5069a02153dc9e25bde094f70dd248"", ""2"": ""acd2912ae29d7771706774dd0142bd92877b3f4bb8425ec877f174f4c429ba84"", ""3"": ""e77c16ec745fd5590ad2804a5d015fd19f6ae967692093f65211b1f1b0440202"", ""4"": ""1e04403dbc43c4d1fd42fdf40b9e6ef9c6c438d4b6025736565f16f94bd85e56"", ""5"": ""bf4b083fea51290487bfb1ceeb7eb2ddfdc1c2a05e0d8d8b4f26651dbfb3a3ad"", ""6"": ""706f011c3b8a55f9c03f40d77abd458a8b659f464dde8d56ed88b661fb69f53d"", ""7"": ""d543a1f4ca5591706c7d401d6178b9371ea229b533367f7e67926b224f87fd60"", ""8"": ""cd8a8c10adb0c4ffe31540c8f55b0174ba79b6e11ed9463b783ab165fe3bd892"", ""9"": ""8da44829258eb59f919a4819e40d1f747ade3d776a5d8dabcbe08ecb58b25d71""}",,0,0,0,0,0.0,0.0,"{""0"": 0.023060261203770003, ""1"": 0.023060261203770003, ""2"": 0.023060261203770003, ""3"": 0.023060261203770003, ""4"": 0.19205103624260647, ""5"": 0.0942132082245006, ""6"": 0.06367303962636978, ""7"": 0.19203371385657172, ""8"": 0.17409128556504844, ""9"": 0.19169667166982302}","{""0"": 0.023060261203770003, ""1"": 0.023060261203770003, ""2"": 0.023060261203770003, ""3"": 0.023060261203770003, ""4"": 0.19205103624260647, ""5"": 0.0942132082245006, ""6"": 0.06367303962636978, ""7"": 0.19203371385657172, ""8"": 0.17409128556504844, ""9"": 0.19169667166982302}",[],[],0,0,0,0,0.0,bf84b0cc94ce6979d9be460f5df23eeb61f4deaf1338acda76de94f1d7f11941,1c2ab8e859a9f72b1f3b7a52b26cfaf9ada70084a92ed88b7f084d5faa9b60df,"[""proposal_created"", ""proposal_committed"", ""audit_accepted"", ""committed_once""]"
41,noexecutor,0,none,0,0,0,0,1,0,,76.95,,0.1,,96923b3c6bf800d7bfba064482dfb32c7fb165c79b5ca0b3ab63d0d905e30235,1,"{""0"": ""e85879afa6654937295d6cb12ca8868fa5a4f66b3f31128f0054430eede8a65b"", ""1"": ""8528c45ec10e32d89be93c7b042948bde04d0e41b52417fc9d3e539e50b5b947"", ""2"": ""025e62d5951f717f1b95574272623d1158e89fa19e92843ecd09e5564673741f"", ""3"": ""a7a421670d1461202e0bf9a710b35086c10c5d412f15433e69143a0dd11585c3"", ""4"": ""6e3e332d25eb7cae405b266badda54b8dae4972a944fe56c98b4544d4c796914"", ""5"": ""d667db1500a6ac3ef70dfad61fb00aed3b0b3e1fc5e4fa22d6154047a281e75b"", ""6"": ""d391a8af176382500d27ffdfd90a58b2f8ecfa46db7173b536150eaf45c7cfc2"", ""7"": ""29395efa911587ba87fe8130b9bacb85913533ed39e9f962116ff627e9704d79"", ""8"": ""945d9034bc00d6993f1ce478de528d1d72b3e6926c2afb5d70942cb330ca1f6c"", ""9"": ""3e2f47544f088c25b1c5d9a7913415d94a6ce1dbb57c1716ac8577d728e6b181""}",,0,0,0,0,0.0,0.0,"{""0"": 0.006918078361131002, ""1"": 0.006918078361131002, ""2"": 0.006918078361131002, ""3"": 0.006918078361131002, ""4"": 0.22456005794246048, ""5"": 0.1952087095370287, ""6"": 0.05431667098419361, ""7"": 0.22455486122665003, ""8"": 0.07485076548732324, ""9"": 0.19883662137782}","{""0"": 0.006918078361131002, ""1"": 0.006918078361131002, ""2"": 0.006918078361131002, ""3"": 0.006918078361131002, ""4"": 0.22456005794246048, ""5"": 0.1952087095370287, ""6"": 0.05431667098419361, ""7"": 0.22455486122665003, ""8"": 0.07485076548732324, ""9"": 0.19883662137782}",[],[],0,0,0,0,0.0,1c2ab8e859a9f72b1f3b7a52b26cfaf9ada70084a92ed88b7f084d5faa9b60df,edc6d680fe5abe66a34c77a336c8138f192bb36f8b06afc9232342474f4ee851,"[""proposal_created"", ""proposal_committed"", ""audit_accepted"", ""committed_once""]"
42,noexecutor,0,none,0,0,0,0,1,0,,73.27,,0.1,,8764b4d2da9ac15f929c6773bcc05ed4241ef8c73b385595edd03f245ce096bd,1,"{""0"": ""3af42c9dd27085137077d129d379c3147c256d4721e7d5b9c44e36598b020041"", ""1"": ""0a46cb7738be5f1750c65a3dda8c3e7d3a07b4bae0b75ae20b4e5221666bf026"", ""2"": ""7b20245263f064e2704d63c96dbfcaf929013533e924fec30425a6a47a9b9a13"", ""3"": ""9ddd07c68f6e7b18422e18bf6a286c584baf8596f715dd56d52383cb02ed2bb9"", ""4"": ""777d7a37588c3b65048a6f91ca5c9cc83149571da6885e4da022a7580d59a775"", ""5"": ""696e5746069d167f10398a1ae895398d7ff28a6edf3ba0a5a758edc50cdb6c42"", ""6"": ""0ca293b5917b9b1704eb88304bbcfe9dbf1426ea566f00fd69d2ac629839531a"", ""7"": ""5c37fc0feec36ea5de4c6defae82259fd0762f510ee917c519f513274d1e7f66"", ""8"": ""3a7d9729914a51771b63735e0ba1ac9d88d1e163ccec6660b2dcbe7359495133"", ""9"": ""739addf5b8612e57be97b4be722e9e08333f5cbe831fe463c29d846837148e26""}",,0,0,0,0,0.0,0.0,"{""0"": 0.0720754235083393, ""1"": 0.0720754235083393, ""2"": 0.0720754235083393, ""3"": 0.0720754235083393, ""4"": 0.13736801738273813, ""5"": 0.1285626128611086, ""6"": 0.08629500129525808, ""7"": 0.137366458367995, ""8"": 0.09245522964619697, ""9"": 0.129650986413346}","{""0"": 0.0720754235083393, ""1"": 0.0720754235083393, ""2"": 0.0720754235083393, ""3"": 0.0720754235083393, ""4"": 0.13736801738273813, ""5"": 0.1285626128611086, ""6"": 0.08629500129525808, ""7"": 0.137366458367995, ""8"": 0.09245522964619697, ""9"": 0.129650986413346}",[],[],0,0,0,0,0.0,edc6d680fe5abe66a34c77a336c8138f192bb36f8b06afc9232342474f4ee851,fd3d72e17f821122b356098570dc5cbf13e8d87b8f7ebb41f5ba2978b9f67ca8,"[""proposal_created"", ""proposal_committed"", ""audit_accepted"", ""committed_once""]"
43,noexecutor,0,none,0,0,0,0,1,0,,80.02,,0.1,,f02f9c2373bf2c0a80b45c17e5842f894dd9a5209c9afd14463c751020a4587a,1,"{""0"": ""abdde35d1e4c9846b7de32f1518b037c02a083b464fdfa48665b53a66d471528"", ""1"": ""fb8b80d6cf0013ce434391a9ff814e882a860b2544a7ebefcc31c3efa9b623cc"", ""2"": ""81f8e48e9694c31f68deef4583f5b2d80cfa3af04c7cf1e183f3ea5e89498b18"", ""3"": ""028fbd981ffaa917440d97b7f9f53321f6724a177054cc91e5e20bddf6ba2314"", ""4"": ""f6e162708211adf73acfae55f0fcc4f096f745692f186a64caa537f7cdf885cc"", ""5"": ""b5a2abb0ff3e8b9364bb9dcae59927f014eb05c9c26f5f821b261a5577fb84fb"", ""6"": ""ead42b0cac1cf64cc2c0833bf6174cc37947b083a8b09e4b272ffa742c73f853"", ""7"": ""51e50a5c6cf476086bb09da8f7940c1ec70a2cddd0ddc23b0ea2b2fc0ae7d211"", ""8"": ""0e18675145d13530a670bef22f67e2e58f0ea8c6d67b484aa8959c5d238aaf50"", ""9"": ""0a3957d7d9dfa3a12011ef341454ed6132ad08f1941856f23bf9fbb8e2932dac""}",,0,0,0,0,0.0,0.0,"{""0"": 0.021622627052501793, ""1"": 0.021622627052501793, ""2"": 0.021622627052501793, ""3"": 0.021622627052501793, ""4"": 0.26358561580523143, ""5"": 0.07765734595670334, ""6"": 0.03325200550172732, ""7"": 0.18637317848783658, ""8"": 0.0913708395240804, ""9"": 0.26127050651441375}","{""0"": 0.021622627052501793, ""1"": 0.021622627052501793, ""2"": 0.021622627052501793, ""3"": 0.021622627052501793, ""4"": 0.26358561580523143, ""5"": 0.07765734595670334, ""6"": 0.03325200550172732, ""7"": 0.18637317848783658, ""8"": 0.0913708395240804, ""9"": 0.26127050651441375}",[],[],0,0,0,0,0.0,fd3d72e17f821122b356098570dc5cbf13e8d87b8f7ebb41f5ba2978b9f67ca8,21eb06a66443aa168258c48158c68b83162ca08e2c8ddeb9ada31fc5fd22f4c5,"[""proposal_created"", ""proposal_committed"", ""audit_accepted"", ""committed_once""]"
44,noexecutor,0,none,0,0,0,0,1,0,,70.99,,0.1,,83923167a98470715aacba04b5bb03d091690e5a5ad16ae35726c79aabdcfb84,1,"{""0"": ""04f8fe01f6d73dbf2bb6ddd43980174894c51d28f633087b34803ac6df8ba251"", ""1"": ""5b790c5c1f432800a4ce4af27d2575a3cf95000ac5975873324fad2da2cc236b"", ""2"": ""2c57803420edc0a09e0fc1404512089d8de49ec1a5de08cca2d0f232bcdcdb73"", ""3"": ""aa41e5c8270dbd56e4037bcb57bfe9e24a87352dc60dfab4c82b5b817376110b"", ""4"": ""e525d1e95c67120ed68439cd3b90b11bc57abf471329361888d01a5c6f4704a3"", ""5"": ""2010ad7a25a9e8fe33a79a3744be120021a796f7bb7e360f895288806a23ab45"", ""6"": ""1a73fd4a6432f87d95fc419b766887dc41f625c24a24815608c684fe39a6e92c"", ""7"": ""b1be6fb73bdfc04ca91ee2d197de1003c5210d9fde86a298a8158363f88fa494"", ""8"": ""7eec85bda5015007dddbbbad571288dfec52e9820afd773a63f787dda96a2f1e"", ""9"": ""a0f645514ebed13345f8b28151bd5c466f0f67b7dabf352cc01091d866c2dfca""}",,0,0,0,0,0.0,0.0,"{""0"": 0.07648678811575053, ""1"": 0.07648678811575053, ""2"": 0.07648678811575053, ""3"": 0.07648678811575053, ""4"": 0.14907568474156943, ""5"": 0.093297203787011, ""6"": 0.07997560165051819, ""7"": 0.12591195354635096, ""8"": 0.0974112518572241, ""9"": 0.1483811519543241}","{""0"": 0.07648678811575053, ""1"": 0.07648678811575053, ""2"": 0.07648678811575053, ""3"": 0.07648678811575053, ""4"": 0.14907568474156943, ""5"": 0.093297203787011, ""6"": 0.07997560165051819, ""7"": 0.12591195354635096, ""8"": 0.0974112518572241, ""9"": 0.1483811519543241}",[],[],0,0,0,0,0.0,21eb06a66443aa168258c48158c68b83162ca08e2c8ddeb9ada31fc5fd22f4c5,89c8e62b854be9114693bc9ee46f443ad868df718300e1fcc7dd142473e13ede,"[""proposal_created"", ""proposal_committed"", ""audit_accepted"", ""committed_once""]"
45,noexecutor,0,none,0,0,0,0,1,0,,76.96,,0.1,,35955365c39cc277cbad64f6c82f43b9ec62151528ec8830b6afd358dfff468e,1,"{""0"": ""6ee9ec19f8a4279f8b3fd64da89cc13be9955f652c29215b37933243f56b5e04"", ""1"": ""97b8164aa39105717fa892f75aa8bcc9dbb35eb70414c3125a4ad396f9556468"", ""2"": ""4a736310273148e276cdebb7a418570991780d8c41023dcfda6a0b09e664abe8"", ""3"": ""9d27e7d04f64762d1c70e936217aac9c0de8227db255bc28d8e963c0bbfe7748"", ""4"": ""083aa6fd27f8b5b41f940ac46776881fccdf3039eaee1535c1fc2d8bb9047f73"", ""5"": ""f8a7dff019ad6e30c62ed207fee7fef0e36de8e06f9e2d83c59614434fad7e4d"", ""6"": ""44f07889458d0163eebdc422362a0cc409dbf8b358571577673ce1ec64975d4b"", ""7"": ""6f4979818e5b1195ba8a0a0f8447b54a5413e2a915f30321a562c14769740aa4"", ""8"": ""92944382b643e868a0989954484d0caea21e53359f815394101290edcdc2c3cc"", ""9"": ""15b7b1228949a0285f8e04773c7ce2af7fef359562fea7d85d6090fc32db0877""}",,0,0,0,0,0.0,0.0,"{""0"": 0.022946036434725165, ""1"": 0.022946036434725165, ""2"": 0.022946036434725165, ""3"": 0.022946036434725165, ""4"": 0.22117023263895202, ""5"": 0.0857020409930862, ""6"": 0.08005598195673985, ""7"": 0.09465482309589446, ""8"": 0.2056709027736484, ""9"": 0.22096187280277843}","{""0"": 0.022946036434725165, ""1"": 0.022946036434725165, ""2"": 0.022946036434725165, ""3"": 0.022946036434725165, ""4"": 0.22117023263895202, ""5"": 0.0857020409930862, ""6"": 0.08005598195673985, ""7"": 0.09465482309589446, ""8"": 0.2056709027736484, ""9"": 0.22096187280277843}",[],[],0,0,0,0,0.0,89c8e62b854be9114693bc9ee46f443ad868df718300e1fcc7dd142473e13ede,535b1c24c75173af97a4ada81801921d4f42253647ed64a1feb3a07c9680c97b,"[""proposal_created"", ""proposal_committed"", ""audit_accepted"", ""committed_once""]"
46,noexecutor,0,none,0,0,0,0,1,0,,66.11,,0.1,,c4349c9cfab2c560509ccf0b043a6524e59aa211cec45a7245efec87aa6459f9,1,"{""0"": ""59b81c5061ceec45be5e0fe1692bbcffa5105c1be80359096c4a8ec073dfabcb"", ""1"": ""bbe1735d890c3a3f84ee6309a7fad3be5ef322186847987d361eeaf3d88774f2"", ""2"": ""c4ad7383eae45c05794fa53ab0f8ae5d0e7bcc21789f6b8d7762e08e508e7d92"", ""3"": ""7fcaf5d7d97579183204903167b0b2e517311a40e99781f89a95640d0081d655"", ""4"": ""5d38cceb066448548205080e756ba6f431f2f1a024f9be6c0805be20852e39b3"", ""5"": ""c47576ac0316a2486e98b47ba751354cc0bf497af554e045162393b855703861"", ""6"": ""3e8e0f530f48bf679bc7d39a1780fc3e5289978c5c1b6b98ef499ec1de72b9ce"", ""7"": ""f431b538c825ba688c5905851ec21046d621a01edb7cfdab0ad383c4f7a27519"", ""8"": ""9403c1478cdc75403fc861feee47fb805c336bb6815de79a96c1122be4932f7a"", ""9"": ""43875e0c42b1b080dede284a45f2cc9d0d8a5550082bbb1956b057e342684f6f""}",,0,0,0,0,0.0,0.0,"{""0"": 0.07688381093041755, ""1"": 0.07688381093041755, ""2"": 0.07688381093041755, ""3"": 0.07688381093041755, ""4"": 0.1363510697916856, ""5"": 0.09571061229792585, ""6"": 0.09401679458702195, ""7"": 0.09839644692876832, ""8"": 0.1317012708320945, ""9"": 0.13628856184083352}","{""0"": 0.07688381093041755, ""1"": 0.07688381093041755, ""2"": 0.07688381093041755, ""3"": 0.07688381093041755, ""4"": 0.1363510697916856, ""5"": 0.09571061229792585, ""6"": 0.09401679458702195, ""7"": 0.09839644692876832, ""8"": 0.1317012708320945, ""9"": 0.13628856184083352}",[],[],0,0,0,0,0.0,535b1c24c75173af97a4ada81801921d4f42253647ed64a1feb3a07c9680c97b,dd4ab42258a83ced5f6076cf8879dc8724e18a43a78debf68d0d0d8e5e37e2b5,"[""proposal_created"", ""proposal_committed"", ""audit_accepted"", ""committed_once""]"
47,noexecutor,0,none,0,0,0,0,1,0,,78.02,,0.1,,1e49094889a79b459fccd038e8359f16a7c9939ce54e64bcafb1a6abf34369bd,1,"{""0"": ""8e22e1e98d8f9f3ad99889539538eaa15e50b6f26e39fc98ee6db151e6af9b5b"", ""1"": ""cdd27f8283dc5d636de22d2d522b1d8bc41151dd5f6e990838496442b3070c4e"", ""2"": ""6528abc28b28a531a4ed06733fff923b616ed802ca0c3f42b5e8ba7639dddeb0"", ""3"": ""02594c12d29232841b3f134f4773890e5d95dc27157e1760a47850b787905538"", ""4"": ""6ad6685183c40564a1baa53d922f47c0fe8bf9f84106b1dcb4707ea788be427e"", ""5"": ""9d6f20ae713a761674b95f26fface358d67dec5d43c708e110e33c3cb045ec3e"", ""6"": ""8f8320c8a1af277ca2b3502d1e4a73b700052e5817bcd0ffb91ef12e4b5af81e"", ""7"": ""59c81f1a9f61877fa7cc9654fa5ba6c05c6140f0b3779fdfe4bf3645f25a8593"", ""8"": ""41778b197eeae60860c4c13eb4290c3ef9d2b0fcd29cc8564ba10a267ced373c"", ""9"": ""23f99f8fd05232d288be81298e69ff3c347ee2197fe941752dfc60f429258664""}",,0,0,0,0,0.0,0.0,"{""0"": 0.023065143279125268, ""1"": 0.023065143279125268, ""2"": 0.023065143279125268, ""3"": 0.023065143279125268, ""4"": 0.11689880962994817, ""5"": 0.10986387591993632, ""6"": 0.14061809792162133, ""7"": 0.1910717047693778, ""8"": 0.20106315194037566, ""9"": 0.1482237867022395}","{""0"": 0.023065143279125268, ""1"": 0.023065143279125268, ""2"": 0.023065143279125268, ""3"": 0.023065143279125268, ""4"": 0.11689880962994817, ""5"": 0.10986387591993632, ""6"": 0.14061809792162133, ""7"": 0.1910717047693778, ""8"": 0.20106315194037566, ""9"": 0.1482237867022395}",[],[],0,0,0,0,0.0,dd4ab42258a83ced5f6076cf8879dc8724e18a43a78debf68d0d0d8e5e37e2b5,02bc7de66e32eb4d4faa746f353164413b28a8cf800ba1716e0cc5fca838edba,"[""proposal_created"", ""proposal_committed"", ""audit_accepted"", ""committed_once""]"
48,noexecutor,0,none,0,0,0,0,1,0,,72.32,,0.1,,eda1ce4478ad1baa27f58287424a57bd966a099a30d19aec11f9418315c4764f,1,"{""0"": ""7af733194ff724fe5bc6dd9260ea9cf3867a973bbe89a0421fc09213d415ce02"", ""1"": ""2a899580f9b24fc6da1aefde27326d6efdfd01bfe8e145cbb1d2b2f7d75e286c"", ""2"": ""2a4aa985310db6ba9bde8c2ced8c93413d1400b72f5360e6cfabd6fabec36215"", ""3"": ""1510af2d4f7947919cdad39de15c1800a4f7691bf41ab6dd6fc24504438fb863"", ""4"": ""073dbc623368a8b2e67871543957f2839601c68aec69d6b41e39f6909ed48f17"", ""5"": ""81916e00ecb78bebe8b345640f7f2809427b67cff70c88e689a0a8ee523e4de1"", ""6"": ""9a688e2813fded874125347e376b3e4bbbc3fb844b8648be52729902cc9fa3e0"", ""7"": ""b30edf6aa5899a0c1a45a292cb6d6e9eb8fa4d7910cea371fc5cee343d8ecf43"", ""8"": ""b4cdea616f350b136131f405384625e705baca6768a45c22c41bf7c9966dbab4"", ""9"": ""27a967776de109ce9209d0b733d874dfd74f84841010b405a52bcad12e4c681a""}",,0,0,0,0,0.0,0.0,"{""0"": 0.07691954298373757, ""1"": 0.07691954298373757, ""2"": 0.07691954298373757, ""3"": 0.07691954298373757, ""4"": 0.10506964288898443, ""5"": 0.10295916277598088, ""6"": 0.11218542937648639, ""7"": 0.12732151143081333, ""8"": 0.13031894558211268, ""9"": 0.11446713601067185}","{""0"": 0.07691954298373757, ""1"": 0.07691954298373757, ""2"": 0.07691954298373757, ""3"": 0.07691954298373757, ""4"": 0.10506964288898443, ""5"": 0.10295916277598088, ""6"": 0.11218542937648639, ""7"": 0.12732151143081333, ""8"": 0.13031894558211268, ""9"": 0.11446713601067185}",[],[],0,0,0,0,0.0,02bc7de66e32eb4d4faa746f353164413b28a8cf800ba1716e0cc5fca838edba,170b4dd0a711555f5d9e33c3ed9a3739a2673a58fcdc439864ceb1bff239a664,"[""proposal_created"", ""proposal_committed"", ""audit_accepted"", ""committed_once""]"
49,noexecutor,0,none,0,0,0,0,1,0,,81.18,,0.1,,5e80b3b2bf80cb8b81abb8ba31b5ad98192ce4e9e7874f3aab65e23729b42e65,1,"{""0"": ""982294dcd8194b6322f15b6f31eab95a67f8a0a533914402cd5d3775c2bbb230"", ""1"": ""d114981cab36978c5321df445e0c50a41517ad32223d1fb6df0b022947c2a9d7"", ""2"": ""13e19c4e1ce3d8a9f43fd95fc16c83199f1392f203e2811af4ffb1a1897453b4"", ""3"": ""85d60239621c0050bf8f14d006a5c1249915419125fb4507c345e1b7c23f658b"", ""4"": ""39ef9ad641e91f73792cb7cfb47595ca6e9423a3a6daa47f00de1f667134e455"", ""5"": ""3d3ec24013731c4f13f12f2187f96fc44da6b001a5713ee39c64e68c543b0f82"", ""6"": ""d9f8fff18b270c720ffa4d9e66bdd00a72ce0aef8f73bd0af3b75e28da496e4a"", ""7"": ""d3229d9a32fff0970aaab40e21a3e06b3944ae9ad308b212e97d03b9b313a5e5"", ""8"": ""11bb3e888989ec7c6e07bc436f08a1fb2572ddc5216b446dafc55573fbf0b7a6"", ""9"": ""3c4f2d69b4a44557eb769182e108a5e2704ef514652a17d20398357dfb127d2c""}",,0,0,0,0,0.0,0.0,"{""0"": 0.023075862895121275, ""1"": 0.023075862895121275, ""2"": 0.023075862895121275, ""3"": 0.023075862895121275, ""4"": 0.23253130839298214, ""5"": 0.060256353809279795, ""6"": 0.04240646826587903, ""7"": 0.23920686895553084, ""8"": 0.09794499266635474, ""9"": 0.23535055632948837}","{""0"": 0.023075862895121275, ""1"": 0.023075862895121275, ""2"": 0.023075862895121275, ""3"": 0.023075862895121275, ""4"": 0.23253130839298214, ""5"": 0.060256353809279795, ""6"": 0.04240646826587903, ""7"": 0.23920686895553084, ""8"": 0.09794499266635474, ""9"": 0.23535055632948837}",[],[],0,0,0,0,0.0,170b4dd0a711555f5d9e33c3ed9a3739a2673a58fcdc439864ceb1bff239a664,1c5d24bf98a47d903e5069ef3e08ade75eab238acf11752c5a6acd14e189237e,"[""proposal_created"", ""proposal_committed"", ""audit_accepted"", ""committed_once""]"
50,noexecutor,0,none,0,0,0,0,1,0,,69.39,,0.1,,e1eddb5eb5cc5b8e829166356830420ee78a37b62fe8099ca0f907abd0671a90,1,"{""0"": ""791ebe6e6a63ee7686fa8b8558e98e4aea2bfa1203f0f4c3466f292275b892f5"", ""1"": ""bfbda7720620673833c719d6f201b994ed1d19d40f407c9bb7ccc749a47d487e"", ""2"": ""6a4e46a949b387eebfe0cab9f6e42c556f3c861aa7c6e7ed823ecf7b1eed7755"", ""3"": ""85e8338e1ab2bd3921b3f124730e5fe42dca4efeca4f59380c2d3347c48a4347"", ""4"": ""f3af8a8cbc5db0624947b0abfa7b7fc89dec17a1d73853d5d318c7c8072c8e2f"", ""5"": ""cd40f573a612c31855d3f19db1c4673fd69ca40d9bfb91d752755faf5009ae85"", ""6"": ""53a4bbc87ad6845c42661320998281f0f2952be654d6a0505dbe73a463932a65"", ""7"": ""312b29e97c203a1cb8e9d0e2065e9e6f5de6a749915f9e90cce3a006fb9184df"", ""8"": ""954249b6ed064ddb51478d05057f9f3cb4f950734da89d6fde44016720122cf8"", ""9"": ""493ce05caabfc6860e4b72f1eb424103ae972289cf060dcb9459a5687b980c7d""}",,0,0,0,0,0.0,0.0,"{""0"": 0.0769227588685364, ""1"": 0.0769227588685364, ""2"": 0.0769227588685364, ""3"": 0.0769227588685364, ""4"": 0.13975939251789468, ""5"": 0.08807690614278396, ""6"": 0.08272194047976374, ""7"": 0.14176206068665928, ""8"": 0.09938349779990645, ""9"": 0.14060516689884656}","{""0"": 0.0769227588685364, ""1"": 0.0769227588685364, ""2"": 0.0769227588685364, ""3"": 0.0769227588685364, ""4"": 0.13975939251789468, ""5"": 0.08807690614278396, ""6"": 0.08272194047976374, ""7"": 0.14176206068665928, ""8"": 0.09938349779990645, ""9"": 0.14060516689884656}",[],[],0,0,0,0,0.0,1c5d24bf98a47d903e5069ef3e08ade75eab238acf11752c5a6acd14e189237e,736d3444462f4c976e8c935730017a68a3cf03cb523c4034f36dd7caf632f997,"[""proposal_created"", ""proposal_committed"", ""audit_accepted"", ""committed_once""]"
1,trust_v1v2,0,none,0,0,0,0,1,0,,30.7,0.0,0.1,137927144751436990523865352425486194738,7f6673357cc3921907640bede5051c65258bccf3975c3d110389d3f4d45f4b90,1,"{""0"": ""9d09c657bac04e140a204cddbfe3f8f858f938baf5c4b559469089c8fe848ceb"", ""1"": ""f9fddf76475fbdef02396fc6963e2cdea2a4c53bad3c1c3b4de5ef210ca9e9ed"", ""2"": ""6c45ded6556cb568f3fe373924682c9c68637cf68a08ae7cddf19f7bb1f9dd85"", ""3"": ""cdc1b9ce851fcaaac5d78dadb8d22e3031725c9792c24d10a0240489bacbde34"", ""4"": ""2ed28e432dce212e8c849a612d59ad1cbcb668e1d2b72baefdbc9e26ccdcaaec"", ""5"": ""de8cad319941873656d9a1c2c83e0a36e700e80d8cf83c19fe6eb7129bd00bf9"", ""6"": ""9b5060c8d424d746e9cc0dfed5cafdc080c6bfce8513f0bf14baccb6c7eb2f10"", ""7"": ""d4b349b0e0cf24819aca36bed141f7586f5e2086a4dcb54d543a6b6b98957162"", ""8"": ""fe5928571910924591dbbcdb1f8f1cf998ef290cf809de37b20cc73f6c3e3ddc"", ""9"": ""3474c1f30c6edd3d751b34ac5d2fdca1c5778bd88c3bbb63e9eac1c23e304412""}",,0,0,0,0,0.0,0.0,"{""0"": 0.05373079274862037, ""1"": 0.06625166240581928, ""2"": 0.09723635507828143, ""3"": 0.09333077203048484, ""4"": 0.15801666435096368, ""5"": 0.1221493970136788, ""6"": 0.15801666435096368, ""7"": 0.14103313120479347, ""8"": 0.030000000000000006, ""9"": 0.08023456081639446}","{""0"": 0.05373079274862037, ""1"": 0.06625166240581928, ""2"": 0.09723635507828143, ""3"": 0.09333077203048484, ""4"": 0.15801666435096368, ""5"": 0.1221493970136788, ""6"": 0.15801666435096368, ""7"": 0.14103313120479347, ""8"": 0.030000000000000006, ""9"": 0.08023456081639446}",[],[],1,0,0,0,0.0,b3220bfac175afe1cedb4598a5691b69b53fa9091468290c805398577190d670,2cc687c0918f6a49218b0685f799fe850fe93e237230b3d98e639e28d5b6111a,"[""proposal_created"", ""proposal_committed"", ""v1_challenge_sampled"", ""audit_accepted"", ""committed_once""]"
2,trust_v1v2,1,A2,0,1,0,1,0,1,V1+V2,38.84,0.6055800965157246,0.1,11052604574438368714597608906589561890,c60db7c0fa9e7f46a6b3d0f15d2070f4ac167a0a4a38f6997db33d3a69533cc7,1,"{""0"": ""5a0b506ba47b133dec4c4ac04b5135b4c8f87267dde331c9a9d25355bc605ef3"", ""1"": ""b17a205e06ec4eeaf33e93c7a4e2e76ec181d3cbff1a13e68546f061ef868d6e"", ""2"": ""29ea4a26a3462f0594899b1502a426428abac04ba4c682f9dc29c5b92b68f500"", ""3"": ""88fa5a18d18d2f599778e38ec541227bb43c956bb98cb0283195908b12ea339c"", ""4"": ""094dac9096fb93ca04905e4569e1b2626769185590d5b78a0f3ba91dc3b7e5f7"", ""5"": ""5e1f089da529507a2899b401c31ef188d06e936fc3952d5e4b2c9f9494a945dd"", ""6"": ""ecf1fe45579c3d3fb06e456e9446b2ccf2dd251cdb44351fc11da036fb21dbac"", ""7"": ""da5bf4c5f82151cdc070effd52521ddeb1b5d8a42d36a90018b201c9521cdb09"", ""8"": ""923d6fb81328dfcec7ad286fae021789247b289242660e7c9bd3bfddbfcd5b49"", ""9"": ""6fc9e85e3ca86ae71573061d7a5c64f8b207e971fa2f922e1433bbfbf0eac6fe""}",ec9799e4057db2c70cb46c9a226ef852d71cd15c301aab5ccaaa6aec0f493bac,1,1,1,0,0.739442850777199,0.0,"{""0"": 0.016194159430419033, ""1"": 0.01987549872174579, ""2"": 0.02917090652348444, ""3"": 0.02812235141634344, ""4"": 0.2008301493142076, ""5"": 0.19006996911302212, ""6"": 0.18496118960921923, ""7"": 0.19573508937035652, ""8"": 0.009000000000000005, ""9"": 0.126040686501202}","{""0"": 0.13309707971520954, ""1"": 0.1349377493608729, ""2"": 0.13958545326174224, ""3"": 0.13906117570817175, ""4"": 0.10041507465710381, ""5"": 0.09503498455651108, ""6"": 0.09248059480460963, ""7"": 0.09786754468517828, ""8"": 0.004500000000000003, ""9"": 0.06302034325060102}","[0, 1, 2, 3]",[],1,0,1,1,0.0,2cc687c0918f6a49218b0685f799fe850fe93e237230b3d98e639e28d5b6111a,15896938f753f9893cc53c829adb8d6caac74594572b077f3edf8caf3ec3f2df,"[""proposal_created"", ""proposal_committed"", ""v1_challenge_sampled"", ""audit_rejected"", ""recovery_recomputed"", ""recovery_audited"", ""recovery_verified"", ""committed_once""]"
3,trust_v1v2,0,none,0,0,0,0,1,0,,53.81,0.0,0.1,6792741240785492951914686854937022157,ed5b01ca45ca021e4ce563aa190a200e668d6f5a168068398c098727aad11b3d,1,"{""0"": ""6acec3fc38ded82528243ec1166c32dc0b0112cf51d5698b04ca3f489aaf4ac7"", ""1"": ""066526610f46e998108c995613896429ef53d87f82ba2155e1654f64398f500d"", ""2"": ""f9af22cab50ac4caa1a8666f3cb6383e520e9843aa1aac570a693cd833985d71"", ""3"": ""2751565629e8a3c5069c6de7ab69cdedd0655d3011f57daebfa244653808c3aa"", ""4"": ""fbd887da5c2acd447fa348023f5030f6c89a173ee1ec73442e6ad81e600a61f1"", ""5"": ""2dca71192935798ef210243f73d49459b1472e54a27b4d35276a0143532e05bf"", ""6"": ""803bc9cb0793a886c18d968c1e6d4121e5ee101f6a65465c51481ae17bf42755"", ""7"": ""337c16e3058b76fb02742d5892ea096ae1133c15db5fa1bedd0f3577ce4ef3a6"", ""8"": ""6b0aca6c1991b9af9c125a4a180cce8d4478ad1bcaf63625cd9f4b6a0b9f22c3"", ""9"": ""9b898ba45d59bf8f918cbea556ab035dbf110dde0082959be8b7ba13fb6b9c04""}",,0,0,0,0,0.0,0.0,"{""0"": 0.00485824782912571, ""1"": 0.005962649616523738, ""2"": 0.008751271957045333, ""3"": 0.008436705424903034, ""4"": 0.25338326459268146, ""5"": 0.13843831073914617, ""6"": 0.1651855329939534, ""7"": 0.2518547466095261, ""8"": 0.002700000000000002, ""9"": 0.1604292702370952}","{""0"": 0.00485824782912571, ""1"": 0.005962649616523738, ""2"": 0.008751271957045333, ""3"": 0.008436705424903034, ""4"": 0.25338326459268146, ""5"": 0.13843831073914617, ""6"": 0.1651855329939534, ""7"": 0.2518547466095261, ""8"": 0.002700000000000002, ""9"": 0.1604292702370952}",[],[],1,0,0,0,0.0,15896938f753f9893cc53c829adb8d6caac74594572b077f3edf8caf3ec3f2df,42bf5c039bbbcc47771b6610e3be6df86ed19b6cd85c8de504e45531e6a6aed6,"[""proposal_created"", ""proposal_committed"", ""v1_challenge_sampled"", ""audit_accepted"", ""committed_once""]"
4,trust_v1v2,0,none,0,0,0,0,1,0,,59.89,0.0,0.1,158716092341998548273543521404897156589,fbf64f08e8ac9f72f0c009e2f007efcdf997f3ad91b4d5da333609561a9734c1,1,"{""0"": ""4de4c8757ade7d836a71d0d9b1083ec24cd89e3b5dfe19f5cd55f7245f3e3a6b"", ""1"": ""63128c5a96c382a84eab351288bb759cd803bb091a816f85bae4b437399a727e"", ""2"": ""da44694ffbfb5a69f029e92dc8d1fa5f4fef175b219f68599d8a7a0adeae56fb"", ""3"": ""a130e2f8a0d6e6bab53caf07a48d40200fb1471c80f2ee9a464f075c5529e261"", ""4"": ""cf919992853e3d6cb94525f1df2620ce943ac3ee61304c262050ae4e83f953c7"", ""5"": ""1a94cef358f7590c92c70ce50570bfe92cee11aec5df1cd3f3bcd453e0455fbc"", ""6"": ""d5efb20b395568e729604090ab084f92fc8645dc45d7da48dddfec0b0642e269"", ""7"": ""80d02dc8867cae76301ef14f6e692c40c2f2d8c728cf19982a5ce00e0a85a715"", ""8"": ""9a0c104892c4e1108b53882302d4709b10c36d8c0f6902d56eed4f7f9a3062ff"", ""9"": ""dcb878c752ed52049f436d676630e99b9987a4f143e0acb0ac6d3984fd2cf4c9""}",,0,0,0,0,0.0,0.0,"{""0"": 0.0014574743487377132, ""1"": 0.0017887948849571217, ""2"": 0.0026253815871136003, ""3"": 0.0025310116274709104, ""4"": 0.24508681776915003, ""5"": 0.11691232111549846, ""6"": 0.21862749828953162, ""7"": 0.24462826237420343, ""8"": 0.0008100000000000007, ""9"": 0.16553243800333706}","{""0"": 0.0014574743487377132, ""1"": 0.0017887948849571217, ""2"": 0.0026253815871136003, ""3"": 0.0025310116274709104, ""4"": 0.24508681776915003, ""5"": 0.11691232111549846, ""6"": 0.21862749828953162, ""7"": 0.24462826237420343, ""8"": 0.0008100000000000007, ""9"": 0.16553243800333706}",[],[],1,0,0,0,0.0,42bf5c039bbbcc47771b6610e3be6df86ed19b6cd85c8de504e45531e6a6aed6,82cad2ee1fe684313d4056084b9ebc6e135c4842c4eb923533cd2a6d5877fb7a,"[""proposal_created"", ""proposal_committed"", ""v1_challenge_sampled"", ""audit_accepted"", ""committed_once""]"
5,trust_v1v2,1,A1,1,0,1,0,0,1,V1+V2,58.51,0.0,0.1,38003432852435078069191356302820991844,70a5097c18f96bbca616ee3030dee52e391514dabbe3c61f96072b5cb358a06b,1,"{""0"": ""565beb1d4213c0270ea2a3ebf77b43785bbe89d3a39d951c70488cd66e466140"", ""1"": ""75c025443b7677daca753ca88b1d13f2df08e193cd3f6ff47b7101b3faa2e8a2"", ""2"": ""2d5d7fd102dc2915b6c6e1c14ed87682a5b5a2e0223c12c2aaad084530d906e5"", ""3"": ""797002ffcf7ff1555456a38ea7ef8c96c875214ebc42ec7b21277249fbd4181f"", ""4"": ""e3319212a967457bb2d178fabdd7234185a649e00e99ea6d3bb39b800f15aa78"", ""5"": ""996aa9fcc4ff6fae54236c71f99f5886eab5f7ed9637c57af40ae07d87758e30"", ""6"": ""0160363c8b5fc14a5f625a1f95bde2f4e2c02c4e7eb198488d718e2f77c27201"", ""7"": ""0048993c308fcf851e57a0bb98996107c1f1eebabd86f24ac508ca6f21731629"", ""8"": ""bcf1ddcf20480b9fc94605ac8e8a307daa36f68bf3f05e39cd532064b0295794"", ""9"": ""398257372532788a7e427b4f4b8cdc888992907af6491146465a71eabe4cfeb8""}",b6f8ea9ff92f58db47bcf8348312904ac46e5f334c3881c6acf8839edd439924,1,1,1,0,2.4898564549311435,0.0,"{""0"": 0.75, ""1"": 0.75, ""2"": 0.75, ""3"": 0.75, ""4"": 0.1806252622739503, ""5"": 0.0772016702432874, ""6"": 0.2825494574790286, ""7"": 0.2903496867044301, ""8"": 0.00024300000000000027, ""9"": 0.1665101245648199}","{""0"": 0.18761823695356963, ""1"": 0.18761823695356963, ""2"": 0.18761823695356963, ""3"": 0.18761823695356963, ""4"": 0.04518479100948622, ""5"": 0.019312588347888588, ""6"": 0.07068190808587058, ""7"": 0.0726331950926753, ""8"": 6.078830877295663e-05, ""9"": 0.0416537813410277}","[0, 1, 2, 3]",[],1,0,1,1,0.0,82cad2ee1fe684313d4056084b9ebc6e135c4842c4eb923533cd2a6d5877fb7a,9aae28f3fbaa6dcaee8b9bc8be1ae70463bbfa90c0655f2b4f0e0df57b0e2025,"[""proposal_created"", ""proposal_committed"", ""v1_challenge_sampled"", ""audit_rejected"", ""recovery_recomputed"", ""recovery_audited"", ""recovery_verified"", ""committed_once""]"
6,trust_v1v2,1,A2,0,1,0,1,0,1,V1+V2,60.53,1.1540696450243435,0.1,167444328989680484426869599565879926984,1a7511ee046525834c21ad1c87ed570c3f6b02a8eedd653c30409d2fcc5bab10,1,"{""0"": ""45f8377072a58d5ccaaef5dfe13cb890b11573da6292508b4b1782ca0f010363"", ""1"": ""089689ee9b7157c60a6360270e135f558e879711c076886c498098f5b584260b"", ""2"": ""2c90faa3b40bf4a4ec0071b6d6f6a9f41af8cd17fe907710d0d21fa391ec27b9"", ""3"": ""3bf28cea1466624a586be08916ef25d01961b07905fd1ee405b0c6443590e3ad"", ""4"": ""8016ecce5b64940d91c3c63d797ea7e7b40af9b6ec147400a7a614a0ac1d0a5e"", ""5"": ""a265809fd5eda86191338cac96056eef207f10adacf9255fe016a0813935ba01"", ""6"": ""564b1a6974918386d12cfaaaa98509a6b717d73eddcbe0255bd35777bbefa9c6"", ""7"": ""ec82482880300f4cd2ec0955ed10a32488bab4a3e08b50455e31a33757617a67"", ""8"": ""6edeb6c927ee473b3aef4e9999560d2b7ce0b42f5134d933ff2fb84a11e2035b"", ""9"": ""c6e2131b651437e637154d567eed3de417028bea53641c3f220b901f97659095""}",b820309716a361741a2e6bcbb72d9846dbd03931db0132ecb24811c822103959,1,1,1,0,1.9352897334502164,0.0,"{""0"": 0.00013117269138639425, ""1"": 0.000160991539646141, ""2"": 0.00023628434284022414, ""3"": 0.00022779104647238204, ""4"": 0.24638532075424047, ""5"": 0.10863182534219082, ""6"": 0.16790374290942625, ""7"": 0.2667985664119544, ""8"": 0.0006322812452623705, ""9"": 0.20889202371658064}","{""0"": 0.12506558634569323, ""1"": 0.1250804957698231, ""2"": 0.12511814217142014, ""3"": 0.1251138955232362, ""4"": 0.12319266037712025, ""5"": 0.054315912671095416, ""6"": 0.08395187145471314, ""7"": 0.13339928320597721, ""8"": 0.0003161406226311853, ""9"": 0.10444601185829033}","[0, 1, 2, 3]",[],1,0,1,1,0.0,9aae28f3fbaa6dcaee8b9bc8be1ae70463bbfa90c0655f2b4f0e0df57b0e2025,3fd07048f43e1f9c863021528b5f5a68092fb332059fe25fddeb8bbae0a8e97a,"[""proposal_created"", ""proposal_committed"", ""v1_challenge_sampled"", ""audit_rejected"", ""recovery_recomputed"", ""recovery_audited"", ""recovery_verified"", ""committed_once""]"
7,trust_v1v2,0,none,0,0,0,0,1,0,,68.38,0.0,0.1,135786290326995575008625529056981319439,d0857b5291843f09b06d8f642aaf5509e377a949e165b9196166aa68eb7e0063,1,"{""0"": ""5dde39e8e030a32d1c692a0da1eb0d37384d848a4fbc793e3f96fca7126a25a8"", ""1"": ""e1bbbf7dd06d91b88afb72e2b1bdce49d6618a039f5c1cf814b34d78038a5508"", ""2"": ""d2e6be69d84560a07b753af070594e3a1b7102bf8fdb18f3d026c9f9bfb95129"", ""3"": ""c4410c98ce3d98b674fb5b48161d7ea7359672794f083186fa165cbe294c9fe7"", ""4"": ""f009293b0d46b75366574a3c4cae6767f24c5bcc31adfe457b2433bde543d13b"", ""5"": ""248a2bc9fd244680301a804bee76b41a3cc0fcf689b2470fb0edea9e26e2b1c1"", ""6"": ""6e5a24307e53d4af6ebc40012301528bf2b9775e92d0e0f473e67b17160b213f"", ""7"": ""4f73c5d8124b23126dde47143c8c0ade6941eb5961c5fbb373e72864ebc2d2db"", ""8"": ""aa89516c499f307f5559efc1814a14d636ba89a3de354c7438d50ca3da4d4aa6"", ""9"": ""7560284a2faf81821b03fee22c08e2e5b8c1814b7ceddd16cd651805615b5b34""}",,0,0,0,0,0.0,0.0,"{""0"": 3.935180741591828e-05, ""1"": 4.829746189384231e-05, ""2"": 7.088530285206725e-05, ""3"": 6.833731394171462e-05, ""4"": 0.18563612894480647, ""5"": 0.20309253411022157, ""6"": 0.2208741093803922, ""7"": 0.156810077682359, ""8"": 0.00018968437357871117, ""9"": 0.2331705936225385}","{""0"": 3.935180741591828e-05, ""1"": 4.829746189384231e-05, ""2"": 7.088530285206725e-05, ""3"": 6.833731394171462e-05, ""4"": 0.18563612894480647, ""5"": 0.20309253411022157, ""6"": 0.2208741093803922, ""7"": 0.156810077682359, ""8"": 0.00018968437357871117, ""9"": 0.2331705936225385}",[],[],1,0,0,0,0.0,3fd07048f43e1f9c863021528b5f5a68092fb332059fe25fddeb8bbae0a8e97a,0a5dc29e6ebaaf8fe00f009c45913c7e694c7083c02a52c517ce591b9920bc60,"[""proposal_created"", ""proposal_committed"", ""v1_challenge_sampled"", ""audit_accepted"", ""committed_once""]"
8,trust_v1v2,1,A1,1,0,1,0,0,1,V1+V2,64.28,0.0,0.1,314793853739573829105780692037843069689,01130af98045f50122b0f1f19f6d76f201fc47d6d550ddf516b84e19c5f4886a,1,"{""0"": ""55ded400b5ab248e0da5eba7b569d8fa4f611ca74c5d2835b1b3ec013a76f623"", ""1"": ""dd2b0044234e3800ffc7cec9b3b33a98cd8cd5a72c463fcce8e52c32cd320d80"", ""2"": ""c591da9ccd78bf90a304ad0644f4d1a6128d3e2e148e4c1f63e7c55ac0822133"", ""3"": ""32d84f329ce4362cb2668bbfa839c0583001a5e182a711ff61a0a1c4274a5917"", ""4"": ""690d42455f7ca140508a01d2cb64bc8a118e04f7fbddc43dd2f1ebd0df3c05b5"", ""5"": ""4f1d4f97b36e6be09cb4fb754d6b43e2e0ef469d974211f5f41a37b2a3db9643"", ""6"": ""9767e8b43fd5451ccda10d472eb49d21ee0c376b9a113f0944c58b2f87fc932b"", ""7"": ""32607b5578c05a1028772851a38b1c88296289796c15328a752be83ee98d8225"", ""8"": ""401611a1d73d48987da69a7182fdfb4316f4c81acae9c8261b4beecf623fa455"", ""9"": ""799dc778c1b193d3d7f7af337b57619dedafc22f457d2e11b7f0cb83649d8735""}",773fdb56d44544ccef2fb50af726974a73767e45792036627eb1b459675eed05,1,1,1,0,3.698191369194013,0.0,"{""0"": 0.75, ""1"": 0.75, ""2"": 0.75, ""3"": 0.75, ""4"": 0.11314848796480208, ""5"": 0.22156334791272642, ""6"": 0.2268978204937776, ""7"": 0.20767861098436763, ""8"": 5.690531207361336e-05, ""9"": 0.2305867657664215}","{""0"": 0.18750319044018493, ""1"": 0.18750319044018493, ""2"": 0.18750319044018493, ""3"": 0.18750319044018493, ""4"": 0.02828760331584434, ""5"": 0.055391779490993186, ""6"": 0.056725420328676904, ""7"": 0.05192053619433996, ""8"": 1.4226570089062507e-05, ""9"": 0.05764767233931686}","[0, 1, 2, 3]",[],1,0,1,1,0.0,0a5dc29e6ebaaf8fe00f009c45913c7e694c7083c02a52c517ce591b9920bc60,aac1ce200e84c84e1587a512ae0d83c2afb2e0656c5fb9111c6f6856fe1619f4,"[""proposal_created"", ""proposal_committed"", ""v1_challenge_sampled"", ""audit_rejected"", ""recovery_recomputed"", ""recovery_audited"", ""recovery_verified"", ""committed_once""]"
9,trust_v1v2,1,A1,1,0,1,0,0,1,V1+V2,67.7,0.0,0.1,273884606463559301481412983776542855176,f7dab21e68a6bc0577bf85715b69209ef98a11af262b5d7032fb12a2298b1fd8,1,"{""0"": ""f7a587ecadd3f055e3314119295bfc3900c618cca03cfd8c54e803ad37883163"", ""1"": ""ffe46f829c3fe5643d452d4d91214794eef9e41ae28c2e7ac025ef5b877cd819"", ""2"": ""57e96428d7da7da2dbf9243cf6495ad3ef10ab232611c2ec0782fcd429a054ab"", ""3"": ""be455a950203002fcea65ef01bd44f08c89423cdefc1fd8f5ad1842ed27c8ca4"", ""4"": ""9b4843df78ff33ddb28d0ffe87a85b7b04bf3a717e52fcc98aa1eeb04fd17c36"", ""5"": ""385a2fbf75afb1a11a7a0b196d190cfe52405489f215c9bdda6e4b783469ea46"", ""6"": ""8c628f54f96d452337f64a3c3344acdfa150b9e6b872e3cf8d7a8b5f77708494"", ""7"": ""9cd9b31611d99061fba21f9fdaa45def0fa6eb4862b29cab440b8701d75e742b"", ""8"": ""b0eb83d4f82f564c645fe5755c830daca6abf19bdeaebf1503b71de7d1e557b3"", ""9"": ""48ae25288d7ee53c443716466592670a2d329d82fab9e1b51db00391089be89c""}",affd681179629faba040ee3b39b1c061d754c906eb33d6aee4064a8d8227de06,1,1,1,0,3.823332719558515,0.0,"{""0"": 0.75, ""1"": 0.75, ""2"": 0.75, ""3"": 0.75, ""4"": 0.24580588946909923, ""5"": 0.2783303474534765, ""6"": 0.2532196595596726, ""7"": 0.12326944387516409, ""8"": 0.0008625488248706385, ""9"": 0.09849169234796759}","{""0"": 0.18750095712065523, ""1"": 0.18750095712065523, ""2"": 0.18750095712065523, ""3"": 0.18750095712065523, ""4"": 0.06145178605513346, ""5"": 0.06958294205766849, ""6"": 0.06330523803894013, ""7"": 0.03081751828043221, ""8"": 0.00021563830696872153, ""9"": 0.02462304877823605}","[0, 1, 2, 3]",[],1,0,1,1,0.0,aac1ce200e84c84e1587a512ae0d83c2afb2e0656c5fb9111c6f6856fe1619f4,6db8a1e5c88d54c26605f25e2806db1462943a644e78bf7e7208fbd456239a8d,"[""proposal_created"", ""proposal_committed"", ""v1_challenge_sampled"", ""audit_rejected"", ""recovery_recomputed"", ""recovery_audited"", ""recovery_verified"", ""committed_once""]"
10,trust_v1v2,1,A2,0,1,0,1,0,1,V1+V2,69.65,1.5251081456674238,0.1,194632785326435315125888168599950004278,123b346f70c0796a03fa55b4bfe213fd6351b3bc28b936fe0c539876f34b76e3,1,"{""0"": ""39601443edb9625bacd725a8ce72aa99ec6aff3f3d7f2284de5e102569e303d5"", ""1"": ""3a7479172fe659958314b2dd2f4d8a0266e2002b0b5751c6d71c228cca9e0222"", ""2"": ""09acdf0d407e053185ec06d67e0720c3b643420d7bfa511e2089b8663058f2dd"", ""3"": ""9d3ed2e90d2701311d0dd58dc3e1a106882cc47744e3974e345e75ceed78b9f6"", ""4"": ""e69720a6b106fd89088d419f0f5afd49190e871faebc6799a447b0a16595ee36"", ""5"": ""d0e0db008c18da18dc4b3ce2d75b253be021c70b01b90a6f0bb1ced2ebd9aa70"", ""6"": ""7aa5ce5c4a42333fa816c78b36bd8adc72d0c56d60a4e611604e38cef19a128e"", ""7"": ""e52e5f1a4a647ea00682be3fe23139fe9725f9176a9757504f3f9dfbe0409240"", ""8"": ""2372443b562ad44c1dc7983a55ca2b3e19d2613814bf9f9f4589c4a3f0971366"", ""9"": ""f9c6c3edc9c18be6efdc10ff9a87ccc0319194952b2e87b8095ceb9ec6400981""}",621b124ec6efa109c77d4bfb7c5a92b1b0676aa100790f1501f45109149f5d06,1,1,1,0,2.7880324065576345,0.0,"{""0"": 1.0624988002297938e-06, ""1"": 1.3040314711337427e-06, ""2"": 1.913903177005816e-06, ""3"": 1.8451074764262949e-06, ""4"": 0.2613755265264028, ""5"": 0.2711328639217159, ""6"": 0.2635996575535748, ""7"": 0.12862775076916413, ""8"": 0.0002587646474611915, ""9"": 0.07499931104075627}","{""0"": 0.1250005312494001, ""1"": 0.12500065201573557, ""2"": 0.1250009569515885, ""3"": 0.1250009225537382, ""4"": 0.1306877632632014, ""5"": 0.13556643196085796, ""6"": 0.1317998287767874, ""7"": 0.06431387538458207, ""8"": 0.00012938232373059576, ""9"": 0.037499655520378136}","[0, 1, 2, 3]",[],1,0,1,1,0.0,6db8a1e5c88d54c26605f25e2806db1462943a644e78bf7e7208fbd456239a8d,5bfe3b639e88257551faf7f6b3b736af05d24cc0f6e249f9c76fa00bd9782d35,"[""proposal_created"", ""proposal_committed"", ""v1_challenge_sampled"", ""audit_rejected"", ""recovery_recomputed"", ""recovery_audited"", ""recovery_verified"", ""committed_once""]"
11,trust_v1v2,1,A2,0,0,0,1,0,1,V2,67.36,0.010882715271807241,0.1,209827407468505791590154573900422343685,77203c6d557f5d5bb9d01cf14753d15531da94df6385a4867f620ea9e92f9b17,1,"{""0"": ""51e3cc36af4373e755c8bd0b29da449f8c3d10f3e73519c273eab3b3b4e8e29f"", ""1"": ""9fca7b3c2a8e69693b2d50c2fbf67acb37ca60baf1c7478515f93a0d772b56c1"", ""2"": ""aeb93e407b54f2e074ec0e2e6894e672896f647ace65b3ca4dcf31e6eff28b94"", ""3"": ""6ae93b49eaeb2349302910178a657cb729536968619ee0953d5e2af1f80b6855"", ""4"": ""3837ef12e0d8572fe2f3a8dc635cdff7c08c9f029e9dcc19e4a544b48efa3341"", ""5"": ""84aea0767307e6d22415a2b32b5ff896f04e50cd3c76fa0b02e6612a96e257bd"", ""6"": ""77c49e7eb3cd69986da8acb366be0c2cd256ceb9d7d1ac3f20a9f781aff188b8"", ""7"": ""0ba3a0c0cb647fa0e0801f5863ecb84fc18c43c5ee36b60ea536cd8cb96163c5"", ""8"": ""cec831a31e21b283adf82e42ef68e933a5836989b4978153ec5f0e062d22e681"", ""9"": ""2a1b24ebbfd9c6e113a874b98eb3165f3ab190aafa090afd275d255d1cce506a""}",6b058ef263d883985922c93a996dc4a644605b248e4f981970f18d6b8ea2f9e7,1,1,1,0,2.8203231481428386,0.0,"{""0"": 3.187496400689382e-07, ""1"": 3.9120944134012285e-07, ""2"": 5.741709531017449e-07, ""3"": 5.535322429278885e-07, ""4"": 0.28284265411653664, ""5"": 0.28576985533513055, ""6"": 0.21690260982201504, ""7"": 0.12378949825552556, ""8"": 7.762939423835747e-05, ""9"": 0.09061591541427645}","{""0"": 0.12500015937482004, ""1"": 0.12500019560472067, ""2"": 0.12500028708547656, ""3"": 0.12500027676612147, ""4"": 0.14142132705826832, ""5"": 0.14288492766756528, ""6"": 0.10845130491100752, ""7"": 0.06189474912776278, ""8"": 3.881469711917873e-05, ""9"": 0.045307957707138226}","[0, 1, 2, 3]",[],1,0,1,1,0.0,5bfe3b639e88257551faf7f6b3b736af05d24cc0f6e249f9c76fa00bd9782d35,912cf6b1ecec332f53562f22fc22ea9f66ede6957db7c126a192e877b06c1128,"[""proposal_created"", ""proposal_committed"", ""v1_challenge_sampled"", ""audit_rejected"", ""recovery_recomputed"", ""recovery_audited"", ""recovery_verified"", ""committed_once""]"
12,trust_v1v2,1,A2,0,1,0,1,0,1,V1+V2,63.35,0.3811483077950294,0.1,199999589535399029317758687229044736183,c98804b60204fe89fcf6bac3e5b7717a0ed6464633116dbe0d3c3eec1abdf3e8,1,"{""0"": ""58305087f45ec064bed92d417ecc46e3b355031ef93b3ee8b0ec96e61a219b10"", ""1"": ""7e5afda653377c60b359cee310679b55cb55de6fbb2c1c85101dacd83f261fba"", ""2"": ""8548e4e5bfcc9819a9ddf408cb503ba821ad49174fb639087e41a693d6360708"", ""3"": ""b10cc484633e88ab0d5534a77607dcad799855c70cf92b447e219619f3610245"", ""4"": ""b284e3dbf3cad3226cf4c4f2aafe28f07bdcb3e641e7b8d4aaae9e114d5660e7"", ""5"": ""829d0b1321ce3156e1fdba7547538a148c4fda61a0d423d69a6f9e1953d8d75b"", ""6"": ""104353d22c32fc8f4160c32e917c3524aa0d8b37162698003b764d4fb6a763b6"", ""7"": ""45cd4aa52b1b3b1d6dc3f8daaa72248dfe753af79f2d0e751f4a3298a900c0fe"", ""8"": ""3215176e994d885d22d4a5d5bfac9887882fa16cb0a3c82bcac56786d8855fdd"", ""9"": ""76cdeeb5668db6e538d668ea99552019c9059f3ccbf5ac67f8217df597df1740""}",9e32b28a0f1928309dff44d9978ea53d53ce916b99a0c71cdf30b23fe9bc77ea,1,1,1,0,2.87812696476063,0.0,"{""0"": 9.562489202068148e-08, ""1"": 1.1736283240203687e-07, ""2"": 1.722512859305235e-07, ""3"": 1.660596728783666e-07, ""4"": 0.20957870442283724, ""5"": 0.2876955264600893, ""6"": 0.11077199668114775, ""7"": 0.162780587835138, ""8"": 2.3288818271507242e-05, ""9"": 0.229149344483833}","{""0"": 0.125000047812446, ""1"": 0.1250000586814162, ""2"": 0.12500008612564298, ""3"": 0.12500008302983645, ""4"": 0.10478935221141862, ""5"": 0.14384776323004464, ""6"": 0.05538599834057387, ""7"": 0.081390293917569, ""8"": 1.1644409135753621e-05, ""9"": 0.1145746722419165}","[0, 1, 2, 3]",[],1,0,1,1,0.0,912cf6b1ecec332f53562f22fc22ea9f66ede6957db7c126a192e877b06c1128,b4b5e76491fb7ff5e94e9087df6d818c17f11d124facb9a6a6aea8e4e79d6ac5,"[""proposal_created"", ""proposal_committed"", ""v1_challenge_sampled"", ""audit_rejected"", ""recovery_recomputed"", ""recovery_audited"", ""recovery_verified"", ""committed_once""]"
13,trust_v1v2,0,none,0,0,0,0,1,0,,62.2,0.0,0.1,132304841810748734626195769465908406668,b2b4058f0162fb103d112a487a987192700d680828464ed38f125d9ff9a23a47,1,"{""0"": ""16f40ebab1e628e61de80c0ad911d675b1a65bd84df519acfc5f34d4337962b3"", ""1"": ""d7fd96e9bec7702fe9f439e9bc4045df04c62ab5c777f7700c4a5990ee923331"", ""2"": ""22bdef5fec8081fd32e2f59d75fe31c74c00f2bb871b1876799738e199dcd108"", ""3"": ""f8916c915d731e590a43cfe14573e931a971b04d901952b177f8ff4a72e1ce58"", ""4"": ""22662a6992e9ec3fa25e4405b54f9187cf4d1b995eaa98d72504c1eb21b70aae"", ""5"": ""3bed23362b7c1b05129c4344b3e75476a9dfe943f120cdbd19d8381858e7c0f0"", ""6"": ""2753130c6d14d362c45d1653fc2ac4126fbcce348ec283d9087a8e63e0ae4331"", ""7"": ""3e159fcf6a6808dbd3ea9bc5b473081ba71e377bd74c58d8d106508459d5fb53"", ""8"": ""12ade7141742f356820fd3db80cff9fc16284ffcd7f310cee63fdaae3ae0b601"", ""9"": ""945f3b995eeb7e5c9402c0828bdba1ceb58eddcb3a6fcfe8dce026bbde0e682d""}",,0,0,0,0,0.0,0.0,"{""0"": 2.8687467606204448e-08, ""1"": 3.5208849720611066e-08, ""2"": 5.167538577915706e-08, ""3"": 4.981790186350999e-08, ""4"": 0.23395647349262458, ""5"": 0.2573915201038002, ""6"": 0.0716611216349865, ""7"": 0.19715606722257906, ""8"": 6.986645481452174e-06, ""9"": 0.23982766551092333}","{""0"": 2.8687467606204448e-08, ""1"": 3.5208849720611066e-08, ""2"": 5.167538577915706e-08, ""3"": 4.981790186350999e-08, ""4"": 0.23395647349262458, ""5"": 0.2573915201038002, ""6"": 0.0716611216349865, ""7"": 0.19715606722257906, ""8"": 6.986645481452174e-06, ""9"": 0.23982766551092333}",[],[],1,0,0,0,0.0,b4b5e76491fb7ff5e94e9087df6d818c17f11d124facb9a6a6aea8e4e79d6ac5,9268a9541c0b0b5e2b68fef2c84671064cfb4eb1e4032dddeebac3537f7604b6,"[""proposal_created"", ""proposal_committed"", ""v1_challenge_sampled"", ""audit_accepted"", ""committed_once""]"
14,trust_v1v2,1,A2,0,1,0,1,0,1,V1+V2,63.58,1.025695643653423,0.1,159233633351590511642896146209015359500,92a5a65c1f008a233a767ec4d427c12be758f6aef39a805519bb38d663b32ca0,1,"{""0"": ""f680d4b584d392cc842a12a34443c60356e66651ef515e14e4693df5a2e92cc7"", ""1"": ""867fd4fc06c4a0da3e2d04d99939f8d0bb0e3b06a7634ca0ab911a611405c9ee"", ""2"": ""03a45e8b356827467e4ea3b5af94182fde7f1537cb9b4c7b42e1f6e3eadb682b"", ""3"": ""3fdd6cddd0e1788d9fcdabcd7c95125979340e5e644d4d10c8daf59560ee9874"", ""4"": ""f549fb53bdabc63714c7061664d98305c3be8a3e2ef8ca51888fe5b397e4a1d4"", ""5"": ""3188829df11a48bba7760bd3872818eb8aed76c6fe4a055ac03289e70b4017b3"", ""6"": ""6ab94b65e3ec8c6eafada4bb718007d464845bb65cc8f2d162ff4a01bd3cadea"", ""7"": ""cfdf8ed427cfe005b4862fe5eed4cd7e11222515237c87b5d65927e08c023324"", ""8"": ""29ac6442158c3379f163f1d1d236a4a5c17d9d6239b84aceafe477b08ad7150f"", ""9"": ""60f0c168928bdf651cbaed1c3951e9f52019bff200cd4dff56c7b7af4a11fa86""}",b703b9d1d057230d8b64ad59c95c15bd2581cf095441b3a105ee3fdff5bcafdd,1,1,1,0,2.708624990530385,0.0,"{""0"": 8.606240281861337e-09, ""1"": 1.0562654916183323e-08, ""2"": 1.5502615733747124e-08, ""3"": 1.4945370559053003e-08, ""4"": 0.3024083043478431, ""5"": 0.3094388183311958, ""6"": 0.11052592303407856, ""7"": 0.19518518987398092, ""8"": 2.095993644435653e-06, ""9"": 0.0824396188023758}","{""0"": 0.12500000430312014, ""1"": 0.12500000528132746, ""2"": 0.12500000775130787, ""3"": 0.12500000747268528, ""4"": 0.15120415217392155, ""5"": 0.1547194091655979, ""6"": 0.05526296151703928, ""7"": 0.09759259493699046, ""8"": 1.0479968222178265e-06, ""9"": 0.0412198094011879}","[0, 1, 2, 3]",[],1,0,1,1,0.0,9268a9541c0b0b5e2b68fef2c84671064cfb4eb1e4032dddeebac3537f7604b6,add318f379787515b4fea92fbdf78bcfec29d46916c90d801096b62dcced9a0d,"[""proposal_created"", ""proposal_committed"", ""v1_challenge_sampled"", ""audit_rejected"", ""recovery_recomputed"", ""recovery_audited"", ""recovery_verified"", ""committed_once""]"
15,trust_v1v2,1,A1,1,0,1,0,0,1,V1+V2,68.24,0.0,0.1,60406460623340372660003561162353697966,d5a64ccd1f8ee94468e67274d01d6d991e1cc703fdab253fd04a8b79cbc02947,1,"{""0"": ""39ec77900859b619a265f0b312bb33496d000d3dfab92afc1e986ffb9bee3bc0"", ""1"": ""5bc949622f80491e73f5a9097e6eb63f4837dae0a56e29063c1c85dabd9b793f"", ""2"": ""ae628f2503d138cfd3f70d568de05533b12ffc2ae19bd54641a8aa4ae61d85c4"", ""3"": ""b497b02006c5c9a6dd4f931ff42a4c6f820d74f8968880b316864fd20bb2763f"", ""4"": ""c02611814c181d7468e7ed702f22093a26e49ad127f23506ff71f0177b832749"", ""5"": ""37539ceeb86605f9bf74993c98d5477f0df1c2ab08e29a209097336bda0ac778"", ""6"": ""cd2499da49949b8931411320a9919a02376f9a8ed869be0fa784a716b0557edb"", ""7"": ""e142a052fc3cff165f692b4ce2043c904cc3bdcec413dab19338c33652765fa5"", ""8"": ""dc726492f61b4b92a25bb0345d927813e5d1ec2858a4caf86b3f5dd40e2566c3"", ""9"": ""5a034192e13cc9c473cebc30b4110773b77a6206061fb1655a3ce4852f00d35c""}",1ef610d9d997d64b0f9899acddc744c71d9c944b76e1676511b179aed18d5283,1,1,1,0,4.361219096474975,0.0,"{""0"": 0.75, ""1"": 0.75, ""2"": 0.75, ""3"": 0.75, ""4"": 0.32348354768570964, ""5"": 0.32559270188071543, ""6"": 0.1494751804090577, ""7"": 0.11429859379665286, ""8"": 6.287980933306959e-07, ""9"": 0.08714933254470658}","{""0"": 0.1875000006977374, ""1"": 0.1875000006977374, ""2"": 0.1875000006977374, ""3"": 0.1875000006977374, ""4"": 0.0808708872223695, ""5"": 0.08139817577308313, ""6"": 0.03736879524132365, ""7"": 0.028574648555497083, ""8"": 1.5719952391765524e-07, ""9"": 0.02178733321725311}","[0, 1, 2, 3]",[],1,0,1,1,0.0,add318f379787515b4fea92fbdf78bcfec29d46916c90d801096b62dcced9a0d,b5bb6809c51f7eb9aa18c64a964715530f10f84a0ebdac823071dff1690a1902,"[""proposal_created"", ""proposal_committed"", ""v1_challenge_sampled"", ""audit_rejected"", ""recovery_recomputed"", ""recovery_audited"", ""recovery_verified"", ""committed_once""]"
16,trust_v1v2,0,none,0,0,0,0,1,0,,70.76,0.0,0.1,157420841596707592924328891983153195569,2298cd55f97166f8199883c8d61e79a754110a08493da0026b2b4d8973cbad05,1,"{""0"": ""5e1b6f570ad8f81014ed3576f6fec953ef684986a18135efce6601ffff737be5"", ""1"": ""90dccfb2bdebf1c7e15edc202627a2cb8a1e14e16d922e5950ee3c4be94b2ffe"", ""2"": ""1ae2d23220a66b6a8135e921a8d5dfc1b0cd4208022af09c7e17807261c179cc"", ""3"": ""e8061153b003c3e819056387e912b967df6f19d3d82e640ee57e2144808e6f4e"", ""4"": ""86b729cd4f82f99241434453b600b50c7945916a058865b0b3f7aeb167dd691b"", ""5"": ""7d7fc5485b49e016037f6dd4cc3787568d0a7a100565aa432b242d64e53460f1"", ""6"": ""4711c7c81af9d1c11c825d75d3489292d0e2f0e948881648250b05d65c335816"", ""7"": ""0a8a05a07a5a241b51c8fab91021a7d96338bb3a435cb9a287b1e36998db223c"", ""8"": ""118a826d2bdbda5fa0a48386b83763e5678b700e6deda15e230a2e61efad3782"", ""9"": ""d211db2f56b768661f9bfbcd963bc869a7008141471cb8d1237ae8656e43e1fb""}",,0,0,0,0,0.0,0.0,"{""0"": 7.745616253675206e-10, ""1"": 9.506389424564995e-10, ""2"": 1.3952354160372417e-09, ""3"": 1.3450833503147709e-09, ""4"": 0.29087189431330884, ""5"": 0.2915046405718106, ""6"": 0.1871684699739097, ""7"": 0.05355368742331736, ""8"": 1.8863942799920883e-07, ""9"": 0.17690111461270633}","{""0"": 7.745616253675206e-10, ""1"": 9.506389424564995e-10, ""2"": 1.3952354160372417e-09, ""3"": 1.3450833503147709e-09, ""4"": 0.29087189431330884, ""5"": 0.2915046405718106, ""6"": 0.1871684699739097, ""7"": 0.05355368742331736, ""8"": 1.8863942799920883e-07, ""9"": 0.17690111461270633}",[],[],1,0,0,0,0.0,b5bb6809c51f7eb9aa18c64a964715530f10f84a0ebdac823071dff1690a1902,4ecfd8af3b015181b29b9865dc7a8b12e2fa6877f9ea69c81d84c74d5ddf55e8,"[""proposal_created"", ""proposal_committed"", ""v1_challenge_sampled"", ""audit_accepted"", ""committed_once""]"
17,trust_v1v2,1,A2,0,1,0,1,0,1,V1+V2,72.87,5.461719732214181,0.1,277607806817711091450979104881722526084,b032883e23c9ca2037a0a0169259e867e74d950a2f5d22a9f86cfff31eb6fc33,1,"{""0"": ""95481919262e535c55b4a8a420664d75c3c94f0059c019c362af0b6bec6886fc"", ""1"": ""e80bb3fedc359156ff13315a301ceec8a023eb8e59cfbe87df89b97b0f7eb52e"", ""2"": ""870ac1866930fbce191c6a2fb8b5cd97f7615222fd6d1fa01f7ff04a6a3174b8"", ""3"": ""5cd64fceb0c87b9d6d2d4523ee75615d98ccdc2b61c3a9f1b4283be148bd506e"", ""4"": ""a11c2efe4d4168bcceafb38121684e9b4377189ec3db92094b4bfa1e1e0ecad9"", ""5"": ""c4dabd833f82335520de4319f2f6eb83a86be04d8800d0763d1f32bdf0dfcbd9"", ""6"": ""ad7373839868b698bd133f3db74e173329a9e73b5495eccf5bf524d63f29a404"", ""7"": ""df6994df7e7e2060443c3daf20e97365845b7205e4040322d027a528e8fb8106"", ""8"": ""5984b576f3aaa7d6a83d6ded9ffe628b7f72b4475e8d0bbab866e8f79c4b318c"", ""9"": ""c22b2c0b73ff70ea41d1a8fe5b13b475c8891f89a437e046a5ae7a45c5d18401""}",21201fdd72bd766cb8c471a2a6a7a443ddf63dec495d31862fd2b9944017a8fe,1,1,1,0,3.4136536599769163,0.0,"{""0"": 2.3236848761025617e-10, ""1"": 2.8519168273694984e-10, ""2"": 4.185706248111725e-10, ""3"": 4.0352500509443123e-10, ""4"": 0.24009891903036867, ""5"": 0.24028874290791918, ""6"": 0.20898789172854892, ""7"": 0.1063552477977255, ""8"": 5.6591828399762645e-08, ""9"": 0.2042691406039534}","{""0"": 0.12500000011618426, ""1"": 0.12500000014259585, ""2"": 0.1250000002092853, ""3"": 0.1250000002017625, ""4"": 0.12004945951518434, ""5"": 0.12014437145395959, ""6"": 0.10449394586427446, ""7"": 0.05317762389886275, ""8"": 2.8295914199881323e-08, ""9"": 0.1021345703019767}","[0, 1, 2, 3]",[],1,0,1,1,0.0,4ecfd8af3b015181b29b9865dc7a8b12e2fa6877f9ea69c81d84c74d5ddf55e8,9de01d8f371c27218c48d46e60894fcead5f5d91a70987f5d35337f8d4a53893,"[""proposal_created"", ""proposal_committed"", ""v1_challenge_sampled"", ""audit_rejected"", ""recovery_recomputed"", ""recovery_audited"", ""recovery_verified"", ""committed_once""]"
18,trust_v1v2,0,none,0,0,0,0,1,0,,75.53,0.0,0.1,277219844375232952992925818913133556547,657877d85925e7f62458f83e45a2b39125ab90a540132b79e904b0d43eb4cb59,1,"{""0"": ""f943159a06a062a40fd7ae6c0330c4dac24ad9336f58058b7e3af8d323eb2917"", ""1"": ""8442ff9909a3bbb9e3da25023db644c1b3b2964fc20e4528929cf188b641ef58"", ""2"": ""02ae1e7426898f3dfe00b7701db6667f05e179b133400ea7bdc74d36997ead5a"", ""3"": ""c007d0328e3c921739b8d4968e5234547f9b25f168356f8b00f8166ccf679166"", ""4"": ""6ee7234b0767a7138a10e024c11e1dd3ac16f149e8e83d0ca95d2f222161726c"", ""5"": ""71e3df9a3b5da800b0ebbd725ebdbb3295ec267ab59bcd25f1f7f3084ded06d9"", ""6"": ""ed5ead5b2984745511eeba1bc8fec47d899e972226cbc8e745740651a1c66338"", ""7"": ""13505264e938f3efc34464cdfeec8f8868e06e0674a1b8f600256d02a2349d6f"", ""8"": ""8fa47dd20410174611de5a31822edcc42bf95e341b21c9536f92e760639430ac"", ""9"": ""005856ec2dae971484c78deccea8c637b3a94804c53e09978ff6de4c13408fa7""}",,0,0,0,0,0.0,0.0,"{""0"": 6.971054628307687e-11, ""1"": 8.555750482108498e-11, ""2"": 1.2557118744335178e-10, ""3"": 1.210575015283294e-10, ""4"": 0.2689735335374895, ""5"": 0.2690304807007547, ""6"": 0.181097012007197, ""7"": 0.11181328407021301, ""8"": 0.02233063190075312, ""9"": 0.14675505738169609}","{""0"": 6.971054628307687e-11, ""1"": 8.555750482108498e-11, ""2"": 1.2557118744335178e-10, ""3"": 1.210575015283294e-10, ""4"": 0.2689735335374895, ""5"": 0.2690304807007547, ""6"": 0.181097012007197, ""7"": 0.11181328407021301, ""8"": 0.02233063190075312, ""9"": 0.14675505738169609}",[],[],1,0,0,0,0.0,9de01d8f371c27218c48d46e60894fcead5f5d91a70987f5d35337f8d4a53893,cc31cf280dd10f12ba35cd087782e899771b1dd73b909ee8b8dd262405fcdd82,"[""proposal_created"", ""proposal_committed"", ""v1_challenge_sampled"", ""audit_accepted"", ""committed_once""]"
19,trust_v1v2,0,none,0,0,0,0,1,0,,74.5,0.0,0.1,157341477934264614048090974964874960122,e8a49b4800635e348c4bf51af93400777c8d5ff353e38709c7244c73e91a1cc8,1,"{""0"": ""abd1650abaa668a37f8f9cbd60c805b660d598678a285bfeb092430bdb120d62"", ""1"": ""8a0dcf597e740238d467b13ccf837055f112fdf626b15dc5d32f49c34bd88f78"", ""2"": ""42b7966540023c939cf69786f1d4f07f9ae64b014202b356ea9c96157ca6c93a"", ""3"": ""ef8dfb904778af22b84c166b965e00e2b706e3b5bf575d7a4f2a4a9d18816792"", ""4"": ""2b639a3fce540a2f95bd992b57fd81c6b97324889dfda4eeebacd49573fc7316"", ""5"": ""63758e96c4d9d7acec1650a660af641727beaa323d6c18f51c53b02f23b1cb71"", ""6"": ""ac1a417c9ad6de1247a04fc1065d2f9b9e58f1f6547cbf3a70fa9a5f821048f3"", ""7"": ""b7ad53c2736494640986d19faa3ea7f53b7a46d501f1f299a2a433ad7db8650f"", ""8"": ""398507f20d988b57d6cf437e054f672c569417fedef8c750e6c4c223eba5b6e1"", ""9"": ""1ff6fc91447770b7edd45c780bcd401895943e2142bee62bb5b23f81c1df2c01""}",,0,0,0,0,0.0,0.0,"{""0"": 2.0913163884923066e-11, ""1"": 2.5667251446325497e-11, ""2"": 3.767135623300554e-11, ""3"": 3.6317250458498826e-11, ""4"": 0.2903642445531197, ""5"": 0.29038132870209926, ""6"": 0.19799974223346317, ""7"": 0.10861372757769783, ""8"": 0.006699189570225937, ""9"": 0.10594176724282503}","{""0"": 2.0913163884923066e-11, ""1"": 2.5667251446325497e-11, ""2"": 3.767135623300554e-11, ""3"": 3.6317250458498826e-11, ""4"": 0.2903642445531197, ""5"": 0.29038132870209926, ""6"": 0.19799974223346317, ""7"": 0.10861372757769783, ""8"": 0.006699189570225937, ""9"": 0.10594176724282503}",[],[],1,0,0,0,0.0,cc31cf280dd10f12ba35cd087782e899771b1dd73b909ee8b8dd262405fcdd82,a5a71d2762e9a43e268adb66c0e62b3501f6e44a56a71fc71528a975235c4b82,"[""proposal_created"", ""proposal_committed"", ""v1_challenge_sampled"", ""audit_accepted"", ""committed_once""]"
20,trust_v1v2,1,A2,0,1,0,1,0,1,V1+V2,66.64,6.498025286251817,0.1,82048132630715324195689635137043221089,5145be0986eee8ffa0535237cc7c6f3890d13a6edef8db3d0a95e5905e1ec82a,1,"{""0"": ""952230dadcd9d453d122b4c75543f21220c60f82c5dbf76b9150d88570fe17a6"", ""1"": ""185f5d47007da922d19d0c48f2a678e0cffb820e458e43807a86dfe24bdcf801"", ""2"": ""42116af9f653c4b53218245cc6b3e8239be7859b327c337483b89c5d70662225"", ""3"": ""70c9a14fe3c97fe077b8bf032f1d69f1909b9038b6c0689e8bec100eead436ab"", ""4"": ""0034a277c56c7d38a116e6afa842c25867edcfa888aee0a843997904a8455076"", ""5"": ""d53d3b086a5631514a8dc0942b0416e2736d27eff7a1e29d96e591bc16bd0ee4"", ""6"": ""f9a94b5b94a471acee3f17841e8d54f84c4ec67ca52c1c36b6e97c35b1a66d77"", ""7"": ""2363b63b542d8c015b3c4e3b2eaefbe4e787dabd88d930b128f22aa6e763fe5a"", ""8"": ""955baaf4a688131e07c7b2cef0441f899f5b8c46827c63b1966e06ba0b4b4bd8"", ""9"": ""22386568f01402b81b4d8c410b285c87c3e2385a7e303fbed5372b72656e2602""}",8c70eb1388b8f3278aa9bb70c54ecc54f1483c2c212175caaa60e538564cb81b,1,1,1,0,2.8504028621024324,0.0,"{""0"": 6.2739491654769215e-12, ""1"": 7.700175433897652e-12, ""2"": 1.1301406869901665e-11, ""3"": 1.0895175137549651e-11, ""4"": 0.37998057261503676, ""5"": 0.37998569785973063, ""6"": 0.08070578419130342, ""7"": 0.1048264550532987, ""8"": 0.002009756871067782, ""9"": 0.052491733373392115}","{""0"": 0.12500000000313696, ""1"": 0.1250000000038501, ""2"": 0.1250000000056507, ""3"": 0.1250000000054476, ""4"": 0.18999028630751838, ""5"": 0.18999284892986532, ""6"": 0.04035289209565171, ""7"": 0.05241322752664935, ""8"": 0.001004878435533891, ""9"": 0.026245866686696057}","[0, 1, 2, 3]",[],1,0,1,1,0.0,a5a71d2762e9a43e268adb66c0e62b3501f6e44a56a71fc71528a975235c4b82,4e73f83e0051ea1acb8ab8d4ea59c781a801ff0b32ef9546ba8349f75b881fe6,"[""proposal_created"", ""proposal_committed"", ""v1_challenge_sampled"", ""audit_rejected"", ""recovery_recomputed"", ""recovery_audited"", ""recovery_verified"", ""committed_once""]"
21,trust_v1v2,1,A1,1,0,1,0,0,1,V1+V2,65.71,0.0,0.1,222426816699168413997990290806169530994,202a4331d4caec21a7c98854a61c63794acfeed4c7bb7d5d0e593a59ab5f7138,1,"{""0"": ""23a19c2c3175f6bce84ea2b7e3afb9b9d5d6d11cd2d7700cfa62fc56de4087be"", ""1"": ""f1a9df8e03fef652d1fb04094e80c40f898a8f839e1e485077f2548508e04634"", ""2"": ""eb75ee1199058be443d13b69d5fc662200cf70e8eb854d152b6b2dfd22c32c42"", ""3"": ""190c2757f6a9e35db5db90f9d4ca07c6ba5a2a8585d215bcd8788ee650a353db"", ""4"": ""b0371a9dba94ea191062ce396afbba619248eb34d68de4037bee64815a44276a"", ""5"": ""1efde69f264206a3b36a1cd40a823f042cfba1d2b9d12c5886ae834ec92ef92c"", ""6"": ""ae0dca9829b180aa57e36404e1e741e69ed233328ae94b30e54372be74d6817b"", ""7"": ""c7df78843c7a2d15559ed8cdd99a708851252606d8698b4bf2b8b16ddcf4b350"", ""8"": ""56a3e9540999f2f56cf31f3278c04fd153ce5147955f20b29e7e3e907d60dc64"", ""9"": ""c28f93e6c2f4e9cc6e4865cae56d1e61b55d484d232f168ba0e24c15c388a97c""}",035fa6e92611a5b3bd46fb24e6809ba02b8f273ad9c37e58f2531302eda3bd08,1,1,1,0,4.781010491874006,0.0,"{""0"": 0.75, ""1"": 0.75, ""2"": 0.75, ""3"": 0.75, ""4"": 0.34116010664486357, ""5"": 0.3411616442182717, ""6"": 0.024211735257391023, ""7"": 0.2586138713763421, ""8"": 0.0006029270613203345, ""9"": 0.034249715430959914}","{""0"": 0.18750000000050865, ""1"": 0.18750000000050865, ""2"": 0.18750000000050865, ""3"": 0.18750000000050865, ""4"": 0.08529002666144726, ""5"": 0.08529041105479931, ""6"": 0.006052933814364177, ""7"": 0.06465346784426092, ""8"": 0.00015073176533049253, ""9"": 0.008562428857763206}","[0, 1, 2, 3]",[],1,0,1,1,0.0,4e73f83e0051ea1acb8ab8d4ea59c781a801ff0b32ef9546ba8349f75b881fe6,ad43d476b81207a6e27eef32a4bc0872fddce73d888f70b2a2478b418ef8034c,"[""proposal_created"", ""proposal_committed"", ""v1_challenge_sampled"", ""audit_rejected"", ""recovery_recomputed"", ""recovery_audited"", ""recovery_verified"", ""committed_once""]"
22,trust_v1v2,1,A2,0,1,0,1,0,1,V1+V2,70.13,5.926668523436473,0.1,126895992142455176288420245749726774548,0dc9c9ad748cd0fd89acb9d1e8dd82860d1fb6127e494c87d1617678db0579a7,1,"{""0"": ""b5bc8d6f3d6e04f69950c776be1708d4b987dd37ba7a6b0f7d0f1d1103a7fe4f"", ""1"": ""e3a2ccc46c5d5b25588ac3d608a810c707af65f0bff9f16cb152e9e218f850c2"", ""2"": ""7cf83166125487e26f892008f61070ed91f41a18cbfe89835f761a5417a97619"", ""3"": ""7c8abb1d065633d9446bb9256c03cc3503e57faccf3e7af8540783962d11f73b"", ""4"": ""4cd3a4cf40ba90e69cbaf2b3aa2197eb541780eb1aed016f725238253ffdc2f7"", ""5"": ""290f6b2aa4bed00ee8ed343fcc26a53bbbd03dc5cdb1eb00c8a61cb4cb97313b"", ""6"": ""2998d0525bb0eca963ae3084b27bfe4be16c90780269638327406e4ff9500d0a"", ""7"": ""738b01d2c3d6e8ea6d6e576647157b7c063c56edaba364400af2503f817fad82"", ""8"": ""e5fb4e2bdec4704c3e27e7e0d0f5d7a8234845ca3ffcb7bd7701c9b7fd910af5"", ""9"": ""7638ffd69b68b0047dcba016075206009b6a1ffc61d344c619bbb6d305c0d7fe""}",88dba6c0d2cdad56371af41a43521e25d570861d106eadf217433c82a895d80f,1,1,1,0,3.5490519095726016,0.0,"{""0"": 5.646554248929229e-13, ""1"": 6.930157890507889e-13, ""2"": 1.01712661829115e-12, ""3"": 9.805657623794688e-13, ""4"": 0.2974225803654686, ""5"": 0.297423041637491, ""6"": 0.040168903315100035, ""7"": 0.27265870978491213, ""8"": 0.019541020056842842, ""9"": 0.07278574483693}","{""0"": 0.12500000000028233, ""1"": 0.1250000000003465, ""2"": 0.12500000000050857, ""3"": 0.12500000000049027, ""4"": 0.1487112901827343, ""5"": 0.1487115208187455, ""6"": 0.020084451657550018, ""7"": 0.13632935489245607, ""8"": 0.009770510028421421, ""9"": 0.036392872418465}","[0, 1, 2, 3]",[],1,0,1,1,0.0,ad43d476b81207a6e27eef32a4bc0872fddce73d888f70b2a2478b418ef8034c,f1014ab96ee68652324fe8053911fb1f786230c652ddef194473ba13b4be7266,"[""proposal_created"", ""proposal_committed"", ""v1_challenge_sampled"", ""audit_rejected"", ""recovery_recomputed"", ""recovery_audited"", ""recovery_verified"", ""committed_once""]"
23,trust_v1v2,1,A2,0,1,0,1,0,1,V1+V2,78.38,4.645169856469611,0.1,199189123232987927929549392152718041694,e51eb559b38daef163621c552a5efe48e39fc0cfb371f3121f176e58ece71e29,1,"{""0"": ""2fe16e362a21c9771c4cf795104cea815ff618c7593cc9b1cece6480d64e41dc"", ""1"": ""797714a5e6aefb5afcfb55bc7dbd24dc7a21e39e487082cc2839c393b514a0ee"", ""2"": ""84e9fd83023a37747b0b0914ac23f74ef6f2fcf3a9521238e3f79d4c5f159b4b"", ""3"": ""565b58e1f366ed8c5a18d87538e52e747363398f1552e3dddb1fdb754ac862c1"", ""4"": ""a37ffc66423d1b34bc32d967e05b4ef708ee4295832c018e245c9bf1adda3bae"", ""5"": ""6a127622513c7d19bc6458a4331eaf1b6af52ff0123505abd449a09f6ae6a0af"", ""6"": ""79c9712bf28b3081170a2c835a09f7f2a3b01001616d15217998ddffbe89b632"", ""7"": ""4aec1b8a88ab6fbd837b555577bbcabbba8d5f22d81fc663acbe1a6e0be23ef8"", ""8"": ""33f5fd4e6f8461bcab2fe9789d5aea4cad177bc46ef916649adfc517a9f755d5"", ""9"": ""1c7d1c91a46274647bfedf2d462a873d2bdef9fbd4d54d657281f372b2e852ff""}",8b5e13b83994cbf1b229e09ef6784f958d22dcc6826cff056a44f829f86e08fe,1,1,1,0,3.410480304145004,0.0,"{""0"": 1.693966274678769e-13, ""1"": 2.079047367152367e-13, ""2"": 3.0513798548734507e-13, ""3"": 2.941697287138407e-13, ""4"": 0.2774350973246941, ""5"": 0.16520914730931424, ""6"": 0.20025899420958354, ""7"": 0.14119040847224607, ""8"": 0.005862306017052853, ""9"": 0.21004404666613255}","{""0"": 0.1250000000000847, ""1"": 0.12500000000010394, ""2"": 0.12500000000015257, ""3"": 0.12500000000014708, ""4"": 0.13871754866234706, ""5"": 0.08260457365465712, ""6"": 0.10012949710479177, ""7"": 0.07059520423612303, ""8"": 0.0029311530085264267, ""9"": 0.10502202333306628}","[0, 1, 2, 3]",[],1,0,1,1,0.0,f1014ab96ee68652324fe8053911fb1f786230c652ddef194473ba13b4be7266,ae6bd3704b60091c991fa79688885cd12d3e3219e64380f5c08a869bfa393c2c,"[""proposal_created"", ""proposal_committed"", ""v1_challenge_sampled"", ""audit_rejected"", ""recovery_recomputed"", ""recovery_audited"", ""recovery_verified"", ""committed_once""]"
24,trust_v1v2,0,none,0,0,0,0,1,0,,77.31,0.0,0.1,235718048717322466046745190546576147407,148d62f26b5a4f1847a6010e81a2c9651e3a0e9d2b93a72fb7679da7370de078,1,"{""0"": ""70c6a0502b295daae4347f16f54f1b05855ea668d3abd42d04059111d376db8b"", ""1"": ""0efdd1c494309bbb14994a337a041ebe6ccf45507950cbfb024eb46ee5aa5242"", ""2"": ""04f4d38b57ab0d926f358c0020ca377b81b3b346fa7d21855a460b4ae48b1e75"", ""3"": ""7196dab1dcc23c9826180e82566a9b92fabe5aeb3f2eef7122783d3d23b15c97"", ""4"": ""f001ba049059fdfe3eb2f47bb9de6ccbec4e40114636ad979754a1f4c61fcf7c"", ""5"": ""1ac80ba79ed862056b259d948ecdaea88aab98c829b37b9e239b2d918339bafb"", ""6"": ""b3994c66434f9ca979df99dbe9f6266a34d141ba4a6a56064c219ee0fc031ad2"", ""7"": ""fa3b3a5113db254540e0473dd7f0bcb37cf93be1aa70b1e8b1616d02b1315c5a"", ""8"": ""5af7fd084ebad196dcb0242e53788da182cd25da3c9de85627853bdd5bda4f83"", ""9"": ""855d94c7ea267ac390ef77f67d2a9b9ce2f872f2d9e84f5611e747caece577b4""}",,0,0,0,0,0.0,0.0,"{""0"": 5.081898824036308e-14, ""1"": 6.237142101457101e-14, ""2"": 9.154139564620353e-14, ""3"": 8.825091861415222e-14, ""4"": 0.3465136467621115, ""5"": 0.04956274419279428, ""6"": 0.3233608158275783, ""7"": 0.06926524516466913, ""8"": 0.0017586918051158563, ""9"": 0.209538856247438}","{""0"": 5.081898824036308e-14, ""1"": 6.237142101457101e-14, ""2"": 9.154139564620353e-14, ""3"": 8.825091861415222e-14, ""4"": 0.3465136467621115, ""5"": 0.04956274419279428, ""6"": 0.3233608158275783, ""7"": 0.06926524516466913, ""8"": 0.0017586918051158563, ""9"": 0.209538856247438}",[],[],1,0,0,0,0.0,ae6bd3704b60091c991fa79688885cd12d3e3219e64380f5c08a869bfa393c2c,e3ed2c600481e705335c9ec0ba7b264fc772ab855c5f3b7a8617ca428a2d473a,"[""proposal_created"", ""proposal_committed"", ""v1_challenge_sampled"", ""audit_accepted"", ""committed_once""]"
25,trust_v1v2,0,none,0,0,0,0,1,0,,69.99,0.0,0.1,190923912675101285261860715397007787922,6ecc6500ffabaa1354c0d514f35d5d9765c36a90a20f0abb35ac8e8dc9bb558a,1,"{""0"": ""7b45d97fe09987d6a865d6b09aecd76f6de4784863ee4438ad1b4b44918dfc42"", ""1"": ""127a5b3899d708358bb27a8c014a1db5aa073fae186baa3da2729fbe519c6ae1"", ""2"": ""7ef54f5e1a01caaac429f1ecb6b9abf63fac2c545b239fcc02f8a7008f9d5272"", ""3"": ""a04b5b80c4f68f0087410a08d254f80ab4022abdf05e1b9c8a5f1aaa28d4851e"", ""4"": ""02a76ed2a2490e1215b1c9e323bdb4b10bf42c7da9b8f68d5f458a7277ee0b80"", ""5"": ""1b3db8921e46f2b64157e76f370f2a110258110c936c3a352c41b09305f9b2f6"", ""6"": ""eba12d4e157d58488c6f79a971f99ed47c8bb2266081247c97c7f6a73bbed894"", ""7"": ""81f75c2922bc0d2c460295f1d99bee4237770fd8c54be7caa2d79c47920267f3"", ""8"": ""49f5086c241ca0e8d2233c34eb085a1d86f599ba4953a02c6964dfd15f119292"", ""9"": ""cee54d0101a19446903c6416262997ac544edc5c1eb84892d08575da23919227""}",,0,0,0,0,0.0,0.0,"{""0"": 1.5245696472108923e-14, ""1"": 1.8711426304371304e-14, ""2"": 2.7462418693861057e-14, ""3"": 2.6475275584245665e-14, ""4"": 0.25138749059901716, ""5"": 0.2762654981867713, ""6"": 0.09700824474827348, ""7"": 0.047777731794062354, ""8"": 0.003302702868623182, ""9"": 0.32425833180316443}","{""0"": 1.5245696472108923e-14, ""1"": 1.8711426304371304e-14, ""2"": 2.7462418693861057e-14, ""3"": 2.6475275584245665e-14, ""4"": 0.25138749059901716, ""5"": 0.2762654981867713, ""6"": 0.09700824474827348, ""7"": 0.047777731794062354, ""8"": 0.003302702868623182, ""9"": 0.32425833180316443}",[],[],1,0,0,0,0.0,e3ed2c600481e705335c9ec0ba7b264fc772ab855c5f3b7a8617ca428a2d473a,cdd2be4429dffe895885f829e9e8d9257e29ea6c007627ea377b00b2eeab7057,"[""proposal_created"", ""proposal_committed"", ""v1_challenge_sampled"", ""audit_accepted"", ""committed_once""]"
26,trust_v1v2,1,A1,1,0,1,0,0,1,V1+V2,79.56,0.0,0.1,29373602768533621888672906112079437481,08b4c7fb5aaf2fd664d187e2f5879ea30b777ff54a2dba7fb630fa330d5e13e0,1,"{""0"": ""f4fa8a6383a1857228f91d2177b7b6516250e5f2dd38eacc05835ab0f5bf3e1c"", ""1"": ""4e05e3ec4cf3d6ccba472aa8d2a54098adb26ec116c8543e2168cf42c2956b0b"", ""2"": ""d2eb6f27abcf61bd02acfe9504b93ada1e6f6bc7e69144ab76c9790158656e57"", ""3"": ""ec2b2e328100fa104f0e5c9ce00430a7b98a6a33d045c1ca33f0d9901bb8a74b"", ""4"": ""dac570fdaacb0b6ea53949f58ed3da0c85e8e29c30fa3ebb276e8c32a6ef81c2"", ""5"": ""ea3db828508b2f15aadff1487a30c2496c90d870e296f623b6b91272fbd66609"", ""6"": ""9cccef2b08ee40033906f5a10715d6b0650facea5027f886605ef0f84fe57f0e"", ""7"": ""da79a08e20fab09d12b312ee3e0954d007bbd5a37ecc991d3d1482d8bcdf2e00"", ""8"": ""af1791f90f11039a1a2814f01997e661bb233b065d8bdc4c683b4d8957fec76d"", ""9"": ""a553015e5079494031bacd5c4f1d7fbb98441881d9792e72ebe6b78f19db998a""}",34d62267f7d14f4dd1bc9572497799190ed270e1b20c85d5f730b69b60253482,1,1,1,0,4.885352535458899,0.0,"{""0"": 0.75, ""1"": 0.75, ""2"": 0.75, ""3"": 0.75, ""4"": 0.30874958051303847, ""5"": 0.0828796494560314, ""6"": 0.26243580675781536, ""7"": 0.014333319538218708, ""8"": 0.0009908108605869547, ""9"": 0.33061083287428267}","{""0"": 0.18750000000000128, ""1"": 0.18750000000000128, ""2"": 0.18750000000000128, ""3"": 0.18750000000000128, ""4"": 0.07718739512826014, ""5"": 0.02071991236400799, ""6"": 0.06560895168945428, ""7"": 0.0035833298845547013, ""8"": 0.00024770271514674036, ""9"": 0.08265270821857122}","[0, 1, 2, 3]",[],1,0,1,1,0.0,cdd2be4429dffe895885f829e9e8d9257e29ea6c007627ea377b00b2eeab7057,54ddfbb5fe5ea58d0cf9fc6bfa80675332e71f3434899f6e30e9f7cd3efa26c4,"[""proposal_created"", ""proposal_committed"", ""v1_challenge_sampled"", ""audit_rejected"", ""recovery_recomputed"", ""recovery_audited"", ""recovery_verified"", ""committed_once""]"
27,trust_v1v2,1,A2,0,1,0,1,0,1,V1+V2,69.95,1.3675758134066627,0.1,187300031506767759354207152666255657731,ea873245bf69d2af537cd457676c190a625389bbc157dbaf83eb273642c90ff5,1,"{""0"": ""0dc4c248fdfb8d4a6a8b1f13c6b16a26dcba4b6767aaba64d2cdf959ffcbb4e4"", ""1"": ""556768e92e2d10715d2f24db18b944843e7cf3df6267ad75815d4ba8557af5e8"", ""2"": ""789af710e366e499551e1250ed205132337b8faf64d6fe474798173e7fd63a63"", ""3"": ""6900304c1eabff92c5a9cb9a226bf98b6dc5ae61d76f27874ea90329cef5668d"", ""4"": ""651161792ea79afc93a17f8cb99dce32cb8d7c297f0ea3e8147f864079916c75"", ""5"": ""017c6e86f9ef87fd30da04c7ba4dc3c8f935233cd5cb9bd54fe029142622a512"", ""6"": ""c6cc16551e172dcedab3e3f87e06c7276f2ee64ad68c27acaf0adf1e8ebafe4c"", ""7"": ""959f7758e5c8d96b551e00f4f28764d333b89bbd7a0f6ae08fc59f53dadbf3ed"", ""8"": ""70faf15f13376a6576c9369d0ec8e8e0914e189c7c7f4f5c0d87183c2c12366c"", ""9"": ""5d1e3d6e7aa9dfb155cf016328c02529063a5d1ac8a24bf4cb1efa6aea63be97""}",c81668ea9973f349cb19ebc20466e3aede59dfb22efa44c027c2709fe0784616,1,1,1,0,3.109426577532435,0.0,"{""0"": 1.372112682489804e-15, ""1"": 1.6840283673934182e-15, ""2"": 2.4716176824474963e-15, ""3"": 2.3827748025821107e-15, ""4"": 0.09262487415391157, ""5"": 0.282797447172028, ""6"": 0.07873074202734463, ""7"": 0.18843289119102857, ""8"": 0.0002972432581760865, ""9"": 0.35711680219750336}","{""0"": 0.12500000000000067, ""1"": 0.1250000000000008, ""2"": 0.12500000000000122, ""3"": 0.12500000000000117, ""4"": 0.04631243707695578, ""5"": 0.14139872358601396, ""6"": 0.03936537101367231, ""7"": 0.09421644559551426, ""8"": 0.00014862162908804323, ""9"": 0.17855840109875165}","[0, 1, 2, 3]",[],1,0,1,1,0.0,54ddfbb5fe5ea58d0cf9fc6bfa80675332e71f3434899f6e30e9f7cd3efa26c4,100a9d4b43f4771133b35b6e018fa3149a59648fd0ac35c213e591958ba80a10,"[""proposal_created"", ""proposal_committed"", ""v1_challenge_sampled"", ""audit_rejected"", ""recovery_recomputed"", ""recovery_audited"", ""recovery_verified"", ""committed_once""]"
28,trust_v1v2,0,none,0,0,0,0,1,0,,74.1,0.0,0.1,120452541123416306225504642812859359412,03b1cdff9089ad5c029b83d2248f1dc719f03b0b5825f857cff322b66217d040,1,"{""0"": ""aa7a40cc90e62ca95fd27a4c9b094af78c5772eb139e0c0c0a69859ec2a5c807"", ""1"": ""7f148997340b9840ea63f54cc7a19447cf6ab10827c1badce96ee4aeeb8f4dd8"", ""2"": ""6db7cb5b4f5b73c1b9895d5b910540ea8113a07484be5db89c3f5c86b8e98684"", ""3"": ""f5732bcdada7ca77260d2ddf440f43e2bb04ba8a79ff49efc7d0d1257fe25374"", ""4"": ""4a44edce159418c101440bd3c9151f9993fe471a4998935454d1716379c03dc8"", ""5"": ""4f721d253706e4dd8a740713ac9bb56963529a7cc3039e96414a6df75dc50941"", ""6"": ""d2506889ec801f80fc0eb4b4b522eeb7623716728e3e3ba3e09f9379e81f2657"", ""7"": ""3afb6ff7f8142cb0f37c7d07e78bea86192f0db0f7f475650502a785c3b265da"", ""8"": ""c17994cd9d7cce114bd413450160f7588a28824b80836daf600501038af72126"", ""9"": ""bef3541d1f834e308ef9dcafcc28ce0d412f2f03e724b54dd6a436bf8d6f0510""}",,0,0,0,0,0.0,0.0,"{""0"": 0.07000000000000041, ""1"": 0.07000000000000049, ""2"": 0.07000000000000073, ""3"": 0.07000000000000071, ""4"": 0.09778746224617346, ""5"": 0.15483923415160838, ""6"": 0.09361922260820339, ""7"": 0.12652986735730856, ""8"": 0.07008917297745282, ""9"": 0.177135040659251}","{""0"": 0.07000000000000041, ""1"": 0.07000000000000049, ""2"": 0.07000000000000073, ""3"": 0.07000000000000071, ""4"": 0.09778746224617346, ""5"": 0.15483923415160838, ""6"": 0.09361922260820339, ""7"": 0.12652986735730856, ""8"": 0.07008917297745282, ""9"": 0.177135040659251}",[],[],1,0,0,0,0.0,100a9d4b43f4771133b35b6e018fa3149a59648fd0ac35c213e591958ba80a10,7a9c4749cab3dca6a4f47b36be74b47c7e0a32848be8f495d2b90f729b75cb03,"[""proposal_created"", ""proposal_committed"", ""v1_challenge_sampled"", ""audit_accepted"", ""committed_once""]"
29,trust_v1v2,1,A2,0,1,0,1,0,1,V1+V2,71.06,1.2069075170283585,0.1,332215854978716799760324029317196161412,a2ae899b7a867c2bd7a06d83514d9c9e12c887e5055b769eb4914f7f4c0414ae,1,"{""0"": ""85bcb6297c13879693cfd0df08c66e91b8c0ac7302136c607981ba86f1ae14e1"", ""1"": ""e607be910c9d5bbbf7e07eac75c48f10991e95747a463a9d1ce0ab96d38126d8"", ""2"": ""abd679418bf2d8ec138fd3aadd5df83474d93727b5a05aeea4539de0eca29e6d"", ""3"": ""e565e74261b3e00020eb3ee879395d5c3a043688e6758e71275b9de2880155be"", ""4"": ""8c9ad57db651887840b1e0ce5b5f2c1eb6e450fa2d74405a67449d70c12f1bd3"", ""5"": ""40a42125e003f2e320d0533d2d0c6f0f4a0ce8b6f2a8a90388be730f35d87aab"", ""6"": ""50e9cf717e6bd9b96c7d0e1400934bff102a4a7364769b3488bbe4bc15a5a6a6"", ""7"": ""87dabb45fbce1e2157243ef84c974f98e7b6336593d74a36038aa2687f6b8e73"", ""8"": ""cffef09a7575a25e8fe50b596c997f5fc1fd08b48e262847114c26ee2ee22b02"", ""9"": ""51f262d64f1e43ab8b3f74bed551470078f3223918e9fd643be65c7d5af408d4""}",297f3d96a5fb6173784ab463c9aea3d95de7f0482b7c92ead0313fd23333ff3e,1,1,1,0,1.0875774936183435,0.0,"{""0"": 0.09100000000000014, ""1"": 0.09100000000000016, ""2"": 0.09100000000000022, ""3"": 0.09100000000000022, ""4"": 0.09933623867385205, ""5"": 0.11645177024548253, ""6"": 0.09808576678246103, ""7"": 0.10795896020719259, ""8"": 0.09102675189323586, ""9"": 0.12314051219777532}","{""0"": 0.17050000000000004, ""1"": 0.17050000000000007, ""2"": 0.17050000000000007, ""3"": 0.17050000000000007, ""4"": 0.04966811933692601, ""5"": 0.05822588512274125, ""6"": 0.0490428833912305, ""7"": 0.05397948010359628, ""8"": 0.045513375946617925, ""9"": 0.061570256098887645}","[0, 1, 2, 3]",[],1,0,1,1,0.0,7a9c4749cab3dca6a4f47b36be74b47c7e0a32848be8f495d2b90f729b75cb03,7bcd97c4694eb702cf92f237caa5e3200b0a65b4c77566b6bb40b59cdbd1b6fe,"[""proposal_created"", ""proposal_committed"", ""v1_challenge_sampled"", ""audit_rejected"", ""recovery_recomputed"", ""recovery_audited"", ""recovery_verified"", ""committed_once""]"
30,trust_v1v2,0,none,0,0,0,0,1,0,,76.28,0.0,0.1,317747540192370403914480151732038760900,c3a6563ce1718a9b2884a758a7e30347d6303a3324c9f3c301db80cb5becb3e4,1,"{""0"": ""2fdade4395c282d8ddae6074b9a4a491e5981c7563d8b0447fd79a6a94675242"", ""1"": ""72879a1e8ea4e613e49e4bf5536a1e7c4c7f0844469c5d784102086d63c803ca"", ""2"": ""d5e837f44fa391ea185fbae506eff8bf6ff72919c5b3bf165290fb198515b288"", ""3"": ""1b000e9cadf3e9afbca4b2ffa070b22674eb29e8e1362484135955cad6262fed"", ""4"": ""10d1ce90aa5ac4fe84d7ec7263f9073d849885c5ac612f34705af2f71f98f691"", ""5"": ""52a8a62a2ada76c4bb446d65d3489a66b5c534381123677b63cdcc89cedcc66f"", ""6"": ""d5e2484a498eb4b956bdc0f2dd49aee75526ac5b98e27a9b488e8c60a3c2233d"", ""7"": ""e3e77f68a1974989e54063f8ed53a54c12becd763c566a77f731714ffd6c216a"", ""8"": ""f2453ef85fd859385734f0b8c70ddde83f26f7a522adaa0c83514691f4621ca6"", ""9"": ""28c5e2659d243da6ef16931855d6a7ee7538cb29578d5fae244dd2781c7cd45f""}",,0,0,0,0,0.0,0.0,"{""0"": 0.027300000000000046, ""1"": 0.027300000000000053, ""2"": 0.02730000000000007, ""3"": 0.02730000000000007, ""4"": 0.23239560088256586, ""5"": 0.07971116861833225, ""6"": 0.05943429850769929, ""7"": 0.23498241734256803, ""8"": 0.09133553609645956, ""9"": 0.19294097855237485}","{""0"": 0.027300000000000046, ""1"": 0.027300000000000053, ""2"": 0.02730000000000007, ""3"": 0.02730000000000007, ""4"": 0.23239560088256586, ""5"": 0.07971116861833225, ""6"": 0.05943429850769929, ""7"": 0.23498241734256803, ""8"": 0.09133553609645956, ""9"": 0.19294097855237485}",[],[],1,0,0,0,0.0,7bcd97c4694eb702cf92f237caa5e3200b0a65b4c77566b6bb40b59cdbd1b6fe,aa0884f8050e3536c622d217492c4a3a1918f47c39f6fd782f14c17985f75774,"[""proposal_created"", ""proposal_committed"", ""v1_challenge_sampled"", ""audit_accepted"", ""committed_once""]"
31,trust_v1v2,1,A2,0,1,0,1,0,1,V1+V2,74.42,1.0279649215164286,0.1,60478623184338065884954459970366238464,006404c5eae69da0ed4e8581372e16f21a46fdbcddcd151015467f0a7d161c84,1,"{""0"": ""857ca44fc401defe293fc58dbe3d90083b55ca748b7b666d46e5081bfb54bd04"", ""1"": ""6a49405c350421564ee108e78205c8783ee1f106e17d364cca1ff76d78d3e849"", ""2"": ""06601113d6254ca6868c9e5f31a632a3a57c641a8532b61613963190744f8375"", ""3"": ""ea6d260b1bb6084c1f2ebc47fdee9446fc36d148807d621f795dec9e7fd69566"", ""4"": ""7fd8db75cfd671336cf1eaa8a53e6386627f124a83c1e4bf2733243742100cd3"", ""5"": ""d34ecbbe28099ef78ba0148d504400f2bad79495fdf2126c5511641608844104"", ""6"": ""1ffa8794d730af67f4a9bacc6b70113a4ea116a20d061ac90a1b9a956005464a"", ""7"": ""092e244e9ddac2373a4d325c94654faf6434794138411f1a764be90535dfdffe"", ""8"": ""caa710b6ec15fc0989155d2843e6be74544fa05887a4a1ed5c0727e4fc0190f1"", ""9"": ""b72f8d7efeacc7fa4c8751e2e5da89893782274718f9e886b77cc1150c8d924f""}",055274cb209308f4e563b2115e9e54fd838c3ca9326882a4f750bc6b79eeee2c,1,1,1,0,3.1665830946886033,0.0,"{""0"": 0.008190000000000015, ""1"": 0.008190000000000017, ""2"": 0.008190000000000022, ""3"": 0.008190000000000022, ""4"": 0.26995454168934696, ""5"": 0.222346997377318, ""6"": 0.07475001895043812, ""7"": 0.2707305866273476, ""8"": 0.02740066082893787, ""9"": 0.10205719452661133}","{""0"": 0.12909500000000002, ""1"": 0.12909500000000002, ""2"": 0.12909500000000002, ""3"": 0.12909500000000002, ""4"": 0.13497727084467348, ""5"": 0.111173498688659, ""6"": 0.03737500947521906, ""7"": 0.1353652933136738, ""8"": 0.013700330414468935, ""9"": 0.051028597263305664}","[0, 1, 2, 3]",[],1,0,1,1,0.0,aa0884f8050e3536c622d217492c4a3a1918f47c39f6fd782f14c17985f75774,18dbdc810df428ba0136eed5365243c56abad197696fe36943d2f01a6c88b574,"[""proposal_created"", ""proposal_committed"", ""v1_challenge_sampled"", ""audit_rejected"", ""recovery_recomputed"", ""recovery_audited"", ""recovery_verified"", ""committed_once""]"
32,trust_v1v2,0,none,0,0,0,0,1,0,,82.07,0.0,0.1,217893692668272089328569551999483214299,158318d4b20c83348a9bb3d4851d7be63c26c397365f161e119ab784320c24c3,1,"{""0"": ""2e34634407e1849e859c4685f7636fefe49d9e04db9bac2647c7c979a1a2cbb7"", ""1"": ""fbf9004098b5138f6b885a26ce9fc7bbc59f3fea366d0a2b3503202335d84d09"", ""2"": ""8256a8c9b1c7125f318e43a7f131fdbdeb7e8c5a1565b59c5dfa3137314bfcb2"", ""3"": ""b948dc52c089ebdd666a72d44a1c0ade9d967bbb688f1255dc3cd5f506f76013"", ""4"": ""bc39a07a9756e9c28dff33a976f14a411a6300eeba4ffb85bc5c243cec9116a4"", ""5"": ""963858a22ba2ea0681f67ebc682592ea6158146723446fd9277a3d1bae41dd32"", ""6"": ""d296413c09c20663d3173a857379e2340245b7154bd80ccbc6aa0e65acc1fbca"", ""7"": ""9e640c6d300a6db63150a6efc10df5512dbaf7a998abc0878738e14c2ca04c3e"", ""8"": ""467f358718acbb5dcfb61bbbcc3265b6cd3c8a8fcede609f4a7e775221741ace"", ""9"": ""2d63b311acfae1a2fc7d22dee33ac492b1290f1eb6eb4e105a15be1ae0379143""}",,0,0,0,0,0.0,0.0,"{""0"": 0.0024570000000000048, ""1"": 0.002457000000000005, ""2"": 0.002457000000000007, ""3"": 0.002457000000000007, ""4"": 0.3143196958401374, ""5"": 0.06670409921319541, ""6"": 0.2557583390184648, ""7"": 0.0812191759882043, ""8"": 0.008220198248681362, ""9"": 0.26395049169131674}","{""0"": 0.0024570000000000048, ""1"": 0.002457000000000005, ""2"": 0.002457000000000007, ""3"": 0.002457000000000007, ""4"": 0.3143196958401374, ""5"": 0.06670409921319541, ""6"": 0.2557583390184648, ""7"": 0.0812191759882043, ""8"": 0.008220198248681362, ""9"": 0.26395049169131674}",[],[],1,0,0,0,0.0,18dbdc810df428ba0136eed5365243c56abad197696fe36943d2f01a6c88b574,3c3ef4be1b76535fa90117f0167c69998e2a2d94b9f4a6f587378a561ee7b0ba,"[""proposal_created"", ""proposal_committed"", ""v1_challenge_sampled"", ""audit_accepted"", ""committed_once""]"
33,trust_v1v2,0,none,0,0,0,0,1,0,,64.2,0.0,0.1,338970446309785700236392149085034567290,7d88396e08f9b8f1ac86eedd2d15280d45a59724ad7843a8885765fa442e2e8b,1,"{""0"": ""4aba1387728f13495d5d795bd030915ab110cb4fd252a20627fe232b93df384f"", ""1"": ""d55af6b1f2b16f1ded21316b1d92aba1d7085b67701c49941a05b031883e45ad"", ""2"": ""db6396c163fc08f045e1ec17a21ead5f5e3c0c5835fd55ddf77818273ad9c6e1"", ""3"": ""0a00ea6f0c4015fa50a955b7d4ee2f0998189c1da4c26dbd9bddbee96252037c"", ""4"": ""dc93929332d1be434a723d18036d647156a087bfedc25f10900ba792f697dda7"", ""5"": ""96dc50407ac2dc2b9707e04e519228935f4cd9e3590bc31692465a5bd91d1f27"", ""6"": ""17fb16921f8abf3ae449ae70aaf5689f9fa9a58fd13409e9c9e8325b9d1fd339"", ""7"": ""0ec4f49e9c34f904b789277ba7df2375552ff2457fa61446a6057262be3b2d74"", ""8"": ""c07a522ef0e3a269416e726e1a5842d99a1daf2824203216779c09a33f913e37"", ""9"": ""9fe8bd40d9647ef1509a26bd740ab7cd9d5d091bfcbdb8f0ec5d3a805b29608b""}",,0,0,0,0,0.0,0.0,"{""0"": 0.0007371000000000015, ""1"": 0.0007371000000000017, ""2"": 0.0007371000000000021, ""3"": 0.0007371000000000021, ""4"": 0.09429590875204123, ""5"": 0.7200112297639586, ""6"": 0.07672750170553945, ""7"": 0.024365752796461294, ""8"": 0.0024660594746044088, ""9"": 0.07918514750739503}","{""0"": 0.0007371000000000015, ""1"": 0.0007371000000000017, ""2"": 0.0007371000000000021, ""3"": 0.0007371000000000021, ""4"": 0.09429590875204123, ""5"": 0.7200112297639586, ""6"": 0.07672750170553945, ""7"": 0.024365752796461294, ""8"": 0.0024660594746044088, ""9"": 0.07918514750739503}",[],[],1,0,0,0,0.0,3c3ef4be1b76535fa90117f0167c69998e2a2d94b9f4a6f587378a561ee7b0ba,376c07dd73df4605a3729e488e1a2778ae453e3b0ffda3d5dc485f77da61dc1f,"[""proposal_created"", ""proposal_committed"", ""v1_challenge_sampled"", ""audit_accepted"", ""committed_once""]"
34,trust_v1v2,1,A2,0,1,0,1,0,1,V1+V2,78.23,5.586061730814268,0.1,30291712741321634470038334988551738,ec88c14c33ac74cb287b8fb3ffd492cb1f2904624e330f457ed778dee622e273,1,"{""0"": ""2e4045a0e0702edd645a9e66bfa170a61f67f600947d2e1cd507d39b124c0e53"", ""1"": ""ed90ca1579237f5b28a6918e633c5a8f982be095be0d759c7962910da18aa5bb"", ""2"": ""0f4a560d1cdb50a2a4dc67d5cb31c6c498700e8bb6a09f3777289655e1cf111e"", ""3"": ""6946d549bf5ab8cc2e87cfe5af5b2358c9a58ff587560c5632a5506b0341f65e"", ""4"": ""1add1e3cba5c180c5a2b826fa1d22bd3c0bce93c3c90989a456ca0a313c25bf0"", ""5"": ""a9418fbbedb0d12766540c2d4a9c0c0fbcfa9ecad546b506a12ddc368a6ab931"", ""6"": ""fd42717c300d6022131da8ff0b408e4fd77474112ab8185f97f067abf3224e4f"", ""7"": ""f9f950cbf4e2c5cd7f447f78b9f6ffa724f66c4166a7f26ce5255ce80d11309f"", ""8"": ""6ed8306907d21f1a7bae109485acb3e93ab311c869423b1e7a417d75503c3f49"", ""9"": ""96ef71d4dc108f0d741ed3955c47ef55564af2253dd9343978883cf1882d63b5""}",5efdfdaa027efa675f4738078ce52093221cde795d80fa64929c8f4484100e13,1,1,1,0,2.5280338596893204,0.0,"{""0"": 0.00022113000000000048, ""1"": 0.00022113000000000053, ""2"": 0.00022113000000000067, ""3"": 0.00022113000000000067, ""4"": 0.04092037525556835, ""5"": 0.21600336892918762, ""6"": 0.342598637069647, ""7"": 0.017158528843006622, ""8"": 0.32032020440036646, ""9"": 0.06211436550222392}","{""0"": 0.125110565, ""1"": 0.125110565, ""2"": 0.125110565, ""3"": 0.125110565, ""4"": 0.020460187627784177, ""5"": 0.10800168446459381, ""6"": 0.1712993185348235, ""7"": 0.008579264421503311, ""8"": 0.16016010220018323, ""9"": 0.03105718275111196}","[0, 1, 2, 3]",[],1,0,1,1,0.0,376c07dd73df4605a3729e488e1a2778ae453e3b0ffda3d5dc485f77da61dc1f,7bdba23d9f7ca5a247b544e5d2927f812181d02440b2549f4d9256d29fda6f1d,"[""proposal_created"", ""proposal_committed"", ""v1_challenge_sampled"", ""audit_rejected"", ""recovery_recomputed"", ""recovery_audited"", ""recovery_verified"", ""committed_once""]"
35,trust_v1v2,0,none,0,0,0,0,1,0,,74.28,0.0,0.1,213911882480474383162696634521391958924,52165106d9d24d8681f2747adb992dc6b6d416d9d0c4633dc9fabd4ac189dec3,1,"{""0"": ""6bc3f61a52884a4e1660ec07ac6d6a7c324b00ece462f9942f7fe304670bc433"", ""1"": ""ac0171ff02e1f4d29c14dc58ba57c7fe6a1cf92066f3997fc78c3c051ccd905e"", ""2"": ""e62dce30080a748b8bb5ec57efc4506711e6918af72e52c9e9f563abda37f8ea"", ""3"": ""873b58d1fcc12ca7858d3eae1780eb268fd970715397847255f7730a203303bf"", ""4"": ""19b80c16df085120a34705af2f4d2a46655d257f9545854fd10d54af4f157883"", ""5"": ""e4d3377ac7b159657410e3ef774865f8e768f2a3536ed936cbef62bb6579d9dc"", ""6"": ""55da23a288dd56862b7d0f42748545c19a5e8c77335843df53465f8fb957517e"", ""7"": ""973af6c09016b6b5ef766e2ebdc6329d06b0bdb1e31343c58082d3d75736f1e0"", ""8"": ""18df9f37651363e701e05e7f6ecddcaee1b018a554bc9a2fc435f31d6b536553"", ""9"": ""a662c3de7705be77c7176d4551e33c3df255f57567dd9dc2db75cc18c89f8bef""}",,0,0,0,0,0.0,0.0,"{""0"": 0.07006633899999999, ""1"": 0.07006633899999999, ""2"": 0.07006633899999999, ""3"": 0.07006633899999999, ""4"": 0.0822761125766705, ""5"": 0.13480101067875627, ""6"": 0.1727795911208941, ""7"": 0.07514755865290199, ""8"": 0.16609606132010993, ""9"": 0.08863430965066717}","{""0"": 0.07006633899999999, ""1"": 0.07006633899999999, ""2"": 0.07006633899999999, ""3"": 0.07006633899999999, ""4"": 0.0822761125766705, ""5"": 0.13480101067875627, ""6"": 0.1727795911208941, ""7"": 0.07514755865290199, ""8"": 0.16609606132010993, ""9"": 0.08863430965066717}",[],[],1,0,0,0,0.0,7bdba23d9f7ca5a247b544e5d2927f812181d02440b2549f4d9256d29fda6f1d,124b79d0fc06f1a29a2c8d9fffe5081519d6f40632f273351410e3927292063b,"[""proposal_created"", ""proposal_committed"", ""v1_challenge_sampled"", ""audit_accepted"", ""committed_once""]"
36,trust_v1v2,1,A2,0,1,0,1,0,1,V1+V2,77.77,2.3128730344149195,0.1,324423130871993458504296447095444986807,dbb0e03fb232286e23dcc40bb5a9c81c2b406dbdea987d219c11b11a673ee5cd,1,"{""0"": ""41e2bdbfd4235d20b7ae9d0428f470a5ede5cfbc9534a177506be5661baf719d"", ""1"": ""823451eee4e1834538c239bb977aba21b2c16cece7ca31945586b351915e5dcc"", ""2"": ""e228fa38addc6775bfb109dd1d65d07241eac50b6ddb06d4c3c8997d4595767c"", ""3"": ""dd6449a0c0aff95746e4829f7eb0530372ccbf2ed40750ca3d3819bc2dbd2550"", ""4"": ""c079f677dc8df03ab1b7ed5354908f3f1ec09305b6c46d57a85f0fac1e4cbd61"", ""5"": ""0995c8f23a8a72485f410aaf810a0e538e6ceff7f8c1d97a444442423b9d6f79"", ""6"": ""ab7ea9b895cdb9771b92643909e822a5c55e7a0e34b7cc8ba7d981d66606fdae"", ""7"": ""f57f66bebc3a7d772df981ba84302e14590b322e4e943f69ac64106747af3b30"", ""8"": ""6e27864acad1959950fdd35d01ccd4f806b1a51357377376936c7066ee338036"", ""9"": ""253bb49c4b2b2e591f50a206286b16996a3f37829abd3ca4b8f25d7324685737""}",b27fd3a5f78b99e132aefe5d1c8a57a90a5dcf589b29913fa48e42bdcd907ff7,1,1,1,0,2.1436507924729846,0.0,"{""0"": 0.021019901700000003, ""1"": 0.021019901700000003, ""2"": 0.021019901700000003, ""3"": 0.021019901700000003, ""4"": 0.21239338674995534, ""5"": 0.05969408551878764, ""6"": 0.05183387733626825, ""7"": 0.2102548205728248, ""8"": 0.21309954896152367, ""9"": 0.16864467406064032}","{""0"": 0.13550995085, ""1"": 0.13550995085, ""2"": 0.13550995085, ""3"": 0.13550995085, ""4"": 0.10619669337497767, ""5"": 0.02984704275939382, ""6"": 0.025916938668134125, ""7"": 0.1051274102864124, ""8"": 0.10654977448076183, ""9"": 0.08432233703032016}","[0, 1, 2, 3]",[],1,0,1,1,0.0,124b79d0fc06f1a29a2c8d9fffe5081519d6f40632f273351410e3927292063b,3486ff68767d0f589551dc8f130ca93a57e5ed754d4797c7143071789171ddbf,"[""proposal_created"", ""proposal_committed"", ""v1_challenge_sampled"", ""audit_rejected"", ""recovery_recomputed"", ""recovery_audited"", ""recovery_verified"", ""committed_once""]"
37,trust_v1v2,1,A2,0,1,0,1,0,1,V1+V2,74.17,371.8200438213705,0.1,164478031480127743739613098713799224725,848771b9d9104078e518a26141169040e3c400bca6a2c7d64675b062ca1c8aff,1,"{""0"": ""8acdd5f1e553381d39e5362307d41f49d3ce507843114a4895cb9e875b27d24f"", ""1"": ""9da4f0a542ed71bfbf73152d37e83815ae8ab4483ff5c5f2e75383d537d6e935"", ""2"": ""eb625823230fb1964095237f2418bc4502eb2e0c71b50129435ef6d470c48184"", ""3"": ""729f13aeb434b681b7aa4392c13b6457fead0bd605c2921a12280f42f4dc7c4b"", ""4"": ""c467a51a3d4b1d4c4cc7604e313760cd6ee5a458e3348b441113e72991b29ba1"", ""5"": ""9e965d879fd288173c738471d24f1f288b961ae52c8f4ef37e0794569f0bcde2"", ""6"": ""93ea2767756a0e44b3233441ea7cf486a05d5f073499fcb1717999d866493f82"", ""7"": ""db4b3035a6d2f067cbfb26009a2f7e1fead68355ec73487e36221ea9157db37a"", ""8"": ""143e53b533b58966a97ece05ebb44a1c8aa247b7db407749f84ba50ea0257947"", ""9"": ""f5cf4740e06b6ad10822b7fc7448bf5503bb185bb9a350f309ecf0113a2b60b6""}",c585fe37570b0d83401a58f9051df8f0793f395591af5e6d7da20e5c75b340f3,1,1,1,0,1.3465224958018593,0.0,"{""0"": 0.07630597051, ""1"": 0.07630597051, ""2"": 0.07630597051, ""3"": 0.07630597051, ""4"": 0.1337180160249866, ""5"": 0.08790822565563629, ""6"": 0.08555016320088048, ""7"": 0.1330764461718474, ""8"": 0.1339298646884571, ""9"": 0.12059340221819209}","{""0"": 0.16315298525500002, ""1"": 0.16315298525500002, ""2"": 0.16315298525500002, ""3"": 0.16315298525500002, ""4"": 0.06685900801249331, ""5"": 0.04395411282781815, ""6"": 0.042775081600440246, ""7"": 0.06653822308592372, ""8"": 0.06696493234422857, ""9"": 0.06029670110909605}","[0, 1, 2, 3]",[],1,0,1,1,0.0,3486ff68767d0f589551dc8f130ca93a57e5ed754d4797c7143071789171ddbf,f615f089fcc2a0342914a47946264d1d490a6d20d8de6f187313532d51743f90,"[""proposal_created"", ""proposal_committed"", ""v1_challenge_sampled"", ""audit_rejected"", ""recovery_recomputed"", ""recovery_audited"", ""recovery_verified"", ""committed_once""]"
38,trust_v1v2,1,A2,0,1,0,1,0,1,V1+V2,78.24,0.3424886815155445,0.1,30078406765948020339537538539680819357,c03c1e8ea6554fc8d310b16942c6e8028685990e5adc07eb9283f2bfc6e2df51,1,"{""0"": ""45c342fd092df638de9582182be141600462a6483d7a29903ad082e5c8a04e0d"", ""1"": ""af707e28e780d0436e9d401b9dcbe9dc601f02cd91468ebfadc4de76628cee52"", ""2"": ""453043d806dbc1cbfb04e8c524735f2d520a4f6aa9388a6655c0131f600d4b5f"", ""3"": ""7e02289fc0afecb8c7c58caa51bbf461a6936ec88297574026f15062a4bffdd8"", ""4"": ""71e63b46160a851cdf67f6160e572d2dfbad0a7da374f16b366788f73d9d4a89"", ""5"": ""fb2b356131c7622b8d7c4ef4ff19a7ac9962d27a5dffc938d877297a62f3d86f"", ""6"": ""221c2c9e04e821fb07d1d048978ce85ca95dd8f894f600cd881b5281bb679b07"", ""7"": ""eba5ab7290d8494c3073f1ce677137c0212a222fb4631ffae6289c5ba950d75a"", ""8"": ""89c936dfcfaf45e7eb0aa72b316dc68f1141c4fd608cff314a41f8402a8e0661"", ""9"": ""fe47886bbace012768876e7b736f08e9fa60ef8f209d7df8ff64523cd182d1ca""}",ba7e19780ebb17fb308ed19a70b6bfed8c4d0e93fc64665d5b824e9bde888159,1,1,1,0,1.868914273622569,0.0,"{""0"": 0.022891791153000003, ""1"": 0.022891791153000003, ""2"": 0.022891791153000003, ""3"": 0.022891791153000003, ""4"": 0.25459356622150986, ""5"": 0.06420663794809608, ""6"": 0.029534572958045055, ""7"": 0.2544010952655681, ""8"": 0.055040780915309465, ""9"": 0.2506561820794715}","{""0"": 0.1364458955765, ""1"": 0.1364458955765, ""2"": 0.1364458955765, ""3"": 0.1364458955765, ""4"": 0.12729678311075493, ""5"": 0.03210331897404804, ""6"": 0.014767286479022528, ""7"": 0.12720054763278404, ""8"": 0.027520390457654732, ""9"": 0.12532809103973575}","[0, 1, 2, 3]",[],1,0,1,1,0.0,f615f089fcc2a0342914a47946264d1d490a6d20d8de6f187313532d51743f90,e27f02fce5eea63f4004593d342f996606f5d668e04da073740fa2a5c9fd2ac6,"[""proposal_created"", ""proposal_committed"", ""v1_challenge_sampled"", ""audit_rejected"", ""recovery_recomputed"", ""recovery_audited"", ""recovery_verified"", ""committed_once""]"
39,trust_v1v2,0,none,0,0,0,0,1,0,,73.86,0.0,0.1,46596692879062233360058351798246074229,f34795b566b1cdff8d8aea8ef16bcf379b4645fa53f71ea5d86a7c1501d60b41,1,"{""0"": ""20036dbad295805748307118bbdd2ac003eb330187c5bfb3a0031832b34c6f5c"", ""1"": ""5cd051f079db51b00a974104ed2ed9ca6c1f9c1af753c511d41d0250fd56085c"", ""2"": ""b8e61819fabf3083579eb3b64d3af5be7b3c6cfeeedff0f6d32918404f710987"", ""3"": ""a8073b2af21399825f489a67fdc238e18ae85de74a4939ef75e7cbcacafcea6a"", ""4"": ""1375a0aebbacc1d50ae14071fcde9e3e78e2d239cf028299737412930a12d1f3"", ""5"": ""6ed12424168b700f9523079963c814f0a2ecdc711c4334144be7c55b3a97e457"", ""6"": ""2eb0632e6c45ac3bf2e564706d72e92b304f66a25fe6a945d22333544f8c802c"", ""7"": ""54ad3d554569cda8e29009e2a41c726d4f1e920629033e974577cac185bf4be0"", ""8"": ""532a4d453d0c1f6ffbd22a29401b470276f2ecb30d19801f814971dd208e1e49"", ""9"": ""d3b875d52c07dc9725ab5e964ff90a1e3478049e58e0594728031e33a37abfe2""}",,0,0,0,0,0.0,0.0,"{""0"": 0.07686753734589999, ""1"": 0.07686753734589999, ""2"": 0.07686753734589999, ""3"": 0.07686753734589999, ""4"": 0.14637806986645294, ""5"": 0.08926199138442882, ""6"": 0.07886037188741352, ""7"": 0.14632032857967042, ""8"": 0.08651223427459283, ""9"": 0.14519685462384144}","{""0"": 0.07686753734589999, ""1"": 0.07686753734589999, ""2"": 0.07686753734589999, ""3"": 0.07686753734589999, ""4"": 0.14637806986645294, ""5"": 0.08926199138442882, ""6"": 0.07886037188741352, ""7"": 0.14632032857967042, ""8"": 0.08651223427459283, ""9"": 0.14519685462384144}",[],[],1,0,0,0,0.0,e27f02fce5eea63f4004593d342f996606f5d668e04da073740fa2a5c9fd2ac6,bf84b0cc94ce6979d9be460f5df23eeb61f4deaf1338acda76de94f1d7f11941,"[""proposal_created"", ""proposal_committed"", ""v1_challenge_sampled"", ""audit_accepted"", ""committed_once""]"
40,trust_v1v2,1,A1,1,0,1,0,0,1,V1+V2,76.19,0.0,0.1,248000831526862344882182939191222472578,311de2280edc2ed1dc4fb6291d79950bc47e7809eab4f4c6c59c9de8f12318f0,1,"{""0"": ""3b2f851784955e8233abda65047e0d9d42df65f998df982236ee85261ba0ab79"", ""1"": ""542ffffd2eed841edc0e7e291b167f191e5069a02153dc9e25bde094f70dd248"", ""2"": ""acd2912ae29d7771706774dd0142bd92877b3f4bb8425ec877f174f4c429ba84"", ""3"": ""e77c16ec745fd5590ad2804a5d015fd19f6ae967692093f65211b1f1b0440202"", ""4"": ""1e04403dbc43c4d1fd42fdf40b9e6ef9c6c438d4b6025736565f16f94bd85e56"", ""5"": ""bf4b083fea51290487bfb1ceeb7eb2ddfdc1c2a05e0d8d8b4f26651dbfb3a3ad"", ""6"": ""706f011c3b8a55f9c03f40d77abd458a8b659f464dde8d56ed88b661fb69f53d"", ""7"": ""d543a1f4ca5591706c7d401d6178b9371ea229b533367f7e67926b224f87fd60"", ""8"": ""cd8a8c10adb0c4ffe31540c8f55b0174ba79b6e11ed9463b783ab165fe3bd892"", ""9"": ""8da44829258eb59f919a4819e40d1f747ade3d776a5d8dabcbe08ecb58b25d71""}",07cd2e98dd2ee006f7ab71a2f4a70eb79f15bff0554a08395f2aef8b13bb6adb,1,1,1,0,2.8234888459718195,0.0,"{""0"": 0.75, ""1"": 0.75, ""2"": 0.75, ""3"": 0.75, ""4"": 0.19205103624260647, ""5"": 0.0942132082245006, ""6"": 0.06367303962636978, ""7"": 0.19203371385657172, ""8"": 0.17409128556504844, ""9"": 0.19169667166982302}","{""0"": 0.19192586047429558, ""1"": 0.19192586047429558, ""2"": 0.19192586047429558, ""3"": 0.19192586047429558, ""4"": 0.0491460805144565, ""5"": 0.02410926807537501, ""6"": 0.016294003892406584, ""7"": 0.04914164769599625, ""8"": 0.04455015971086431, ""9"": 0.04905539821371907}","[0, 1, 2, 3]",[],1,0,1,1,0.0,bf84b0cc94ce6979d9be460f5df23eeb61f4deaf1338acda76de94f1d7f11941,1c2ab8e859a9f72b1f3b7a52b26cfaf9ada70084a92ed88b7f084d5faa9b60df,"[""proposal_created"", ""proposal_committed"", ""v1_challenge_sampled"", ""audit_rejected"", ""recovery_recomputed"", ""recovery_audited"", ""recovery_verified"", ""committed_once""]"
41,trust_v1v2,1,A2,0,1,0,1,0,1,V1+V2,76.95,1.8295534659143742,0.1,9782009082502740609177966279661792809,6282d91c5541e74420d07d051201439246ea0f7164138892ee97141b91e52ace,1,"{""0"": ""e85879afa6654937295d6cb12ca8868fa5a4f66b3f31128f0054430eede8a65b"", ""1"": ""8528c45ec10e32d89be93c7b042948bde04d0e41b52417fc9d3e539e50b5b947"", ""2"": ""025e62d5951f717f1b95574272623d1158e89fa19e92843ecd09e5564673741f"", ""3"": ""a7a421670d1461202e0bf9a710b35086c10c5d412f15433e69143a0dd11585c3"", ""4"": ""6e3e332d25eb7cae405b266badda54b8dae4972a944fe56c98b4544d4c796914"", ""5"": ""d667db1500a6ac3ef70dfad61fb00aed3b0b3e1fc5e4fa22d6154047a281e75b"", ""6"": ""d391a8af176382500d27ffdfd90a58b2f8ecfa46db7173b536150eaf45c7cfc2"", ""7"": ""29395efa911587ba87fe8130b9bacb85913533ed39e9f962116ff627e9704d79"", ""8"": ""945d9034bc00d6993f1ce478de528d1d72b3e6926c2afb5d70942cb330ca1f6c"", ""9"": ""3e2f47544f088c25b1c5d9a7913415d94a6ce1dbb57c1716ac8577d728e6b181""}",96923b3c6bf800d7bfba064482dfb32c7fb165c79b5ca0b3ab63d0d905e30235,1,1,1,0,3.487249785745719,0.0,"{""0"": 0.006918078361131002, ""1"": 0.006918078361131002, ""2"": 0.006918078361131002, ""3"": 0.006918078361131002, ""4"": 0.22456005794246048, ""5"": 0.1952087095370287, ""6"": 0.05431667098419361, ""7"": 0.22455486122665003, ""8"": 0.07485076548732324, ""9"": 0.19883662137782}","{""0"": 0.1284590391805655, ""1"": 0.1284590391805655, ""2"": 0.1284590391805655, ""3"": 0.1284590391805655, ""4"": 0.11228002897123024, ""5"": 0.09760435476851435, ""6"": 0.027158335492096806, ""7"": 0.11227743061332501, ""8"": 0.03742538274366162, ""9"": 0.09941831068891}","[0, 1, 2, 3]",[],1,0,1,1,0.0,1c2ab8e859a9f72b1f3b7a52b26cfaf9ada70084a92ed88b7f084d5faa9b60df,edc6d680fe5abe66a34c77a336c8138f192bb36f8b06afc9232342474f4ee851,"[""proposal_created"", ""proposal_committed"", ""v1_challenge_sampled"", ""audit_rejected"", ""recovery_recomputed"", ""recovery_audited"", ""recovery_verified"", ""committed_once""]"
42,trust_v1v2,1,A1,1,0,1,0,0,1,V1+V2,73.27,0.0,0.1,253927208517511833321164524290649243800,151ab59f6c116ba1df802e02222461cd4140c0635fdea2463128e61dccb7a57b,1,"{""0"": ""3af42c9dd27085137077d129d379c3147c256d4721e7d5b9c44e36598b020041"", ""1"": ""0a46cb7738be5f1750c65a3dda8c3e7d3a07b4bae0b75ae20b4e5221666bf026"", ""2"": ""7b20245263f064e2704d63c96dbfcaf929013533e924fec30425a6a47a9b9a13"", ""3"": ""9ddd07c68f6e7b18422e18bf6a286c584baf8596f715dd56d52383cb02ed2bb9"", ""4"": ""777d7a37588c3b65048a6f91ca5c9cc83149571da6885e4da022a7580d59a775"", ""5"": ""696e5746069d167f10398a1ae895398d7ff28a6edf3ba0a5a758edc50cdb6c42"", ""6"": ""0ca293b5917b9b1704eb88304bbcfe9dbf1426ea566f00fd69d2ac629839531a"", ""7"": ""5c37fc0feec36ea5de4c6defae82259fd0762f510ee917c519f513274d1e7f66"", ""8"": ""3a7d9729914a51771b63735e0ba1ac9d88d1e163ccec6660b2dcbe7359495133"", ""9"": ""739addf5b8612e57be97b4be722e9e08333f5cbe831fe463c29d846837148e26""}",8764b4d2da9ac15f929c6773bcc05ed4241ef8c73b385595edd03f245ce096bd,1,1,1,0,1.91425895826212,0.0,"{""0"": 0.75, ""1"": 0.75, ""2"": 0.75, ""3"": 0.75, ""4"": 0.13736801738273813, ""5"": 0.1285626128611086, ""6"": 0.08629500129525808, ""7"": 0.137366458367995, ""8"": 0.09245522964619697, ""9"": 0.129650986413346}","{""0"": 0.2020638365985612, ""1"": 0.2020638365985612, ""2"": 0.2020638365985612, ""3"": 0.2020638365985612, ""4"": 0.03700947815772521, ""5"": 0.03463713973046817, ""6"": 0.02324946538799687, ""7"": 0.037009058130391466, ""8"": 0.024909144554548793, ""9"": 0.03493036764462483}","[0, 1, 2, 3]",[],1,0,1,1,0.0,edc6d680fe5abe66a34c77a336c8138f192bb36f8b06afc9232342474f4ee851,fd3d72e17f821122b356098570dc5cbf13e8d87b8f7ebb41f5ba2978b9f67ca8,"[""proposal_created"", ""proposal_committed"", ""v1_challenge_sampled"", ""audit_rejected"", ""recovery_recomputed"", ""recovery_audited"", ""recovery_verified"", ""committed_once""]"
43,trust_v1v2,0,none,0,0,0,0,1,0,,80.02,0.0,0.1,179897511356963431393100068823063507908,f02f9c2373bf2c0a80b45c17e5842f894dd9a5209c9afd14463c751020a4587a,1,"{""0"": ""abdde35d1e4c9846b7de32f1518b037c02a083b464fdfa48665b53a66d471528"", ""1"": ""fb8b80d6cf0013ce434391a9ff814e882a860b2544a7ebefcc31c3efa9b623cc"", ""2"": ""81f8e48e9694c31f68deef4583f5b2d80cfa3af04c7cf1e183f3ea5e89498b18"", ""3"": ""028fbd981ffaa917440d97b7f9f53321f6724a177054cc91e5e20bddf6ba2314"", ""4"": ""f6e162708211adf73acfae55f0fcc4f096f745692f186a64caa537f7cdf885cc"", ""5"": ""b5a2abb0ff3e8b9364bb9dcae59927f014eb05c9c26f5f821b261a5577fb84fb"", ""6"": ""ead42b0cac1cf64cc2c0833bf6174cc37947b083a8b09e4b272ffa742c73f853"", ""7"": ""51e50a5c6cf476086bb09da8f7940c1ec70a2cddd0ddc23b0ea2b2fc0ae7d211"", ""8"": ""0e18675145d13530a670bef22f67e2e58f0ea8c6d67b484aa8959c5d238aaf50"", ""9"": ""0a3957d7d9dfa3a12011ef341454ed6132ad08f1941856f23bf9fbb8e2932dac""}",,0,0,0,0,0.0,0.0,"{""0"": 0.021622627052501793, ""1"": 0.021622627052501793, ""2"": 0.021622627052501793, ""3"": 0.021622627052501793, ""4"": 0.26358561580523143, ""5"": 0.07765734595670334, ""6"": 0.03325200550172732, ""7"": 0.18637317848783658, ""8"": 0.0913708395240804, ""9"": 0.26127050651441375}","{""0"": 0.021622627052501793, ""1"": 0.021622627052501793, ""2"": 0.021622627052501793, ""3"": 0.021622627052501793, ""4"": 0.26358561580523143, ""5"": 0.07765734595670334, ""6"": 0.03325200550172732, ""7"": 0.18637317848783658, ""8"": 0.0913708395240804, ""9"": 0.26127050651441375}",[],[],1,0,0,0,0.0,fd3d72e17f821122b356098570dc5cbf13e8d87b8f7ebb41f5ba2978b9f67ca8,21eb06a66443aa168258c48158c68b83162ca08e2c8ddeb9ada31fc5fd22f4c5,"[""proposal_created"", ""proposal_committed"", ""v1_challenge_sampled"", ""audit_accepted"", ""committed_once""]"
44,trust_v1v2,0,none,0,0,0,0,1,0,,70.99,0.0,0.1,192259668448138780383880752027506290430,83923167a98470715aacba04b5bb03d091690e5a5ad16ae35726c79aabdcfb84,1,"{""0"": ""04f8fe01f6d73dbf2bb6ddd43980174894c51d28f633087b34803ac6df8ba251"", ""1"": ""5b790c5c1f432800a4ce4af27d2575a3cf95000ac5975873324fad2da2cc236b"", ""2"": ""2c57803420edc0a09e0fc1404512089d8de49ec1a5de08cca2d0f232bcdcdb73"", ""3"": ""aa41e5c8270dbd56e4037bcb57bfe9e24a87352dc60dfab4c82b5b817376110b"", ""4"": ""e525d1e95c67120ed68439cd3b90b11bc57abf471329361888d01a5c6f4704a3"", ""5"": ""2010ad7a25a9e8fe33a79a3744be120021a796f7bb7e360f895288806a23ab45"", ""6"": ""1a73fd4a6432f87d95fc419b766887dc41f625c24a24815608c684fe39a6e92c"", ""7"": ""b1be6fb73bdfc04ca91ee2d197de1003c5210d9fde86a298a8158363f88fa494"", ""8"": ""7eec85bda5015007dddbbbad571288dfec52e9820afd773a63f787dda96a2f1e"", ""9"": ""a0f645514ebed13345f8b28151bd5c466f0f67b7dabf352cc01091d866c2dfca""}",,0,0,0,0,0.0,0.0,"{""0"": 0.07648678811575053, ""1"": 0.07648678811575053, ""2"": 0.07648678811575053, ""3"": 0.07648678811575053, ""4"": 0.14907568474156943, ""5"": 0.093297203787011, ""6"": 0.07997560165051819, ""7"": 0.12591195354635096, ""8"": 0.0974112518572241, ""9"": 0.1483811519543241}","{""0"": 0.07648678811575053, ""1"": 0.07648678811575053, ""2"": 0.07648678811575053, ""3"": 0.07648678811575053, ""4"": 0.14907568474156943, ""5"": 0.093297203787011, ""6"": 0.07997560165051819, ""7"": 0.12591195354635096, ""8"": 0.0974112518572241, ""9"": 0.1483811519543241}",[],[],1,0,0,0,0.0,21eb06a66443aa168258c48158c68b83162ca08e2c8ddeb9ada31fc5fd22f4c5,89c8e62b854be9114693bc9ee46f443ad868df718300e1fcc7dd142473e13ede,"[""proposal_created"", ""proposal_committed"", ""v1_challenge_sampled"", ""audit_accepted"", ""committed_once""]"
45,trust_v1v2,1,A2,0,1,0,1,0,1,V1+V2,76.96,1.4682010924169007,0.1,210845060447352153197976724197814839280,bfc50e92f7f38632890cc1b9f6aec8bd1d7c5a12a76536ee1e088bd2c089947f,1,"{""0"": ""6ee9ec19f8a4279f8b3fd64da89cc13be9955f652c29215b37933243f56b5e04"", ""1"": ""97b8164aa39105717fa892f75aa8bcc9dbb35eb70414c3125a4ad396f9556468"", ""2"": ""4a736310273148e276cdebb7a418570991780d8c41023dcfda6a0b09e664abe8"", ""3"": ""9d27e7d04f64762d1c70e936217aac9c0de8227db255bc28d8e963c0bbfe7748"", ""4"": ""083aa6fd27f8b5b41f940ac46776881fccdf3039eaee1535c1fc2d8bb9047f73"", ""5"": ""f8a7dff019ad6e30c62ed207fee7fef0e36de8e06f9e2d83c59614434fad7e4d"", ""6"": ""44f07889458d0163eebdc422362a0cc409dbf8b358571577673ce1ec64975d4b"", ""7"": ""6f4979818e5b1195ba8a0a0f8447b54a5413e2a915f30321a562c14769740aa4"", ""8"": ""92944382b643e868a0989954484d0caea21e53359f815394101290edcdc2c3cc"", ""9"": ""15b7b1228949a0285f8e04773c7ce2af7fef359562fea7d85d6090fc32db0877""}",35955365c39cc277cbad64f6c82f43b9ec62151528ec8830b6afd358dfff468e,1,1,1,0,1.75028582604151,0.0,"{""0"": 0.022946036434725165, ""1"": 0.022946036434725165, ""2"": 0.022946036434725165, ""3"": 0.022946036434725165, ""4"": 0.22117023263895202, ""5"": 0.0857020409930862, ""6"": 0.08005598195673985, ""7"": 0.09465482309589446, ""8"": 0.2056709027736484, ""9"": 0.22096187280277843}","{""0"": 0.13647301821736257, ""1"": 0.13647301821736257, ""2"": 0.13647301821736257, ""3"": 0.13647301821736257, ""4"": 0.11058511631947601, ""5"": 0.0428510204965431, ""6"": 0.040027990978369926, ""7"": 0.04732741154794723, ""8"": 0.1028354513868242, ""9"": 0.11048093640138922}","[0, 1, 2, 3]",[],1,0,1,1,0.0,89c8e62b854be9114693bc9ee46f443ad868df718300e1fcc7dd142473e13ede,535b1c24c75173af97a4ada81801921d4f42253647ed64a1feb3a07c9680c97b,"[""proposal_created"", ""proposal_committed"", ""v1_challenge_sampled"", ""audit_rejected"", ""recovery_recomputed"", ""recovery_audited"", ""recovery_verified"", ""committed_once""]"
46,trust_v1v2,1,A2,0,1,0,1,0,1,V1+V2,66.11,0.18416560551204347,0.1,187674881469673660492482257024596564241,af091c3afa2809ee8f7159235687b435fb55b3fac43dd1062243843d3dfe13c5,1,"{""0"": ""59b81c5061ceec45be5e0fe1692bbcffa5105c1be80359096c4a8ec073dfabcb"", ""1"": ""bbe1735d890c3a3f84ee6309a7fad3be5ef322186847987d361eeaf3d88774f2"", ""2"": ""c4ad7383eae45c05794fa53ab0f8ae5d0e7bcc21789f6b8d7762e08e508e7d92"", ""3"": ""7fcaf5d7d97579183204903167b0b2e517311a40e99781f89a95640d0081d655"", ""4"": ""5d38cceb066448548205080e756ba6f431f2f1a024f9be6c0805be20852e39b3"", ""5"": ""c47576ac0316a2486e98b47ba751354cc0bf497af554e045162393b855703861"", ""6"": ""3e8e0f530f48bf679bc7d39a1780fc3e5289978c5c1b6b98ef499ec1de72b9ce"", ""7"": ""f431b538c825ba688c5905851ec21046d621a01edb7cfdab0ad383c4f7a27519"", ""8"": ""9403c1478cdc75403fc861feee47fb805c336bb6815de79a96c1122be4932f7a"", ""9"": ""43875e0c42b1b080dede284a45f2cc9d0d8a5550082bbb1956b057e342684f6f""}",c4349c9cfab2c560509ccf0b043a6524e59aa211cec45a7245efec87aa6459f9,1,1,1,0,1.3706780710330972,0.0,"{""0"": 0.07688381093041755, ""1"": 0.07688381093041755, ""2"": 0.07688381093041755, ""3"": 0.07688381093041755, ""4"": 0.1363510697916856, ""5"": 0.09571061229792585, ""6"": 0.09401679458702195, ""7"": 0.09839644692876832, ""8"": 0.1317012708320945, ""9"": 0.13628856184083352}","{""0"": 0.16344190546520876, ""1"": 0.16344190546520876, ""2"": 0.16344190546520876, ""3"": 0.16344190546520876, ""4"": 0.0681755348958428, ""5"": 0.047855306148962926, ""6"": 0.04700839729351097, ""7"": 0.04919822346438416, ""8"": 0.06585063541604726, ""9"": 0.06814428092041676}","[0, 1, 2, 3]",[],1,0,1,1,0.0,535b1c24c75173af97a4ada81801921d4f42253647ed64a1feb3a07c9680c97b,dd4ab42258a83ced5f6076cf8879dc8724e18a43a78debf68d0d0d8e5e37e2b5,"[""proposal_created"", ""proposal_committed"", ""v1_challenge_sampled"", ""audit_rejected"", ""recovery_recomputed"", ""recovery_audited"", ""recovery_verified"", ""committed_once""]"
47,trust_v1v2,1,A1,1,0,0,0,0,1,V1,78.02,0.0,0.1,232289307050030729896073238885885597674,d441170b4aeb18c67252064f371db6caf7a811066394b38f142873c8992898fe,1,"{""0"": ""8e22e1e98d8f9f3ad99889539538eaa15e50b6f26e39fc98ee6db151e6af9b5b"", ""1"": ""cdd27f8283dc5d636de22d2d522b1d8bc41151dd5f6e990838496442b3070c4e"", ""2"": ""6528abc28b28a531a4ed06733fff923b616ed802ca0c3f42b5e8ba7639dddeb0"", ""3"": ""02594c12d29232841b3f134f4773890e5d95dc27157e1760a47850b787905538"", ""4"": ""6ad6685183c40564a1baa53d922f47c0fe8bf9f84106b1dcb4707ea788be427e"", ""5"": ""9d6f20ae713a761674b95f26fface358d67dec5d43c708e110e33c3cb045ec3e"", ""6"": ""8f8320c8a1af277ca2b3502d1e4a73b700052e5817bcd0ffb91ef12e4b5af81e"", ""7"": ""59c81f1a9f61877fa7cc9654fa5ba6c05c6140f0b3779fdfe4bf3645f25a8593"", ""8"": ""41778b197eeae60860c4c13eb4290c3ef9d2b0fcd29cc8564ba10a267ced373c"", ""9"": ""23f99f8fd05232d288be81298e69ff3c347ee2197fe941752dfc60f429258664""}",1e49094889a79b459fccd038e8359f16a7c9939ce54e64bcafb1a6abf34369bd,1,1,1,0,2.4434846072193657,0.0,"{""0"": 0.75, ""1"": 0.75, ""2"": 0.75, ""3"": 0.75, ""4"": 0.11689880962994817, ""5"": 0.10986387591993632, ""6"": 0.14061809792162133, ""7"": 0.1910717047693778, ""8"": 0.20106315194037566, ""9"": 0.1482237867022395}","{""0"": 0.1919268195930198, ""1"": 0.1919268195930198, ""2"": 0.1919268195930198, ""3"": 0.1919268195930198, ""4"": 0.029914688995314437, ""5"": 0.02811443239130071, ""6"": 0.035984512415088814, ""7"": 0.04889571281413748, ""8"": 0.05145254838568588, ""9"": 0.03793082662639329}","[0, 1, 2, 3]",[],1,0,1,1,0.0,dd4ab42258a83ced5f6076cf8879dc8724e18a43a78debf68d0d0d8e5e37e2b5,02bc7de66e32eb4d4faa746f353164413b28a8cf800ba1716e0cc5fca838edba,"[""proposal_created"", ""proposal_committed"", ""v1_challenge_sampled"", ""audit_rejected"", ""recovery_recomputed"", ""recovery_audited"", ""recovery_verified"", ""committed_once""]"
48,trust_v1v2,1,A1,1,0,1,0,0,1,V1+V2,72.32,0.0,0.1,304021886390621201064622007669787232519,51c49809ede70709ea0e6656d9ef76767060a674030e528878008d56557af0aa,1,"{""0"": ""7af733194ff724fe5bc6dd9260ea9cf3867a973bbe89a0421fc09213d415ce02"", ""1"": ""2a899580f9b24fc6da1aefde27326d6efdfd01bfe8e145cbb1d2b2f7d75e286c"", ""2"": ""2a4aa985310db6ba9bde8c2ced8c93413d1400b72f5360e6cfabd6fabec36215"", ""3"": ""1510af2d4f7947919cdad39de15c1800a4f7691bf41ab6dd6fc24504438fb863"", ""4"": ""073dbc623368a8b2e67871543957f2839601c68aec69d6b41e39f6909ed48f17"", ""5"": ""81916e00ecb78bebe8b345640f7f2809427b67cff70c88e689a0a8ee523e4de1"", ""6"": ""9a688e2813fded874125347e376b3e4bbbc3fb844b8648be52729902cc9fa3e0"", ""7"": ""b30edf6aa5899a0c1a45a292cb6d6e9eb8fa4d7910cea371fc5cee343d8ecf43"", ""8"": ""b4cdea616f350b136131f405384625e705baca6768a45c22c41bf7c9966dbab4"", ""9"": ""27a967776de109ce9209d0b733d874dfd74f84841010b405a52bcad12e4c681a""}",eda1ce4478ad1baa27f58287424a57bd966a099a30d19aec11f9418315c4764f,1,1,1,0,2.146081756256306,0.0,"{""0"": 0.75, ""1"": 0.75, ""2"": 0.75, ""3"": 0.75, ""4"": 0.10506964288898443, ""5"": 0.10295916277598088, ""6"": 0.11218542937648639, ""7"": 0.12732151143081333, ""8"": 0.13031894558211268, ""9"": 0.11446713601067185}","{""0"": 0.20312422235226316, ""1"": 0.20312422235226316, ""2"": 0.20312422235226316, ""3"": 0.20312422235226316, ""4"": 0.02845625267287328, ""5"": 0.027884666497214928, ""6"": 0.030383437468471382, ""7"": 0.034482777330798325, ""8"": 0.03529457930551139, ""9"": 0.031001397316077945}","[0, 1, 2, 3]",[],1,0,1,1,0.0,02bc7de66e32eb4d4faa746f353164413b28a8cf800ba1716e0cc5fca838edba,170b4dd0a711555f5d9e33c3ed9a3739a2673a58fcdc439864ceb1bff239a664,"[""proposal_created"", ""proposal_committed"", ""v1_challenge_sampled"", ""audit_rejected"", ""recovery_recomputed"", ""recovery_audited"", ""recovery_verified"", ""committed_once""]"
49,trust_v1v2,0,none,0,0,0,0,1,0,,81.18,0.0,0.1,95035353956133624265676730588317284833,5e80b3b2bf80cb8b81abb8ba31b5ad98192ce4e9e7874f3aab65e23729b42e65,1,"{""0"": ""982294dcd8194b6322f15b6f31eab95a67f8a0a533914402cd5d3775c2bbb230"", ""1"": ""d114981cab36978c5321df445e0c50a41517ad32223d1fb6df0b022947c2a9d7"", ""2"": ""13e19c4e1ce3d8a9f43fd95fc16c83199f1392f203e2811af4ffb1a1897453b4"", ""3"": ""85d60239621c0050bf8f14d006a5c1249915419125fb4507c345e1b7c23f658b"", ""4"": ""39ef9ad641e91f73792cb7cfb47595ca6e9423a3a6daa47f00de1f667134e455"", ""5"": ""3d3ec24013731c4f13f12f2187f96fc44da6b001a5713ee39c64e68c543b0f82"", ""6"": ""d9f8fff18b270c720ffa4d9e66bdd00a72ce0aef8f73bd0af3b75e28da496e4a"", ""7"": ""d3229d9a32fff0970aaab40e21a3e06b3944ae9ad308b212e97d03b9b313a5e5"", ""8"": ""11bb3e888989ec7c6e07bc436f08a1fb2572ddc5216b446dafc55573fbf0b7a6"", ""9"": ""3c4f2d69b4a44557eb769182e108a5e2704ef514652a17d20398357dfb127d2c""}",,0,0,0,0,0.0,0.0,"{""0"": 0.023075862895121275, ""1"": 0.023075862895121275, ""2"": 0.023075862895121275, ""3"": 0.023075862895121275, ""4"": 0.23253130839298214, ""5"": 0.060256353809279795, ""6"": 0.04240646826587903, ""7"": 0.23920686895553084, ""8"": 0.09794499266635474, ""9"": 0.23535055632948837}","{""0"": 0.023075862895121275, ""1"": 0.023075862895121275, ""2"": 0.023075862895121275, ""3"": 0.023075862895121275, ""4"": 0.23253130839298214, ""5"": 0.060256353809279795, ""6"": 0.04240646826587903, ""7"": 0.23920686895553084, ""8"": 0.09794499266635474, ""9"": 0.23535055632948837}",[],[],1,0,0,0,0.0,170b4dd0a711555f5d9e33c3ed9a3739a2673a58fcdc439864ceb1bff239a664,1c5d24bf98a47d903e5069ef3e08ade75eab238acf11752c5a6acd14e189237e,"[""proposal_created"", ""proposal_committed"", ""v1_challenge_sampled"", ""audit_accepted"", ""committed_once""]"
50,trust_v1v2,0,none,0,0,0,0,1,0,,69.39,0.0,0.1,17583640845534529590082328806470105108,e1eddb5eb5cc5b8e829166356830420ee78a37b62fe8099ca0f907abd0671a90,1,"{""0"": ""791ebe6e6a63ee7686fa8b8558e98e4aea2bfa1203f0f4c3466f292275b892f5"", ""1"": ""bfbda7720620673833c719d6f201b994ed1d19d40f407c9bb7ccc749a47d487e"", ""2"": ""6a4e46a949b387eebfe0cab9f6e42c556f3c861aa7c6e7ed823ecf7b1eed7755"", ""3"": ""85e8338e1ab2bd3921b3f124730e5fe42dca4efeca4f59380c2d3347c48a4347"", ""4"": ""f3af8a8cbc5db0624947b0abfa7b7fc89dec17a1d73853d5d318c7c8072c8e2f"", ""5"": ""cd40f573a612c31855d3f19db1c4673fd69ca40d9bfb91d752755faf5009ae85"", ""6"": ""53a4bbc87ad6845c42661320998281f0f2952be654d6a0505dbe73a463932a65"", ""7"": ""312b29e97c203a1cb8e9d0e2065e9e6f5de6a749915f9e90cce3a006fb9184df"", ""8"": ""954249b6ed064ddb51478d05057f9f3cb4f950734da89d6fde44016720122cf8"", ""9"": ""493ce05caabfc6860e4b72f1eb424103ae972289cf060dcb9459a5687b980c7d""}",,0,0,0,0,0.0,0.0,"{""0"": 0.0769227588685364, ""1"": 0.0769227588685364, ""2"": 0.0769227588685364, ""3"": 0.0769227588685364, ""4"": 0.13975939251789468, ""5"": 0.08807690614278396, ""6"": 0.08272194047976374, ""7"": 0.14176206068665928, ""8"": 0.09938349779990645, ""9"": 0.14060516689884656}","{""0"": 0.0769227588685364, ""1"": 0.0769227588685364, ""2"": 0.0769227588685364, ""3"": 0.0769227588685364, ""4"": 0.13975939251789468, ""5"": 0.08807690614278396, ""6"": 0.08272194047976374, ""7"": 0.14176206068665928, ""8"": 0.09938349779990645, ""9"": 0.14060516689884656}",[],[],1,0,0,0,0.0,1c5d24bf98a47d903e5069ef3e08ade75eab238acf11752c5a6acd14e189237e,736d3444462f4c976e8c935730017a68a3cf03cb523c4034f36dd7caf632f997,"[""proposal_created"", ""proposal_committed"", ""v1_challenge_sampled"", ""audit_accepted"", ""committed_once""]"
