round,group,attack_active,attack_type,v1_trust,v1_agg,v2_trust,v2_agg,consensus_passed,healed_applied,heal_source,accuracy,v1_projection_residual,v1_projection_tolerance,v1_challenge_seed,proposal_commitment,proposal_binding_valid,update_hashes,recovery_commitment,recovery_v1_endorsed,recovery_v2_endorsed,recovery_endorsed,skipped,proposal_relative_error,committed_relative_error,published_weights,used_weights,attack_targets,excluded_clients,audit_executed,honest_rejection,recovery_attempted,recovery_consistent,recovery_relative_error,parent_hash,state_hash,events
1,trust_v1,0,none,0,0,0,0,1,0,,10.15,0.0,0.1,89598149374321229224454147324976218827,b5856a37d0e28fda9fadddce678ef2b9be8c2faab17bdb55aa1167fa211ab71f,1,"{""0"": ""3965107826a00f10ffad36b484d78869e1cd8aa13e3ae961528c34131e642631"", ""1"": ""cbc9800658ba0970f9d076cfc05306b4b138eb9f0c2e2e8c427aa58d889e87aa"", ""2"": ""b1d66404542935a8a8c56fe90a0cd6deaba146eef39aa05c6b86841ed66714de"", ""3"": ""866f090d947416e541ac534fff0f809896b05e2e7369f481209d9f437cdfc175"", ""4"": ""0802b55be6a175bf548e6aaf9157a85b5ead22f6bd2c6386646e6d74672f0227"", ""5"": ""91fd8d0e6cf1a5c3056f302bd27120d1e648107668dc2fed57b02d04875df233"", ""6"": ""423f60e998ed4fc50be00bcb84da6841b1a3dab286478fcc7f50bc950ecfaabb"", ""7"": ""e04d2a5ad83283581455d898773425a7bc7c01b416965767a0f63566c1378e3d"", ""8"": ""f4f4a089a5f9cbc385c3aa49a8c3e52cd9f74f0b0b9a302e140f5ffb3365ef68"", ""9"": ""c494cfb8e356c6311d3b35cc5bdda203d1faae645016c79a63432a32e46bf967""}",,0,0,0,0,0.0,0.0,"{""0"": 0.09015904745022747, ""1"": 0.12933189859688116, ""2"": 0.14641930571624226, ""3"": 0.07370418591722641, ""4"": 0.08855411493041687, ""5"": 0.13331309105118486, ""6"": 0.10358517058375188, ""7"": 0.04550416957703336, ""8"": 0.09912340309471668, ""9"": 0.0903056130823191}","{""0"": 0.09015904745022747, ""1"": 0.12933189859688116, ""2"": 0.14641930571624226, ""3"": 0.07370418591722641, ""4"": 0.08855411493041687, ""5"": 0.13331309105118486, ""6"": 0.10358517058375188, ""7"": 0.04550416957703336, ""8"": 0.09912340309471668, ""9"": 0.0903056130823191}",[],[],1,0,0,0,0.0,8b617e77902b0a0335989e80269b498633be37dde526eb036aca22383a8f5956,2c2c507257570f65c8c780e2ac43c96663da8257dc4bbd20d9a595f2e7954945,"[""proposal_created"", ""proposal_committed"", ""v1_challenge_sampled"", ""audit_accepted"", ""committed_once""]"
2,trust_v1,1,A2,0,1,0,0,0,1,V1,31.03,0.43955505088159014,0.1,270453963052405717885493004446323412429,bffe88c17c19baaf22d46a552663264f161b0f817eefc6a3cc639d1a13840d39,1,"{""0"": ""253a17d979634d0d27a8eb866bf434f120fb690048d086ff1e42c04fddc61af1"", ""1"": ""8afd3c397f2ffd9269acd5b9448e39b5741ed1187bc172c77fbbae547761c6ac"", ""2"": ""3df338de3b25f2314dbed35d7e6bc1489fa4c0c90d66f5ecd9e06f9b0fc99b4d"", ""3"": ""98033778c65447c826ba923aefd6cf7baef35108efac88135c0e80181476091e"", ""4"": ""404b050a567079b6d98136b93c5e02c5d7018f346fe1c4fa36df64c444df528a"", ""5"": ""a0102b74369fcf558377bd273439a9cea61635a2bae6f7ba78e267a0d648864a"", ""6"": ""805eaaab618c730f7ad0dd1809f05d1a500fbdb11a06f60e7239e4b8dc3dd706"", ""7"": ""e93873296f8d3179cac12d1cd05a35c5cf4f04d30919b668f81d42226befb92f"", ""8"": ""336724ab95d27ac5659c3b52fcf521fb7d6fd9531984da764e86bdb1b8f6234f"", ""9"": ""e88f5894a40996ad567b18a483a64827c0cfb6b017f25c1d1f5d5c1e2bebe405""}",728226b69737e2d8afc680c9b35b42169b22ae2477a110191383a0b24e3c3f70,1,0,1,0,0.6393058837179888,0.0,"{""0"": 0.035401746512733014, ""1"": 0.0737345017550137, ""2"": 0.09078058539979665, ""3"": 0.022111255775167926, ""4"": 0.16475753285111797, ""5"": 0.17818522568734835, ""6"": 0.16926684954711846, ""7"": 0.013651250873110012, ""8"": 0.1679283193004079, ""9"": 0.08418273229818592}","{""0"": 0.14270087325636652, ""1"": 0.16186725087750686, ""2"": 0.17039029269989833, ""3"": 0.13605562788758396, ""4"": 0.08237876642555898, ""5"": 0.08909261284367417, ""6"": 0.08463342477355923, ""7"": 0.006825625436555006, ""8"": 0.08396415965020396, ""9"": 0.04209136614909296}","[0, 1, 2, 3]",[],1,0,1,1,0.0,2c2c507257570f65c8c780e2ac43c96663da8257dc4bbd20d9a595f2e7954945,7c8ddf4a58735c7dc44bd55f4ad5a6523af696c7b902d1718cfda4ee3f498aac,"[""proposal_created"", ""proposal_committed"", ""v1_challenge_sampled"", ""audit_rejected"", ""recovery_recomputed"", ""recovery_audited"", ""recovery_verified"", ""committed_once""]"
3,trust_v1,0,none,0,0,0,0,1,0,,42.11,0.0,0.1,63234889400121293000515146421497757426,7e098c58cf5e61e42e08436f6f6b53070cbd96593070542ee387301496130a0f,1,"{""0"": ""1c7fc9799615b5a0b7969ead5725c2f09b205acce42a5d92799499a654a5bb5a"", ""1"": ""2568ea74c8b566968132a375aa6678e2a51a61d7b3ef763de277433ebd112d7f"", ""2"": ""3ec678a5c051e3874e861b648a0b900a18906c03b43168dfddd6446ff9261889"", ""3"": ""4d3df93bd8796ad0e94d31795d4dbdf28ed54241ca6a161f7b924ce6532c0a42"", ""4"": ""0598d4cbe2d52448d3fb0e72479e12533efd6e4d070bd4042e8da707d63c27ba"", ""5"": ""53c253d7880eab04ef5afe8a6afad6c750441290e7c643bd0a7f0be51d6d54b4"", ""6"": ""f0940c03e9198ed41cc2b84b1300e948cbbb1ad9d40a78850f05d00d8e36d10e"", ""7"": ""61b60dea3ca0f06c7aade57cda4e09860a1c250e03b2bbdb5f94a7f8a771fbbe"", ""8"": ""3b4a933ce759aa9ff362d54485510f06f46454c1252dfd22f5cad99b394081ae"", ""9"": ""d925d34c1a118b99c777537e3791111e5072877b3e95d4b9a8ecd372fb8d8522""}",,0,0,0,0,0.0,0.0,"{""0"": 0.010620523953819908, ""1"": 0.02217964244000642, ""2"": 0.027234175619939002, ""3"": 0.00663337673255038, ""4"": 0.21408990920478668, ""5"": 0.21811821705565582, ""6"": 0.18277891098519608, ""7"": 0.010218546101718266, ""8"": 0.21504114513957368, ""9"": 0.09308555276675384}","{""0"": 0.010620523953819908, ""1"": 0.02217964244000642, ""2"": 0.027234175619939002, ""3"": 0.00663337673255038, ""4"": 0.21408990920478668, ""5"": 0.21811821705565582, ""6"": 0.18277891098519608, ""7"": 0.010218546101718266, ""8"": 0.21504114513957368, ""9"": 0.09308555276675384}",[],[],1,0,0,0,0.0,7c8ddf4a58735c7dc44bd55f4ad5a6523af696c7b902d1718cfda4ee3f498aac,3b2da62476e48fcaf43a6aa7e5c62d750ef8ed67e6b9eeedf18d7be97dcb948f,"[""proposal_created"", ""proposal_committed"", ""v1_challenge_sampled"", ""audit_accepted"", ""committed_once""]"
4,trust_v1,0,none,0,0,0,0,1,0,,44.04,0.0,0.1,149705627382391817567855531736107043953,336c6123121d5ae9e5be4e97b97ad52478775b1a4a5db0f77b8addcae6e4200b,1,"{""0"": ""f26f6a3848d2eea999b0c50de30123558ffad162fa4fbc1bf7e4385525a84f1b"", ""1"": ""6d16f1afdc5b967b98ec4235b46da0439ca72e206dfde28a89bfdfad163b66e0"", ""2"": ""edbb93e4387997fa7d32a7575908aba7fe30f5f46527d584a1fca6f6e2335028"", ""3"": ""c252ffbf23d130ffa49e856131d2cd420d21dee65192157852d85d874f425830"", ""4"": ""b54e6c30ef535e03e9ed34ee6f61aca24dc9a3e89bb37c121969168d5657b8f9"", ""5"": ""8a3112c1c825b4f8ca862cc1e23edc867b45286fc13aeae63e615263e1ccb40f"", ""6"": ""d07d4709b36c0aa5c965d1c02075c1bb9ea61d67c7aba0509b1f09908b08cd28"", ""7"": ""519a91f00629904682ccb84cb4ff8877ac6dbd714b164bd58f191de1e9b39435"", ""8"": ""8c65faba099e173210ea376d7ec3e4e2985245277c34044ec4fda6cb93961f4b"", ""9"": ""4f889c34bd143d3a417ef43fcc2eadce1dfe97a3464b7eff358ee57712431118""}",,0,0,0,0,0.0,0.0,"{""0"": 0.003186157186145973, ""1"": 0.006653892732001927, ""2"": 0.008170252685981701, ""3"": 0.001990013019765114, ""4"": 0.2851804333964191, ""5"": 0.2863889257516798, ""6"": 0.059561575228649535, ""7"": 0.025098662574708528, ""8"": 0.2854658041768552, ""9"": 0.038304283247793065}","{""0"": 0.003186157186145973, ""1"": 0.006653892732001927, ""2"": 0.008170252685981701, ""3"": 0.001990013019765114, ""4"": 0.2851804333964191, ""5"": 0.2863889257516798, ""6"": 0.059561575228649535, ""7"": 0.025098662574708528, ""8"": 0.2854658041768552, ""9"": 0.038304283247793065}",[],[],1,0,0,0,0.0,3b2da62476e48fcaf43a6aa7e5c62d750ef8ed67e6b9eeedf18d7be97dcb948f,85269a2c4f5d748d48db86e7f8086d387103c89aa9d07662ac22360143881fc8,"[""proposal_created"", ""proposal_committed"", ""v1_challenge_sampled"", ""audit_accepted"", ""committed_once""]"
5,trust_v1,1,A1,1,0,0,0,0,1,V1,48.39,0.0,0.1,136202553735213226028668658077774142559,f867e55db280ccf88ac9640e88b0e63738ddf612b3c8bf931caa8081e4201ee2,1,"{""0"": ""5cefca277782c2bea9bf185cae2715c28874747e7b210f712e62507fc5ac462e"", ""1"": ""1d061f8efa717a09b7810f9c9cf5adf6eada893905067210d3d7a51f5d76dfc7"", ""2"": ""40a6d547053597051f164fec36a56407154eabec21942aa69fe57a09c86b5fec"", ""3"": ""624561bfc21cb25896bcc52eecadaee55bd68f7306b53814b61c6603a76745de"", ""4"": ""5e9648c0d8729136b287c0d3e5f6d4e319dbddc644ea1be56ed4a19d53f003a7"", ""5"": ""e120a59161ed11a8c65f5ac5fadcbbb633c46c176c6c2d8c9adb3e3856210915"", ""6"": ""a74a4cec928b07aba14f8679a3b8e6da1d714a1ef9dbb26a1cf02f538f506624"", ""7"": ""1a4e2035cba8687499d140aeaab3a84f3bfa9af28fd276481ee912d7a4fc79ae"", ""8"": ""93788d21f38d71f0d70804bc88d01eeeba26cef510e198fabb3ebfc3c2eee312"", ""9"": ""959637122e91de8e1629201b5762b77d6329367b1af7c43eccae7d40cb1ca189""}",b8eb952f855359ceebd61153e1f731eb38e6cd611082ed3ff9d273d25b873445,1,0,1,0,1.8466816433212665,0.0,"{""0"": 0.75, ""1"": 0.75, ""2"": 0.75, ""3"": 0.75, ""4"": 0.3060739036710406, ""5"": 0.22978491642798607, ""6"": 0.01928976409526933, ""7"": 0.05372978086760823, ""8"": 0.3061595149051714, ""9"": 0.07896202534575605}","{""0"": 0.1877816769605697, ""1"": 0.1877816769605697, ""2"": 0.1877816769605697, ""3"": 0.1877816769605697, ""4"": 0.07663342787362115, ""5"": 0.057532529262788776, ""6"": 0.004829685666644615, ""7"": 0.013452624472057875, ""8"": 0.07665486283510349, ""9"": 0.019770162047505438}","[0, 1, 2, 3]",[],1,0,1,1,0.0,85269a2c4f5d748d48db86e7f8086d387103c89aa9d07662ac22360143881fc8,8d4440b49d262620c6a881db5300ab4041276c3ef4924fee7abfedec05a96257,"[""proposal_created"", ""proposal_committed"", ""v1_challenge_sampled"", ""audit_rejected"", ""recovery_recomputed"", ""recovery_audited"", ""recovery_verified"", ""committed_once""]"
6,trust_v1,1,A2,0,1,0,0,0,1,V1,55.65,1.6703911076545364,0.1,120342000527521061874202126765971264855,49762af1b3160fd92b5e88c8945a092590a0f35356a234318dcff1be4e3ed9da,1,"{""0"": ""eaf425e4f65dbc6108056ca9133c7d5312ff902b71afaddf70d0c5a9321e571c"", ""1"": ""83420b9edd38aa40f381adcc22c75281410f129a0bc3811796b37bd753b6f45e"", ""2"": ""d8cac46d64d90dd164ce38386438d94fdff992dcf8350192d31227b01005a826"", ""3"": ""9f392b622b2819cce7d0dc9492910263bebfed91cc55a8379d259813f1bada4e"", ""4"": ""574cc0a23163f7c7970eed3d6a5a8f6d1ad20c70fd0c0604d5d564f3628ab35a"", ""5"": ""66ff4930a9b1dc218235d657d5456c0060538be730adf298f2e879c48b37ce7d"", ""6"": ""1799acaae627478d7ae629b0bb5402eb422c8e57dbd048994e2b45f370a807a6"", ""7"": ""8b66d7a04a797cb74ae7c5e569eb01c1ed668d04132981d17e4c772eeef034d7"", ""8"": ""54f6a3125a7a9a48f092b8fcbb4b9e5069a5d4c28bb658d823066d65fc818991"", ""9"": ""b7b862c836e076dded77f4c5ab836f1aac903eb8904b2a8a03d5867a43705d7f""}",ccd26128cff7f4238811438cd1f78bb07d6162f67559e89df3960b8b9c7b5ddb,1,0,1,0,1.2084418700321893,0.0,"{""0"": 0.00028675414675313776, ""1"": 0.0008764690948719888, ""2"": 0.0007353227417383536, ""3"": 0.0003495226457210312, ""4"": 0.35149173325328575, ""5"": 0.14331018860661643, ""6"": 0.006299801121426261, ""7"": 0.06950208973328971, ""8"": 0.1437899489005971, ""9"": 0.2833581697557004}","{""0"": 0.12514337707337658, ""1"": 0.125438234547436, ""2"": 0.1253676613708692, ""3"": 0.1251747613228605, ""4"": 0.17574586662664288, ""5"": 0.07165509430330821, ""6"": 0.0031499005607131306, ""7"": 0.034751044866644855, ""8"": 0.07189497445029855, ""9"": 0.1416790848778502}","[0, 1, 2, 3]",[],1,0,1,1,0.0,8d4440b49d262620c6a881db5300ab4041276c3ef4924fee7abfedec05a96257,1c5296c850d1ae8d50fcdbcc23b1189e6213860be4a0193568c9127837a5a34f,"[""proposal_created"", ""proposal_committed"", ""v1_challenge_sampled"", ""audit_rejected"", ""recovery_recomputed"", ""recovery_audited"", ""recovery_verified"", ""committed_once""]"
7,trust_v1,0,none,0,0,0,0,1,0,,57.93,0.0,0.1,246649061566618239174673914933480557672,e5aa96cc7b79ccfd2feb7b3c9ff1d0e51e19a19f3bdb382bccde6dac945331e2,1,"{""0"": ""edcd37ac73cf888ce565c3cc6c24d04372248df50a13de68a1cf6c1b0c6eb9cd"", ""1"": ""b3861104f0d81872f3e017b65f3122f69b087f6011d80843fd36d867b175ad32"", ""2"": ""75f13f88d39b785917c9185700cef185e7ac28cc480cefb32519f356812e92ba"", ""3"": ""c519f871949321e917f3f999b925095bf4c89fe6049be0fef630db695cffb6eb"", ""4"": ""3f2232585ecd3776bffa273a03f61afaf787c089794b32c7ddc22b09fb001e3f"", ""5"": ""4ba4b99dce4e9f72dfd2d515dbef463dd82c54a6be9e8d2dd5c6ec83264fe54f"", ""6"": ""6674fedb376f0baf02937544769f33d6a781f34ea93d681ce52cfa39db9f5cf6"", ""7"": ""e5d4baddff5ab40d3fbc1f53bbec43fe5c91b3076bbb5a80a74ed1c50ec93235"", ""8"": ""60267c697c98ac26e161b0337c3be7a47eee77554f6732e26e8f0440bd8f90b8"", ""9"": ""40ba85c82de4e8aad8ba7111f8432090d6c54a7f279f8fda11583e60a8c3c400""}",,0,0,0,0,0.0,0.0,"{""0"": 0.0004123841786570016, ""1"": 0.0013711815487065045, ""2"": 0.0007172316843214836, ""3"": 0.00030711388718946553, ""4"": 0.4222456977158011, ""5"": 0.04409951579452342, ""6"": 0.0018899403364278787, ""7"": 0.08014041866131252, ""8"": 0.04701088752653511, ""9"": 0.4018056286665255}","{""0"": 0.0004123841786570016, ""1"": 0.0013711815487065045, ""2"": 0.0007172316843214836, ""3"": 0.00030711388718946553, ""4"": 0.4222456977158011, ""5"": 0.04409951579452342, ""6"": 0.0018899403364278787, ""7"": 0.08014041866131252, ""8"": 0.04701088752653511, ""9"": 0.4018056286665255}",[],[],1,0,0,0,0.0,1c5296c850d1ae8d50fcdbcc23b1189e6213860be4a0193568c9127837a5a34f,fba0bad69ccdd0d88bf0e7aac0dfa3ad5cf5861ae3b6bebc4296977b9a6dd617,"[""proposal_created"", ""proposal_committed"", ""v1_challenge_sampled"", ""audit_accepted"", ""committed_once""]"
8,trust_v1,1,A1,1,0,0,0,0,1,V1,55.88,0.0,0.1,114430768390289834005309305741767838610,c1f5675a033790d3b6a42a15313b08ced479ff777b3d3b3e6e3d37c1b558fd42,1,"{""0"": ""89b45b579ebe813dacd6e963db38f5e73d68bcbb21e740960e5ee20fedd9105f"", ""1"": ""0ce3c4570de711284810da109ace73b500e647d65a2d7b3d36f1bd3eed25676d"", ""2"": ""cd5da3e601f913a369ed53bcaa6461ded9910ba3295efcc042c5482d0383fe39"", ""3"": ""77804459387464674228bfccdbbdb66a37334fb665f1b61bd8de2ea9fbc038d9"", ""4"": ""f13deb4a73472d2e6732a84341cbaa92abdaac4b4aa5a42ce402fa21e1a45ecf"", ""5"": ""b4f7f08850b051919c6e1dc9342bdc95359794f19f6d8d3b114c9ae5e94af9d8"", ""6"": ""96891e8c8ee85423c7dff002e09cc047faf0b4bac181fcf39a2441d3af81c45b"", ""7"": ""c13cecac47225c7a7bf7a0f17ffb1792795b6703a432052af1b75b5d85e557be"", ""8"": ""2805c666bafb567545d2c66266af721504086a3fd1107558c2be922c5b2107ec"", ""9"": ""fdd13f2b5f3c724c4a327013bc9c11cb296040fabbd027526412c0f4d752fa95""}",453337335228d75d614b9509626177b9e1449ca32e2c516923e7571c21d33353,1,0,1,0,2.2301245423102483,0.0,"{""0"": 0.75, ""1"": 0.75, ""2"": 0.75, ""3"": 0.75, ""4"": 0.4583056345593701, ""5"": 0.014027187894484351, ""6"": 0.0005669821009283637, ""7"": 0.04109993298838566, ""8"": 0.014103266257960535, ""9"": 0.4521736138445875}","{""0"": 0.18842911486981415, ""1"": 0.18842911486981415, ""2"": 0.18842911486981415, ""3"": 0.18842911486981415, ""4"": 0.11514416674649415, ""5"": 0.0035241741320936777, ""6"": 0.0001424479138999456, ""7"": 0.010325898658946913, ""8"": 0.003543287970347759, ""9"": 0.11360356509896101}","[0, 1, 2, 3]",[],1,0,1,1,0.0,fba0bad69ccdd0d88bf0e7aac0dfa3ad5cf5861ae3b6bebc4296977b9a6dd617,ca9e2686a797e6d485f09d4276b93d34c7a3f4180c4cd012362ba91296f419e1,"[""proposal_created"", ""proposal_committed"", ""v1_challenge_sampled"", ""audit_rejected"", ""recovery_recomputed"", ""recovery_audited"", ""recovery_verified"", ""committed_once""]"
9,trust_v1,1,A1,1,0,0,0,0,1,V1,56.33,0.0,0.1,309807692158687238070314260306291969594,d116276c4ab297d7be1021e76e8689e3d514788c0aa0035bae1894d845cb3674,1,"{""0"": ""081b15218f2f9ca8a686824f5cc779d663c470199140d38e6ddcc2ae278416b0"", ""1"": ""550d9bab28859b648d98129d5032a5c229f3b52bffc1f08a94d6b5d052fa4b4d"", ""2"": ""ea449c3e83729fe242f27e0525b2bef7d315cb5eba11af9b8549069bef052c10"", ""3"": ""28250139c86f06e766832ffcff3205b75ab57283b9a05e667d644e6f055d5cd2"", ""4"": ""07aa2ab2d4d2c8b7254a269c794faf4d1a9b753e8dae0689c1da5a7c3889cb5f"", ""5"": ""32e9029ece15c203b7d85e5e04b67685e9533e109880e311727656e9e4f0aa14"", ""6"": ""46a66499b9e82145a6ab337e46892908bb3e2fb7de01a6d8f98b5b01724f8dd7"", ""7"": ""84efaab54e111d7e1e3598739e8ac1197e7fedad32aa97ec926ad19ce28de01f"", ""8"": ""4005cf116d53f01bba695e6ef69618c4039b493565b3890bedc03e6be3cdbf01"", ""9"": ""a019ec873a867355144acf5f8ebf157aa28261e917c96b2947317d029b235cf9""}",1ce0af27e27e9527b728c8454111dcc501fa3cbc6d82844b2764451542b8a415,1,0,1,0,2.4258111452831033,0.0,"{""0"": 0.75, ""1"": 0.75, ""2"": 0.75, ""3"": 0.75, ""4"": 0.4434631116799696, ""5"": 0.004976959791340323, ""6"": 0.002187560832108187, ""7"": 0.07340830097712739, ""8"": 0.004230979877388162, ""9"": 0.38863880324852246}","{""0"": 0.1914776750582813, ""1"": 0.1914776750582813, ""2"": 0.1914776750582813, ""3"": 0.1914776750582813, ""4"": 0.11321771413145539, ""5"": 0.001270635586272525, ""6"": 0.0005584920829075132, ""7"": 0.018741401068105217, ""8"": 0.0010801842535208767, ""9"": 0.09922087264461321}","[0, 1, 2, 3]",[],1,0,1,1,0.0,ca9e2686a797e6d485f09d4276b93d34c7a3f4180c4cd012362ba91296f419e1,2d7758b51cc3f16e1ef5f691482e35526ebe912342e74c0fee2b1879697e9e1e,"[""proposal_created"", ""proposal_committed"", ""v1_challenge_sampled"", ""audit_rejected"", ""recovery_recomputed"", ""recovery_audited"", ""recovery_verified"", ""committed_once""]"
10,trust_v1,1,A2,0,0,0,0,1,0,,24.19,0.0872920314323285,0.1,96410106685927446483489228684439766313,8173ec2f98b923040ead7d14cece63fe34e506d03aaa25bb0eb0e08bd8ca8e5a,1,"{""0"": ""4c940b9c178c4340e0db911f97f394cc1fbdf84f3616178a76a9e58f51c5e097"", ""1"": ""ad492829aab6237ddf59f0fc4ea1738ffce6738b9665f689ec49eac26d1035da"", ""2"": ""5c3123787c4eb425cbf65789416378ecd950a7b7f1f7fbdc08921e2874044a7e"", ""3"": ""7973bd1651882108048e9d6daac0da991a2700dc4cc46fdae2e318b055050332"", ""4"": ""ac28f2b3c084a3e84bc0c372a40fadbc65d53bf995d629d6580c79572bf4be5a"", ""5"": ""0bd758ea30d756119189269504f6372b9bb9164731e24949427197b3e3205e69"", ""6"": ""2b229c8032f1fc9f5ff65c7029c7f87d228b878410e6c4e3de988ba0cf0ac5a5"", ""7"": ""7ff5c3d3efcba65352e11a2d2a472d1302abbad76e9ddbd1932a6c0bf5e24ab3"", ""8"": ""0f3087808e280110a48ae51a33beae2840d39f40c30f87adfc4c45722c7e6867"", ""9"": ""cdfe88d4111b74cfaf74b1b34bc1a5f8361bd98205912205cfeec87e1f2df993""}",,0,0,0,0,1.3803114938422585,1.3803114938422585,"{""0"": 0.03697396834629814, ""1"": 0.11787884569934513, ""2"": 0.044845606015698584, ""3"": 0.003198137140008043, ""4"": 0.5493032791298252, ""5"": 0.006688519487372406, ""6"": 0.0025278936899720693, ""7"": 0.04224189173304826, ""8"": 0.0019617104390494693, ""9"": 0.19438014831938266}","{""0"": 0.14348698417314906, ""1"": 0.18393942284967257, ""2"": 0.1474228030078493, ""3"": 0.12659906857000403, ""4"": 0.2746516395649126, ""5"": 0.003344259743686203, ""6"": 0.0012639468449860347, ""7"": 0.02112094586652413, ""8"": 0.0009808552195247346, ""9"": 0.09719007415969133}","[0, 1, 2, 3]",[],1,0,0,0,0.0,2d7758b51cc3f16e1ef5f691482e35526ebe912342e74c0fee2b1879697e9e1e,456432e8dd6d4b6b5d3e0364c3e53dc1e77a2aa7dc62c73c81c0b03e5eaa5665,"[""proposal_created"", ""proposal_committed"", ""v1_challenge_sampled"", ""audit_accepted"", ""committed_once""]"
11,trust_v1,1,A2,0,1,0,0,0,1,V1,61.89,1.7467269660472153,0.1,310103142865093603038292040900303872140,e06ecae8c22f1d9856d5786206800450ad1fe21d518d75eaae235d486be22bf5,1,"{""0"": ""67a35d06eb0fd187a0a4ab25d7b77c30e429a345da4d1bbe4c7e56bff294b6f3"", ""1"": ""44df14ba7c36445fdc20c828429086cb01717898247c27dcd31acbb18eae0e79"", ""2"": ""248153eb55079b7648a61dca96e351a0f7bd33b581ef71088ba4656284da60f5"", ""3"": ""b433ab3729036ba0773d0e04e643c36411b5bf53b73bc3311c84d515f9bf33a3"", ""4"": ""000e605fecce278030d30ca5a26b60d2c11b53ceb62390fe4afe3368d6b472b2"", ""5"": ""6f730bf5ede048254c10229afa3770d2141ab73880efd8e4d698e36cf6bccf26"", ""6"": ""8366ac94e01f0518efd7a111fc60805df6da89607f30feb94bfbbfbee3fcd080"", ""7"": ""c8da5b1495ddf0bf05bc5597f06a8f5847f87b0e7813e90f411f3169a00377a6"", ""8"": ""122f3772d8d9d8c7b69841b55d8e08d95175f807d009658dbe61cc65cc9430a7"", ""9"": ""d90a9417ebdfb3e34a72f9b03a450acb88d62ab879b7cf1e9a8f8e0fd0a772e1""}",971a928f9b585a3c66c39f49bca808011486eba77967457534433663f788d02c,1,0,1,0,0.965887396629879,0.0,"{""0"": 0.011092190503889444, ""1"": 0.035363653709803544, ""2"": 0.013453681804709577, ""3"": 0.0009594411420024131, ""4"": 0.3856968956916341, ""5"": 0.10149750834982542, ""6"": 0.22166428005967817, ""7"": 0.022179454109382723, ""8"": 0.07021742410344735, ""9"": 0.1378754705256273}","{""0"": 0.1305460952519447, ""1"": 0.14268182685490174, ""2"": 0.13172684090235476, ""3"": 0.12547972057100118, ""4"": 0.192848447845817, ""5"": 0.050748754174912696, ""6"": 0.11083214002983906, ""7"": 0.01108972705469136, ""8"": 0.03510871205172367, ""9"": 0.06893773526281363}","[0, 1, 2, 3]",[],1,0,1,1,0.0,456432e8dd6d4b6b5d3e0364c3e53dc1e77a2aa7dc62c73c81c0b03e5eaa5665,05fea50e2237e5642bfc05ca10cdc39cd8054ae751fcb18cfc0103dcca9c02bf,"[""proposal_created"", ""proposal_committed"", ""v1_challenge_sampled"", ""audit_rejected"", ""recovery_recomputed"", ""recovery_audited"", ""recovery_verified"", ""committed_once""]"
12,trust_v1,1,A2,0,1,0,0,0,1,V1,65.25,2.5587248177597917,0.1,56318753501829795861074733915321795435,8c2a1e92e810cb99e5f50f476b4f6670dd1f7ba1940fd4d20450b38ab520d40e,1,"{""0"": ""aa5c0547ebdf9cb926b67f17b05026f29d1adb5cf91a3e79b89004760118b7e1"", ""1"": ""26f6538dafc51b3bf93f9addae886ad77e20c94d5ba35453154b69c5ddda42bf"", ""2"": ""a95945191d5b1765bcda8077bc17516125f6f3edd1ad13474a7986695843493e"", ""3"": ""7b8b03d13c9641bebcf8e99c43884c625e4b430901c6efd335c1d25e0fb631a3"", ""4"": ""d369305c12e23bc0972174900e1f86223d623afb65bd8ef16e34356efd2aa0b8"", ""5"": ""8d52321b335d3cd339eac733a052667c49dffed54c2f174806c40f973728674b"", ""6"": ""2c72f96327e83f22e7f564b7c220435c5ef4a91ca8793b6f90ed3ab4fc1a0abe"", ""7"": ""68ed9265467aa540666b201857e1e6f9a4afba03b0f852a8a93b13eaeecb9f90"", ""8"": ""111c055baca5a37c76334dd1245d04815efa34e9df1cf4bc31794ea188d3378a"", ""9"": ""7953dbaf26178a977ce97139bda63e76966c50830e2886a5b15af355c3222e07""}",9e32f9878daf4a27cb7fdad97c3df48d8921899804218690f4af1efd2abeeb97,1,0,1,0,1.8956475864451416,0.0,"{""0"": 0.0033276571511668337, ""1"": 0.010609096112941065, ""2"": 0.004036104541412873, ""3"": 0.00028783234260072396, ""4"": 0.23989320849991194, ""5"": 0.20703870811252575, ""6"": 0.2430887396254816, ""7"": 0.03551802404670419, ""8"": 0.19765468283861234, ""9"": 0.058545946728642696}","{""0"": 0.12666382857558345, ""1"": 0.13030454805647057, ""2"": 0.12701805227070648, ""3"": 0.12514391617130038, ""4"": 0.11994660424995598, ""5"": 0.10351935405626289, ""6"": 0.12154436981274082, ""7"": 0.0177590120233521, ""8"": 0.09882734141930619, ""9"": 0.02927297336432135}","[0, 1, 2, 3]",[],1,0,1,1,0.0,05fea50e2237e5642bfc05ca10cdc39cd8054ae751fcb18cfc0103dcca9c02bf,bf0fdfea4592031259de962605a4afa80e6a263fcea4ea7fe318844b8fbada32,"[""proposal_created"", ""proposal_committed"", ""v1_challenge_sampled"", ""audit_rejected"", ""recovery_recomputed"", ""recovery_audited"", ""recovery_verified"", ""committed_once""]"
13,trust_v1,0,none,0,0,0,0,1,0,,22.2,0.0,0.1,51577326821604905055874682087038579901,97f8d0877685ffa1e8c87a795115099130053b802a715b97a95db159afc90b4c,1,"{""0"": ""341ee28f6c74094469405bbfcf9e527d88133952f2f71cbc1d01d16656292e04"", ""1"": ""6b9db4d7684148d223975cfccbba42fe04aa167c778684ee6a80d8f9bdb27ad3"", ""2"": ""bebf983495f4047dc847cc7ef355fab4bc201338a727d758a3dfe96ec4de8b9c"", ""3"": ""499a3713334ca86a957716c0caa5aaef49a71763f12e5df787261671b972ad98"", ""4"": ""10fc33ed5dfcb2cca38d2ee7ccde2957fced3e905111cba07886c047e5f09405"", ""5"": ""9115026e28cbf0ac0f6c201a03fd42c3dad77d33a7de0b99425c05d112320d27"", ""6"": ""b678c5c67d26ccc1c77faba67df21b1d3b0d6009b99014487a5a5e6f8adb48e3"", ""7"": ""59a4a9e79adea3d22b50ae65b5e1cc281814a821e6eb48dc1c00cbb126a0e991"", ""8"": ""491406e5e06a7cac3574c4552e4f126db07d1d739cba3cf8fbf0910a3961850a"", ""9"": ""2474ed1658e35783ee2bc5f050142726fdd4fc2bda84a5a3f48ca4e1c3cb818d""}",,0,0,0,0,0.0,0.0,"{""0"": 0.15096066703914698, ""1"": 0.17345754477411832, ""2"": 0.17148564730265986, ""3"": 0.1703611656430162, ""4"": 0.11118114483546862, ""5"": 0.06211161243375774, ""6"": 0.07292662188764451, ""7"": 0.01065540721401126, ""8"": 0.05929640485158372, ""9"": 0.017563784018592814}","{""0"": 0.15096066703914698, ""1"": 0.17345754477411832, ""2"": 0.17148564730265986, ""3"": 0.1703611656430162, ""4"": 0.11118114483546862, ""5"": 0.06211161243375774, ""6"": 0.07292662188764451, ""7"": 0.01065540721401126, ""8"": 0.05929640485158372, ""9"": 0.017563784018592814}",[],[],1,0,0,0,0.0,bf0fdfea4592031259de962605a4afa80e6a263fcea4ea7fe318844b8fbada32,68c4952179473f047da8fcf2bac0ea107e0124353253a7a2f5c3c6a944080f06,"[""proposal_created"", ""proposal_committed"", ""v1_challenge_sampled"", ""audit_accepted"", ""committed_once""]"
14,trust_v1,1,A2,0,1,0,0,0,1,V1,68.55,2.413747619100737,0.1,64278705158768898529751454080664800816,cb0a6497203573c94eb8b20da37422e5a25cb661c7a5e1af46c162c0de008c8e,1,"{""0"": ""5972ccaf870f6a7f30061e31863d51959e81e3dc45c0b1e181f84a1f8ab1cf51"", ""1"": ""41c1faeea12ae294330189d4ba16da69224bd7fd3e87a631b11772a2e3c193f2"", ""2"": ""68b8a3500512e400d977b856ea70bb12d0ba98f284645100f72415f9db0dd7a2"", ""3"": ""ebef092b0383445713e7020d172000ba8b823e3e474eff924578969daab295cc"", ""4"": ""658faf32adbfc955a0aca5f97575485b529dfecd972d180978610f253b234f46"", ""5"": ""bc7932c0cce3e5b2498fc3d8aaa500fea4ed1a578c341bae93d5160232a2a4b6"", ""6"": ""b9935470633b27e997cc2ae2d0949927991cfe791180d6168b102fc55c2f3fa8"", ""7"": ""91dcd39ab6db65f13b68e6342c96299bc2a273e34540bc6a5a40e2286040aaad"", ""8"": ""b0ef067573243d1cd8a9129ace9b33627eeb62c3d9d6fa1b12e9e1c4796c635c"", ""9"": ""a41ebdf86a4e2840525ef0c894986d89f31eae32ee82f59ee3c0626a07e33b96""}",887fa5cdd6ab87df8faa28da9f21c696d67d35820a543ed08b46e67c99aacaa1,1,0,1,0,0.9093097711200786,0.0,"{""0"": 0.0452882001117441, ""1"": 0.052037263432235505, ""2"": 0.05144569419079797, ""3"": 0.05110834969290487, ""4"": 0.19287525556719984, ""5"": 0.17815439584668658, ""6"": 0.16657884019518346, ""7"": 0.07394993687879498, ""8"": 0.17730983357203436, ""9"": 0.011252230512418384}","{""0"": 0.14764410005587203, ""1"": 0.15101863171611773, ""2"": 0.15072284709539896, ""3"": 0.15055417484645242, ""4"": 0.09643762778359989, ""5"": 0.08907719792334327, ""6"": 0.08328942009759172, ""7"": 0.03697496843939748, ""8"": 0.08865491678601717, ""9"": 0.005626115256209191}","[0, 1, 2, 3]",[],1,0,1,1,0.0,68c4952179473f047da8fcf2bac0ea107e0124353253a7a2f5c3c6a944080f06,c76a61bb5945167fa7977bf138b631e03ae610231e8fb4d0cdc9975f2f5d8631,"[""proposal_created"", ""proposal_committed"", ""v1_challenge_sampled"", ""audit_rejected"", ""recovery_recomputed"", ""recovery_audited"", ""recovery_verified"", ""committed_once""]"
15,trust_v1,1,A1,1,0,0,0,0,1,V1,69.4,0.0,0.1,310986177871817940582156805907282549306,5d4f61630c4dd29854369e63b2a25f086576d75b7a48f4518d55989829c75838,1,"{""0"": ""2ff8c618e83c257d8929ba26fc3c93c15839c2c096e504063b6b7c3f86cf4418"", ""1"": ""744f718a57f4671d608539168e08bf0f91bca1e818013d867d363da96c226101"", ""2"": ""c58848b68dd08b15a7cee69be08fa91779999ed15713f4d034c93a9c844befe5"", ""3"": ""96df9af4df4413df0bb889eebf3b3cbd8127bb53dfe7fb9e0173ae620a00046d"", ""4"": ""8a91f4400c98725185aa54cebd8d85abeec3f454e716a51509f8e69b27f5a8ff"", ""5"": ""ff1ee5936cab5fbc4d49a8bb80bd165b7a69d2f2721d17fc74cdc2b11491b159"", ""6"": ""843e040e8ba98288bbd6e065b045eb37aede7f169cad80f4ee114347141500d1"", ""7"": ""04f463b77a4f9b4cfb77f74aa89a85f9c23198a20ac9b8fd8f5102cbf2a94cd2"", ""8"": ""fb09c67d780274b0c3d4e294e0a66561186ea70de12606dd5eb3b06d535d45c3"", ""9"": ""0051f593926af8abe066b06949dfa146c3b8e36b92e80318e51170327ba82e98""}",66c97cdcf7aed5567e7c78ff2364ff2eb44bb6c63f526c4f11ed14af97504422,1,0,1,0,2.6161741892565398,0.0,"{""0"": 0.75, ""1"": 0.75, ""2"": 0.75, ""3"": 0.75, ""4"": 0.21060931195220017, ""5"": 0.29975006387593395, ""6"": 0.08061768490578707, ""7"": 0.03774048246853943, ""8"": 0.2994966951935383, ""9"": 0.011821909375696474}","{""0"": 0.19035358353860937, ""1"": 0.19035358353860937, ""2"": 0.19035358353860937, ""3"": 0.19035358353860937, ""4"": 0.053453649675602906, ""5"": 0.07607799843294812, ""6"": 0.02046115362453737, ""7"": 0.00957871477648339, ""8"": 0.07601369225074749, ""9"": 0.0030004570852433443}","[0, 1, 2, 3]",[],1,0,1,1,0.0,c76a61bb5945167fa7977bf138b631e03ae610231e8fb4d0cdc9975f2f5d8631,7839941b422a83b206ff219f5251ced2a8e88d92a3f6dd331f4091fd138fdd6e,"[""proposal_created"", ""proposal_committed"", ""v1_challenge_sampled"", ""audit_rejected"", ""recovery_recomputed"", ""recovery_audited"", ""recovery_verified"", ""committed_once""]"
16,trust_v1,0,none,0,0,0,0,1,0,,23.5,0.0,0.1,75410896244232487426951310807847668369,6d7c1a020dfdd10db8e647be3ae1eeeb0404637e1ed5233812bcd5bce8647353,1,"{""0"": ""c068d98fa994fca30d74216c74904effabcc3b87faa20b21bef198be885b939f"", ""1"": ""9b00ed3d8b5c09f5c1d0d33e9dec74486e9708b27ac7256d208d6aac66b1fab3"", ""2"": ""1e8405a0e55887ec5360b654a9f5432c8ea9bacfd5d723f2dc426bcd8e0789dd"", ""3"": ""4685757cb5c7e6f9cfb52586b856d0a2e836aba83deb20273fea923c8d798e64"", ""4"": ""37001a087aa9109d2360719cd74ac944416e38ea6b1621c6f7d52ca1cf70d383"", ""5"": ""fb89e2036604d1908d598e35cc407c68b501c39a1ace9f774274c1e306beee7d"", ""6"": ""c7acaf941864804411f88bcfde3924d10a3070e8e73c47111bd212187d8f61da"", ""7"": ""c8d6833a3b5ba21d82cd3751b235ffa37986e6d73f1764dd82ea2c65fb70aec6"", ""8"": ""c2651bd7815c02fa17cb5284fcd8b4c0ccc101a498a723fe706a7d7f231d82ce"", ""9"": ""02982b89d09556a982aedccc3de0b26aef2e900a07bbb96ddcea212b15a687d8""}",,0,0,0,0,0.0,0.0,"{""0"": 0.16558916939648144, ""1"": 0.16619658509532564, ""2"": 0.16614334386359628, ""3"": 0.1661129828587859, ""4"": 0.11712986803996225, ""5"": 0.0899250191627802, ""6"": 0.024185305471736123, ""7"": 0.01132214474056183, ""8"": 0.0898490085580615, ""9"": 0.0035465728127089427}","{""0"": 0.16558916939648144, ""1"": 0.16619658509532564, ""2"": 0.16614334386359628, ""3"": 0.1661129828587859, ""4"": 0.11712986803996225, ""5"": 0.0899250191627802, ""6"": 0.024185305471736123, ""7"": 0.01132214474056183, ""8"": 0.0898490085580615, ""9"": 0.0035465728127089427}",[],[],1,0,0,0,0.0,7839941b422a83b206ff219f5251ced2a8e88d92a3f6dd331f4091fd138fdd6e,b4a3208c51b6d175adc387baf532b44a010f28df8fd60a329efd3e7582d49fd5,"[""proposal_created"", ""proposal_committed"", ""v1_challenge_sampled"", ""audit_accepted"", ""committed_once""]"
17,trust_v1,1,A2,0,1,0,0,0,1,V1,69.75,0.4447118032704966,0.1,252950349225892635591126130620779317208,35ee545f223ee71fb49a62066dbf09740041e133013879733629b054a5ca3f97,1,"{""0"": ""15ba8a612d547debe288419f7a572cb05d753d6c736ba37b2df46252a9c7b27f"", ""1"": ""4e23e6eba6558603f349109c247e6769ccf535e080a7af654aca7e87b2957b8c"", ""2"": ""29423a33bc6fd1d9c50eaaee8a22f7e0ff42f0624da9233c0b042c77384bd67f"", ""3"": ""626e52fc6cb38ade1a41ce79e70a633460d951c4c88a4cce1c7412a02637cd6f"", ""4"": ""4f66cabe55aae63fe0fda11744091911f477e94d5cdd3bd2f37f49462b430243"", ""5"": ""2047b8279087424e5a30f2aa2b086386029ef504eb1511b5f46931a309f2846f"", ""6"": ""8f9b8fa8b4a483d60026cd655eb7547651f190ad3e1e45dfa4ec163ab780448a"", ""7"": ""6ff4e202f20c8783f93c8e9b9b23667d7283a1af25e14733febe43c56c0c578f"", ""8"": ""78718089fe8b609c612a6d0f8c7b5582a29df88b05d492b655b1e181f0d1684d"", ""9"": ""dc13e7d47e53f103dd177bf6df5ccb440e2763e3b21f72c3478d0b15b21cfdd9""}",19398784ff545d2fac2297c18ef1d6e4947ad0243cf083853d9648e2f9f55210,1,0,1,0,0.8764200917151097,0.0,"{""0"": 0.04967675081894444, ""1"": 0.0498589755285977, ""2"": 0.04984300315907889, ""3"": 0.04983389485763578, ""4"": 0.17665895700398762, ""5"": 0.168497502340833, ""6"": 0.13866794489867057, ""7"": 0.057986494594082644, ""8"": 0.16847469915941737, ""9"": 0.090501777638752}","{""0"": 0.14983837540947223, ""1"": 0.14992948776429885, ""2"": 0.14992150157953946, ""3"": 0.1499169474288179, ""4"": 0.08832947850199381, ""5"": 0.0842487511704165, ""6"": 0.06933397244933528, ""7"": 0.028993247297041322, ""8"": 0.08423734957970869, ""9"": 0.045250888819376}","[0, 1, 2, 3]",[],1,0,1,1,0.0,b4a3208c51b6d175adc387baf532b44a010f28df8fd60a329efd3e7582d49fd5,0123cb8d860464b49931415897ba4f899284485f3ec4e51fc38cd3dfbc9aca5c,"[""proposal_created"", ""proposal_committed"", ""v1_challenge_sampled"", ""audit_rejected"", ""recovery_recomputed"", ""recovery_audited"", ""recovery_verified"", ""committed_once""]"
18,trust_v1,0,none,0,0,0,0,1,0,,72.97,0.0,0.1,16777293625225361645952719207696274084,a4b95ffc83c927434829f5834568cddc2216a6c234deab335b0d8e3cca6a7424,1,"{""0"": ""470af08c4a734904e7b9d96f581fd1d5a58e76e39fb190970c662aecb3f059a4"", ""1"": ""1bab0951ee296a0406e07dd06df1fa684ce7bc093e78bb541313e4187a17ec0c"", ""2"": ""97281aeb35b6ab60e266c4aa7569093ba7c2eabc57b4dc35d394513fec0fcd92"", ""3"": ""9505cdeea28e23ba06390784e44e4b139728151dbe14ec3cb7d903fbe7d264b1"", ""4"": ""f25fb26d5ecaa76d18de8fa340d075cc639a8dcfc914bc5f3091c855a9f5de59"", ""5"": ""324cf722abb9c16e342be52a99dc80972be37e2183cf029f8914008392837792"", ""6"": ""d31da5f013d1110a2a3f36bc6ae3c7167dc5eb69a01f7e34605aa09896ddb90e"", ""7"": ""67b9ee40c49d3e02659cf8521091ace6eb5574f729ca2fa4790b21129811146f"", ""8"": ""81880b7837b60559f01c089a84afdd35dd070f07737fb0fa486c161ce75030a9"", ""9"": ""49ed1ed5a8abf81be81d68f3276e54e758a56de7fa1169be68064a2664b97991""}",,0,0,0,0,0.0,0.0,"{""0"": 0.01490302524568333, ""1"": 0.014957692658579309, ""2"": 0.014952900947723667, ""3"": 0.014950168457290733, ""4"": 0.2579924462277552, ""5"": 0.25554400982880876, ""6"": 0.07892288590372558, ""7"": 0.03843649935350175, ""8"": 0.2555371688743841, ""9"": 0.053803202502547345}","{""0"": 0.01490302524568333, ""1"": 0.014957692658579309, ""2"": 0.014952900947723667, ""3"": 0.014950168457290733, ""4"": 0.2579924462277552, ""5"": 0.25554400982880876, ""6"": 0.07892288590372558, ""7"": 0.03843649935350175, ""8"": 0.2555371688743841, ""9"": 0.053803202502547345}",[],[],1,0,0,0,0.0,0123cb8d860464b49931415897ba4f899284485f3ec4e51fc38cd3dfbc9aca5c,dedb697890dd3cc45ffbe1a6d6108fdca0e7ed18618843ca059d1bd7d4a1e35d,"[""proposal_created"", ""proposal_committed"", ""v1_challenge_sampled"", ""audit_accepted"", ""committed_once""]"
19,trust_v1,0,none,0,0,0,0,1,0,,69.76,0.0,0.1,128308797613428849228018856345288821280,73ec45414bda54bd91f370e6f309bf24ebf536dfc594b4128e835d017eed0a7c,1,"{""0"": ""0193e0e63bd83794cefe642fd66a3728fcd88390e108bf71450b671a0ef21bb3"", ""1"": ""5a62e671c29c5255451684ac8c9588956c2dddc01e485ddab4c6dac8a49f1007"", ""2"": ""727428eb8f36f01e3fc6a211e6db5187ed5c158550f933cc1b0cacef71f1ea70"", ""3"": ""d0b4a5a31d6fac3390f150769413616107c0acdd15c35b66c88051ab66487cec"", ""4"": ""2d2499b156dff54aa298bca6cd8d9b09c3467b22fd6efba9feba6c89fa14b302"", ""5"": ""80b3228079caffb09724dffeb8e176872855a15e03e2ff6fc4ea291f561eae9f"", ""6"": ""758d2fa9b1baa22de2c883a41865312ced6cf5a16bc3a3c9b914f3fbbe341420"", ""7"": ""c240f340d848fb39df4141589a3d99467532b885c20ff0d873f8934e655708a8"", ""8"": ""ccc09c3a419ed9f4cfde6af8220c2f92da5a941d9c24f2243873c3b30c5736a8"", ""9"": ""5e027120bbf6801c1f366782d608eaee0285850c1e6592bc101ecb43c00767de""}",,0,0,0,0,0.0,0.0,"{""0"": 0.004470907573705001, ""1"": 0.004487307797573795, ""2"": 0.004485870284317101, ""3"": 0.004485050537187222, ""4"": 0.28112567543311145, ""5"": 0.26576517536060107, ""6"": 0.03597231819360084, ""7"": 0.05655822079634109, ""8"": 0.12278057170801343, ""9"": 0.21986890231554904}","{""0"": 0.004470907573705001, ""1"": 0.004487307797573795, ""2"": 0.004485870284317101, ""3"": 0.004485050537187222, ""4"": 0.28112567543311145, ""5"": 0.26576517536060107, ""6"": 0.03597231819360084, ""7"": 0.05655822079634109, ""8"": 0.12278057170801343, ""9"": 0.21986890231554904}",[],[],1,0,0,0,0.0,dedb697890dd3cc45ffbe1a6d6108fdca0e7ed18618843ca059d1bd7d4a1e35d,451b3192d64f1669408f0650e2e9d1fd566feea9c2faa60acca6883d82b8dd39,"[""proposal_created"", ""proposal_committed"", ""v1_challenge_sampled"", ""audit_accepted"", ""committed_once""]"
20,trust_v1,1,A2,0,1,0,0,0,1,V1,21.95,0.20184323268462356,0.1,149300387643487779146971370466421389289,64280e5846ac55fb7136096c29c3490677c727b528c53f191616b200225924a7,1,"{""0"": ""344123dec711254685b3fa879b52d3c1c124307a5da01332eb70d9299b3395a1"", ""1"": ""0a22c5f9a960a7f08b6a5ce7dfc04a8e509274159a08bd07e38686920a2217f0"", ""2"": ""6274206c2baa0aed3233ed0cbd5f4fa8fb379a267ccd8e23fda7164f648256b7"", ""3"": ""ef7cb458e1bae9ac1a8f0e6ff410b7a06a8a2252f30441f6494b0cf24f9ad34e"", ""4"": ""06084c0891766665e093f3c1e06f3d244dc0da753ee0fd0e4545250a7468cf03"", ""5"": ""a97863d41e3aa09be73be9da2c6174eb2eb8f166b8d078f02264be24f22ffde9"", ""6"": ""8edfb9da436f6a50cced0e6bfce517e620eb84d3428be234bf89dfd245c0bc75"", ""7"": ""e2b94b5c5902a9ea7f2e484b299934b6c4ce76fdc486f78d1764ead317d9126e"", ""8"": ""c21cca739f5a35bb52f3e952a2f35b0af6bccd0d42f818cade516d7aa324a3cd"", ""9"": ""5fb3a78003c1f44ca7eef2cd976efa9f691ae6e73314a3a6f9a46de4a5989fc3""}",242306492713be56d779f2de8d7bae6170da8a7ffb2677cf9534d88d08cac119,1,0,1,0,0.2786514019901893,0.0,"{""0"": 0.16421200749766654, ""1"": 0.16421692756482717, ""2"": 0.16421649631085017, ""3"": 0.1642162503867112, ""4"": 0.1328547617277133, ""5"": 0.07972955260818033, ""6"": 0.010791695458080253, ""7"": 0.01696746623890233, ""8"": 0.036834171512404035, ""9"": 0.06596067069466473}","{""0"": 0.2071060037488332, ""1"": 0.20710846378241354, ""2"": 0.20710824815542503, ""3"": 0.20710812519335553, ""4"": 0.06642738086385663, ""5"": 0.03986477630409016, ""6"": 0.005395847729040126, ""7"": 0.008483733119451163, ""8"": 0.018417085756202014, ""9"": 0.03298033534733236}","[0, 1, 2, 3]",[],1,0,1,1,0.0,451b3192d64f1669408f0650e2e9d1fd566feea9c2faa60acca6883d82b8dd39,b1fd587fcc6550457f64abb672f2b144f25f32cbc4db51fb0cef97aef98a1957,"[""proposal_created"", ""proposal_committed"", ""v1_challenge_sampled"", ""audit_rejected"", ""recovery_recomputed"", ""recovery_audited"", ""recovery_verified"", ""committed_once""]"
21,trust_v1,1,A1,1,0,0,0,0,1,V1,75.36,0.0,0.1,138768684199843012041177624202884870722,5e71f30f601fb5e8fbc071fb7d6c431a023a7be50212eee891602fe9d65c0390,1,"{""0"": ""1598eb88f590c3e260bcff1b3fdf6e12e660665707fb9a485930f0975da15d7f"", ""1"": ""622ac5d2d3b3053a72c7d497a81eac8a703b58cb5e26536ea248a8c7b2a75cd3"", ""2"": ""a11ca11f978f348b80e77ae90657abd400816278a6173748f79af32d1ba22e32"", ""3"": ""46d71c6bd7af32ca70ee1805fde6719cc94dc9d119c37e7efd2ad59c007ecb5d"", ""4"": ""bd3400e6c04081be4731d9cf71281e7d1d07d251752c81607a12438a6f833086"", ""5"": ""f26f707b4227ee4a7a74487f442160ee73bab1b155fb184eb4f504a69dd11f78"", ""6"": ""149ff88e30b776bf9e394491a0a4cd92d4c6fc3c279794f1bdabd90daeab2e18"", ""7"": ""5dad0a84694d068933a671b1b9f5a4120b45c65961233394c39a5b5eebe47fcd"", ""8"": ""4cdde9d9ce54a9aa8b6e4236a27c23c323e029ea1b0252471bea688f5b8a685a"", ""9"": ""41c4a8cb4994388cc11327323bd3990c5027d8d1694160fd6d9a3aabb341711f""}",5c297a35505acbb7e31ae84ded99c965e49b67ecf53111e32ba117df044773c7,1,0,1,0,1.206854962962181,0.0,"{""0"": 0.75, ""1"": 0.75, ""2"": 0.75, ""3"": 0.75, ""4"": 0.21783956659221848, ""5"": 0.2019020038563586, ""6"": 0.027822631659381182, ""7"": 0.063432726192955, ""8"": 0.1890333895276257, ""9"": 0.10291117764344451}","{""0"": 0.19721576071916863, ""1"": 0.19721576071916863, ""2"": 0.19721576071916863, ""3"": 0.19721576071916863, ""4"": 0.05728186112029115, ""5"": 0.0530910097083417, ""6"": 0.007316081957218779, ""7"": 0.016679911134179135, ""8"": 0.04970715162268483, ""9"": 0.027060941580609878}","[0, 1, 2, 3]",[],1,0,1,1,0.0,b1fd587fcc6550457f64abb672f2b144f25f32cbc4db51fb0cef97aef98a1957,95e232c836423d064cbe5ee4cabbd79e6f962011e1b9994d99402e9720280b1f,"[""proposal_created"", ""proposal_committed"", ""v1_challenge_sampled"", ""audit_rejected"", ""recovery_recomputed"", ""recovery_audited"", ""recovery_verified"", ""committed_once""]"
22,trust_v1,1,A2,0,1,0,0,0,1,V1,75.32,0.2758459157913518,0.1,169381305275289565359854115688333067948,bef7fb25dfc37229ca123756d4c0b617f26300174428f8bca198582ddab5f114,1,"{""0"": ""99202dc66147df0a505781ec6ca209ed0a7d9241ac9ee9d0704f333ba4d60482"", ""1"": ""65da8e322580916c2af31b0be5b17ef05ccf95c0e189f9bd04471834b7d8c09c"", ""2"": ""608ca614520befe50b78cc21874e2cd9889adf4b2c441511fa1c351e3239ecd4"", ""3"": ""1a1c4624f46cfe4755ef7789732dd0251af24a6555ab9206fe37809a02ad9807"", ""4"": ""4d1004b9d836b69a0c4093e9d10e9a4caaf8a792e9a025be14f17f94977cb33c"", ""5"": ""42b5bd24bf9d15c1aa05f7544cf408fa2ef138392945d8cbe20a5326208291df"", ""6"": ""096047b36bc0293fbdc55cba86f688facfb1eea1f0d4450aba5a5c5b1c08826f"", ""7"": ""ef933ed74e2b7265fe74d14a6278013adc238485bc43c551f928aca902d0953a"", ""8"": ""28e33b6008099984625f95504fe2e2d6c6d60faf77a48587010cc0ff96da2016"", ""9"": ""8c9dbadd81416c3578b2ab41d4488bff72948a23c25f56f403d054a5655d411d""}",c098bfed6629ebe7bef39cc22e257301487a703bef3d51a521f1dd439cc8111b,1,0,1,0,1.969989463147321,0.0,"{""0"": 0.014779080674789995, ""1"": 0.014779523480834451, ""2"": 0.014779484667976522, ""3"": 0.014779462534804015, ""4"": 0.15190970602459644, ""5"": 0.29902719470538286, ""6"": 0.07191750833205415, ""7"": 0.06124874478452101, ""8"": 0.29516661040676295, ""9"": 0.06161268438827766}","{""0"": 0.13238954033739503, ""1"": 0.13238976174041725, ""2"": 0.1323897423339883, ""3"": 0.13238973126740203, ""4"": 0.07595485301229823, ""5"": 0.14951359735269146, ""6"": 0.03595875416602708, ""7"": 0.03062437239226051, ""8"": 0.1475833052033815, ""9"": 0.030806342194138834}","[0, 1, 2, 3]",[],1,0,1,1,0.0,95e232c836423d064cbe5ee4cabbd79e6f962011e1b9994d99402e9720280b1f,8a47111aafcfbed00ae7b6b6731b54c5b6ec7c5a3c4578e3141cc76abd05571d,"[""proposal_created"", ""proposal_committed"", ""v1_challenge_sampled"", ""audit_rejected"", ""recovery_recomputed"", ""recovery_audited"", ""recovery_verified"", ""committed_once""]"
23,trust_v1,1,A2,0,1,0,0,0,1,V1,20.5,0.30478307934452037,0.1,18194715090650573322767516359903094461,4552a31d9312c02901ba086e2c694341850d92f032dd88d10e54de9eb0c5bc09,1,"{""0"": ""46f1bfdff23abddde43d271fcddb80ddcdd5d65ac3e3b6600128ff283648ba4b"", ""1"": ""9ffbd0229068d10364e42dbba5a34cf1c85d9d3582ef76050db035dcdfe27663"", ""2"": ""eddb9c4b106c9a435fad31881f9119902e19d679fb2d85dc684ebda43143d86d"", ""3"": ""828fc0a20e7478217ad89bb7522e7ea4619049391c2488c7b087fba33cd4501e"", ""4"": ""c5231ee1bfc9ec649f2da272c72000a8a163490e7edc389405454f795c1a336a"", ""5"": ""e4f2822916acd041c6210d6f2f8902fb3a98a5fd231e9901be66141fc3100f36"", ""6"": ""94532c6836e1534f5f565baf3fbf7f209847d502007c17abeacc6cdb447cb7b8"", ""7"": ""d2528f0ed4ffb7a9fd6457c1d442619a3368ba538ff9174f1ca61657a84d2cea"", ""8"": ""0ca4579bb27f7fd98056b97d8b5b3c8ef58fead45c69a9efcc270e5420529158"", ""9"": ""02d83fc1e3aba05b21bbcb8932e351baf77904d5976a57fc23d6d8f01e0ab256""}",2774a6d249f12f44b03af962d9a3a3c0acb31b2c14d0333f469204d118afa55a,1,0,1,0,0.2342722042779287,0.0,"{""0"": 0.17609793178672567, ""1"": 0.176098064628539, ""2"": 0.17609805298468162, ""3"": 0.17609804634472986, ""4"": 0.05891608147022428, ""5"": 0.08970815841161488, ""6"": 0.02157525249961625, ""7"": 0.018374623435356306, ""8"": 0.0885499831220289, ""9"": 0.0184838053164833}","{""0"": 0.21304896589336283, ""1"": 0.2130490323142695, ""2"": 0.2130490264923408, ""3"": 0.21304902317236493, ""4"": 0.02945804073511214, ""5"": 0.04485407920580744, ""6"": 0.010787626249808125, ""7"": 0.009187311717678153, ""8"": 0.04427499156101445, ""9"": 0.00924190265824165}","[0, 1, 2, 3]",[],1,0,1,1,0.0,8a47111aafcfbed00ae7b6b6731b54c5b6ec7c5a3c4578e3141cc76abd05571d,8dfc783f1293892dd2cfb88798bf1dbe318b532e7e24d5b12c954f938d4b1be3,"[""proposal_created"", ""proposal_committed"", ""v1_challenge_sampled"", ""audit_rejected"", ""recovery_recomputed"", ""recovery_audited"", ""recovery_verified"", ""committed_once""]"
24,trust_v1,0,none,0,0,0,0,1,0,,71.72,0.0,0.1,303446098851077547903775177579851018660,153b70cf2124fd66d38899ae75f4d969add0feddc2840fede115d574a61622fe,1,"{""0"": ""823b0f368bac6509249826d4681a687244057220108bf7c86396d75451af7127"", ""1"": ""e5d5a4ab5453304b65f08bb1b23c385dbbfe0f2faf87080182e061885f943dbf"", ""2"": ""a976bb6a652ba542aa23410f8f8a47b176838a0c2215425fa7fb1536965e8bee"", ""3"": ""39982db96432e1f4af98a8cf54340fdbcbdc09be3bee197554f815d3ca3ade3f"", ""4"": ""873c8e3840cf8c9e9e890c7b105acefb9b20e2c6d9381a517adb546e08b78581"", ""5"": ""8a8b6087a748b6453eba10c22b14dd85c10e6fe2adfa54659474f27f2fde921e"", ""6"": ""f120084a1932c4ae75869e888de7ec3dee5570eef4ed03da2794bdc77a94eb20"", ""7"": ""102514d385b0dfacc4a01f9fc6180eeff9bcd4c101eaa3d2328502ebcbe5c93f"", ""8"": ""53c027d8ec17219bcfc1ac64a3b31b82d7dcb76487965484b3421396ee6db605"", ""9"": ""96d91a8c91ed2dfe605c6fdec22af85fc735b8fb149926639af9a880b453fffe""}",,0,0,0,0,0.0,0.0,"{""0"": 0.05282937953601771, ""1"": 0.052829419388561706, ""2"": 0.05282941589540449, ""3"": 0.05282941390341897, ""4"": 0.16570650368046702, ""5"": 0.1749441267628842, ""6"": 0.1309974133286492, ""7"": 0.05024324295770054, ""8"": 0.17459667417600844, ""9"": 0.09219441037088776}","{""0"": 0.05282937953601771, ""1"": 0.052829419388561706, ""2"": 0.05282941589540449, ""3"": 0.05282941390341897, ""4"": 0.16570650368046702, ""5"": 0.1749441267628842, ""6"": 0.1309974133286492, ""7"": 0.05024324295770054, ""8"": 0.17459667417600844, ""9"": 0.09219441037088776}",[],[],1,0,0,0,0.0,8dfc783f1293892dd2cfb88798bf1dbe318b532e7e24d5b12c954f938d4b1be3,3d7cf8b89ee301b444536c4f14a6a1dee98ca3c45585487813e5a81e27518052,"[""proposal_created"", ""proposal_committed"", ""v1_challenge_sampled"", ""audit_accepted"", ""committed_once""]"
25,trust_v1,0,none,0,0,0,0,1,0,,74.5,0.0,0.1,14090635080573167730476821355657617412,70395c72928ca585d5ff5e635235d97e391812871a037c1b8c77bd007046a53a,1,"{""0"": ""6e03fa3a2fcba3edfae469fd5e60a6a91d0cd13800f826ca4eb5d33ac8c1bc40"", ""1"": ""624d297a6d27644af422d90f8398cb2e8227ffa112046a11f429ce9c0eac20e6"", ""2"": ""54e46b79f290d85b46d027878c468eb1f9f08c19e6f8e0fdb4f1a6093bf845bf"", ""3"": ""6b2c5d68af355d80841089214543c8d41139085b9af4eff61f1ec76cb790ce0f"", ""4"": ""e2c0a685997b9f5c566b1a6195d9b1f35ff5553200b603e0976be777157a50b8"", ""5"": ""910dec1f149877490a03a4aac2ff37e35e4b256b13f3bcab491c675641048cef"", ""6"": ""6679603874f75c3ab585df6e9887eda129454865a83e3b6181aad77a86013685"", ""7"": ""2ac36ccb47b49dffce5cbb3ec15e29bed1e6717451b51de052c5ff7a1b71e712"", ""8"": ""261ca80f45c97c56bd1aaf1c2ee7ff122c691e8c31aaa944d7a111955f47981a"", ""9"": ""6d7e3ceca39eccf2d91ffd240df990835db864bcfe30afe0c5d5b227be2c0a11""}",,0,0,0,0,0.0,0.0,"{""0"": 0.015848813860805312, ""1"": 0.01584882581656851, ""2"": 0.015848824768621345, ""3"": 0.01584882417102569, ""4"": 0.09655230640113645, ""5"": 0.328926354792822, ""6"": 0.08676725420041126, ""7"": 0.03601262704778157, ""8"": 0.32882211901675923, ""9"": 0.059524049924068484}","{""0"": 0.015848813860805312, ""1"": 0.01584882581656851, ""2"": 0.015848824768621345, ""3"": 0.01584882417102569, ""4"": 0.09655230640113645, ""5"": 0.328926354792822, ""6"": 0.08676725420041126, ""7"": 0.03601262704778157, ""8"": 0.32882211901675923, ""9"": 0.059524049924068484}",[],[],1,0,0,0,0.0,3d7cf8b89ee301b444536c4f14a6a1dee98ca3c45585487813e5a81e27518052,d9d46c6219025bc3e9bd68c82315bd027cea89405633cf7653c185ec0c9ad619,"[""proposal_created"", ""proposal_committed"", ""v1_challenge_sampled"", ""audit_accepted"", ""committed_once""]"
26,trust_v1,1,A1,1,0,0,0,0,1,V1,68.44,0.0,0.1,306717734596410638002417127371824720213,b81742fda9132d670cf72f8c27b1ffff535e04ee568338701efb07e3b488a774,1,"{""0"": ""ec5a01d34b5f35cc5acf53476d71f326b3f467548a53dd01dd2137e5b0aff338"", ""1"": ""bbf532e053a31d310b9ed2a7c8a9396ba3a89f95c6de000e77872bcca35cf14b"", ""2"": ""f06048c0d43ca116d127cd3331cfc7b4923b068a3935723d968309cb87ce0131"", ""3"": ""51754433fb001cd94d772fcd8cc27256023306e48fb344e61023d132150e65a9"", ""4"": ""5e80279424dfa0f81ff3aed5836776af42341a8b62cc9e245854f9292941f54b"", ""5"": ""5a26cf7cbddc805366151487e4bd1636b9e60fad368e1a97b8fa00876c4efd23"", ""6"": ""e78eecca5815e055041f8de780d6e0e6b4a2086a8c60f0b070c070ab9db19e2b"", ""7"": ""b09060400b7aca41ac89d82f5e9491a1d334118fba38708adecd60d5f6f8b923"", ""8"": ""0a39d7227abe4006413a05a2449fb6d826840fcaca453cd0d35da37a95be29f9"", ""9"": ""f13978c00d6a2a97629903ea12f6055b835da300669fb166ef0bb2dd31c26b18""}",395515061e1428759c162a201ab83c459c4a5b8e9c4e47f67e1e31928abb8864,1,0,1,0,2.414117656946612,0.0,"{""0"": 0.75, ""1"": 0.75, ""2"": 0.75, ""3"": 0.75, ""4"": 0.32659844026929424, ""5"": 0.14571996458248798, ""6"": 0.02603017626012339, ""7"": 0.06849623327178651, ""8"": 0.09864663570502781, ""9"": 0.31548996332617385}","{""0"": 0.18839575524585245, ""1"": 0.18839575524585245, ""2"": 0.18839575524585245, ""3"": 0.18839575524585245, ""4"": 0.08203967975553483, ""5"": 0.03660403037588893, ""6"": 0.00653863295427814, ""7"": 0.017205866131645743, ""8"": 0.024779476581481587, ""9"": 0.07924929321776109}","[0, 1, 2, 3]",[],1,0,1,1,0.0,d9d46c6219025bc3e9bd68c82315bd027cea89405633cf7653c185ec0c9ad619,e5e7155e916e3ee3f6b9f0893f57bb7a7eac93ec5278ef0fcd32a5e3366d9283,"[""proposal_created"", ""proposal_committed"", ""v1_challenge_sampled"", ""audit_rejected"", ""recovery_recomputed"", ""recovery_audited"", ""recovery_verified"", ""committed_once""]"
27,trust_v1,1,A2,0,0,0,0,1,0,,5.83,0.07499774655728372,0.1,9828440172982267808021392697042537938,688702021415439eacff9e878e5fa2bb0280b5d287c042bd40188c8d3e34ed8c,1,"{""0"": ""5f520d42e135fb0dcf25ca8ebe656c9d355529c186f669b4cc8de96c7de267ea"", ""1"": ""a8536ec45950a77775f02e5e1d99c25142e7e7ed0ba86709be926840edac4c03"", ""2"": ""179aa9985e0aa36eaf6fefe9dede24bdab06ad7ee488e0628470afa099611e68"", ""3"": ""bee2819e96a1c61cd3e28c44b2876e95dac3cdbfed17a57e3d5e9739b23b7c4b"", ""4"": ""cf9d7c1dde41b79b00821b7e6083451fc39bc76f716cdc5befa19c4418b7fc0e"", ""5"": ""bc194c8a38999253cba0a9b3b43149176a5b6895daf94fb080149f1d04a96500"", ""6"": ""f59d4db66330e811e2f632a5e6f552f3e50f0a354bdb864d21dfdc7f99e50d78"", ""7"": ""42f314c47183109744d277a3fd89145c24397eb949dfcaefc22d9d95e9acc48a"", ""8"": ""7d6ded8a684c62476ffc326803493dffe9ce3338760c42f3a9246ed81d803875"", ""9"": ""10e1fd01c220a2f408382530cae53f0811cb14ebf4987730b56479e3b2a98e1d""}",,0,0,0,0,0.23437395394850447,0.23437395394850447,"{""0"": 0.17380217580157087, ""1"": 0.17380217687758956, ""2"": 0.1738021767832743, ""3"": 0.1738021767294907, ""4"": 0.10847640186439482, ""5"": 0.04371598937474641, ""6"": 0.007809052878037019, ""7"": 0.02054886998153596, ""8"": 0.02959399071150835, ""9"": 0.09464698899785218}","{""0"": 0.21190108790078538, ""1"": 0.21190108843879474, ""2"": 0.2119010883916371, ""3"": 0.2119010883647453, ""4"": 0.054238200932197396, ""5"": 0.021857994687373202, ""6"": 0.003904526439018509, ""7"": 0.010274434990767979, ""8"": 0.014796995355754171, ""9"": 0.047323494498926075}","[0, 1, 2, 3]",[],1,0,0,0,0.0,e5e7155e916e3ee3f6b9f0893f57bb7a7eac93ec5278ef0fcd32a5e3366d9283,b7e778407c695069e626369fffbe7ebf3b5800c7ea6a5ee681cc69e42c3ba3fe,"[""proposal_created"", ""proposal_committed"", ""v1_challenge_sampled"", ""audit_accepted"", ""committed_once""]"
28,trust_v1,0,none,0,0,0,0,1,0,,65.53,0.0,0.1,184493648864223577120637464954650176921,cbf082d5a55468448c7b5622c03e02caff075ebdb34ed5b34a9bb1c428be4947,1,"{""0"": ""7eef6e6122a0e33167444a391f2378d0c0cad47d732a6bcc7cf121c3ca1268df"", ""1"": ""2109a36146e6b4256b11a888c51747cf57e13eb20a5f69dc99fc90906c76061c"", ""2"": ""9448163bac2aa30c7fd938e785e0f0055688bd285355ac87b353dc6b7289ac54"", ""3"": ""cb00100b1888d87047488c4bb22512420a8c89fdb360e9abdc3d081701dba616"", ""4"": ""e410390bdc23fe4e667bdb18118f3dd33f8b7e97cd817f00c9a76874e027a85f"", ""5"": ""245b61416fd0364e63775d439796259432cd6eddd090e20149ef20162290eb01"", ""6"": ""4a6930a81792f054d6b31880dff2352beada635eef3d60c56ffd93f66c6bb560"", ""7"": ""a6bdd5e12ee8ab8152c2bb8787ecd5f5ba6919c87033420d2444c38fc3a1ab39"", ""8"": ""07c3c7e9b484f9b6303600521082c84f95f2d57f65d5e141c1e9919e7d5303ca"", ""9"": ""86bc1c8fbd4a654f0d4276f2a53c37e7f6f3bbf838902f9d730fa14918ed0b0a""}",,0,0,0,0,0.0,0.0,"{""0"": 0.05214065274047127, ""1"": 0.05214065306327688, ""2"": 0.052140653034982304, ""3"": 0.05214065301884722, ""4"": 0.19502436351927724, ""5"": 0.1755962397723827, ""6"": 0.09527228307982141, ""7"": 0.03967764420570428, ""8"": 0.09499131790592233, ""9"": 0.19087553965931445}","{""0"": 0.05214065274047127, ""1"": 0.05214065306327688, ""2"": 0.052140653034982304, ""3"": 0.05214065301884722, ""4"": 0.19502436351927724, ""5"": 0.1755962397723827, ""6"": 0.09527228307982141, ""7"": 0.03967764420570428, ""8"": 0.09499131790592233, ""9"": 0.19087553965931445}",[],[],1,0,0,0,0.0,b7e778407c695069e626369fffbe7ebf3b5800c7ea6a5ee681cc69e42c3ba3fe,6953d327eee63628b237ac5adfe31e40bc5440f7d907c49eeefd8f1427b95777,"[""proposal_created"", ""proposal_committed"", ""v1_challenge_sampled"", ""audit_accepted"", ""committed_once""]"
29,trust_v1,1,A2,0,1,0,0,0,1,V1,76.58,1.0874761744044683,0.1,255997927275970816833234732274261948580,9a329faca8715d259d3bdd8276278414d01ff958871dbcecde466b9cfe3b8b53,1,"{""0"": ""618159bfe4aa09400053d30f6f72680801ca0759acf44bd72096513cae12b565"", ""1"": ""a89e73a588218f511a350f82e451fb49caad6fd570364e0145573019b077e536"", ""2"": ""7fb377e01cf617d125a7c900c47f3cbd281b3559b326b278f6ee4a143ac0c3e2"", ""3"": ""7dee227753cee5a6ff9c503713d97af5d8bfeaaad905a75b354c8babfc1bede8"", ""4"": ""8a20dd02ea93a179a1223bd4fbe79b4e6359a1d4619b85e8539186c8867b1f10"", ""5"": ""906b5e674ad16455d514e6229d1d1c203d584eeac24e9c4635d475395e3a020d"", ""6"": ""22653c7782f53c28e82277683fcf2a20a9cc657517cf50440bcce6a7044b137a"", ""7"": ""611ec1454b3f00f3e7a7b8d47f71d4979b6d66e695bf4daa1add4c4db8c9802d"", ""8"": ""a6020802b92e52c2f1ddeb868f624b31451863560dfefa7a5050e11df8bf3cbc"", ""9"": ""1ba7061363544e61dbc5377f851a46ca3a9788b1835108f3cd0c6375eab90119""}",ebba1b9840751fa363d2a74b9ea2f1b02b8bc24cc5c44e40065971d133d15f66,1,0,1,0,1.551699397503652,0.0,"{""0"": 0.015642195822141384, ""1"": 0.015642195918983064, ""2"": 0.015642195910494695, ""3"": 0.015642195905654167, ""4"": 0.2416673883576143, ""5"": 0.2724390283467574, ""6"": 0.058729670051545405, ""7"": 0.0229337209841163, ""8"": 0.24825755178681927, ""9"": 0.09340385691587412}","{""0"": 0.13282109791107066, ""1"": 0.1328210979594915, ""2"": 0.13282109795524732, ""3"": 0.13282109795282707, ""4"": 0.12083369417880713, ""5"": 0.13621951417337866, ""6"": 0.029364835025772695, ""7"": 0.011466860492058148, ""8"": 0.1241287758934096, ""9"": 0.04670192845793705}","[0, 1, 2, 3]",[],1,0,1,1,0.0,6953d327eee63628b237ac5adfe31e40bc5440f7d907c49eeefd8f1427b95777,a15e483c91018039e4f183888c6c8fff8a8a8b2efc2c8104e50034475d9ce06e,"[""proposal_created"", ""proposal_committed"", ""v1_challenge_sampled"", ""audit_rejected"", ""recovery_recomputed"", ""recovery_audited"", ""recovery_verified"", ""committed_once""]"
30,trust_v1,0,none,0,0,0,0,1,0,,69.06,0.0,0.1,197005471237814474324237113135862042509,ea946b35649f9f332bc91228de3e5e70f7e689dd682ece965f7b08d55616a815,1,"{""0"": ""75e143baf18271d52a245ee917e50ad5cb7d7e9d41926deb2fbe9a1cf548fd06"", ""1"": ""73c049fd30fb885919c9e7f6d4f118b49b8d48855f93e65b302def2fed32b066"", ""2"": ""a96d8e67971311e699c6a88826927830a92e07767db7b93adc89773899bf7b44"", ""3"": ""8097111b79a94c754a31574331ae46610de0b1c345b87cea71accc8ea3add2b0"", ""4"": ""32776b08087c57d35f25f8f44d53217d1c74fc1d2133845acbf7825e86e40c91"", ""5"": ""778d66ac9da0b3c3eb78b8f44532b7d3fc2778c57c87c15b45518b3ee589fe0f"", ""6"": ""dc9c90c0ce15ffefdd1ad890909b595054787edb8e29ec463fd3e78150f3a3ba"", ""7"": ""5be76793242ae2b5b6eb11a9b151400842cbb2160d016b827cca36dc839cd221"", ""8"": ""717e95376413be8005652032fa410c12a57b50a3217a23d7a850d3867d3e0475"", ""9"": ""784f2ee448ff054338784bec56a2395c3016415ddc4d115ab958c96100655173""}",,0,0,0,0,0.0,0.0,"{""0"": 0.03633940432883665, ""1"": 0.0371640626835741, ""2"": 0.053403347832447635, ""3"": 0.026024896325764206, ""4"": 0.3161243995900225, ""5"": 0.08173170850402722, ""6"": 0.017618901015463623, ""7"": 0.08547067402631794, ""8"": 0.07447726553604579, ""9"": 0.2716453401575004}","{""0"": 0.03633940432883665, ""1"": 0.0371640626835741, ""2"": 0.053403347832447635, ""3"": 0.026024896325764206, ""4"": 0.3161243995900225, ""5"": 0.08173170850402722, ""6"": 0.017618901015463623, ""7"": 0.08547067402631794, ""8"": 0.07447726553604579, ""9"": 0.2716453401575004}",[],[],1,0,0,0,0.0,a15e483c91018039e4f183888c6c8fff8a8a8b2efc2c8104e50034475d9ce06e,a8fa78c48683c655ad42094d5990eee2b0e737d07e78045327e7d644d00ddaeb,"[""proposal_created"", ""proposal_committed"", ""v1_challenge_sampled"", ""audit_accepted"", ""committed_once""]"
31,trust_v1,1,A2,0,1,0,0,0,1,V1,27.28,0.12320359231871049,0.1,90477881111899028925789459400071983686,4b04700b544494bc27e7f9408f793d139c99c1254f04282f293e726a7c3f90f6,1,"{""0"": ""793db41e732052f5e34b5072dd9a78b4a317b065b5e6deb7965c2b2e5bc37a2d"", ""1"": ""509b3978e9d250c8129884715378d8e7c735a33cf04b2ef6a21fe0491ed8a42f"", ""2"": ""d0bfa8a706787249fc73b11d586f6af0d1a83265cbc0974fac987448edde37a1"", ""3"": ""20aba555b6f582fcfff263b06bbb88f26b4afa86cc8f9f6898866845d686f66e"", ""4"": ""7fb7134fc7d2af02c206abd162e49094722d8ff3783c2c806635ffc01c7dc3c1"", ""5"": ""833529af3e34b14e07f2fd9b83ee8fd69bab046d8a94ccf5efa3816e91b5a586"", ""6"": ""2994f825313a9db9b0c6e446c696d3d3836c53ce96369b601893e78c998ce959"", ""7"": ""085a627ecd7adcf32a5a1393ce411654a66197ad14c2e067af041d1f1748ea51"", ""8"": ""dbea79e1266b0b4afc63ead4593b05d232b2ea3b1a6dd616a9fcdf546eac776e"", ""9"": ""6f0c5b2e16e518f54f18bbbd65be6d12ec2b1160d8d175d78a0a7fca3c6d0c71""}",dce2ddccfc7dfcacfff7112de7adbc5b62c4444b3199fad77beb3a4b4c35480c,1,0,1,0,0.369359956331948,0.0,"{""0"": 0.157356167109705, ""1"": 0.1576035646161262, ""2"": 0.1624753501607883, ""3"": 0.15426181470878325, ""4"": 0.20901993663279073, ""5"": 0.02451951255120817, ""6"": 0.0052856703046390875, ""7"": 0.025641202207895387, ""8"": 0.022343179660813742, ""9"": 0.08149360204725013}","{""0"": 0.2036780835548525, ""1"": 0.20380178230806312, ""2"": 0.20623767508039414, ""3"": 0.20213090735439163, ""4"": 0.10450996831639536, ""5"": 0.012259756275604085, ""6"": 0.0026428351523195438, ""7"": 0.012820601103947693, ""8"": 0.011171589830406871, ""9"": 0.040746801023625066}","[0, 1, 2, 3]",[],1,0,1,1,0.0,a8fa78c48683c655ad42094d5990eee2b0e737d07e78045327e7d644d00ddaeb,65c4030cb5df8f3cb36ebce36d47974ddea9c7a644fec179cb1b50efb45ad732,"[""proposal_created"", ""proposal_committed"", ""v1_challenge_sampled"", ""audit_rejected"", ""recovery_recomputed"", ""recovery_audited"", ""recovery_verified"", ""committed_once""]"
32,trust_v1,0,none,0,0,0,0,1,0,,69.35,0.0,0.1,60760570583280480476000777611125105299,193b3fa35bff3c972cfdcbc89bea5c588f95e1d0a4ed9af93c12f600f558b67f,1,"{""0"": ""7c0f50bd1c9096bd7b352cfb71df7bb03d48e115431841e4f54cb169caee4570"", ""1"": ""5e9cbb3ffd01693907c7f9bb38ca043cf3f06295720aa23f5e5981bdc66046da"", ""2"": ""c22fa3e949c0242c328383c2869002483205d02bfa6a8938d5ded1c63c37d203"", ""3"": ""a46a858d9ccdb1481553323457adad06c89e46fe55728b8a214e9e0e5b1ef858"", ""4"": ""0ac75acd62b06b715f5c4158d74f25a8c4565aaa1d5dca5d5d2103914d63938e"", ""5"": ""3bc0ff7e1445335778926b7a5ea26d8da4aeeec548a93d986a29982952824b17"", ""6"": ""6cf96daba90cefd5972594ac44614024cdede27edde6294e4b3f30b5abf675c5"", ""7"": ""f24124ab85b7194ec19f9de7d79815bf67843ebb60f9b98fe1703d48ee3db375"", ""8"": ""cafbc4d710fc07bfc3ac407011201ccd14995e4a051cc665bf6cace09e71a981"", ""9"": ""a7be47022c324dff5d6c54e3ce2779274ce9e006b8e2c1e20b4a38080671b1f7""}",,0,0,0,0,0.0,0.0,"{""0"": 0.0472068501329115, ""1"": 0.04728106938483787, ""2"": 0.04874260504823649, ""3"": 0.04627854441263498, ""4"": 0.26308251456225756, ""5"": 0.12708255399389906, ""6"": 0.06318026840097468, ""7"": 0.024147194302140386, ""8"": 0.10817378557551215, ""9"": 0.22482461418659538}","{""0"": 0.0472068501329115, ""1"": 0.04728106938483787, ""2"": 0.04874260504823649, ""3"": 0.04627854441263498, ""4"": 0.26308251456225756, ""5"": 0.12708255399389906, ""6"": 0.06318026840097468, ""7"": 0.024147194302140386, ""8"": 0.10817378557551215, ""9"": 0.22482461418659538}",[],[],1,0,0,0,0.0,65c4030cb5df8f3cb36ebce36d47974ddea9c7a644fec179cb1b50efb45ad732,d8e8ac1a29088dc31b337249afd508a95c2f30f90c5df4535f3d70911ba91732,"[""proposal_created"", ""proposal_committed"", ""v1_challenge_sampled"", ""audit_accepted"", ""committed_once""]"
33,trust_v1,0,none,0,0,0,0,1,0,,78.53,0.0,0.1,275821405554100178712487808231279560009,691adad5b854036a359f4235403c20194c3cf92555e5d9e3f1f1bae4348e0d7b,1,"{""0"": ""a1a8e4e719c7597b695155e978be1a9da9c2418a3b7b49b65084b7a330245150"", ""1"": ""1cd3eb2e8814b5aa59ad5f892ded335989afc59b8a1cefcf78115ae30e5dce8b"", ""2"": ""84309169ed83b9216c8876e81b4b6509ae515833a1b445959e1eb1be058725b2"", ""3"": ""baea0c1ddce001f538c8eb23acfb97762466e7ce754d71b411cc8ce318e0e905"", ""4"": ""61e14fa2353e6d5c3a7d417adee5212f130b4c69490e40e9b2a08d3d706d2ac9"", ""5"": ""ada9cb2c5896236ab6946458037b1e631d1b3cffe6b06bf67e784c81356e3d30"", ""6"": ""2f568c405f1b6006157be4fbc88589f0ac5420dfd65fc020cc82b4ad1591fa05"", ""7"": ""fb8909710b2f0b31df9f8d1c1ebc4e23812f16d5270d367ad5c46678ada94f8e"", ""8"": ""2364e8016c5ce2dce60a3c5d76bb7e7c76a887d388fb9a6a2bbdfa4bf5723fbf"", ""9"": ""d0689e1bdb6b698b240f9af27d899037d4b81f089949900c1be5f7104c05573e""}",,0,0,0,0,0.0,0.0,"{""0"": 0.014162055039873453, ""1"": 0.014184320815451363, ""2"": 0.01462278151447095, ""3"": 0.013883563323790496, ""4"": 0.15860268178067047, ""5"": 0.21250598550591404, ""6"": 0.13758566362709435, ""7"": 0.06450494136928794, ""8"": 0.20683335498039795, ""9"": 0.16311465204304898}","{""0"": 0.014162055039873453, ""1"": 0.014184320815451363, ""2"": 0.01462278151447095, ""3"": 0.013883563323790496, ""4"": 0.15860268178067047, ""5"": 0.21250598550591404, ""6"": 0.13758566362709435, ""7"": 0.06450494136928794, ""8"": 0.20683335498039795, ""9"": 0.16311465204304898}",[],[],1,0,0,0,0.0,d8e8ac1a29088dc31b337249afd508a95c2f30f90c5df4535f3d70911ba91732,3b375974947328eba9c9474cfecc57232060324f4841f7eb387364847a53b61c,"[""proposal_created"", ""proposal_committed"", ""v1_challenge_sampled"", ""audit_accepted"", ""committed_once""]"
34,trust_v1,1,A2,0,1,0,0,0,1,V1,33.74,0.5138385182752666,0.1,106540460922660130604465848199365215432,6b4b0eb974f75911135aad2c6b8aae8c3ab91640046b57516a0b7f2e355ce0b2,1,"{""0"": ""32c7defaa9699fa23aa02dbbbeb7d7fefcdf6ebaac0975acf9700583a488c854"", ""1"": ""7682631e85b2719ecd12b8b829f2d6de4954982d7df153a01b4603ff10f9294f"", ""2"": ""16a0d972ca8f4876e1e7d37d26d2408abc636262ddd0b01e736b4ed1a03fc2d5"", ""3"": ""556e8299fd92ec3c838b2c9793b27279aa86e7ef54f044b41a5f6b1c2d1584f6"", ""4"": ""9878c6eaf83dfa4564f756d59fc212ac364dedc056eabb1fed9775c9abd53921"", ""5"": ""bd3e458849b3338e813bc0602720c985d7ec5ad22a57f42b7b9ae23977f7b13e"", ""6"": ""959eb32e6c314796bc53b62c53d2dba16adb47336fef168c3fd99cb3a433da5e"", ""7"": ""82b1daa902c6a9634e89333b335a7b40e670829a974e355f4520773f6515fbb9"", ""8"": ""5b4e3ef331a00f8db5ab4facf0e3e816245036023280ac46599c8068dd618c0b"", ""9"": ""8dbafe0550af86417a4adb5e8f0ab59e449a580281f10576759e5b7c44a7a479""}",ce76aa778c66d106a683dcb1dd81d8ded366862d3a46cf6223fd4031d77e298d,1,0,1,0,0.5002683968121863,0.0,"{""0"": 0.13923135930356817, ""1"": 0.13923803903624155, ""2"": 0.13936957724594742, ""3"": 0.10864992876470046, ""4"": 0.18256354732580726, ""5"": 0.06375179565177422, ""6"": 0.04127569908812831, ""7"": 0.019351482410786387, ""8"": 0.062050006494119396, ""9"": 0.10451856467892673}","{""0"": 0.19461567965178408, ""1"": 0.19461901951812077, ""2"": 0.19468478862297373, ""3"": 0.17932496438235024, ""4"": 0.09128177366290363, ""5"": 0.03187589782588711, ""6"": 0.020637849544064155, ""7"": 0.009675741205393194, ""8"": 0.031025003247059698, ""9"": 0.052259282339463364}","[0, 1, 2, 3]",[],1,0,1,1,0.0,3b375974947328eba9c9474cfecc57232060324f4841f7eb387364847a53b61c,da653da218c6c4c953c3935035889e30f426db5914aace2e3e006a1678a43bed,"[""proposal_created"", ""proposal_committed"", ""v1_challenge_sampled"", ""audit_rejected"", ""recovery_recomputed"", ""recovery_audited"", ""recovery_verified"", ""committed_once""]"
35,trust_v1,0,none,0,0,0,0,1,0,,79.32,0.0,0.1,240265641559261391719597092220016390600,e576c651640ad1051abb117be9e6127a7f331591e4c46a0a1e4a70be011e1773,1,"{""0"": ""d01b0037b7fdb7bb049f7bb6415275e15b43dda1bb602d11260369e1fb7176a5"", ""1"": ""80012c6f50ad3fb868b3b32efdeafb8d433282cd6b9fe465c9a2944d6a9c4a24"", ""2"": ""8a38d3909c51b2327b3662e04aa96482be95b6cc007b1d1474a847afe3d67b5f"", ""3"": ""73711056bdc13edec8c2bb38971d3a9ded5be6cddfe1b236645fdced71ca740c"", ""4"": ""3bad307acc84a2cd70fe8826ca3d5f24ad4201988dcc6c26f1acf02ae94f0082"", ""5"": ""47c6c400b37253b9bf36b0dfddce790fe2bd0f0517efe3a9c5ef0d2a84c8fdab"", ""6"": ""0d8d35f4185a0230cdac1c6c5dcb661d4b405b8c7c38d245aca178667fc2b7da"", ""7"": ""cf7f0d315120ad26a2ca117eaea9c5b3538a46f3361c6da4d8740556eecf8baf"", ""8"": ""17ecc10bc9912ff0edc47060287312a030ede6c2baaec8b39688763cbc24842c"", ""9"": ""bb48aa28e1cbc542345e61ba4f90777b89128f3f0aa95507a03382bef693525a""}",,0,0,0,0,0.0,0.0,"{""0"": 0.04176940779107046, ""1"": 0.04177141171087247, ""2"": 0.04181087317378424, ""3"": 0.03259497862941015, ""4"": 0.21065212371725106, ""5"": 0.1750085982150411, ""6"": 0.1428149584836656, ""7"": 0.04719921505327268, ""8"": 0.17449806146774466, ""9"": 0.09188037175788767}","{""0"": 0.04176940779107046, ""1"": 0.04177141171087247, ""2"": 0.04181087317378424, ""3"": 0.03259497862941015, ""4"": 0.21065212371725106, ""5"": 0.1750085982150411, ""6"": 0.1428149584836656, ""7"": 0.04719921505327268, ""8"": 0.17449806146774466, ""9"": 0.09188037175788767}",[],[],1,0,0,0,0.0,da653da218c6c4c953c3935035889e30f426db5914aace2e3e006a1678a43bed,19c505fea3626a1a924442656613109cc9989bbacc4925ce720a1d4abd7dc72f,"[""proposal_created"", ""proposal_committed"", ""v1_challenge_sampled"", ""audit_accepted"", ""committed_once""]"
36,trust_v1,1,A2,0,1,0,0,0,1,V1,80.17,1.062365364099094,0.1,12383768116042378031791635036377852397,ea7f70f120866048b951309f675ee66cae1613f48912dcaf606e44851bc0e0b9,1,"{""0"": ""822da76047c376608226cb25916de162f2b9beb17870e0acc90d85329464b0a5"", ""1"": ""f1ab7c6706ece4c2485bf147c67b84400ae91d2a938cae8c2fa40a978a1a5649"", ""2"": ""d6e57f387a550168050546384e8698dc5639ad308fe9154d1f0e2327c8af6f46"", ""3"": ""66227ac1285a55f2ee61e70fbfaa982d33a5fbca94d46901ff1875522c6463e3"", ""4"": ""7046fc8c93dd667998b14d7ebdb822e00899da3c78b0e579871f6396fdb67ffa"", ""5"": ""e0c0eb01b3c7e5f92c524149f99c862ced75208e05c992fbab0f0a417631bed0"", ""6"": ""540aa2e5c00d71a9ec56115f1e15aadfe343d1db57ae128e984d8a0bdf2c658e"", ""7"": ""405ba0f30c0314f4b1242b474c0916e8beb63d285b0673c1096697cef6ef44eb"", ""8"": ""13782361c53c15d300771005cbcff07875d2648d71350dcb66cd81f6dff2a4cc"", ""9"": ""6b7b8f307ce69bafb5ffaf7c359493263742834da1da096a5268752c16cc25c4""}",cf8979dbc54a8ef1ef078e1ade807ff11873a792a327d7b4b4598345ba9ad8c9,1,0,1,0,2.3430876583488156,0.0,"{""0"": 0.01253082233732114, ""1"": 0.012531423513261744, ""2"": 0.012543261952135275, ""3"": 0.009778493588823047, ""4"": 0.20544814537330885, ""5"": 0.21882620964108024, ""6"": 0.06178358829299849, ""7"": 0.11821154831490552, ""8"": 0.2186730486168913, ""9"": 0.12967345836927438}","{""0"": 0.13126541116866058, ""1"": 0.13126571175663088, ""2"": 0.13127163097606764, ""3"": 0.12988924679441152, ""4"": 0.10272407268665443, ""5"": 0.10941310482054012, ""6"": 0.030891794146499243, ""7"": 0.05910577415745276, ""8"": 0.10933652430844565, ""9"": 0.06483672918463719}","[0, 1, 2, 3]",[],1,0,1,1,0.0,19c505fea3626a1a924442656613109cc9989bbacc4925ce720a1d4abd7dc72f,706f397e57a0cd066deacccf7525d25747dde1052e4fe525d7784c16d2902e83,"[""proposal_created"", ""proposal_committed"", ""v1_challenge_sampled"", ""audit_rejected"", ""recovery_recomputed"", ""recovery_audited"", ""recovery_verified"", ""committed_once""]"
37,trust_v1,1,A2,0,1,0,0,0,1,V1,17.77,0.6438989738143516,0.1,17111797254926663864536423961363723589,24cffbe1d49f933639b403f5f2a46b4717a255c17c8fe6beb5770cac779c8a6c,1,"{""0"": ""6622ad3898f2562874c36d1d3717fd4f3d84ac3694669352b72641b78a7f0051"", ""1"": ""54b0caac1274a46d52cf1a4131e69f09812c6c0dd32ab6d3ed1b3fc84a3cd43f"", ""2"": ""95c005be835d61c842903eec77f4bd20f5697267833ebe23580f667381b0b144"", ""3"": ""7f5d4718d3c937b0c80c4a2195f066859ab2c92fc5a62057b3fd64cc996f99da"", ""4"": ""7d42954f1b80d98a6e7a9b86682160ee5d189f9c1030e9dbbb33c6e48e710de1"", ""5"": ""7f22d95cd0bb29831e2f359d63d299ae652340e926192ba362fe790a1f19596f"", ""6"": ""5fdd47771b9ba366f5f6a37b63f8346362cf7bf6f8a4b07b41a639459d8801a4"", ""7"": ""712cf61a1a8c515118fc0945e542e27eb7c7541085e11a07c454ebb3bd0ff3e0"", ""8"": ""b57269063e4c7fffb0abd61df3ad9766400ea84b482902d02766598985332bc3"", ""9"": ""1061b6bcd88c6c578dd67a28c9ca35a72e048677408f13f0c3e4f2aea86ce58b""}",6b0f4fd11abf10d6131e9d679e3c61763bbbf7b124f5e5cd4ea8e590bbfb057e,1,0,1,0,0.26197788547398215,0.0,"{""0"": 0.17012327867107413, ""1"": 0.1701234590238563, ""2"": 0.17012701055551838, ""3"": 0.1692975800465247, ""4"": 0.06163444361199267, ""5"": 0.06564786289232408, ""6"": 0.018535076487899548, ""7"": 0.03546346449447166, ""8"": 0.0656019145850674, ""9"": 0.07344590963127112}","{""0"": 0.21006163933553706, ""1"": 0.21006172951192814, ""2"": 0.2100635052777592, ""3"": 0.20964879002326237, ""4"": 0.030817221805996334, ""5"": 0.03282393144616204, ""6"": 0.009267538243949774, ""7"": 0.01773173224723583, ""8"": 0.0328009572925337, ""9"": 0.03672295481563556}","[0, 1, 2, 3]",[],1,0,1,1,0.0,706f397e57a0cd066deacccf7525d25747dde1052e4fe525d7784c16d2902e83,8a7c36b3652b062ec22a8afc4aef24c7df987ab857f7e9599a888c3dab50f323,"[""proposal_created"", ""proposal_committed"", ""v1_challenge_sampled"", ""audit_rejected"", ""recovery_recomputed"", ""recovery_audited"", ""recovery_verified"", ""committed_once""]"
38,trust_v1,1,A2,0,1,0,0,0,1,V1,79.93,0.9023171305134404,0.1,213644768414345158092515377394043321655,78f8b6b79a6b8673064e84687194790c7978c35e515feb11126641ba665619be,1,"{""0"": ""9e7ea357a669fa6cfb4fd187c2be8b6a667758b3268ee80addb55840e1a4a413"", ""1"": ""15c91f15a53a316a7f24806fe1df27623b9a7fd13ff940ca990a677abc1ec9db"", ""2"": ""bc435fc17d3f4c4bd831c59caa4dde6ad57f1faf6f40364c0bc42d31aa4305ed"", ""3"": ""60b80ee7c0135c7957b00be0674b91067af7bb01beef33702147b886dc597882"", ""4"": ""cfc99ed376bd1b42529d5e5d33fcd8d7e33389032d935b1fb98e5cc1d2e32f59"", ""5"": ""b14be8f908f0f433e1134691004c4b4c39db1e1208cd5213fc4222968812b188"", ""6"": ""d0d76b5ead80b236a20588da0dbec0b251b807295088c341055103648a131d7d"", ""7"": ""d6333225f439e696f6e3683f65f414a40d21071db95b30b35932b4a5223f9332"", ""8"": ""3e745d80b9841c326aa2fb8dcd8b8ed7e00cf900ac3a7da87224f53ef9b864da"", ""9"": ""a343b52c534440dc37d1996a650c6614b120e211be4cf38ea6b31b6e377a44d6""}",741fcee05465f979bfed8f0cff6e6d2c5a32525bf1ad30be4ecc54d583a70a9e,1,0,1,0,0.7372410861671732,0.0,"{""0"": 0.05103698360132224, ""1"": 0.0510370377071569, ""2"": 0.05103810316665552, ""3"": 0.05078927401395742, ""4"": 0.18971063099599159, ""5"": 0.190914656780091, ""6"": 0.025789284982880103, ""7"": 0.0878928213973064, ""8"": 0.19090087228791403, ""9"": 0.11089033506672483}","{""0"": 0.15051849180066112, ""1"": 0.15051851885357845, ""2"": 0.15051905158332776, ""3"": 0.15039463700697872, ""4"": 0.09485531549799579, ""5"": 0.0954573283900455, ""6"": 0.012894642491440051, ""7"": 0.0439464106986532, ""8"": 0.09545043614395701, ""9"": 0.05544516753336241}","[0, 1, 2, 3]",[],1,0,1,1,0.0,8a7c36b3652b062ec22a8afc4aef24c7df987ab857f7e9599a888c3dab50f323,694d71cda6b44572fe81e991fd62f3705e13c21be8c8bef60e5dad74013b9d1f,"[""proposal_created"", ""proposal_committed"", ""v1_challenge_sampled"", ""audit_rejected"", ""recovery_recomputed"", ""recovery_audited"", ""recovery_verified"", ""committed_once""]"
39,trust_v1,0,none,0,0,0,0,1,0,,78.98,0.0,0.1,14863952765075206942067633055746689784,901cfde3a2d8b3b395e70b655df0c2297ce177c975f38a745e13cfad313b8947,1,"{""0"": ""a3fcdec72acf2a5210206c031a8fdbe434464519996db413b499028a0cf1924e"", ""1"": ""9fb920df1d327a16b37d135c0daab278e60916eca0a7b638fa96907733fbe5b1"", ""2"": ""234136276fe7b4d8033282303d908b245b44ff8f333e633522da3d219bf61c36"", ""3"": ""d1fdf0dea9f59b72b9757c2c564499a885b5a29beb1f38782b356d10383339bb"", ""4"": ""a50fa2295a130900969bdd690aadb556a541e338694260c478417b14ef07b25e"", ""5"": ""cae616d0e7573e97bbfdaa96894544e5d190adc7a2bf910d294a19efd5356552"", ""6"": ""444766a198794beceb3a59191326dfa3cf5f9ceda82c328f2d1756f35b396a0c"", ""7"": ""58ca80ef6729748a9b1ff38b4d40dbde20d598ea403549db15543c0888bcfa75"", ""8"": ""a35f25cb68cca595e60798880c6efb2bfae7bb1d107119deb1bb90e4bf1bfba7"", ""9"": ""094c2df23fa60fa15b7b427f81dbfa9045f9185db9370ac092ec71cf9464a669""}",,0,0,0,0,0.0,0.0,"{""0"": 0.015311095080396676, ""1"": 0.015311111312147073, ""2"": 0.015311430949996657, ""3"": 0.015236782204187229, ""4"": 0.11298421508891918, ""5"": 0.2523153381747937, ""6"": 0.11590724388062897, ""7"": 0.13457501164902086, ""8"": 0.2523112028271406, ""9"": 0.07073656883276896}","{""0"": 0.015311095080396676, ""1"": 0.015311111312147073, ""2"": 0.015311430949996657, ""3"": 0.015236782204187229, ""4"": 0.11298421508891918, ""5"": 0.2523153381747937, ""6"": 0.11590724388062897, ""7"": 0.13457501164902086, ""8"": 0.2523112028271406, ""9"": 0.07073656883276896}",[],[],1,0,0,0,0.0,694d71cda6b44572fe81e991fd62f3705e13c21be8c8bef60e5dad74013b9d1f,1dfe384103e8cbf92ecf731b7ed426242d6c9ceb6129fc0f72bf47d4bfea5a36,"[""proposal_created"", ""proposal_committed"", ""v1_challenge_sampled"", ""audit_accepted"", ""committed_once""]"
40,trust_v1,1,A1,1,0,0,0,0,1,V1,40.2,0.0,0.1,42296053440956554869198736142591572343,20f49e4ba4ea967b43a748cd40c6c0e009e1a6b32098ccfcc58402658ae886d4,1,"{""0"": ""db39d6a86076195f1b50b20d0c25ca61988d2d0685f0a28b548d8aac351e89b3"", ""1"": ""d42640e94fd380305434b1e63239e477f4bad9b70db25ca0fb3b7742622d0438"", ""2"": ""b2407ebb3be223317711abc99d57e13c76db7a7176c49df83b8d3127f2a19ab2"", ""3"": ""97ac07e43b0bc72b86e77001c6ba3c237cda3b7de6d8d9777d5faa7bd66e7f89"", ""4"": ""0f0b945e10d1ed00929c25f2ce87b2fe288ec1694656d81bf37d69ef7d1fd676"", ""5"": ""b7f2e8b038ef5c8cd7b7a587e8c87b23b62b270665840a6067d6898994b5c7bc"", ""6"": ""c8e157ea29fa9a03d07367220af17f093dc3475b44d4793aac899a07d8f2cf69"", ""7"": ""c64217a72a160b2193ea80131284254eda4744536df0373f48f637fa0d48fdbd"", ""8"": ""0fb7016cc1fb1459f5fb0d3984cdd2702582c814d8595eb4f6f5880eb3f224d2"", ""9"": ""8fe8cd516bda9d7ceae906eb19bc3410b7d8e67b6c719462c38d9520ac7628fa""}",24f0094a807c03dca9009e0b45e88f0589680768fea2f930f2a4a54f02f75fc1,1,0,1,0,1.1367707913278338,0.0,"{""0"": 0.75, ""1"": 0.75, ""2"": 0.75, ""3"": 0.75, ""4"": 0.18655835817093624, ""5"": 0.07569460145243813, ""6"": 0.0347721731641887, ""7"": 0.04037250349470627, ""8"": 0.0756933608481422, ""9"": 0.17388406429409117}","{""0"": 0.2090898283809509, ""1"": 0.2090898283809509, ""2"": 0.2090898283809509, ""3"": 0.2090898283809509, ""4"": 0.0520099401239907, ""5"": 0.021102628302739686, ""6"": 0.009694010292443895, ""7"": 0.011255306436023299, ""8"": 0.021102282439087253, ""9"": 0.04847651888191167}","[0, 1, 2, 3]",[],1,0,1,1,0.0,1dfe384103e8cbf92ecf731b7ed426242d6c9ceb6129fc0f72bf47d4bfea5a36,ef3c795537d67322a33394ae3c70e067e714c7fb5a82eb2942f3d93bea8d245c,"[""proposal_created"", ""proposal_committed"", ""v1_challenge_sampled"", ""audit_rejected"", ""recovery_recomputed"", ""recovery_audited"", ""recovery_verified"", ""committed_once""]"
41,trust_v1,1,A2,0,1,0,0,0,1,V1,79.24,0.2672549874802167,0.1,266452126021600015981721341051906633052,5c36c9031a124fceb1b215b1781e0a25548bf01a71fb1b137c7ce42ad0ec46f2,1,"{""0"": ""d86e8eb00d2c5c47f08087637622274ea97dd198605406d8e29d1046f537a933"", ""1"": ""19b6bc414961c5b06a81c1fc6964a99b09ef1c1f64389d03566af6bae9b67722"", ""2"": ""a5307535802a14010d42d71be81c10a392d5a061a92646160c67bd2cade309cb"", ""3"": ""16070c9c1ebe86dbbaebe64580b6a5eb7d3338bce630a86247b3a4809d9e4587"", ""4"": ""1688ed79eaf516e84b4a569830fb1c2306bd0ca03ba5bb8a02d9b75ad5610bb6"", ""5"": ""371384677fc87a22293806fa29495761e3f73f852f1aaa829d8e9000a1f3eeed"", ""6"": ""b56f216304cf99e3e4f8b73358b964d691fb1f59021819d9cc766b6d82fa37b6"", ""7"": ""d091a02dbebb95d7d5ca9938b8a01a7557b1627c22ebd7c12546fe1f052e7863"", ""8"": ""56a6e2cf1daed698f4b1cb60449c0342cb312e704130124dca17bd63d1c6aa68"", ""9"": ""75b423e9f19c9da44cd2e7e5dc311c605a110898e9f211964ca7626d2f528748""}",b57c5643d2080787ae0d56a9d87eb8aa35a9af197bd4754133b3bcb9f4740e30,1,0,1,0,1.163963473913281,0.0,"{""0"": 0.02006802676470887, ""1"": 0.029814806876129824, ""2"": 0.04717695687877786, ""3"": 0.02684769105303269, ""4"": 0.2211469706694978, ""5"": 0.18788784365394837, ""6"": 0.1274471764262542, ""7"": 0.04761055971264981, ""8"": 0.18788747147265958, ""9"": 0.10411249649234117}","{""0"": 0.13503401338235443, ""1"": 0.1399074034380649, ""2"": 0.14858847843938894, ""3"": 0.13842384552651635, ""4"": 0.1105734853347489, ""5"": 0.09394392182697418, ""6"": 0.0637235882131271, ""7"": 0.023805279856324905, ""8"": 0.09394373573632979, ""9"": 0.05205624824617058}","[0, 1, 2, 3]",[],1,0,1,1,0.0,ef3c795537d67322a33394ae3c70e067e714c7fb5a82eb2942f3d93bea8d245c,b8c8e89fd017c559943f44b0f0b753b04a05d10327a4c8341ba8cf920a4a21bf,"[""proposal_created"", ""proposal_committed"", ""v1_challenge_sampled"", ""audit_rejected"", ""recovery_recomputed"", ""recovery_audited"", ""recovery_verified"", ""committed_once""]"
42,trust_v1,1,A1,1,0,0,0,0,1,V1,11.14,0.0,0.1,19093023158583119352786050067487911193,b9bbe539bcb7b313ebb39715107f5b312d089c0e6c15d4d77264dd51fa7bced2,1,"{""0"": ""8dbbf0bc9732a789ad13bc1bbc334deecdfab4ee7e09a1135a327f26ba3181c9"", ""1"": ""d2638a812b159f060e03b5044dfc5ac76e370c953b8c785a72442bba758f78a3"", ""2"": ""308941944d01f375e545ca3e0353e972b86ce94744dbdebf3e031d64d83d56d0"", ""3"": ""985ee141b29f4c80b5d3a369f6592312e254ea95bfd88925b12c5caf02edef09"", ""4"": ""f491f64cd5d0ff2040b2f7c21fe864d167175a462b5b447c9fecf99d962ab637"", ""5"": ""400f248da86fbedaf912debbaf8c3f4c0e39cd943997a9d02c8153da397893ad"", ""6"": ""159470e6f626daa9eaf813fab551fb66c7d255cb0a57460751456152fdfd294f"", ""7"": ""8b895013194cdd6e2cd5efd5d3217155528ebea354f043e50bb24bb8d4cd4004"", ""8"": ""cdc284b96cfaa8165deb6d5472c20131c9e8ffa4bcef0434d5888f36024ecded"", ""9"": ""799f5f5af1e24d7747c78109e5aeb36703ea50226b3d3e3c22f5b75c86e9f1a2""}",4c4af90f9d6bb84812921ca0c6c8201e8d74d15e4d9d09a342b3e429e06b592c,1,0,1,0,0.2923670696669083,0.0,"{""0"": 0.75, ""1"": 0.75, ""2"": 0.75, ""3"": 0.75, ""4"": 0.06634409120084934, ""5"": 0.05636635309618452, ""6"": 0.03823415292787626, ""7"": 0.014283167913794945, ""8"": 0.05636624144179788, ""9"": 0.031233748947702356}","{""0"": 0.22986196520158805, ""1"": 0.22986196520158805, ""2"": 0.22986196520158805, ""3"": 0.22986196520158805, ""4"": 0.020333310910587488, ""5"": 0.017275307591914122, ""6"": 0.011718103373092918, ""7"": 0.004377542727958897, ""8"": 0.017275273371785138, ""9"": 0.009572601218309195}","[0, 1, 2, 3]",[],1,0,1,1,0.0,b8c8e89fd017c559943f44b0f0b753b04a05d10327a4c8341ba8cf920a4a21bf,933453611c609c6bee6963343d557b57b54d66c3a3283a2bb8f5f1b6de7d0e33,"[""proposal_created"", ""proposal_committed"", ""v1_challenge_sampled"", ""audit_rejected"", ""recovery_recomputed"", ""recovery_audited"", ""recovery_verified"", ""committed_once""]"
43,trust_v1,0,none,0,0,0,0,1,0,,75.86,0.0,0.1,199117540187063278797728145756910259029,b77ab51a797e65574f0161a8137e9ef1f9021b7ddb64bf3eccb7098ab77f6f95,1,"{""0"": ""2beb12a65b5cbb818cee75120a223ef18a1d73025b368e927510f1686bd5a3d7"", ""1"": ""10ea75c34d6468615def56092f5f0edd17cb263b12939ff46e42fda1090eb079"", ""2"": ""303d6d0a00770468408f937ded70a8204f206fc380c29c85e87878f23e6c3310"", ""3"": ""1507d104e20a84e3b8dcae4a8e08c53de172c1f6efc6de27dc43bcf53b0f3e5b"", ""4"": ""d1f9be2a5946dd8ef51c9433f6a8541821d3d928cb27bf8e2a37466eae2ab587"", ""5"": ""d9016aaeca22ae0c61e8d591b850dc4a55d9c7c5235b1cab7dd0d0cf73e5382e"", ""6"": ""024216810be79ed3e1751d55df8e72532809ab9276126e91234616071a80889b"", ""7"": ""1fce75dd9a5ba22e7ab0e7cfb8a56fce2ac1b1a9afd038d74f3f9dbe11627681"", ""8"": ""b7f87d1cab9f3007145e5ef670c3a1da72c28cf56924590562e2d63f7f0318fb"", ""9"": ""45305b1f0d010aad5b984e9072c9eb7014236c3e9dc945d7a93f097f5ff3b307""}",,0,0,0,0,0.0,0.0,"{""0"": 0.05430612240882379, ""1"": 0.05518333261885168, ""2"": 0.05674592611909, ""3"": 0.05491629219477293, ""4"": 0.16631229724274846, ""5"": 0.16331897581134902, ""6"": 0.1219297956096638, ""7"": 0.06749288032225437, ""8"": 0.16331894231503302, ""9"": 0.09647543535741275}","{""0"": 0.05430612240882379, ""1"": 0.05518333261885168, ""2"": 0.05674592611909, ""3"": 0.05491629219477293, ""4"": 0.16631229724274846, ""5"": 0.16331897581134902, ""6"": 0.1219297956096638, ""7"": 0.06749288032225437, ""8"": 0.16331894231503302, ""9"": 0.09647543535741275}",[],[],1,0,0,0,0.0,933453611c609c6bee6963343d557b57b54d66c3a3283a2bb8f5f1b6de7d0e33,26788888452e3bcb5271058153a0b1e5efde43ad7d262bf6e38248fe92aaf87e,"[""proposal_created"", ""proposal_committed"", ""v1_challenge_sampled"", ""audit_accepted"", ""committed_once""]"
44,trust_v1,0,none,0,0,0,0,1,0,,78.37,0.0,0.1,23006952929175831904445473592381783025,3d2bb2dfcbfbbb83d71f65e13a3a9c814441f372cb421ed2047637416a31b768,1,"{""0"": ""3bf30d2250efdedb09849bd04b4e517a622c2d7b5bc82cb0b31315ad1a120efc"", ""1"": ""6c0160713dc5ee34cc7cf64d190eeed64dfcdc2552bd5361f534744ca7e5dfe7"", ""2"": ""d50f05ed92114f78a6cebcfbd525dd07ca60944935139cb03d3eb8ad1e9bbe96"", ""3"": ""437da12580df44b63aeb10aca3f32f585f498e1c16b94dcfe6908d9fe6ee4444"", ""4"": ""7aef4c9351b97bc9eeac646be2cbe8e576777e49ba8708cafe18fca2c77dacd6"", ""5"": ""9ac933a7cebc2356989623db5bbcab930228a6d0a4c5a3d3d01cec13632209b3"", ""6"": ""72c6ba4ab1025ee4631937a3a5ecd78bd64451168d986614d66882aab925738a"", ""7"": ""d3ea2caafd9d7eefd2bfa9a40d2cb22ea5bd9c071fdd58262d568a95342ab13e"", ""8"": ""74a78736f69b8394df4062638d6d660b1cf583d4c3a95738709f8c456a78c7ca"", ""9"": ""048b8909b2eeebbe00a02638e247a556d834b4b31aa8672bd231d9a11b1b9354""}",,0,0,0,0,0.0,0.0,"{""0"": 0.016291836722647137, ""1"": 0.016554999785655503, ""2"": 0.017023777835727, ""3"": 0.01647488765843188, ""4"": 0.09054400471031603, ""5"": 0.2072251392126999, ""6"": 0.0751404406779504, ""7"": 0.07030899280308772, ""8"": 0.4296058886217951, ""9"": 0.06083003197168914}","{""0"": 0.016291836722647137, ""1"": 0.016554999785655503, ""2"": 0.017023777835727, ""3"": 0.01647488765843188, ""4"": 0.09054400471031603, ""5"": 0.2072251392126999, ""6"": 0.0751404406779504, ""7"": 0.07030899280308772, ""8"": 0.4296058886217951, ""9"": 0.06083003197168914}",[],[],1,0,0,0,0.0,26788888452e3bcb5271058153a0b1e5efde43ad7d262bf6e38248fe92aaf87e,d138e39cc8d4f8c87730ab4fb62987893c5cb40c913790beedf6a10ae204c65f,"[""proposal_created"", ""proposal_committed"", ""v1_challenge_sampled"", ""audit_accepted"", ""committed_once""]"
45,trust_v1,1,A2,0,1,0,0,0,1,V1,17.61,0.3390375376304248,0.1,171005784376437723482699289263007827550,7d898b805873f8a9bb10d850ece17f70d9a3f1760e2c7b68b22ccafe214d110e,1,"{""0"": ""581b8dbce01a29a61b269d2a2ae84521652add3c106531ca7da863448729845e"", ""1"": ""874872b235b44ba4f9ce57dd469ade6e86d63c517764ce2834ebb614c045d04c"", ""2"": ""56cccc6a4273d293bb12f0330cfb743639001371fb48a966a78810313cd4946c"", ""3"": ""9dd6c63a01c9e84c42b92f3f01603f21ead9362922f59ca21200b67f22581be1"", ""4"": ""dbe85ded7c803a8fe236754d3d5a67381966f56d561b03209643b603b755d91a"", ""5"": ""33c2f99fca40e6564d7a55ac906aa75582ccea2bf804e20395240cb87b584d8e"", ""6"": ""a3782fc79b19cb98d971bdaec05f9651fd24cfe3df57df25fc8d52a4f16a67bc"", ""7"": ""2de12b472393f388016fb5890af8dd93d6d75be145128382362d63e4a841f505"", ""8"": ""7f359b5c3555b0fab7f88adb2a027df304356b0f683ee03822ba486b21f7983d"", ""9"": ""1f172a48be613c60c0d43a8c4216c5a6c3f825771c8b8c05a9c612fbd1db7d4d""}",d7a382c10d21628e5e3052a007931e6c31ce6774c5e086c3935b5bb227cf2f8c,1,0,1,0,0.22647279416837385,0.0,"{""0"": 0.14494227826974387, ""1"": 0.18999371799024087, ""2"": 0.19013435140526233, ""3"": 0.1899696843520738, ""4"": 0.027163201413094824, ""5"": 0.062167541763809994, ""6"": 0.02254213220338513, ""7"": 0.021092697840926326, ""8"": 0.1288817665865386, ""9"": 0.023112628174924488}","{""0"": 0.19747113913487194, ""1"": 0.21999685899512045, ""2"": 0.22006717570263118, ""3"": 0.2199848421760369, ""4"": 0.013581600706547412, ""5"": 0.031083770881904997, ""6"": 0.011271066101692566, ""7"": 0.010546348920463163, ""8"": 0.0644408832932693, ""9"": 0.011556314087462244}","[0, 1, 2, 3]",[],1,0,1,1,0.0,d138e39cc8d4f8c87730ab4fb62987893c5cb40c913790beedf6a10ae204c65f,796887b704c57305e3d4fc8972f2b264a2b27722dd67c8629af7a6c420424998,"[""proposal_created"", ""proposal_committed"", ""v1_challenge_sampled"", ""audit_rejected"", ""recovery_recomputed"", ""recovery_audited"", ""recovery_verified"", ""committed_once""]"
46,trust_v1,1,A2,0,1,0,0,0,1,V1,76.71,0.4248135318044984,0.1,163086341629242846554605841826857622172,7e079036102cc4aff6d300b37f419d925860b7e23461bc0db282a328398d654b,1,"{""0"": ""292cda98fa7672a12aeda1e81a52df746c93cd5c4a6874450fcbed22cfbde758"", ""1"": ""1e2c3f49706575e1fcacfad9ef96f8ac51f646c4ceab7e980362dddab4b688f4"", ""2"": ""69904cd5214d7848d4eb82050a6853be2a48edc44a24e30a7b5373a7ea44cb5c"", ""3"": ""35884698c8c648c11bcd25c4087f28d3f42a268362942b9bcd1af3e7f66bf107"", ""4"": ""8e6b79a67c9faa27726e1746c39b838b8ab5cd322fd384143f826afdb279d0a7"", ""5"": ""a6857d35f88831295bfcc3b50aaf25a0cf7eabcc709ebbc976bdc7a70f3a7c7f"", ""6"": ""bfe1221fc2c2bf2924622f4a34b8f356fd9cdb42f3d4c4778560bb0340923185"", ""7"": ""90cb45a09b4e25ff57372b3c5f8869b27338e15c6e6a993bf010e9156a0971dd"", ""8"": ""e816befdd0076829c581a379e7b578305c111a552a7e511d2632ea7369cd6a8c"", ""9"": ""a4d4df2c7227e9cf5fe926585ba4586cd2a01a0ffee11d312e5fa2e7bf01e3ef""}",fc7eee98f7bfbbaee54a7b5e41235a16c367c86f2b80929f7a6b8744fc2217c9,1,0,1,0,0.7261041835234878,0.0,"{""0"": 0.04348268348092317, ""1"": 0.056998115397072266, ""2"": 0.05704030542157871, ""3"": 0.05699090530562215, ""4"": 0.15159033557449342, ""5"": 0.16209163767970797, ""6"": 0.11923033827868815, ""7"": 0.06502383897455241, ""8"": 0.18210590512652655, ""9"": 0.10544593476083526}","{""0"": 0.1467413417404616, ""1"": 0.15349905769853617, ""2"": 0.1535201527107894, ""3"": 0.1534954526528111, ""4"": 0.07579516778724672, ""5"": 0.081045818839854, ""6"": 0.05961516913934408, ""7"": 0.03251191948727621, ""8"": 0.09105295256326329, ""9"": 0.05272296738041764}","[0, 1, 2, 3]",[],1,0,1,1,0.0,796887b704c57305e3d4fc8972f2b264a2b27722dd67c8629af7a6c420424998,f3869397b944636411ec4c320da5f982849a0ec81ca78b09f5633235670458f4,"[""proposal_created"", ""proposal_committed"", ""v1_challenge_sampled"", ""audit_rejected"", ""recovery_recomputed"", ""recovery_audited"", ""recovery_verified"", ""committed_once""]"
47,trust_v1,1,A1,1,0,0,0,0,1,V1,78.41,0.0,0.1,269996982030829111729282010286411163565,425d0e9295e57ff89d29f8d527e4f87c9a2f35883347e5912e6e3d9bc513703f,1,"{""0"": ""1048feaedc37a20f95105ee05a3000c38e9cfb98ce2a6d64d610c06ebb005e45"", ""1"": ""7fb4530df37b7aafce850b0f9cd79680e55324c277966b7a238704e2d2cbb001"", ""2"": ""909d118abe82331b34f15bc6bfb602fd827c2ff5bf3ab62983bb52e304377a4f"", ""3"": ""c1525e9321d9a4b4d0b212bb76ee790dd15197d888e633bebc0362c13072ad0e"", ""4"": ""04ce44b0e067e5bf805877887a178901a308eaf63966272589241c4b93007368"", ""5"": ""c43897a75e0d1c8be73cf809bc63518ceeb09dcbcf45d376a679b94020290f64"", ""6"": ""5cd0059f1cf0ed2e734959f35fc523a846f8751927fe3103b84403af37e23d09"", ""7"": ""589d5101212f913ebe31cb9c8672f93714fceebac8a24c1fdb4b3c42a4949e78"", ""8"": ""6df660b831caf6ab6a33a93e7774d4ea5705735b24ff83f2bd925d5318c67298"", ""9"": ""43d2efb431d1d9d600c9e3406f433ab8ab597f0ea6439b536065ff8bc8e719c0""}",7df2c287b89e16f7d546eda1ead11b9d0350c93032c5beeb65c796ba2f8e3996,1,0,1,0,2.9478574403113287,0.0,"{""0"": 0.75, ""1"": 0.75, ""2"": 0.75, ""3"": 0.75, ""4"": 0.11309225833667437, ""5"": 0.21249960356515926, ""6"": 0.0660797621750051, ""7"": 0.08376882022990324, ""8"": 0.38597228621988877, ""9"": 0.07423366659181048}","{""0"": 0.19056590057204498, ""1"": 0.19056590057204498, ""2"": 0.19056590057204498, ""3"": 0.19056590057204498, ""4"": 0.02873537074353962, ""5"": 0.053993571099462824, ""6"": 0.016790065851288533, ""7"": 0.021284640889292335, ""8"": 0.09807087509245895, ""9"": 0.018861874035777725}","[0, 1, 2, 3]",[],1,0,1,1,0.0,f3869397b944636411ec4c320da5f982849a0ec81ca78b09f5633235670458f4,021f892d8a9067998e633a3ebdb72911074fd477d63157bc69491689e853b713,"[""proposal_created"", ""proposal_committed"", ""v1_challenge_sampled"", ""audit_rejected"", ""recovery_recomputed"", ""recovery_audited"", ""recovery_verified"", ""committed_once""]"
48,trust_v1,1,A1,1,0,0,0,0,1,V1,50.67,0.0,0.1,66226154074123241558126937134167261506,4e47534922cdb9dbbc34b25cac4c3147c4f6d2ad1fbb3715be9b0ebe43d94461,1,"{""0"": ""2ba98b71368e7d761cb7698def35e04acc072ded19a5562e5337efe9580fb22f"", ""1"": ""4aba0b623f1bca8ba520ddbb839361646fbdb5df3dfbf7ae60838015b389e963"", ""2"": ""dccd00bcdac9a81b8b437f6a4f490cad63e8596d92f2c5a6728c2a6edbcb4213"", ""3"": ""4da3cc67f4f20d5ed72afe1005b9673ffc888008962c1219d3ca8c038951840f"", ""4"": ""d9023684f32bad1aba7e22f4ddb463edce492ab3979c94f3993fc5b8d20ebe82"", ""5"": ""3fe4cc9d9929261428cf41e794967462f3becada14462178aa4e1eb4f289950f"", ""6"": ""a95022f2b5cfbd0b5f18f814f55fa812c22b5072e233817702eefc089dae9d1b"", ""7"": ""d8cd7e4470c22abfa7fd8f76beb7f22417294ca95bb1901beb31e306c9e3ed45"", ""8"": ""9c838f0435882d25925f4c9c83529d3ffe2ae123c6745fef61a2f5f8341e589f"", ""9"": ""c0b2c10a96c7ce157426bdf67f85d79bee7bcf28493be04f99f12bdc4b102b29""}",4210e7b2ee0f1328a76a39276a6ffdcb3217b61641542de69d835dabc481e170,1,0,1,0,1.3936686193811885,0.0,"{""0"": 0.75, ""1"": 0.75, ""2"": 0.75, ""3"": 0.75, ""4"": 0.22440096169735363, ""5"": 0.06374988106954779, ""6"": 0.01982392865250153, ""7"": 0.025130646068970978, ""8"": 0.11579168586596665, ""9"": 0.21274338417389446}","{""0"": 0.20482622544581985, ""1"": 0.20482622544581985, ""2"": 0.20482622544581985, ""3"": 0.20482622544581985, ""4"": 0.06128426929450792, ""5"": 0.017410196682793866, ""6"": 0.005413947305865502, ""7"": 0.0068632205030962085, ""8"": 0.031622898605245385, ""9"": 0.0581005658252117}","[0, 1, 2, 3]",[],1,0,1,1,0.0,021f892d8a9067998e633a3ebdb72911074fd477d63157bc69491689e853b713,399cf38aa46a68980984876ed46bf0be99f05034cfbf6bdc97565f7d2a7c25eb,"[""proposal_created"", ""proposal_committed"", ""v1_challenge_sampled"", ""audit_rejected"", ""recovery_recomputed"", ""recovery_audited"", ""recovery_verified"", ""committed_once""]"
49,trust_v1,0,none,0,0,0,0,1,0,,80.99,0.0,0.1,283070780161486141240808047737697896188,ed79eb82eda24db92b951ac31f144d74567144cbcade43a5e56b59401fcb4967,1,"{""0"": ""e3833e6d0247cd6a29c6077329675c075a520c1ea3a053df03186c9e039287e3"", ""1"": ""7002ea7bbdb101821b103dd8a9663cb43371d1f04b49b8486a1e3a2f1fd4a552"", ""2"": ""dc91a58822741464a47f0a64cce3ce19cbc8d9b4abc4a0b3348be2a137f180c1"", ""3"": ""49ed47b00c6c77709ac11c86f586b27b0ab06edca858c0af462fc53c99998dc1"", ""4"": ""ab7d27618efac3199af79aae52148e200c6aa0487ad3f591bb45c80af69495f0"", ""5"": ""893fde05f93973f4c7e4b4b77cd5ff148bf905e0f7f607d9bfc38e4243fc3b4a"", ""6"": ""aa4391d313f68ea2caba6de8a969b12c41cf7327bf071a8e988d18567437ec5f"", ""7"": ""9ab6c34caf122e9ee2e4bfd54a0fe734f88d45dcd0c40a9964549fa3c03f59b9"", ""8"": ""71ed55ce575b0198ebaa2075af0bd8343089fc822b317942e8b15e096ba792ac"", ""9"": ""80ad29b9c646853ea39e2178439dc54f4227b97fa3207e77809f3c659d3da409""}",,0,0,0,0,0.0,0.0,"{""0"": 0.009545967286347837, ""1"": 0.02029849180757185, ""2"": 0.05868207350528803, ""3"": 0.012981321142321757, ""4"": 0.26957856450125206, ""5"": 0.22138324031291026, ""6"": 0.06070981128824156, ""7"": 0.03559203719443973, ""8"": 0.23699578175183594, ""9"": 0.07423271120979096}","{""0"": 0.009545967286347837, ""1"": 0.02029849180757185, ""2"": 0.05868207350528803, ""3"": 0.012981321142321757, ""4"": 0.26957856450125206, ""5"": 0.22138324031291026, ""6"": 0.06070981128824156, ""7"": 0.03559203719443973, ""8"": 0.23699578175183594, ""9"": 0.07423271120979096}",[],[],1,0,0,0,0.0,399cf38aa46a68980984876ed46bf0be99f05034cfbf6bdc97565f7d2a7c25eb,6ee18c38a3d7da7f6b774ad83fa1daaea1ed3f2dcad2d4a03336411eeef1bce7,"[""proposal_created"", ""proposal_committed"", ""v1_challenge_sampled"", ""audit_accepted"", ""committed_once""]"
50,trust_v1,0,none,0,0,0,0,1,0,,12.09,0.0,0.1,201240181144413192491210194020521637058,d096e707aa2beaadc907c925c350658727bdd40f8d787d343326d94810e51324,1,"{""0"": ""05a8dd0780fb22c4d5fec06bdc0a473f554a651678b902e625a776aee5a027e4"", ""1"": ""3b6b989a1ad9367e795d3d06ad6122f9487102ceb770baabc8139b75d5e86783"", ""2"": ""2093e3734d10e777d581b38fe757048fa2f7f474af0f45c3badd68b8f384405e"", ""3"": ""5bd6b8e2bbf28bc9e9f65404a796d64b4d32aad07f5df366922e86c7d4afd8b1"", ""4"": ""7eab097d449fee27d28b144b1703d0c57c9b63ff41a96f2b02a4c295aed2166c"", ""5"": ""9ff197871ff25ac0306f157aa3deb9b4a0f110b0006337e8a902fab7632896ac"", ""6"": ""ea4d4abf9d480997b8119cc1a362ae33582a8b376d0a1496132fe43f926cd99c"", ""7"": ""6164e1931f53075b4e5290d543422cf0d8878cf1d371f5d9c5a10fdad5101368"", ""8"": ""afad63685a89ebc6e0ee1558ae3771803ae8fb26869bf5ecac85a874d83ca8f6"", ""9"": ""440fa75101047485df73147448b0bde39853fe763701dae5875bc0039c526058""}",,0,0,0,0,0.0,0.0,"{""0"": 0.17786379018590434, ""1"": 0.18108954754227155, ""2"": 0.1926046220515864, ""3"": 0.17889439634269652, ""4"": 0.08087356935037562, ""5"": 0.06641497209387309, ""6"": 0.01821294338647247, ""7"": 0.01067761115833192, ""8"": 0.0710987345255508, ""9"": 0.02226981336293729}","{""0"": 0.17786379018590434, ""1"": 0.18108954754227155, ""2"": 0.1926046220515864, ""3"": 0.17889439634269652, ""4"": 0.08087356935037562, ""5"": 0.06641497209387309, ""6"": 0.01821294338647247, ""7"": 0.01067761115833192, ""8"": 0.0710987345255508, ""9"": 0.02226981336293729}",[],[],1,0,0,0,0.0,6ee18c38a3d7da7f6b774ad83fa1daaea1ed3f2dcad2d4a03336411eeef1bce7,cbaf24860f7fe08847c3446ee0d712e079e3210b3bc4a38418ec324befda95eb,"[""proposal_created"", ""proposal_committed"", ""v1_challenge_sampled"", ""audit_accepted"", ""committed_once""]"
1,trust_v2,0,none,0,0,0,0,1,0,,10.15,,0.1,,b5856a37d0e28fda9fadddce678ef2b9be8c2faab17bdb55aa1167fa211ab71f,1,"{""0"": ""3965107826a00f10ffad36b484d78869e1cd8aa13e3ae961528c34131e642631"", ""1"": ""cbc9800658ba0970f9d076cfc05306b4b138eb9f0c2e2e8c427aa58d889e87aa"", ""2"": ""b1d66404542935a8a8c56fe90a0cd6deaba146eef39aa05c6b86841ed66714de"", ""3"": ""866f090d947416e541ac534fff0f809896b05e2e7369f481209d9f437cdfc175"", ""4"": ""0802b55be6a175bf548e6aaf9157a85b5ead22f6bd2c6386646e6d74672f0227"", ""5"": ""91fd8d0e6cf1a5c3056f302bd27120d1e648107668dc2fed57b02d04875df233"", ""6"": ""423f60e998ed4fc50be00bcb84da6841b1a3dab286478fcc7f50bc950ecfaabb"", ""7"": ""e04d2a5ad83283581455d898773425a7bc7c01b416965767a0f63566c1378e3d"", ""8"": ""f4f4a089a5f9cbc385c3aa49a8c3e52cd9f74f0b0b9a302e140f5ffb3365ef68"", ""9"": ""c494cfb8e356c6311d3b35cc5bdda203d1faae645016c79a63432a32e46bf967""}",,0,0,0,0,0.0,0.0,"{""0"": 0.09015904745022747, ""1"": 0.12933189859688116, ""2"": 0.14641930571624226, ""3"": 0.07370418591722641, ""4"": 0.08855411493041687, ""5"": 0.13331309105118486, ""6"": 0.10358517058375188, ""7"": 0.04550416957703336, ""8"": 0.09912340309471668, ""9"": 0.0903056130823191}","{""0"": 0.09015904745022747, ""1"": 0.12933189859688116, ""2"": 0.14641930571624226, ""3"": 0.07370418591722641, ""4"": 0.08855411493041687, ""5"": 0.13331309105118486, ""6"": 0.10358517058375188, ""7"": 0.04550416957703336, ""8"": 0.09912340309471668, ""9"": 0.0903056130823191}",[],[],1,0,0,0,0.0,8b617e77902b0a0335989e80269b498633be37dde526eb036aca22383a8f5956,2c2c507257570f65c8c780e2ac43c96663da8257dc4bbd20d9a595f2e7954945,"[""proposal_created"", ""proposal_committed"", ""audit_accepted"", ""committed_once""]"
2,trust_v2,1,A2,0,0,0,1,0,1,V2,31.03,,0.1,,bffe88c17c19baaf22d46a552663264f161b0f817eefc6a3cc639d1a13840d39,1,"{""0"": ""253a17d979634d0d27a8eb866bf434f120fb690048d086ff1e42c04fddc61af1"", ""1"": ""8afd3c397f2ffd9269acd5b9448e39b5741ed1187bc172c77fbbae547761c6ac"", ""2"": ""3df338de3b25f2314dbed35d7e6bc1489fa4c0c90d66f5ecd9e06f9b0fc99b4d"", ""3"": ""98033778c65447c826ba923aefd6cf7baef35108efac88135c0e80181476091e"", ""4"": ""404b050a567079b6d98136b93c5e02c5d7018f346fe1c4fa36df64c444df528a"", ""5"": ""a0102b74369fcf558377bd273439a9cea61635a2bae6f7ba78e267a0d648864a"", ""6"": ""805eaaab618c730f7ad0dd1809f05d1a500fbdb11a06f60e7239e4b8dc3dd706"", ""7"": ""e93873296f8d3179cac12d1cd05a35c5cf4f04d30919b668f81d42226befb92f"", ""8"": ""336724ab95d27ac5659c3b52fcf521fb7d6fd9531984da764e86bdb1b8f6234f"", ""9"": ""e88f5894a40996ad567b18a483a64827c0cfb6b017f25c1d1f5d5c1e2bebe405""}",728226b69737e2d8afc680c9b35b42169b22ae2477a110191383a0b24e3c3f70,0,1,1,0,0.6393058837179888,0.0,"{""0"": 0.035401746512733014, ""1"": 0.0737345017550137, ""2"": 0.09078058539979665, ""3"": 0.022111255775167926, ""4"": 0.16475753285111797, ""5"": 0.17818522568734835, ""6"": 0.16926684954711846, ""7"": 0.013651250873110012, ""8"": 0.1679283193004079, ""9"": 0.08418273229818592}","{""0"": 0.14270087325636652, ""1"": 0.16186725087750686, ""2"": 0.17039029269989833, ""3"": 0.13605562788758396, ""4"": 0.08237876642555898, ""5"": 0.08909261284367417, ""6"": 0.08463342477355923, ""7"": 0.006825625436555006, ""8"": 0.08396415965020396, ""9"": 0.04209136614909296}","[0, 1, 2, 3]",[],1,0,1,1,0.0,2c2c507257570f65c8c780e2ac43c96663da8257dc4bbd20d9a595f2e7954945,7c8ddf4a58735c7dc44bd55f4ad5a6523af696c7b902d1718cfda4ee3f498aac,"[""proposal_created"", ""proposal_committed"", ""audit_rejected"", ""recovery_recomputed"", ""recovery_audited"", ""recovery_verified"", ""committed_once""]"
3,trust_v2,0,none,0,0,0,0,1,0,,42.11,,0.1,,7e098c58cf5e61e42e08436f6f6b53070cbd96593070542ee387301496130a0f,1,"{""0"": ""1c7fc9799615b5a0b7969ead5725c2f09b205acce42a5d92799499a654a5bb5a"", ""1"": ""2568ea74c8b566968132a375aa6678e2a51a61d7b3ef763de277433ebd112d7f"", ""2"": ""3ec678a5c051e3874e861b648a0b900a18906c03b43168dfddd6446ff9261889"", ""3"": ""4d3df93bd8796ad0e94d31795d4dbdf28ed54241ca6a161f7b924ce6532c0a42"", ""4"": ""0598d4cbe2d52448d3fb0e72479e12533efd6e4d070bd4042e8da707d63c27ba"", ""5"": ""53c253d7880eab04ef5afe8a6afad6c750441290e7c643bd0a7f0be51d6d54b4"", ""6"": ""f0940c03e9198ed41cc2b84b1300e948cbbb1ad9d40a78850f05d00d8e36d10e"", ""7"": ""61b60dea3ca0f06c7aade57cda4e09860a1c250e03b2bbdb5f94a7f8a771fbbe"", ""8"": ""3b4a933ce759aa9ff362d54485510f06f46454c1252dfd22f5cad99b394081ae"", ""9"": ""d925d34c1a118b99c777537e3791111e5072877b3e95d4b9a8ecd372fb8d8522""}",,0,0,0,0,0.0,0.0,"{""0"": 0.010620523953819908, ""1"": 0.02217964244000642, ""2"": 0.027234175619939002, ""3"": 0.00663337673255038, ""4"": 0.21408990920478668, ""5"": 0.21811821705565582, ""6"": 0.18277891098519608, ""7"": 0.010218546101718266, ""8"": 0.21504114513957368, ""9"": 0.09308555276675384}","{""0"": 0.010620523953819908, ""1"": 0.02217964244000642, ""2"": 0.027234175619939002, ""3"": 0.00663337673255038, ""4"": 0.21408990920478668, ""5"": 0.21811821705565582, ""6"": 0.18277891098519608, ""7"": 0.010218546101718266, ""8"": 0.21504114513957368, ""9"": 0.09308555276675384}",[],[],1,0,0,0,0.0,7c8ddf4a58735c7dc44bd55f4ad5a6523af696c7b902d1718cfda4ee3f498aac,3b2da62476e48fcaf43a6aa7e5c62d750ef8ed67e6b9eeedf18d7be97dcb948f,"[""proposal_created"", ""proposal_committed"", ""audit_accepted"", ""committed_once""]"
4,trust_v2,0,none,0,0,0,0,1,0,,44.04,,0.1,,336c6123121d5ae9e5be4e97b97ad52478775b1a4a5db0f77b8addcae6e4200b,1,"{""0"": ""f26f6a3848d2eea999b0c50de30123558ffad162fa4fbc1bf7e4385525a84f1b"", ""1"": ""6d16f1afdc5b967b98ec4235b46da0439ca72e206dfde28a89bfdfad163b66e0"", ""2"": ""edbb93e4387997fa7d32a7575908aba7fe30f5f46527d584a1fca6f6e2335028"", ""3"": ""c252ffbf23d130ffa49e856131d2cd420d21dee65192157852d85d874f425830"", ""4"": ""b54e6c30ef535e03e9ed34ee6f61aca24dc9a3e89bb37c121969168d5657b8f9"", ""5"": ""8a3112c1c825b4f8ca862cc1e23edc867b45286fc13aeae63e615263e1ccb40f"", ""6"": ""d07d4709b36c0aa5c965d1c02075c1bb9ea61d67c7aba0509b1f09908b08cd28"", ""7"": ""519a91f00629904682ccb84cb4ff8877ac6dbd714b164bd58f191de1e9b39435"", ""8"": ""8c65faba099e173210ea376d7ec3e4e2985245277c34044ec4fda6cb93961f4b"", ""9"": ""4f889c34bd143d3a417ef43fcc2eadce1dfe97a3464b7eff358ee57712431118""}",,0,0,0,0,0.0,0.0,"{""0"": 0.003186157186145973, ""1"": 0.006653892732001927, ""2"": 0.008170252685981701, ""3"": 0.001990013019765114, ""4"": 0.2851804333964191, ""5"": 0.2863889257516798, ""6"": 0.059561575228649535, ""7"": 0.025098662574708528, ""8"": 0.2854658041768552, ""9"": 0.038304283247793065}","{""0"": 0.003186157186145973, ""1"": 0.006653892732001927, ""2"": 0.008170252685981701, ""3"": 0.001990013019765114, ""4"": 0.2851804333964191, ""5"": 0.2863889257516798, ""6"": 0.059561575228649535, ""7"": 0.025098662574708528, ""8"": 0.2854658041768552, ""9"": 0.038304283247793065}",[],[],1,0,0,0,0.0,3b2da62476e48fcaf43a6aa7e5c62d750ef8ed67e6b9eeedf18d7be97dcb948f,85269a2c4f5d748d48db86e7f8086d387103c89aa9d07662ac22360143881fc8,"[""proposal_created"", ""proposal_committed"", ""audit_accepted"", ""committed_once""]"
5,trust_v2,1,A1,0,0,1,0,0,1,V2,48.39,,0.1,,f867e55db280ccf88ac9640e88b0e63738ddf612b3c8bf931caa8081e4201ee2,1,"{""0"": ""5cefca277782c2bea9bf185cae2715c28874747e7b210f712e62507fc5ac462e"", ""1"": ""1d061f8efa717a09b7810f9c9cf5adf6eada893905067210d3d7a51f5d76dfc7"", ""2"": ""40a6d547053597051f164fec36a56407154eabec21942aa69fe57a09c86b5fec"", ""3"": ""624561bfc21cb25896bcc52eecadaee55bd68f7306b53814b61c6603a76745de"", ""4"": ""5e9648c0d8729136b287c0d3e5f6d4e319dbddc644ea1be56ed4a19d53f003a7"", ""5"": ""e120a59161ed11a8c65f5ac5fadcbbb633c46c176c6c2d8c9adb3e3856210915"", ""6"": ""a74a4cec928b07aba14f8679a3b8e6da1d714a1ef9dbb26a1cf02f538f506624"", ""7"": ""1a4e2035cba8687499d140aeaab3a84f3bfa9af28fd276481ee912d7a4fc79ae"", ""8"": ""93788d21f38d71f0d70804bc88d01eeeba26cef510e198fabb3ebfc3c2eee312"", ""9"": ""959637122e91de8e1629201b5762b77d6329367b1af7c43eccae7d40cb1ca189""}",b8eb952f855359ceebd61153e1f731eb38e6cd611082ed3ff9d273d25b873445,0,1,1,0,1.8466816433212665,0.0,"{""0"": 0.75, ""1"": 0.75, ""2"": 0.75, ""3"": 0.75, ""4"": 0.3060739036710406, ""5"": 0.22978491642798607, ""6"": 0.01928976409526933, ""7"": 0.05372978086760823, ""8"": 0.3061595149051714, ""9"": 0.07896202534575605}","{""0"": 0.1877816769605697, ""1"": 0.1877816769605697, ""2"": 0.1877816769605697, ""3"": 0.1877816769605697, ""4"": 0.07663342787362115, ""5"": 0.057532529262788776, ""6"": 0.004829685666644615, ""7"": 0.013452624472057875, ""8"": 0.07665486283510349, ""9"": 0.019770162047505438}","[0, 1, 2, 3]",[],1,0,1,1,0.0,85269a2c4f5d748d48db86e7f8086d387103c89aa9d07662ac22360143881fc8,8d4440b49d262620c6a881db5300ab4041276c3ef4924fee7abfedec05a96257,"[""proposal_created"", ""proposal_committed"", ""audit_rejected"", ""recovery_recomputed"", ""recovery_audited"", ""recovery_verified"", ""committed_once""]"
6,trust_v2,1,A2,0,0,0,1,0,1,V2,55.65,,0.1,,49762af1b3160fd92b5e88c8945a092590a0f35356a234318dcff1be4e3ed9da,1,"{""0"": ""eaf425e4f65dbc6108056ca9133c7d5312ff902b71afaddf70d0c5a9321e571c"", ""1"": ""83420b9edd38aa40f381adcc22c75281410f129a0bc3811796b37bd753b6f45e"", ""2"": ""d8cac46d64d90dd164ce38386438d94fdff992dcf8350192d31227b01005a826"", ""3"": ""9f392b622b2819cce7d0dc9492910263bebfed91cc55a8379d259813f1bada4e"", ""4"": ""574cc0a23163f7c7970eed3d6a5a8f6d1ad20c70fd0c0604d5d564f3628ab35a"", ""5"": ""66ff4930a9b1dc218235d657d5456c0060538be730adf298f2e879c48b37ce7d"", ""6"": ""1799acaae627478d7ae629b0bb5402eb422c8e57dbd048994e2b45f370a807a6"", ""7"": ""8b66d7a04a797cb74ae7c5e569eb01c1ed668d04132981d17e4c772eeef034d7"", ""8"": ""54f6a3125a7a9a48f092b8fcbb4b9e5069a5d4c28bb658d823066d65fc818991"", ""9"": ""b7b862c836e076dded77f4c5ab836f1aac903eb8904b2a8a03d5867a43705d7f""}",ccd26128cff7f4238811438cd1f78bb07d6162f67559e89df3960b8b9c7b5ddb,0,1,1,0,1.2084418700321893,0.0,"{""0"": 0.00028675414675313776, ""1"": 0.0008764690948719888, ""2"": 0.0007353227417383536, ""3"": 0.0003495226457210312, ""4"": 0.35149173325328575, ""5"": 0.14331018860661643, ""6"": 0.006299801121426261, ""7"": 0.06950208973328971, ""8"": 0.1437899489005971, ""9"": 0.2833581697557004}","{""0"": 0.12514337707337658, ""1"": 0.125438234547436, ""2"": 0.1253676613708692, ""3"": 0.1251747613228605, ""4"": 0.17574586662664288, ""5"": 0.07165509430330821, ""6"": 0.0031499005607131306, ""7"": 0.034751044866644855, ""8"": 0.07189497445029855, ""9"": 0.1416790848778502}","[0, 1, 2, 3]",[],1,0,1,1,0.0,8d4440b49d262620c6a881db5300ab4041276c3ef4924fee7abfedec05a96257,1c5296c850d1ae8d50fcdbcc23b1189e6213860be4a0193568c9127837a5a34f,"[""proposal_created"", ""proposal_committed"", ""audit_rejected"", ""recovery_recomputed"", ""recovery_audited"", ""recovery_verified"", ""committed_once""]"
7,trust_v2,0,none,0,0,0,0,1,0,,57.93,,0.1,,e5aa96cc7b79ccfd2feb7b3c9ff1d0e51e19a19f3bdb382bccde6dac945331e2,1,"{""0"": ""edcd37ac73cf888ce565c3cc6c24d04372248df50a13de68a1cf6c1b0c6eb9cd"", ""1"": ""b3861104f0d81872f3e017b65f3122f69b087f6011d80843fd36d867b175ad32"", ""2"": ""75f13f88d39b785917c9185700cef185e7ac28cc480cefb32519f356812e92ba"", ""3"": ""c519f871949321e917f3f999b925095bf4c89fe6049be0fef630db695cffb6eb"", ""4"": ""3f2232585ecd3776bffa273a03f61afaf787c089794b32c7ddc22b09fb001e3f"", ""5"": ""4ba4b99dce4e9f72dfd2d515dbef463dd82c54a6be9e8d2dd5c6ec83264fe54f"", ""6"": ""6674fedb376f0baf02937544769f33d6a781f34ea93d681ce52cfa39db9f5cf6"", ""7"": ""e5d4baddff5ab40d3fbc1f53bbec43fe5c91b3076bbb5a80a74ed1c50ec93235"", ""8"": ""60267c697c98ac26e161b0337c3be7a47eee77554f6732e26e8f0440bd8f90b8"", ""9"": ""40ba85c82de4e8aad8ba7111f8432090d6c54a7f279f8fda11583e60a8c3c400""}",,0,0,0,0,0.0,0.0,"{""0"": 0.0004123841786570016, ""1"": 0.0013711815487065045, ""2"": 0.0007172316843214836, ""3"": 0.00030711388718946553, ""4"": 0.4222456977158011, ""5"": 0.04409951579452342, ""6"": 0.0018899403364278787, ""7"": 0.08014041866131252, ""8"": 0.04701088752653511, ""9"": 0.4018056286665255}","{""0"": 0.0004123841786570016, ""1"": 0.0013711815487065045, ""2"": 0.0007172316843214836, ""3"": 0.00030711388718946553, ""4"": 0.4222456977158011, ""5"": 0.04409951579452342, ""6"": 0.0018899403364278787, ""7"": 0.08014041866131252, ""8"": 0.04701088752653511, ""9"": 0.4018056286665255}",[],[],1,0,0,0,0.0,1c5296c850d1ae8d50fcdbcc23b1189e6213860be4a0193568c9127837a5a34f,fba0bad69ccdd0d88bf0e7aac0dfa3ad5cf5861ae3b6bebc4296977b9a6dd617,"[""proposal_created"", ""proposal_committed"", ""audit_accepted"", ""committed_once""]"
8,trust_v2,1,A1,0,0,1,0,0,1,V2,55.88,,0.1,,c1f5675a033790d3b6a42a15313b08ced479ff777b3d3b3e6e3d37c1b558fd42,1,"{""0"": ""89b45b579ebe813dacd6e963db38f5e73d68bcbb21e740960e5ee20fedd9105f"", ""1"": ""0ce3c4570de711284810da109ace73b500e647d65a2d7b3d36f1bd3eed25676d"", ""2"": ""cd5da3e601f913a369ed53bcaa6461ded9910ba3295efcc042c5482d0383fe39"", ""3"": ""77804459387464674228bfccdbbdb66a37334fb665f1b61bd8de2ea9fbc038d9"", ""4"": ""f13deb4a73472d2e6732a84341cbaa92abdaac4b4aa5a42ce402fa21e1a45ecf"", ""5"": ""b4f7f08850b051919c6e1dc9342bdc95359794f19f6d8d3b114c9ae5e94af9d8"", ""6"": ""96891e8c8ee85423c7dff002e09cc047faf0b4bac181fcf39a2441d3af81c45b"", ""7"": ""c13cecac47225c7a7bf7a0f17ffb1792795b6703a432052af1b75b5d85e557be"", ""8"": ""2805c666bafb567545d2c66266af721504086a3fd1107558c2be922c5b2107ec"", ""9"": ""fdd13f2b5f3c724c4a327013bc9c11cb296040fabbd027526412c0f4d752fa95""}",453337335228d75d614b9509626177b9e1449ca32e2c516923e7571c21d33353,0,1,1,0,2.2301245423102483,0.0,"{""0"": 0.75, ""1"": 0.75, ""2"": 0.75, ""3"": 0.75, ""4"": 0.4583056345593701, ""5"": 0.014027187894484351, ""6"": 0.0005669821009283637, ""7"": 0.04109993298838566, ""8"": 0.014103266257960535, ""9"": 0.4521736138445875}","{""0"": 0.18842911486981415, ""1"": 0.18842911486981415, ""2"": 0.18842911486981415, ""3"": 0.18842911486981415, ""4"": 0.11514416674649415, ""5"": 0.0035241741320936777, ""6"": 0.0001424479138999456, ""7"": 0.010325898658946913, ""8"": 0.003543287970347759, ""9"": 0.11360356509896101}","[0, 1, 2, 3]",[],1,0,1,1,0.0,fba0bad69ccdd0d88bf0e7aac0dfa3ad5cf5861ae3b6bebc4296977b9a6dd617,ca9e2686a797e6d485f09d4276b93d34c7a3f4180c4cd012362ba91296f419e1,"[""proposal_created"", ""proposal_committed"", ""audit_rejected"", ""recovery_recomputed"", ""recovery_audited"", ""recovery_verified"", ""committed_once""]"
9,trust_v2,1,A1,0,0,1,0,0,1,V2,56.33,,0.1,,d116276c4ab297d7be1021e76e8689e3d514788c0aa0035bae1894d845cb3674,1,"{""0"": ""081b15218f2f9ca8a686824f5cc779d663c470199140d38e6ddcc2ae278416b0"", ""1"": ""550d9bab28859b648d98129d5032a5c229f3b52bffc1f08a94d6b5d052fa4b4d"", ""2"": ""ea449c3e83729fe242f27e0525b2bef7d315cb5eba11af9b8549069bef052c10"", ""3"": ""28250139c86f06e766832ffcff3205b75ab57283b9a05e667d644e6f055d5cd2"", ""4"": ""07aa2ab2d4d2c8b7254a269c794faf4d1a9b753e8dae0689c1da5a7c3889cb5f"", ""5"": ""32e9029ece15c203b7d85e5e04b67685e9533e109880e311727656e9e4f0aa14"", ""6"": ""46a66499b9e82145a6ab337e46892908bb3e2fb7de01a6d8f98b5b01724f8dd7"", ""7"": ""84efaab54e111d7e1e3598739e8ac1197e7fedad32aa97ec926ad19ce28de01f"", ""8"": ""4005cf116d53f01bba695e6ef69618c4039b493565b3890bedc03e6be3cdbf01"", ""9"": ""a019ec873a867355144acf5f8ebf157aa28261e917c96b2947317d029b235cf9""}",1ce0af27e27e9527b728c8454111dcc501fa3cbc6d82844b2764451542b8a415,0,1,1,0,2.4258111452831033,0.0,"{""0"": 0.75, ""1"": 0.75, ""2"": 0.75, ""3"": 0.75, ""4"": 0.4434631116799696, ""5"": 0.004976959791340323, ""6"": 0.002187560832108187, ""7"": 0.07340830097712739, ""8"": 0.004230979877388162, ""9"": 0.38863880324852246}","{""0"": 0.1914776750582813, ""1"": 0.1914776750582813, ""2"": 0.1914776750582813, ""3"": 0.1914776750582813, ""4"": 0.11321771413145539, ""5"": 0.001270635586272525, ""6"": 0.0005584920829075132, ""7"": 0.018741401068105217, ""8"": 0.0010801842535208767, ""9"": 0.09922087264461321}","[0, 1, 2, 3]",[],1,0,1,1,0.0,ca9e2686a797e6d485f09d4276b93d34c7a3f4180c4cd012362ba91296f419e1,2d7758b51cc3f16e1ef5f691482e35526ebe912342e74c0fee2b1879697e9e1e,"[""proposal_created"", ""proposal_committed"", ""audit_rejected"", ""recovery_recomputed"", ""recovery_audited"", ""recovery_verified"", ""committed_once""]"
10,trust_v2,1,A2,0,0,0,1,0,1,V2,54.56,,0.1,,8173ec2f98b923040ead7d14cece63fe34e506d03aaa25bb0eb0e08bd8ca8e5a,1,"{""0"": ""4c940b9c178c4340e0db911f97f394cc1fbdf84f3616178a76a9e58f51c5e097"", ""1"": ""ad492829aab6237ddf59f0fc4ea1738ffce6738b9665f689ec49eac26d1035da"", ""2"": ""5c3123787c4eb425cbf65789416378ecd950a7b7f1f7fbdc08921e2874044a7e"", ""3"": ""7973bd1651882108048e9d6daac0da991a2700dc4cc46fdae2e318b055050332"", ""4"": ""ac28f2b3c084a3e84bc0c372a40fadbc65d53bf995d629d6580c79572bf4be5a"", ""5"": ""0bd758ea30d756119189269504f6372b9bb9164731e24949427197b3e3205e69"", ""6"": ""2b229c8032f1fc9f5ff65c7029c7f87d228b878410e6c4e3de988ba0cf0ac5a5"", ""7"": ""7ff5c3d3efcba65352e11a2d2a472d1302abbad76e9ddbd1932a6c0bf5e24ab3"", ""8"": ""0f3087808e280110a48ae51a33beae2840d39f40c30f87adfc4c45722c7e6867"", ""9"": ""cdfe88d4111b74cfaf74b1b34bc1a5f8361bd98205912205cfeec87e1f2df993""}",2e34e95c2d263e89ca8db9863a8a9fa82588d67161febbba1dcb7a9cdb554311,0,1,1,0,1.3803114938422585,0.0,"{""0"": 0.03697396834629814, ""1"": 0.11787884569934513, ""2"": 0.044845606015698584, ""3"": 0.003198137140008043, ""4"": 0.5493032791298252, ""5"": 0.006688519487372406, ""6"": 0.0025278936899720693, ""7"": 0.04224189173304826, ""8"": 0.0019617104390494693, ""9"": 0.19438014831938266}","{""0"": 0.14348698417314906, ""1"": 0.18393942284967257, ""2"": 0.1474228030078493, ""3"": 0.12659906857000403, ""4"": 0.2746516395649126, ""5"": 0.003344259743686203, ""6"": 0.0012639468449860347, ""7"": 0.02112094586652413, ""8"": 0.0009808552195247346, ""9"": 0.09719007415969133}","[0, 1, 2, 3]",[],1,0,1,1,0.0,2d7758b51cc3f16e1ef5f691482e35526ebe912342e74c0fee2b1879697e9e1e,8053c4e931899152d4b4bd9a1401c857fff3ad750cac48ddd4525a0680ef18af,"[""proposal_created"", ""proposal_committed"", ""audit_rejected"", ""recovery_recomputed"", ""recovery_audited"", ""recovery_verified"", ""committed_once""]"
11,trust_v2,1,A2,0,0,0,1,0,1,V2,30.28,,0.1,,13e78cbe4be2a38931a0186ecb5d577b7cc56f858bc36d6aa0a3bd6da6c82eec,1,"{""0"": ""b33c76a05e4ab555333019626f4f87be973e4957d785a9041a6c5348ac494706"", ""1"": ""91e5486b0876689cf62e7e97ffca1417e3abd8bbcf1bbc40120459b61c030728"", ""2"": ""6e20204439fdb62add80f021cea5c09c0951c1a25fd0d59c82bf77be3269f573"", ""3"": ""1840f81966ddba3aa8d2d612ea99ff7d86a5e0711f1ef117ec029d17c926d33d"", ""4"": ""62d7dfe6411a7b23f6665f099ccb99f7c2a11508e5ae0573a6216ee3520c2987"", ""5"": ""bc2905d3472b9a028c2cf9b929f270f6ae8e58524f1b888bd84dae355674b40a"", ""6"": ""c3fbb88150ae6dd2b70a777e4c20dc4ccd7cc403605f13365671c988d9640092"", ""7"": ""98ce675c1e363ce0157eeb89da24855b1d2ca8e43bad9c4542ead5864f403d15"", ""8"": ""04d25f4bab01a8ccb17c32c36d4d310d9c58eaffa1f34be2ce9c9b3fa6e23aca"", ""9"": ""0fda41e072c3593d9548ae639f2ea0ee9af50d39a3682212c690cd9b2c05c635""}",fd6d126550a4e0eac0cc0a464b521d024dcf98f05e9d778b8aa31e98f627b866,0,1,1,0,0.6464538710600476,0.0,"{""0"": 0.10503136257318843, ""1"": 0.2333501814980077, ""2"": 0.09974995385728076, ""3"": 0.04926663488389371, ""4"": 0.39550622948791403, ""5"": 0.004549254959935763, ""6"": 0.03930696507607317, ""7"": 0.013092851855051303, ""8"": 0.0018325213128403742, ""9"": 0.058314044495814815}","{""0"": 0.17751568128659423, ""1"": 0.24167509074900384, ""2"": 0.17487497692864037, ""3"": 0.14963331744194686, ""4"": 0.19775311474395701, ""5"": 0.0022746274799678814, ""6"": 0.019653482538036584, ""7"": 0.006546425927525652, ""8"": 0.0009162606564201871, ""9"": 0.029157022247907408}","[0, 1, 2, 3]",[],1,0,1,1,0.0,8053c4e931899152d4b4bd9a1401c857fff3ad750cac48ddd4525a0680ef18af,bd9494fda1e4aa45b8414c55310b4d185874850fb748656a0cca711bf0f5ace3,"[""proposal_created"", ""proposal_committed"", ""audit_rejected"", ""recovery_recomputed"", ""recovery_audited"", ""recovery_verified"", ""committed_once""]"
12,trust_v2,1,A2,0,0,0,1,0,1,V2,59.81,,0.1,,af82c82ea379cace73b46ba13ebd96d79fac3b99d9281672900461eae6fc6830,1,"{""0"": ""c33ad6b5995604dfe334f20ac5b4420a31461817e259e6bd75220f0bd7ca3c83"", ""1"": ""c27a9e4afef8f1a5617da3ccc029aad9b182bd92a4cd03c1f0cd7007d4f4aaec"", ""2"": ""3bc274fbb4bb66a785bb6cc62bdaad1584cefcbfc837d31748ff33556fbdc0bf"", ""3"": ""64f27930c08b2c1313b309ffdfb281890da8e901a600bc8469a880ac69adaa29"", ""4"": ""8052f4b1a40adf9a35c3831ff4c29b6ad6ec040ed9609f1f2d7a5c69d84eb51b"", ""5"": ""30a32c34f98c08525ef003f7f94e29d04cdf094c9180a4898ef0283850a2e024"", ""6"": ""014d19c83faa6d0a902f33776cff23383ac0fea0a59f84071b66a5c38409f078"", ""7"": ""b765a04d958bd115c257548ee05c508dba55564c7a36638e859921ff37f0bd5b"", ""8"": ""ad19969bdc6fd9b1fe14f512c657cd410069d01c4f6ddbb32182aebed8f8fa2c"", ""9"": ""431934f0924234ef40ecc05c02823cdd172a941d8b2e5462519387c79aa2c1fc""}",965dcdb0536b8c47f47aad871816c7867c95a70857b53418ff73b1add84c81a0,0,1,1,0,1.158940576353873,0.0,"{""0"": 0.03150940877195654, ""1"": 0.07000505444940233, ""2"": 0.029924986157184235, ""3"": 0.014779990465168117, ""4"": 0.31990692694689765, ""5"": 0.13383586742250683, ""6"": 0.21304714762334537, ""7"": 0.01105104104338, ""8"": 0.07738181606042774, ""9"": 0.09855776105973124}","{""0"": 0.14075470438597826, ""1"": 0.16000252722470115, ""2"": 0.13996249307859213, ""3"": 0.13238999523258405, ""4"": 0.15995346347344883, ""5"": 0.06691793371125342, ""6"": 0.10652357381167268, ""7"": 0.00552552052169, ""8"": 0.03869090803021387, ""9"": 0.04927888052986562}","[0, 1, 2, 3]",[],1,0,1,1,0.0,bd9494fda1e4aa45b8414c55310b4d185874850fb748656a0cca711bf0f5ace3,2d08e120c4b4dff888f0fbc6c1b0282e6e121967c73d61a575359588de9e852a,"[""proposal_created"", ""proposal_committed"", ""audit_rejected"", ""recovery_recomputed"", ""recovery_audited"", ""recovery_verified"", ""committed_once""]"
13,trust_v2,0,none,0,0,0,0,1,0,,64.03,,0.1,,ab341f3141130accf201ef6454954d18811cdf6bfa19fea31d6e57ffaed2e177,1,"{""0"": ""855672b5e624289e1cd84b0591411e09636c96cf4b80a07f44a4707aea689a55"", ""1"": ""7e795c808a6092ba6fa8d69fb3d71c2eeb2670462f7477a6d1b248c5e75adb68"", ""2"": ""88a1cdc703a08e098fe048fb7d27f4b14f95501d4902f22bdd33e905abbeb0e5"", ""3"": ""127b3b946a7d33ef04e6e471c8c10a636640828d37f792305d4a31ffc9bb6f98"", ""4"": ""9f228d4a3933440def19d20ca1ad742057e15d1ed1b0a625ddab0c69db3b3844"", ""5"": ""436d08ac48d920e2d0356df524b6cce662b964fc7163f72411911314cc991750"", ""6"": ""2f225b3f9effbcaa07eae620515b90fc99533597cc3ebfc1e6446eecd0b4a06e"", ""7"": ""dcd17aa8af624e50314a9f66bcb4ce074b073760fedbc32945fcbfc5c9ea7332"", ""8"": ""33427d206126732c4612a8275e5aca09e5eb79f24d0d4c55b9d97966cd05029a"", ""9"": ""d7db945ed0931029a202d0a08b35d5c733cd8cdfb46fce077667d0001ca83ce6""}",,0,0,0,0,0.0,0.0,"{""0"": 0.009452822631586965, ""1"": 0.021001516334820704, ""2"": 0.008977495847155272, ""3"": 0.004433997139550436, ""4"": 0.1773818766221883, ""5"": 0.23631059638446156, ""6"": 0.2600739804447131, ""7"": 0.02197779276308539, ""8"": 0.2193743809758378, ""9"": 0.04101554085660043}","{""0"": 0.009452822631586965, ""1"": 0.021001516334820704, ""2"": 0.008977495847155272, ""3"": 0.004433997139550436, ""4"": 0.1773818766221883, ""5"": 0.23631059638446156, ""6"": 0.2600739804447131, ""7"": 0.02197779276308539, ""8"": 0.2193743809758378, ""9"": 0.04101554085660043}",[],[],1,0,0,0,0.0,2d08e120c4b4dff888f0fbc6c1b0282e6e121967c73d61a575359588de9e852a,de02c660fe5ee985c83a937d5daadc7f6492e7c775aca3d8e00597ee22dbec78,"[""proposal_created"", ""proposal_committed"", ""audit_accepted"", ""committed_once""]"
14,trust_v2,1,A2,0,0,0,1,0,1,V2,19.42,,0.1,,bf7c4921a6641eaa8c50799e48c167288efde4fddee5b570587d27e457399149,1,"{""0"": ""5d529a05f2974b394ad49f090c4e6434c10d0b68845db9d3edc95076d7084297"", ""1"": ""9be2687e2497072e3a459bcaaf5cddc6528bf872fd349481992f041d4b8e414a"", ""2"": ""8f79da8ef4af9403568bf137aa0fbed222aa17272fea1311684effd800e6bb15"", ""3"": ""35b69999a5834e035076d5d4c5d4103c3d3f4c88855f2751ae1b26f7e50b54a0"", ""4"": ""44c1bb7e65a8a8719c4386ebf67f8787d38734cf2ba2ed9e4ebf8d758a07bcc9"", ""5"": ""940a02e4d4954d853716ec2775e72307eb51997d369c9b579dbcb813281dc015"", ""6"": ""4cf8195937ef7ee5c7db56a41acee03fdbef358ad99a9449d3424684d80ae366"", ""7"": ""0398be5c99fda9cf9ed58fc48705a61e0935ced69ac1482dea5b720ea1f60375"", ""8"": ""d2e75948a3f87678ae6c199108cbf478fa3050e367c1a77d5229db02e30de120"", ""9"": ""9b0bad4650678e49ffe50dcdf96cc765e7cc404320c72f310a2f28e6d975465b""}",7c393e64d4e29a566daae07a9cebc2588a79dc8753f20abb1ef602ca43140ee9,0,1,1,0,0.25055310110651535,0.0,"{""0"": 0.1499992703750295, ""1"": 0.18224137518135325, ""2"": 0.17863416903505364, ""3"": 0.17727111942277218, ""4"": 0.07099280398679711, ""5"": 0.07089317891533849, ""6"": 0.07802219413341395, ""7"": 0.0065933378289256194, ""8"": 0.06581231429275136, ""9"": 0.01954023682856493}","{""0"": 0.19999963518751473, ""1"": 0.21612068759067662, ""2"": 0.21431708451752682, ""3"": 0.2136355597113861, ""4"": 0.035496401993398555, ""5"": 0.03544658945766924, ""6"": 0.039011097066706975, ""7"": 0.0032966689144628097, ""8"": 0.03290615714637568, ""9"": 0.009770118414282465}","[0, 1, 2, 3]",[],1,0,1,1,0.0,de02c660fe5ee985c83a937d5daadc7f6492e7c775aca3d8e00597ee22dbec78,fd595ae8f60c3dd52a359d103159f97dc9ac26b7a3315e09be64527c40d884f6,"[""proposal_created"", ""proposal_committed"", ""audit_rejected"", ""recovery_recomputed"", ""recovery_audited"", ""recovery_verified"", ""committed_once""]"
15,trust_v2,1,A1,0,0,1,0,0,1,V2,67.56,,0.1,,03a42aceaef004a7d9c817108e0f0c2b2924d49a5f7a925cdc296b1196506020,1,"{""0"": ""67caa9c158071dc9c6338fae2efc2b89f97e03d8e1a96a646da2d099d75ac4eb"", ""1"": ""90361ff31ad04e295fda4556ea5e2d523760654160631e0d2caa1fe4d2e47efa"", ""2"": ""eb02f369ddb34f30dc4eb7f5ad18a4c3ac0fb3b6b71a07fb0b2ad6467edc8e41"", ""3"": ""5098c86e8dae93f520b0f7f142f6295d5a375557493efc6f6616ce663f8bf223"", ""4"": ""4a687f2adb5e1ca16c84cd8030d9f7e69250b55d32d7ee5a37e88e60782294aa"", ""5"": ""940dcacdb5ee7ac343805124c6bed8dd184da6c90b7096427da3c43eca8d7985"", ""6"": ""f0720e70c184000b0c9321ef75da85982c0cd2ff6a9fb79afa5d1b1c91b16639"", ""7"": ""e00a0cc68e96b105f7fa6993c01500e80dcfd61147fe61729de8295b1498b824"", ""8"": ""aa2325263893976d99b87b5f74b70c365eb5e8b14e228438e7094187403782e9"", ""9"": ""913a18932be67553fc6401379f95febb173da207627840221f4ae53bda494ca0""}",2084f445a7441b31044f5b2315b005304616d503b93a00befd72019b6b05afc1,0,1,1,0,1.2238334878603776,0.0,"{""0"": 0.75, ""1"": 0.75, ""2"": 0.75, ""3"": 0.75, ""4"": 0.17768604670100654, ""5"": 0.17765615917956895, ""6"": 0.16535910897037098, ""7"": 0.08073103925939495, ""8"": 0.1761318997927928, ""9"": 0.015991965892603096}","{""0"": 0.19770367342556044, ""1"": 0.19770367342556044, ""2"": 0.19770367342556044, ""3"": 0.19770367342556044, ""4"": 0.04683891219900624, ""5"": 0.04683103370196917, ""6"": 0.04358947103709318, ""7"": 0.021281097361394025, ""8"": 0.04642923146194379, ""9"": 0.004215560536351871}","[0, 1, 2, 3]",[],1,0,1,1,0.0,fd595ae8f60c3dd52a359d103159f97dc9ac26b7a3315e09be64527c40d884f6,71a7f548f54ea9b9b909fbd6cbdb503702cfdf3e7bdd723d21ebac42665f2aed,"[""proposal_created"", ""proposal_committed"", ""audit_rejected"", ""recovery_recomputed"", ""recovery_audited"", ""recovery_verified"", ""committed_once""]"
16,trust_v2,0,none,0,0,0,0,1,0,,70.43,,0.1,,cb7c8ba09e606c5ee824b8ab79136cf237de012be5e296c443a8e7df21553bbf,1,"{""0"": ""88ad5bda357c686c9fdd8182c8850a36cdcf0b8d69feff99344364a800c738ee"", ""1"": ""3fea56175d711461baded989e999c8c982404e0368cb4499934dcbda6357f86f"", ""2"": ""e8c6a9e14f13b7d9c93d4354aeeb2f95d98de151e1757158129af5c07fffe4de"", ""3"": ""5768c6189eecb3cd5b4a1d3c845dfe889842ca163b0db67a9f3d6df846be012d"", ""4"": ""c1001814f4a528fc1502535eb57fe3634d469151699c3daa5b8d571111359245"", ""5"": ""a5000609e61d110641b210f21f7143bdb888e63b3616f97a58826bbd5f23f51f"", ""6"": ""7ec8259cdae1b75b161ed9317fa35e3c3678c1c46a9c956c28a5b1a0e475160c"", ""7"": ""9d8a6ae706873285dd6c0500b971df31056c827814b8f1e9ab1bed43f018bc3c"", ""8"": ""06702314da22445999d702c005b234d8b524245baa19d7e7cf097ad9b864ffd4"", ""9"": ""9bbe76afc2df5270b2e1401dac30ca7bec6cbfd8065567aba8caeceb33d803b8""}",,0,0,0,0,0.0,0.0,"{""0"": 0.013499934333752659, ""1"": 0.016401723766321798, ""2"": 0.01607707521315483, ""3"": 0.0159544007480495, ""4"": 0.2114783210079237, ""5"": 0.28166712576983777, ""6"": 0.09018759276595548, ""7"": 0.055368182338044435, ""8"": 0.2812098479538049, ""9"": 0.01815579610315508}","{""0"": 0.013499934333752659, ""1"": 0.016401723766321798, ""2"": 0.01607707521315483, ""3"": 0.0159544007480495, ""4"": 0.2114783210079237, ""5"": 0.28166712576983777, ""6"": 0.09018759276595548, ""7"": 0.055368182338044435, ""8"": 0.2812098479538049, ""9"": 0.01815579610315508}",[],[],1,0,0,0,0.0,71a7f548f54ea9b9b909fbd6cbdb503702cfdf3e7bdd723d21ebac42665f2aed,babd44ed4218235f70c467e947dc5813eabce90a50b045666dab2608320c25c7,"[""proposal_created"", ""proposal_committed"", ""audit_accepted"", ""committed_once""]"
17,trust_v2,1,A2,0,0,0,1,0,1,V2,22.45,,0.1,,cff31fff31b5b551fd1748b02486bce5fdee2f5d0c9645dc02bc6250e1e08bd5,1,"{""0"": ""f92cab37a288f5a88adc821bd6c7a9e300db1cbf7c9a9eb336a0e34ece089cfd"", ""1"": ""677f5494ca52342a8a9d26a450102472e183e874c0a8c0efc4407238c06402a3"", ""2"": ""2fb1f7d7b5c78713fc4b5f3151147390ed748bc077f6e75e5c05deaf4cac0ef6"", ""3"": ""3b994669129c402d937832e3f7eb97092d6b950538a94cdf34eb311a63050fa5"", ""4"": ""fae4a7e770ad58dfa92646febc212764d10a360d34dd7b416a274456d8142104"", ""5"": ""40c65adbf9168052a1e5cd6f46a2d5503cf9684b4d7f60a2f3b9a7f312fef4d4"", ""6"": ""2a59c3481bb277c7f5d778061a4aeed44ef6d0dfcd76c9dae296fcca0b4618ac"", ""7"": ""997a111a2b06747ff91462cec52377e4fe921c418ef081fbfac7747095d60406"", ""8"": ""0bd699ef31bd7ba31bbf29a55ac5aba1ee7c461edca9c6940ad0c0efdcecf90a"", ""9"": ""047053e41948032c6f23d86e02b13e273db4f50d45b18a5b1bc918ef210cd1c5""}",eaf39c14a1cd5a3aaa560c0165d035c04355dca3fdf51115c9206c7dd4918da4,0,1,1,0,0.29330275123614463,0.0,"{""0"": 0.1633688087357396, ""1"": 0.16423934556551037, ""2"": 0.16414195099956028, ""3"": 0.16410514866002868, ""4"": 0.12616818255992188, ""5"": 0.08450013773095136, ""6"": 0.02705627782978665, ""7"": 0.016610454701413337, ""8"": 0.08436295438614148, ""9"": 0.005446738830946526}","{""0"": 0.20668440436786975, ""1"": 0.20711967278275512, ""2"": 0.2070709754997801, ""3"": 0.20705257433001428, ""4"": 0.06308409127996092, ""5"": 0.04225006886547567, ""6"": 0.013528138914893321, ""7"": 0.008305227350706667, ""8"": 0.042181477193070735, ""9"": 0.0027233694154732624}","[0, 1, 2, 3]",[],1,0,1,1,0.0,babd44ed4218235f70c467e947dc5813eabce90a50b045666dab2608320c25c7,ba2875492aab145b5f7b04e2ef93849888372550dd359b485c2912be097e0b45,"[""proposal_created"", ""proposal_committed"", ""audit_rejected"", ""recovery_recomputed"", ""recovery_audited"", ""recovery_verified"", ""committed_once""]"
18,trust_v2,0,none,0,0,0,0,1,0,,70.52,,0.1,,79e4d2927978410a048bb53eced6cf528f5c98380099bb4ed5da427b74b2cbb2,1,"{""0"": ""f17f616ea967c8f64111038e79373c1711d4514fa5bf6ead47ea00d1191294be"", ""1"": ""462d9e8668433854e531619b6e17d7f2d1fb2bc25723156d68c85e14efed4469"", ""2"": ""d4121748c9411bb3c6f90665fb22910d77f498fa4fb31eec6623576d66c7d92b"", ""3"": ""850e2b54c828257af771462d109adfb7e058befc652b2a1c449557becdfd98a1"", ""4"": ""7e66a4c1360dcf6e2b8517028018819f4a1fff5d95bc5bb57a45e7c008dc121a"", ""5"": ""777b57a915893328d5b05bb770cf409761192b3fcb31f6e243d17688eecb3ef3"", ""6"": ""1f04bd286849a149a0a5e5a928242e7983f2fbfa985388c1e5d42da493e56e08"", ""7"": ""18e1825db2eb0f2087a091abdd0190461e344f880b9ade81d08df5869de4f1d1"", ""8"": ""a64270741cb69ac574539ed378508554d4f222af70de7ac493499e1168b276db"", ""9"": ""beb7140302f09f1b1140ea1ae2075653f99035b315e26028958f843f9f3726dd""}",,0,0,0,0,0.0,0.0,"{""0"": 0.04901064262072189, ""1"": 0.04927180366965312, ""2"": 0.04924258529986809, ""3"": 0.04923154459800861, ""4"": 0.18464108783767935, ""5"": 0.1721406743889882, ""6"": 0.12569207915417546, ""7"": 0.053748011817203074, ""8"": 0.1720995193855452, ""9"": 0.09492205122815697}","{""0"": 0.04901064262072189, ""1"": 0.04927180366965312, ""2"": 0.04924258529986809, ""3"": 0.04923154459800861, ""4"": 0.18464108783767935, ""5"": 0.1721406743889882, ""6"": 0.12569207915417546, ""7"": 0.053748011817203074, ""8"": 0.1720995193855452, ""9"": 0.09492205122815697}",[],[],1,0,0,0,0.0,ba2875492aab145b5f7b04e2ef93849888372550dd359b485c2912be097e0b45,5bc71a6b219602db45ccbbbe519267f57e94c9deca27fd7c33bca93b6e4e884e,"[""proposal_created"", ""proposal_committed"", ""audit_accepted"", ""committed_once""]"
19,trust_v2,0,none,0,0,0,0,1,0,,72.1,,0.1,,0379a9d54fda31d9e08a5f91d8e8dbc16997a7f59f1f155f53a50a90cf5f9e46,1,"{""0"": ""14431622f5d9f85bd1a3e5180b541f138652644262925109bab2fa6c1632c76a"", ""1"": ""773fcda1e8146501f1bf05b8cf479a7bbb1d38b1b1376b6412dada1a81693e4e"", ""2"": ""db11959d4239159d723185d10d6e258dc16e490e5a373aa0204998f324c950b8"", ""3"": ""ec278cb78e2d2bb5e13c54e5b6f671606318734c93f3f4ae6f03ecf34d9f6da4"", ""4"": ""3ff4d3625807ab2d91c187de00899f94c4aee63c10072a16653ebff4942ab7a2"", ""5"": ""d02b1204de59fe8d87b6349833070eafd8ce07f8bcdd2ad40d571639b30e7a8a"", ""6"": ""aca1a4e46ef20160089a581244033066680c0c55a312dedc18008d5fedd2db83"", ""7"": ""4fd334aa57be9803c384b7f9e4141718e2c1683032d4247b5e154fcd09768601"", ""8"": ""6d44017d10efce8bc83419a31838f1fb4566c6550633efde767737c96bd31065"", ""9"": ""be1618722fca3ec9d75744e2e3e80f4dc3c4a13862c963bb323978eff12e0f6b""}",,0,0,0,0,0.0,0.0,"{""0"": 0.01470319278621657, ""1"": 0.014781541100895938, ""2"": 0.014772775589960428, ""3"": 0.014769463379402586, ""4"": 0.23165313001192928, ""5"": 0.27098069607959446, ""6"": 0.07204555791439372, ""7"": 0.03645839684349901, ""8"": 0.2709683495785616, ""9"": 0.058866896715546374}","{""0"": 0.01470319278621657, ""1"": 0.014781541100895938, ""2"": 0.014772775589960428, ""3"": 0.014769463379402586, ""4"": 0.23165313001192928, ""5"": 0.27098069607959446, ""6"": 0.07204555791439372, ""7"": 0.03645839684349901, ""8"": 0.2709683495785616, ""9"": 0.058866896715546374}",[],[],1,0,0,0,0.0,5bc71a6b219602db45ccbbbe519267f57e94c9deca27fd7c33bca93b6e4e884e,09d9f3b56380b1b3dbf7aebb0ba6609dfed744b4c37ab68c235326b1b5403a1e,"[""proposal_created"", ""proposal_committed"", ""audit_accepted"", ""committed_once""]"
20,trust_v2,1,A2,0,0,0,1,0,1,V2,72.84,,0.1,,424c00d353bf3128eb8c55da0520503c126672da3e7605b3ec1e4a45d23fbc14,1,"{""0"": ""53d528f9ab90d0767328b3022f692d0d9852480b23d85a1cd2a514e44eb3dbdc"", ""1"": ""17481275320e4c967428ea804950abb78db9dd78ba192ca16fd804dba0c1f000"", ""2"": ""c6b04e58f84b4b268c290fe5888b0f93e27ad05db65b5713a638c73945858630"", ""3"": ""458a045450c7538b74a5f56ab563afbb99203a7252bb7d918441f11fb43aaf62"", ""4"": ""503b6f41e2547df9ff4930e11359541e579c0f5add5d0b105107c10b2ccd5966"", ""5"": ""17a0c961bf43453601d1df012c433425302d5a92c915346df7c263e6d210fc02"", ""6"": ""91b6cd560612e05a8a71bd6c725e0d97153a0f3df35de58e65c1ee0c6696edf2"", ""7"": ""5fec41e8e2fbdf089ffbb8e399e697cd9c6e032a04747f184e02f8b9d1945b7a"", ""8"": ""8ec0ecf224724872ebd50e3b2df0dbec7522b63697ddc6922eabe4198761666c"", ""9"": ""79fce2a9ab2bb301c974ab72ba8b3cb96154462004b56a1f3f5d53b5b6b393d4""}",0df4250249f77acd15fe5d3c2adc0e121eeb9cd8e8a8026825c2244548eba947,0,1,1,0,2.1577655917919265,0.0,"{""0"": 0.004410957835864973, ""1"": 0.004434462330268783, ""2"": 0.00443183267698813, ""3"": 0.004430839013820778, ""4"": 0.25848886211343985, ""5"": 0.2702871319337394, ""6"": 0.035186069210761936, ""7"": 0.06527003762399462, ""8"": 0.14640681513659662, ""9"": 0.20665299212452493}","{""0"": 0.1272054789179325, ""1"": 0.1272172311651344, ""2"": 0.12721591633849408, ""3"": 0.1272154195069104, ""4"": 0.12924443105671993, ""5"": 0.1351435659668697, ""6"": 0.017593034605380968, ""7"": 0.03263501881199731, ""8"": 0.07320340756829831, ""9"": 0.10332649606226246}","[0, 1, 2, 3]",[],1,0,1,1,0.0,09d9f3b56380b1b3dbf7aebb0ba6609dfed744b4c37ab68c235326b1b5403a1e,4dc72780e87080719f15dcb9403f76e668ebd0811e66fcb01de9bdfd7f3d668b,"[""proposal_created"", ""proposal_committed"", ""audit_rejected"", ""recovery_recomputed"", ""recovery_audited"", ""recovery_verified"", ""committed_once""]"
21,trust_v2,1,A1,0,0,0,0,1,0,,10.54,,0.1,,63f2110c4b1c5df95c02fb66544dcf0f51bda828c55c4de0dc338b3776d6089e,1,"{""0"": ""56a82687b16e77bc347a3feb7d111fc655efc3c348490ac266cc6bc6532343ea"", ""1"": ""f5b4e0b83ed285e0dfaf5c744e8f0d286c08050559eba1a550687ac2b56601bc"", ""2"": ""a636825b7d2dde4d25982475d5b3e035d143280d9e37b41a262cde216c95568e"", ""3"": ""296f499f85fac4171fe5ccc51b0084ff9016e3bb032fb6d4cac60d5d356a53af"", ""4"": ""16ce2c31dc41bd4dc6f91f639081712dbd4696d23ddc886df23d0722f0f6dff6"", ""5"": ""4c634abe999b2ed1732ac63668a28ed69b6617876349ff6a2f678cefd9f6c202"", ""6"": ""fd9f873d9a60562917618b0765ef021e448d7760049f544839080a86b22dfa8d"", ""7"": ""202106aec3ba61a8371ed1b5453a359c2cdee0d534e387a4ddeb7d85dd2adcd6"", ""8"": ""3da9e5a36d1f8a963845f09f09d334408166ec92220e815cd694e2b81a655822"", ""9"": ""300016e513b5c7db4763456206bbd6d15e4b7b21aeb2aa7f279a7324635c945c""}",,0,0,0,0,0.4531236675614519,0.4531236675614519,"{""0"": 0.75, ""1"": 0.75, ""2"": 0.75, ""3"": 0.75, ""4"": 0.16125838616543456, ""5"": 0.08108613958012184, ""6"": 0.010555820763228585, ""7"": 0.019581011287198392, ""8"": 0.043922044540979, ""9"": 0.061995897637357494}","{""0"": 0.2219986252086013, ""1"": 0.2219986252086013, ""2"": 0.2219986252086013, ""3"": 0.2219986252086013, ""4"": 0.04773218670944561, ""5"": 0.024001348680346403, ""6"": 0.0031245035965135393, ""7"": 0.005795943447936197, ""8"": 0.01300084467259772, ""9"": 0.018350672058755384}","[0, 1, 2, 3]",[],1,0,0,0,0.0,4dc72780e87080719f15dcb9403f76e668ebd0811e66fcb01de9bdfd7f3d668b,c951c610344c3789614550c3de3c7590fc85dee7ef0e763bfe14b66af41bdda4,"[""proposal_created"", ""proposal_committed"", ""audit_accepted"", ""committed_once""]"
22,trust_v2,1,A2,0,0,0,1,0,1,V2,72.04,,0.1,,fd4b35553589fc371ec49f5941b17b06f5791a3b67a62590e47fa0896244aab7,1,"{""0"": ""bd92821b08566cb01c94ff7c7b18cdb80f875835729eda706429eea01cdb4ace"", ""1"": ""517a3dd27335a7766b138dca940147c1141f32c94d7f9e1b0feb6a0f8be03814"", ""2"": ""af55efc48b48036cf22e663389f5fef720278470e03d8f4bc8d81c81b0ebf638"", ""3"": ""92c88d5e3348ddb27d289bc901f4cd6cfb1be05a1c296704700011b7007ef368"", ""4"": ""cca08980df06013bcfa5c6d784e998c6fd10b1efdb8f8bc88350c71d640972f1"", ""5"": ""5608e4610bc1e60f9520280a759c7f425037d9e1671f614f88f4ebfbf6158184"", ""6"": ""cae6893205b6e5176b613987813c260d22fe58270fcc403829c5d7c96fbe3a51"", ""7"": ""ee70b0af028e42ce97550fa7eac94945290a842c9a25416519324e1737d39dac"", ""8"": ""f4042757e311e0b9800722786ea36c6b8a15a3cc3cf2e8c02788362c0b54b27b"", ""9"": ""d09e5c1973ab57b29c96a11565974964cdd0f0e0b6a30af219c42d4bee6390a5""}",4c45d64985199ebae739ab6db539c0b84eab043f1527d50db49b534432333065,0,1,1,0,0.6196478426291712,0.0,"{""0"": 0.046618606640372665, ""1"": 0.046620722044869015, ""2"": 0.04662048537607375, ""3"": 0.04662039594638869, ""4"": 0.21329007241880477, ""5"": 0.18923839844321094, ""6"": 0.019936171159635918, ""7"": 0.08615051127435244, ""8"": 0.1780891699314681, ""9"": 0.12681546676482386}","{""0"": 0.14830930332018633, ""1"": 0.1483103610224345, ""2"": 0.1483102426880369, ""3"": 0.14831019797319434, ""4"": 0.10664503620940238, ""5"": 0.09461919922160547, ""6"": 0.009968085579817959, ""7"": 0.04307525563717622, ""8"": 0.08904458496573404, ""9"": 0.06340773338241193}","[0, 1, 2, 3]",[],1,0,1,1,0.0,c951c610344c3789614550c3de3c7590fc85dee7ef0e763bfe14b66af41bdda4,9b0a193958aa479d17e5c0b6ebb9fe79245872e97b8049c128acb8af92078dd5,"[""proposal_created"", ""proposal_committed"", ""audit_rejected"", ""recovery_recomputed"", ""recovery_audited"", ""recovery_verified"", ""committed_once""]"
23,trust_v2,1,A2,0,0,0,1,0,1,V2,73.75,,0.1,,71a18e6b433e1aa282f8cebf1346bf8a4b3883e3f935a7efc4cbc63897d76d36,1,"{""0"": ""758105927c5998cc653ddd41632a31d2ed36a8728dfe5a1466bb3fd2311e1b28"", ""1"": ""63430ab63433ad455c4a2273f67428face613fe1db623e03b7becc23e239006e"", ""2"": ""55c2f476960c88e815324c126ba2d220e117d24291373dffe536773814ae33ba"", ""3"": ""d2b8970ca46523d30df4689f7b6029594512067431ae9bc496dadf0ce3cc5b36"", ""4"": ""97e1879a445a3c89b72660d4a7fddd0b5a4797e2ace6a77b440a54485d3e55d2"", ""5"": ""c51a44cd5397d7a286c0e20f285a483ae39242f6493791d1ff13471dd6d11f2b"", ""6"": ""77e765f61815ad8f99a08cee09d4855734fe3a71d0fc3ee632e825236d4867cd"", ""7"": ""2064762385c5cf688a6894e0d85f0f1e2627fa4748999de6f914e9196de0661e"", ""8"": ""639bc654826154be84700c3cc9e4b9c0aa7b3b7ecfd19782f3036c3f87789fb0"", ""9"": ""025e0659431be39928acbb235894b1b494efb65333768a9de9367b138d053a5f""}",83aa65b4f59681133a6c77dce2b3b382a8b2bf67c37d12aa2eaeb02ae91c2dab,0,1,1,0,1.6128250984323018,0.0,"{""0"": 0.013985581992111801, ""1"": 0.013986216613460707, ""2"": 0.013986145612822128, ""3"": 0.01398611878391661, ""4"": 0.09643046657873565, ""5"": 0.33939556232990026, ""6"": 0.04711050219896686, ""7"": 0.059607031520726196, ""8"": 0.3360507937763774, ""9"": 0.06546158059298243}","{""0"": 0.1319927909960559, ""1"": 0.13199310830673036, ""2"": 0.13199307280641107, ""3"": 0.1319930593919583, ""4"": 0.048215233289367825, ""5"": 0.16969778116495013, ""6"": 0.02355525109948343, ""7"": 0.029803515760363098, ""8"": 0.1680253968881887, ""9"": 0.032730790296491216}","[0, 1, 2, 3]",[],1,0,1,1,0.0,9b0a193958aa479d17e5c0b6ebb9fe79245872e97b8049c128acb8af92078dd5,50842ba25fab8eb236f058014d2e46fe9ac1c0fffb686afdbfc0198eda6d3642,"[""proposal_created"", ""proposal_committed"", ""audit_rejected"", ""recovery_recomputed"", ""recovery_audited"", ""recovery_verified"", ""committed_once""]"
24,trust_v2,0,none,0,0,0,0,1,0,,73.32,,0.1,,5eb18092c8050836c70536a13535797f5ef60fe19875e8084ab0cb8123955dcc,1,"{""0"": ""d25dde68fde55d82b8c8a3d6571c74be89bb07e6e1b02ef4b22ecc502f0a8d86"", ""1"": ""2b89ec2dd87c917386b688fc5eea7296c6665e61d2b20bf0e02bdc1816ca42fe"", ""2"": ""f60d1dbf98555f9436384df191c18a914ec7116a81c9e5076434982f44380a96"", ""3"": ""a23b69be6549855745fb6c2bf55afd59a04e2b5a9b49521b152c2fcca0f83d61"", ""4"": ""c4471dd9b0573566a623222fd66d2fbae7cc967518f46aec1726f5d099b41511"", ""5"": ""0587d57ec044cf7f19dc650eff301064642483e95d99e3b8881828d6569e9d89"", ""6"": ""ee2518076056d36471210c90d9b1ac03b5baea8820e45e39c673c9e56686db46"", ""7"": ""28c7e22ce37a1d3acfcd1f025aba7e0cbc7e7b7222bd9e4cfbc0a61aee82fd99"", ""8"": ""822cb21459af7d8451e42e528ac24eee777d1666d9de61c6be55030a0c4c9852"", ""9"": ""cf835eb0e358fda263722d08219c780084dce3591c292be0e715149aa0790a6a""}",,0,0,0,0,0.0,0.0,"{""0"": 0.0041956745976335415, ""1"": 0.004195864984038213, ""2"": 0.00419584368384664, ""3"": 0.004195835635174984, ""4"": 0.10814560969302851, ""5"": 0.31110225921529333, ""6"": 0.07591095372572788, ""7"": 0.08685953855193837, ""8"": 0.3100988286492365, ""9"": 0.09109959126408206}","{""0"": 0.0041956745976335415, ""1"": 0.004195864984038213, ""2"": 0.00419584368384664, ""3"": 0.004195835635174984, ""4"": 0.10814560969302851, ""5"": 0.31110225921529333, ""6"": 0.07591095372572788, ""7"": 0.08685953855193837, ""8"": 0.3100988286492365, ""9"": 0.09109959126408206}",[],[],1,0,0,0,0.0,50842ba25fab8eb236f058014d2e46fe9ac1c0fffb686afdbfc0198eda6d3642,015f6871e5235755bce863a3ff992139d627fe03d209ced630d1d95d7145b6e9,"[""proposal_created"", ""proposal_committed"", ""audit_accepted"", ""committed_once""]"
25,trust_v2,0,none,0,0,0,0,1,0,,26.01,,0.1,,45de393b27ea616f4bcf6bce8351c7130b88c3629be7ea39c3831c969c04be32,1,"{""0"": ""643b1794e338e5a4d386ad06cedcf8796832cb393daecd433cd26db989b7444f"", ""1"": ""d70fdc717bd2ef5d50ed7efa5965135f6dc6c6c0fe9158ddaa248863d474e3a6"", ""2"": ""f84c09813be70d8618edf557f505cd8b364c107e0e4fda503dfce94f487fd0ca"", ""3"": ""cac91e6757cb7c2ed79820a5fdce1aab87de51095746064a23c26722e219b868"", ""4"": ""3e466788e55641705d632c0d2ec5aea60e0d3f17f3a5530ad46c3bf5b28782cd"", ""5"": ""cf598288f8aefbd4f3278fde3fd641778b301a225113afaf83a803a3492c8874"", ""6"": ""8b41f0a327776a0d57fe6d98cbbe1938098f7f067affad9a333af5052c5b518e"", ""7"": ""e1cdd4dc6d15bf7e36310146da9d1d90f50a9fbb4fef3bd397f25057ce635a2c"", ""8"": ""8071781a547a7f4ff28cf99fb5af6abea1a8c1e42e15d7792b4ebcd864be5b8a"", ""9"": ""4bc9758e6ca849f1f6f9826ccdab2d70f0d40a8e7f157d2caa1b253481a02e43""}",,0,0,0,0,0.0,0.0,"{""0"": 0.12666909460965073, ""1"": 0.17411706597859472, ""2"": 0.17411705958853727, ""3"": 0.17411705717393577, ""4"": 0.08200947406046206, ""5"": 0.09333067776458802, ""6"": 0.02277328611771837, ""7"": 0.026057861565581514, ""8"": 0.09302964859477096, ""9"": 0.033778774546160496}","{""0"": 0.12666909460965073, ""1"": 0.17411706597859472, ""2"": 0.17411705958853727, ""3"": 0.17411705717393577, ""4"": 0.08200947406046206, ""5"": 0.09333067776458802, ""6"": 0.02277328611771837, ""7"": 0.026057861565581514, ""8"": 0.09302964859477096, ""9"": 0.033778774546160496}",[],[],1,0,0,0,0.0,015f6871e5235755bce863a3ff992139d627fe03d209ced630d1d95d7145b6e9,05fc4b64f00aa6ce0f128cd42143ce220a653469036b44c45356d6e133b1555b,"[""proposal_created"", ""proposal_committed"", ""audit_accepted"", ""committed_once""]"
26,trust_v2,1,A1,0,0,1,0,0,1,V2,72.54,,0.1,,b97f136c95dd15289967022f0188202fbca00cc5f6fd95fdc96bbd787c6624a2,1,"{""0"": ""601597c27bfb37900deb4602f07656d65adb603793351542ea538438bf556f65"", ""1"": ""939c360f9110eac9130aa56c5c54a50e6541f13d74c780837c6b856c8963d54f"", ""2"": ""ba7da377277c00244f3ab1dc43d597c1f0d51e768f4bd3fac8039f58b8e83e71"", ""3"": ""a0a7d20cb484d9a7916a20869671c5b6bd12a306e9c02b721cc4a9dc1a216191"", ""4"": ""89125b7feacfab47cc4e629e42b768ad963bddf45b2a0eb2b2e630ae115d1b27"", ""5"": ""93530509cca500e725e252cf1948acb2669c6b04c75e00f6512a9bef3bd597de"", ""6"": ""0a131a0e6c4dd3c570f2bbc2d57920021662227cfd92427fb9a7307667844e5e"", ""7"": ""faee4c66542545d472efbaeb6ab836c65683520485e5a041c4f9be7b85e5b45e"", ""8"": ""c9ee848769ce89dab6a780ca84d1434695ade6acea54aaf16e47e841c92eea97"", ""9"": ""86db4e37042b2eda6f53fd7de7d477f396ba02e8045b35ab1e4a6c73faef0151""}",97960e490dd633a7b7609e9b06dfe4b7b55f438bd115b4dbcc8d2feb1d55d4c4,0,1,1,0,1.237639572704771,0.0,"{""0"": 0.75, ""1"": 0.75, ""2"": 0.75, ""3"": 0.75, ""4"": 0.20509519167932247, ""5"": 0.20849155279056025, ""6"": 0.1452148439407705, ""7"": 0.013890067907092709, ""8"": 0.20840124403961513, ""9"": 0.024201016437423388}","{""0"": 0.19709384252550147, ""1"": 0.19709384252550147, ""2"": 0.19709384252550147, ""3"": 0.19709384252550147, ""4"": 0.0538973325487759, ""5"": 0.054789868364799946, ""6"": 0.03816126877870332, ""7"": 0.0036501958089987362, ""8"": 0.05476613596648334, ""9"": 0.006359828430232797}","[0, 1, 2, 3]",[],1,0,1,1,0.0,05fc4b64f00aa6ce0f128cd42143ce220a653469036b44c45356d6e133b1555b,5aea35678417d42bc0bbcc9c2fc0e5600e33cbd2d2ab0b710c81a3c2abf2eb10,"[""proposal_created"", ""proposal_committed"", ""audit_rejected"", ""recovery_recomputed"", ""recovery_audited"", ""recovery_verified"", ""committed_once""]"
27,trust_v2,1,A2,0,0,0,1,0,1,V2,72.59,,0.1,,35b678775d32e87336d450bfc9f2e8f7bbe42211018e7b914a8dd8822955510d,1,"{""0"": ""4d232043fc92542ec56e51f6ce9eb5bbe6e19a266a7065bd11842950e79ff8ea"", ""1"": ""d54962dfe105b950c3a63a83a9aac36a2012b8fca9b2152e155fa579ef927ffa"", ""2"": ""760502ff50eafe8f1b1b48f0519ea9a9df26e6bda27a0f1b74992b9cee14f001"", ""3"": ""ca810a33e03da5a7b355764cd5af538a2a877c79440d2c85b45e876bc54b1b2d"", ""4"": ""cc1ba66f297d707dcbd832d68776a59370e6bed1006f79c57b49cd99cc9c5f97"", ""5"": ""09e4b05c6c6f00f7003d78d5bb0a8b82426c17db55709f5eb00c8fca1f47396d"", ""6"": ""e9d3c5fa92e17735d5b8bd4f051abccae2cbf81c6cf4c834d686a0ec492d1402"", ""7"": ""016878e350f4fc48e875e585ce710c02fbe1d4b7bf395e9dc45f5f7a37bf2d73"", ""8"": ""578acb5911adb612ec97c9d640b5d76c4423f7bbfff61bacf4d50abe58ff2dd5"", ""9"": ""d45483d681c4c0809063807315f9a81881043a572535bca38be734d75263d4b1""}",d38b9517344cf2fd6b5fdd835d845f8104108899ad7fc435dd579189b277e302,0,1,1,0,2.0477808182951684,0.0,"{""0"": 0.011400218514868572, ""1"": 0.01567053593807353, ""2"": 0.015670535362968363, ""3"": 0.015670535145654228, ""4"": 0.11233994118661868, ""5"": 0.3386107470502911, ""6"": 0.10024186612430667, ""7"": 0.019457104044119575, ""8"": 0.33858365442500754, ""9"": 0.03235486220809186}","{""0"": 0.13070010925743428, ""1"": 0.13283526796903677, ""2"": 0.13283526768148418, ""3"": 0.13283526757282713, ""4"": 0.05616997059330934, ""5"": 0.16930537352514555, ""6"": 0.05012093306215334, ""7"": 0.009728552022059788, ""8"": 0.16929182721250377, ""9"": 0.01617743110404593}","[0, 1, 2, 3]",[],1,0,1,1,0.0,5aea35678417d42bc0bbcc9c2fc0e5600e33cbd2d2ab0b710c81a3c2abf2eb10,9a5d6b49ab43d70c4310e3dbd93ccb3214c627c18cdc60cd3f2295a5adc537bd,"[""proposal_created"", ""proposal_committed"", ""audit_rejected"", ""recovery_recomputed"", ""recovery_audited"", ""recovery_verified"", ""committed_once""]"
28,trust_v2,0,none,0,0,0,0,1,0,,23.45,,0.1,,79d605e0bf0dc3736b543a9673f0930fdaabe9e78e58b288b36a928114c6c558,1,"{""0"": ""c2a673b474d7ad0fbc1aa416b935cfb70286bd88522b871f951a1fc8ae95d5f5"", ""1"": ""7e91a66c2f66bb7773e92012bc72ddb57f942cc641aba79da85dbff11277be2c"", ""2"": ""a8d7b558c3f466162989da54719a6fdfa4fcfbd7b8773ddd86ec1f4608618ee2"", ""3"": ""6949823154f94a317f8af21e8390ddc0632b31d5e71064c1b26a984b2edd2cfa"", ""4"": ""6dae718a6d9f31991ac3b988598d006c7865a319c41266eb26b100e9334df1c4"", ""5"": ""dff5b1908f4fbcfd73581bc60c5e32b173394eb74440fb3909c159fc7dc77be7"", ""6"": ""69c4e02d2739a207cd94e2b385c4df703704fc6bc00d68b090f3d2330a25243d"", ""7"": ""7e75832918815cd56861f8be8da84a47b28847011d36e78cc61842a3809191a9"", ""8"": ""25fc263bcc15d5b593eb4540c6cadcca74eea1df65531a4be73f905a8164a420"", ""9"": ""c45a277876c66b9f5c0759dc1649bb4620a75dd22deaf6406dac4bec03127438""}",,0,0,0,0,0.0,0.0,"{""0"": 0.1678903852682673, ""1"": 0.1691714804952288, ""2"": 0.16917148032269724, ""3"": 0.169171480257503, ""4"": 0.06319246290080123, ""5"": 0.10158322411508731, ""6"": 0.030072559837292, ""7"": 0.005837131213235872, ""8"": 0.10157509632750225, ""9"": 0.022334699262384867}","{""0"": 0.1678903852682673, ""1"": 0.1691714804952288, ""2"": 0.16917148032269724, ""3"": 0.169171480257503, ""4"": 0.06319246290080123, ""5"": 0.10158322411508731, ""6"": 0.030072559837292, ""7"": 0.005837131213235872, ""8"": 0.10157509632750225, ""9"": 0.022334699262384867}",[],[],1,0,0,0,0.0,9a5d6b49ab43d70c4310e3dbd93ccb3214c627c18cdc60cd3f2295a5adc537bd,5c296d9cb72422fae1ba923ded2b936317fc87a9125fc34af565036e4dccb16c,"[""proposal_created"", ""proposal_committed"", ""audit_accepted"", ""committed_once""]"
29,trust_v2,1,A2,0,0,0,1,0,1,V2,74.84,,0.1,,90ddb145e7942a6d53cbd004347e72e549955ccb725db5e7967549d85468a45f,1,"{""0"": ""1978776f86f14e6722bb0183e5a11fd13c3078f6cf30fdd0e75f35a06db2dddd"", ""1"": ""afd982ea904c54e95d20be1fe1131af2e8360e8a46db3466a64421b88713bdf8"", ""2"": ""6dde101d93d4494f215a837da2f43bf366e52c63392e9dd9596430b987b5ae6c"", ""3"": ""af72aa2815a8fd69e615acea6c9c66ce3dfc4a2fac86fb3ccabdd718ff74a166"", ""4"": ""c7cde1b1141602099a51b6a7be76344b13f9bad648d7b16db80b640348937da6"", ""5"": ""fc0ae996543dc302189b8cde592ce0234b6121c8820b2f9f8460627991a40588"", ""6"": ""11eba2d6f12528d5cab57f369eceb762305bba270b7f67225725e0dfdb564399"", ""7"": ""bd736c338c61fe913c64ec134ec6cfce40fd24228bcbd7f0bdc7c3376e7fd901"", ""8"": ""19771f2ae8f06e30d48f4921bf80ca8a95595bf6fe3e0ed03a1b37b6a309fd21"", ""9"": ""e19c603d61bfe96931a40d57816462641e67f5585f21ac1ac04a77cedb9ea6b1""}",898826f4aef966fa342437ff9d3c206aeae66457dc20d22fba94f3d624947bc4,0,1,1,0,0.8038411343370152,0.0,"{""0"": 0.050367115580480196, ""1"": 0.05075144414856864, ""2"": 0.05075144409680918, ""3"": 0.05075144407725091, ""4"": 0.1614163859764978, ""5"": 0.1729336143407836, ""6"": 0.13421952946414678, ""7"": 0.057581704027035066, ""8"": 0.17293117600450808, ""9"": 0.09829614228391974}","{""0"": 0.1501835577902401, ""1"": 0.15037572207428432, ""2"": 0.1503757220484046, ""3"": 0.15037572203862545, ""4"": 0.0807081929882489, ""5"": 0.0864668071703918, ""6"": 0.06710976473207339, ""7"": 0.028790852013517533, ""8"": 0.08646558800225404, ""9"": 0.04914807114195987}","[0, 1, 2, 3]",[],1,0,1,1,0.0,5c296d9cb72422fae1ba923ded2b936317fc87a9125fc34af565036e4dccb16c,96be3dbf87b4877a9c966c352d95c5ad3650f1974dd1c9087c9f5b66c277ca5a,"[""proposal_created"", ""proposal_committed"", ""audit_rejected"", ""recovery_recomputed"", ""recovery_audited"", ""recovery_verified"", ""committed_once""]"
30,trust_v2,0,none,0,0,0,0,1,0,,73.2,,0.1,,ff2583131f95cb9d4aa7b6e185e53ff96d9892f7fc77a9e09434aeafcdc11121,1,"{""0"": ""f27e7ad533b1fa643f16f95ae8794f7ac1204a7d0124bc527ca715fbf88abe40"", ""1"": ""d3e73480311442f9f418d544f50a078104ac4e7a83f3fb19967cc26f208cbdef"", ""2"": ""fd7113c7b571b81ca18fa2ea2a9313e48e2e7f98a9881e5e4d33619a2b3f538d"", ""3"": ""4ae53d81389c54e4a2bf94139d848262d48344aabb629decc82f16235be2a6f9"", ""4"": ""277e209b83227af7414319b3e5f6fe17ddc3e4ad1372818471239d46da6f4dce"", ""5"": ""772566042af05ac0a2e52f74f673918233da4c198e636af6aec1cdfc8cf8ff10"", ""6"": ""29223683b2fff2e6bc62418b79754a4330e85270514e781952b482412b3394be"", ""7"": ""6c1086a5fe2273ee8afc2272aca789f3651546a33f564f2c52d1b4560c78b64b"", ""8"": ""cd3c028f58fcf7098b8e037ccd3a1b485f398e10eb6367324c0cbbc5bbe31255"", ""9"": ""638fe28198acdb733ccde968f112cb039c4a3822676eba75fc835f9d28cb8a02""}",,0,0,0,0,0.0,0.0,"{""0"": 0.01511013467414406, ""1"": 0.015225433244570595, ""2"": 0.015225433229042755, ""3"": 0.015225433223175273, ""4"": 0.10704325997959693, ""5"": 0.32005298133712234, ""6"": 0.0742621983321953, ""7"": 0.04676891910822024, ""8"": 0.32005224983623964, ""9"": 0.07103395703569276}","{""0"": 0.01511013467414406, ""1"": 0.015225433244570595, ""2"": 0.015225433229042755, ""3"": 0.015225433223175273, ""4"": 0.10704325997959693, ""5"": 0.32005298133712234, ""6"": 0.0742621983321953, ""7"": 0.04676891910822024, ""8"": 0.32005224983623964, ""9"": 0.07103395703569276}",[],[],1,0,0,0,0.0,96be3dbf87b4877a9c966c352d95c5ad3650f1974dd1c9087c9f5b66c277ca5a,2ef870b0d8d062db6b61aeb7e912057ac147e761cc13cd2eeacb0298cd702522,"[""proposal_created"", ""proposal_committed"", ""audit_accepted"", ""committed_once""]"
31,trust_v2,1,A2,0,0,0,1,0,1,V2,46.01,,0.1,,27afa4601f7cb4a38b3b3d517ed32f8d5ae4ebb15617f6a0d05462bdfaaceaf4,1,"{""0"": ""20d79810a828864262737ff067b46b3323539182310abbf27d4e0f9913580e72"", ""1"": ""49c90d00c7d0cf8723c38acfb1dc8680bf311093f1c7a39a782725f5d09f72c5"", ""2"": ""8f94dbde9f92a0132050c8bf32a5761f0488d6cade6fec40b3fe22152cb40349"", ""3"": ""8e38a23314462d236bce45833981f4163eeebd89c40d6840288d98cce430ccb3"", ""4"": ""77426e1d5bf010ae4bd30f6772e702907177a89d6a8c73354ac20e2d009296d9"", ""5"": ""1ff2af9c0e69df51b8a8d55e50f864d3c8ae2360188d98e82c285a4cc209f803"", ""6"": ""975c169763a4f105e8528f8b1ca4ca7418091ecb24a41fdb9aa51e8fb012fcb1"", ""7"": ""fff0d5d19ce413977ff65e2f40b92283d0172f7bee15beae91fc6e76a3100d12"", ""8"": ""781d96dac5a2aabf6c26e5590301050cf32477d1961c72fe50c38386ccf888fd"", ""9"": ""006ee3978e84d2f067d4d6066cd54d60c372cbd73912fd7488bbaa09ba79a545""}",6478e8cf3b1a0b867de41cf6bd857bc72c48175328e560cbc6922e9e4ba3bf39,0,1,1,0,0.9224013115343684,0.0,"{""0"": 0.06887244080788389, ""1"": 0.11202105614629754, ""2"": 0.10868906501778892, ""3"": 0.06793859556234197, ""4"": 0.20587203748649824, ""5"": 0.09601589440113671, ""6"": 0.022278659499658595, ""7"": 0.027227329524195126, ""8"": 0.0960156749508719, ""9"": 0.195069246603327}","{""0"": 0.15943622040394198, ""1"": 0.1810105280731488, ""2"": 0.17934453250889448, ""3"": 0.158969297781171, ""4"": 0.10293601874324913, ""5"": 0.04800794720056836, ""6"": 0.0111393297498293, ""7"": 0.013613664762097565, ""8"": 0.04800783747543596, ""9"": 0.09753462330166351}","[0, 1, 2, 3]",[],1,0,1,1,0.0,2ef870b0d8d062db6b61aeb7e912057ac147e761cc13cd2eeacb0298cd702522,a8da5db5db62b6c416e1f906424bf7f4f2fdc1fc71ebd818abcd03300ea6ccc3,"[""proposal_created"", ""proposal_committed"", ""audit_rejected"", ""recovery_recomputed"", ""recovery_audited"", ""recovery_verified"", ""committed_once""]"
32,trust_v2,0,none,0,0,0,0,1,0,,78.15,,0.1,,fa3989dc50bf2d3df04c3cff9d0732e923919f04ff711d2e93436ded5ae7355a,1,"{""0"": ""0019cb29e212d25c3072539cfa0ef7a29d3489adb1c2f6009fb8e8c0faa48aed"", ""1"": ""6823b55aed731a751a08f9b842c32c2d9f18f737f1069d7ad363092fa9c6a696"", ""2"": ""ea9977acf17ad30c26d87c3e9bd76e28736789a3d353c663614fe0e31ecebc04"", ""3"": ""11666b0e048b369304176e0f78a846db66f96464bd96236917e61eb1044af0fa"", ""4"": ""4d89aadac01ee92e6d60730b2b7a1a9d942e3a679effa4dc5a183fb029d97685"", ""5"": ""b75f1a1a0f509491f16d92ca1b53ab53fc4a109775407818b6b4faad1f1712e1"", ""6"": ""e5728592e6128a32cb02c4cc9102662a66678cedee703ef597ea7277549c0aef"", ""7"": ""886a8f00c72f61c5b4e81709b33094bb6237ddc8dc3dec93cca09bfbb68d5804"", ""8"": ""68d4efe3e2d6d0cbadfa6ce2c83d4b12515335f264d28fbf42ada77a11868bd1"", ""9"": ""685f32e24350d20376f61ca441c92faa5fed7330c2cfa1c355b3a4c85c48d344""}",,0,0,0,0,0.0,0.0,"{""0"": 0.02066173224236517, ""1"": 0.03360631684388927, ""2"": 0.03260671950533668, ""3"": 0.020381578668702594, ""4"": 0.24702543893185613, ""5"": 0.21406859600624767, ""6"": 0.08753610236646411, ""7"": 0.03854889466157315, ""8"": 0.21406853017116823, ""9"": 0.0914960906023969}","{""0"": 0.02066173224236517, ""1"": 0.03360631684388927, ""2"": 0.03260671950533668, ""3"": 0.020381578668702594, ""4"": 0.24702543893185613, ""5"": 0.21406859600624767, ""6"": 0.08753610236646411, ""7"": 0.03854889466157315, ""8"": 0.21406853017116823, ""9"": 0.0914960906023969}",[],[],1,0,0,0,0.0,a8da5db5db62b6c416e1f906424bf7f4f2fdc1fc71ebd818abcd03300ea6ccc3,03527af6fb962313b603d70eb2aa396d10044be314fa52f8bd3729313f98e44d,"[""proposal_created"", ""proposal_committed"", ""audit_accepted"", ""committed_once""]"
33,trust_v2,0,none,0,0,0,0,1,0,,13.19,,0.1,,6764eb454702a02ad8f170869aa47cb5ceee3cfe124d5a08ea3ae93cdac19c5b,1,"{""0"": ""26f464e3532a73b85015f0e47d4bd6e515cabf83f7e6330e9f443c6c6c5f5e38"", ""1"": ""255ac6d15bd52101d8bbdb29a05efd03110b784e4239dd5bbdca456556ec83e6"", ""2"": ""936440b1174f4614ddce53c7570eccbf1c28a8991ee3ecc62ca57e38c8a4c577"", ""3"": ""6a9dcae3beee4b8880dc922b3b18c1c6274ff685013d647a50684831da4af2e0"", ""4"": ""00815ea7ed67d6640b90ea93bbb422e67a90c0bd609bf9818ea35ad198ca9b52"", ""5"": ""064d5faed02a3149c469f49e8136d9dd7d3a8bbcf0faada83fc3796aa6bf6fbf"", ""6"": ""a948dce9c30ad36eced15910509e01973a889cba56ee6b55ac6e752244d57591"", ""7"": ""7dd05fafc9852d9dcacd261bfdef897910e499770f616e2bff64a3e951fd5655"", ""8"": ""f4656c044e8c5194888c594fec9d7b3d2e7506a99c2c358eabb73a7bfb07ad13"", ""9"": ""4f1e0e389acde513b8b85e95e3802ea2c98693357923831eff6b1d82a50696e2""}",,0,0,0,0,0.0,0.0,"{""0"": 0.18059623107425937, ""1"": 0.18447960645471662, ""2"": 0.18417972725315085, ""3"": 0.18051218500216062, ""4"": 0.07651678607335761, ""5"": 0.06422057880187432, ""6"": 0.02626083070993924, ""7"": 0.011564668398471948, ""8"": 0.06422055905135049, ""9"": 0.027448827180719077}","{""0"": 0.18059623107425937, ""1"": 0.18447960645471662, ""2"": 0.18417972725315085, ""3"": 0.18051218500216062, ""4"": 0.07651678607335761, ""5"": 0.06422057880187432, ""6"": 0.02626083070993924, ""7"": 0.011564668398471948, ""8"": 0.06422055905135049, ""9"": 0.027448827180719077}",[],[],1,0,0,0,0.0,03527af6fb962313b603d70eb2aa396d10044be314fa52f8bd3729313f98e44d,2a8d463f819ba6e1ff331c15acb95c43c55b4940a5d9f0a71aad19b02b0463b3,"[""proposal_created"", ""proposal_committed"", ""audit_accepted"", ""committed_once""]"
34,trust_v2,1,A2,0,0,0,1,0,1,V2,73.25,,0.1,,4815fd0ba75990f98e8f930e6b3a068ed643ff7ace4a1f3a73070494afded459,1,"{""0"": ""565da214c928d6a82ab744d8fc2fdcf3373d041e43be67632f5304645f8dcd5d"", ""1"": ""97a06d935138e9146b9fda0d0a021c69cd449ccb9fbef96c69509d2c62e9799f"", ""2"": ""f2c8ba313ecd97710eeb9a8349d3749bfc8893d565b220c51da486192fc16d95"", ""3"": ""c8051df2ce532e3f95ab18dd86a7e909c5b3bd5e6f1431c4d14a61af60fce23e"", ""4"": ""5620fab1373fde220937244410abadc09165619748c784dade1904a7de275e99"", ""5"": ""2b9bc457cd7a2d8611fc6a2d17096ab34bc16f898e1b1d60828577cd7cb41867"", ""6"": ""46b14e5879f4e27e3e77fba10529b906b72bbd4d737df15cb141c7a883e986a5"", ""7"": ""0efc61723e1ee81905c6b7d1374a8d88f9d2e26772b8fa0031521d41a8498eb5"", ""8"": ""712f3cbe692da1c7e3f23315ae54d8fe0dee415f48684ebb4c3d3b9fe4173069"", ""9"": ""2aaefc449adaaaf211b6a4d5ac31600392c1ba7a07ee001841b93f2f40afcb2f""}",2d160c2dc807f31b66ed84e007298a06bbc166088ef64f3ac3e55b3bd3c72019,0,1,1,0,0.7103129352529433,0.0,"{""0"": 0.05417886932227783, ""1"": 0.055343881936415, ""2"": 0.05525391817594527, ""3"": 0.054153655500648205, ""4"": 0.16522769658096595, ""5"": 0.16153883439952096, ""6"": 0.12736379882774942, ""7"": 0.061062205665219464, ""8"": 0.16153882847436382, ""9"": 0.10433831111689422}","{""0"": 0.15208943466113892, ""1"": 0.1526719409682075, ""2"": 0.15262695908797264, ""3"": 0.1520768277503241, ""4"": 0.08261384829048297, ""5"": 0.08076941719976048, ""6"": 0.06368189941387471, ""7"": 0.030531102832609732, ""8"": 0.08076941423718191, ""9"": 0.05216915555844711}","[0, 1, 2, 3]",[],1,0,1,1,0.0,2a8d463f819ba6e1ff331c15acb95c43c55b4940a5d9f0a71aad19b02b0463b3,2620ad0d3d36ac7382e8205f66bad7f6af310de54106f1f2015dd9b98753697b,"[""proposal_created"", ""proposal_committed"", ""audit_rejected"", ""recovery_recomputed"", ""recovery_audited"", ""recovery_verified"", ""committed_once""]"
35,trust_v2,0,none,0,0,0,0,1,0,,76.11,,0.1,,e3df5d586199ede8bd3ce0c8ba4d8eede8d242e747bf88a672c98177cb047e29,1,"{""0"": ""5e89aad302427a478e7de7799adb9d2b3ddcea277e54a971b375f581c1edb1ea"", ""1"": ""fb4960a360fcf4d1246a614969108a18409ad809128fc4b5c12e48bece504ee5"", ""2"": ""5a3b1502207f449d6d071003d5da84428bba11cf74cbda0435a97f2869743f15"", ""3"": ""723db2450cc8a30a8b408242abe16b63b958efe06a18ecc4ac3cb77b94c1d3a8"", ""4"": ""e993e6def1646dd3fb5e33a7be66233ce6ce3a0dbbd0ab56b413c3d892b4d7bf"", ""5"": ""f81957a5ac8d3b2abca731bf14e564fc9e2d37a3da2191b12aa21140ffa1372a"", ""6"": ""c255f1acce6f344f3f913eda7cad86fc5072c701a6b835e3beee3c2586a221cd"", ""7"": ""13c6f0747f5e09d1a2364dc0730849612a6a3456067c08a926a87a8cbbdb0e90"", ""8"": ""97a0b660c6a9901b03a2bb677ecec0e465afe5bee07f8b7f54ed91457e836e7b"", ""9"": ""e42c5a1094454fb0d1e762d66e61a52fbc0af1331630ea3f6043539c19f91d3f""}",,0,0,0,0,0.0,0.0,"{""0"": 0.01625366079668335, ""1"": 0.016603164580924503, ""2"": 0.016576175452783583, ""3"": 0.016246096650194462, ""4"": 0.08581207584010603, ""5"": 0.32309535402982853, ""6"": 0.08810921627705047, ""7"": 0.05763135893759672, ""8"": 0.3249928655151797, ""9"": 0.054680031919652594}","{""0"": 0.01625366079668335, ""1"": 0.016603164580924503, ""2"": 0.016576175452783583, ""3"": 0.016246096650194462, ""4"": 0.08581207584010603, ""5"": 0.32309535402982853, ""6"": 0.08810921627705047, ""7"": 0.05763135893759672, ""8"": 0.3249928655151797, ""9"": 0.054680031919652594}",[],[],1,0,0,0,0.0,2620ad0d3d36ac7382e8205f66bad7f6af310de54106f1f2015dd9b98753697b,ecde5a287ffd2c562f71ac7dc83436e16003a81c46c61cab0a799c6965277121,"[""proposal_created"", ""proposal_committed"", ""audit_accepted"", ""committed_once""]"
36,trust_v2,1,A2,0,0,0,1,0,1,V2,20.35,,0.1,,666d7afc5c2cf3fbeec800f9828b0f2c66faca23b2aa8d707ed4d635a8cf601f,1,"{""0"": ""5e44ebd110fdfcb2bdfefd99428da69afc06fc330f734bb7235031037241658f"", ""1"": ""1bb018c0d3d596a40af53820d5e786812769a43372de7ed2195b2542f517f57c"", ""2"": ""f68aa6e5b666ef7ee18243bbf8fd782f893a1b89eb9a51448be19e0842cc9d50"", ""3"": ""0cf76e9c4e9a86015f38034000de42043f34b962787b9c2b6d729e13ffb1b0fc"", ""4"": ""751f358e579b97c46d37e2ab367177315a72a5c3f56c5844ab5dbe02c4de0dd9"", ""5"": ""938077b8afb7fb7b134d4d74386b4280dad96aeefab70e16595e7f1a0ceb1944"", ""6"": ""4cac4dc9f455bb6fe25ef8e15b2554c70557b10b90ab6f68b096a9f863b92cde"", ""7"": ""d8a3af63745a81a39b3234c2f928190bdba8069f3c0a909078c0b8e16e1755d0"", ""8"": ""adb5b8ad5cd0df245cbcd6a174fdc2c0baee5c59d3a8d4a5d8d3afc0beb83ed5"", ""9"": ""8a667a7c1014bd8b060674b39188dc18611ebed8cdeca5da61a350f2221271c8""}",7ddab5456e476285b3d2c951d40e7484018a8ea139b0e4f69c21d021c2bc2620,0,1,1,0,0.23949511081508948,0.0,"{""0"": 0.1754508737604878, ""1"": 0.17555572489576013, ""2"": 0.17554762815731786, ""3"": 0.17544860451654112, ""4"": 0.03508722176241521, ""5"": 0.09692860620894854, ""6"": 0.026432764883115138, ""7"": 0.017289407681279016, ""8"": 0.09749785965455389, ""9"": 0.02476130847958124}","{""0"": 0.21272543688024392, ""1"": 0.21277786244788008, ""2"": 0.21277381407865895, ""3"": 0.21272430225827058, ""4"": 0.017543610881207608, ""5"": 0.04846430310447428, ""6"": 0.01321638244155757, ""7"": 0.00864470384063951, ""8"": 0.04874892982727695, ""9"": 0.012380654239790621}","[0, 1, 2, 3]",[],1,0,1,1,0.0,ecde5a287ffd2c562f71ac7dc83436e16003a81c46c61cab0a799c6965277121,5ab9d71a29a0180f13183edafa89916b1df233d4fcb309f82a350bc091946fde,"[""proposal_created"", ""proposal_committed"", ""audit_rejected"", ""recovery_recomputed"", ""recovery_audited"", ""recovery_verified"", ""committed_once""]"
37,trust_v2,1,A2,0,0,0,1,0,1,V2,76.41,,0.1,,1d1733cb4961c77e5bf76a9857285869cb48943639c38167a1643b5c6c84c85c,1,"{""0"": ""40dacdfc06386fc18418c55551a3aafa59c3cb37b91f16e520956d953cd805a9"", ""1"": ""d3f2890ecc0ecc753facc7e1d6c23d514b4725bf239cec36a790430160a6e4ab"", ""2"": ""9b02b7cc86c6f5af5856e3036b22a41b3bfb79fbcd7f7aa4a31cb6ccbb231533"", ""3"": ""8c2fca3de2511f315dd27e7d4dbaa4bc74087c67317f5af1113b88259c193cb6"", ""4"": ""022ca81fad801e4b98d56e3a5206b58fd6addbf5ba7dbfcce5ca27b8567738f0"", ""5"": ""10dd51736c7c9d67f2c8538341a80f8e62388815d38068ddd0e3fa07f110cf9a"", ""6"": ""0cf84c5edaf7a61bd1ebf34ec685ac44a095a92e6b55f0fb4eb66ce7832ddc35"", ""7"": ""7b3cca73838f21e69437bcf33dc1fad1373a3c6066076ee969a8ed36746b00e3"", ""8"": ""eeca0274980fcf362f67261c35b0d8c243bfd694bfe0c6b5e3191948d59483d3"", ""9"": ""6a90f77a2c762fc8eaffdb1efcc84b2953af54de63c64895a0df7e7dd3930a98""}",a65efafcbc3c7adc66e230e738efc0c60c41ac3a3e091809b63e4f13120843b7,0,1,1,0,0.7512091988343318,0.0,"{""0"": 0.05263526212814634, ""1"": 0.052666717468728044, ""2"": 0.05266428844719537, ""3"": 0.052634581354962344, ""4"": 0.15885433295205512, ""5"": 0.1774067482860151, ""6"": 0.11390799799009813, ""7"": 0.07047767695213487, ""8"": 0.17757752431969673, ""9"": 0.09117487010096789}","{""0"": 0.1513176310640732, ""1"": 0.15133335873436404, ""2"": 0.15133214422359773, ""3"": 0.1513172906774812, ""4"": 0.07942716647602757, ""5"": 0.08870337414300757, ""6"": 0.05695399899504907, ""7"": 0.035238838476067444, ""8"": 0.08878876215984838, ""9"": 0.04558743505048395}","[0, 1, 2, 3]",[],1,0,1,1,0.0,5ab9d71a29a0180f13183edafa89916b1df233d4fcb309f82a350bc091946fde,74a878bb32cee451c806e095b4e28e2cedea6dd4f919ac778fbf6dfc3de829a2,"[""proposal_created"", ""proposal_committed"", ""audit_rejected"", ""recovery_recomputed"", ""recovery_audited"", ""recovery_verified"", ""committed_once""]"
38,trust_v2,1,A2,0,0,0,1,0,1,V2,77.61,,0.1,,21f9c3ee5c4f5ea8bd42479cb949399aa624f5146df49aeb35e7b63b100fcc6d,1,"{""0"": ""d5e4fd2c41ea892c19fbdb789774466f810dacf8742bc27ecf81056e53433f9c"", ""1"": ""3b58caa044921ae17ee93d545c3f30e5b0429ec245ee6e160223241312d79860"", ""2"": ""250243b3e86723751ed19fe20cd7efe496a7b3892d60dfd987cd3b87100cc69a"", ""3"": ""5c4d6b21b8dd21e873f6b861ea2cffa7130fcb4ff0779abd38a9a1223882e999"", ""4"": ""8041c1f7d52b1eb73b97ae94cec19ccd688a8311ff9fc853966ca836f1eb820a"", ""5"": ""72ed941a6aa731db4ad2e4111af991f2db8173762b3f82acf0270d2fc49238a1"", ""6"": ""36441ea63e86d3444f8b34808b1ee3c4612e7f14858340f176caa80fbf8f4423"", ""7"": ""0d8bcac766fbde2d16179c26302cd316a65f2be4336498b738f4f4859d794be8"", ""8"": ""485d3c83270b9f1c71f1c415cd839e7696a19bf3df8d62bb114f9e6c3c84d5a4"", ""9"": ""ecde7f5a84dcdb10aefdcbdec1742fcccfb3149b1ad85e3b720f3a6b48288b20""}",3837c563d83b37ecfc56e023a1f07423ca5ed5753d7edd82dad17db6a4fe211d,0,1,1,0,2.00057582721937,0.0,"{""0"": 0.015790578638443905, ""1"": 0.015800015240618415, ""2"": 0.015799286534158612, ""3"": 0.015790374406488707, ""4"": 0.0992601508505892, ""5"": 0.24401018841094765, ""6"": 0.08605104095028654, ""7"": 0.11296620237130889, ""8"": 0.3346181855022378, ""9"": 0.05991397709492019}","{""0"": 0.13289528931922195, ""1"": 0.1329000076203092, ""2"": 0.13289964326707931, ""3"": 0.13289518720324436, ""4"": 0.0496300754252946, ""5"": 0.12200509420547383, ""6"": 0.04302552047514327, ""7"": 0.056483101185654444, ""8"": 0.1673090927511189, ""9"": 0.029956988547460095}","[0, 1, 2, 3]",[],1,0,1,1,0.0,74a878bb32cee451c806e095b4e28e2cedea6dd4f919ac778fbf6dfc3de829a2,6ecd036f058037fbc0ff495df6ef68749869e3131184f27254c13b65cb9bb945,"[""proposal_created"", ""proposal_committed"", ""audit_rejected"", ""recovery_recomputed"", ""recovery_audited"", ""recovery_verified"", ""committed_once""]"
39,trust_v2,0,none,0,0,0,0,1,0,,14.65,,0.1,,fabff5f479f278361068df9232e1b2b3d6dcadd2adb2f3293deb395e73876293,1,"{""0"": ""d46f8ab0cf51e12dbb1a42052c2b1a155f4fe0db0d0f141e8e79c8e7fb00d1d3"", ""1"": ""3c30e42eda3d22bb3d5eb9e45e4f25a2bfdf4c91d64f66b2739b14d5a8ff6593"", ""2"": ""76b77cc474162d546db1bf82cbb1e15459ca073ad37321395da834275e5b2e0b"", ""3"": ""eb9c4cd43eae1b436356b3043055ddf292dc8899634016d2635e4421708ececc"", ""4"": ""6326a4d2d4478757afb9d56b25f900bf8ae3ff3049725915e9be830c03d9b658"", ""5"": ""60fe6b5fe803fd256d06222a84df3b6137c363c5aef668344897e6b5438d85c1"", ""6"": ""b243e6880c5c9562f5baa7a11316b64d8a1cfec19a640fdc13b2194568834c73"", ""7"": ""97291fe855fe19deb657e9bc4c4d99e5d4585e81a77b3ebbe829ca09abca61a4"", ""8"": ""af2db297184060947fbe708ec657d0ec4da0495f50cf349542c20dabed6689be"", ""9"": ""a8b4ea312f59013fda94795cafe20c6218ed76cbb4d549cef84469b1dbd23569""}",,0,0,0,0,0.0,0.0,"{""0"": 0.17982853182649397, ""1"": 0.17983136280714632, ""2"": 0.17983114419520838, ""3"": 0.16408471857903958, ""4"": 0.04515636429320164, ""5"": 0.07320305652328432, ""6"": 0.02581531228508597, ""7"": 0.03388986071139268, ""8"": 0.10038545565067138, ""9"": 0.017974193128476063}","{""0"": 0.17982853182649397, ""1"": 0.17983136280714632, ""2"": 0.17983114419520838, ""3"": 0.16408471857903958, ""4"": 0.04515636429320164, ""5"": 0.07320305652328432, ""6"": 0.02581531228508597, ""7"": 0.03388986071139268, ""8"": 0.10038545565067138, ""9"": 0.017974193128476063}",[],[],1,0,0,0,0.0,6ecd036f058037fbc0ff495df6ef68749869e3131184f27254c13b65cb9bb945,7e394af2f9aee04bd55907deeed1aeea09099f225a2b268b2a39e364592631b5,"[""proposal_created"", ""proposal_committed"", ""audit_accepted"", ""committed_once""]"
40,trust_v2,1,A1,0,0,0,0,1,0,,7.14,,0.1,,2ae1f1de57633fd77ba6a7293d2d5d730a6b5a563d397e984f9f59336c61b9a1,1,"{""0"": ""19fdc09f60b0dc7322927ea19d80d85741450d2de2b11318212689f375de1576"", ""1"": ""d64796ad593a9eeedf2b615410bbdbd4c8fc3f83c88f7fec18f4b3b374364485"", ""2"": ""ea6a1dc16d1d170fe3f103c6bbf25acd8395bf23a92da5fc22c16768041532e7"", ""3"": ""8d7cb87aaf97a2d0d31a259c21d88febabeb0953c15a4cde8962c300fab81125"", ""4"": ""e22620cd3c0a902340d4484ee0887fe7ee1b2ce082a6372067aa7b51edf714f9"", ""5"": ""a3669f8f522c3829085d882a1a975ec446eaeae933ddd820ba2e9461e5750eb2"", ""6"": ""3c0a91cfec9bdb297c6a5c28290267ebdeace3efa70d7ecfb7fe3bc0693736ea"", ""7"": ""12089a721eddd6d88f3f625f67a4e846902b5d5a5593a5b39b25505813dc530b"", ""8"": ""14a27fdc009d52e259f4e6751831959a572380a3f4cb4a539972526df1c10c64"", ""9"": ""c5ff71e09a220bd3f456a7924fb7d5d6eefe9cc18282558888b5f4a26a80ceb4""}",,0,0,0,0,1.0924869379738027,1.0924869379738027,"{""0"": 0.75, ""1"": 0.75, ""2"": 0.75, ""3"": 0.75, ""4"": 0.1597188543265783, ""5"": 0.16813286199560312, ""6"": 0.11877441048895333, ""7"": 0.06799341636953908, ""8"": 0.17628758173381925, ""9"": 0.09802014786314044}","{""0"": 0.19794520876358251, ""1"": 0.19794520876358251, ""2"": 0.19794520876358251, ""3"": 0.19794520876358251, ""4"": 0.042154109284206355, ""5"": 0.04437479262365102, ""6"": 0.03134776730667641, ""7"": 0.017945294663756804, ""8"": 0.04652704289163729, ""9"": 0.025870158175742078}","[0, 1, 2, 3]",[],1,0,0,0,0.0,7e394af2f9aee04bd55907deeed1aeea09099f225a2b268b2a39e364592631b5,8b87979da8afd67270c4c6c0af5702f1ef9ddcf851b6747013173727c06a7f8e,"[""proposal_created"", ""proposal_committed"", ""audit_accepted"", ""committed_once""]"
41,trust_v2,1,A2,0,0,0,1,0,1,V2,76.55,,0.1,,1625bf75b142074ed6cd4f2128e4dd47b886184875f949c2f8572ba92c66dacc,1,"{""0"": ""cc603ceff46793af7cc0eb22f08c6e6a36770fdea6556349746e5bc4d44f29ae"", ""1"": ""980a711919305a0afeb1716eca7f7e0a2859463e39f56a57fb8e8afe7d82701f"", ""2"": ""c4e97a17f14c61699d984961ab32c6fc0332b26d46279558bc4af98815940ebe"", ""3"": ""353d0010bc9934cdb0dcebdc339c9823ca25e2ab8f4e6b72106c5324ca43ab68"", ""4"": ""87096e949933073a33d4b2692c8dafd82cabba69f29ebabef49a9b8b1361a81b"", ""5"": ""9e19f8965a2d404c9688b01933e7b3c95ad27a8559e1e8b4b65ce1194f0ed622"", ""6"": ""f79b03b7d8c50772030647cf6313973767c51ab5c14f932522c69cd1e3e6171d"", ""7"": ""9babf15f80844e946b8d93e6e2b3e5a9ffec00ff7e3b91043a244bfe533f5249"", ""8"": ""2119e4f4d559842fa1fdbb48d9e25a9536ac23ec5438c2ea59885190ac1c6679"", ""9"": ""433994877afaee20c3e183de5693514a51b1cf31e9dc0caa44c6145e151ea723""}",7cb428109b091b42447dbab004ae60adaeb9153e7ecc11cb4dbe96e06dcf7d21,0,1,1,0,0.6495046067993931,0.0,"{""0"": 0.016184567864384464, ""1"": 0.016184822652643174, ""2"": 0.01618480297756876, ""3"": 0.014767624672113568, ""4"": 0.19300356614846864, ""5"": 0.19552776844917608, ""6"": 0.15101302323287075, ""7"": 0.08217603127199957, ""8"": 0.1979741843706409, ""9"": 0.11698360836013405}","{""0"": 0.13309228393219225, ""1"": 0.13309241132632157, ""2"": 0.13309240148878437, ""3"": 0.13238381233605678, ""4"": 0.09650178307423432, ""5"": 0.09776388422458804, ""6"": 0.07550651161643537, ""7"": 0.041088015635999786, ""8"": 0.09898709218532045, ""9"": 0.058491804180067025}","[0, 1, 2, 3]",[],1,0,1,1,0.0,8b87979da8afd67270c4c6c0af5702f1ef9ddcf851b6747013173727c06a7f8e,94b89755d789c4f327cc6140cef53a00d5149d3ca9e5009e2bf19575086ed053,"[""proposal_created"", ""proposal_committed"", ""audit_rejected"", ""recovery_recomputed"", ""recovery_audited"", ""recovery_verified"", ""committed_once""]"
42,trust_v2,1,A1,0,0,0,0,1,0,,19.36,,0.1,,0fd5115a36c8ff26f2275e04525611534f5364233989ccd1ea15e6aa0ddeae22,1,"{""0"": ""e4e4b6a7f1a94633912f901be84848eabe91cbaca8ce929cf0f14b5885fd6a3a"", ""1"": ""eb1cd8301e835a9185fa6491a5feb5867f0a55cc09cce8180c24e0afc18b2980"", ""2"": ""7eae918530fa3efe3033e8534b3330af5243335d2cca2df4d7d561b97785bd66"", ""3"": ""0e1321d282c7fdaae759c572006d250dfcd71a38785c5dc0c68b52d7c65c913b"", ""4"": ""b3545a407de4f443f378b2b5c183b75d99d3cf609517b7a3f6649a91b70ebfba"", ""5"": ""0a0d5d3c074460888c553671be3f3cb25073ca16829e24777856117fefd16a64"", ""6"": ""6f1559baa3065d454f6051509aa22918c92ad77cb58084a6996aff567eec6d1f"", ""7"": ""8828675e865ffd5d20997ea87e003668d13790a3d8f8142a01bca5516a0e9019"", ""8"": ""0ded951276c959da5d06e39397c2d602b472bf5f70fd2cf62f69c480aa863807"", ""9"": ""d836e33ecd2ffdd69bf79a133516d6727a6227c136affdaa7a83fdd7e295d9c8""}",,0,0,0,0,2.504538597336181,2.504538597336181,"{""0"": 0.75, ""1"": 0.75, ""2"": 0.75, ""3"": 0.75, ""4"": 0.2984875741079238, ""5"": 0.058658330534752834, ""6"": 0.04530390696986123, ""7"": 0.2434798008548334, ""8"": 0.05939225531119228, ""9"": 0.2756815867714234}","{""0"": 0.1883947121781084, ""1"": 0.1883947121781084, ""2"": 0.1883947121781084, ""3"": 0.1883947121781084, ""4"": 0.07497797415040548, ""5"": 0.014734559063924145, ""6"": 0.011380022018841075, ""7"": 0.061160409337639325, ""8"": 0.014918915793281067, ""9"": 0.06924927092347538}","[0, 1, 2, 3]",[],1,0,0,0,0.0,94b89755d789c4f327cc6140cef53a00d5149d3ca9e5009e2bf19575086ed053,10868a6b05b59f7424f0cfa982691409e2fdc545efdea4ba3b09502da8fa40ca,"[""proposal_created"", ""proposal_committed"", ""audit_accepted"", ""committed_once""]"
43,trust_v2,0,none,0,0,0,0,1,0,,79.84,,0.1,,5438fc1bff8f373e768ae152d248c212c956e3819c036428ab9134c20b6731a3,1,"{""0"": ""41202c138f27dd01ec7f917d4c9549146138badd7016182631f3ecdabdfba028"", ""1"": ""d3df6fa7720626420b6c0e4e731d5c295a5921e99f971a22e25ef2887a5e071b"", ""2"": ""8239ce5a644e60f9d390932f7a2c4ac666a17c61035a15a689a1babb1e955218"", ""3"": ""b7ff09c4b95a840ec7f8f6820c089d0535030460dedf0f23415a34135bfe35e3"", ""4"": ""bd039fe6bd5266a95f69fadb948b852bea3901ef1129b8d40e8e9f2ae2e3762f"", ""5"": ""3a9792e0c6b939f21a9cac8c1f143fa1fa55c41ebf99a3795d208be5758a1ee4"", ""6"": ""eae49b8e38c68eeb418daa4951032dcba7094150f7632c356cdba9da2b3ae762"", ""7"": ""727715558aa5288db9c5278281de84ae43a89aa6d789c5c1a67a32120b7da100"", ""8"": ""eaf2b52d8b4d34e559e0baff122b552540fb0611d0e20be1eefb71463a41f575"", ""9"": ""597083e9e7ae7b5beb750177b43088867c790e54fd5c09c991a80e4d5060eb12""}",,0,0,0,0,0.0,0.0,"{""0"": 0.0014566111077946025, ""1"": 0.0014566340387378862, ""2"": 0.001456632267981189, ""3"": 0.0013290862204902217, ""4"": 0.236756852852947, ""5"": 0.1648080797809957, ""6"": 0.1300222233453149, ""7"": 0.1331525716895494, ""8"": 0.16502825721392753, ""9"": 0.16453305148226177}","{""0"": 0.0014566111077946025, ""1"": 0.0014566340387378862, ""2"": 0.001456632267981189, ""3"": 0.0013290862204902217, ""4"": 0.236756852852947, ""5"": 0.1648080797809957, ""6"": 0.1300222233453149, ""7"": 0.1331525716895494, ""8"": 0.16502825721392753, ""9"": 0.16453305148226177}",[],[],1,0,0,0,0.0,10868a6b05b59f7424f0cfa982691409e2fdc545efdea4ba3b09502da8fa40ca,744fd8393ad80e12e8a84d0cc6b933c14bb61f0d0c4b7338193f442ecaffc9d0,"[""proposal_created"", ""proposal_committed"", ""audit_accepted"", ""committed_once""]"
44,trust_v2,0,none,0,0,0,0,1,0,,65.9,,0.1,,8aef080813be66af94a4e104be5ed206bc7941e2871939f77ad8979ab8450f75,1,"{""0"": ""4e6d409b4b34482d947754415865bf561dc75756bfef8090c1cca99b9c6ad783"", ""1"": ""e78eb64f936e525eab08faa058f85b1b9f2475f98591c193e1cacf4ec4d3c7fd"", ""2"": ""9dd8f92c5f65d079b0f78b65ef4c23041b6a63bb816df8254597eb829edd38d7"", ""3"": ""58a4b3b25a12cf9f23e6d5cfbc92e109568e06f8e478f495542a5a18f660b776"", ""4"": ""fc49a0e3af2ee2c6693c1549e8b0e784f29b79c04e39c08cb0b09d860520bdb0"", ""5"": ""34829ee8882eceb75046ff8cd7c989ea3b984ca894a57547cfec7b0253947eef"", ""6"": ""29f2b68d78a762f3b977f2ec3a0b89b96b41187ed2f19985f323f37e71e322d0"", ""7"": ""6e3f9dd1e51f49cce44e7dc55e34b964be5e60c30707f3e4196800a3534b943f"", ""8"": ""114f0921a9458ff4d3f9e6f62d5a1456a5f16c9fd404bb956609d97315a95bdd"", ""9"": ""7d491a331fea95f7d9cc9ff5f8290c25f258f4023ae5c1ad57532527e1ba4d1d""}",,0,0,0,0,0.0,0.0,"{""0"": 0.02366506832675648, ""1"": 0.057553557590122435, ""2"": 0.12871064842875718, ""3"": 0.03768263131677422, ""4"": 0.29807594756992944, ""5"": 0.04944242393429871, ""6"": 0.039006667003594474, ""7"": 0.03994577150686481, ""8"": 0.04950847716417825, ""9"": 0.2764088071587239}","{""0"": 0.02366506832675648, ""1"": 0.057553557590122435, ""2"": 0.12871064842875718, ""3"": 0.03768263131677422, ""4"": 0.29807594756992944, ""5"": 0.04944242393429871, ""6"": 0.039006667003594474, ""7"": 0.03994577150686481, ""8"": 0.04950847716417825, ""9"": 0.2764088071587239}",[],[],1,0,0,0,0.0,744fd8393ad80e12e8a84d0cc6b933c14bb61f0d0c4b7338193f442ecaffc9d0,e88a2a186be28f8a1515c8333b26bb6bf537fe51e1e34ab6593ef573fd47fe49,"[""proposal_created"", ""proposal_committed"", ""audit_accepted"", ""committed_once""]"
45,trust_v2,1,A2,0,0,0,1,0,1,V2,78.07,,0.1,,97c5583b83fba5b70c763af4cf89279737dd84675f5ed1c9b3f71d0b422640d9,1,"{""0"": ""a3026040b8b6a9b7d9cff35e7bb80fa4a3c1710eb489f138b21c96cc1ad94a61"", ""1"": ""85d41e1e8444def09e296b90098259b44f0830f54fe46bbd7b76a6738a39a486"", ""2"": ""0b38b6a8e8c1da4024fe3fca441387eb3978d8008360429ca1aa02408eeafd00"", ""3"": ""1629538d2f209f84df9d8f1613a74642d250d32d65cda12bfdd8bae0f5ae4c46"", ""4"": ""f0a8415e9a4bfdea0601f3f3c38204cdcb142ac3a9358feb1c460d9c5dfe2d6e"", ""5"": ""73f36de71df959153e144586af978adffdd7544b02613384cbed1c6e333529d9"", ""6"": ""2c7bd07ed16e3dedd10bfaedfdeac83d9e5b5ad51c56e687d45b159da0ddaf56"", ""7"": ""24ded5d18a5ab1cf3815b0a5950e3370ef5e80e008166d8a3c6caa83bd342a4c"", ""8"": ""36b70ee055a2f5853c141709d8546c623ccbff4bd868c8962e2ceb2063f14fae"", ""9"": ""d93f85a85757531a6e2a01bb477b1beb97d0b10c4834074eeea0f87432c63966""}",79e5673a7db0ff724a72e6cec4e9ca7e091baae05394a72d6ef8f603f30f1969,0,1,1,0,1.537549112642027,0.0,"{""0"": 0.007099520498026946, ""1"": 0.017266067277036737, ""2"": 0.038613194528627166, ""3"": 0.01130478939503227, ""4"": 0.10882340739229403, ""5"": 0.23621886718631024, ""6"": 0.14400983745836485, ""7"": 0.11219536421571218, ""8"": 0.2362386831552741, ""9"": 0.08823026889332145}","{""0"": 0.12854976024901346, ""1"": 0.13363303363851836, ""2"": 0.14430659726431358, ""3"": 0.13065239469751613, ""4"": 0.054411703696147014, ""5"": 0.11810943359315512, ""6"": 0.07200491872918242, ""7"": 0.05609768210785609, ""8"": 0.11811934157763705, ""9"": 0.04411513444666072}","[0, 1, 2, 3]",[],1,0,1,1,0.0,e88a2a186be28f8a1515c8333b26bb6bf537fe51e1e34ab6593ef573fd47fe49,a12bd94d2bafee6426287d0f06aac26e9d1d4a683f9a6474584243f27c3bbdbd,"[""proposal_created"", ""proposal_committed"", ""audit_rejected"", ""recovery_recomputed"", ""recovery_audited"", ""recovery_verified"", ""committed_once""]"
46,trust_v2,1,A2,0,0,0,1,0,1,V2,27.22,,0.1,,41707279bc2425fd0dadebf0af447f44f967b9be52eca1ad03e0394bd710e693,1,"{""0"": ""2ca9158d4b303a5f83317dcf32c032fa54c135dba5c0bc04a5dec94c3f8441ff"", ""1"": ""65d7be1befd9eaddc5186d1392466f2845089a3bd7340ed72a139388965c79b5"", ""2"": ""4ec12147f4cf66b26c96e333feb668ec36b904cc536aef33cec365a57f2dbc9c"", ""3"": ""97ef180f241e2a4b309ca904ee0bc81a595b05fc0e0fbecc557a3d4fb5462252"", ""4"": ""d3242322961e574040d49c2208358e2b20d90b6ffe6682d9905ffa68db5a87b0"", ""5"": ""b5bd1d83ea31a0de925359e9b0e522f21c142d41f90363a664bef9893a02a47e"", ""6"": ""d5183dc271ca09119d7570728316ed644f061296ca33608705a36c0422b41d05"", ""7"": ""888b586bcb1e0cb114caf25bb2ec98a83e5a47e1c01149fe8f01fc0a506b1a9e"", ""8"": ""307443dbfe6e41dc1ce62f19f9770c302c5be49314ac34b9cc4395c53558ad9f"", ""9"": ""e02adf25d37f4e05f50675ab6b39e931c47ede1b934641ce5f2819dcb573b229""}",578ff2fbad9aebaceaa75e2b2e8a9557815ae7902dca4f2a514b06949b17a10b,0,1,1,0,0.22965132512244624,0.0,"{""0"": 0.11422895249832729, ""1"": 0.19234264771347914, ""2"": 0.28163277956526217, ""3"": 0.13408069173254814, ""4"": 0.032647022217688206, ""5"": 0.07086566015589307, ""6"": 0.04320295123750945, ""7"": 0.03365860926471365, ""8"": 0.07087160494658223, ""9"": 0.02646908066799643}","{""0"": 0.1850411593512937, ""1"": 0.22472567269017132, ""2"": 0.2540176420381401, ""3"": 0.1951265433325593, ""4"": 0.01658583920660786, ""5"": 0.03600225578855227, ""6"": 0.021948623604881798, ""7"": 0.01709976111941132, ""8"": 0.03600527595197881, ""9"": 0.013447226916403545}","[0, 1, 2, 3]",[],1,0,1,1,0.0,a12bd94d2bafee6426287d0f06aac26e9d1d4a683f9a6474584243f27c3bbdbd,d4cecebbfabc491d91e9aeabadad6eef00b9f8c9ab2f53e44ac62edffedba58d,"[""proposal_created"", ""proposal_committed"", ""audit_rejected"", ""recovery_recomputed"", ""recovery_audited"", ""recovery_verified"", ""committed_once""]"
47,trust_v2,1,A1,0,0,0,0,1,0,,7.09,,0.1,,68c399a2f780570c79bc1488c1794caf153e77e5bffe5033459bf1cdb2a2993f,1,"{""0"": ""89ab351f850f2410566fcf51c969f39c4871cbb9a2d5f5a18ea9135a9e48649f"", ""1"": ""0e882a27c138550a2a3c2d91e4ed155932b95ae03ca1991a0265f8c6889ea8a1"", ""2"": ""9ce6e700e4092f94e24c7cf9864e86d3afa760e91edbe6159f1535b83dc6b234"", ""3"": ""86a7f6011999eda9ebf97f02d2920e0f75305a026e7266544746ccb08cc2846b"", ""4"": ""8afaeab5be502099014e3d8a9b04c51685768e71bacea4eb6e2ce7e242ce6e9e"", ""5"": ""500730e1fc6febb0fb850578df38870fe03da090e0cda530f6027a43bc33f2d5"", ""6"": ""5807cac8c0a78195a9396fdd0717e34240f883e434b2ec208be36c6ae897f975"", ""7"": ""efb71e27a0032165ab7488865a7f8567f0b1dd1c7b7abf878bef353013e43623"", ""8"": ""c084493d25c57619a9c53a34b04a9edfced3fc6fbfcc9f8cdc4881de5f01ab84"", ""9"": ""b802e0ccc01a3b520b8ccadbe4c7eedc44886ce2e9c4c615ad6cfefdbf0d1ab8""}",,0,0,0,0,1.0981795652825697,1.0981795652825697,"{""0"": 0.75, ""1"": 0.75, ""2"": 0.75, ""3"": 0.75, ""4"": 0.16056377194633484, ""5"": 0.17202936332779628, ""6"": 0.10554861520598051, ""7"": 0.0703896349008814, ""8"": 0.17203114676500303, ""9"": 0.10275194640111882}","{""0"": 0.19823887341451416, ""1"": 0.19823887341451416, ""2"": 0.19823887341451416, ""3"": 0.19823887341451416, ""4"": 0.04243997501576852, ""5"": 0.045470542907091294, ""6"": 0.02789845142519418, ""7"": 0.018605282563746262, ""8"": 0.045471014302534855, ""9"": 0.02715924012760845}","[0, 1, 2, 3]",[],1,0,0,0,0.0,d4cecebbfabc491d91e9aeabadad6eef00b9f8c9ab2f53e44ac62edffedba58d,58f3d8d6ee115a5b058eae9f0ebd54a8d6c31c77c8b3f28cdef6ad0df49a9fae,"[""proposal_created"", ""proposal_committed"", ""audit_accepted"", ""committed_once""]"
48,trust_v2,1,A1,0,0,1,0,0,1,V2,79.27,,0.1,,0d19ade6e469bd7b16794debcc658ce7fcd90f9e1cfa39dc4a9667b3086e78b1,1,"{""0"": ""c81939f78379c3b40b068cd6152e76b7d677773ce2647195e18520262bc38788"", ""1"": ""9e528ff7519bcb6c0c59f4517332448f0c48821286acb5b09355ba520c7bdc4f"", ""2"": ""41aeb4c0ee2f6809c8645f13e20a23f376801f4a937cec9411ddc2970cc22f9d"", ""3"": ""661c3c8293da8aa0d6d2da63918f1ef490b1bc634bb4afdcc73e6987178adbeb"", ""4"": ""7e7d4d39a784cbfc9d5d66f2be2e6eadcb5cfefe8636f8fb66a124adc4dc7f56"", ""5"": ""4fc145647e8ea585e59eecb1daa2a222f182c6b6b880023c32666aef2ef7bd53"", ""6"": ""de8a787255e9c451955e511f6dab536c74dec0f8ae9277403ca7a334d772a7ab"", ""7"": ""e94ce3d1396448b840194add6beb91d92ad18afcf84c9ede96010d0417901bf4"", ""8"": ""1927dbc097e9f9780f17de9461eb42a6afa81439006252eeffc1db2ab7df1a2f"", ""9"": ""8294558d95757159e83632b328e7ad0ce19a0ca1f821d44fef7eba0c7b85a045""}",08b168d9370518682793ab904fabb1b5d8fa599df144dade5ee7e7f1910e395d,0,1,1,0,0.9594726455768978,0.0,"{""0"": 0.75, ""1"": 0.75, ""2"": 0.75, ""3"": 0.75, ""4"": 0.185001338441227, ""5"": 0.19429883960864947, ""6"": 0.1109619694641873, ""7"": 0.1130350842310336, ""8"": 0.1942993746398115, ""9"": 0.1373977371792256}","{""0"": 0.1905974785520746, ""1"": 0.1905974785520746, ""2"": 0.1905974785520746, ""3"": 0.1905974785520746, ""4"": 0.04701438484754247, ""5"": 0.049377158553336735, ""6"": 0.028198762126728526, ""7"": 0.02872560272314183, ""8"": 0.04937729452079064, ""9"": 0.034916883020161375}","[0, 1, 2, 3]",[],1,0,1,1,0.0,58f3d8d6ee115a5b058eae9f0ebd54a8d6c31c77c8b3f28cdef6ad0df49a9fae,d1ab6c628ee00d7755ec8bc34a4e207c43128c551be9eb86b56d6de6ca19d928,"[""proposal_created"", ""proposal_committed"", ""audit_rejected"", ""recovery_recomputed"", ""recovery_audited"", ""recovery_verified"", ""committed_once""]"
49,trust_v2,0,none,0,0,0,0,1,0,,82.26,,0.1,,e5eaaca8e7bc6f8fffdd010d3197ff18b463a4a203625e613eda625dd6bdb8a8,1,"{""0"": ""563863b856f667e9c73ef05d411aabb4b3b119f4f9ca91af6dca2b2587553f2f"", ""1"": ""4092be01c71cf9419095ceb7297706ca6e37512e97bebb61888cd6e6646b487e"", ""2"": ""e27ea466d0fe8c16c48583299af67e1f70e9504390af5024404cec289c570933"", ""3"": ""8c8693b9952765ebca3f844f47ff041b6c74f70a65dcea2674063114a953cfb9"", ""4"": ""01a1f56a669d696c727fc2c0ff47b6c41c35eb1635f90729404dd539b6385826"", ""5"": ""1b34c71b7c9ccac34639f672a8dd4094850d8a2adc37ad44a5c8b3baff6093e4"", ""6"": ""311b8ca353b8dc387263eb959c0a4d708bf7ea9b6762d09812d30c5618eab7c7"", ""7"": ""107bf59bf8746d7fc3b0fd1c769addbc0a923f76adb8d3bb156ade54dd01bd7f"", ""8"": ""6c3e4eb4c1de2da3dd3ce67cb8f79873aacdb6b774496eee07e9a5b683876f95"", ""9"": ""74f79ca2e888d8eddf448dc62a1b5a567bd42db453a399f4581b9cb4aaf9a081""}",,0,0,0,0,0.0,0.0,"{""0"": 0.0030841817174548374, ""1"": 0.005193251488263938, ""2"": 0.00760408504826208, ""3"": 0.0036201786767788005, ""4"": 0.19736517166373632, ""5"": 0.23105382160313567, ""6"": 0.033288590839256185, ""7"": 0.20667469498985092, ""8"": 0.2310539821124843, ""9"": 0.08106204186077672}","{""0"": 0.0030841817174548374, ""1"": 0.005193251488263938, ""2"": 0.00760408504826208, ""3"": 0.0036201786767788005, ""4"": 0.19736517166373632, ""5"": 0.23105382160313567, ""6"": 0.033288590839256185, ""7"": 0.20667469498985092, ""8"": 0.2310539821124843, ""9"": 0.08106204186077672}",[],[],1,0,0,0,0.0,d1ab6c628ee00d7755ec8bc34a4e207c43128c551be9eb86b56d6de6ca19d928,cc2c15d1313fe57095503050832a906bc177fc3028a0866b5db0f0606ea565cc,"[""proposal_created"", ""proposal_committed"", ""audit_accepted"", ""committed_once""]"
50,trust_v2,0,none,0,0,0,0,1,0,,52.48,,0.1,,fb4353f29d1e1e8649c9c3364daadb9942d54243f4de8ec715883397faf831c6,1,"{""0"": ""fb92bf9ea89b1c64a696f2053775497b5d2fc54b3aecff86f7df1d8e90979ca3"", ""1"": ""470a95a2afdc7ff86f085e777fb36c47f4d48c1be9de0b21ec3dfdedae4c42de"", ""2"": ""fc3abb49a8481359c58bd294e9b6f7ab1702a63f2123e8dcfda448fb64724e5c"", ""3"": ""a5de16c632c67a161e6bf71c854cfd97cef8207700581078e70c62fd1b486e57"", ""4"": ""959feea77ceb1329d22f8fd801b6fc64c6525f604c6473364ff919cf54c0c8b5"", ""5"": ""bdc5076a025b5e7b0d2f53a724a34b3a5b3ffe9944c13d78e60e5e233a7a21ab"", ""6"": ""85e9dc81199b9b29f8ea574ffa8a819566ccec21369f82dea3485228895610f7"", ""7"": ""afcbecaaad006196fe95a7f4d75dac4c03dc014b2367dc615dcd0ede794884e4"", ""8"": ""e5991163cef75d80cc37a7264bd993c84f3335abe479cd0150c232c2d4ba6f34"", ""9"": ""80f11e0c35dd8ef86daed18095ec9c13cb57c0317e13508f667930628195fbba""}",,0,0,0,0,0.0,0.0,"{""0"": 0.017471630158955673, ""1"": 0.058693040971914065, ""2"": 0.2459365064061986, ""3"": 0.034740187868577826, ""4"": 0.19232343028667373, ""5"": 0.08004223094852012, ""6"": 0.009986577251776856, ""7"": 0.062002408496955284, ""8"": 0.0693161946337453, ""9"": 0.22948779297668248}","{""0"": 0.017471630158955673, ""1"": 0.058693040971914065, ""2"": 0.2459365064061986, ""3"": 0.034740187868577826, ""4"": 0.19232343028667373, ""5"": 0.08004223094852012, ""6"": 0.009986577251776856, ""7"": 0.062002408496955284, ""8"": 0.0693161946337453, ""9"": 0.22948779297668248}",[],[],1,0,0,0,0.0,cc2c15d1313fe57095503050832a906bc177fc3028a0866b5db0f0606ea565cc,a00602602efc75e2412a8dc7c2de8d350d3fa03ac8e81e4b14b972aa5fd71cbf,"[""proposal_created"", ""proposal_committed"", ""audit_accepted"", ""committed_once""]"
