round,group,attack_active,attack_type,v1_trust,v1_agg,v2_trust,v2_agg,consensus_passed,healed_applied,heal_source,accuracy,v1_projection_residual,v1_projection_tolerance,v1_challenge_seed,proposal_commitment,proposal_binding_valid,update_hashes,recovery_commitment,recovery_v1_endorsed,recovery_v2_endorsed,recovery_endorsed,skipped,proposal_relative_error,committed_relative_error,published_weights,used_weights,attack_targets,excluded_clients,audit_executed,honest_rejection,recovery_attempted,recovery_consistent,recovery_relative_error,parent_hash,state_hash,events
1,noexecutor,0,none,0,0,0,0,1,0,,35.53,,0.1,,7fd5a1d1bf7cd4a63a29a9f30591c684a822d6f680fdc8e7f081e31ec2ac7c06,1,"{""0"": ""943d162d6fa5982657bc9a1d5686c9aa7c895bae87c4f1982a7730935ccc67d6"", ""1"": ""d950810ed497112edff60ba1ff1573882d2d69da785636e2a6959a32963d4852"", ""2"": ""b150693f5bf8c32996a3d92fa7571c8b6dfe340be03c0ff6a425280ccb9f111b"", ""3"": ""31603cf77a9c0f02c9133128b9ea54e9adf7adcbf8fb1aaa09251ab6636ab303"", ""4"": ""c93e2f02d1d7741c6d073982059ec05685dd006d8a9e2ba6ad2a4049bc1f932d"", ""5"": ""f4284d9d382ff2f20e6471b31e2ac8219b13cd6945e97821d8bd0c9eb0d4dfa3"", ""6"": ""cf82a7996cae784d8e1d447a487353faee6b3ccd75acdc201a3b34be64529c76"", ""7"": ""735ffe1cc77e4ba719170b1ec36d72d6e0d1af2ba90231f7d1de3eb9429661dc"", ""8"": ""fa68cfe656dc8b0725ad0b8471bebc641496920d390a9dec0925b1dfda71d483"", ""9"": ""603aa345ab122ddebac685997e36dd9a301661ff2a3a80c779dfe44954ad5310""}",,0,0,0,0,0.0,0.0,"{""0"": 0.08425559963000644, ""1"": 0.08015101900535108, ""2"": 0.05247716378599446, ""3"": 0.0541584195990768, ""4"": 0.1642108302961532, ""5"": 0.06174010337668318, ""6"": 0.09429387784575097, ""7"": 0.11919618628784892, ""8"": 0.1642108302961532, ""9"": 0.12530596987698178}","{""0"": 0.08425559963000644, ""1"": 0.08015101900535108, ""2"": 0.05247716378599446, ""3"": 0.0541584195990768, ""4"": 0.1642108302961532, ""5"": 0.06174010337668318, ""6"": 0.09429387784575097, ""7"": 0.11919618628784892, ""8"": 0.1642108302961532, ""9"": 0.12530596987698178}",[],[],0,0,0,0,0.0,f7841e6ee2e000f22425cfcb00f6b2b2b5b53c9dc424bfd55b0d6f4ba52bf3fc,4e83d115041860f7a58546c3afdf257303ea17c5afaa5d0d085fc6b541fc400c,"[""proposal_created"", ""proposal_committed"", ""audit_accepted"", ""committed_once""]"
2,noexecutor,0,none,0,0,0,0,1,0,,41.16,,0.1,,384216621e471de3eca61a3b96f855443378a6874c17d59acf245a5c23c430e6,1,"{""0"": ""2bf71d9e75f0f3a3147d3a960d3cbc4ab71db247c73c757b93fb5bc7c56e3082"", ""1"": ""234c8db125dd02737fc8d94649f1609c11c282334a7cbe1cab957b899108735e"", ""2"": ""1f6e6114d1521dbf4ad4c292c5a7f0de73a36282f171cceeb3c0aac341c7b01f"", ""3"": ""9ecd9dfc4617262b25560edf2a960f796b756d07bf29cbb5084503616bf7df5d"", ""4"": ""5c55c8f1354aea8f72fc26f47521e62c2f54f68e9bf58dcffbc1cb553e180072"", ""5"": ""de6aee29580a38312a38068021fc7cd1e6cc7975812f8973724c6e36c2f7bbaf"", ""6"": ""f0f8944202001790f736b44c7c19dd1101ab22fef095665af3019a2f945bc7d2"", ""7"": ""cea0d7a761b4f9dbc069f605e0b96626ae8f54f76b53fabbb880cc9081f3d5f9"", ""8"": ""bfce0c383e00204cf7911510bcaf77081b931387324e918dd2840355faf470fc"", ""9"": ""3fe6e6394245c9734944979c185563140beaf36bd57bdf00e1c72c58797717b4""}",,0,0,0,0,0.0,0.0,"{""0"": 0.02575585750078312, ""1"": 0.024106035078307612, ""2"": 0.01574314913579834, ""3"": 0.016283593416034026, ""4"": 0.1901962643583109, ""5"": 0.04618275769148074, ""6"": 0.1363194010725952, ""7"": 0.17669187115581964, ""8"": 0.1901962643583109, ""9"": 0.17852480623255948}","{""0"": 0.02575585750078312, ""1"": 0.024106035078307612, ""2"": 0.01574314913579834, ""3"": 0.016283593416034026, ""4"": 0.1901962643583109, ""5"": 0.04618275769148074, ""6"": 0.1363194010725952, ""7"": 0.17669187115581964, ""8"": 0.1901962643583109, ""9"": 0.17852480623255948}",[],[],0,0,0,0,0.0,4e83d115041860f7a58546c3afdf257303ea17c5afaa5d0d085fc6b541fc400c,360dfe60997f3e3f077e3daf1a1ed4a4cf4a9928992912ee43211e8c1cf10370,"[""proposal_created"", ""proposal_committed"", ""audit_accepted"", ""committed_once""]"
3,noexecutor,0,none,0,0,0,0,1,0,,44.71,,0.1,,15dbf10b0c88344ba0fd38c24bbd4d5850cfb2694e16f9976adc1ee21500124f,1,"{""0"": ""96ec05764566e82cdd8fa309b2578d246424a2493f217a688b6318b8ec3680c2"", ""1"": ""1b4476426d193705fa79973b085d8e15800e75d2ad946e95843e660abb19d1fe"", ""2"": ""81606285792dcff7f7c1a462431dd8dad734fb35090c79437bffeb961d556f07"", ""3"": ""4f0a71902a41a45193177057635e3c2b76595bb976d8da61e5578c70c91f059c"", ""4"": ""a77d5dc268b00f2c525d2e87408f1d655206cb9c1f37c1f73844b0b2b73067d5"", ""5"": ""1c11bd25b881d18f0d6f584559be9ba19c3af099151c8964ccd8887987ce1b06"", ""6"": ""289c7484bdb0c35e8daa9c50030f5eb4cead4d184f7357a1c1dc7da672629d8e"", ""7"": ""f7624dfee0af43cfbcb24c8ef479f64765c877ff2d292ff2a615a518c6927620"", ""8"": ""e163d9072af8975ce0d9216d747d78c6543477346e6b782a3536c1de3b2a0746"", ""9"": ""6fb15d40fb55a27d691289c37e044868300103115583143bd943ca201a7db491""}",,0,0,0,0,0.0,0.0,"{""0"": 0.007726757250234937, ""1"": 0.007231810523492284, ""2"": 0.0047229447407395025, ""3"": 0.004885078024810209, ""4"": 0.11805851494047885, ""5"": 0.03003471803066386, ""6"": 0.19660093873272722, ""7"": 0.20871267975769456, ""8"": 0.21276399771844196, ""9"": 0.20926256028071652}","{""0"": 0.007726757250234937, ""1"": 0.007231810523492284, ""2"": 0.0047229447407395025, ""3"": 0.004885078024810209, ""4"": 0.11805851494047885, ""5"": 0.03003471803066386, ""6"": 0.19660093873272722, ""7"": 0.20871267975769456, ""8"": 0.21276399771844196, ""9"": 0.20926256028071652}",[],[],0,0,0,0,0.0,360dfe60997f3e3f077e3daf1a1ed4a4cf4a9928992912ee43211e8c1cf10370,10882584f36939df3ee668717aed799eaab531cd32eebae47f4ce5688953fd2c,"[""proposal_created"", ""proposal_committed"", ""audit_accepted"", ""committed_once""]"
4,noexecutor,0,none,0,0,0,0,1,0,,66.3,,0.1,,fe71f3beefc1328f6b65740167beccb40313e95b720edbd5f488c13c27799fee,1,"{""0"": ""34ac9d2b19a01aa4d9608f8f62e90360040490d81669d14f0565869a1ee51f40"", ""1"": ""a943402c2940bfefe987a1d248d818abf2e10f055cfc86b1386529c01a7c7ce7"", ""2"": ""c761051ae719b0c3ceb53f7c2966e5ff2fccec2d461185afe0d3d27a3aed8353"", ""3"": ""3ae03f78967600eeadf56f424a7e87c43faac68860ea1526ebb14bff9625b5ee"", ""4"": ""16dc3fc2737af74668adf4871a330b8a6ee3a47b66f499585b9ff9a8b43106c4"", ""5"": ""6957cecf680daf6071ff7b8c3f84e3c191f4b1911d31b9c3a23c4289b31c68db"", ""6"": ""05f24857dced2e7633242a7b8114aeacd6e8b84d0e791566828209ad0b5ad6da"", ""7"": ""4f2a23e12a60038f32f660984560706d667d58f94d51b0294684b8c693356bdb"", ""8"": ""7cc5472d93dd3bfdd2b74b97bf720a2dd4ea69c13927288be523e3558333de1a"", ""9"": ""6c16e08b7b272eafc9afb155cf0988dcafc4a00c2234dbb85af4fe0b3e070c7b""}",,0,0,0,0,0.0,0.0,"{""0"": 0.0023180271750704814, ""1"": 0.0021695431570476855, ""2"": 0.0014168834222218509, ""3"": 0.0014655234074430628, ""4"": 0.07763258057582033, ""5"": 0.0317221738954092, ""6"": 0.2177485854748465, ""7"": 0.2213821077823367, ""8"": 0.22259750317056093, ""9"": 0.22154707193924328}","{""0"": 0.0023180271750704814, ""1"": 0.0021695431570476855, ""2"": 0.0014168834222218509, ""3"": 0.0014655234074430628, ""4"": 0.07763258057582033, ""5"": 0.0317221738954092, ""6"": 0.2177485854748465, ""7"": 0.2213821077823367, ""8"": 0.22259750317056093, ""9"": 0.22154707193924328}",[],[],0,0,0,0,0.0,10882584f36939df3ee668717aed799eaab531cd32eebae47f4ce5688953fd2c,6270756d5fded498e5c98aa7d4a8756257f1664400bc4fea2f95255027f159b2,"[""proposal_created"", ""proposal_committed"", ""audit_accepted"", ""committed_once""]"
5,noexecutor,0,none,0,0,0,0,1,0,,59.23,,0.1,,0b4b728fc2c4b0be9269cf4ad64e8654846631e60c2d2c64edbc1767bb1d7b50,1,"{""0"": ""7b764b5c5315efce7287858f202d8c5f46f9b9c03b9a90d327b63504b648bba7"", ""1"": ""77c449285366a79267056b89ad51a238b372988f4730f5857482d298b833bc2b"", ""2"": ""f30b9bc2b180b8dc40636344c33e67e29b3f50efad138077bee6f3f5629d0fd9"", ""3"": ""e1afbbe907c84ded0ebce37b8fa670d4a58abd59a11b544970e12efab793887e"", ""4"": ""099ffe08fbef3e0dac3e3a86d6682718f3c44b492251da5583f4aecd6d7c4ccd"", ""5"": ""2eac41afea006e802c9b58b334cf33cf101240f0b3d4bd554dbaa9551bb1f2ba"", ""6"": ""a4152253d3e6b27f5f4e50197a448e9aa4907c47ccc1991eb6d879a9aa1fa09b"", ""7"": ""aea9b7a37244527c1d86b76795992e8e51c13d651c540b1493e52dfd62398efc"", ""8"": ""8664131e68b0c366c01417b4b3b3e2fe26850b98d9e2166e913308627bac177e"", ""9"": ""9c253ee3761ddc5df2d7b3ffad4c44abf2b5e45c70e65a4c112d43b9a998d8f2""}",,0,0,0,0,0.0,0.0,"{""0"": 0.0006954081525211446, ""1"": 0.0006508629471143058, ""2"": 0.0004250650266665554, ""3"": 0.000439657022232919, ""4"": 0.12424595725281125, ""5"": 0.013466221553770195, ""6"": 0.31603344725683447, ""7"": 0.3171235039490815, ""8"": 0.1131144852890756, ""9"": 0.11380539154989217}","{""0"": 0.0006954081525211446, ""1"": 0.0006508629471143058, ""2"": 0.0004250650266665554, ""3"": 0.000439657022232919, ""4"": 0.12424595725281125, ""5"": 0.013466221553770195, ""6"": 0.31603344725683447, ""7"": 0.3171235039490815, ""8"": 0.1131144852890756, ""9"": 0.11380539154989217}",[],[],0,0,0,0,0.0,6270756d5fded498e5c98aa7d4a8756257f1664400bc4fea2f95255027f159b2,4fb0728842c14151324ff228248f0db8f0d6c41adb16113ac9dedd5da46627d1,"[""proposal_created"", ""proposal_committed"", ""audit_accepted"", ""committed_once""]"
6,noexecutor,0,none,0,0,0,0,1,0,,60.37,,0.1,,da0c8a632713ced68631d92e0ab90f093debf2690f8142e78a4498d6fd70e454,1,"{""0"": ""cd05756e52b6a64a80f10437172847210302ebdbbbc82e13a83b5be67dfd94df"", ""1"": ""7764c67448b72f5fe922764479532647a68357b0250952a20ae1ef77ec538877"", ""2"": ""88cc5c02de33bfda86b4e32ba68307cdc70c634c2b494317095f1409ee5fedc9"", ""3"": ""38389ddf46c46a7849c801327d7e9df06f77bad3512e7f05279d1eaf5e3da4de"", ""4"": ""6540ae62d85163bbbad814b8634778e00892ec16df5ec644dc207da64281bfe8"", ""5"": ""95a911e68c51cfe9483b7a42cd966467c9951ddc6ee184c842da3eeac1498c65"", ""6"": ""0f4a1ebf96feb2ebc935700c855c8aae99bc08b15be729a57eb1b0aacc8a4ff3"", ""7"": ""689a3a27a39981349931681b3096df7a5d74423ed685bfabe7724e05a7d1409a"", ""8"": ""fa86b95eb2d77974836735455ab3f7e63f9db6a63f8e495d23724027a7df5db3"", ""9"": ""699a78f0862b5d23569e0a20f3a6c4d3afa38421baaa22c2f8067d2332814dfe""}",,0,0,0,0,0.0,0.0,"{""0"": 0.0002086224457563434, ""1"": 0.00019525888413429176, ""2"": 0.00012751950799996662, ""3"": 0.00013189710666987572, ""4"": 0.13849156089623582, ""5"": 0.007832911829397276, ""6"": 0.195960183754003, ""7"": 0.5170734569577481, ""8"": 0.04164330823385751, ""9"": 0.09833528038419784}","{""0"": 0.0002086224457563434, ""1"": 0.00019525888413429176, ""2"": 0.00012751950799996662, ""3"": 0.00013189710666987572, ""4"": 0.13849156089623582, ""5"": 0.007832911829397276, ""6"": 0.195960183754003, ""7"": 0.5170734569577481, ""8"": 0.04164330823385751, ""9"": 0.09833528038419784}",[],[],0,0,0,0,0.0,4fb0728842c14151324ff228248f0db8f0d6c41adb16113ac9dedd5da46627d1,a285783833e3940bd79280ee0b7ac27c63163f4b4498398f065cc7db5478b346,"[""proposal_created"", ""proposal_committed"", ""audit_accepted"", ""committed_once""]"
7,noexecutor,0,none,0,0,0,0,1,0,,60.29,,0.1,,cb38e72bb30db7d22f98565ace13b62addaf8bc5ed0286c6b9e458ea89a7a029,1,"{""0"": ""d6f9ba8be4f8dee8dc98ff10363f25b0ea2f3bb17943112be1e001b09363e5ea"", ""1"": ""6f3ff5ff7113c3e314be3c7deffaeac0a42bf4018e7142adabdac3daffcc0fa8"", ""2"": ""bee907bbcd1c183be5fd4fed78b03457b4f46c6e1ecb9d0621fd54e30abb5a5f"", ""3"": ""cb4568d7340e14172174e8c20661b1df9f444111e7016220779fd9d7f55b64ec"", ""4"": ""327db744793dbf6ceae89c40d955a2712b3d49b5bf29923c45c08e6b775f2769"", ""5"": ""c0b1ce2834da66bada65bbe640f4fd93e0ffe5adcb606b341f68a7f14004e8e7"", ""6"": ""9ec9194c811b0833347582f81041dc6abf176696ffdaee9710c90e56bbf2f42b"", ""7"": ""7ebb044da17d48552aa0c695f0e6e665b9ce6e0f1313b0f155a5d3dbfbf1fadf"", ""8"": ""a0ad4d6d61cab5d2285312dd8c1c6075cf02ad9309ae1f0798e61ee00ffe52f6"", ""9"": ""0c8164bf62aa8cd032cdf2f282aecd9fb4e5b62cd351ae1dc0cd2b24c2b5fd9d""}",,0,0,0,0,0.0,0.0,"{""0"": 6.258673372690303e-05, ""1"": 5.857766524028754e-05, ""2"": 3.8255852399989994e-05, ""3"": 3.956913200096272e-05, ""4"": 0.13731908776071594, ""5"": 0.0023498735488191834, ""6"": 0.08300879572567854, ""7"": 0.6437170682225968, ""8"": 0.017662702921562662, ""9"": 0.11574348243725885}","{""0"": 6.258673372690303e-05, ""1"": 5.857766524028754e-05, ""2"": 3.8255852399989994e-05, ""3"": 3.956913200096272e-05, ""4"": 0.13731908776071594, ""5"": 0.0023498735488191834, ""6"": 0.08300879572567854, ""7"": 0.6437170682225968, ""8"": 0.017662702921562662, ""9"": 0.11574348243725885}",[],[],0,0,0,0,0.0,a285783833e3940bd79280ee0b7ac27c63163f4b4498398f065cc7db5478b346,26e8717fb01c2ac9b0b06ae5e77f6cbf067f0d2f91173af2716c139103a19595,"[""proposal_created"", ""proposal_committed"", ""audit_accepted"", ""committed_once""]"
8,noexecutor,0,none,0,0,0,0,1,0,,63.68,,0.1,,edb5ed46c4338c3448bca02e169daf6b3a0db26b1b67ace2f4e6a07f0a2d3370,1,"{""0"": ""914ff2964c932b977f8ac23e43a2ef611cca4b4b85eea9c11d146a06f6ebcf8e"", ""1"": ""b8722f066035239e8847b2351c3632e40c7701748f8e47ea526edf9f1a0d044b"", ""2"": ""d35b16a4fb1441504b62932c86bcd0e44c858f6ec5374f70e32c62ae46c1f252"", ""3"": ""cb692c8b1c216e207aed66ad1e8205ca9a58a36aea7fccefae2fcfa169080e62"", ""4"": ""cb5f0bdb1b24033e6853a01a2f0f92e468d3db5734f40a6ce6d410b2ad4217ae"", ""5"": ""ff84a01c88afba227000a8c839b4bbf074b97baa41a933d3205cc4004b0116d1"", ""6"": ""4acf57cb77569fc92e0345c9bfa43d4116b489812dce7edb22e6003be2d731d2"", ""7"": ""eb220c8e51f18051921d01f86a34250e8f367a726c81cf06ea715ece40c0fc45"", ""8"": ""523b97467b0c08e73262ee50ca5e64650155fabbbc4d45aa045cb254c357b993"", ""9"": ""ce1356175ba775b96181ab0d213b0e74c30427db61a74dc04f2581845aa7b251""}",,0,0,0,0,0.0,0.0,"{""0"": 1.8776020118070913e-05, ""1"": 1.7573299572086263e-05, ""2"": 1.1476755719997e-05, ""3"": 1.1870739600288817e-05, ""4"": 0.1578132541797337, ""5"": 0.0007049620646457552, ""6"": 0.0627187670565093, ""7"": 0.6086956647299013, ""8"": 0.03449115003467111, ""9"": 0.13551650511952834}","{""0"": 1.8776020118070913e-05, ""1"": 1.7573299572086263e-05, ""2"": 1.1476755719997e-05, ""3"": 1.1870739600288817e-05, ""4"": 0.1578132541797337, ""5"": 0.0007049620646457552, ""6"": 0.0627187670565093, ""7"": 0.6086956647299013, ""8"": 0.03449115003467111, ""9"": 0.13551650511952834}",[],[],0,0,0,0,0.0,26e8717fb01c2ac9b0b06ae5e77f6cbf067f0d2f91173af2716c139103a19595,d34f60d1e60767537632a09e3a635746c7b7c6bb9be18e4e7eb02df848440244,"[""proposal_created"", ""proposal_committed"", ""audit_accepted"", ""committed_once""]"
9,noexecutor,0,none,0,0,0,0,1,0,,68.32,,0.1,,e7c79c075d4d7b75f9da00d321d75e3c0543b505250a4afc4ae1342376959af2,1,"{""0"": ""63f70afd5465333e646cfb931625c7f4bedcc74d7917497cac78f410e1a3faa7"", ""1"": ""9f58067335a4604778b51d627c9d18526961c856837896a9e55d457ffeba7fc3"", ""2"": ""39ef87eae38730f543f4428d30ee233a3e95f0db55dd026f6ad43a68a5418e2d"", ""3"": ""b89cd28e0413949a3aeddf1f96524a5a1e6a29c4d1cb92a3399429a61e9446cd"", ""4"": ""ab26b29da6381bf8b7a0f145b2fbc92b0ddd2bc847c80bf5e386545d4b40f6bb"", ""5"": ""33ef0a23d8259ae7156736cfc1874288b013b1c6f2974edad34b6988254a0b24"", ""6"": ""544977957d5ffd5ceaa4a66744c3d421a326e4baa2f6ddaee81122a6f31cacf2"", ""7"": ""a9b3d67d4597219e333998e4838af27b910f6188a96c6230828bf75d456ff775"", ""8"": ""37f12fa60732e3acd2cc04cafdfc997c6133b024d3597f40a5b2ef984cefe919"", ""9"": ""c17f101f56ef8d492a83dc5737463c651717aa7d35d7fe24d4811c1aecf728a3""}",,0,0,0,0,0.0,0.0,"{""0"": 5.632806035421275e-06, ""1"": 5.27198987162588e-06, ""2"": 3.4430267159991003e-06, ""3"": 3.5612218800866456e-06, ""4"": 0.17613096568673492, ""5"": 0.0002114886193937266, ""6"": 0.19688200117374677, ""7"": 0.4729931579563763, ""8"": 0.032073742813989184, ""9"": 0.12169073470525593}","{""0"": 5.632806035421275e-06, ""1"": 5.27198987162588e-06, ""2"": 3.4430267159991003e-06, ""3"": 3.5612218800866456e-06, ""4"": 0.17613096568673492, ""5"": 0.0002114886193937266, ""6"": 0.19688200117374677, ""7"": 0.4729931579563763, ""8"": 0.032073742813989184, ""9"": 0.12169073470525593}",[],[],0,0,0,0,0.0,d34f60d1e60767537632a09e3a635746c7b7c6bb9be18e4e7eb02df848440244,c7f5accf650e212a9cea25a70d05ebe7d72884e2074eb12a4ddeef79847cafd6,"[""proposal_created"", ""proposal_committed"", ""audit_accepted"", ""committed_once""]"
10,noexecutor,0,none,0,0,0,0,1,0,,74.57,,0.1,,bff56f46bfc8a9d328a43381be4f86b6bed980922f960fe60334b5875d24b426,1,"{""0"": ""9579759c9b8708b34d0dde70c4a4aedc520b92d3c7d94cbaa57b4f7511997f48"", ""1"": ""18a2e6476b811f112f5a22857f5e63f50375d868d9ad7b65faa22996f07d8afd"", ""2"": ""a555933c3f1687987c3c228187582b51303ac40a2ae23b31fc537f71c720af34"", ""3"": ""f7e1ef0b1f7d5366f011352d10544fed8f72085087b6fd32a546a179f998a023"", ""4"": ""fa6079329c0f7acb5d538fca62af0da6fc63a508cc0a4bd12fbb55d2ea767845"", ""5"": ""d725c938f581c3827066d2b805e5e323e6b88ef3b7baed9d65fa7819ff278da6"", ""6"": ""8174421a08d1a033e4cea0795236418306ff7ec4c5ba55c3c37477ca62ea36e5"", ""7"": ""6f56b4807c87c587016c16486d022029aec8736103c4a4f1bb37abcf6bb40878"", ""8"": ""af181ad7d2a9d2714fbf5cf93f929c988015b639753403c82253b9de22be71fd"", ""9"": ""0f2f64f8f651593358e1cdf00cc8f55f677ef6ee1c357be2e9a48ee07ab1518d""}",,0,0,0,0,0.0,0.0,"{""0"": 1.6898418106263823e-06, ""1"": 1.5815969614877638e-06, ""2"": 1.0329080147997301e-06, ""3"": 1.0683665640259936e-06, ""4"": 0.1805697658263947, ""5"": 6.344658581811798e-05, ""6"": 0.2674529855984955, ""7"": 0.3502863326332844, ""8"": 0.0891793288422999, ""9"": 0.11244276780035634}","{""0"": 1.6898418106263823e-06, ""1"": 1.5815969614877638e-06, ""2"": 1.0329080147997301e-06, ""3"": 1.0683665640259936e-06, ""4"": 0.1805697658263947, ""5"": 6.344658581811798e-05, ""6"": 0.2674529855984955, ""7"": 0.3502863326332844, ""8"": 0.0891793288422999, ""9"": 0.11244276780035634}",[],[],0,0,0,0,0.0,c7f5accf650e212a9cea25a70d05ebe7d72884e2074eb12a4ddeef79847cafd6,feb6e3087b72c1627739d8f0355cbaff873386f0167d1068b61084d8cae73ab4,"[""proposal_created"", ""proposal_committed"", ""audit_accepted"", ""committed_once""]"
11,noexecutor,0,none,0,0,0,0,1,0,,69.17,,0.1,,709c9d7b7eeba8034ea3a5734028dee1ccb0b9e7764e7c6deaedaa47c00637ca,1,"{""0"": ""52d6fcc7816d0a7f8ddda3081f6bd8cbb3cf0ddb157a33f6e4c5d702473ed096"", ""1"": ""f24c29e9a949bdc19f9285748610deaa887a62be7dd38e3bdf30907158acfd47"", ""2"": ""52202cf7c7ef1330597493ea04335d28446cd1b3d2d3abccb50efc2125634cec"", ""3"": ""e1e6c9ba9b52ad5a513fdd596c31aca9cefaeb29f84abcaa112f7009b80c3d03"", ""4"": ""02d191ad30902ff27a795a4c96ad026ccd6c81f49df1dcfef1b50800f40fe9f1"", ""5"": ""d2fda4298392ed405fe89e9e4acc1532d83c2d1ca920d6c3ef7170719dcd9504"", ""6"": ""e1cbbad71048ef4ded020b21707298e44010006a8796a1243e068bc332d8dce3"", ""7"": ""faacbf395255e5f922fcad4b473a430120e2401434c960d5a8ddbdc8ce420435"", ""8"": ""38b8c3570dc4f98568e2a3a56ddbef2c05916b0e37b8c557e5fcc755569ca266"", ""9"": ""7f67c473565fb99c087b1e5d1c5c06a82f2cf1b51c7db7399c47460576b7751e""}",,0,0,0,0,0.0,0.0,"{""0"": 0.0014625337511786163, ""1"": 0.0006147281599539512, ""2"": 0.0006361742134734125, ""3"": 3.205099692077981e-07, ""4"": 0.21691075975685947, ""5"": 1.9033975745435393e-05, ""6"": 0.12300722359765529, ""7"": 0.43734222992138994, ""8"": 0.14079035052906677, ""9"": 0.07921664558470776}","{""0"": 0.0014625337511786163, ""1"": 0.0006147281599539512, ""2"": 0.0006361742134734125, ""3"": 3.205099692077981e-07, ""4"": 0.21691075975685947, ""5"": 1.9033975745435393e-05, ""6"": 0.12300722359765529, ""7"": 0.43734222992138994, ""8"": 0.14079035052906677, ""9"": 0.07921664558470776}",[],[],0,0,0,0,0.0,feb6e3087b72c1627739d8f0355cbaff873386f0167d1068b61084d8cae73ab4,2a0b2e1e4d03ea6293e0e50f06f966c7509c34aa704deab457432f1fe09b2a63,"[""proposal_created"", ""proposal_committed"", ""audit_accepted"", ""committed_once""]"
12,noexecutor,0,none,0,0,0,0,1,0,,68.05,,0.1,,8541e52b341129bd939cb8efe6f5ed7eff1421371d25c21b0711a90048767a2e,1,"{""0"": ""0c9f89467434fe29ff2c885af9369291c2769524003a656d4eda91a7c295ff11"", ""1"": ""07ca7ba1a54439ea9091ef68b9a5bd327c5d30c7e383a3a3bd957674beae2dce"", ""2"": ""66d5109a64f8f939cbd40626e1c92d5fb0f0bf91285041047c1302e9766093de"", ""3"": ""611dc5f675bc5ef359ae4847612d1738cb61bfd9b8dca71e94f103ae70baf102"", ""4"": ""a2bb0dffaae178fb06cf205af157306e2456ce030ab2d95f6db52283a95008d0"", ""5"": ""8ade780f5b78596a3bfe4f5fa74e4a5e256532516c252a55b1079e885d8a8b3d"", ""6"": ""b00e4aac7edb410ae16d6c3b9582c9eb781a31b176f1deb343af6718d1e80fa3"", ""7"": ""e6164d0a1a68b35ab0adb1e10c9c8269fa462194f94b1b5efd5bedb2cf63f145"", ""8"": ""48f87c672816103d2c7cf04ed13dddbecb04d5296defc366f63101cd2aab62d9"", ""9"": ""8b8db30027ba67680882b3859906b2658a062ed50bffcf80428876e08f93b1d9""}",,0,0,0,0,0.0,0.0,"{""0"": 0.00043876012535358494, ""1"": 0.0001844184479861854, ""2"": 0.0001908522640420238, ""3"": 9.615299076233944e-08, ""4"": 0.24271394012486125, ""5"": 5.7101927236306185e-06, ""6"": 0.12074529126153252, ""7"": 0.5177727277392263, ""8"": 0.07996031999742789, ""9"": 0.037987883693855695}","{""0"": 0.00043876012535358494, ""1"": 0.0001844184479861854, ""2"": 0.0001908522640420238, ""3"": 9.615299076233944e-08, ""4"": 0.24271394012486125, ""5"": 5.7101927236306185e-06, ""6"": 0.12074529126153252, ""7"": 0.5177727277392263, ""8"": 0.07996031999742789, ""9"": 0.037987883693855695}",[],[],0,0,0,0,0.0,2a0b2e1e4d03ea6293e0e50f06f966c7509c34aa704deab457432f1fe09b2a63,ab9c577fcf0d36124902ab806eb7d35021a9b2fb1b3d99fbb65a4cc9a8ecb0cd,"[""proposal_created"", ""proposal_committed"", ""audit_accepted"", ""committed_once""]"
13,noexecutor,0,none,0,0,0,0,1,0,,75.74,,0.1,,c9e7780875130670d958ae5ba884cfe4031567dba7077dd4057bce2cd45325f0,1,"{""0"": ""36c2a5ae31058d774077a8b6dab4895370bef0f587bf8d79a8c23a68317254dc"", ""1"": ""20425e68ffc66e56de4e71eaf00eca4c774e2861df5fcc882da2ac27dd502b4e"", ""2"": ""49a02a1304c9308ef8a454710eb3a808dbd0e4ff300f31c8457b35312e2003a4"", ""3"": ""551527ace3ceb961bbe806b0c817208ad29c36a3c23b7b837d17d7cccb0614fd"", ""4"": ""4c6acff83f1111f91316d90e05300dc32fe71ec27eb906aa6bb86c141dbb569c"", ""5"": ""01c7cbf0a3538d751ad08283887a05637f7944df9186a229de7b794ed18a4bb4"", ""6"": ""5df0b9f9985418b7bcf0333085133176ccc0aaa7a8b8ecfba66a7ffce8189c37"", ""7"": ""c12388ffd21a9a7bcbeb3f04b9fddf872b93631a9c22ccc36a6f60c0653fee27"", ""8"": ""1aba740382b68082dfe938887547e629d9e7ae29a915c001981c4bc88c599065"", ""9"": ""f6177339ad7cc90732b3e39c5a8057f8ef604da527b17b6fc10e055fdb323787""}",,0,0,0,0,0.0,0.0,"{""0"": 0.0001316280376060755, ""1"": 5.5325534395855614e-05, ""2"": 5.725567921260713e-05, ""3"": 2.884589722870183e-08, ""4"": 0.17647837974395023, ""5"": 1.7130578170891853e-06, ""6"": 0.12988115362498406, ""7"": 0.3672792656657224, ""8"": 0.2359355433431828, ""9"": 0.0901797064672315}","{""0"": 0.0001316280376060755, ""1"": 5.5325534395855614e-05, ""2"": 5.725567921260713e-05, ""3"": 2.884589722870183e-08, ""4"": 0.17647837974395023, ""5"": 1.7130578170891853e-06, ""6"": 0.12988115362498406, ""7"": 0.3672792656657224, ""8"": 0.2359355433431828, ""9"": 0.0901797064672315}",[],[],0,0,0,0,0.0,ab9c577fcf0d36124902ab806eb7d35021a9b2fb1b3d99fbb65a4cc9a8ecb0cd,a71e2abc46096f7718b29969f4d58c188aae71ab0ae6b9b813bfb61e30927f35,"[""proposal_created"", ""proposal_committed"", ""audit_accepted"", ""committed_once""]"
14,noexecutor,0,none,0,0,0,0,1,0,,75.28,,0.1,,4dd8fa373d833cbba8a4561a6fc67eed141f6f5704f1b129e5e2b174514fcc00,1,"{""0"": ""783bf01e3d4bd0ffa44afb4d96307ba956d99b52b6215689eb907778d38044cc"", ""1"": ""3782d96197a1329eece82add77ae3823ed5b6da58fc029ac39c9cd2b3f6056b9"", ""2"": ""f3bef1d10a0748b0fb3db34e7ae21285a1036b5d686b72da07564cc1f4c6bd4d"", ""3"": ""7e19b233a7abe8f57e94d06ed44ac5692a07e1602472fe18f68a8606cce3c960"", ""4"": ""dd224165c7713fdc9a2c45c00f82b5c34d40d17fcda71d3e039786d860e46f15"", ""5"": ""85e617cf290040ffe1722f56459efb796bec3e563e9248aed19187cfa9762354"", ""6"": ""2a509195bc1fc90b5d3632adeca031338c4de22b539e890c0ad50fbb426d67f3"", ""7"": ""91b99b58d153d677146a7e86f8762cf3e8bf9e23153bff9a03049372ff3bde36"", ""8"": ""bc906c565f3aaddec9563d87de78f3b3e0894bd32cce49de31f13228f1fac0fd"", ""9"": ""365fe13b9561f23fd361d3745cbfae130abb7f18bc2086bfd684f250ca53b92e""}",,0,0,0,0,0.0,0.0,"{""0"": 3.948841128182265e-05, ""1"": 1.6597660318756688e-05, ""2"": 1.717670376378214e-05, ""3"": 8.65376916861055e-09, ""4"": 0.08363623283200498, ""5"": 5.139173451267557e-07, ""6"": 0.05036427371338954, ""7"": 0.41932141963807523, ""8"": 0.37991830294131335, ""9"": 0.06668598552873828}","{""0"": 3.948841128182265e-05, ""1"": 1.6597660318756688e-05, ""2"": 1.717670376378214e-05, ""3"": 8.65376916861055e-09, ""4"": 0.08363623283200498, ""5"": 5.139173451267557e-07, ""6"": 0.05036427371338954, ""7"": 0.41932141963807523, ""8"": 0.37991830294131335, ""9"": 0.06668598552873828}",[],[],0,0,0,0,0.0,a71e2abc46096f7718b29969f4d58c188aae71ab0ae6b9b813bfb61e30927f35,4d2895ed88d5f92da064622086a608bb33f4ebe52a6414d2ac8776b628a1fe11,"[""proposal_created"", ""proposal_committed"", ""audit_accepted"", ""committed_once""]"
15,noexecutor,0,none,0,0,0,0,1,0,,68.44,,0.1,,d0fb5aede24891d6cc67f966e826168ad0604a97e1a6f01ed90d6a3b6efd5462,1,"{""0"": ""3f51b3897a16a2b292e366947c6c2b1ca19a19100daadb4f164ced35c0a2d44b"", ""1"": ""666fb0061db32c04ffe3523e6fad5624d2fc4ff37a0addc2372dfe1e822105e1"", ""2"": ""57822a0ab1b0ff089a42eac596dc4f35b5fe5d4b057c2035ed057f4701f4e9a3"", ""3"": ""bc822b07c349528bcfb3876dd75df209c0f9f794b9627408b5a479ba2ed98ea6"", ""4"": ""2857524ee73f49c6fab4a1331f774e9f8e089255328a3668709335b4686a035b"", ""5"": ""dcd3aab54ba8a7302e5bd7e91d34ee45146a8cdae5a79ffae10565408d01c1bb"", ""6"": ""b42c1ba043d3ef19f56299c52529d0251d29c3e837b0c5fa4e8fcd950e03994d"", ""7"": ""7416da2256feeaa7b67a4d00d8292e7cde9da3887c49bc4caa1617908501bbc1"", ""8"": ""e06c3904735f533c3595ca20853d7322730b077b52cd8a8c43119f97adc90f3c"", ""9"": ""b7b5113d80f54895366e18b36069cf5545233162bfa42a0004d1567742930550""}",,0,0,0,0,0.0,0.0,"{""0"": 1.1846523384546797e-05, ""1"": 4.979298095627007e-06, ""2"": 5.153011129134643e-06, ""3"": 2.5961307505831657e-09, ""4"": 0.02899849115577683, ""5"": 1.5417520353802674e-07, ""6"": 0.04549723552283808, ""7"": 0.6709210287836191, ""8"": 0.2168360414007368, ""9"": 0.03772506753308558}","{""0"": 1.1846523384546797e-05, ""1"": 4.979298095627007e-06, ""2"": 5.153011129134643e-06, ""3"": 2.5961307505831657e-09, ""4"": 0.02899849115577683, ""5"": 1.5417520353802674e-07, ""6"": 0.04549723552283808, ""7"": 0.6709210287836191, ""8"": 0.2168360414007368, ""9"": 0.03772506753308558}",[],[],0,0,0,0,0.0,4d2895ed88d5f92da064622086a608bb33f4ebe52a6414d2ac8776b628a1fe11,04c0bec1546940e64c834db730b1564ea0f4d6473bc0d68f0eaa800bae245ad2,"[""proposal_created"", ""proposal_committed"", ""audit_accepted"", ""committed_once""]"
16,noexecutor,0,none,0,0,0,0,1,0,,68.42,,0.1,,b8003e16615e1001f382d3c167c9af06dc2376244c61a28fbf15f2e4f8d9d453,1,"{""0"": ""c745c5394394837e4e66a80050dc24749628f05c89d01bb74b834bef3a7dcb62"", ""1"": ""d1928a883a452f4f8d0010181bc727fd20f1d14dec7d81cb1da17a6bcf38bb62"", ""2"": ""f09cc643ddf2866a08019c0e75aa3583f36e9a249b0be1692e0c07bc4cf5b4bd"", ""3"": ""a0839e716721a189225b1e1aa2c79093a164efc20fdc08fbedb30a8491aa0681"", ""4"": ""80ef1d5eae5be6f099cbd055c265a028b38c210fe7da0f54f00276798d21c7f3"", ""5"": ""4c5c4594c151df4b1c0a67dcb2374ffe599b9a93101aa5eeac50a96e7e1a6179"", ""6"": ""345bf1d2b6569ee5b5586715a7fb260e1d4400eaed3877e88bb8aeec47eb34e1"", ""7"": ""f89e576d78148d768999202f1fe410ebbaf00e36e3ca407f705649fd00e0df40"", ""8"": ""14e027b81671517d0f9c2abf1ac41c4d573134a43586f947c5e7af6a3d94fe2a"", ""9"": ""8c26d80b7225f74df545a24bbb368ecc6f50882d1ee7645f1d81d5ca4a5cd113""}",,0,0,0,0,0.0,0.0,"{""0"": 3.5539570153640397e-06, ""1"": 1.4937894286881024e-06, ""2"": 1.5459033387403931e-06, ""3"": 7.788392251749499e-10, ""4"": 0.010262975846012122, ""5"": 4.625256106140803e-08, ""6"": 0.09744542545468295, ""7"": 0.7377865357577666, ""8"": 0.12725813404303304, ""9"": 0.02724028821732212}","{""0"": 3.5539570153640397e-06, ""1"": 1.4937894286881024e-06, ""2"": 1.5459033387403931e-06, ""3"": 7.788392251749499e-10, ""4"": 0.010262975846012122, ""5"": 4.625256106140803e-08, ""6"": 0.09744542545468295, ""7"": 0.7377865357577666, ""8"": 0.12725813404303304, ""9"": 0.02724028821732212}",[],[],0,0,0,0,0.0,04c0bec1546940e64c834db730b1564ea0f4d6473bc0d68f0eaa800bae245ad2,10f49b584e91a5592372c80428a049cb795fb0a3e2c3ef036003843ba5002248,"[""proposal_created"", ""proposal_committed"", ""audit_accepted"", ""committed_once""]"
17,noexecutor,0,none,0,0,0,0,1,0,,72.07,,0.1,,33049ad2cbd6d1ab10b4ff10b381a4ec103766b2d4ed555259986860cfa846c6,1,"{""0"": ""468e2a9f207c08b148b1e6941730c75beed2ac0041e6a9ba51c21682c531003a"", ""1"": ""57de8a43cad8157a63398938462517eeeb34b35b582abdff4d2dcabfa18cafbc"", ""2"": ""4cb8e03ec9dc368a4720e120524d5948065e1627ac146bdbfad3c7ef06301322"", ""3"": ""b2be8f7850d0fd0bbf013c88748058e35420f9c4b4264c8fca2d34a8b254117a"", ""4"": ""f6c6e7c0506e911c98cf05fa011169e7130c4dfed6bf687501bb458bd34589e8"", ""5"": ""dae1be9b566e0329dbd3d8d51e348f1080c9d4b7855a145dee8266296f22e444"", ""6"": ""fd5c28016a242c63c4e91ade0a17cc33488eda367fb30430c60cefd7572e27dc"", ""7"": ""c6bd6cc49a0442ec420c52975e87d6822067e7f03c197a2cf7d484f841103b1e"", ""8"": ""e0a646de6c8ae648e6b2a8fd42da4f36f03256ae0a6cce1e4ff56fa58bd79a8d"", ""9"": ""baf56fa8aaf30a3571c6a1ac98aba39f2294e8adf416de2a4c4351d53eb73ac0""}",,0,0,0,0,0.0,0.0,"{""0"": 1.066187104609212e-06, ""1"": 4.4813682860643077e-07, ""2"": 4.63771001622118e-07, ""3"": 2.33651767552485e-10, ""4"": 0.00911804968778732, ""5"": 1.3875768318422411e-08, ""6"": 0.14891444561313458, ""7"": 0.548452128918564, ""8"": 0.2821412317761147, ""9"": 0.011372151800044517}","{""0"": 1.066187104609212e-06, ""1"": 4.4813682860643077e-07, ""2"": 4.63771001622118e-07, ""3"": 2.33651767552485e-10, ""4"": 0.00911804968778732, ""5"": 1.3875768318422411e-08, ""6"": 0.14891444561313458, ""7"": 0.548452128918564, ""8"": 0.2821412317761147, ""9"": 0.011372151800044517}",[],[],0,0,0,0,0.0,10f49b584e91a5592372c80428a049cb795fb0a3e2c3ef036003843ba5002248,3d161c0de63c9dc15bd4ec85259abb2361003056d96a4c8b033be64ec6105ced,"[""proposal_created"", ""proposal_committed"", ""audit_accepted"", ""committed_once""]"
18,noexecutor,0,none,0,0,0,0,1,0,,76.89,,0.1,,b14e391fd8313d870b9a933f27434e6ceb85e28dd8f728af84d5758bcc0e17f4,1,"{""0"": ""ce00996cc8bedf9edc8688793288a8e0943999b8537c92d9e86f9685f07b06b9"", ""1"": ""b17d89658650d7b03a9c083a0fa3fe2b127d05211ec0d977c927a7e3f6b0dbab"", ""2"": ""0081e908fd987dd5ce5be5cfe8ce698169acacdee1142de16b54d5d1c7205f3d"", ""3"": ""d435760c4e5e2f1bfaa7934e776aa163acd9402450924c3df044c207c39b3708"", ""4"": ""985e9f0e3181bc9551a4f8d9d689dec76aa665ee8aaef7b386a523332130240c"", ""5"": ""2dcbd93d7ce745fe331fc27300aeb6ec0044a0f66d8bbb2e2c1a096f1402beaa"", ""6"": ""bea74bcc435103699f51d31a1d0a88eb911c7d0ad20bc4b53304eda8ecce6198"", ""7"": ""031ea42d89523558b6d3e7623877461fb85cf66725a273fc389267b56720125a"", ""8"": ""dc149648459efe48f933004941f499265cdcdc770572128b4ede01c97e83ddbb"", ""9"": ""f8201d8e89e2662415f282efe2091ecdd341d531a5613b869bada323928dd2b6""}",,0,0,0,0,0.0,0.0,"{""0"": 3.198561313827636e-07, ""1"": 1.3444104858192923e-07, ""2"": 1.391313004866354e-07, ""3"": 7.00955302657455e-11, ""4"": 0.01704045099859984, ""5"": 4.162730495526723e-09, ""6"": 0.1313948377704666, ""7"": 0.4608560085035346, ""8"": 0.3809627393607998, ""9"": 0.009745365705292502}","{""0"": 3.198561313827636e-07, ""1"": 1.3444104858192923e-07, ""2"": 1.391313004866354e-07, ""3"": 7.00955302657455e-11, ""4"": 0.01704045099859984, ""5"": 4.162730495526723e-09, ""6"": 0.1313948377704666, ""7"": 0.4608560085035346, ""8"": 0.3809627393607998, ""9"": 0.009745365705292502}",[],[],0,0,0,0,0.0,3d161c0de63c9dc15bd4ec85259abb2361003056d96a4c8b033be64ec6105ced,19577e52087cf3e22f8862dc2bdc17b24b2abdb7a2fdc52780991d0d00bdb28a,"[""proposal_created"", ""proposal_committed"", ""audit_accepted"", ""committed_once""]"
19,noexecutor,0,none,0,0,0,0,1,0,,75.54,,0.1,,45bc8c999e0d3ca5bd966ed0b72ef67ce6d84be9ffbadbcfb426ad7603fe93d1,1,"{""0"": ""8bceb3b20b681d3deda202ad86fe7dd6f470d9c6f00f2705c42f5845fc5fc4bb"", ""1"": ""98de3b72aee9a71569a8774bb9b5e56312d223f0c96c4a3d7a4f8948f69120da"", ""2"": ""aba4c48e6d3c2078c157c1f985732ea9ec5590070864783ac2ed0082fd9f78d1"", ""3"": ""cc1445966c755c930bee400146902c438c0d760d58ee5deaccacc049edbb7bee"", ""4"": ""b0264e896fb79823157a5064951fa5367c2963cb5de8c13888064de117664ad7"", ""5"": ""95b462fe1122aa814593f620388a68fa5c15b56f1cdd7a7e149cf14140bb05b6"", ""6"": ""4ed33e28bdf421064748aa20f7e9cad240f1e659c8ae50f30ee7bcff3c216010"", ""7"": ""a3a8d47e1c96c5a565b3c7d23722de48811a1ebea27e911377018c9d05a0621f"", ""8"": ""1a979932d2d81d921ba61f17ff5e2a8e534da0cba2f6220db6f4bed6e1d7a5b1"", ""9"": ""21cc1ef6a4342b04fa5b63172bd1004183f7071b272de2497a0d5403c5666556""}",,0,0,0,0,0.0,0.0,"{""0"": 9.595683941482911e-08, ""1"": 4.0332314574578785e-08, ""2"": 4.173939014599063e-08, ""3"": 2.1028659079723657e-11, ""4"": 0.010791179605856757, ""5"": 1.2488191486580173e-09, ""6"": 0.14601988229349536, ""7"": 0.4991118865418927, ""8"": 0.33411192545320667, ""9"": 0.009964946807156679}","{""0"": 9.595683941482911e-08, ""1"": 4.0332314574578785e-08, ""2"": 4.173939014599063e-08, ""3"": 2.1028659079723657e-11, ""4"": 0.010791179605856757, ""5"": 1.2488191486580173e-09, ""6"": 0.14601988229349536, ""7"": 0.4991118865418927, ""8"": 0.33411192545320667, ""9"": 0.009964946807156679}",[],[],0,0,0,0,0.0,19577e52087cf3e22f8862dc2bdc17b24b2abdb7a2fdc52780991d0d00bdb28a,0c3ba92e792003fed75b8a0a8d579e9538eb5f55e389d4d57dea32528cd9e3a4,"[""proposal_created"", ""proposal_committed"", ""audit_accepted"", ""committed_once""]"
20,noexecutor,0,none,0,0,0,0,1,0,,69.4,,0.1,,679c5374f32dff8f80cdc8e36528849cbc6f9b16a9f307645b52195f9d40f26a,1,"{""0"": ""4ec3d5d3d0960d473a90013d2bfbca6ef374330785697e48b729cdda9b0efcd6"", ""1"": ""bbec0e15da4c5e745f3be8a6c2d4447eab9de0d91ae7479fb001883934c476cc"", ""2"": ""fcdfc5ea9b775897cc5286807d890ce30e9409e80331fdb51f29c2b5fbcc6ac4"", ""3"": ""8dca7af6d16cebb967734967a45410b92e3638f01ff1d99d7c79a84e796d7d4e"", ""4"": ""d8b215c93432722b2d8814c8602470b0acb7439d447a6bb6e52f5406512be0ce"", ""5"": ""c8d70fb2195922bba571395956db30b443132fb203dc72afa073a476093885c3"", ""6"": ""1832690066b141146436834f20526716a3fa3b9dacb94d4894d10141a6d748a6"", ""7"": ""73bb4b1997dcfc06d434ffe6799e2cc0f2dc6cf9f85d5978047bc0fa7a6dafa3"", ""8"": ""fc387bd9850e355bacd44bc974a8f2ca5cff792d53185d2965c8bf326fb62625"", ""9"": ""1022afe773d2bc1ede0b6b69281680d29b3f0b7d91e7ab3499bd619d276f072d""}",,0,0,0,0,0.0,0.0,"{""0"": 2.8787051824448737e-08, ""1"": 1.2099694372373638e-08, ""2"": 1.2521817043797191e-08, ""3"": 6.308597723917098e-12, ""4"": 0.03501055525301263, ""5"": 3.7464574459740526e-10, ""6"": 0.07954095783315755, ""7"": 0.7043287146150201, ""8"": 0.17518815578932218, ""9"": 0.005931562719969969}","{""0"": 2.8787051824448737e-08, ""1"": 1.2099694372373638e-08, ""2"": 1.2521817043797191e-08, ""3"": 6.308597723917098e-12, ""4"": 0.03501055525301263, ""5"": 3.7464574459740526e-10, ""6"": 0.07954095783315755, ""7"": 0.7043287146150201, ""8"": 0.17518815578932218, ""9"": 0.005931562719969969}",[],[],0,0,0,0,0.0,0c3ba92e792003fed75b8a0a8d579e9538eb5f55e389d4d57dea32528cd9e3a4,1710b207e44f00769179f97ddd0a92d21d6e4d413ef89f39ea5771b850b1820d,"[""proposal_created"", ""proposal_committed"", ""audit_accepted"", ""committed_once""]"
21,noexecutor,0,none,0,0,0,0,1,0,,78.11,,0.1,,4531c7d8d84e78f87862612f68563ec73882834102baf399f29e0fdccc9aa508,1,"{""0"": ""5c6b1ac5c0ef6894f731b4e646f9a85cd18aa12f4b82b5b21861e097a871a4ed"", ""1"": ""8589e77366a344ec4b97258dd8a2db1470ce3291232ac380c12213bf7fe56196"", ""2"": ""9a9cd42e74ed6540661daeb8dab7f29f1981801662f509c0a9f6b062103a50d3"", ""3"": ""894f89fd02de378b617944f72d7788dc643614462499ed1716ff97483d56a397"", ""4"": ""84057e243dbe1f6548aedee94416fdb094673e3ffd7d45612e1196c10294e8fe"", ""5"": ""971d68b255cc0ac613e675eef41e608b1074b1be3dd12090c525ae3643f68014"", ""6"": ""ec33504d0e94c952195d219abe730c163ce1e069cf138bdaf7c2a5824d67811b"", ""7"": ""252f7080b01e7fff3012cf2c6563f310db2e300472c066933ae15dbebc867639"", ""8"": ""e661a23b5b174646b1bdb6b64a138fc33484f14b014b8e5aed71bfc1bf43704d"", ""9"": ""ca7ee0fd4c3d8d7394e8403532bb1e8789cff0bfea2eaa6699854b0cec75fba9""}",,0,0,0,0,0.0,0.0,"{""0"": 8.63611554733462e-09, ""1"": 3.629908311712091e-09, ""2"": 3.756545113139157e-09, ""3"": 1.892579317175129e-12, ""4"": 0.014704570063831683, ""5"": 1.1239372337922157e-10, ""6"": 0.3629572365356619, ""7"": 0.211298614384506, ""8"": 0.39165139592251125, ""9"": 0.0193881669566337}","{""0"": 8.63611554733462e-09, ""1"": 3.629908311712091e-09, ""2"": 3.756545113139157e-09, ""3"": 1.892579317175129e-12, ""4"": 0.014704570063831683, ""5"": 1.1239372337922157e-10, ""6"": 0.3629572365356619, ""7"": 0.211298614384506, ""8"": 0.39165139592251125, ""9"": 0.0193881669566337}",[],[],0,0,0,0,0.0,1710b207e44f00769179f97ddd0a92d21d6e4d413ef89f39ea5771b850b1820d,75d7d46db6cb602bac896395347e40cb905398e8e307429a532361d0d27d1912,"[""proposal_created"", ""proposal_committed"", ""audit_accepted"", ""committed_once""]"
22,noexecutor,0,none,0,0,0,0,1,0,,74.9,,0.1,,8859f2a57b5f3655538ffcfe580b85fd8201b50e9c398068d0c74edbc29de2e0,1,"{""0"": ""0fb924f78bacc72394d19e1df46a0c04b3754780a07494fd987dd620789f884d"", ""1"": ""eb3c349c687d114c62a7f818faeaf1328656f84b489b4d4f64230e609de6ccb0"", ""2"": ""eebb09b01f55f9b0cf59d7ce7c26ba23f9f9a0d0e080f377a4954378b236cfc3"", ""3"": ""a2e09b188ccd1c441ae2fc2dafb2710f16119822a3ae5fb8ac1e652fde57fc4c"", ""4"": ""e1d590a0e5f41b8ee11ed6b8389183ba0f5ad4f7785dc6ca7ae1b48209b5cc93"", ""5"": ""20fdb915a7efb0427bc24c4e5a7fd9a4b76997135e186ac15cff2eb690c50762"", ""6"": ""81fcd273483db4acf0455c3e9dd97050176639889496db580a59c04b81af7deb"", ""7"": ""e28f1832d7866a9bc53d825e6225c41edb003963bd9c2ef8f194dce142f315e5"", ""8"": ""e5f7ca7af58724eb3029acb498ccac7a9d6e4ac6e0472f58e2d04ec1780d58c5"", ""9"": ""77478e9b61673774d554a9f0bf58beda7d24bee226c1bb94d0d67540e927c8f5""}",,0,0,0,0,0.0,0.0,"{""0"": 2.5908346642003867e-09, ""1"": 1.0889724935136274e-09, ""2"": 1.1269635339417472e-09, ""3"": 5.677737951525388e-13, ""4"": 0.3310026632654793, ""5"": 3.3718117013766476e-11, ""6"": 0.1088871709606986, ""7"": 0.436798292069022, ""8"": 0.11749541877675339, ""9"": 0.005816450086990111}","{""0"": 2.5908346642003867e-09, ""1"": 1.0889724935136274e-09, ""2"": 1.1269635339417472e-09, ""3"": 5.677737951525388e-13, ""4"": 0.3310026632654793, ""5"": 3.3718117013766476e-11, ""6"": 0.1088871709606986, ""7"": 0.436798292069022, ""8"": 0.11749541877675339, ""9"": 0.005816450086990111}",[],[],0,0,0,0,0.0,75d7d46db6cb602bac896395347e40cb905398e8e307429a532361d0d27d1912,8bf8d7ab41a695b0654f9436a1e80114725edc36730bd2f5104d50f464100327,"[""proposal_created"", ""proposal_committed"", ""audit_accepted"", ""committed_once""]"
23,noexecutor,0,none,0,0,0,0,1,0,,78.14,,0.1,,838432bb9d59286ab423126ae0a3a74fd4701e73f35ed7e2a15de5b82e642a0b,1,"{""0"": ""3ac85d0a68958d26754a3dc72e7d114358fe5d2d00c85c90680ed2e0d787931d"", ""1"": ""8d7fbe1420b51115bf933ef7eca42ab2bac860d81b4ac089ca78f3bb33a5e71a"", ""2"": ""7453aa3c2a4c58430d1bfdf602f57f7c1f99fdcce399ed595dfd4981d4b71ecc"", ""3"": ""7fbe8963fa86b8297a15748b63658eb91e3fcf4a8283c7986afc888bf1485472"", ""4"": ""5eb05525bd7ee098058a0481768a79a805784aa2119bdd42f5f0ccc74f3555f4"", ""5"": ""9f39877602918566cb1393cf9f1bf0eae12e824f74f43bbbf7af27412e3c85f5"", ""6"": ""bff44d069f411bf346b1ee2bf7aeef73bd7888453bc078d7250040e2503a953e"", ""7"": ""b59a8ff365dce3a63922f8066f85641e26a09590bc1b4ab22c77c112ff230bd3"", ""8"": ""6a676257fc02a29bfe59617df89407dec06b1daff2791bd51d373cde44dd2040"", ""9"": ""ea55633254ca9df398bf47ac86d2b23a91215044f3c6317b8129c845fb9309f1""}",,0,0,0,0,0.0,0.0,"{""0"": 7.772503992601162e-10, ""1"": 3.2669174805408834e-10, ""2"": 3.380890601825243e-10, ""3"": 1.703321385457617e-13, ""4"": 0.0993007989796438, ""5"": 1.0115435104129946e-11, ""6"": 0.03266615128820959, ""7"": 0.1471570703250421, ""8"": 0.3771898342808583, ""9"": 0.3436861436739293}","{""0"": 7.772503992601162e-10, ""1"": 3.2669174805408834e-10, ""2"": 3.380890601825243e-10, ""3"": 1.703321385457617e-13, ""4"": 0.0993007989796438, ""5"": 1.0115435104129946e-11, ""6"": 0.03266615128820959, ""7"": 0.1471570703250421, ""8"": 0.3771898342808583, ""9"": 0.3436861436739293}",[],[],0,0,0,0,0.0,8bf8d7ab41a695b0654f9436a1e80114725edc36730bd2f5104d50f464100327,2802339fa3239f2b89636b8bb6f3ed05612c2822e0ba47c7c9be10bbe67325fc,"[""proposal_created"", ""proposal_committed"", ""audit_accepted"", ""committed_once""]"
24,noexecutor,0,none,0,0,0,0,1,0,,71.92,,0.1,,94daae1e60604fcedd274185822d1346ee66303e60ef0ef86cad07394a921f4c,1,"{""0"": ""3d8b9c76752803f537b2f02dd023296e732a354100d4a0e3bdc96f7d640caec1"", ""1"": ""d24e6b46d550e8eab819157990aaa067defe22464995610226c3dc98e208920f"", ""2"": ""09f723607dde1fd778ae960d10da2de6425c626fb64c2c81519a04a642ed32dc"", ""3"": ""e7070566676a70ee4bebce4d5950d9233a155e2b8dbbfabda467ffd88741df15"", ""4"": ""d41b56e4779fc374f4034758f27b67fa0dad7c54ae763596ad67d3577d7d2f2c"", ""5"": ""9851457fcf28df4c246f7dbdccca683c6103618b999a1e115a2594e0bdd45657"", ""6"": ""20e49516e81e39606729e22aa999e7678db470837315205a99e34cbc7c01281b"", ""7"": ""3241bde8a3f871e2f15d5914c78865240ca84aca666377f0c1b316bc706263d6"", ""8"": ""dad090128ac331d8f61a66238349e2c51f7a6393794a6565af525c61a5fbe26d"", ""9"": ""bcda12bb3b381b3ecd599259f96aa9e2e8b20b731a0b629df5bbb6d23ed663d8""}",,0,0,0,0,0.0,0.0,"{""0"": 2.331751197780349e-10, ""1"": 9.800752441622652e-11, ""2"": 1.014267180547573e-10, ""3"": 5.1099641563728516e-14, ""4"": 0.029790239693893147, ""5"": 3.034630531238984e-12, ""6"": 0.009799845386462879, ""7"": 0.7441471210975126, ""8"": 0.1131569502842575, ""9"": 0.10310584310217881}","{""0"": 2.331751197780349e-10, ""1"": 9.800752441622652e-11, ""2"": 1.014267180547573e-10, ""3"": 5.1099641563728516e-14, ""4"": 0.029790239693893147, ""5"": 3.034630531238984e-12, ""6"": 0.009799845386462879, ""7"": 0.7441471210975126, ""8"": 0.1131569502842575, ""9"": 0.10310584310217881}",[],[],0,0,0,0,0.0,2802339fa3239f2b89636b8bb6f3ed05612c2822e0ba47c7c9be10bbe67325fc,73b2bf85e6744eef563c59d953537d73410856f6717ada2d729ab4850ee70490,"[""proposal_created"", ""proposal_committed"", ""audit_accepted"", ""committed_once""]"
25,noexecutor,0,none,0,0,0,0,1,0,,80.0,,0.1,,bd0c549097f4e55fc99d872ad8c6ebc3191edacce3f8b443f4bf4025d2b46fd9,1,"{""0"": ""c54b04d345e474e9109f61d716b3c94fa885af96341d2e8d325c61e69d11e8c9"", ""1"": ""36abff57cac0855dce1881210081bb5bdd8255a93b06a53a163591b90e4d1277"", ""2"": ""e401e89a0ad2dc636b427a5802aef2ef972f5481fc4f474119dd7dbb596ddc0e"", ""3"": ""8493dbaf620ab441be2cf3ae2ae99ae1250e081d9cb605c75779027f4fbd007f"", ""4"": ""c47fd31dd6cf64d592c5653d8a993f164f38643fd238580efaa56a8ed22fa69a"", ""5"": ""4ed60db4ba65ee661871dc93ac11bc5b3d09505a77d8f497413817b46522b265"", ""6"": ""e24d5d39f0998ac7dbf9543cf3378efb72b9bab776a8ee8491baf302cda04e40"", ""7"": ""94a24ab6bc92b17f9792fe0685f8d1562ae6515093da755599828c4273492a70"", ""8"": ""8922fb07ed4ccbaff5393b9c31f0edcb03395ee799164634e2ffeb747b0f1515"", ""9"": ""1e559ffe5611aeb5877918333dc64bee398edb6725f76c2ced95a6581982682b""}",,0,0,0,0,0.0,0.0,"{""0"": 6.995253593341047e-11, ""1"": 2.9402257324867955e-11, ""2"": 3.042801541642719e-11, ""3"": 1.5329892469118554e-14, ""4"": 0.03632184679050938, ""5"": 9.103891593716953e-13, ""6"": 0.3392475661747681, ""7"": 0.22324413632925375, ""8"": 0.3702546976441065, ""9"": 0.03093175293065364}","{""0"": 6.995253593341047e-11, ""1"": 2.9402257324867955e-11, ""2"": 3.042801541642719e-11, ""3"": 1.5329892469118554e-14, ""4"": 0.03632184679050938, ""5"": 9.103891593716953e-13, ""6"": 0.3392475661747681, ""7"": 0.22324413632925375, ""8"": 0.3702546976441065, ""9"": 0.03093175293065364}",[],[],0,0,0,0,0.0,73b2bf85e6744eef563c59d953537d73410856f6717ada2d729ab4850ee70490,6236d7d9eef265c68835a2982bdfcad078c6e29a3c22482e1cc1ed4510f370ad,"[""proposal_created"", ""proposal_committed"", ""audit_accepted"", ""committed_once""]"
26,noexecutor,0,none,0,0,0,0,1,0,,74.64,,0.1,,a4aa6bab4ecece973f4f4ac81cc9b9342a25dd36287f7fc2f42d91aa2e27db19,1,"{""0"": ""df15cdced181e8c5a20c8d790d3a976420a0d298b93db74cffcdf52d7d8766ac"", ""1"": ""8ba95627f5a78d01850362e5ef18b15345815c6feb8bc6e205aad0f6965df1b2"", ""2"": ""99596e00065bc1b0465dfa147db5b470a011c75601a53704eabb9478cf827476"", ""3"": ""7c4b4c81adfe049b205e5574297f4d19ba8afd894deceb8292901d5203c8e48e"", ""4"": ""560bd9d9b60e8a1300176fafd3eb315e3dbe8fa706b0ae5bdc0672b09abe0f37"", ""5"": ""56b62f14a01d200ccc89ea6bf2e950e4ee90cdd091033a0ee50a3012be9494be"", ""6"": ""622720d7fd38d94948b3b8fa1927189b9589869effcc4be4c724ac525f150be9"", ""7"": ""444d117ffbd1413f2027746d968eb8d6e0545f9d3d5cfd333e20dfcd03bb7834"", ""8"": ""3f538552b5c28df52abf39fbc555c2a087964aa525333ba9b5bd77c425d8e853"", ""9"": ""71089b950a67cfb6bb55474e3300c6b311f669d3601bdba4a329ad91dd344781""}",,0,0,0,0,0.0,0.0,"{""0"": 2.0985760780023144e-11, ""1"": 8.820677197460387e-12, ""2"": 9.128404624928159e-12, ""3"": 4.5989677407355665e-15, ""4"": 0.3608965540371528, ""5"": 2.731167478115086e-13, ""6"": 0.10177426985243045, ""7"": 0.41697324089877613, ""8"": 0.11107640929323197, ""9"": 0.009279525879196093}","{""0"": 2.0985760780023144e-11, ""1"": 8.820677197460387e-12, ""2"": 9.128404624928159e-12, ""3"": 4.5989677407355665e-15, ""4"": 0.3608965540371528, ""5"": 2.731167478115086e-13, ""6"": 0.10177426985243045, ""7"": 0.41697324089877613, ""8"": 0.11107640929323197, ""9"": 0.009279525879196093}",[],[],0,0,0,0,0.0,6236d7d9eef265c68835a2982bdfcad078c6e29a3c22482e1cc1ed4510f370ad,52ca525fd5cc101d51a51eb7fb464035655f335efe8c2eca6ebfd28dc042a163,"[""proposal_created"", ""proposal_committed"", ""audit_accepted"", ""committed_once""]"
27,noexecutor,0,none,0,0,0,0,1,0,,77.43,,0.1,,9985859588c5d6f57e7569d9fabbc8ae65c21263e5957b28f85d36b4aa8c95a4,1,"{""0"": ""c23971a319811c011ad56fb9cc8576754f1f224c9a5140013e6189440eafe8bb"", ""1"": ""86aca139d21a9c0311197bf6499c3a67bf1a862b85e149bda8fd912dc1792dfd"", ""2"": ""82b2e211fc26cab26e175016e958266f61076793a8f1626820916c5b56b58d15"", ""3"": ""3ff1f465b7db12de03383c13ded3c37dc0a90a5f1aa8faf40c74e6e713126ce6"", ""4"": ""3b36cc11f3990e7ce4868ed36f4e5d38233e695783fd5c72afb238c3b6854edb"", ""5"": ""ede23f9f7ad53d168a577fe5d5b244ad118d561054a44a43c7623399826278f3"", ""6"": ""d9e93335440b6d36a9c412e1d6f7fd8ae14ddd884d9d2f3b15bb43325004abb0"", ""7"": ""47305601168b35953724a4908021fc18b038718259eb463a9745ac4bc17806df"", ""8"": ""364dec7597b47b971bf643783d766950a41871fa59b0a1fd56041d8ea154d3ef"", ""9"": ""c3815eea68c055bb9506f749498baeab9a782c62fac8da950d64fb1682ac62f1""}",,0,0,0,0,0.0,0.0,"{""0"": 0.07000000000629572, ""1"": 0.0700000000026462, ""2"": 0.07000000000273851, ""3"": 0.07000000000000137, ""4"": 0.17826896621114582, ""5"": 0.07000000000008193, ""6"": 0.10053228095572912, ""7"": 0.19509197226963282, ""8"": 0.10332292278796958, ""9"": 0.07278385776375883}","{""0"": 0.07000000000629572, ""1"": 0.0700000000026462, ""2"": 0.07000000000273851, ""3"": 0.07000000000000137, ""4"": 0.17826896621114582, ""5"": 0.07000000000008193, ""6"": 0.10053228095572912, ""7"": 0.19509197226963282, ""8"": 0.10332292278796958, ""9"": 0.07278385776375883}",[],[],0,0,0,0,0.0,52ca525fd5cc101d51a51eb7fb464035655f335efe8c2eca6ebfd28dc042a163,5a08bb944d9d015c2f4d315968d64049cbf2fbf401148f56c81b51ab032d797a,"[""proposal_created"", ""proposal_committed"", ""audit_accepted"", ""committed_once""]"
28,noexecutor,0,none,0,0,0,0,1,0,,10.63,,0.1,,2c1df9e4c5fa5063e38a6883841647e95218602caaa93cb5d4c70152875d0ead,1,"{""0"": ""27d7a02b6cf31a52003a1dd649ce0f7fe73f8a9ed0142be34f2206ba0238b408"", ""1"": ""b8eb0de83f70811dd0f83328b9eba1abf5285d1481f88a165fd0a61bccfb7cb5"", ""2"": ""8339e722c5b59984694c156b6e8c408293ec13af878e85e7e67884fcaf6001f1"", ""3"": ""e5693213644f8b63d982aeca592c8904e788649f20e6ed6f5898c2f76abb2ebf"", ""4"": ""61238eb4d9d3a41a2f4a5675ff3c0dc03bdb6d11ac4a444a27f29459c124a14f"", ""5"": ""219898a8d432e9f91e75f330c939f596bb825e74ab622d926fad6d83f368ae73"", ""6"": ""76404e6510ee8d1716e4e6799851ca220b33b1d39488e7c5aba9a93dfe07684b"", ""7"": ""865f89749505a5686b6c40df746394d0fc155bd566222895eeeaec7ab55d407d"", ""8"": ""685283b39a65e6ac89f06bbd1d4ec485b3198bf8a208c81f6185c4392387d5d3"", ""9"": ""035e4cd7dceab8c775019994e2dd6317c1d4e9710c80286772f298e231502635""}",,0,0,0,0,0.0,0.0,"{""0"": 0.02100000000188872, ""1"": 0.021000000000793863, ""2"": 0.7210000000008215, ""3"": 0.021000000000000414, ""4"": 0.053480689863343756, ""5"": 0.021000000000024582, ""6"": 0.03015968428671874, ""7"": 0.058527591680889855, ""8"": 0.030996876836390876, ""9"": 0.021835157329127653}","{""0"": 0.02100000000188872, ""1"": 0.021000000000793863, ""2"": 0.7210000000008215, ""3"": 0.021000000000000414, ""4"": 0.053480689863343756, ""5"": 0.021000000000024582, ""6"": 0.03015968428671874, ""7"": 0.058527591680889855, ""8"": 0.030996876836390876, ""9"": 0.021835157329127653}",[],[],0,0,0,0,0.0,5a08bb944d9d015c2f4d315968d64049cbf2fbf401148f56c81b51ab032d797a,9738cffbc5d53e3d4033a014a6475ccf4a8ac88277beda6ce5e0e990290908c4,"[""proposal_created"", ""proposal_committed"", ""audit_accepted"", ""committed_once""]"
29,noexecutor,0,none,0,0,0,0,1,0,,74.91,,0.1,,e2e93b049e7db0d6986cccaa54611a629f82367893c51b3e187ac328b8bd5757,1,"{""0"": ""cd059b1173686d04d05fa4342445d46a4fa389e02f2de7863f98b6ea7cbfbee9"", ""1"": ""dd6a10b8b2c3c8708b9b31e8fcf718e231ae6016ca49e050b4dabfa6698129ec"", ""2"": ""3998f49ad72e790946bff55baaa605be6624602c1ac059f1536b1ff563386ff9"", ""3"": ""f2d7e4d255de69dee8c5cc30eb37ee4bcb0ff3c127b9ca696a17f3e0ad95b519"", ""4"": ""7e70d61a556b8b753008ac56577efb332661c7dc1b43c8128aff65b402ca49e0"", ""5"": ""2094b00e21df269392cc95eb0e81d3967c7998c11467de7300cf9bc16a05103f"", ""6"": ""4d0ed0d344a46c5952bf6b3249590dc3b3534b64fdde63cc5242ed8380b359da"", ""7"": ""5f88cf7f7c1d994c5b5cf7e208c606fc36eab0ba0a1eccc4767cf5406addb616"", ""8"": ""20c3d869d676776952dfcb74b267073f4101c6a09f95ad304a82da5d3de0973a"", ""9"": ""3a3b5549e478c7b11cae80c546a3b00fe48dd11ef4a9af6a562e6e62d5ca1b0a""}",,0,0,0,0,0.0,0.0,"{""0"": 0.006300000000566618, ""1"": 0.00630000000023816, ""2"": 0.21630000000024652, ""3"": 0.006300000000000126, ""4"": 0.1567713757472331, ""5"": 0.05523873661674997, ""6"": 0.1497750740742456, ""7"": 0.10571086573460457, ""8"": 0.15002623183914723, ""9"": 0.14727771598696826}","{""0"": 0.006300000000566618, ""1"": 0.00630000000023816, ""2"": 0.21630000000024652, ""3"": 0.006300000000000126, ""4"": 0.1567713757472331, ""5"": 0.05523873661674997, ""6"": 0.1497750740742456, ""7"": 0.10571086573460457, ""8"": 0.15002623183914723, ""9"": 0.14727771598696826}",[],[],0,0,0,0,0.0,9738cffbc5d53e3d4033a014a6475ccf4a8ac88277beda6ce5e0e990290908c4,caeb81b57c1f58dc5d38738de960e07d6adcc2fc000e311c01f38c28c346a72a,"[""proposal_created"", ""proposal_committed"", ""audit_accepted"", ""committed_once""]"
30,noexecutor,0,none,0,0,0,0,1,0,,80.14,,0.1,,392ef64293a9abb9b8eb1ef52ed05c4bd5286537d6645f7d7d7eb333e596c6b4,1,"{""0"": ""0e5d261ed5a42868bb9d68cd94a4c0a7efe49ba8c93f2fe77bf6b84dac557178"", ""1"": ""4f77caa2a20905b7390caa1eb7214d011872794c507a0b14db5f4b8ff533b286"", ""2"": ""ebf6f7466a0e95741f1e0509352bc1037fdafe8d9757bc0245dedabb25a01ef1"", ""3"": ""1e8103834f80c40aac87d5fa558f175161aafbd761c9513332eaa4bb842344a9"", ""4"": ""976fb98d7e1154eee9ac801eb44177c653709857fd8833fe00fb928dbc525ca6"", ""5"": ""36172c8aaa0eaf12a68f418b1d1c2b77ba5eb2a5c6f54c4a0de0d5c5b5601c49"", ""6"": ""ee2d5548c59b7aa57fe3d4af5d5553ed106d56d6e589453db4224b23e80fca33"", ""7"": ""741f983e081ddf08442abe2bbb7dbd2db0386d4515c75e33fe6c801bab928e67"", ""8"": ""b6d20f5b24d2d89fc19f89abea8ae08fb25fbbb9df3887389c5c331df4a207ac"", ""9"": ""9d1fd459b818b04a3326174b45b145f54df8fb9129e8199a52d1949d399acfaa""}",,0,0,0,0,0.0,0.0,"{""0"": 0.0018900000001699853, ""1"": 0.0018900000000714478, ""2"": 0.06489000000007394, ""3"": 0.0018900000000000375, ""4"": 0.21994460508895816, ""5"": 0.03934152024629984, ""6"": 0.2178457145870619, ""7"": 0.062295097703453456, ""8"": 0.2179210619165324, ""9"": 0.17209200045737874}","{""0"": 0.0018900000001699853, ""1"": 0.0018900000000714478, ""2"": 0.06489000000007394, ""3"": 0.0018900000000000375, ""4"": 0.21994460508895816, ""5"": 0.03934152024629984, ""6"": 0.2178457145870619, ""7"": 0.062295097703453456, ""8"": 0.2179210619165324, ""9"": 0.17209200045737874}",[],[],0,0,0,0,0.0,caeb81b57c1f58dc5d38738de960e07d6adcc2fc000e311c01f38c28c346a72a,b7972a6253ddceea270146f75a3388d183dfd97a3ebc17d07debc3b3311f69b0,"[""proposal_created"", ""proposal_committed"", ""audit_accepted"", ""committed_once""]"
31,noexecutor,0,none,0,0,0,0,1,0,,81.75,,0.1,,9702b548b4008b2384d8fd565fb5b14f4d51e8f786066b4a5b932b81b10d779c,1,"{""0"": ""6674d44beb2e600396a19e1075187991d4eb4647b761a2972dc739e6a9e44a91"", ""1"": ""550ff887a3298d865c56156101abbde69d1079784492fff0fe3f85646abf2ab7"", ""2"": ""7c3a358693926127c86a76fc75d3df1ae93e716ea30b723fdccd98a669f43f53"", ""3"": ""a3afa6c5a7bb8f192b1a1c8339e94c32623e875fee73eebc12f555f76094a432"", ""4"": ""e4ee7899e9dc285532ad8c93e3808fc643bd610289b499b3ebd7ba2f95db1bc6"", ""5"": ""0a40621f37698c91326a7cba2b823f4465a8f1f1a33f549a6e0ce376239079eb"", ""6"": ""fbffc70b7703ff0ef7cf16f66dc0b83ba9f30e9f94367eccf757d4adb4043da3"", ""7"": ""2b94b66e0c937a0fed28f237b346e2ed67e1268e6cfb2e0ce67a29110351c981"", ""8"": ""6ba1d74c8c5fb9bad60551bb18be106f83c66b297d133109b386b041fdc623f4"", ""9"": ""dd908756a854ccbd939e74ede03a7e20ec7238a19d292ffb742ea226fa9662b3""}",,0,0,0,0,0.0,0.0,"{""0"": 0.0005670000000509958, ""1"": 0.0005670000000214346, ""2"": 0.01946700000002219, ""3"": 0.0005670000000000114, ""4"": 0.21741290487297635, ""5"": 0.11899155498718345, ""6"": 0.21678323772240746, ""7"": 0.0711827572467835, ""8"": 0.15140442168705218, ""9"": 0.2030571234835025}","{""0"": 0.0005670000000509958, ""1"": 0.0005670000000214346, ""2"": 0.01946700000002219, ""3"": 0.0005670000000000114, ""4"": 0.21741290487297635, ""5"": 0.11899155498718345, ""6"": 0.21678323772240746, ""7"": 0.0711827572467835, ""8"": 0.15140442168705218, ""9"": 0.2030571234835025}",[],[],0,0,0,0,0.0,b7972a6253ddceea270146f75a3388d183dfd97a3ebc17d07debc3b3311f69b0,e547efd88cf31245aa4af3fbb381b4196409a8fea2cc7bba3c75e00cc5f4630b,"[""proposal_created"", ""proposal_committed"", ""audit_accepted"", ""committed_once""]"
32,noexecutor,0,none,0,0,0,0,1,0,,66.99,,0.1,,c428438976379262afe2f26d41f922c5e71c69ed07fd96e585b09ec01410442b,1,"{""0"": ""d03dcf75eddef9d8479001e6364589bda47eb89e791653f270386e213f292ab4"", ""1"": ""11deaf3b24408ad7cc7ce377e72d15aa94a64f9f9bc8eb9caaf607585c24d635"", ""2"": ""8cc63c78cfd8eee8f005c1f7c99fec9bba10d7c5d5cce8d53a512899dc2c0239"", ""3"": ""0d16bd3cca8c14c9ca27416aef15af6f63bbdd3f2c96dda2c07cd50643eac328"", ""4"": ""fddfc74faffad3776197bdca1adbfd715c2d327196fafa6950e329f2a129ec98"", ""5"": ""6f0f5cb2629c4626358e22974e6ceecd7c9b54d7cf9d0ad281ccf0c1c5177dfc"", ""6"": ""63aa03f20cc4fc2c68ba802e844f2b2ba6e55ef126cddfbed64a33a9d53357fe"", ""7"": ""181819e6e70ce927ea9130da0d55fe3edcf21f57c5df4d94b46b059b6512985a"", ""8"": ""dac9daae0d872d8baaf22ddecc51a7ceea63631ceaf8c06ae627e9d06c3f88b5"", ""9"": ""ce35691582fb5f86b618ba2daa5a0ffd42bae47a19a5f3f806171b628b82a451""}",,0,0,0,0,0.0,0.0,"{""0"": 0.18882800494034072, ""1"": 0.07133330184774143, ""2"": 0.04394731273498802, ""3"": 0.08862553033556109, ""4"": 0.06522387146189292, ""5"": 0.03569746649615504, ""6"": 0.15931440947629355, ""7"": 0.24069163915586084, ""8"": 0.04542132650611566, ""9"": 0.06091713704505076}","{""0"": 0.18882800494034072, ""1"": 0.07133330184774143, ""2"": 0.04394731273498802, ""3"": 0.08862553033556109, ""4"": 0.06522387146189292, ""5"": 0.03569746649615504, ""6"": 0.15931440947629355, ""7"": 0.24069163915586084, ""8"": 0.04542132650611566, ""9"": 0.06091713704505076}",[],[],0,0,0,0,0.0,e547efd88cf31245aa4af3fbb381b4196409a8fea2cc7bba3c75e00cc5f4630b,c096ee3095e74912ebe927abf24a491a8e5e2a184398801c35c718ccb98268cd,"[""proposal_created"", ""proposal_committed"", ""audit_accepted"", ""committed_once""]"
33,noexecutor,0,none,0,0,0,0,1,0,,83.02,,0.1,,3bd0b2cd260901043aa724db9f9becc842a931880e6ac90d970077b0d0d5ef1d,1,"{""0"": ""46d2e1a8d6e68618085390792737ae365b3b69a82510c8846e3fdd874ac81e64"", ""1"": ""b0a4bd3046cdeefbccfd896f5215dcd67828427744b3291e939765790531113c"", ""2"": ""dd8653a5167b55af53b3b43b037e8564326ecf6c07a4f69250a622b887c5de69"", ""3"": ""c538f83ef5cb6ebe4f3cd53175ee6156d15fe87fb31a3f6d72b253c53e607671"", ""4"": ""fb69b83e2d37f4f395c7e4a1f9ee20a16f1a7a13297ded40ed994bbac374a4c1"", ""5"": ""43eb4b33bd7cba2e6e11f2c76b7ab5fcb2961f08c687a4369704832497c8f03c"", ""6"": ""a9e52ae7dd8829a666f090af132b3b503e32e25be8407a190438608a3ac02903"", ""7"": ""e61fb71543789be38c3aec143130df498a8abb6ac452922ee53e1a2c8e4cd9f6"", ""8"": ""758152f36f7f6f1ea539894e31e8568416802d74f471a9f3c71383703d2283a4"", ""9"": ""b34299decb0d89188318e1ca17fdbc6670de66960a746f858f7875dff0cb8c7d""}",,0,0,0,0,0.0,0.0,"{""0"": 0.05664840148210223, ""1"": 0.021399990554322436, ""2"": 0.013184193820496409, ""3"": 0.026587659100668334, ""4"": 0.15405938580076256, ""5"": 0.14414381186399072, ""6"": 0.15925726283695893, ""7"": 0.1238333067509592, ""8"": 0.1481186223140294, ""9"": 0.1527673654757099}","{""0"": 0.05664840148210223, ""1"": 0.021399990554322436, ""2"": 0.013184193820496409, ""3"": 0.026587659100668334, ""4"": 0.15405938580076256, ""5"": 0.14414381186399072, ""6"": 0.15925726283695893, ""7"": 0.1238333067509592, ""8"": 0.1481186223140294, ""9"": 0.1527673654757099}",[],[],0,0,0,0,0.0,c096ee3095e74912ebe927abf24a491a8e5e2a184398801c35c718ccb98268cd,392459e4ad4245538902daccf2c16315192bd4b86d69690a0f184d7e8b1fecca,"[""proposal_created"", ""proposal_committed"", ""audit_accepted"", ""committed_once""]"
34,noexecutor,0,none,0,0,0,0,1,0,,82.46,,0.1,,b2e783518bac10e2aca842be4d05fa08710487f687a6d437ab2c45fbcf6435f7,1,"{""0"": ""8cfa216a637507bfc68cbdfef6ca091309a6a13bf40957c3b61376a706e18944"", ""1"": ""463894135a0fdff64969ac47f3d70f832e63af4ff3a9eaec026e56d68a2da870"", ""2"": ""1053b22055a338f30f252f204f629e0b1d6bc5f87ae56efe78d8d563d30c8c09"", ""3"": ""6a356f0b0f21e2c77d236ac078f81102e80e1ad613551c2e01aac965f1f7ce46"", ""4"": ""58051f9bab8a54d8c83d6e1dbd09a6f9b9c209c03ff33be7eb968eb595e081cc"", ""5"": ""d4763dc2223c49007f05afc66fcd8df4279fd77025da33aafc161673037e12df"", ""6"": ""f005fd6414b97c47e79c7fa92540a6e693c7070ea3f41565bde77a7039d19fec"", ""7"": ""54012c79aa79bac141cc17887d7dc47dd5df5b3d6ad98fc852ff08500d6df0f6"", ""8"": ""2f7ffde94089f3c7d048f6c670c1c97d141574ec495cc1bafc4d1b726ccfaacf"", ""9"": ""ade7534c5a48a86a2b1e25debcdaa2ccd61a8272dd79662f20df76c0f306576c""}",,0,0,0,0,0.0,0.0,"{""0"": 0.016994520444630668, ""1"": 0.00641999716629673, ""2"": 0.0039552581461489225, ""3"": 0.0079762977302005, ""4"": 0.17139887429971987, ""5"": 0.19040771822100314, ""6"": 0.19494175351289358, ""7"": 0.04429870486611525, ""8"": 0.19160016135601474, ""9"": 0.17200671425697645}","{""0"": 0.016994520444630668, ""1"": 0.00641999716629673, ""2"": 0.0039552581461489225, ""3"": 0.0079762977302005, ""4"": 0.17139887429971987, ""5"": 0.19040771822100314, ""6"": 0.19494175351289358, ""7"": 0.04429870486611525, ""8"": 0.19160016135601474, ""9"": 0.17200671425697645}",[],[],0,0,0,0,0.0,392459e4ad4245538902daccf2c16315192bd4b86d69690a0f184d7e8b1fecca,eb073b014f52ed29ef774ece65330fc3113fe513a26d372e6d0dc82c7763973a,"[""proposal_created"", ""proposal_committed"", ""audit_accepted"", ""committed_once""]"
35,noexecutor,0,none,0,0,0,0,1,0,,10.52,,0.1,,1783fc046b7cedb8994098e526b6f1c9ecdd828b8137f1ed8b50649393cde5c4,1,"{""0"": ""ddad0060bd8df7bd46909c8d45dbb9565896bf7ff857b6fba12c5d3ae2ef3a64"", ""1"": ""ba20da20946aa53f54fc6568f26e9f6636a02f364f5934ce47b540ac49cd693b"", ""2"": ""943fabdb53df08388db72e1fdc43cbe343a3e50bd41f56d1fb52713f5e47642e"", ""3"": ""66545210ba3fbb7a94c4e21c94592f4fdcdfdb47c802f353ca2d5baa395ce954"", ""4"": ""d68eea485ebaa58a58bc9d9fdc82812b3b669c54724d56698300a1c8c73701c8"", ""5"": ""3e3a5d288c961816de61b1e510cf8b929f80e42ef6267bdb92a1d76e26735f32"", ""6"": ""2e2844b3fba9bb5511bc4e657a96f50f2056880e53ec493009a913c3b3a8259a"", ""7"": ""80608c45c559d601e761eb2db05ba21a3355ac6a7b1835bbd2e0533c83b6d7b5"", ""8"": ""77634160241219fb80e6c8645de58cb3528549f1e31d2a04ac999922ef9a80a0"", ""9"": ""eee0b8146d0607fc1b4b52ce9a64081ad0bbefdcf0b3cae3536f112b51122e52""}",,0,0,0,0,0.0,0.0,"{""0"": 0.7050983561333892, ""1"": 0.0019259991498890195, ""2"": 0.0011865774438446772, ""3"": 0.0023928893190601507, ""4"": 0.05141966228991597, ""5"": 0.057122315466300956, ""6"": 0.05848252605386809, ""7"": 0.013289611459834578, ""8"": 0.057480048406804436, ""9"": 0.05160201427709295}","{""0"": 0.7050983561333892, ""1"": 0.0019259991498890195, ""2"": 0.0011865774438446772, ""3"": 0.0023928893190601507, ""4"": 0.05141966228991597, ""5"": 0.057122315466300956, ""6"": 0.05848252605386809, ""7"": 0.013289611459834578, ""8"": 0.057480048406804436, ""9"": 0.05160201427709295}",[],[],0,0,0,0,0.0,eb073b014f52ed29ef774ece65330fc3113fe513a26d372e6d0dc82c7763973a,5314859c47ded036c234b3fe5ff37222ef32c17c7ab73fca34ebaea0c5856805,"[""proposal_created"", ""proposal_committed"", ""audit_accepted"", ""committed_once""]"
36,noexecutor,0,none,0,0,0,0,1,0,,81.26,,0.1,,eb19b297cd2d8bb7478c3e4da474aaded00470b1a6b7a58c840eb66493c76fc9,1,"{""0"": ""bbae01a7cd7b2b3562c3a8d852068971a460c0b4c84975627af5fc774a928d5b"", ""1"": ""a59d5bbd3c2994f721bb8a665ee6220a3c8bf6b42cb3c4d93ad22e3fd087f1bb"", ""2"": ""abedc9e27a8c9c0454e55f5956265f8e8476cb347a89e7fa8e741fd30065670f"", ""3"": ""387fabb690a02d1b7504faace5d5a38d85e896c17275049ffe277bf907bfaece"", ""4"": ""1f15ff953b946d9febf3bdb84fc95f2fb57e644c7833a32b3de35604f3421798"", ""5"": ""d9127598111b613eae7e1cdc31a8be1208e712e940456257b89f70c5b9d08c43"", ""6"": ""7c2741d11462b9317fe43cc04f62395bb3fb0dba2d35b89b869ce30b18dfb69f"", ""7"": ""191d2288477980d0236b63ef2b85e095c31b82c3b6c12d019f7707ae03e951ba"", ""8"": ""4b4723e3b021727f1db0cde3646cfb3ba0a7f9aa306593ed64f7fc0476d36fcb"", ""9"": ""a9ba02429356fad12d7e4f086c7521be3413e5541a150b57b1271483120ebb43""}",,0,0,0,0,0.0,0.0,"{""0"": 0.2115295068400168, ""1"": 0.0005777997449667059, ""2"": 0.0003559732331534032, ""3"": 0.0007178667957180453, ""4"": 0.15678998087608698, ""5"": 0.14299685843714305, ""6"": 0.1589088400052726, ""7"": 0.012670390884248869, ""8"": 0.1586080967111535, ""9"": 0.15684468647224006}","{""0"": 0.2115295068400168, ""1"": 0.0005777997449667059, ""2"": 0.0003559732331534032, ""3"": 0.0007178667957180453, ""4"": 0.15678998087608698, ""5"": 0.14299685843714305, ""6"": 0.1589088400052726, ""7"": 0.012670390884248869, ""8"": 0.1586080967111535, ""9"": 0.15684468647224006}",[],[],0,0,0,0,0.0,5314859c47ded036c234b3fe5ff37222ef32c17c7ab73fca34ebaea0c5856805,313c8625bc34a96d4b018df78b9be5215b1a08e857006987f34c303276513e67,"[""proposal_created"", ""proposal_committed"", ""audit_accepted"", ""committed_once""]"
37,noexecutor,0,none,0,0,0,0,1,0,,80.79,,0.1,,48caa76d271f1fd1e7847641fdfb7858968de1d020333b7c17bc7376f539d72f,1,"{""0"": ""5eecd6b0f2188a68b3a99312f06c87be7f7727590f0a9956b49040a17f958b4c"", ""1"": ""aebeea82bc72546bef63537c4e086c7c7e5ffdf817f84897b7f6cd566a17b6c5"", ""2"": ""4970b78548e5ba6ad4da204ce472a57a06a138c77a4cddb554f17c26bb5e8095"", ""3"": ""a0a53d643acbe258dadc97cb1311d15ffe6fc4e139bd9757e23bc7706ff32969"", ""4"": ""26d60fd796651ea564cd821f18dd4a28a6c11a69f29c5629aa1e1820650461e8"", ""5"": ""c8cad0140f7716276807d264f1643de624299c3fb6bab8cc7e9e0973bed91249"", ""6"": ""681fa039e0d527db7e16772f5c7da0fb939fa94e60de01d77560acf458c9436e"", ""7"": ""c05ee7c91eaeedc41e365e34f0c806d535979fd53118011b5a2e7e639329ec7d"", ""8"": ""74b777b40fc9e93f62f20d6158f6577a3e5f760185f8695ad6d609f3c7d7fae8"", ""9"": ""385c0465b187aa205cd4f601fb1cb7d494de754ea26e2f23a8a4ddf545030af9""}",,0,0,0,0,0.0,0.0,"{""0"": 0.06345885205200505, ""1"": 0.00017333992349001179, ""2"": 0.00010679196994602098, ""3"": 0.00021536003871541363, ""4"": 0.12524995001107514, ""5"": 0.06784633064552925, ""6"": 0.04767265200158179, ""7"": 0.06810014385013696, ""8"": 0.31385280128959725, ""9"": 0.3133237782179232}","{""0"": 0.06345885205200505, ""1"": 0.00017333992349001179, ""2"": 0.00010679196994602098, ""3"": 0.00021536003871541363, ""4"": 0.12524995001107514, ""5"": 0.06784633064552925, ""6"": 0.04767265200158179, ""7"": 0.06810014385013696, ""8"": 0.31385280128959725, ""9"": 0.3133237782179232}",[],[],0,0,0,0,0.0,313c8625bc34a96d4b018df78b9be5215b1a08e857006987f34c303276513e67,712c6cbcc51256063b979d4361b5facc02b967c143ade2fa256be3b9e9177f17,"[""proposal_created"", ""proposal_committed"", ""audit_accepted"", ""committed_once""]"
38,noexecutor,0,none,0,0,0,0,1,0,,71.07,,0.1,,6ee7583356b85d9e4973f5239d65711f35cc7b71d50194ea4921c79079ba811b,1,"{""0"": ""2291b12191c1ba25bba6af476aadf0aa43a4e62029188054209d33ac030beecf"", ""1"": ""a1b317f3d072691905a151f1e5f6d797d899c082099e617e06ede960ae5cd2df"", ""2"": ""4d3ef40fc9c0daa14d871eb74ac5918c5d50de9099794bdafe3b422548ccbc8a"", ""3"": ""84c951b01eb1e806c7f0df24413b270e5d122ec60d45613ef1ef562e812992da"", ""4"": ""1cebef6ffe8c285cafb89bedb3231fadea6c1d8031bebb6ef7b32413c71112c0"", ""5"": ""07cc25af8c86ea2154dec9641aad837e0c4446cbda6a207cc31a01436b8c6adb"", ""6"": ""1c542159404009637b3901a72a97bad294966b6e7ca6f796918208f0d94e4c21"", ""7"": ""7c3b4ec5fc3caedf73586361a4b6ae17fff73a4e054becd8218b27ed5bc41913"", ""8"": ""b8013745dbfb0d54e8f9c4c4a6a9fc4cff1c846a2081ed8be57ce06e848e2b72"", ""9"": ""eff98edb3be5ded7bf5a15aff918232df0987e0cb3fb42dd1eb36c6bf226fedb""}",,0,0,0,0,0.0,0.0,"{""0"": 0.25237098894893484, ""1"": 5.2001977047003544e-05, ""2"": 3.20375909838063e-05, ""3"": 6.46080116146241e-05, ""4"": 0.03757498500332255, ""5"": 0.2536872325269921, ""6"": 0.01430179560047454, ""7"": 0.25376337648837444, ""8"": 0.09415584038687919, ""9"": 0.09399713346537697}","{""0"": 0.25237098894893484, ""1"": 5.2001977047003544e-05, ""2"": 3.20375909838063e-05, ""3"": 6.46080116146241e-05, ""4"": 0.03757498500332255, ""5"": 0.2536872325269921, ""6"": 0.01430179560047454, ""7"": 0.25376337648837444, ""8"": 0.09415584038687919, ""9"": 0.09399713346537697}",[],[],0,0,0,0,0.0,712c6cbcc51256063b979d4361b5facc02b967c143ade2fa256be3b9e9177f17,0e86951502bdb901f7639bda6938fb6ed744b3c631c5a325062079d5367a88fb,"[""proposal_created"", ""proposal_committed"", ""audit_accepted"", ""committed_once""]"
39,noexecutor,0,none,0,0,0,0,1,0,,82.29,,0.1,,5e7d85c3097947dc648b35fbeb3b56fee116a0a02d4c6db2f36fe27673721c64,1,"{""0"": ""d997e644c6832a706ce4dfca28eb25e3e908de3a4a020114a99fa962d58988b9"", ""1"": ""b04967d38e83ca61745d81b0d405d154fb38a87f6e649554f93abf7edf69ed07"", ""2"": ""a1a4d72caa9905dceb680b64e7aa656f80f7cabad913d1fe68a10bac5fa524dc"", ""3"": ""719481143aaa0802d89955417e647ef905d80204ddd159d92553af354e697bee"", ""4"": ""027b8e0101a7853e382510f50a235ddceb97a751a23cbf6f8f99d7442cc99d30"", ""5"": ""ee0d2fb5c5c9618e0fa3d77d869c1db82720c0c2d38777f2fa6740ada1d1d48e"", ""6"": ""26393e8b41b9f57ba284a7d42287f51a08406e8a04a183575341310bb03eb8d4"", ""7"": ""82f703d62367c1fe758710ba7c9ac6cb06dfc9e01ae0ffd80492fb14110d06e4"", ""8"": ""fa02eaed45403ae6c1d48b9e9113aa7215fa68e95a75172b88ff7b648085e405"", ""9"": ""7529f0a5f63fa62975307f2a6979203bba56d2e651f48ba0893a0e316233692d""}",,0,0,0,0,0.0,0.0,"{""0"": 0.07571129668468046, ""1"": 1.5600593114101066e-05, ""2"": 9.61127729514189e-06, ""3"": 1.9382403484387233e-05, ""4"": 0.2015613066690312, ""5"": 0.16747096196541073, ""6"": 0.0142380298821832, ""7"": 0.1072323679230914, ""8"": 0.21853556328409818, ""9"": 0.2152058793176112}","{""0"": 0.07571129668468046, ""1"": 1.5600593114101066e-05, ""2"": 9.61127729514189e-06, ""3"": 1.9382403484387233e-05, ""4"": 0.2015613066690312, ""5"": 0.16747096196541073, ""6"": 0.0142380298821832, ""7"": 0.1072323679230914, ""8"": 0.21853556328409818, ""9"": 0.2152058793176112}",[],[],0,0,0,0,0.0,0e86951502bdb901f7639bda6938fb6ed744b3c631c5a325062079d5367a88fb,f082b449ecf96cc873905105d4734f8b64a6bca08e2e368ab72aa529da0293eb,"[""proposal_created"", ""proposal_committed"", ""audit_accepted"", ""committed_once""]"
40,noexecutor,0,none,0,0,0,0,1,0,,13.94,,0.1,,bc0a75c0122d35bdc209ba9b17772803f15f676a2ebe53cd2598241e721fcb7f,1,"{""0"": ""54fc12932f18fbc8edf46ab833b0ae6438b18f35012d9ec184c34bd18a91e3d0"", ""1"": ""219951169a21e014e0794a09e41b4c65a616263d887e31c1072493a1bb3140ee"", ""2"": ""26ea331f4866c1e99840de3872bc8689b1f443be14f4c8f4a8f63b6768bdc379"", ""3"": ""82392afd67944baa1fbabc4fe8478ce65e158253daab9ef0009d7829369aa205"", ""4"": ""8c7079ac07f4969a73568c944401903587fd5ef5c606a5181409f80332c2d66b"", ""5"": ""ac85a6946201041105e2f33987c01a3b25b081947847609e8a378b0e1f2248df"", ""6"": ""8070e9f3dfed327403ad16b47089e0021604f7f78d1e5c073f207c2811b34554"", ""7"": ""4fdfaf6a48340c49e0ba3261e477d3fc52996413866b0389364de6d0fe2af684"", ""8"": ""4c1ded4194a41b9e5512d352d8e61a9da5b6913213a1bd7fee84e47650e90a67"", ""9"": ""08fbd15727be99ad808afebbe95098d12d7d55f632a13d2d6d4ad037306012d3""}",,0,0,0,0,0.0,0.0,"{""0"": 0.7227133890054042, ""1"": 4.680177934230321e-06, ""2"": 2.883383188542568e-06, ""3"": 5.8147210453161716e-06, ""4"": 0.06046839200070937, ""5"": 0.050241288589623234, ""6"": 0.004271408964654962, ""7"": 0.03216971037692743, ""8"": 0.06556066898522947, ""9"": 0.06456176379528339}","{""0"": 0.7227133890054042, ""1"": 4.680177934230321e-06, ""2"": 2.883383188542568e-06, ""3"": 5.8147210453161716e-06, ""4"": 0.06046839200070937, ""5"": 0.050241288589623234, ""6"": 0.004271408964654962, ""7"": 0.03216971037692743, ""8"": 0.06556066898522947, ""9"": 0.06456176379528339}",[],[],0,0,0,0,0.0,f082b449ecf96cc873905105d4734f8b64a6bca08e2e368ab72aa529da0293eb,483aae2e4f3b95a6afe097752f04a5da526f9749329d71f13122b9591effc8d9,"[""proposal_created"", ""proposal_committed"", ""audit_accepted"", ""committed_once""]"
41,noexecutor,0,none,0,0,0,0,1,0,,81.98,,0.1,,866b5191eede7b5a0ddb41d1d30758a090c077ab8140ea87547ce5a7e145c6d6,1,"{""0"": ""9f556a827b6de796242746bab1df9b727272e3c9a5888d015554c5144167a324"", ""1"": ""f67d2098d44082e9ccd7580813fb4211fb772cab5407cc90be64e04b4e35e62f"", ""2"": ""ab2577958d5fa8651fac79025b4c577db4b57138bcfce1b43dbd8afb2b63ac2d"", ""3"": ""58ecc1d0916f71a898b87e866e993fc44bf581ffc3e1ebc693f309f0546ebdc0"", ""4"": ""25ccdc0244d99b3ed074f685e39f1c670c6a24f8017235a3ce0682d0aa66fbba"", ""5"": ""52c298f3d180a981622c3f3d952a947dd52a526c65374ebd348e6a9b9ba41dd0"", ""6"": ""1fcde4a4c70f128449e460a5b3c1313c9fc34ef2bad8484fa1ced69b1a6f8fa8"", ""7"": ""a9107907394a497fa6999e94feb7561aa7a346e817eec14ed265be07edfd6940"", ""8"": ""d2a16279a1a27f2c869b70f5687b75e88f1d4616824503e95582fcee6fb12bc4"", ""9"": ""cb8ad6c74159b4cf89dc7659b099032ab342195bf848953b8c35209ba310ed29""}",,0,0,0,0,0.0,0.0,"{""0"": 0.2168140167016213, ""1"": 1.4040533802690966e-06, ""2"": 8.650149565627705e-07, ""3"": 1.7444163135948517e-06, ""4"": 0.1506118513825285, ""5"": 0.10429191422178773, ""6"": 0.13375275647171217, ""7"": 0.09054605033891475, ""8"": 0.15213953447788453, ""9"": 0.1518398629209007}","{""0"": 0.2168140167016213, ""1"": 1.4040533802690966e-06, ""2"": 8.650149565627705e-07, ""3"": 1.7444163135948517e-06, ""4"": 0.1506118513825285, ""5"": 0.10429191422178773, ""6"": 0.13375275647171217, ""7"": 0.09054605033891475, ""8"": 0.15213953447788453, ""9"": 0.1518398629209007}",[],[],0,0,0,0,0.0,483aae2e4f3b95a6afe097752f04a5da526f9749329d71f13122b9591effc8d9,28b8df6999f43449c90c1d29b58e7666016c799a74559498641239b934354a3b,"[""proposal_created"", ""proposal_committed"", ""audit_accepted"", ""committed_once""]"
42,noexecutor,0,none,0,0,0,0,1,0,,81.71,,0.1,,95f4d25857c9bc9659a441a9ed6fb00af8017051a1f2b9cb8d3faf230887d5c4,1,"{""0"": ""cc2a7761174049c6974e9e06196f9700b5b1fd95399b12c6e968638a3b7ae0d6"", ""1"": ""d95572b672d2aa8aa2a0ed0006783717a250d98855d81a231f97aac73fdc1ebe"", ""2"": ""a39afd7c88ae9fbb76d2eebf3890fecc2f83e08dad53d1469c67def1af9d357d"", ""3"": ""a641efda8671a4aca88b304c69302957640b7a16c9ea94b6291b271e0c6db68c"", ""4"": ""17e8849d3e32d415a99155e2ae427bd8b26a44d3a955cc20b9fb50cd97f4dc9f"", ""5"": ""00015c60633966cfc85b9147257ac363b875d05342f4687701f358184b13bba0"", ""6"": ""d2955e312803fbf12b256fe3097290d43bfe3c9635a6bbc3ef3b646532a33f76"", ""7"": ""515f74f3ac254249f2e8028b76f57b5b0e1edf719b9072077d020259c46fdebc"", ""8"": ""4f9fe115a4b58a11c675a1a6246cd84115ab6becb71675fe7bbe6f9392383329"", ""9"": ""f4791f5d97ca24f160851cd1dcfcb2df6a25a228f4f23c37f190f5f25c62f8b7""}",,0,0,0,0,0.0,0.0,"{""0"": 0.0650442050104864, ""1"": 4.21216014080729e-07, ""2"": 2.595044869688312e-07, ""3"": 5.233248940784556e-07, ""4"": 0.28655775512082854, ""5"": 0.07940979581326287, ""6"": 0.15271108674581915, ""7"": 0.028505884047787724, ""8"": 0.10084391063407994, ""9"": 0.2869261585823402}","{""0"": 0.0650442050104864, ""1"": 4.21216014080729e-07, ""2"": 2.595044869688312e-07, ""3"": 5.233248940784556e-07, ""4"": 0.28655775512082854, ""5"": 0.07940979581326287, ""6"": 0.15271108674581915, ""7"": 0.028505884047787724, ""8"": 0.10084391063407994, ""9"": 0.2869261585823402}",[],[],0,0,0,0,0.0,28b8df6999f43449c90c1d29b58e7666016c799a74559498641239b934354a3b,5970e5bd7a6b92a298728c6528725dbb7143ad03c65e802c41ee4849db2f6604,"[""proposal_created"", ""proposal_committed"", ""audit_accepted"", ""committed_once""]"
43,noexecutor,0,none,0,0,0,0,1,0,,11.09,,0.1,,a10dd488029405834786b2f1073a0e96958c1f553ca60a9eaa7e00745fbc0185,1,"{""0"": ""f4e214f3970fa0fe57fdd81ce86aa603e9711996f8c7f358d16705e2113f6abb"", ""1"": ""901cbb563cd2a6f7eeb89c611f48111bc2099bd8d3434e474586f74c13ac19e6"", ""2"": ""d6b6d4fbf4761d5d0aa772f2d3cfb099eadf9360c6c191fac750bc177844ea83"", ""3"": ""7e415e665faf17cfffcff5dc089551fe20de7cf8c5ee5bba117b12983ae28341"", ""4"": ""2d7c2e709e9ab7402cfda32d6ede2388e4af51cf59e57ee85c7f663a84bdc30b"", ""5"": ""81d43a456cb6356c84456f44c6761b6c224541e993f33d0869395b4c358365d9"", ""6"": ""3d6affe5d7fb547838fab746863cc6d304915520246c59c687175ad33306cbeb"", ""7"": ""56de71298d1857527faadbf13862a397fbdbcad21f86d64da39643959c805697"", ""8"": ""0e1b3dae3552247d2ed1fb59e051eb3a73af2af655853d5c1f903695b59afc13"", ""9"": ""391617f263321f5095b1f5b2ee740904eb80537a411111ba759d4141840c23d8""}",,0,0,0,0,0.0,0.0,"{""0"": 0.20944372535602207, ""1"": 0.13376522236104296, ""2"": 0.18993054170422224, ""3"": 0.1723429172307627, ""4"": 0.08596732653624857, ""5"": 0.023822938743978863, ""6"": 0.04581332602374575, ""7"": 0.022582981279050715, ""8"": 0.030253173190223984, ""9"": 0.08607784757470208}","{""0"": 0.20944372535602207, ""1"": 0.13376522236104296, ""2"": 0.18993054170422224, ""3"": 0.1723429172307627, ""4"": 0.08596732653624857, ""5"": 0.023822938743978863, ""6"": 0.04581332602374575, ""7"": 0.022582981279050715, ""8"": 0.030253173190223984, ""9"": 0.08607784757470208}",[],[],0,0,0,0,0.0,5970e5bd7a6b92a298728c6528725dbb7143ad03c65e802c41ee4849db2f6604,194a028410141f45775afe8dec1bf69528ecc235d89739bf4b2235239fcd3a98,"[""proposal_created"", ""proposal_committed"", ""audit_accepted"", ""committed_once""]"
44,noexecutor,0,none,0,0,0,0,1,0,,82.59,,0.1,,34528312769a9b043cac369eac724d44dfbaaae3b27ae8e05ecf19d67b5e771b,1,"{""0"": ""f504cc07bdc41cd5897ea4b33019598414356c0a775a3e6f02d528f8d52666e4"", ""1"": ""3a69055b0aba070aa8eddde3e5deec8b873a5147f28d9073cd1d210fe5723bd9"", ""2"": ""48f97dfe4d02b59953f505b52d674efd7b8eb992e9d374e211bc6d975badbb35"", ""3"": ""22383e2c37e7d0476503032043e939c44a3d50d01120c79ef53094bf0a2b2a01"", ""4"": ""742abab2c1be140fc039a8cdc49839f2fe33a937bc124731cbe656a8874bdb1a"", ""5"": ""d172e1a69e4c05c9f258954d2d1c099695b726a87f7dfac4f95680afdefbe5f8"", ""6"": ""b1188edaffe181870b26cd4af448f9a3fd7e917191ae58e9f01e907ea44ab8ed"", ""7"": ""1f1ccfb607690334fc1c1a3c192bc20b1996f3f45874ed1f7dbccf8504d588f3"", ""8"": ""47a5e42dc6340c33c24398dc7e227b2571a2c0f739b5e715f95c80dd5c94f8de"", ""9"": ""7ed4f2e9bf8bbdaf721c5522c6f916923d68275f841651efbb015a2c4fb30e38""}",,0,0,0,0,0.0,0.0,"{""0"": 0.06283311760680663, ""1"": 0.04012956670831289, ""2"": 0.05697916251126668, ""3"": 0.05170287516922882, ""4"": 0.1751976698380766, ""5"": 0.09775348929190687, ""6"": 0.16315146968432578, ""7"": 0.01853839920619374, ""8"": 0.15848342383426925, ""9"": 0.17523082614961266}","{""0"": 0.06283311760680663, ""1"": 0.04012956670831289, ""2"": 0.05697916251126668, ""3"": 0.05170287516922882, ""4"": 0.1751976698380766, ""5"": 0.09775348929190687, ""6"": 0.16315146968432578, ""7"": 0.01853839920619374, ""8"": 0.15848342383426925, ""9"": 0.17523082614961266}",[],[],0,0,0,0,0.0,194a028410141f45775afe8dec1bf69528ecc235d89739bf4b2235239fcd3a98,2134374eb15123224ea64d50d9526b10ae2822e30dfebd37c61e4a967be21e91,"[""proposal_created"", ""proposal_committed"", ""audit_accepted"", ""committed_once""]"
45,noexecutor,0,none,0,0,0,0,1,0,,81.47,,0.1,,f823067ad42a5180eaf3ab6edadd84970dcfc84f530a8946f8769262cf474c43,1,"{""0"": ""89f26a3771791b4cb150625b9030efeba609a3ed4d12edd2f1f43d3a3a03d655"", ""1"": ""54c0f74816dceda93e57a6db53c204f7d283c99fb8616545c97939ae6df90731"", ""2"": ""f1a1b30bb12e6fbec9f6e9233e5a1e5a6bd7e86c7c5ee53cfb0d84b3c92e9ec5"", ""3"": ""d3265bd830215194af6944508905a074c10c5c9dc9e96f994ecc31885cc6a64b"", ""4"": ""65e7ab4df6f75423f406f0156e10c7a3e77029c8d4d021e9ba052c1573ec6a66"", ""5"": ""a37616627aa2d3d1caa06efd3044831cd4def26978f622a9d2b71a462b7b127e"", ""6"": ""8ac8b7b57ecbbfe3e04e262a85bb3ca0a0e440c25e846143e265917d47e5b3cf"", ""7"": ""a64df14ecd4d7ebf96351cc6c4a0d978491e697d0a29951a798082e208ca18c1"", ""8"": ""b1dbe84c0bb9c029c3e3926b1835261234e3a76ecf201a786a2347606e0dff2b"", ""9"": ""00bd770d945ed5d3251fcd4f7f2de20753dde2e7f16aa1a6fae8fef360c60576""}",,0,0,0,0,0.0,0.0,"{""0"": 0.018849935282041996, ""1"": 0.01203887001249387, ""2"": 0.01709374875338001, ""3"": 0.01551086255076865, ""4"": 0.25338642988961674, ""5"": 0.03306379336308768, ""6"": 0.24977256984349144, ""7"": 0.013279957688034945, ""8"": 0.2483721560884745, ""9"": 0.13863167652861033}","{""0"": 0.018849935282041996, ""1"": 0.01203887001249387, ""2"": 0.01709374875338001, ""3"": 0.01551086255076865, ""4"": 0.25338642988961674, ""5"": 0.03306379336308768, ""6"": 0.24977256984349144, ""7"": 0.013279957688034945, ""8"": 0.2483721560884745, ""9"": 0.13863167652861033}",[],[],0,0,0,0,0.0,2134374eb15123224ea64d50d9526b10ae2822e30dfebd37c61e4a967be21e91,3d8b751716b079dd4634dc4bdad27eb0139fb6ee1017598ef7a5fc36d89c8625,"[""proposal_created"", ""proposal_committed"", ""audit_accepted"", ""committed_once""]"
46,noexecutor,0,none,0,0,0,0,1,0,,56.61,,0.1,,3dada730a3012648d9babe71e0d4c5987e4d636ab95c3ff0222326ebf91d47d2,1,"{""0"": ""92b24d8bf6f06397855b33f7a08f7b028cd5846b3354b6d6e62c5a69dfee5db5"", ""1"": ""50591616a7a9b8554fc5cebcc280865adab07486bd93c84e9eb89e69c9d484b5"", ""2"": ""464adad5e643a070293a57bfc90337fc0cb574dea0915c8f30ece060c5e62e9c"", ""3"": ""516f54834b7afdb13847eaae6f9fb2d861a3592cc58449f301db00c850701dac"", ""4"": ""0b99c4ee41a88b9b9a433910eb16f58a4c772a1d494855849152d45c4c710259"", ""5"": ""0e520e4246430676a0d2700b78ef42d571e2a103ca4da9475a2c9f80f612f6d2"", ""6"": ""ca52491b7ce2de9bdaa270f60719f708ae5ec3a034bc045b875762b0692b316c"", ""7"": ""2b96148d04e8118bf6e2f08aaac22e18e6c0273d40c8f156a470c4b43a3652ac"", ""8"": ""da3c34b617cdf78221bb7e066c8bb7d9af9652e9b3f397a7a06325e538d8ef8e"", ""9"": ""683863b7f5c25be1d2cd16989d8b0dc990d94d46a41dd7508bc2c8ef0309ef8e""}",,0,0,0,0,0.0,0.0,"{""0"": 0.3556549805846126, ""1"": 0.003611661003748162, ""2"": 0.005128124626014004, ""3"": 0.004653258765230595, ""4"": 0.07601592896688503, ""5"": 0.009919138008926305, ""6"": 0.07493177095304744, ""7"": 0.35398398730641045, ""8"": 0.07451164682654236, ""9"": 0.0415895029585831}","{""0"": 0.3556549805846126, ""1"": 0.003611661003748162, ""2"": 0.005128124626014004, ""3"": 0.004653258765230595, ""4"": 0.07601592896688503, ""5"": 0.009919138008926305, ""6"": 0.07493177095304744, ""7"": 0.35398398730641045, ""8"": 0.07451164682654236, ""9"": 0.0415895029585831}",[],[],0,0,0,0,0.0,3d8b751716b079dd4634dc4bdad27eb0139fb6ee1017598ef7a5fc36d89c8625,1c7785556fbdadd32341fbcf9319764539596004be8c414c7bd5277cca1ba229,"[""proposal_created"", ""proposal_committed"", ""audit_accepted"", ""committed_once""]"
47,noexecutor,0,none,0,0,0,0,1,0,,82.74,,0.1,,addcd7c50266d2ac1f58a53cd1583980f06c2cab92535e9eb31278f2184ed287,1,"{""0"": ""2df5f1e3a2f10bee4e2396b8a4143a19607d2177112fa498538ec3e410ad84cd"", ""1"": ""b35c98d3b734fcdc5bab245a227b515e762be0f020007849f4f6772149d641f4"", ""2"": ""55149bfb3fc4f9e309b8afeaf4c38692144cd2202cb0841c66dfaacbe476b1ee"", ""3"": ""ee8ee3f4c98cd37df1cae8772bee90c1efa11eb1c4b845b18d7d42d49ba312fc"", ""4"": ""953d2715c6715f0b8b157e9a91906b3828129dd95aaffadb57bd9aab3124d301"", ""5"": ""7a6e011ebc7981b51a207c48577ce892d6ab0f73a65b87054d51ddc425eb637f"", ""6"": ""c5c25b64a19049534f77f73c852c39af52cf0674ed940f68a9a845bf24aef541"", ""7"": ""666c2679fc4638e9514c8765b81f6fc514b74deb37e6fc37136e1890421c3e5d"", ""8"": ""450f73c58c52029b8bf42f7cb6c5c97b295be785caa1e44ad44f1877c9965a55"", ""9"": ""2ea8ab1d58a5288e4dfa909020656930622c16367ce432054e3a90d30039e2e5""}",,0,0,0,0,0.0,0.0,"{""0"": 0.1066964941753838, ""1"": 0.0010834983011244487, ""2"": 0.0015384373878042014, ""3"": 0.0013959776295691788, ""4"": 0.1743810645493829, ""5"": 0.1545520272619953, ""6"": 0.11223433416183115, ""7"": 0.11013524987873656, ""8"": 0.17392977990728012, ""9"": 0.16405313674689234}","{""0"": 0.1066964941753838, ""1"": 0.0010834983011244487, ""2"": 0.0015384373878042014, ""3"": 0.0013959776295691788, ""4"": 0.1743810645493829, ""5"": 0.1545520272619953, ""6"": 0.11223433416183115, ""7"": 0.11013524987873656, ""8"": 0.17392977990728012, ""9"": 0.16405313674689234}",[],[],0,0,0,0,0.0,1c7785556fbdadd32341fbcf9319764539596004be8c414c7bd5277cca1ba229,fe99efcd99e0553c0c1b6675b333a1d27c45c6c5efcbbf475ab1470f7cf9b325,"[""proposal_created"", ""proposal_committed"", ""audit_accepted"", ""committed_once""]"
48,noexecutor,0,none,0,0,0,0,1,0,,9.51,,0.1,,b2ab97b99bd3ce68116ed355908467bdd05cf31faae24c3b37b486152e711aaf,1,"{""0"": ""52c83bab056221326d89230185501382657880db42a9bb1511ba8c443137e998"", ""1"": ""b9a14a98ef78b5e72d18c8aa142cc76903ea3a0579f1207653d41c055cbcb123"", ""2"": ""61ef7dba018a0f1918118b5a332590a79ec9562749f9a1b44b7bf0454f8c7e45"", ""3"": ""6babbcc645983cd2b9315a2dd4568cdddbc22a0858485fe0cd9a64ebe6f60df6"", ""4"": ""b76274e4544dd093d3dfc99c7613fc2e4a0518e0777ec95858cf723438ec342f"", ""5"": ""4490653bfb1d9a69c5eaedbf45df943be3092d39a5f49b0d257a2fde8cad0233"", ""6"": ""0b949bdbf3c4afc8021a5b5ad991ffe64aa9797b1f93a203863719f4d4a167d3"", ""7"": ""c9c6b235614e883a17566a4ae942358e3596a3d4711261335a5384323cd53b81"", ""8"": ""7b0f8fdd072f1e0a115f231eb8d9d0b35e512fdc23a8c912ced5c0e2e7576610"", ""9"": ""d0251d8325f5be776fd29a3288bb0b49f1389df3ad97b019b41b7d08e11d174d""}",,0,0,0,0,0.0,0.0,"{""0"": 0.7320089482526151, ""1"": 0.00032504949033733464, ""2"": 0.0004615312163412605, ""3"": 0.0004187932888707537, ""4"": 0.05231431936481488, ""5"": 0.0463656081785986, ""6"": 0.03367030024854935, ""7"": 0.03304057496362097, ""8"": 0.052178933972184045, ""9"": 0.04921594102406771}","{""0"": 0.7320089482526151, ""1"": 0.00032504949033733464, ""2"": 0.0004615312163412605, ""3"": 0.0004187932888707537, ""4"": 0.05231431936481488, ""5"": 0.0463656081785986, ""6"": 0.03367030024854935, ""7"": 0.03304057496362097, ""8"": 0.052178933972184045, ""9"": 0.04921594102406771}",[],[],0,0,0,0,0.0,fe99efcd99e0553c0c1b6675b333a1d27c45c6c5efcbbf475ab1470f7cf9b325,003805314a17a4e33e48df8206d853004b35a9fe364c2af74188bf16cf8a1788,"[""proposal_created"", ""proposal_committed"", ""audit_accepted"", ""committed_once""]"
49,noexecutor,0,none,0,0,0,0,1,0,,82.53,,0.1,,878d8f03e99bb629139cb8b5d97c2c7e628952b87760756bd614ffb5364f8163,1,"{""0"": ""5f9864404f07dd11be5ad72dec89b7c86097614028b6e3cbb0fc1bb2be78a8f1"", ""1"": ""23e5f7cb08c91fe7d93ed1e9dd6ae63e4095568219339f751da0670f1e2a6ac3"", ""2"": ""af1fce66ac40fb091314fbf2dea5696c856503e984889f0be32bfe4b94415cfb"", ""3"": ""5e6d12431fab678867f11b535ac99e343cca403105430b4a4b32ea4f9dbc7719"", ""4"": ""1403e30eb49c51d188c3b5bc7493475f66b7beffd48d80a75782948fa386abfe"", ""5"": ""42a036b04d5280371a73a44fd6363ea08f2e8944dedb77594546122f1ec31be5"", ""6"": ""0f1133154a4ff32fc6bcface5495a136f2590dc0954922f62530c2a7cdae1da4"", ""7"": ""fccb985c0472e22dc9f21abeebe6a5d81cf217712cf1638e64aee2fe608f8db2"", ""8"": ""ab23751dfc8097da02ae9a65dcc3f02df9075b7dd48223be28997ead52167e5a"", ""9"": ""2746727c644807d407f2d5768c751794205cd85a4d867f335e2e151162d264de""}",,0,0,0,0,0.0,0.0,"{""0"": 0.21960268447578457, ""1"": 9.751484710120041e-05, ""2"": 0.00013845936490237818, ""3"": 0.0001256379866612261, ""4"": 0.14612215837029258, ""5"": 0.1370213650176046, ""6"": 0.13880590680946137, ""7"": 0.07526904083395435, ""8"": 0.13762458742616943, ""9"": 0.1451926448680684}","{""0"": 0.21960268447578457, ""1"": 9.751484710120041e-05, ""2"": 0.00013845936490237818, ""3"": 0.0001256379866612261, ""4"": 0.14612215837029258, ""5"": 0.1370213650176046, ""6"": 0.13880590680946137, ""7"": 0.07526904083395435, ""8"": 0.13762458742616943, ""9"": 0.1451926448680684}",[],[],0,0,0,0,0.0,003805314a17a4e33e48df8206d853004b35a9fe364c2af74188bf16cf8a1788,1ddb7d971d93cb97323d1cc9ed15c22c8038bbe2d7bb6928ed13c362c047243e,"[""proposal_created"", ""proposal_committed"", ""audit_accepted"", ""committed_once""]"
50,noexecutor,0,none,0,0,0,0,1,0,,82.18,,0.1,,e22d4966de9707743136c469917d9140c46672705886217b6c4fee95b24798d2,1,"{""0"": ""03035288ed009fcc10fc673c5c4b6e915a708b661d0cda9b4ab4936bc95ab92f"", ""1"": ""8d0451335e90bea5a441ea1f9df4efb81bacb614403d30506def15f2403a8798"", ""2"": ""372988b1cc88f846dd36367bdf4a0c0b4899b01df56532391cf2708ca06c13ca"", ""3"": ""c9034a461225c7027ab433c49deb01aa378f5ff47d5938bad6f23f6238eac73f"", ""4"": ""0b2899a8f90de72adab72ce1f42b2eef1ff5a017ff66e3443778937fa129e687"", ""5"": ""3730062ccaf009867ce586bf9301237f2f1bf783c64d7611ffe857bed641f657"", ""6"": ""7864e83d9cbd731fd8959abd5e0da723ee5aaaa394ff83bf497416c41e9c6456"", ""7"": ""8fd0f5237c9a3b54d3fe632fee5113499e64601db082e0352cec9f11f8655d54"", ""8"": ""051c4330164532fe6f89482b59f04c8069506596dc0eb501e67bc048872dde5f"", ""9"": ""f23f15564a52e12a6b477e855b96896f15171fb1ef023217bfba312df2644cfa""}",,0,0,0,0,0.0,0.0,"{""0"": 0.0658808053427354, ""1"": 2.9254454130360132e-05, ""2"": 4.1537809470713466e-05, ""3"": 3.769139599836785e-05, ""4"": 0.2329735675324749, ""5"": 0.0704276261743761, ""6"": 0.138568558742586, ""7"": 0.028921948817182738, ""8"": 0.23042429624923794, ""9"": 0.23269471348180762}","{""0"": 0.0658808053427354, ""1"": 2.9254454130360132e-05, ""2"": 4.1537809470713466e-05, ""3"": 3.769139599836785e-05, ""4"": 0.2329735675324749, ""5"": 0.0704276261743761, ""6"": 0.138568558742586, ""7"": 0.028921948817182738, ""8"": 0.23042429624923794, ""9"": 0.23269471348180762}",[],[],0,0,0,0,0.0,1ddb7d971d93cb97323d1cc9ed15c22c8038bbe2d7bb6928ed13c362c047243e,09c51dade42c683156d9a2839451c1e72d404755728d2ad1165cbb6d357f4278,"[""proposal_created"", ""proposal_committed"", ""audit_accepted"", ""committed_once""]"
1,trust_v1v2,0,none,0,0,0,0,1,0,,35.53,0.0,0.1,59463992271364435535429754980890559094,7fd5a1d1bf7cd4a63a29a9f30591c684a822d6f680fdc8e7f081e31ec2ac7c06,1,"{""0"": ""943d162d6fa5982657bc9a1d5686c9aa7c895bae87c4f1982a7730935ccc67d6"", ""1"": ""d950810ed497112edff60ba1ff1573882d2d69da785636e2a6959a32963d4852"", ""2"": ""b150693f5bf8c32996a3d92fa7571c8b6dfe340be03c0ff6a425280ccb9f111b"", ""3"": ""31603cf77a9c0f02c9133128b9ea54e9adf7adcbf8fb1aaa09251ab6636ab303"", ""4"": ""c93e2f02d1d7741c6d073982059ec05685dd006d8a9e2ba6ad2a4049bc1f932d"", ""5"": ""f4284d9d382ff2f20e6471b31e2ac8219b13cd6945e97821d8bd0c9eb0d4dfa3"", ""6"": ""cf82a7996cae784d8e1d447a487353faee6b3ccd75acdc201a3b34be64529c76"", ""7"": ""735ffe1cc77e4ba719170b1ec36d72d6e0d1af2ba90231f7d1de3eb9429661dc"", ""8"": ""fa68cfe656dc8b0725ad0b8471bebc641496920d390a9dec0925b1dfda71d483"", ""9"": ""603aa345ab122ddebac685997e36dd9a301661ff2a3a80c779dfe44954ad5310""}",,0,0,0,0,0.0,0.0,"{""0"": 0.08425559963000644, ""1"": 0.08015101900535108, ""2"": 0.05247716378599446, ""3"": 0.0541584195990768, ""4"": 0.1642108302961532, ""5"": 0.06174010337668318, ""6"": 0.09429387784575097, ""7"": 0.11919618628784892, ""8"": 0.1642108302961532, ""9"": 0.12530596987698178}","{""0"": 0.08425559963000644, ""1"": 0.08015101900535108, ""2"": 0.05247716378599446, ""3"": 0.0541584195990768, ""4"": 0.1642108302961532, ""5"": 0.06174010337668318, ""6"": 0.09429387784575097, ""7"": 0.11919618628784892, ""8"": 0.1642108302961532, ""9"": 0.12530596987698178}",[],[],1,0,0,0,0.0,f7841e6ee2e000f22425cfcb00f6b2b2b5b53c9dc424bfd55b0d6f4ba52bf3fc,4e83d115041860f7a58546c3afdf257303ea17c5afaa5d0d085fc6b541fc400c,"[""proposal_created"", ""proposal_committed"", ""v1_challenge_sampled"", ""audit_accepted"", ""committed_once""]"
2,trust_v1v2,1,A2,0,1,0,1,0,1,V1+V2,41.16,0.8581647383686121,0.1,76873154264542994656080955839577630589,3db39b40e2923b72b2cb212e08e26eecdf66d3f786b1f4534e877965f4dee837,1,"{""0"": ""2bf71d9e75f0f3a3147d3a960d3cbc4ab71db247c73c757b93fb5bc7c56e3082"", ""1"": ""234c8db125dd02737fc8d94649f1609c11c282334a7cbe1cab957b899108735e"", ""2"": ""1f6e6114d1521dbf4ad4c292c5a7f0de73a36282f171cceeb3c0aac341c7b01f"", ""3"": ""9ecd9dfc4617262b25560edf2a960f796b756d07bf29cbb5084503616bf7df5d"", ""4"": ""5c55c8f1354aea8f72fc26f47521e62c2f54f68e9bf58dcffbc1cb553e180072"", ""5"": ""de6aee29580a38312a38068021fc7cd1e6cc7975812f8973724c6e36c2f7bbaf"", ""6"": ""f0f8944202001790f736b44c7c19dd1101ab22fef095665af3019a2f945bc7d2"", ""7"": ""cea0d7a761b4f9dbc069f605e0b96626ae8f54f76b53fabbb880cc9081f3d5f9"", ""8"": ""bfce0c383e00204cf7911510bcaf77081b931387324e918dd2840355faf470fc"", ""9"": ""3fe6e6394245c9734944979c185563140beaf36bd57bdf00e1c72c58797717b4""}",384216621e471de3eca61a3b96f855443378a6874c17d59acf245a5c23c430e6,1,1,1,0,0.7351705853985051,0.0,"{""0"": 0.02575585750078312, ""1"": 0.024106035078307612, ""2"": 0.01574314913579834, ""3"": 0.016283593416034026, ""4"": 0.1901962643583109, ""5"": 0.04618275769148074, ""6"": 0.1363194010725952, ""7"": 0.17669187115581964, ""8"": 0.1901962643583109, ""9"": 0.17852480623255948}","{""0"": 0.13787792875039157, ""1"": 0.1370530175391538, ""2"": 0.13287157456789916, ""3"": 0.133141796708017, ""4"": 0.09509813217915546, ""5"": 0.02309137884574037, ""6"": 0.0681597005362976, ""7"": 0.08834593557790982, ""8"": 0.09509813217915546, ""9"": 0.08926240311627974}","[0, 1, 2, 3]",[],1,0,1,1,0.0,4e83d115041860f7a58546c3afdf257303ea17c5afaa5d0d085fc6b541fc400c,360dfe60997f3e3f077e3daf1a1ed4a4cf4a9928992912ee43211e8c1cf10370,"[""proposal_created"", ""proposal_committed"", ""v1_challenge_sampled"", ""audit_rejected"", ""recovery_recomputed"", ""recovery_audited"", ""recovery_verified"", ""committed_once""]"
3,trust_v1v2,0,none,0,0,0,0,1,0,,44.71,0.0,0.1,101541434416367307707967041106365831348,15dbf10b0c88344ba0fd38c24bbd4d5850cfb2694e16f9976adc1ee21500124f,1,"{""0"": ""96ec05764566e82cdd8fa309b2578d246424a2493f217a688b6318b8ec3680c2"", ""1"": ""1b4476426d193705fa79973b085d8e15800e75d2ad946e95843e660abb19d1fe"", ""2"": ""81606285792dcff7f7c1a462431dd8dad734fb35090c79437bffeb961d556f07"", ""3"": ""4f0a71902a41a45193177057635e3c2b76595bb976d8da61e5578c70c91f059c"", ""4"": ""a77d5dc268b00f2c525d2e87408f1d655206cb9c1f37c1f73844b0b2b73067d5"", ""5"": ""1c11bd25b881d18f0d6f584559be9ba19c3af099151c8964ccd8887987ce1b06"", ""6"": ""289c7484bdb0c35e8daa9c50030f5eb4cead4d184f7357a1c1dc7da672629d8e"", ""7"": ""f7624dfee0af43cfbcb24c8ef479f64765c877ff2d292ff2a615a518c6927620"", ""8"": ""e163d9072af8975ce0d9216d747d78c6543477346e6b782a3536c1de3b2a0746"", ""9"": ""6fb15d40fb55a27d691289c37e044868300103115583143bd943ca201a7db491""}",,0,0,0,0,0.0,0.0,"{""0"": 0.007726757250234937, ""1"": 0.007231810523492284, ""2"": 0.0047229447407395025, ""3"": 0.004885078024810209, ""4"": 0.11805851494047885, ""5"": 0.03003471803066386, ""6"": 0.19660093873272722, ""7"": 0.20871267975769456, ""8"": 0.21276399771844196, ""9"": 0.20926256028071652}","{""0"": 0.007726757250234937, ""1"": 0.007231810523492284, ""2"": 0.0047229447407395025, ""3"": 0.004885078024810209, ""4"": 0.11805851494047885, ""5"": 0.03003471803066386, ""6"": 0.19660093873272722, ""7"": 0.20871267975769456, ""8"": 0.21276399771844196, ""9"": 0.20926256028071652}",[],[],1,0,0,0,0.0,360dfe60997f3e3f077e3daf1a1ed4a4cf4a9928992912ee43211e8c1cf10370,10882584f36939df3ee668717aed799eaab531cd32eebae47f4ce5688953fd2c,"[""proposal_created"", ""proposal_committed"", ""v1_challenge_sampled"", ""audit_accepted"", ""committed_once""]"
4,trust_v1v2,0,none,0,0,0,0,1,0,,66.3,0.0,0.1,168827209409133015000887084195006169236,fe71f3beefc1328f6b65740167beccb40313e95b720edbd5f488c13c27799fee,1,"{""0"": ""34ac9d2b19a01aa4d9608f8f62e90360040490d81669d14f0565869a1ee51f40"", ""1"": ""a943402c2940bfefe987a1d248d818abf2e10f055cfc86b1386529c01a7c7ce7"", ""2"": ""c761051ae719b0c3ceb53f7c2966e5ff2fccec2d461185afe0d3d27a3aed8353"", ""3"": ""3ae03f78967600eeadf56f424a7e87c43faac68860ea1526ebb14bff9625b5ee"", ""4"": ""16dc3fc2737af74668adf4871a330b8a6ee3a47b66f499585b9ff9a8b43106c4"", ""5"": ""6957cecf680daf6071ff7b8c3f84e3c191f4b1911d31b9c3a23c4289b31c68db"", ""6"": ""05f24857dced2e7633242a7b8114aeacd6e8b84d0e791566828209ad0b5ad6da"", ""7"": ""4f2a23e12a60038f32f660984560706d667d58f94d51b0294684b8c693356bdb"", ""8"": ""7cc5472d93dd3bfdd2b74b97bf720a2dd4ea69c13927288be523e3558333de1a"", ""9"": ""6c16e08b7b272eafc9afb155cf0988dcafc4a00c2234dbb85af4fe0b3e070c7b""}",,0,0,0,0,0.0,0.0,"{""0"": 0.0023180271750704814, ""1"": 0.0021695431570476855, ""2"": 0.0014168834222218509, ""3"": 0.0014655234074430628, ""4"": 0.07763258057582033, ""5"": 0.0317221738954092, ""6"": 0.2177485854748465, ""7"": 0.2213821077823367, ""8"": 0.22259750317056093, ""9"": 0.22154707193924328}","{""0"": 0.0023180271750704814, ""1"": 0.0021695431570476855, ""2"": 0.0014168834222218509, ""3"": 0.0014655234074430628, ""4"": 0.07763258057582033, ""5"": 0.0317221738954092, ""6"": 0.2177485854748465, ""7"": 0.2213821077823367, ""8"": 0.22259750317056093, ""9"": 0.22154707193924328}",[],[],1,0,0,0,0.0,10882584f36939df3ee668717aed799eaab531cd32eebae47f4ce5688953fd2c,6270756d5fded498e5c98aa7d4a8756257f1664400bc4fea2f95255027f159b2,"[""proposal_created"", ""proposal_committed"", ""v1_challenge_sampled"", ""audit_accepted"", ""committed_once""]"
5,trust_v1v2,1,A1,1,0,1,0,0,1,V1+V2,59.23,0.0,0.1,59352200619144284283530424936991090584,2ae3dad20e14fad79278620336cd0bee4dbf22fe3e28cce4793f514f56900f01,1,"{""0"": ""7b764b5c5315efce7287858f202d8c5f46f9b9c03b9a90d327b63504b648bba7"", ""1"": ""77c449285366a79267056b89ad51a238b372988f4730f5857482d298b833bc2b"", ""2"": ""f30b9bc2b180b8dc40636344c33e67e29b3f50efad138077bee6f3f5629d0fd9"", ""3"": ""e1afbbe907c84ded0ebce37b8fa670d4a58abd59a11b544970e12efab793887e"", ""4"": ""099ffe08fbef3e0dac3e3a86d6682718f3c44b492251da5583f4aecd6d7c4ccd"", ""5"": ""2eac41afea006e802c9b58b334cf33cf101240f0b3d4bd554dbaa9551bb1f2ba"", ""6"": ""a4152253d3e6b27f5f4e50197a448e9aa4907c47ccc1991eb6d879a9aa1fa09b"", ""7"": ""aea9b7a37244527c1d86b76795992e8e51c13d651c540b1493e52dfd62398efc"", ""8"": ""8664131e68b0c366c01417b4b3b3e2fe26850b98d9e2166e913308627bac177e"", ""9"": ""9c253ee3761ddc5df2d7b3ffad4c44abf2b5e45c70e65a4c112d43b9a998d8f2""}",0b4b728fc2c4b0be9269cf4ad64e8654846631e60c2d2c64edbc1767bb1d7b50,1,1,1,0,1.9702134492724115,0.0,"{""0"": 0.75, ""1"": 0.75, ""2"": 0.75, ""3"": 0.75, ""4"": 0.12424595725281125, ""5"": 0.013466221553770195, ""6"": 0.31603344725683447, ""7"": 0.3171235039490815, ""8"": 0.1131144852890756, ""9"": 0.11380539154989217}","{""0"": 0.1876036976225208, ""1"": 0.1876036976225208, ""2"": 0.1876036976225208, ""3"": 0.1876036976225208, ""4"": 0.03107866799370273, ""5"": 0.0033684172753218346, ""6"": 0.07905205770369873, ""7"": 0.07932472259181035, ""8"": 0.028294260926531752, ""9"": 0.028467083018851404}","[0, 1, 2, 3]",[],1,0,1,1,0.0,6270756d5fded498e5c98aa7d4a8756257f1664400bc4fea2f95255027f159b2,4fb0728842c14151324ff228248f0db8f0d6c41adb16113ac9dedd5da46627d1,"[""proposal_created"", ""proposal_committed"", ""v1_challenge_sampled"", ""audit_rejected"", ""recovery_recomputed"", ""recovery_audited"", ""recovery_verified"", ""committed_once""]"
6,trust_v1v2,1,A2,0,1,0,1,0,1,V1+V2,60.37,1.1441089392443458,0.1,267122352706854162295878731802142882495,0424ea0d92e10e54fb265d8d6c149bf38ca71f3cd8881a523d781c187f8445ea,1,"{""0"": ""cd05756e52b6a64a80f10437172847210302ebdbbbc82e13a83b5be67dfd94df"", ""1"": ""7764c67448b72f5fe922764479532647a68357b0250952a20ae1ef77ec538877"", ""2"": ""88cc5c02de33bfda86b4e32ba68307cdc70c634c2b494317095f1409ee5fedc9"", ""3"": ""38389ddf46c46a7849c801327d7e9df06f77bad3512e7f05279d1eaf5e3da4de"", ""4"": ""6540ae62d85163bbbad814b8634778e00892ec16df5ec644dc207da64281bfe8"", ""5"": ""95a911e68c51cfe9483b7a42cd966467c9951ddc6ee184c842da3eeac1498c65"", ""6"": ""0f4a1ebf96feb2ebc935700c855c8aae99bc08b15be729a57eb1b0aacc8a4ff3"", ""7"": ""689a3a27a39981349931681b3096df7a5d74423ed685bfabe7724e05a7d1409a"", ""8"": ""fa86b95eb2d77974836735455ab3f7e63f9db6a63f8e495d23724027a7df5db3"", ""9"": ""699a78f0862b5d23569e0a20f3a6c4d3afa38421baaa22c2f8067d2332814dfe""}",da0c8a632713ced68631d92e0ab90f093debf2690f8142e78a4498d6fd70e454,1,1,1,0,1.382787915565679,0.0,"{""0"": 0.0002086224457563434, ""1"": 0.00019525888413429176, ""2"": 0.00012751950799996662, ""3"": 0.00013189710666987572, ""4"": 0.13849156089623582, ""5"": 0.007832911829397276, ""6"": 0.195960183754003, ""7"": 0.5170734569577481, ""8"": 0.04164330823385751, ""9"": 0.09833528038419784}","{""0"": 0.12510431122287818, ""1"": 0.12509762944206715, ""2"": 0.12506375975399997, ""3"": 0.12506594855333494, ""4"": 0.06924578044811791, ""5"": 0.003916455914698638, ""6"": 0.0979800918770015, ""7"": 0.25853672847887404, ""8"": 0.020821654116928753, ""9"": 0.04916764019209892}","[0, 1, 2, 3]",[],1,0,1,1,0.0,4fb0728842c14151324ff228248f0db8f0d6c41adb16113ac9dedd5da46627d1,a285783833e3940bd79280ee0b7ac27c63163f4b4498398f065cc7db5478b346,"[""proposal_created"", ""proposal_committed"", ""v1_challenge_sampled"", ""audit_rejected"", ""recovery_recomputed"", ""recovery_audited"", ""recovery_verified"", ""committed_once""]"
7,trust_v1v2,0,none,0,0,0,0,1,0,,60.29,0.0,0.1,11283921584194320504314996964888017351,cb38e72bb30db7d22f98565ace13b62addaf8bc5ed0286c6b9e458ea89a7a029,1,"{""0"": ""d6f9ba8be4f8dee8dc98ff10363f25b0ea2f3bb17943112be1e001b09363e5ea"", ""1"": ""6f3ff5ff7113c3e314be3c7deffaeac0a42bf4018e7142adabdac3daffcc0fa8"", ""2"": ""bee907bbcd1c183be5fd4fed78b03457b4f46c6e1ecb9d0621fd54e30abb5a5f"", ""3"": ""cb4568d7340e14172174e8c20661b1df9f444111e7016220779fd9d7f55b64ec"", ""4"": ""327db744793dbf6ceae89c40d955a2712b3d49b5bf29923c45c08e6b775f2769"", ""5"": ""c0b1ce2834da66bada65bbe640f4fd93e0ffe5adcb606b341f68a7f14004e8e7"", ""6"": ""9ec9194c811b0833347582f81041dc6abf176696ffdaee9710c90e56bbf2f42b"", ""7"": ""7ebb044da17d48552aa0c695f0e6e665b9ce6e0f1313b0f155a5d3dbfbf1fadf"", ""8"": ""a0ad4d6d61cab5d2285312dd8c1c6075cf02ad9309ae1f0798e61ee00ffe52f6"", ""9"": ""0c8164bf62aa8cd032cdf2f282aecd9fb4e5b62cd351ae1dc0cd2b24c2b5fd9d""}",,0,0,0,0,0.0,0.0,"{""0"": 6.258673372690303e-05, ""1"": 5.857766524028754e-05, ""2"": 3.8255852399989994e-05, ""3"": 3.956913200096272e-05, ""4"": 0.13731908776071594, ""5"": 0.0023498735488191834, ""6"": 0.08300879572567854, ""7"": 0.6437170682225968, ""8"": 0.017662702921562662, ""9"": 0.11574348243725885}","{""0"": 6.258673372690303e-05, ""1"": 5.857766524028754e-05, ""2"": 3.8255852399989994e-05, ""3"": 3.956913200096272e-05, ""4"": 0.13731908776071594, ""5"": 0.0023498735488191834, ""6"": 0.08300879572567854, ""7"": 0.6437170682225968, ""8"": 0.017662702921562662, ""9"": 0.11574348243725885}",[],[],1,0,0,0,0.0,a285783833e3940bd79280ee0b7ac27c63163f4b4498398f065cc7db5478b346,26e8717fb01c2ac9b0b06ae5e77f6cbf067f0d2f91173af2716c139103a19595,"[""proposal_created"", ""proposal_committed"", ""v1_challenge_sampled"", ""audit_accepted"", ""committed_once""]"
8,trust_v1v2,1,A1,1,0,1,0,0,1,V1+V2,63.68,0.0,0.1,45958044979942881756857654796489411353,58e24a6f0d45f47dc4243854695b87efc10baef55cb2aeb445969628dc188bb9,1,"{""0"": ""914ff2964c932b977f8ac23e43a2ef611cca4b4b85eea9c11d146a06f6ebcf8e"", ""1"": ""b8722f066035239e8847b2351c3632e40c7701748f8e47ea526edf9f1a0d044b"", ""2"": ""d35b16a4fb1441504b62932c86bcd0e44c858f6ec5374f70e32c62ae46c1f252"", ""3"": ""cb692c8b1c216e207aed66ad1e8205ca9a58a36aea7fccefae2fcfa169080e62"", ""4"": ""cb5f0bdb1b24033e6853a01a2f0f92e468d3db5734f40a6ce6d410b2ad4217ae"", ""5"": ""ff84a01c88afba227000a8c839b4bbf074b97baa41a933d3205cc4004b0116d1"", ""6"": ""4acf57cb77569fc92e0345c9bfa43d4116b489812dce7edb22e6003be2d731d2"", ""7"": ""eb220c8e51f18051921d01f86a34250e8f367a726c81cf06ea715ece40c0fc45"", ""8"": ""523b97467b0c08e73262ee50ca5e64650155fabbbc4d45aa045cb254c357b993"", ""9"": ""ce1356175ba775b96181ab0d213b0e74c30427db61a74dc04f2581845aa7b251""}",edb5ed46c4338c3448bca02e169daf6b3a0db26b1b67ace2f4e6a07f0a2d3370,1,1,1,0,2.710875201992244,0.0,"{""0"": 0.75, ""1"": 0.75, ""2"": 0.75, ""3"": 0.75, ""4"": 0.1578132541797337, ""5"": 0.0007049620646457552, ""6"": 0.0627187670565093, ""7"": 0.6086956647299013, ""8"": 0.03449115003467111, ""9"": 0.13551650511952834}","{""0"": 0.18750279832996647, ""1"": 0.18750279832996647, ""2"": 0.18750279832996647, ""3"": 0.18750279832996647, ""4"": 0.03945390236301113, ""5"": 0.00017624314645006643, ""6"": 0.015679925774534413, ""7"": 0.15217618729090077, ""8"": 0.008622916198826071, ""9"": 0.033879631906411724}","[0, 1, 2, 3]",[],1,0,1,1,0.0,26e8717fb01c2ac9b0b06ae5e77f6cbf067f0d2f91173af2716c139103a19595,d34f60d1e60767537632a09e3a635746c7b7c6bb9be18e4e7eb02df848440244,"[""proposal_created"", ""proposal_committed"", ""v1_challenge_sampled"", ""audit_rejected"", ""recovery_recomputed"", ""recovery_audited"", ""recovery_verified"", ""committed_once""]"
9,trust_v1v2,1,A1,1,0,0,0,0,1,V1,68.32,0.0,0.1,24956470658571025857451224313960378424,d868f79eeb4a0a02c7620bc77cd5194e0db3f54f642d369c8cebeb75b32bda4d,1,"{""0"": ""63f70afd5465333e646cfb931625c7f4bedcc74d7917497cac78f410e1a3faa7"", ""1"": ""9f58067335a4604778b51d627c9d18526961c856837896a9e55d457ffeba7fc3"", ""2"": ""39ef87eae38730f543f4428d30ee233a3e95f0db55dd026f6ad43a68a5418e2d"", ""3"": ""b89cd28e0413949a3aeddf1f96524a5a1e6a29c4d1cb92a3399429a61e9446cd"", ""4"": ""ab26b29da6381bf8b7a0f145b2fbc92b0ddd2bc847c80bf5e386545d4b40f6bb"", ""5"": ""33ef0a23d8259ae7156736cfc1874288b013b1c6f2974edad34b6988254a0b24"", ""6"": ""544977957d5ffd5ceaa4a66744c3d421a326e4baa2f6ddaee81122a6f31cacf2"", ""7"": ""a9b3d67d4597219e333998e4838af27b910f6188a96c6230828bf75d456ff775"", ""8"": ""37f12fa60732e3acd2cc04cafdfc997c6133b024d3597f40a5b2ef984cefe919"", ""9"": ""c17f101f56ef8d492a83dc5737463c651717aa7d35d7fe24d4811c1aecf728a3""}",e7c79c075d4d7b75f9da00d321d75e3c0543b505250a4afc4ae1342376959af2,1,1,1,0,3.2515770918678286,0.0,"{""0"": 0.75, ""1"": 0.75, ""2"": 0.75, ""3"": 0.75, ""4"": 0.17613096568673492, ""5"": 0.0002114886193937266, ""6"": 0.19688200117374677, ""7"": 0.4729931579563763, ""8"": 0.032073742813989184, ""9"": 0.12169073470525593}","{""0"": 0.18750083949021973, ""1"": 0.18750083949021973, ""2"": 0.18750083949021973, ""3"": 0.18750083949021973, ""4"": 0.044032938568647845, ""5"": 5.287239157193507e-05, ""6"": 0.049220720667455926, ""7"": 0.11824881891993422, ""8"": 0.008018471604288499, ""9"": 0.030422819887222806}","[0, 1, 2, 3]",[],1,0,1,1,0.0,d34f60d1e60767537632a09e3a635746c7b7c6bb9be18e4e7eb02df848440244,c7f5accf650e212a9cea25a70d05ebe7d72884e2074eb12a4ddeef79847cafd6,"[""proposal_created"", ""proposal_committed"", ""v1_challenge_sampled"", ""audit_rejected"", ""recovery_recomputed"", ""recovery_audited"", ""recovery_verified"", ""committed_once""]"
10,trust_v1v2,1,A2,0,1,0,1,0,1,V1+V2,74.57,30.427264837444778,0.1,133248595337732030263817326159612380148,64c0e14c23fa7c25b60e2433ba98f7f15f12a30f6b125dda860ea4b1dcda0494,1,"{""0"": ""9579759c9b8708b34d0dde70c4a4aedc520b92d3c7d94cbaa57b4f7511997f48"", ""1"": ""18a2e6476b811f112f5a22857f5e63f50375d868d9ad7b65faa22996f07d8afd"", ""2"": ""a555933c3f1687987c3c228187582b51303ac40a2ae23b31fc537f71c720af34"", ""3"": ""f7e1ef0b1f7d5366f011352d10544fed8f72085087b6fd32a546a179f998a023"", ""4"": ""fa6079329c0f7acb5d538fca62af0da6fc63a508cc0a4bd12fbb55d2ea767845"", ""5"": ""d725c938f581c3827066d2b805e5e323e6b88ef3b7baed9d65fa7819ff278da6"", ""6"": ""8174421a08d1a033e4cea0795236418306ff7ec4c5ba55c3c37477ca62ea36e5"", ""7"": ""6f56b4807c87c587016c16486d022029aec8736103c4a4f1bb37abcf6bb40878"", ""8"": ""af181ad7d2a9d2714fbf5cf93f929c988015b639753403c82253b9de22be71fd"", ""9"": ""0f2f64f8f651593358e1cdf00cc8f55f677ef6ee1c357be2e9a48ee07ab1518d""}",bff56f46bfc8a9d328a43381be4f86b6bed980922f960fe60334b5875d24b426,1,1,1,0,2.4280692605390155,0.0,"{""0"": 1.6898418106263823e-06, ""1"": 1.5815969614877638e-06, ""2"": 1.0329080147997301e-06, ""3"": 1.0683665640259936e-06, ""4"": 0.1805697658263947, ""5"": 6.344658581811798e-05, ""6"": 0.2674529855984955, ""7"": 0.3502863326332844, ""8"": 0.0891793288422999, ""9"": 0.11244276780035634}","{""0"": 0.12500084492090535, ""1"": 0.12500079079848078, ""2"": 0.12500051645400742, ""3"": 0.12500053418328205, ""4"": 0.09028488291319736, ""5"": 3.1723292909058995e-05, ""6"": 0.13372649279924778, ""7"": 0.17514316631664223, ""8"": 0.044589664421149956, ""9"": 0.056221383900178175}","[0, 1, 2, 3]",[],1,0,1,1,0.0,c7f5accf650e212a9cea25a70d05ebe7d72884e2074eb12a4ddeef79847cafd6,feb6e3087b72c1627739d8f0355cbaff873386f0167d1068b61084d8cae73ab4,"[""proposal_created"", ""proposal_committed"", ""v1_challenge_sampled"", ""audit_rejected"", ""recovery_recomputed"", ""recovery_audited"", ""recovery_verified"", ""committed_once""]"
11,trust_v1v2,1,A2,0,1,0,1,0,1,V1+V2,69.17,4.5605924787723575,0.1,212977437717344078713639270581979138201,1059952e0348eaa7ddd8cc7c18451830bf5c5298c4576f3cd20d1241f2e5b559,1,"{""0"": ""52d6fcc7816d0a7f8ddda3081f6bd8cbb3cf0ddb157a33f6e4c5d702473ed096"", ""1"": ""f24c29e9a949bdc19f9285748610deaa887a62be7dd38e3bdf30907158acfd47"", ""2"": ""52202cf7c7ef1330597493ea04335d28446cd1b3d2d3abccb50efc2125634cec"", ""3"": ""e1e6c9ba9b52ad5a513fdd596c31aca9cefaeb29f84abcaa112f7009b80c3d03"", ""4"": ""02d191ad30902ff27a795a4c96ad026ccd6c81f49df1dcfef1b50800f40fe9f1"", ""5"": ""d2fda4298392ed405fe89e9e4acc1532d83c2d1ca920d6c3ef7170719dcd9504"", ""6"": ""e1cbbad71048ef4ded020b21707298e44010006a8796a1243e068bc332d8dce3"", ""7"": ""faacbf395255e5f922fcad4b473a430120e2401434c960d5a8ddbdc8ce420435"", ""8"": ""38b8c3570dc4f98568e2a3a56ddbef2c05916b0e37b8c557e5fcc755569ca266"", ""9"": ""7f67c473565fb99c087b1e5d1c5c06a82f2cf1b51c7db7399c47460576b7751e""}",709c9d7b7eeba8034ea3a5734028dee1ccb0b9e7764e7c6deaedaa47c00637ca,1,1,1,0,2.3984876823722527,0.0,"{""0"": 0.0014625337511786163, ""1"": 0.0006147281599539512, ""2"": 0.0006361742134734125, ""3"": 3.205099692077981e-07, ""4"": 0.21691075975685947, ""5"": 1.9033975745435393e-05, ""6"": 0.12300722359765529, ""7"": 0.43734222992138994, ""8"": 0.14079035052906677, ""9"": 0.07921664558470776}","{""0"": 0.1257312668755893, ""1"": 0.12530736407997697, ""2"": 0.1253180871067367, ""3"": 0.12500016025498462, ""4"": 0.10845537987842974, ""5"": 9.516987872717697e-06, ""6"": 0.06150361179882764, ""7"": 0.21867111496069497, ""8"": 0.07039517526453339, ""9"": 0.03960832279235388}","[0, 1, 2, 3]",[],1,0,1,1,0.0,feb6e3087b72c1627739d8f0355cbaff873386f0167d1068b61084d8cae73ab4,2a0b2e1e4d03ea6293e0e50f06f966c7509c34aa704deab457432f1fe09b2a63,"[""proposal_created"", ""proposal_committed"", ""v1_challenge_sampled"", ""audit_rejected"", ""recovery_recomputed"", ""recovery_audited"", ""recovery_verified"", ""committed_once""]"
12,trust_v1v2,1,A2,0,1,0,1,0,1,V1+V2,68.05,2.441807967916181,0.1,336654696671879783834091402310452662447,06fae775115fe17791e5267f9f9225de85e3ff0c67e8a050277df44accd608b4,1,"{""0"": ""0c9f89467434fe29ff2c885af9369291c2769524003a656d4eda91a7c295ff11"", ""1"": ""07ca7ba1a54439ea9091ef68b9a5bd327c5d30c7e383a3a3bd957674beae2dce"", ""2"": ""66d5109a64f8f939cbd40626e1c92d5fb0f0bf91285041047c1302e9766093de"", ""3"": ""611dc5f675bc5ef359ae4847612d1738cb61bfd9b8dca71e94f103ae70baf102"", ""4"": ""a2bb0dffaae178fb06cf205af157306e2456ce030ab2d95f6db52283a95008d0"", ""5"": ""8ade780f5b78596a3bfe4f5fa74e4a5e256532516c252a55b1079e885d8a8b3d"", ""6"": ""b00e4aac7edb410ae16d6c3b9582c9eb781a31b176f1deb343af6718d1e80fa3"", ""7"": ""e6164d0a1a68b35ab0adb1e10c9c8269fa462194f94b1b5efd5bedb2cf63f145"", ""8"": ""48f87c672816103d2c7cf04ed13dddbecb04d5296defc366f63101cd2aab62d9"", ""9"": ""8b8db30027ba67680882b3859906b2658a062ed50bffcf80428876e08f93b1d9""}",8541e52b341129bd939cb8efe6f5ed7eff1421371d25c21b0711a90048767a2e,1,1,1,0,2.4111170122575767,0.0,"{""0"": 0.00043876012535358494, ""1"": 0.0001844184479861854, ""2"": 0.0001908522640420238, ""3"": 9.615299076233944e-08, ""4"": 0.24271394012486125, ""5"": 5.7101927236306185e-06, ""6"": 0.12074529126153252, ""7"": 0.5177727277392263, ""8"": 0.07996031999742789, ""9"": 0.037987883693855695}","{""0"": 0.12521938006267683, ""1"": 0.1250922092239931, ""2"": 0.12509542613202104, ""3"": 0.1250000480764954, ""4"": 0.12135697006243064, ""5"": 2.8550963618153097e-06, ""6"": 0.06037264563076627, ""7"": 0.2588863638696132, ""8"": 0.03998015999871395, ""9"": 0.01899394184692785}","[0, 1, 2, 3]",[],1,0,1,1,0.0,2a0b2e1e4d03ea6293e0e50f06f966c7509c34aa704deab457432f1fe09b2a63,ab9c577fcf0d36124902ab806eb7d35021a9b2fb1b3d99fbb65a4cc9a8ecb0cd,"[""proposal_created"", ""proposal_committed"", ""v1_challenge_sampled"", ""audit_rejected"", ""recovery_recomputed"", ""recovery_audited"", ""recovery_verified"", ""committed_once""]"
13,trust_v1v2,0,none,0,0,0,0,1,0,,75.74,0.0,0.1,308515696634145891106467630681764227237,c9e7780875130670d958ae5ba884cfe4031567dba7077dd4057bce2cd45325f0,1,"{""0"": ""36c2a5ae31058d774077a8b6dab4895370bef0f587bf8d79a8c23a68317254dc"", ""1"": ""20425e68ffc66e56de4e71eaf00eca4c774e2861df5fcc882da2ac27dd502b4e"", ""2"": ""49a02a1304c9308ef8a454710eb3a808dbd0e4ff300f31c8457b35312e2003a4"", ""3"": ""551527ace3ceb961bbe806b0c817208ad29c36a3c23b7b837d17d7cccb0614fd"", ""4"": ""4c6acff83f1111f91316d90e05300dc32fe71ec27eb906aa6bb86c141dbb569c"", ""5"": ""01c7cbf0a3538d751ad08283887a05637f7944df9186a229de7b794ed18a4bb4"", ""6"": ""5df0b9f9985418b7bcf0333085133176ccc0aaa7a8b8ecfba66a7ffce8189c37"", ""7"": ""c12388ffd21a9a7bcbeb3f04b9fddf872b93631a9c22ccc36a6f60c0653fee27"", ""8"": ""1aba740382b68082dfe938887547e629d9e7ae29a915c001981c4bc88c599065"", ""9"": ""f6177339ad7cc90732b3e39c5a8057f8ef604da527b17b6fc10e055fdb323787""}",,0,0,0,0,0.0,0.0,"{""0"": 0.0001316280376060755, ""1"": 5.5325534395855614e-05, ""2"": 5.725567921260713e-05, ""3"": 2.884589722870183e-08, ""4"": 0.17647837974395023, ""5"": 1.7130578170891853e-06, ""6"": 0.12988115362498406, ""7"": 0.3672792656657224, ""8"": 0.2359355433431828, ""9"": 0.0901797064672315}","{""0"": 0.0001316280376060755, ""1"": 5.5325534395855614e-05, ""2"": 5.725567921260713e-05, ""3"": 2.884589722870183e-08, ""4"": 0.17647837974395023, ""5"": 1.7130578170891853e-06, ""6"": 0.12988115362498406, ""7"": 0.3672792656657224, ""8"": 0.2359355433431828, ""9"": 0.0901797064672315}",[],[],1,0,0,0,0.0,ab9c577fcf0d36124902ab806eb7d35021a9b2fb1b3d99fbb65a4cc9a8ecb0cd,a71e2abc46096f7718b29969f4d58c188aae71ab0ae6b9b813bfb61e30927f35,"[""proposal_created"", ""proposal_committed"", ""v1_challenge_sampled"", ""audit_accepted"", ""committed_once""]"
14,trust_v1v2,1,A2,0,1,0,1,0,1,V1+V2,75.28,4.9892797789613,0.1,229457961972146623215064650156381090464,c30fe0dc474bb07553b66ab929da928b0ef364b8cdcbdd9febc75134037d73ed,1,"{""0"": ""783bf01e3d4bd0ffa44afb4d96307ba956d99b52b6215689eb907778d38044cc"", ""1"": ""3782d96197a1329eece82add77ae3823ed5b6da58fc029ac39c9cd2b3f6056b9"", ""2"": ""f3bef1d10a0748b0fb3db34e7ae21285a1036b5d686b72da07564cc1f4c6bd4d"", ""3"": ""7e19b233a7abe8f57e94d06ed44ac5692a07e1602472fe18f68a8606cce3c960"", ""4"": ""dd224165c7713fdc9a2c45c00f82b5c34d40d17fcda71d3e039786d860e46f15"", ""5"": ""85e617cf290040ffe1722f56459efb796bec3e563e9248aed19187cfa9762354"", ""6"": ""2a509195bc1fc90b5d3632adeca031338c4de22b539e890c0ad50fbb426d67f3"", ""7"": ""91b99b58d153d677146a7e86f8762cf3e8bf9e23153bff9a03049372ff3bde36"", ""8"": ""bc906c565f3aaddec9563d87de78f3b3e0894bd32cce49de31f13228f1fac0fd"", ""9"": ""365fe13b9561f23fd361d3745cbfae130abb7f18bc2086bfd684f250ca53b92e""}",4dd8fa373d833cbba8a4561a6fc67eed141f6f5704f1b129e5e2b174514fcc00,1,1,1,0,2.782073580044796,0.0,"{""0"": 3.948841128182265e-05, ""1"": 1.6597660318756688e-05, ""2"": 1.717670376378214e-05, ""3"": 8.65376916861055e-09, ""4"": 0.08363623283200498, ""5"": 5.139173451267557e-07, ""6"": 0.05036427371338954, ""7"": 0.41932141963807523, ""8"": 0.37991830294131335, ""9"": 0.06668598552873828}","{""0"": 0.1250197442056409, ""1"": 0.12500829883015938, ""2"": 0.1250085883518819, ""3"": 0.12500000432688457, ""4"": 0.04181811641600249, ""5"": 2.5695867256337786e-07, ""6"": 0.02518213685669477, ""7"": 0.20966070981903762, ""8"": 0.18995915147065667, ""9"": 0.03334299276436914}","[0, 1, 2, 3]",[],1,0,1,1,0.0,a71e2abc46096f7718b29969f4d58c188aae71ab0ae6b9b813bfb61e30927f35,4d2895ed88d5f92da064622086a608bb33f4ebe52a6414d2ac8776b628a1fe11,"[""proposal_created"", ""proposal_committed"", ""v1_challenge_sampled"", ""audit_rejected"", ""recovery_recomputed"", ""recovery_audited"", ""recovery_verified"", ""committed_once""]"
15,trust_v1v2,1,A1,1,0,1,0,0,1,V1+V2,68.44,0.0,0.1,21388576763019075549757352389234089980,2b13e00f034687df38eda292aabf4504acc641ebe2bd4aa58df569ff1a9b418d,1,"{""0"": ""3f51b3897a16a2b292e366947c6c2b1ca19a19100daadb4f164ced35c0a2d44b"", ""1"": ""666fb0061db32c04ffe3523e6fad5624d2fc4ff37a0addc2372dfe1e822105e1"", ""2"": ""57822a0ab1b0ff089a42eac596dc4f35b5fe5d4b057c2035ed057f4701f4e9a3"", ""3"": ""bc822b07c349528bcfb3876dd75df209c0f9f794b9627408b5a479ba2ed98ea6"", ""4"": ""2857524ee73f49c6fab4a1331f774e9f8e089255328a3668709335b4686a035b"", ""5"": ""dcd3aab54ba8a7302e5bd7e91d34ee45146a8cdae5a79ffae10565408d01c1bb"", ""6"": ""b42c1ba043d3ef19f56299c52529d0251d29c3e837b0c5fa4e8fcd950e03994d"", ""7"": ""7416da2256feeaa7b67a4d00d8292e7cde9da3887c49bc4caa1617908501bbc1"", ""8"": ""e06c3904735f533c3595ca20853d7322730b077b52cd8a8c43119f97adc90f3c"", ""9"": ""b7b5113d80f54895366e18b36069cf5545233162bfa42a0004d1567742930550""}",d0fb5aede24891d6cc67f966e826168ad0604a97e1a6f01ed90d6a3b6efd5462,1,1,1,0,3.250238342031145,0.0,"{""0"": 0.75, ""1"": 0.75, ""2"": 0.75, ""3"": 0.75, ""4"": 0.02899849115577683, ""5"": 1.5417520353802674e-07, ""6"": 0.04549723552283808, ""7"": 0.6709210287836191, ""8"": 0.2168360414007368, ""9"": 0.03772506753308558}","{""0"": 0.1875010303851345, ""1"": 0.1875010303851345, ""2"": 0.1875010303851345, ""3"": 0.1875010303851345, ""4"": 0.007249662628429821, ""5"": 3.8544012697623795e-08, ""6"": 0.011374371386943045, ""7"": 0.1677311789386441, ""8"": 0.05420930824969578, ""9"": 0.00943131871173644}","[0, 1, 2, 3]",[],1,0,1,1,0.0,4d2895ed88d5f92da064622086a608bb33f4ebe52a6414d2ac8776b628a1fe11,04c0bec1546940e64c834db730b1564ea0f4d6473bc0d68f0eaa800bae245ad2,"[""proposal_created"", ""proposal_committed"", ""v1_challenge_sampled"", ""audit_rejected"", ""recovery_recomputed"", ""recovery_audited"", ""recovery_verified"", ""committed_once""]"
16,trust_v1v2,0,none,0,0,0,0,1,0,,68.42,0.0,0.1,304646133836316922647192604381906881123,b8003e16615e1001f382d3c167c9af06dc2376244c61a28fbf15f2e4f8d9d453,1,"{""0"": ""c745c5394394837e4e66a80050dc24749628f05c89d01bb74b834bef3a7dcb62"", ""1"": ""d1928a883a452f4f8d0010181bc727fd20f1d14dec7d81cb1da17a6bcf38bb62"", ""2"": ""f09cc643ddf2866a08019c0e75aa3583f36e9a249b0be1692e0c07bc4cf5b4bd"", ""3"": ""a0839e716721a189225b1e1aa2c79093a164efc20fdc08fbedb30a8491aa0681"", ""4"": ""80ef1d5eae5be6f099cbd055c265a028b38c210fe7da0f54f00276798d21c7f3"", ""5"": ""4c5c4594c151df4b1c0a67dcb2374ffe599b9a93101aa5eeac50a96e7e1a6179"", ""6"": ""345bf1d2b6569ee5b5586715a7fb260e1d4400eaed3877e88bb8aeec47eb34e1"", ""7"": ""f89e576d78148d768999202f1fe410ebbaf00e36e3ca407f705649fd00e0df40"", ""8"": ""14e027b81671517d0f9c2abf1ac41c4d573134a43586f947c5e7af6a3d94fe2a"", ""9"": ""8c26d80b7225f74df545a24bbb368ecc6f50882d1ee7645f1d81d5ca4a5cd113""}",,0,0,0,0,0.0,0.0,"{""0"": 3.5539570153640397e-06, ""1"": 1.4937894286881024e-06, ""2"": 1.5459033387403931e-06, ""3"": 7.788392251749499e-10, ""4"": 0.010262975846012122, ""5"": 4.625256106140803e-08, ""6"": 0.09744542545468295, ""7"": 0.7377865357577666, ""8"": 0.12725813404303304, ""9"": 0.02724028821732212}","{""0"": 3.5539570153640397e-06, ""1"": 1.4937894286881024e-06, ""2"": 1.5459033387403931e-06, ""3"": 7.788392251749499e-10, ""4"": 0.010262975846012122, ""5"": 4.625256106140803e-08, ""6"": 0.09744542545468295, ""7"": 0.7377865357577666, ""8"": 0.12725813404303304, ""9"": 0.02724028821732212}",[],[],1,0,0,0,0.0,04c0bec1546940e64c834db730b1564ea0f4d6473bc0d68f0eaa800bae245ad2,10f49b584e91a5592372c80428a049cb795fb0a3e2c3ef036003843ba5002248,"[""proposal_created"", ""proposal_committed"", ""v1_challenge_sampled"", ""audit_accepted"", ""committed_once""]"
17,trust_v1v2,1,A2,0,1,0,1,0,1,V1+V2,72.07,6.178436151460469,0.1,85267711370650154232874752210948201813,f7cc38d033bdfeb3d60369f0fde40c26c4514a2a0015403c0cc063c1d9a9ff61,1,"{""0"": ""468e2a9f207c08b148b1e6941730c75beed2ac0041e6a9ba51c21682c531003a"", ""1"": ""57de8a43cad8157a63398938462517eeeb34b35b582abdff4d2dcabfa18cafbc"", ""2"": ""4cb8e03ec9dc368a4720e120524d5948065e1627ac146bdbfad3c7ef06301322"", ""3"": ""b2be8f7850d0fd0bbf013c88748058e35420f9c4b4264c8fca2d34a8b254117a"", ""4"": ""f6c6e7c0506e911c98cf05fa011169e7130c4dfed6bf687501bb458bd34589e8"", ""5"": ""dae1be9b566e0329dbd3d8d51e348f1080c9d4b7855a145dee8266296f22e444"", ""6"": ""fd5c28016a242c63c4e91ade0a17cc33488eda367fb30430c60cefd7572e27dc"", ""7"": ""c6bd6cc49a0442ec420c52975e87d6822067e7f03c197a2cf7d484f841103b1e"", ""8"": ""e0a646de6c8ae648e6b2a8fd42da4f36f03256ae0a6cce1e4ff56fa58bd79a8d"", ""9"": ""baf56fa8aaf30a3571c6a1ac98aba39f2294e8adf416de2a4c4351d53eb73ac0""}",33049ad2cbd6d1ab10b4ff10b381a4ec103766b2d4ed555259986860cfa846c6,1,1,1,0,2.5579079246660226,0.0,"{""0"": 1.066187104609212e-06, ""1"": 4.4813682860643077e-07, ""2"": 4.63771001622118e-07, ""3"": 2.33651767552485e-10, ""4"": 0.00911804968778732, ""5"": 1.3875768318422411e-08, ""6"": 0.14891444561313458, ""7"": 0.548452128918564, ""8"": 0.2821412317761147, ""9"": 0.011372151800044517}","{""0"": 0.1250005330935523, ""1"": 0.1250002240684143, ""2"": 0.1250002318855008, ""3"": 0.12500000011682588, ""4"": 0.00455902484389366, ""5"": 6.9378841592112055e-09, ""6"": 0.07445722280656729, ""7"": 0.274226064459282, ""8"": 0.14107061588805736, ""9"": 0.005686075900022259}","[0, 1, 2, 3]",[],1,0,1,1,0.0,10f49b584e91a5592372c80428a049cb795fb0a3e2c3ef036003843ba5002248,3d161c0de63c9dc15bd4ec85259abb2361003056d96a4c8b033be64ec6105ced,"[""proposal_created"", ""proposal_committed"", ""v1_challenge_sampled"", ""audit_rejected"", ""recovery_recomputed"", ""recovery_audited"", ""recovery_verified"", ""committed_once""]"
18,trust_v1v2,0,none,0,0,0,0,1,0,,76.89,0.0,0.1,67391326806540855766778845967973433574,b14e391fd8313d870b9a933f27434e6ceb85e28dd8f728af84d5758bcc0e17f4,1,"{""0"": ""ce00996cc8bedf9edc8688793288a8e0943999b8537c92d9e86f9685f07b06b9"", ""1"": ""b17d89658650d7b03a9c083a0fa3fe2b127d05211ec0d977c927a7e3f6b0dbab"", ""2"": ""0081e908fd987dd5ce5be5cfe8ce698169acacdee1142de16b54d5d1c7205f3d"", ""3"": ""d435760c4e5e2f1bfaa7934e776aa163acd9402450924c3df044c207c39b3708"", ""4"": ""985e9f0e3181bc9551a4f8d9d689dec76aa665ee8aaef7b386a523332130240c"", ""5"": ""2dcbd93d7ce745fe331fc27300aeb6ec0044a0f66d8bbb2e2c1a096f1402beaa"", ""6"": ""bea74bcc435103699f51d31a1d0a88eb911c7d0ad20bc4b53304eda8ecce6198"", ""7"": ""031ea42d89523558b6d3e7623877461fb85cf66725a273fc389267b56720125a"", ""8"": ""dc149648459efe48f933004941f499265cdcdc770572128b4ede01c97e83ddbb"", ""9"": ""f8201d8e89e2662415f282efe2091ecdd341d531a5613b869bada323928dd2b6""}",,0,0,0,0,0.0,0.0,"{""0"": 3.198561313827636e-07, ""1"": 1.3444104858192923e-07, ""2"": 1.391313004866354e-07, ""3"": 7.00955302657455e-11, ""4"": 0.01704045099859984, ""5"": 4.162730495526723e-09, ""6"": 0.1313948377704666, ""7"": 0.4608560085035346, ""8"": 0.3809627393607998, ""9"": 0.009745365705292502}","{""0"": 3.198561313827636e-07, ""1"": 1.3444104858192923e-07, ""2"": 1.391313004866354e-07, ""3"": 7.00955302657455e-11, ""4"": 0.01704045099859984, ""5"": 4.162730495526723e-09, ""6"": 0.1313948377704666, ""7"": 0.4608560085035346, ""8"": 0.3809627393607998, ""9"": 0.009745365705292502}",[],[],1,0,0,0,0.0,3d161c0de63c9dc15bd4ec85259abb2361003056d96a4c8b033be64ec6105ced,19577e52087cf3e22f8862dc2bdc17b24b2abdb7a2fdc52780991d0d00bdb28a,"[""proposal_created"", ""proposal_committed"", ""v1_challenge_sampled"", ""audit_accepted"", ""committed_once""]"
19,trust_v1v2,0,none,0,0,0,0,1,0,,75.54,0.0,0.1,13379659259407611546582534359247132322,45bc8c999e0d3ca5bd966ed0b72ef67ce6d84be9ffbadbcfb426ad7603fe93d1,1,"{""0"": ""8bceb3b20b681d3deda202ad86fe7dd6f470d9c6f00f2705c42f5845fc5fc4bb"", ""1"": ""98de3b72aee9a71569a8774bb9b5e56312d223f0c96c4a3d7a4f8948f69120da"", ""2"": ""aba4c48e6d3c2078c157c1f985732ea9ec5590070864783ac2ed0082fd9f78d1"", ""3"": ""cc1445966c755c930bee400146902c438c0d760d58ee5deaccacc049edbb7bee"", ""4"": ""b0264e896fb79823157a5064951fa5367c2963cb5de8c13888064de117664ad7"", ""5"": ""95b462fe1122aa814593f620388a68fa5c15b56f1cdd7a7e149cf14140bb05b6"", ""6"": ""4ed33e28bdf421064748aa20f7e9cad240f1e659c8ae50f30ee7bcff3c216010"", ""7"": ""a3a8d47e1c96c5a565b3c7d23722de48811a1ebea27e911377018c9d05a0621f"", ""8"": ""1a979932d2d81d921ba61f17ff5e2a8e534da0cba2f6220db6f4bed6e1d7a5b1"", ""9"": ""21cc1ef6a4342b04fa5b63172bd1004183f7071b272de2497a0d5403c5666556""}",,0,0,0,0,0.0,0.0,"{""0"": 9.595683941482911e-08, ""1"": 4.0332314574578785e-08, ""2"": 4.173939014599063e-08, ""3"": 2.1028659079723657e-11, ""4"": 0.010791179605856757, ""5"": 1.2488191486580173e-09, ""6"": 0.14601988229349536, ""7"": 0.4991118865418927, ""8"": 0.33411192545320667, ""9"": 0.009964946807156679}","{""0"": 9.595683941482911e-08, ""1"": 4.0332314574578785e-08, ""2"": 4.173939014599063e-08, ""3"": 2.1028659079723657e-11, ""4"": 0.010791179605856757, ""5"": 1.2488191486580173e-09, ""6"": 0.14601988229349536, ""7"": 0.4991118865418927, ""8"": 0.33411192545320667, ""9"": 0.009964946807156679}",[],[],1,0,0,0,0.0,19577e52087cf3e22f8862dc2bdc17b24b2abdb7a2fdc52780991d0d00bdb28a,0c3ba92e792003fed75b8a0a8d579e9538eb5f55e389d4d57dea32528cd9e3a4,"[""proposal_created"", ""proposal_committed"", ""v1_challenge_sampled"", ""audit_accepted"", ""committed_once""]"
20,trust_v1v2,1,A2,0,1,0,1,0,1,V1+V2,69.4,4.389968929587255,0.1,28366964300872423270131016240432668582,c9918e60bb975a34a264ea7646dae094d26da89c74dbcc27534b1d1f03133bde,1,"{""0"": ""4ec3d5d3d0960d473a90013d2bfbca6ef374330785697e48b729cdda9b0efcd6"", ""1"": ""bbec0e15da4c5e745f3be8a6c2d4447eab9de0d91ae7479fb001883934c476cc"", ""2"": ""fcdfc5ea9b775897cc5286807d890ce30e9409e80331fdb51f29c2b5fbcc6ac4"", ""3"": ""8dca7af6d16cebb967734967a45410b92e3638f01ff1d99d7c79a84e796d7d4e"", ""4"": ""d8b215c93432722b2d8814c8602470b0acb7439d447a6bb6e52f5406512be0ce"", ""5"": ""c8d70fb2195922bba571395956db30b443132fb203dc72afa073a476093885c3"", ""6"": ""1832690066b141146436834f20526716a3fa3b9dacb94d4894d10141a6d748a6"", ""7"": ""73bb4b1997dcfc06d434ffe6799e2cc0f2dc6cf9f85d5978047bc0fa7a6dafa3"", ""8"": ""fc387bd9850e355bacd44bc974a8f2ca5cff792d53185d2965c8bf326fb62625"", ""9"": ""1022afe773d2bc1ede0b6b69281680d29b3f0b7d91e7ab3499bd619d276f072d""}",679c5374f32dff8f80cdc8e36528849cbc6f9b16a9f307645b52195f9d40f26a,1,1,1,0,2.353406902454645,0.0,"{""0"": 2.8787051824448737e-08, ""1"": 1.2099694372373638e-08, ""2"": 1.2521817043797191e-08, ""3"": 6.308597723917098e-12, ""4"": 0.03501055525301263, ""5"": 3.7464574459740526e-10, ""6"": 0.07954095783315755, ""7"": 0.7043287146150201, ""8"": 0.17518815578932218, ""9"": 0.005931562719969969}","{""0"": 0.1250000143935259, ""1"": 0.12500000604984718, ""2"": 0.1250000062609085, ""3"": 0.1250000000031543, ""4"": 0.017505277626506315, ""5"": 1.8732287229870263e-10, ""6"": 0.039770478916578776, ""7"": 0.35216435730751006, ""8"": 0.08759407789466109, ""9"": 0.0029657813599849843}","[0, 1, 2, 3]",[],1,0,1,1,0.0,0c3ba92e792003fed75b8a0a8d579e9538eb5f55e389d4d57dea32528cd9e3a4,1710b207e44f00769179f97ddd0a92d21d6e4d413ef89f39ea5771b850b1820d,"[""proposal_created"", ""proposal_committed"", ""v1_challenge_sampled"", ""audit_rejected"", ""recovery_recomputed"", ""recovery_audited"", ""recovery_verified"", ""committed_once""]"
21,trust_v1v2,1,A1,1,0,1,0,0,1,V1+V2,78.11,0.0,0.1,310783105970621678440504096559108100973,4d98137dc1217b2c3c971bb1608ce2213a44f77e9d6d2bdfb97de3f93b39a8d6,1,"{""0"": ""5c6b1ac5c0ef6894f731b4e646f9a85cd18aa12f4b82b5b21861e097a871a4ed"", ""1"": ""8589e77366a344ec4b97258dd8a2db1470ce3291232ac380c12213bf7fe56196"", ""2"": ""9a9cd42e74ed6540661daeb8dab7f29f1981801662f509c0a9f6b062103a50d3"", ""3"": ""894f89fd02de378b617944f72d7788dc643614462499ed1716ff97483d56a397"", ""4"": ""84057e243dbe1f6548aedee94416fdb094673e3ffd7d45612e1196c10294e8fe"", ""5"": ""971d68b255cc0ac613e675eef41e608b1074b1be3dd12090c525ae3643f68014"", ""6"": ""ec33504d0e94c952195d219abe730c163ce1e069cf138bdaf7c2a5824d67811b"", ""7"": ""252f7080b01e7fff3012cf2c6563f310db2e300472c066933ae15dbebc867639"", ""8"": ""e661a23b5b174646b1bdb6b64a138fc33484f14b014b8e5aed71bfc1bf43704d"", ""9"": ""ca7ee0fd4c3d8d7394e8403532bb1e8789cff0bfea2eaa6699854b0cec75fba9""}",4531c7d8d84e78f87862612f68563ec73882834102baf399f29e0fdccc9aa508,1,1,1,0,3.257163904424473,0.0,"{""0"": 0.75, ""1"": 0.75, ""2"": 0.75, ""3"": 0.75, ""4"": 0.014704570063831683, ""5"": 1.1239372337922157e-10, ""6"": 0.3629572365356619, ""7"": 0.211298614384506, ""8"": 0.39165139592251125, ""9"": 0.0193881669566337}","{""0"": 0.18750000075114664, ""1"": 0.18750000075114664, ""2"": 0.18750000075114664, ""3"": 0.18750000075114664, ""4"": 0.003676142530684972, ""5"": 2.809843095737095e-11, ""6"": 0.09073930949742763, ""7"": 0.052824653807748166, ""8"": 0.09791284937287799, ""9"": 0.004847041758576234}","[0, 1, 2, 3]",[],1,0,1,1,0.0,1710b207e44f00769179f97ddd0a92d21d6e4d413ef89f39ea5771b850b1820d,75d7d46db6cb602bac896395347e40cb905398e8e307429a532361d0d27d1912,"[""proposal_created"", ""proposal_committed"", ""v1_challenge_sampled"", ""audit_rejected"", ""recovery_recomputed"", ""recovery_audited"", ""recovery_verified"", ""committed_once""]"
22,trust_v1v2,1,A2,0,1,0,1,0,1,V1+V2,74.9,0.15106486258425122,0.1,187665095047053503175336679080634410446,6eb085cb122717e896d0041ad3604609c319c0ff6eb2c537ea8983e47932cca5,1,"{""0"": ""0fb924f78bacc72394d19e1df46a0c04b3754780a07494fd987dd620789f884d"", ""1"": ""eb3c349c687d114c62a7f818faeaf1328656f84b489b4d4f64230e609de6ccb0"", ""2"": ""eebb09b01f55f9b0cf59d7ce7c26ba23f9f9a0d0e080f377a4954378b236cfc3"", ""3"": ""a2e09b188ccd1c441ae2fc2dafb2710f16119822a3ae5fb8ac1e652fde57fc4c"", ""4"": ""e1d590a0e5f41b8ee11ed6b8389183ba0f5ad4f7785dc6ca7ae1b48209b5cc93"", ""5"": ""20fdb915a7efb0427bc24c4e5a7fd9a4b76997135e186ac15cff2eb690c50762"", ""6"": ""81fcd273483db4acf0455c3e9dd97050176639889496db580a59c04b81af7deb"", ""7"": ""e28f1832d7866a9bc53d825e6225c41edb003963bd9c2ef8f194dce142f315e5"", ""8"": ""e5f7ca7af58724eb3029acb498ccac7a9d6e4ac6e0472f58e2d04ec1780d58c5"", ""9"": ""77478e9b61673774d554a9f0bf58beda7d24bee226c1bb94d0d67540e927c8f5""}",8859f2a57b5f3655538ffcfe580b85fd8201b50e9c398068d0c74edbc29de2e0,1,1,1,0,2.4535370520468827,0.0,"{""0"": 2.5908346642003867e-09, ""1"": 1.0889724935136274e-09, ""2"": 1.1269635339417472e-09, ""3"": 5.677737951525388e-13, ""4"": 0.3310026632654793, ""5"": 3.3718117013766476e-11, ""6"": 0.1088871709606986, ""7"": 0.436798292069022, ""8"": 0.11749541877675339, ""9"": 0.005816450086990111}","{""0"": 0.12500000129541733, ""1"": 0.12500000054448623, ""2"": 0.12500000056348176, ""3"": 0.12500000000028388, ""4"": 0.16550133163273964, ""5"": 1.6859058506883238e-11, ""6"": 0.0544435854803493, ""7"": 0.218399146034511, ""8"": 0.058747709388376694, ""9"": 0.0029082250434950556}","[0, 1, 2, 3]",[],1,0,1,1,0.0,75d7d46db6cb602bac896395347e40cb905398e8e307429a532361d0d27d1912,8bf8d7ab41a695b0654f9436a1e80114725edc36730bd2f5104d50f464100327,"[""proposal_created"", ""proposal_committed"", ""v1_challenge_sampled"", ""audit_rejected"", ""recovery_recomputed"", ""recovery_audited"", ""recovery_verified"", ""committed_once""]"
23,trust_v1v2,1,A2,0,1,0,1,0,1,V1+V2,78.14,2.81124759947343,0.1,278890042358131037725630184752187779334,12772c81c11b4b6306d861873c2a8c8171136f2783aaf69742d266bcb2d56672,1,"{""0"": ""3ac85d0a68958d26754a3dc72e7d114358fe5d2d00c85c90680ed2e0d787931d"", ""1"": ""8d7fbe1420b51115bf933ef7eca42ab2bac860d81b4ac089ca78f3bb33a5e71a"", ""2"": ""7453aa3c2a4c58430d1bfdf602f57f7c1f99fdcce399ed595dfd4981d4b71ecc"", ""3"": ""7fbe8963fa86b8297a15748b63658eb91e3fcf4a8283c7986afc888bf1485472"", ""4"": ""5eb05525bd7ee098058a0481768a79a805784aa2119bdd42f5f0ccc74f3555f4"", ""5"": ""9f39877602918566cb1393cf9f1bf0eae12e824f74f43bbbf7af27412e3c85f5"", ""6"": ""bff44d069f411bf346b1ee2bf7aeef73bd7888453bc078d7250040e2503a953e"", ""7"": ""b59a8ff365dce3a63922f8066f85641e26a09590bc1b4ab22c77c112ff230bd3"", ""8"": ""6a676257fc02a29bfe59617df89407dec06b1daff2791bd51d373cde44dd2040"", ""9"": ""ea55633254ca9df398bf47ac86d2b23a91215044f3c6317b8129c845fb9309f1""}",838432bb9d59286ab423126ae0a3a74fd4701e73f35ed7e2a15de5b82e642a0b,1,1,1,0,2.8817767316157212,0.0,"{""0"": 7.772503992601162e-10, ""1"": 3.2669174805408834e-10, ""2"": 3.380890601825243e-10, ""3"": 1.703321385457617e-13, ""4"": 0.0993007989796438, ""5"": 1.0115435104129946e-11, ""6"": 0.03266615128820959, ""7"": 0.1471570703250421, ""8"": 0.3771898342808583, ""9"": 0.3436861436739293}","{""0"": 0.12500000038862522, ""1"": 0.1250000001633459, ""2"": 0.12500000016904456, ""3"": 0.12500000000008518, ""4"": 0.04965039948982191, ""5"": 5.057717552064974e-12, ""6"": 0.0163330756441048, ""7"": 0.07357853516252107, ""8"": 0.18859491714042917, ""9"": 0.17184307183696468}","[0, 1, 2, 3]",[],1,0,1,1,0.0,8bf8d7ab41a695b0654f9436a1e80114725edc36730bd2f5104d50f464100327,2802339fa3239f2b89636b8bb6f3ed05612c2822e0ba47c7c9be10bbe67325fc,"[""proposal_created"", ""proposal_committed"", ""v1_challenge_sampled"", ""audit_rejected"", ""recovery_recomputed"", ""recovery_audited"", ""recovery_verified"", ""committed_once""]"
24,trust_v1v2,0,none,0,0,0,0,1,0,,71.92,0.0,0.1,302801824186829711477108234239923490775,94daae1e60604fcedd274185822d1346ee66303e60ef0ef86cad07394a921f4c,1,"{""0"": ""3d8b9c76752803f537b2f02dd023296e732a354100d4a0e3bdc96f7d640caec1"", ""1"": ""d24e6b46d550e8eab819157990aaa067defe22464995610226c3dc98e208920f"", ""2"": ""09f723607dde1fd778ae960d10da2de6425c626fb64c2c81519a04a642ed32dc"", ""3"": ""e7070566676a70ee4bebce4d5950d9233a155e2b8dbbfabda467ffd88741df15"", ""4"": ""d41b56e4779fc374f4034758f27b67fa0dad7c54ae763596ad67d3577d7d2f2c"", ""5"": ""9851457fcf28df4c246f7dbdccca683c6103618b999a1e115a2594e0bdd45657"", ""6"": ""20e49516e81e39606729e22aa999e7678db470837315205a99e34cbc7c01281b"", ""7"": ""3241bde8a3f871e2f15d5914c78865240ca84aca666377f0c1b316bc706263d6"", ""8"": ""dad090128ac331d8f61a66238349e2c51f7a6393794a6565af525c61a5fbe26d"", ""9"": ""bcda12bb3b381b3ecd599259f96aa9e2e8b20b731a0b629df5bbb6d23ed663d8""}",,0,0,0,0,0.0,0.0,"{""0"": 2.331751197780349e-10, ""1"": 9.800752441622652e-11, ""2"": 1.014267180547573e-10, ""3"": 5.1099641563728516e-14, ""4"": 0.029790239693893147, ""5"": 3.034630531238984e-12, ""6"": 0.009799845386462879, ""7"": 0.7441471210975126, ""8"": 0.1131569502842575, ""9"": 0.10310584310217881}","{""0"": 2.331751197780349e-10, ""1"": 9.800752441622652e-11, ""2"": 1.014267180547573e-10, ""3"": 5.1099641563728516e-14, ""4"": 0.029790239693893147, ""5"": 3.034630531238984e-12, ""6"": 0.009799845386462879, ""7"": 0.7441471210975126, ""8"": 0.1131569502842575, ""9"": 0.10310584310217881}",[],[],1,0,0,0,0.0,2802339fa3239f2b89636b8bb6f3ed05612c2822e0ba47c7c9be10bbe67325fc,73b2bf85e6744eef563c59d953537d73410856f6717ada2d729ab4850ee70490,"[""proposal_created"", ""proposal_committed"", ""v1_challenge_sampled"", ""audit_accepted"", ""committed_once""]"
25,trust_v1v2,0,none,0,0,0,0,1,0,,80.0,0.0,0.1,136200649303010663061333099402512834882,bd0c549097f4e55fc99d872ad8c6ebc3191edacce3f8b443f4bf4025d2b46fd9,1,"{""0"": ""c54b04d345e474e9109f61d716b3c94fa885af96341d2e8d325c61e69d11e8c9"", ""1"": ""36abff57cac0855dce1881210081bb5bdd8255a93b06a53a163591b90e4d1277"", ""2"": ""e401e89a0ad2dc636b427a5802aef2ef972f5481fc4f474119dd7dbb596ddc0e"", ""3"": ""8493dbaf620ab441be2cf3ae2ae99ae1250e081d9cb605c75779027f4fbd007f"", ""4"": ""c47fd31dd6cf64d592c5653d8a993f164f38643fd238580efaa56a8ed22fa69a"", ""5"": ""4ed60db4ba65ee661871dc93ac11bc5b3d09505a77d8f497413817b46522b265"", ""6"": ""e24d5d39f0998ac7dbf9543cf3378efb72b9bab776a8ee8491baf302cda04e40"", ""7"": ""94a24ab6bc92b17f9792fe0685f8d1562ae6515093da755599828c4273492a70"", ""8"": ""8922fb07ed4ccbaff5393b9c31f0edcb03395ee799164634e2ffeb747b0f1515"", ""9"": ""1e559ffe5611aeb5877918333dc64bee398edb6725f76c2ced95a6581982682b""}",,0,0,0,0,0.0,0.0,"{""0"": 6.995253593341047e-11, ""1"": 2.9402257324867955e-11, ""2"": 3.042801541642719e-11, ""3"": 1.5329892469118554e-14, ""4"": 0.03632184679050938, ""5"": 9.103891593716953e-13, ""6"": 0.3392475661747681, ""7"": 0.22324413632925375, ""8"": 0.3702546976441065, ""9"": 0.03093175293065364}","{""0"": 6.995253593341047e-11, ""1"": 2.9402257324867955e-11, ""2"": 3.042801541642719e-11, ""3"": 1.5329892469118554e-14, ""4"": 0.03632184679050938, ""5"": 9.103891593716953e-13, ""6"": 0.3392475661747681, ""7"": 0.22324413632925375, ""8"": 0.3702546976441065, ""9"": 0.03093175293065364}",[],[],1,0,0,0,0.0,73b2bf85e6744eef563c59d953537d73410856f6717ada2d729ab4850ee70490,6236d7d9eef265c68835a2982bdfcad078c6e29a3c22482e1cc1ed4510f370ad,"[""proposal_created"", ""proposal_committed"", ""v1_challenge_sampled"", ""audit_accepted"", ""committed_once""]"
26,trust_v1v2,1,A1,1,0,1,0,0,1,V1+V2,74.64,0.0,0.1,11619834879353322060046074819191455315,0717b1735ccca408b0bcb3e3f36536a269db49182f9f5a8bf16e4dbbc83f48a6,1,"{""0"": ""df15cdced181e8c5a20c8d790d3a976420a0d298b93db74cffcdf52d7d8766ac"", ""1"": ""8ba95627f5a78d01850362e5ef18b15345815c6feb8bc6e205aad0f6965df1b2"", ""2"": ""99596e00065bc1b0465dfa147db5b470a011c75601a53704eabb9478cf827476"", ""3"": ""7c4b4c81adfe049b205e5574297f4d19ba8afd894deceb8292901d5203c8e48e"", ""4"": ""560bd9d9b60e8a1300176fafd3eb315e3dbe8fa706b0ae5bdc0672b09abe0f37"", ""5"": ""56b62f14a01d200ccc89ea6bf2e950e4ee90cdd091033a0ee50a3012be9494be"", ""6"": ""622720d7fd38d94948b3b8fa1927189b9589869effcc4be4c724ac525f150be9"", ""7"": ""444d117ffbd1413f2027746d968eb8d6e0545f9d3d5cfd333e20dfcd03bb7834"", ""8"": ""3f538552b5c28df52abf39fbc555c2a087964aa525333ba9b5bd77c425d8e853"", ""9"": ""71089b950a67cfb6bb55474e3300c6b311f669d3601bdba4a329ad91dd344781""}",a4aa6bab4ecece973f4f4ac81cc9b9342a25dd36287f7fc2f42d91aa2e27db19,1,1,1,0,4.06459182333375,0.0,"{""0"": 0.75, ""1"": 0.75, ""2"": 0.75, ""3"": 0.75, ""4"": 0.3608965540371528, ""5"": 2.731167478115086e-13, ""6"": 0.10177426985243045, ""7"": 0.41697324089877613, ""8"": 0.11107640929323197, ""9"": 0.009279525879196093}","{""0"": 0.1875000000018253, ""1"": 0.1875000000018253, ""2"": 0.1875000000018253, ""3"": 0.1875000000018253, ""4"": 0.09022413851016653, ""5"": 6.827918695354184e-14, ""6"": 0.025443567463355302, ""7"": 0.10424331022570883, ""8"": 0.02776910232357832, ""9"": 0.002319881469821607}","[0, 1, 2, 3]",[],1,0,1,1,0.0,6236d7d9eef265c68835a2982bdfcad078c6e29a3c22482e1cc1ed4510f370ad,52ca525fd5cc101d51a51eb7fb464035655f335efe8c2eca6ebfd28dc042a163,"[""proposal_created"", ""proposal_committed"", ""v1_challenge_sampled"", ""audit_rejected"", ""recovery_recomputed"", ""recovery_audited"", ""recovery_verified"", ""committed_once""]"
27,trust_v1v2,1,A2,0,1,0,1,0,1,V1+V2,77.43,2.786895436263059,0.1,175006873865655957648268767425345466068,f4378163a774ffd71e8eaf578db92311e2866009bf37a190d0c96b27cd59fd90,1,"{""0"": ""c23971a319811c011ad56fb9cc8576754f1f224c9a5140013e6189440eafe8bb"", ""1"": ""86aca139d21a9c0311197bf6499c3a67bf1a862b85e149bda8fd912dc1792dfd"", ""2"": ""82b2e211fc26cab26e175016e958266f61076793a8f1626820916c5b56b58d15"", ""3"": ""3ff1f465b7db12de03383c13ded3c37dc0a90a5f1aa8faf40c74e6e713126ce6"", ""4"": ""3b36cc11f3990e7ce4868ed36f4e5d38233e695783fd5c72afb238c3b6854edb"", ""5"": ""ede23f9f7ad53d168a577fe5d5b244ad118d561054a44a43c7623399826278f3"", ""6"": ""d9e93335440b6d36a9c412e1d6f7fd8ae14ddd884d9d2f3b15bb43325004abb0"", ""7"": ""47305601168b35953724a4908021fc18b038718259eb463a9745ac4bc17806df"", ""8"": ""364dec7597b47b971bf643783d766950a41871fa59b0a1fd56041d8ea154d3ef"", ""9"": ""c3815eea68c055bb9506f749498baeab9a782c62fac8da950d64fb1682ac62f1""}",9985859588c5d6f57e7569d9fabbc8ae65c21263e5957b28f85d36b4aa8c95a4,1,1,1,0,1.21461917907323,0.0,"{""0"": 0.07000000000629572, ""1"": 0.0700000000026462, ""2"": 0.07000000000273851, ""3"": 0.07000000000000137, ""4"": 0.17826896621114582, ""5"": 0.07000000000008193, ""6"": 0.10053228095572912, ""7"": 0.19509197226963282, ""8"": 0.10332292278796958, ""9"": 0.07278385776375883}","{""0"": 0.16000000000314787, ""1"": 0.1600000000013231, ""2"": 0.1600000000013693, ""3"": 0.16000000000000072, ""4"": 0.08913448310557293, ""5"": 0.03500000000004097, ""6"": 0.05026614047786457, ""7"": 0.09754598613481642, ""8"": 0.051661461393984795, ""9"": 0.03639192888187942}","[0, 1, 2, 3]",[],1,0,1,1,0.0,52ca525fd5cc101d51a51eb7fb464035655f335efe8c2eca6ebfd28dc042a163,5a08bb944d9d015c2f4d315968d64049cbf2fbf401148f56c81b51ab032d797a,"[""proposal_created"", ""proposal_committed"", ""v1_challenge_sampled"", ""audit_rejected"", ""recovery_recomputed"", ""recovery_audited"", ""recovery_verified"", ""committed_once""]"
28,trust_v1v2,0,none,0,0,0,0,1,0,,10.63,0.0,0.1,273773041406818350134549699506764651368,2c1df9e4c5fa5063e38a6883841647e95218602caaa93cb5d4c70152875d0ead,1,"{""0"": ""27d7a02b6cf31a52003a1dd649ce0f7fe73f8a9ed0142be34f2206ba0238b408"", ""1"": ""b8eb0de83f70811dd0f83328b9eba1abf5285d1481f88a165fd0a61bccfb7cb5"", ""2"": ""8339e722c5b59984694c156b6e8c408293ec13af878e85e7e67884fcaf6001f1"", ""3"": ""e5693213644f8b63d982aeca592c8904e788649f20e6ed6f5898c2f76abb2ebf"", ""4"": ""61238eb4d9d3a41a2f4a5675ff3c0dc03bdb6d11ac4a444a27f29459c124a14f"", ""5"": ""219898a8d432e9f91e75f330c939f596bb825e74ab622d926fad6d83f368ae73"", ""6"": ""76404e6510ee8d1716e4e6799851ca220b33b1d39488e7c5aba9a93dfe07684b"", ""7"": ""865f89749505a5686b6c40df746394d0fc155bd566222895eeeaec7ab55d407d"", ""8"": ""685283b39a65e6ac89f06bbd1d4ec485b3198bf8a208c81f6185c4392387d5d3"", ""9"": ""035e4cd7dceab8c775019994e2dd6317c1d4e9710c80286772f298e231502635""}",,0,0,0,0,0.0,0.0,"{""0"": 0.02100000000188872, ""1"": 0.021000000000793863, ""2"": 0.7210000000008215, ""3"": 0.021000000000000414, ""4"": 0.053480689863343756, ""5"": 0.021000000000024582, ""6"": 0.03015968428671874, ""7"": 0.058527591680889855, ""8"": 0.030996876836390876, ""9"": 0.021835157329127653}","{""0"": 0.02100000000188872, ""1"": 0.021000000000793863, ""2"": 0.7210000000008215, ""3"": 0.021000000000000414, ""4"": 0.053480689863343756, ""5"": 0.021000000000024582, ""6"": 0.03015968428671874, ""7"": 0.058527591680889855, ""8"": 0.030996876836390876, ""9"": 0.021835157329127653}",[],[],1,0,0,0,0.0,5a08bb944d9d015c2f4d315968d64049cbf2fbf401148f56c81b51ab032d797a,9738cffbc5d53e3d4033a014a6475ccf4a8ac88277beda6ce5e0e990290908c4,"[""proposal_created"", ""proposal_committed"", ""v1_challenge_sampled"", ""audit_accepted"", ""committed_once""]"
29,trust_v1v2,1,A2,0,0,0,1,0,1,V2,74.91,0.0521579017747959,0.1,200597640885966969807233403522617518765,c140117bd3146f5cb8c55bf447617a8a86ba5ec01ba497c6fbee61b4ee20489f,1,"{""0"": ""cd059b1173686d04d05fa4342445d46a4fa389e02f2de7863f98b6ea7cbfbee9"", ""1"": ""dd6a10b8b2c3c8708b9b31e8fcf718e231ae6016ca49e050b4dabfa6698129ec"", ""2"": ""3998f49ad72e790946bff55baaa605be6624602c1ac059f1536b1ff563386ff9"", ""3"": ""f2d7e4d255de69dee8c5cc30eb37ee4bcb0ff3c127b9ca696a17f3e0ad95b519"", ""4"": ""7e70d61a556b8b753008ac56577efb332661c7dc1b43c8128aff65b402ca49e0"", ""5"": ""2094b00e21df269392cc95eb0e81d3967c7998c11467de7300cf9bc16a05103f"", ""6"": ""4d0ed0d344a46c5952bf6b3249590dc3b3534b64fdde63cc5242ed8380b359da"", ""7"": ""5f88cf7f7c1d994c5b5cf7e208c606fc36eab0ba0a1eccc4767cf5406addb616"", ""8"": ""20c3d869d676776952dfcb74b267073f4101c6a09f95ad304a82da5d3de0973a"", ""9"": ""3a3b5549e478c7b11cae80c546a3b00fe48dd11ef4a9af6a562e6e62d5ca1b0a""}",e2e93b049e7db0d6986cccaa54611a629f82367893c51b3e187ac328b8bd5757,1,1,1,0,0.867702782447507,0.0,"{""0"": 0.006300000000566618, ""1"": 0.00630000000023816, ""2"": 0.21630000000024652, ""3"": 0.006300000000000126, ""4"": 0.1567713757472331, ""5"": 0.05523873661674997, ""6"": 0.1497750740742456, ""7"": 0.10571086573460457, ""8"": 0.15002623183914723, ""9"": 0.14727771598696826}","{""0"": 0.12815000000028332, ""1"": 0.12815000000011909, ""2"": 0.23315000000012326, ""3"": 0.12815000000000007, ""4"": 0.07838568787361655, ""5"": 0.027619368308374984, ""6"": 0.0748875370371228, ""7"": 0.052855432867302286, ""8"": 0.07501311591957362, ""9"": 0.07363885799348413}","[0, 1, 2, 3]",[],1,0,1,1,0.0,9738cffbc5d53e3d4033a014a6475ccf4a8ac88277beda6ce5e0e990290908c4,caeb81b57c1f58dc5d38738de960e07d6adcc2fc000e311c01f38c28c346a72a,"[""proposal_created"", ""proposal_committed"", ""v1_challenge_sampled"", ""audit_rejected"", ""recovery_recomputed"", ""recovery_audited"", ""recovery_verified"", ""committed_once""]"
30,trust_v1v2,0,none,0,0,0,0,1,0,,80.14,0.0,0.1,162161674857571582880925423939879327117,392ef64293a9abb9b8eb1ef52ed05c4bd5286537d6645f7d7d7eb333e596c6b4,1,"{""0"": ""0e5d261ed5a42868bb9d68cd94a4c0a7efe49ba8c93f2fe77bf6b84dac557178"", ""1"": ""4f77caa2a20905b7390caa1eb7214d011872794c507a0b14db5f4b8ff533b286"", ""2"": ""ebf6f7466a0e95741f1e0509352bc1037fdafe8d9757bc0245dedabb25a01ef1"", ""3"": ""1e8103834f80c40aac87d5fa558f175161aafbd761c9513332eaa4bb842344a9"", ""4"": ""976fb98d7e1154eee9ac801eb44177c653709857fd8833fe00fb928dbc525ca6"", ""5"": ""36172c8aaa0eaf12a68f418b1d1c2b77ba5eb2a5c6f54c4a0de0d5c5b5601c49"", ""6"": ""ee2d5548c59b7aa57fe3d4af5d5553ed106d56d6e589453db4224b23e80fca33"", ""7"": ""741f983e081ddf08442abe2bbb7dbd2db0386d4515c75e33fe6c801bab928e67"", ""8"": ""b6d20f5b24d2d89fc19f89abea8ae08fb25fbbb9df3887389c5c331df4a207ac"", ""9"": ""9d1fd459b818b04a3326174b45b145f54df8fb9129e8199a52d1949d399acfaa""}",,0,0,0,0,0.0,0.0,"{""0"": 0.0018900000001699853, ""1"": 0.0018900000000714478, ""2"": 0.06489000000007394, ""3"": 0.0018900000000000375, ""4"": 0.21994460508895816, ""5"": 0.03934152024629984, ""6"": 0.2178457145870619, ""7"": 0.062295097703453456, ""8"": 0.2179210619165324, ""9"": 0.17209200045737874}","{""0"": 0.0018900000001699853, ""1"": 0.0018900000000714478, ""2"": 0.06489000000007394, ""3"": 0.0018900000000000375, ""4"": 0.21994460508895816, ""5"": 0.03934152024629984, ""6"": 0.2178457145870619, ""7"": 0.062295097703453456, ""8"": 0.2179210619165324, ""9"": 0.17209200045737874}",[],[],1,0,0,0,0.0,caeb81b57c1f58dc5d38738de960e07d6adcc2fc000e311c01f38c28c346a72a,b7972a6253ddceea270146f75a3388d183dfd97a3ebc17d07debc3b3311f69b0,"[""proposal_created"", ""proposal_committed"", ""v1_challenge_sampled"", ""audit_accepted"", ""committed_once""]"
31,trust_v1v2,1,A2,0,1,0,1,0,1,V1+V2,81.75,1.5432173583870104,0.1,169483945262561202625025439679501849655,90d4ca80bf8340dffed2c7a9cf82c0f8af5186f56c7354cdbac3ce9c4d4d1640,1,"{""0"": ""6674d44beb2e600396a19e1075187991d4eb4647b761a2972dc739e6a9e44a91"", ""1"": ""550ff887a3298d865c56156101abbde69d1079784492fff0fe3f85646abf2ab7"", ""2"": ""7c3a358693926127c86a76fc75d3df1ae93e716ea30b723fdccd98a669f43f53"", ""3"": ""a3afa6c5a7bb8f192b1a1c8339e94c32623e875fee73eebc12f555f76094a432"", ""4"": ""e4ee7899e9dc285532ad8c93e3808fc643bd610289b499b3ebd7ba2f95db1bc6"", ""5"": ""0a40621f37698c91326a7cba2b823f4465a8f1f1a33f549a6e0ce376239079eb"", ""6"": ""fbffc70b7703ff0ef7cf16f66dc0b83ba9f30e9f94367eccf757d4adb4043da3"", ""7"": ""2b94b66e0c937a0fed28f237b346e2ed67e1268e6cfb2e0ce67a29110351c981"", ""8"": ""6ba1d74c8c5fb9bad60551bb18be106f83c66b297d133109b386b041fdc623f4"", ""9"": ""dd908756a854ccbd939e74ede03a7e20ec7238a19d292ffb742ea226fa9662b3""}",9702b548b4008b2384d8fd565fb5b14f4d51e8f786066b4a5b932b81b10d779c,1,1,1,0,3.8292452443851586,0.0,"{""0"": 0.0005670000000509958, ""1"": 0.0005670000000214346, ""2"": 0.01946700000002219, ""3"": 0.0005670000000000114, ""4"": 0.21741290487297635, ""5"": 0.11899155498718345, ""6"": 0.21678323772240746, ""7"": 0.0711827572467835, ""8"": 0.15140442168705218, ""9"": 0.2030571234835025}","{""0"": 0.1252835000000255, ""1"": 0.1252835000000107, ""2"": 0.1347335000000111, ""3"": 0.1252835, ""4"": 0.10870645243648817, ""5"": 0.05949577749359172, ""6"": 0.10839161886120373, ""7"": 0.03559137862339175, ""8"": 0.07570221084352609, ""9"": 0.10152856174175125}","[0, 1, 2, 3]",[],1,0,1,1,0.0,b7972a6253ddceea270146f75a3388d183dfd97a3ebc17d07debc3b3311f69b0,e547efd88cf31245aa4af3fbb381b4196409a8fea2cc7bba3c75e00cc5f4630b,"[""proposal_created"", ""proposal_committed"", ""v1_challenge_sampled"", ""audit_rejected"", ""recovery_recomputed"", ""recovery_audited"", ""recovery_verified"", ""committed_once""]"
32,trust_v1v2,0,none,0,0,0,0,1,0,,66.99,0.0,0.1,78037827166597982303112848860980488597,c428438976379262afe2f26d41f922c5e71c69ed07fd96e585b09ec01410442b,1,"{""0"": ""d03dcf75eddef9d8479001e6364589bda47eb89e791653f270386e213f292ab4"", ""1"": ""11deaf3b24408ad7cc7ce377e72d15aa94a64f9f9bc8eb9caaf607585c24d635"", ""2"": ""8cc63c78cfd8eee8f005c1f7c99fec9bba10d7c5d5cce8d53a512899dc2c0239"", ""3"": ""0d16bd3cca8c14c9ca27416aef15af6f63bbdd3f2c96dda2c07cd50643eac328"", ""4"": ""fddfc74faffad3776197bdca1adbfd715c2d327196fafa6950e329f2a129ec98"", ""5"": ""6f0f5cb2629c4626358e22974e6ceecd7c9b54d7cf9d0ad281ccf0c1c5177dfc"", ""6"": ""63aa03f20cc4fc2c68ba802e844f2b2ba6e55ef126cddfbed64a33a9d53357fe"", ""7"": ""181819e6e70ce927ea9130da0d55fe3edcf21f57c5df4d94b46b059b6512985a"", ""8"": ""dac9daae0d872d8baaf22ddecc51a7ceea63631ceaf8c06ae627e9d06c3f88b5"", ""9"": ""ce35691582fb5f86b618ba2daa5a0ffd42bae47a19a5f3f806171b628b82a451""}",,0,0,0,0,0.0,0.0,"{""0"": 0.18882800494034072, ""1"": 0.07133330184774143, ""2"": 0.04394731273498802, ""3"": 0.08862553033556109, ""4"": 0.06522387146189292, ""5"": 0.03569746649615504, ""6"": 0.15931440947629355, ""7"": 0.24069163915586084, ""8"": 0.04542132650611566, ""9"": 0.06091713704505076}","{""0"": 0.18882800494034072, ""1"": 0.07133330184774143, ""2"": 0.04394731273498802, ""3"": 0.08862553033556109, ""4"": 0.06522387146189292, ""5"": 0.03569746649615504, ""6"": 0.15931440947629355, ""7"": 0.24069163915586084, ""8"": 0.04542132650611566, ""9"": 0.06091713704505076}",[],[],1,0,0,0,0.0,e547efd88cf31245aa4af3fbb381b4196409a8fea2cc7bba3c75e00cc5f4630b,c096ee3095e74912ebe927abf24a491a8e5e2a184398801c35c718ccb98268cd,"[""proposal_created"", ""proposal_committed"", ""v1_challenge_sampled"", ""audit_accepted"", ""committed_once""]"
33,trust_v1v2,0,none,0,0,0,0,1,0,,83.02,0.0,0.1,280083205778616531732002171069118478108,3bd0b2cd260901043aa724db9f9becc842a931880e6ac90d970077b0d0d5ef1d,1,"{""0"": ""46d2e1a8d6e68618085390792737ae365b3b69a82510c8846e3fdd874ac81e64"", ""1"": ""b0a4bd3046cdeefbccfd896f5215dcd67828427744b3291e939765790531113c"", ""2"": ""dd8653a5167b55af53b3b43b037e8564326ecf6c07a4f69250a622b887c5de69"", ""3"": ""c538f83ef5cb6ebe4f3cd53175ee6156d15fe87fb31a3f6d72b253c53e607671"", ""4"": ""fb69b83e2d37f4f395c7e4a1f9ee20a16f1a7a13297ded40ed994bbac374a4c1"", ""5"": ""43eb4b33bd7cba2e6e11f2c76b7ab5fcb2961f08c687a4369704832497c8f03c"", ""6"": ""a9e52ae7dd8829a666f090af132b3b503e32e25be8407a190438608a3ac02903"", ""7"": ""e61fb71543789be38c3aec143130df498a8abb6ac452922ee53e1a2c8e4cd9f6"", ""8"": ""758152f36f7f6f1ea539894e31e8568416802d74f471a9f3c71383703d2283a4"", ""9"": ""b34299decb0d89188318e1ca17fdbc6670de66960a746f858f7875dff0cb8c7d""}",,0,0,0,0,0.0,0.0,"{""0"": 0.05664840148210223, ""1"": 0.021399990554322436, ""2"": 0.013184193820496409, ""3"": 0.026587659100668334, ""4"": 0.15405938580076256, ""5"": 0.14414381186399072, ""6"": 0.15925726283695893, ""7"": 0.1238333067509592, ""8"": 0.1481186223140294, ""9"": 0.1527673654757099}","{""0"": 0.05664840148210223, ""1"": 0.021399990554322436, ""2"": 0.013184193820496409, ""3"": 0.026587659100668334, ""4"": 0.15405938580076256, ""5"": 0.14414381186399072, ""6"": 0.15925726283695893, ""7"": 0.1238333067509592, ""8"": 0.1481186223140294, ""9"": 0.1527673654757099}",[],[],1,0,0,0,0.0,c096ee3095e74912ebe927abf24a491a8e5e2a184398801c35c718ccb98268cd,392459e4ad4245538902daccf2c16315192bd4b86d69690a0f184d7e8b1fecca,"[""proposal_created"", ""proposal_committed"", ""v1_challenge_sampled"", ""audit_accepted"", ""committed_once""]"
34,trust_v1v2,1,A2,0,1,0,1,0,1,V1+V2,82.46,41.389549416163646,0.1,102413039027708345206325801887967313348,eb44a7196ff3c2e09274240f29347e5d139fc21a7f5449e984faa403e066b4da,1,"{""0"": ""8cfa216a637507bfc68cbdfef6ca091309a6a13bf40957c3b61376a706e18944"", ""1"": ""463894135a0fdff64969ac47f3d70f832e63af4ff3a9eaec026e56d68a2da870"", ""2"": ""1053b22055a338f30f252f204f629e0b1d6bc5f87ae56efe78d8d563d30c8c09"", ""3"": ""6a356f0b0f21e2c77d236ac078f81102e80e1ad613551c2e01aac965f1f7ce46"", ""4"": ""58051f9bab8a54d8c83d6e1dbd09a6f9b9c209c03ff33be7eb968eb595e081cc"", ""5"": ""d4763dc2223c49007f05afc66fcd8df4279fd77025da33aafc161673037e12df"", ""6"": ""f005fd6414b97c47e79c7fa92540a6e693c7070ea3f41565bde77a7039d19fec"", ""7"": ""54012c79aa79bac141cc17887d7dc47dd5df5b3d6ad98fc852ff08500d6df0f6"", ""8"": ""2f7ffde94089f3c7d048f6c670c1c97d141574ec495cc1bafc4d1b726ccfaacf"", ""9"": ""ade7534c5a48a86a2b1e25debcdaa2ccd61a8272dd79662f20df76c0f306576c""}",b2e783518bac10e2aca842be4d05fa08710487f687a6d437ab2c45fbcf6435f7,1,1,1,0,3.6752320191983476,0.0,"{""0"": 0.016994520444630668, ""1"": 0.00641999716629673, ""2"": 0.0039552581461489225, ""3"": 0.0079762977302005, ""4"": 0.17139887429971987, ""5"": 0.19040771822100314, ""6"": 0.19494175351289358, ""7"": 0.04429870486611525, ""8"": 0.19160016135601474, ""9"": 0.17200671425697645}","{""0"": 0.13349726022231534, ""1"": 0.12820999858314835, ""2"": 0.12697762907307447, ""3"": 0.12898814886510024, ""4"": 0.08569943714985993, ""5"": 0.09520385911050157, ""6"": 0.09747087675644679, ""7"": 0.022149352433057625, ""8"": 0.09580008067800737, ""9"": 0.08600335712848822}","[0, 1, 2, 3]",[],1,0,1,1,0.0,392459e4ad4245538902daccf2c16315192bd4b86d69690a0f184d7e8b1fecca,eb073b014f52ed29ef774ece65330fc3113fe513a26d372e6d0dc82c7763973a,"[""proposal_created"", ""proposal_committed"", ""v1_challenge_sampled"", ""audit_rejected"", ""recovery_recomputed"", ""recovery_audited"", ""recovery_verified"", ""committed_once""]"
35,trust_v1v2,0,none,0,0,0,0,1,0,,10.52,0.0,0.1,225835753563577419434214113261905783438,1783fc046b7cedb8994098e526b6f1c9ecdd828b8137f1ed8b50649393cde5c4,1,"{""0"": ""ddad0060bd8df7bd46909c8d45dbb9565896bf7ff857b6fba12c5d3ae2ef3a64"", ""1"": ""ba20da20946aa53f54fc6568f26e9f6636a02f364f5934ce47b540ac49cd693b"", ""2"": ""943fabdb53df08388db72e1fdc43cbe343a3e50bd41f56d1fb52713f5e47642e"", ""3"": ""66545210ba3fbb7a94c4e21c94592f4fdcdfdb47c802f353ca2d5baa395ce954"", ""4"": ""d68eea485ebaa58a58bc9d9fdc82812b3b669c54724d56698300a1c8c73701c8"", ""5"": ""3e3a5d288c961816de61b1e510cf8b929f80e42ef6267bdb92a1d76e26735f32"", ""6"": ""2e2844b3fba9bb5511bc4e657a96f50f2056880e53ec493009a913c3b3a8259a"", ""7"": ""80608c45c559d601e761eb2db05ba21a3355ac6a7b1835bbd2e0533c83b6d7b5"", ""8"": ""77634160241219fb80e6c8645de58cb3528549f1e31d2a04ac999922ef9a80a0"", ""9"": ""eee0b8146d0607fc1b4b52ce9a64081ad0bbefdcf0b3cae3536f112b51122e52""}",,0,0,0,0,0.0,0.0,"{""0"": 0.7050983561333892, ""1"": 0.0019259991498890195, ""2"": 0.0011865774438446772, ""3"": 0.0023928893190601507, ""4"": 0.05141966228991597, ""5"": 0.057122315466300956, ""6"": 0.05848252605386809, ""7"": 0.013289611459834578, ""8"": 0.057480048406804436, ""9"": 0.05160201427709295}","{""0"": 0.7050983561333892, ""1"": 0.0019259991498890195, ""2"": 0.0011865774438446772, ""3"": 0.0023928893190601507, ""4"": 0.05141966228991597, ""5"": 0.057122315466300956, ""6"": 0.05848252605386809, ""7"": 0.013289611459834578, ""8"": 0.057480048406804436, ""9"": 0.05160201427709295}",[],[],1,0,0,0,0.0,eb073b014f52ed29ef774ece65330fc3113fe513a26d372e6d0dc82c7763973a,5314859c47ded036c234b3fe5ff37222ef32c17c7ab73fca34ebaea0c5856805,"[""proposal_created"", ""proposal_committed"", ""v1_challenge_sampled"", ""audit_accepted"", ""committed_once""]"
36,trust_v1v2,1,A2,0,1,0,1,0,1,V1+V2,81.26,2.189662103597607,0.1,206982826070623819325098869319979376710,a8f52c09343c0b9af87d24d58aa62c683df16efb51d92552e1bb38473a287369,1,"{""0"": ""bbae01a7cd7b2b3562c3a8d852068971a460c0b4c84975627af5fc774a928d5b"", ""1"": ""a59d5bbd3c2994f721bb8a665ee6220a3c8bf6b42cb3c4d93ad22e3fd087f1bb"", ""2"": ""abedc9e27a8c9c0454e55f5956265f8e8476cb347a89e7fa8e741fd30065670f"", ""3"": ""387fabb690a02d1b7504faace5d5a38d85e896c17275049ffe277bf907bfaece"", ""4"": ""1f15ff953b946d9febf3bdb84fc95f2fb57e644c7833a32b3de35604f3421798"", ""5"": ""d9127598111b613eae7e1cdc31a8be1208e712e940456257b89f70c5b9d08c43"", ""6"": ""7c2741d11462b9317fe43cc04f62395bb3fb0dba2d35b89b869ce30b18dfb69f"", ""7"": ""191d2288477980d0236b63ef2b85e095c31b82c3b6c12d019f7707ae03e951ba"", ""8"": ""4b4723e3b021727f1db0cde3646cfb3ba0a7f9aa306593ed64f7fc0476d36fcb"", ""9"": ""a9ba02429356fad12d7e4f086c7521be3413e5541a150b57b1271483120ebb43""}",eb19b297cd2d8bb7478c3e4da474aaded00470b1a6b7a58c840eb66493c76fc9,1,1,1,0,0.7178276249195242,0.0,"{""0"": 0.2115295068400168, ""1"": 0.0005777997449667059, ""2"": 0.0003559732331534032, ""3"": 0.0007178667957180453, ""4"": 0.15678998087608698, ""5"": 0.14299685843714305, ""6"": 0.1589088400052726, ""7"": 0.012670390884248869, ""8"": 0.1586080967111535, ""9"": 0.15684468647224006}","{""0"": 0.23076475342000843, ""1"": 0.12528889987248337, ""2"": 0.12517798661657673, ""3"": 0.12535893339785906, ""4"": 0.0783949904380435, ""5"": 0.07149842921857154, ""6"": 0.07945442000263632, ""7"": 0.006335195442124435, ""8"": 0.07930404835557676, ""9"": 0.07842234323612005}","[0, 1, 2, 3]",[],1,0,1,1,0.0,5314859c47ded036c234b3fe5ff37222ef32c17c7ab73fca34ebaea0c5856805,313c8625bc34a96d4b018df78b9be5215b1a08e857006987f34c303276513e67,"[""proposal_created"", ""proposal_committed"", ""v1_challenge_sampled"", ""audit_rejected"", ""recovery_recomputed"", ""recovery_audited"", ""recovery_verified"", ""committed_once""]"
37,trust_v1v2,1,A2,0,1,0,1,0,1,V1+V2,80.79,1.7385878031502482,0.1,327064968991946022583168729025572613595,e8bf39f78e8b8b5b72a0e01d879c3dd573236718c8f7c3019e7f18d392b8fb03,1,"{""0"": ""5eecd6b0f2188a68b3a99312f06c87be7f7727590f0a9956b49040a17f958b4c"", ""1"": ""aebeea82bc72546bef63537c4e086c7c7e5ffdf817f84897b7f6cd566a17b6c5"", ""2"": ""4970b78548e5ba6ad4da204ce472a57a06a138c77a4cddb554f17c26bb5e8095"", ""3"": ""a0a53d643acbe258dadc97cb1311d15ffe6fc4e139bd9757e23bc7706ff32969"", ""4"": ""26d60fd796651ea564cd821f18dd4a28a6c11a69f29c5629aa1e1820650461e8"", ""5"": ""c8cad0140f7716276807d264f1643de624299c3fb6bab8cc7e9e0973bed91249"", ""6"": ""681fa039e0d527db7e16772f5c7da0fb939fa94e60de01d77560acf458c9436e"", ""7"": ""c05ee7c91eaeedc41e365e34f0c806d535979fd53118011b5a2e7e639329ec7d"", ""8"": ""74b777b40fc9e93f62f20d6158f6577a3e5f760185f8695ad6d609f3c7d7fae8"", ""9"": ""385c0465b187aa205cd4f601fb1cb7d494de754ea26e2f23a8a4ddf545030af9""}",48caa76d271f1fd1e7847641fdfb7858968de1d020333b7c17bc7376f539d72f,1,1,1,0,2.1051178722811628,0.0,"{""0"": 0.06345885205200505, ""1"": 0.00017333992349001179, ""2"": 0.00010679196994602098, ""3"": 0.00021536003871541363, ""4"": 0.12524995001107514, ""5"": 0.06784633064552925, ""6"": 0.04767265200158179, ""7"": 0.06810014385013696, ""8"": 0.31385280128959725, ""9"": 0.3133237782179232}","{""0"": 0.15672942602600254, ""1"": 0.125086669961745, ""2"": 0.125053395984973, ""3"": 0.1251076800193577, ""4"": 0.06262497500553757, ""5"": 0.033923165322764626, ""6"": 0.023836326000790897, ""7"": 0.03405007192506848, ""8"": 0.15692640064479862, ""9"": 0.1566618891089616}","[0, 1, 2, 3]",[],1,0,1,1,0.0,313c8625bc34a96d4b018df78b9be5215b1a08e857006987f34c303276513e67,712c6cbcc51256063b979d4361b5facc02b967c143ade2fa256be3b9e9177f17,"[""proposal_created"", ""proposal_committed"", ""v1_challenge_sampled"", ""audit_rejected"", ""recovery_recomputed"", ""recovery_audited"", ""recovery_verified"", ""committed_once""]"
38,trust_v1v2,1,A2,0,1,0,1,0,1,V1+V2,71.07,7.002730112869839,0.1,201358282961648316619048662534943550322,adc0cb994a4e90911b3710c4ceb4aeb7d35bf33fecd9345cb3762abe6236d505,1,"{""0"": ""2291b12191c1ba25bba6af476aadf0aa43a4e62029188054209d33ac030beecf"", ""1"": ""a1b317f3d072691905a151f1e5f6d797d899c082099e617e06ede960ae5cd2df"", ""2"": ""4d3ef40fc9c0daa14d871eb74ac5918c5d50de9099794bdafe3b422548ccbc8a"", ""3"": ""84c951b01eb1e806c7f0df24413b270e5d122ec60d45613ef1ef562e812992da"", ""4"": ""1cebef6ffe8c285cafb89bedb3231fadea6c1d8031bebb6ef7b32413c71112c0"", ""5"": ""07cc25af8c86ea2154dec9641aad837e0c4446cbda6a207cc31a01436b8c6adb"", ""6"": ""1c542159404009637b3901a72a97bad294966b6e7ca6f796918208f0d94e4c21"", ""7"": ""7c3b4ec5fc3caedf73586361a4b6ae17fff73a4e054becd8218b27ed5bc41913"", ""8"": ""b8013745dbfb0d54e8f9c4c4a6a9fc4cff1c846a2081ed8be57ce06e848e2b72"", ""9"": ""eff98edb3be5ded7bf5a15aff918232df0987e0cb3fb42dd1eb36c6bf226fedb""}",6ee7583356b85d9e4973f5239d65711f35cc7b71d50194ea4921c79079ba811b,1,1,1,0,1.4630466813568646,0.0,"{""0"": 0.25237098894893484, ""1"": 5.2001977047003544e-05, ""2"": 3.20375909838063e-05, ""3"": 6.46080116146241e-05, ""4"": 0.03757498500332255, ""5"": 0.2536872325269921, ""6"": 0.01430179560047454, ""7"": 0.25376337648837444, ""8"": 0.09415584038687919, ""9"": 0.09399713346537697}","{""0"": 0.2502967253849211, ""1"": 0.12517439454159737, ""2"": 0.12516440050068547, ""3"": 0.12518070503994208, ""4"": 0.018809791405438304, ""5"": 0.12699416714693834, ""6"": 0.007159385211846498, ""7"": 0.12703228431532199, ""8"": 0.04713379704940233, ""9"": 0.04705434940390647}","[0, 1, 2, 3]",[],1,0,1,1,0.0,712c6cbcc51256063b979d4361b5facc02b967c143ade2fa256be3b9e9177f17,0e86951502bdb901f7639bda6938fb6ed744b3c631c5a325062079d5367a88fb,"[""proposal_created"", ""proposal_committed"", ""v1_challenge_sampled"", ""audit_rejected"", ""recovery_recomputed"", ""recovery_audited"", ""recovery_verified"", ""committed_once""]"
39,trust_v1v2,0,none,0,0,0,0,1,0,,82.29,0.0,0.1,120206842030301877979130560316515193776,5e7d85c3097947dc648b35fbeb3b56fee116a0a02d4c6db2f36fe27673721c64,1,"{""0"": ""d997e644c6832a706ce4dfca28eb25e3e908de3a4a020114a99fa962d58988b9"", ""1"": ""b04967d38e83ca61745d81b0d405d154fb38a87f6e649554f93abf7edf69ed07"", ""2"": ""a1a4d72caa9905dceb680b64e7aa656f80f7cabad913d1fe68a10bac5fa524dc"", ""3"": ""719481143aaa0802d89955417e647ef905d80204ddd159d92553af354e697bee"", ""4"": ""027b8e0101a7853e382510f50a235ddceb97a751a23cbf6f8f99d7442cc99d30"", ""5"": ""ee0d2fb5c5c9618e0fa3d77d869c1db82720c0c2d38777f2fa6740ada1d1d48e"", ""6"": ""26393e8b41b9f57ba284a7d42287f51a08406e8a04a183575341310bb03eb8d4"", ""7"": ""82f703d62367c1fe758710ba7c9ac6cb06dfc9e01ae0ffd80492fb14110d06e4"", ""8"": ""fa02eaed45403ae6c1d48b9e9113aa7215fa68e95a75172b88ff7b648085e405"", ""9"": ""7529f0a5f63fa62975307f2a6979203bba56d2e651f48ba0893a0e316233692d""}",,0,0,0,0,0.0,0.0,"{""0"": 0.07571129668468046, ""1"": 1.5600593114101066e-05, ""2"": 9.61127729514189e-06, ""3"": 1.9382403484387233e-05, ""4"": 0.2015613066690312, ""5"": 0.16747096196541073, ""6"": 0.0142380298821832, ""7"": 0.1072323679230914, ""8"": 0.21853556328409818, ""9"": 0.2152058793176112}","{""0"": 0.07571129668468046, ""1"": 1.5600593114101066e-05, ""2"": 9.61127729514189e-06, ""3"": 1.9382403484387233e-05, ""4"": 0.2015613066690312, ""5"": 0.16747096196541073, ""6"": 0.0142380298821832, ""7"": 0.1072323679230914, ""8"": 0.21853556328409818, ""9"": 0.2152058793176112}",[],[],1,0,0,0,0.0,0e86951502bdb901f7639bda6938fb6ed744b3c631c5a325062079d5367a88fb,f082b449ecf96cc873905105d4734f8b64a6bca08e2e368ab72aa529da0293eb,"[""proposal_created"", ""proposal_committed"", ""v1_challenge_sampled"", ""audit_accepted"", ""committed_once""]"
40,trust_v1v2,1,A1,1,0,1,0,0,1,V1+V2,13.94,0.0,0.1,144747738030817488025477861836333597316,b109adfa469f6d4ad2a15a00b707968f8fa4c3e3a31b665ba24055169dc395e0,1,"{""0"": ""54fc12932f18fbc8edf46ab833b0ae6438b18f35012d9ec184c34bd18a91e3d0"", ""1"": ""219951169a21e014e0794a09e41b4c65a616263d887e31c1072493a1bb3140ee"", ""2"": ""26ea331f4866c1e99840de3872bc8689b1f443be14f4c8f4a8f63b6768bdc379"", ""3"": ""82392afd67944baa1fbabc4fe8478ce65e158253daab9ef0009d7829369aa205"", ""4"": ""8c7079ac07f4969a73568c944401903587fd5ef5c606a5181409f80332c2d66b"", ""5"": ""ac85a6946201041105e2f33987c01a3b25b081947847609e8a378b0e1f2248df"", ""6"": ""8070e9f3dfed327403ad16b47089e0021604f7f78d1e5c073f207c2811b34554"", ""7"": ""4fdfaf6a48340c49e0ba3261e477d3fc52996413866b0389364de6d0fe2af684"", ""8"": ""4c1ded4194a41b9e5512d352d8e61a9da5b6913213a1bd7fee84e47650e90a67"", ""9"": ""08fbd15727be99ad808afebbe95098d12d7d55f632a13d2d6d4ad037306012d3""}",bc0a75c0122d35bdc209ba9b17772803f15f676a2ebe53cd2598241e721fcb7f,1,1,1,0,0.7115230414674595,0.0,"{""0"": 0.75, ""1"": 0.75, ""2"": 0.75, ""3"": 0.75, ""4"": 0.06046839200070937, ""5"": 0.050241288589623234, ""6"": 0.004271408964654962, ""7"": 0.03216971037692743, ""8"": 0.06556066898522947, ""9"": 0.06456176379528339}","{""0"": 0.22884878578746518, ""1"": 0.22884878578746518, ""2"": 0.22884878578746518, ""3"": 0.22884878578746518, ""4"": 0.018450824117177085, ""5"": 0.015330210520177209, ""6"": 0.001303342340217309, ""7"": 0.009815998878525682, ""8"": 0.020004639323578256, ""9"": 0.019699841670463646}","[0, 1, 2, 3]",[],1,0,1,1,0.0,f082b449ecf96cc873905105d4734f8b64a6bca08e2e368ab72aa529da0293eb,483aae2e4f3b95a6afe097752f04a5da526f9749329d71f13122b9591effc8d9,"[""proposal_created"", ""proposal_committed"", ""v1_challenge_sampled"", ""audit_rejected"", ""recovery_recomputed"", ""recovery_audited"", ""recovery_verified"", ""committed_once""]"
41,trust_v1v2,1,A2,0,1,0,1,0,1,V1+V2,81.98,0.3637025831894257,0.1,247021979565421885430692946526580288582,d536ae1cd7a17fd96192e57650a08a82743aa5773ae1ecdde71d9e7471bfcbc9,1,"{""0"": ""9f556a827b6de796242746bab1df9b727272e3c9a5888d015554c5144167a324"", ""1"": ""f67d2098d44082e9ccd7580813fb4211fb772cab5407cc90be64e04b4e35e62f"", ""2"": ""ab2577958d5fa8651fac79025b4c577db4b57138bcfce1b43dbd8afb2b63ac2d"", ""3"": ""58ecc1d0916f71a898b87e866e993fc44bf581ffc3e1ebc693f309f0546ebdc0"", ""4"": ""25ccdc0244d99b3ed074f685e39f1c670c6a24f8017235a3ce0682d0aa66fbba"", ""5"": ""52c298f3d180a981622c3f3d952a947dd52a526c65374ebd348e6a9b9ba41dd0"", ""6"": ""1fcde4a4c70f128449e460a5b3c1313c9fc34ef2bad8484fa1ced69b1a6f8fa8"", ""7"": ""a9107907394a497fa6999e94feb7561aa7a346e817eec14ed265be07edfd6940"", ""8"": ""d2a16279a1a27f2c869b70f5687b75e88f1d4616824503e95582fcee6fb12bc4"", ""9"": ""cb8ad6c74159b4cf89dc7659b099032ab342195bf848953b8c35209ba310ed29""}",866b5191eede7b5a0ddb41d1d30758a090c077ab8140ea87547ce5a7e145c6d6,1,1,1,0,0.7337614695195819,0.0,"{""0"": 0.2168140167016213, ""1"": 1.4040533802690966e-06, ""2"": 8.650149565627705e-07, ""3"": 1.7444163135948517e-06, ""4"": 0.1506118513825285, ""5"": 0.10429191422178773, ""6"": 0.13375275647171217, ""7"": 0.09054605033891475, ""8"": 0.15213953447788453, ""9"": 0.1518398629209007}","{""0"": 0.23340700835081057, ""1"": 0.1250007020266901, ""2"": 0.12500043250747825, ""3"": 0.12500087220815678, ""4"": 0.07530592569126424, ""5"": 0.05214595711089385, ""6"": 0.06687637823585607, ""7"": 0.045273025169457366, ""8"": 0.07606976723894225, ""9"": 0.07591993146045034}","[0, 1, 2, 3]",[],1,0,1,1,0.0,483aae2e4f3b95a6afe097752f04a5da526f9749329d71f13122b9591effc8d9,28b8df6999f43449c90c1d29b58e7666016c799a74559498641239b934354a3b,"[""proposal_created"", ""proposal_committed"", ""v1_challenge_sampled"", ""audit_rejected"", ""recovery_recomputed"", ""recovery_audited"", ""recovery_verified"", ""committed_once""]"
42,trust_v1v2,1,A1,1,0,1,0,0,1,V1+V2,81.71,0.0,0.1,45261544920295721719703097476876067161,f398ac951727640f0af75d77c2c83f5f2233ee806ca30419d4811bb0e44648d5,1,"{""0"": ""cc2a7761174049c6974e9e06196f9700b5b1fd95399b12c6e968638a3b7ae0d6"", ""1"": ""d95572b672d2aa8aa2a0ed0006783717a250d98855d81a231f97aac73fdc1ebe"", ""2"": ""a39afd7c88ae9fbb76d2eebf3890fecc2f83e08dad53d1469c67def1af9d357d"", ""3"": ""a641efda8671a4aca88b304c69302957640b7a16c9ea94b6291b271e0c6db68c"", ""4"": ""17e8849d3e32d415a99155e2ae427bd8b26a44d3a955cc20b9fb50cd97f4dc9f"", ""5"": ""00015c60633966cfc85b9147257ac363b875d05342f4687701f358184b13bba0"", ""6"": ""d2955e312803fbf12b256fe3097290d43bfe3c9635a6bbc3ef3b646532a33f76"", ""7"": ""515f74f3ac254249f2e8028b76f57b5b0e1edf719b9072077d020259c46fdebc"", ""8"": ""4f9fe115a4b58a11c675a1a6246cd84115ab6becb71675fe7bbe6f9392383329"", ""9"": ""f4791f5d97ca24f160851cd1dcfcb2df6a25a228f4f23c37f190f5f25c62f8b7""}",95f4d25857c9bc9659a441a9ed6fb00af8017051a1f2b9cb8d3faf230887d5c4,1,1,1,0,3.331902725713069,0.0,"{""0"": 0.75, ""1"": 0.75, ""2"": 0.75, ""3"": 0.75, ""4"": 0.28655775512082854, ""5"": 0.07940979581326287, ""6"": 0.15271108674581915, ""7"": 0.028505884047787724, ""8"": 0.10084391063407994, ""9"": 0.2869261585823402}","{""0"": 0.1905994040505691, ""1"": 0.1905994040505691, ""2"": 0.1905994040505691, ""3"": 0.1905994040505691, ""4"": 0.07282364980279846, ""5"": 0.020180613010380374, ""6"": 0.03880885616755719, ""7"": 0.0072442726819239535, ""8"": 0.025627719025312648, ""9"": 0.07291727310975084}","[0, 1, 2, 3]",[],1,0,1,1,0.0,28b8df6999f43449c90c1d29b58e7666016c799a74559498641239b934354a3b,5970e5bd7a6b92a298728c6528725dbb7143ad03c65e802c41ee4849db2f6604,"[""proposal_created"", ""proposal_committed"", ""v1_challenge_sampled"", ""audit_rejected"", ""recovery_recomputed"", ""recovery_audited"", ""recovery_verified"", ""committed_once""]"
43,trust_v1v2,0,none,0,0,0,0,1,0,,11.09,0.0,0.1,52534419394082096369373669170833890344,a10dd488029405834786b2f1073a0e96958c1f553ca60a9eaa7e00745fbc0185,1,"{""0"": ""f4e214f3970fa0fe57fdd81ce86aa603e9711996f8c7f358d16705e2113f6abb"", ""1"": ""901cbb563cd2a6f7eeb89c611f48111bc2099bd8d3434e474586f74c13ac19e6"", ""2"": ""d6b6d4fbf4761d5d0aa772f2d3cfb099eadf9360c6c191fac750bc177844ea83"", ""3"": ""7e415e665faf17cfffcff5dc089551fe20de7cf8c5ee5bba117b12983ae28341"", ""4"": ""2d7c2e709e9ab7402cfda32d6ede2388e4af51cf59e57ee85c7f663a84bdc30b"", ""5"": ""81d43a456cb6356c84456f44c6761b6c224541e993f33d0869395b4c358365d9"", ""6"": ""3d6affe5d7fb547838fab746863cc6d304915520246c59c687175ad33306cbeb"", ""7"": ""56de71298d1857527faadbf13862a397fbdbcad21f86d64da39643959c805697"", ""8"": ""0e1b3dae3552247d2ed1fb59e051eb3a73af2af655853d5c1f903695b59afc13"", ""9"": ""391617f263321f5095b1f5b2ee740904eb80537a411111ba759d4141840c23d8""}",,0,0,0,0,0.0,0.0,"{""0"": 0.20944372535602207, ""1"": 0.13376522236104296, ""2"": 0.18993054170422224, ""3"": 0.1723429172307627, ""4"": 0.08596732653624857, ""5"": 0.023822938743978863, ""6"": 0.04581332602374575, ""7"": 0.022582981279050715, ""8"": 0.030253173190223984, ""9"": 0.08607784757470208}","{""0"": 0.20944372535602207, ""1"": 0.13376522236104296, ""2"": 0.18993054170422224, ""3"": 0.1723429172307627, ""4"": 0.08596732653624857, ""5"": 0.023822938743978863, ""6"": 0.04581332602374575, ""7"": 0.022582981279050715, ""8"": 0.030253173190223984, ""9"": 0.08607784757470208}",[],[],1,0,0,0,0.0,5970e5bd7a6b92a298728c6528725dbb7143ad03c65e802c41ee4849db2f6604,194a028410141f45775afe8dec1bf69528ecc235d89739bf4b2235239fcd3a98,"[""proposal_created"", ""proposal_committed"", ""v1_challenge_sampled"", ""audit_accepted"", ""committed_once""]"
44,trust_v1v2,0,none,0,0,0,0,1,0,,82.59,0.0,0.1,5418728844313546295907729146102655768,34528312769a9b043cac369eac724d44dfbaaae3b27ae8e05ecf19d67b5e771b,1,"{""0"": ""f504cc07bdc41cd5897ea4b33019598414356c0a775a3e6f02d528f8d52666e4"", ""1"": ""3a69055b0aba070aa8eddde3e5deec8b873a5147f28d9073cd1d210fe5723bd9"", ""2"": ""48f97dfe4d02b59953f505b52d674efd7b8eb992e9d374e211bc6d975badbb35"", ""3"": ""22383e2c37e7d0476503032043e939c44a3d50d01120c79ef53094bf0a2b2a01"", ""4"": ""742abab2c1be140fc039a8cdc49839f2fe33a937bc124731cbe656a8874bdb1a"", ""5"": ""d172e1a69e4c05c9f258954d2d1c099695b726a87f7dfac4f95680afdefbe5f8"", ""6"": ""b1188edaffe181870b26cd4af448f9a3fd7e917191ae58e9f01e907ea44ab8ed"", ""7"": ""1f1ccfb607690334fc1c1a3c192bc20b1996f3f45874ed1f7dbccf8504d588f3"", ""8"": ""47a5e42dc6340c33c24398dc7e227b2571a2c0f739b5e715f95c80dd5c94f8de"", ""9"": ""7ed4f2e9bf8bbdaf721c5522c6f916923d68275f841651efbb015a2c4fb30e38""}",,0,0,0,0,0.0,0.0,"{""0"": 0.06283311760680663, ""1"": 0.04012956670831289, ""2"": 0.05697916251126668, ""3"": 0.05170287516922882, ""4"": 0.1751976698380766, ""5"": 0.09775348929190687, ""6"": 0.16315146968432578, ""7"": 0.01853839920619374, ""8"": 0.15848342383426925, ""9"": 0.17523082614961266}","{""0"": 0.06283311760680663, ""1"": 0.04012956670831289, ""2"": 0.05697916251126668, ""3"": 0.05170287516922882, ""4"": 0.1751976698380766, ""5"": 0.09775348929190687, ""6"": 0.16315146968432578, ""7"": 0.01853839920619374, ""8"": 0.15848342383426925, ""9"": 0.17523082614961266}",[],[],1,0,0,0,0.0,194a028410141f45775afe8dec1bf69528ecc235d89739bf4b2235239fcd3a98,2134374eb15123224ea64d50d9526b10ae2822e30dfebd37c61e4a967be21e91,"[""proposal_created"", ""proposal_committed"", ""v1_challenge_sampled"", ""audit_accepted"", ""committed_once""]"
45,trust_v1v2,1,A2,0,1,0,1,0,1,V1+V2,81.47,0.796110880846544,0.1,164601030655098846437046986561180005256,fec42103edc7fc560a02a6c242490421b143fac2ea25fbc88a8bec1652bee9f6,1,"{""0"": ""89f26a3771791b4cb150625b9030efeba609a3ed4d12edd2f1f43d3a3a03d655"", ""1"": ""54c0f74816dceda93e57a6db53c204f7d283c99fb8616545c97939ae6df90731"", ""2"": ""f1a1b30bb12e6fbec9f6e9233e5a1e5a6bd7e86c7c5ee53cfb0d84b3c92e9ec5"", ""3"": ""d3265bd830215194af6944508905a074c10c5c9dc9e96f994ecc31885cc6a64b"", ""4"": ""65e7ab4df6f75423f406f0156e10c7a3e77029c8d4d021e9ba052c1573ec6a66"", ""5"": ""a37616627aa2d3d1caa06efd3044831cd4def26978f622a9d2b71a462b7b127e"", ""6"": ""8ac8b7b57ecbbfe3e04e262a85bb3ca0a0e440c25e846143e265917d47e5b3cf"", ""7"": ""a64df14ecd4d7ebf96351cc6c4a0d978491e697d0a29951a798082e208ca18c1"", ""8"": ""b1dbe84c0bb9c029c3e3926b1835261234e3a76ecf201a786a2347606e0dff2b"", ""9"": ""00bd770d945ed5d3251fcd4f7f2de20753dde2e7f16aa1a6fae8fef360c60576""}",f823067ad42a5180eaf3ab6edadd84970dcfc84f530a8946f8769262cf474c43,1,1,1,0,2.4222890666556913,0.0,"{""0"": 0.018849935282041996, ""1"": 0.01203887001249387, ""2"": 0.01709374875338001, ""3"": 0.01551086255076865, ""4"": 0.25338642988961674, ""5"": 0.03306379336308768, ""6"": 0.24977256984349144, ""7"": 0.013279957688034945, ""8"": 0.2483721560884745, ""9"": 0.13863167652861033}","{""0"": 0.134424967641021, ""1"": 0.13101943500624694, ""2"": 0.13354687437669, ""3"": 0.13275543127538433, ""4"": 0.12669321494480837, ""5"": 0.01653189668154384, ""6"": 0.12488628492174572, ""7"": 0.006639978844017473, ""8"": 0.12418607804423724, ""9"": 0.06931583826430517}","[0, 1, 2, 3]",[],1,0,1,1,0.0,2134374eb15123224ea64d50d9526b10ae2822e30dfebd37c61e4a967be21e91,3d8b751716b079dd4634dc4bdad27eb0139fb6ee1017598ef7a5fc36d89c8625,"[""proposal_created"", ""proposal_committed"", ""v1_challenge_sampled"", ""audit_rejected"", ""recovery_recomputed"", ""recovery_audited"", ""recovery_verified"", ""committed_once""]"
46,trust_v1v2,1,A2,0,1,0,1,0,1,V1+V2,56.61,0.612700681911448,0.1,206007112418218879777538930823363252536,6c885666b0858089dd529f7ac44644d59c5fe2bfe36c0712f5c6668e65599b60,1,"{""0"": ""92b24d8bf6f06397855b33f7a08f7b028cd5846b3354b6d6e62c5a69dfee5db5"", ""1"": ""50591616a7a9b8554fc5cebcc280865adab07486bd93c84e9eb89e69c9d484b5"", ""2"": ""464adad5e643a070293a57bfc90337fc0cb574dea0915c8f30ece060c5e62e9c"", ""3"": ""516f54834b7afdb13847eaae6f9fb2d861a3592cc58449f301db00c850701dac"", ""4"": ""0b99c4ee41a88b9b9a433910eb16f58a4c772a1d494855849152d45c4c710259"", ""5"": ""0e520e4246430676a0d2700b78ef42d571e2a103ca4da9475a2c9f80f612f6d2"", ""6"": ""ca52491b7ce2de9bdaa270f60719f708ae5ec3a034bc045b875762b0692b316c"", ""7"": ""2b96148d04e8118bf6e2f08aaac22e18e6c0273d40c8f156a470c4b43a3652ac"", ""8"": ""da3c34b617cdf78221bb7e066c8bb7d9af9652e9b3f397a7a06325e538d8ef8e"", ""9"": ""683863b7f5c25be1d2cd16989d8b0dc990d94d46a41dd7508bc2c8ef0309ef8e""}",3dada730a3012648d9babe71e0d4c5987e4d636ab95c3ff0222326ebf91d47d2,1,1,1,0,0.8563616078935434,0.0,"{""0"": 0.3556549805846126, ""1"": 0.003611661003748162, ""2"": 0.005128124626014004, ""3"": 0.004653258765230595, ""4"": 0.07601592896688503, ""5"": 0.009919138008926305, ""6"": 0.07493177095304744, ""7"": 0.35398398730641045, ""8"": 0.07451164682654236, ""9"": 0.0415895029585831}","{""0"": 0.26394347116044603, ""1"": 0.13387828426419124, ""2"": 0.13467880560889003, ""3"": 0.1344281301216285, ""4"": 0.04012781631001107, ""5"": 0.005236183433991049, ""6"": 0.039555503451093654, ""7"": 0.1868635246897385, ""8"": 0.03933372541055765, ""9"": 0.02195455554945213}","[0, 1, 2, 3]",[],1,0,1,1,0.0,3d8b751716b079dd4634dc4bdad27eb0139fb6ee1017598ef7a5fc36d89c8625,1c7785556fbdadd32341fbcf9319764539596004be8c414c7bd5277cca1ba229,"[""proposal_created"", ""proposal_committed"", ""v1_challenge_sampled"", ""audit_rejected"", ""recovery_recomputed"", ""recovery_audited"", ""recovery_verified"", ""committed_once""]"
47,trust_v1v2,1,A1,1,0,1,0,0,1,V1+V2,82.74,0.0,0.1,91114934288690892184746109472343805900,e7b46f0b822144af605289040b98988cfcd8bce624d1f9b6b0b4549d433f3dad,1,"{""0"": ""2df5f1e3a2f10bee4e2396b8a4143a19607d2177112fa498538ec3e410ad84cd"", ""1"": ""b35c98d3b734fcdc5bab245a227b515e762be0f020007849f4f6772149d641f4"", ""2"": ""55149bfb3fc4f9e309b8afeaf4c38692144cd2202cb0841c66dfaacbe476b1ee"", ""3"": ""ee8ee3f4c98cd37df1cae8772bee90c1efa11eb1c4b845b18d7d42d49ba312fc"", ""4"": ""953d2715c6715f0b8b157e9a91906b3828129dd95aaffadb57bd9aab3124d301"", ""5"": ""7a6e011ebc7981b51a207c48577ce892d6ab0f73a65b87054d51ddc425eb637f"", ""6"": ""c5c25b64a19049534f77f73c852c39af52cf0674ed940f68a9a845bf24aef541"", ""7"": ""666c2679fc4638e9514c8765b81f6fc514b74deb37e6fc37136e1890421c3e5d"", ""8"": ""450f73c58c52029b8bf42f7cb6c5c97b295be785caa1e44ad44f1877c9965a55"", ""9"": ""2ea8ab1d58a5288e4dfa909020656930622c16367ce432054e3a90d30039e2e5""}",addcd7c50266d2ac1f58a53cd1583980f06c2cab92535e9eb31278f2184ed287,1,1,1,0,2.113670142879919,0.0,"{""0"": 0.75, ""1"": 0.75, ""2"": 0.75, ""3"": 0.75, ""4"": 0.1743810645493829, ""5"": 0.1545520272619953, ""6"": 0.11223433416183115, ""7"": 0.11013524987873656, ""8"": 0.17392977990728012, ""9"": 0.16405313674689234}","{""0"": 0.19283747160278, ""1"": 0.19283747160278, ""2"": 0.19283747160278, ""3"": 0.19283747160278, ""4"": 0.044836271444138896, ""5"": 0.0397378962243828, ""6"": 0.028857313635718713, ""7"": 0.028317604161274587, ""8"": 0.04472023865833054, ""9"": 0.042180789465034445}","[0, 1, 2, 3]",[],1,0,1,1,0.0,1c7785556fbdadd32341fbcf9319764539596004be8c414c7bd5277cca1ba229,fe99efcd99e0553c0c1b6675b333a1d27c45c6c5efcbbf475ab1470f7cf9b325,"[""proposal_created"", ""proposal_committed"", ""v1_challenge_sampled"", ""audit_rejected"", ""recovery_recomputed"", ""recovery_audited"", ""recovery_verified"", ""committed_once""]"
48,trust_v1v2,1,A1,1,0,1,0,0,1,V1+V2,9.51,0.0,0.1,152668277954274049764687662509594076660,f294792a1b2e96e7cdb0dbf5893a0a8519a80763d79586eaf1be7aeeb9175ab2,1,"{""0"": ""52c83bab056221326d89230185501382657880db42a9bb1511ba8c443137e998"", ""1"": ""b9a14a98ef78b5e72d18c8aa142cc76903ea3a0579f1207653d41c055cbcb123"", ""2"": ""61ef7dba018a0f1918118b5a332590a79ec9562749f9a1b44b7bf0454f8c7e45"", ""3"": ""6babbcc645983cd2b9315a2dd4568cdddbc22a0858485fe0cd9a64ebe6f60df6"", ""4"": ""b76274e4544dd093d3dfc99c7613fc2e4a0518e0777ec95858cf723438ec342f"", ""5"": ""4490653bfb1d9a69c5eaedbf45df943be3092d39a5f49b0d257a2fde8cad0233"", ""6"": ""0b949bdbf3c4afc8021a5b5ad991ffe64aa9797b1f93a203863719f4d4a167d3"", ""7"": ""c9c6b235614e883a17566a4ae942358e3596a3d4711261335a5384323cd53b81"", ""8"": ""7b0f8fdd072f1e0a115f231eb8d9d0b35e512fdc23a8c912ced5c0e2e7576610"", ""9"": ""d0251d8325f5be776fd29a3288bb0b49f1389df3ad97b019b41b7d08e11d174d""}",b2ab97b99bd3ce68116ed355908467bdd05cf31faae24c3b37b486152e711aaf,1,1,1,0,0.7120142594079802,0.0,"{""0"": 0.75, ""1"": 0.75, ""2"": 0.75, ""3"": 0.75, ""4"": 0.05231431936481488, ""5"": 0.0463656081785986, ""6"": 0.03367030024854935, ""7"": 0.03304057496362097, ""8"": 0.052178933972184045, ""9"": 0.04921594102406771}","{""0"": 0.22958347255769201, ""1"": 0.22958347255769201, ""2"": 0.22958347255769201, ""3"": 0.22958347255769201, ""4"": 0.01601400413902175, ""5"": 0.01419303644385599, ""6"": 0.01030685927082944, ""7"": 0.010114093247267789, ""8"": 0.015972561140923387, ""9"": 0.015065555527333385}","[0, 1, 2, 3]",[],1,0,1,1,0.0,fe99efcd99e0553c0c1b6675b333a1d27c45c6c5efcbbf475ab1470f7cf9b325,003805314a17a4e33e48df8206d853004b35a9fe364c2af74188bf16cf8a1788,"[""proposal_created"", ""proposal_committed"", ""v1_challenge_sampled"", ""audit_rejected"", ""recovery_recomputed"", ""recovery_audited"", ""recovery_verified"", ""committed_once""]"
49,trust_v1v2,0,none,0,0,0,0,1,0,,82.53,0.0,0.1,36263843070545701101046258518397477407,878d8f03e99bb629139cb8b5d97c2c7e628952b87760756bd614ffb5364f8163,1,"{""0"": ""5f9864404f07dd11be5ad72dec89b7c86097614028b6e3cbb0fc1bb2be78a8f1"", ""1"": ""23e5f7cb08c91fe7d93ed1e9dd6ae63e4095568219339f751da0670f1e2a6ac3"", ""2"": ""af1fce66ac40fb091314fbf2dea5696c856503e984889f0be32bfe4b94415cfb"", ""3"": ""5e6d12431fab678867f11b535ac99e343cca403105430b4a4b32ea4f9dbc7719"", ""4"": ""1403e30eb49c51d188c3b5bc7493475f66b7beffd48d80a75782948fa386abfe"", ""5"": ""42a036b04d5280371a73a44fd6363ea08f2e8944dedb77594546122f1ec31be5"", ""6"": ""0f1133154a4ff32fc6bcface5495a136f2590dc0954922f62530c2a7cdae1da4"", ""7"": ""fccb985c0472e22dc9f21abeebe6a5d81cf217712cf1638e64aee2fe608f8db2"", ""8"": ""ab23751dfc8097da02ae9a65dcc3f02df9075b7dd48223be28997ead52167e5a"", ""9"": ""2746727c644807d407f2d5768c751794205cd85a4d867f335e2e151162d264de""}",,0,0,0,0,0.0,0.0,"{""0"": 0.21960268447578457, ""1"": 9.751484710120041e-05, ""2"": 0.00013845936490237818, ""3"": 0.0001256379866612261, ""4"": 0.14612215837029258, ""5"": 0.1370213650176046, ""6"": 0.13880590680946137, ""7"": 0.07526904083395435, ""8"": 0.13762458742616943, ""9"": 0.1451926448680684}","{""0"": 0.21960268447578457, ""1"": 9.751484710120041e-05, ""2"": 0.00013845936490237818, ""3"": 0.0001256379866612261, ""4"": 0.14612215837029258, ""5"": 0.1370213650176046, ""6"": 0.13880590680946137, ""7"": 0.07526904083395435, ""8"": 0.13762458742616943, ""9"": 0.1451926448680684}",[],[],1,0,0,0,0.0,003805314a17a4e33e48df8206d853004b35a9fe364c2af74188bf16cf8a1788,1ddb7d971d93cb97323d1cc9ed15c22c8038bbe2d7bb6928ed13c362c047243e,"[""proposal_created"", ""proposal_committed"", ""v1_challenge_sampled"", ""audit_accepted"", ""committed_once""]"
50,trust_v1v2,0,none,0,0,0,0,1,0,,82.18,0.0,0.1,17182344973038867233216940070314743929,e22d4966de9707743136c469917d9140c46672705886217b6c4fee95b24798d2,1,"{""0"": ""03035288ed009fcc10fc673c5c4b6e915a708b661d0cda9b4ab4936bc95ab92f"", ""1"": ""8d0451335e90bea5a441ea1f9df4efb81bacb614403d30506def15f2403a8798"", ""2"": ""372988b1cc88f846dd36367bdf4a0c0b4899b01df56532391cf2708ca06c13ca"", ""3"": ""c9034a461225c7027ab433c49deb01aa378f5ff47d5938bad6f23f6238eac73f"", ""4"": ""0b2899a8f90de72adab72ce1f42b2eef1ff5a017ff66e3443778937fa129e687"", ""5"": ""3730062ccaf009867ce586bf9301237f2f1bf783c64d7611ffe857bed641f657"", ""6"": ""7864e83d9cbd731fd8959abd5e0da723ee5aaaa394ff83bf497416c41e9c6456"", ""7"": ""8fd0f5237c9a3b54d3fe632fee5113499e64601db082e0352cec9f11f8655d54"", ""8"": ""051c4330164532fe6f89482b59f04c8069506596dc0eb501e67bc048872dde5f"", ""9"": ""f23f15564a52e12a6b477e855b96896f15171fb1ef023217bfba312df2644cfa""}",,0,0,0,0,0.0,0.0,"{""0"": 0.0658808053427354, ""1"": 2.9254454130360132e-05, ""2"": 4.1537809470713466e-05, ""3"": 3.769139599836785e-05, ""4"": 0.2329735675324749, ""5"": 0.0704276261743761, ""6"": 0.138568558742586, ""7"": 0.028921948817182738, ""8"": 0.23042429624923794, ""9"": 0.23269471348180762}","{""0"": 0.0658808053427354, ""1"": 2.9254454130360132e-05, ""2"": 4.1537809470713466e-05, ""3"": 3.769139599836785e-05, ""4"": 0.2329735675324749, ""5"": 0.0704276261743761, ""6"": 0.138568558742586, ""7"": 0.028921948817182738, ""8"": 0.23042429624923794, ""9"": 0.23269471348180762}",[],[],1,0,0,0,0.0,1ddb7d971d93cb97323d1cc9ed15c22c8038bbe2d7bb6928ed13c362c047243e,09c51dade42c683156d9a2839451c1e72d404755728d2ad1165cbb6d357f4278,"[""proposal_created"", ""proposal_committed"", ""v1_challenge_sampled"", ""audit_accepted"", ""committed_once""]"
