round,group,attack_active,attack_type,v1_trust,v1_agg,v2_trust,v2_agg,consensus_passed,healed_applied,heal_source,accuracy,v1_projection_residual,v1_projection_tolerance,v1_challenge_seed,proposal_commitment,proposal_binding_valid,update_hashes,recovery_commitment,recovery_v1_endorsed,recovery_v2_endorsed,recovery_endorsed,skipped,proposal_relative_error,committed_relative_error,published_weights,used_weights,attack_targets,excluded_clients,audit_executed,honest_rejection,recovery_attempted,recovery_consistent,recovery_relative_error,parent_hash,state_hash,events
1,noexecutor,0,none,0,0,0,0,1,0,,29.54,,0.1,,ba1e288528dfb9f25129fd3ead72a11f09fee06bbd88603761dbddd671fe5759,1,"{""0"": ""f03f30bb5079ba809d8496a668b01745e532a2d18d7a8b0f19a7725ec9a61847"", ""1"": ""8f468f369bdf78de310e5495d3cfeb2a20d1b11627101a5b947b3f338f5a893c"", ""2"": ""948333af4b1f362e0781c5b14a5663ef7fdaf671421bce223ee5b7d4fd2d89bc"", ""3"": ""bdcb2d7d49ff53e5b8b997d26eaa91ac72e0d3c9ca70840aa9536517d55650fe"", ""4"": ""c93e2f02d1d7741c6d073982059ec05685dd006d8a9e2ba6ad2a4049bc1f932d"", ""5"": ""f4284d9d382ff2f20e6471b31e2ac8219b13cd6945e97821d8bd0c9eb0d4dfa3"", ""6"": ""cf82a7996cae784d8e1d447a487353faee6b3ccd75acdc201a3b34be64529c76"", ""7"": ""735ffe1cc77e4ba719170b1ec36d72d6e0d1af2ba90231f7d1de3eb9429661dc"", ""8"": ""fa68cfe656dc8b0725ad0b8471bebc641496920d390a9dec0925b1dfda71d483"", ""9"": ""603aa345ab122ddebac685997e36dd9a301661ff2a3a80c779dfe44954ad5310""}",,0,0,0,0,0.0,0.0,"{""0"": 0.030000000000000006, ""1"": 0.030000000000000006, ""2"": 0.04228931260920906, ""3"": 0.030000000000000006, ""4"": 0.18623547385559974, ""5"": 0.04146199804840907, ""6"": 0.14293750806097483, ""7"": 0.12460475971460783, ""8"": 0.18623547385559974, ""9"": 0.18623547385559974}","{""0"": 0.030000000000000006, ""1"": 0.030000000000000006, ""2"": 0.04228931260920906, ""3"": 0.030000000000000006, ""4"": 0.18623547385559974, ""5"": 0.04146199804840907, ""6"": 0.14293750806097483, ""7"": 0.12460475971460783, ""8"": 0.18623547385559974, ""9"": 0.18623547385559974}",[],[],0,0,0,0,0.0,f7841e6ee2e000f22425cfcb00f6b2b2b5b53c9dc424bfd55b0d6f4ba52bf3fc,6a9ba5ead8ac7c3103990bbbf9fedfdce58a5eacdfc25da5ec5953aca9fbb01a,"[""proposal_created"", ""proposal_committed"", ""audit_accepted"", ""committed_once""]"
2,noexecutor,0,none,0,0,0,0,1,0,,49.39,,0.1,,deb2cc5493feba0b50c57c0a9469c8b7569e51f0dd7192f1bbcccea005724971,1,"{""0"": ""d1d15ff82506e7f35c3d461ba7891438b1a2be8b74dc0b4b6ae42fc1e3594ac4"", ""1"": ""bae41d98c17eacded8b3944863ec7d8cd2bba1146cfa383ba751c92e8910714c"", ""2"": ""7020f1236e15c23b3193ec05b1d11cc679a3828b9db294146e2862d6b11a2763"", ""3"": ""4d381dd2f36fe810404f29c6e7c396a21286837fa19b1012ce16ab2ad70881d0"", ""4"": ""48b4735272a7fafa5a189045d3474e0c500e1ef08ea83f849b3ecfbf0c9511fa"", ""5"": ""b88eb0af931fa570020c7d11b7464edc1884081b1b536e963668ad7020b1c2c5"", ""6"": ""f6793045ae9a65f353398b38edf677ee475e61e39a22cca0ca13c08d904dc14a"", ""7"": ""704092276c60d02c41de28224d3c517ca29fab12355fbcbe5f30fa3d37b65bc8"", ""8"": ""77c4271b8be76d84b44367b4bba09e24412e08ed45f01a46ac694bc485d34e4f"", ""9"": ""c70111ccf48c0daa507dd6355eda899393f703f0759877ada6b7ecd8150ed244""}",,0,0,0,0,0.0,0.0,"{""0"": 0.009000000000000005, ""1"": 0.009000000000000005, ""2"": 0.012686793782762723, ""3"": 0.009000000000000005, ""4"": 0.07794225817673166, ""5"": 0.015447211117416646, ""6"": 0.23174360953815853, ""7"": 0.14571412883183857, ""8"": 0.24473299927654601, ""9"": 0.24473299927654601}","{""0"": 0.009000000000000005, ""1"": 0.009000000000000005, ""2"": 0.012686793782762723, ""3"": 0.009000000000000005, ""4"": 0.07794225817673166, ""5"": 0.015447211117416646, ""6"": 0.23174360953815853, ""7"": 0.14571412883183857, ""8"": 0.24473299927654601, ""9"": 0.24473299927654601}",[],[],0,0,0,0,0.0,6a9ba5ead8ac7c3103990bbbf9fedfdce58a5eacdfc25da5ec5953aca9fbb01a,04249a0ea626ce43587474d9237c2efba65368219bca711b2ed950bf953cbcf0,"[""proposal_created"", ""proposal_committed"", ""audit_accepted"", ""committed_once""]"
3,noexecutor,0,none,0,0,0,0,1,0,,52.99,,0.1,,3211c7ecad12c0743abba9b24b554af61a06017d58589f25712f75edd1215885,1,"{""0"": ""8f778777191d36d0e86ca39a0e7c131f54d19fd66259b5f5010fb1b5c0113e0a"", ""1"": ""88863b1b09a3837e52f3e19c2b1c94adda4f8bfdf8d72be58e014c76bd15acfd"", ""2"": ""70ff591f33b6d4bc3549b3f4661466cc932cdf1d4144d9eca924232e86f1afa1"", ""3"": ""438c276b4f44cdef4702229c7acda3ac80c5125e694b3994895d7ef679b4ab04"", ""4"": ""ace6066cf4595f602ae2062ad29c58b02f896cae81fb0ea0d4e8a3809a3d2f72"", ""5"": ""b454df0b6911af3190f4b57c1a161695160dfe0aac4a6f4a07d14e6c9da0e6db"", ""6"": ""d28d1c33f500f636b06b04acf2af43e61e78d5836a6b20e285887dd27056a2dd"", ""7"": ""553c684d11b1e4a4d9ff56ab8e2bcf14e6b27c9ea385148492eda4aed6bf5a3c"", ""8"": ""624d99f52903fb4052047aea84b5a6ddd5a4e7998925efb8288b6c913b18553b"", ""9"": ""887c2ea9046b6ba7314ef61aae0583107dff23e74a181ca18804588130e866b3""}",,0,0,0,0,0.0,0.0,"{""0"": 0.002700000000000002, ""1"": 0.03555853462659188, ""2"": 0.0038060381348288173, ""3"": 0.002700000000000002, ""4"": 0.03309943999376095, ""5"": 0.010624605127950274, ""6"": 0.24341343327778933, ""7"": 0.17347744844046759, ""8"": 0.24731025019930558, ""9"": 0.24731025019930558}","{""0"": 0.002700000000000002, ""1"": 0.03555853462659188, ""2"": 0.0038060381348288173, ""3"": 0.002700000000000002, ""4"": 0.03309943999376095, ""5"": 0.010624605127950274, ""6"": 0.24341343327778933, ""7"": 0.17347744844046759, ""8"": 0.24731025019930558, ""9"": 0.24731025019930558}",[],[],0,0,0,0,0.0,04249a0ea626ce43587474d9237c2efba65368219bca711b2ed950bf953cbcf0,f84176bf5e69b127b56fa4aca5dc690c46788f506fb4091ed17b715c15305ea8,"[""proposal_created"", ""proposal_committed"", ""audit_accepted"", ""committed_once""]"
4,noexecutor,0,none,0,0,0,0,1,0,,67.65,,0.1,,f7cca7192071b2adda6c904eb5607cd83a57a9d5a049fa0f41438103410fe23e,1,"{""0"": ""18327ded63ca884300c335e72110ac014db6bcbd8c38c99224faa92554875f3b"", ""1"": ""3eaa3721651870199e00786215ae7f01d99ccf85409a85fefaaf8772fa4c7f47"", ""2"": ""f4bc97fca582da165b9f09d9c6bbc4cb7d9409ae80c98b1628e44bc8cffde467"", ""3"": ""79e15809998a867d4e98eff65612f3a7db351de52b8eda449bdc5178e0a1bdc6"", ""4"": ""ba45c728e3ff4f460d9bcca60efcb4a56cabfe68cadcb54b47c2b328458de361"", ""5"": ""dd350f27d0ee95318922cd38d9b1d5fe337204cc53c05063b6ac758706e7007e"", ""6"": ""6fd9cb585e9f314c839fa3fbfa75ad904ed010aad291bb65c760c5d9874e9055"", ""7"": ""4b3542b5c1cff7978b5cf15d4c2c45e984ac69c72c834666c122104f83c60e44"", ""8"": ""d22a9c821f2105f7653c92502304e05cc51d0836056bc715353016e6dfd23176"", ""9"": ""7f129a9f94a97579025fd7e429dcfc9843998ed3667341ea4dbeb0c73224def7""}",,0,0,0,0,0.0,0.0,"{""0"": 0.0008100000000000007, ""1"": 0.05234008596650435, ""2"": 0.0011418114404486454, ""3"": 0.0008100000000000007, ""4"": 0.02292271110964661, ""5"": 0.010905207482264838, ""6"": 0.25451696310207966, ""7"": 0.19498395584426287, ""8"": 0.20588325687625847, ""9"": 0.25568600817853454}","{""0"": 0.0008100000000000007, ""1"": 0.05234008596650435, ""2"": 0.0011418114404486454, ""3"": 0.0008100000000000007, ""4"": 0.02292271110964661, ""5"": 0.010905207482264838, ""6"": 0.25451696310207966, ""7"": 0.19498395584426287, ""8"": 0.20588325687625847, ""9"": 0.25568600817853454}",[],[],0,0,0,0,0.0,f84176bf5e69b127b56fa4aca5dc690c46788f506fb4091ed17b715c15305ea8,b8e3eedc2ecfe681369218f3692542bcdd51fa999fb7f27aed81ad7c13b7476a,"[""proposal_created"", ""proposal_committed"", ""audit_accepted"", ""committed_once""]"
5,noexecutor,0,none,0,0,0,0,1,0,,65.89,,0.1,,a8be9c84ae4a3e93b106fe5495edf16ae3e5fb332ffe89f3534f669564297a73,1,"{""0"": ""eee4a23989be98ed36d64dcec52931c3bd333417c412197a95266bca917ba87a"", ""1"": ""5d25bf245fe29cab1df2b2c95fda65f9f6f23a1dfb8ecb86d99fb123c42d778e"", ""2"": ""d48e8c2ee2517c49d85de874d448c3899e736d1de729034b60a327b1a3448db8"", ""3"": ""1b9df2f275651e16b924678d5f77f395672d2dbe80a194ad044e3a3f261ec777"", ""4"": ""ad9128f547a30e001fb4e38776d6ddf9db23ee18b06abda33ed869a3cac6b4ac"", ""5"": ""d2d43cbb447e590ae06b2881889030e7d796df00421f21f5bd54c7a2080d03d7"", ""6"": ""e638a57bdba09302a4d931d704ea2389d0f6d47af1f537b7e1af9255c1fc620e"", ""7"": ""212f2c73ad20aed1aa7baa033ed05279bbb3138988acf534b46b75abe2407a53"", ""8"": ""79e058ba81ab8db2c1c4a3b90f4f15a33b7c5eb851ad3cb454c9d14516189ecb"", ""9"": ""b86da3cbda3e41730e8e49869ba488bd019f4db5bb3fd6c7be6f5627734eb107""}",,0,0,0,0,0.0,0.0,"{""0"": 0.00024300000000000024, ""1"": 0.016602064947120316, ""2"": 0.0003425434321345937, ""3"": 0.00024300000000000024, ""4"": 0.027596487688974262, ""5"": 0.004546690049136894, ""6"": 0.20762705626048034, ""7"": 0.2737361845395165, ""8"": 0.17711617284283912, ""9"": 0.29194680023979797}","{""0"": 0.00024300000000000024, ""1"": 0.016602064947120316, ""2"": 0.0003425434321345937, ""3"": 0.00024300000000000024, ""4"": 0.027596487688974262, ""5"": 0.004546690049136894, ""6"": 0.20762705626048034, ""7"": 0.2737361845395165, ""8"": 0.17711617284283912, ""9"": 0.29194680023979797}",[],[],0,0,0,0,0.0,b8e3eedc2ecfe681369218f3692542bcdd51fa999fb7f27aed81ad7c13b7476a,01ab04cb2a3e2ce98b75577637847383e593f41b8bef508367e5f09c5e043245,"[""proposal_created"", ""proposal_committed"", ""audit_accepted"", ""committed_once""]"
6,noexecutor,0,none,0,0,0,0,1,0,,72.76,,0.1,,0ef5744a9f3633c291bc1cb1f0040a205de0ca87ea9eba904c3d6d859d010b57,1,"{""0"": ""fc5ff9d93b4334978bf3bdcd35febda686b660f85b4003f3b520d86ccecdd9da"", ""1"": ""ac1c3fdcbed230f5a7b29aef62a5c25483362cdd5469c3b82006c0af5aa7a13f"", ""2"": ""00268faab0ca864670e5027a6a68a41b0a23c2de9fc321a62959df5968979cfa"", ""3"": ""e0f9e48ffbc4b157148a7562f28d8498dcd127c66fc0d175baade0ccd2297a7f"", ""4"": ""6dd14c7523c2245bca70a95ed9856b8a5849b1c187a621849493f9580610103b"", ""5"": ""4705309a61ee4bcd52b5932e4bae3dc9365a1af09db3dda59303ef47b3ec45cb"", ""6"": ""5f557d9c45319c5c3538d7e4fb06a7423a828f85413c6e9ff57b649f18fafad0"", ""7"": ""d633c3e358e226a1d76d598d83f2924b0e62434d16354d4e7672b67b3e28dd09"", ""8"": ""bbb7d72254dc0f506d92e226995bb1ff09e63a0160a20f3b2f500be4d54e0a87"", ""9"": ""13a69d12b0e7140dc08bb5de61fe717575ea4a65133f588c5110f5a3abb19f44""}",,0,0,0,0,0.0,0.0,"{""0"": 7.290000000000009e-05, ""1"": 0.005364270725958115, ""2"": 0.00010276302964037813, ""3"": 7.290000000000009e-05, ""4"": 0.06866154812292366, ""5"": 0.0013640070147410686, ""6"": 0.266124000638094, ""7"": 0.14296387987151127, ""8"": 0.22385380676524233, ""9"": 0.29141992383188925}","{""0"": 7.290000000000009e-05, ""1"": 0.005364270725958115, ""2"": 0.00010276302964037813, ""3"": 7.290000000000009e-05, ""4"": 0.06866154812292366, ""5"": 0.0013640070147410686, ""6"": 0.266124000638094, ""7"": 0.14296387987151127, ""8"": 0.22385380676524233, ""9"": 0.29141992383188925}",[],[],0,0,0,0,0.0,01ab04cb2a3e2ce98b75577637847383e593f41b8bef508367e5f09c5e043245,110afe3e0a0e767872506f10134a45525bab82596ab4ed00247f0aa9a72dc2e8,"[""proposal_created"", ""proposal_committed"", ""audit_accepted"", ""committed_once""]"
7,noexecutor,0,none,0,0,0,0,1,0,,72.17,,0.1,,24335c8a8b16db070bf5ace593befdf6dadee67771a50836489006e972e94665,1,"{""0"": ""2f15c429ed9c6305e9fb98f41c3e2ad96151f81738299c2ebe8627c6fc544db0"", ""1"": ""974aba759a15cf8fa3badbab4504493e749ebcf7018a32f8f5dddd97cb878e96"", ""2"": ""f478c5cd5fb96643fec02289fca4bc2ed7c773f878474791c357fb39ec5698ed"", ""3"": ""8730cadef2d0b581d32bc879927122bb0b842bb3c2ee091d28136b4544edfe4e"", ""4"": ""cea412ccb6ba4f26acdf008581695fc126960ad828738b35d18f632a844e8373"", ""5"": ""30f9a9bf9e685e743f6a7cdf699730531a5be561bae18a42e51ebf6e2c500b66"", ""6"": ""d3077331789bc79222224802976b3f0b65ad09b4de2684a78548839cb421d7fb"", ""7"": ""fe54ffd8cfd7a4658f7b8cd74c9713e06fc51ee3d9b96464e72a1b5d1a0c7952"", ""8"": ""f712e1cd5ffa587ec96f3afbc5b66230e264e213e6ba9f13f300e0e1b5c0cab7"", ""9"": ""83c94ec58e2a1bf6de96cecdda5fe93c3852b0a5794a859672c7a9886ce48c60""}",,0,0,0,0,0.0,0.0,"{""0"": 2.1870000000000033e-05, ""1"": 0.002292142007998375, ""2"": 3.082890889211345e-05, ""3"": 2.1870000000000033e-05, ""4"": 0.03402161687392944, ""5"": 0.0004092021044223207, ""6"": 0.24994141280912704, ""7"": 0.11104312325266978, ""8"": 0.2818735650474366, ""9"": 0.3203443689955244}","{""0"": 2.1870000000000033e-05, ""1"": 0.002292142007998375, ""2"": 3.082890889211345e-05, ""3"": 2.1870000000000033e-05, ""4"": 0.03402161687392944, ""5"": 0.0004092021044223207, ""6"": 0.24994141280912704, ""7"": 0.11104312325266978, ""8"": 0.2818735650474366, ""9"": 0.3203443689955244}",[],[],0,0,0,0,0.0,110afe3e0a0e767872506f10134a45525bab82596ab4ed00247f0aa9a72dc2e8,0ca8dbeea84204aa2092146fa1da78a0986a1ad9000fa51f29381afe39e621f5,"[""proposal_created"", ""proposal_committed"", ""audit_accepted"", ""committed_once""]"
8,noexecutor,0,none,0,0,0,0,1,0,,68.6,,0.1,,29f6dee2d76860a60336c0d158dd0c206eeaeb185b13c73e7886cda95d9fffa2,1,"{""0"": ""716444dc92e793c2edd6da8266c25fd7db124b557b01050d34fcf7d388707363"", ""1"": ""64032e2480e4b5f95b2f872899ec6d22b317b6db359497ce5c3b18f95b276dca"", ""2"": ""d3466c72a04eda16b49ba1a61ff2b73c7bc8aaef86708aa315c4e43d64c45995"", ""3"": ""e835e7e7e147e48cc09736cc383dc0db53a7eb7042faba4815df525d91a25df1"", ""4"": ""0c7276bcdd194f4e4e0897cec823e780767206814a3f31723a7fe9602c07de11"", ""5"": ""c15803388e0fa316c44196f36a0aeb5d7477747204de7c2cb97e7628939f3a89"", ""6"": ""a27c219200c55ea85fbc043d269f84f7dd33714077db1de4ec4c303565b48580"", ""7"": ""5e1b89da8edaf77582ecd78580fb10a70acf9d0d047810682a6be54df0c7d4bc"", ""8"": ""97f3b489a1911c80b0160801749bdfb0e9097dec4c63452f90232db34b1ea460"", ""9"": ""a7bcb4d2c7f241860f215b47bd6d361c0d2992db4f257b657c9d082df4c943c0""}",,0,0,0,0,0.0,0.0,"{""0"": 0.09351736700945962, ""1"": 0.0006876426023995126, ""2"": 9.248672667634037e-06, ""3"": 6.5610000000000105e-06, ""4"": 0.019655958382574855, ""5"": 0.0001227606313266962, ""6"": 0.23055537228481457, ""7"": 0.07829067977697493, ""8"": 0.28280658422767796, ""9"": 0.29434782541210425}","{""0"": 0.09351736700945962, ""1"": 0.0006876426023995126, ""2"": 9.248672667634037e-06, ""3"": 6.5610000000000105e-06, ""4"": 0.019655958382574855, ""5"": 0.0001227606313266962, ""6"": 0.23055537228481457, ""7"": 0.07829067977697493, ""8"": 0.28280658422767796, ""9"": 0.29434782541210425}",[],[],0,0,0,0,0.0,0ca8dbeea84204aa2092146fa1da78a0986a1ad9000fa51f29381afe39e621f5,a03befbdfc6ccd558372be9ce143ad98cfe1adc5c3f3e039f9f76912c6d19369,"[""proposal_created"", ""proposal_committed"", ""audit_accepted"", ""committed_once""]"
9,noexecutor,0,none,0,0,0,0,1,0,,67.6,,0.1,,45a11c94c2df435dcc099500598b8631375bdaca213fcc0f66ff3a492d05cdd0,1,"{""0"": ""847fe2be8a94c2cba545728b1df4d3561a03c339c2f5857f479c21774189972d"", ""1"": ""5d3b5c38dbd46c1a1eec83624c45e84d100441fe5e59242fc4298f4a1fbd83b7"", ""2"": ""803d21aee04872d52a6d73ccaceb6e3c8a4475105338023ea635b923bd277c11"", ""3"": ""5b2f0f509375cb1d583f57b0c5521d7a7c584a1a47876e8c6648e4c90285e4a2"", ""4"": ""4999a4aed7f3b102aaa5fa29a279c5f13be91e015f49aac5c6a84082100cd84e"", ""5"": ""b83a240aa6db2225ae2c20717fe82c29b4aa431349c45f5e3817d48e74f9525f"", ""6"": ""d31ae63b74b714b0f9a9e64cfaae0b535c01db8916c3726cb4d77929574f50d3"", ""7"": ""08b94e24b786346d5e4718c2f813577608e7c7d7aacd4b458e8aedf5f3169db1"", ""8"": ""6eb11324c11922d4a41d942703bbb5b5e929aca2cd8151b5845d7ae9a71a2751"", ""9"": ""c0306ab67c718a9197fde9b2f07aa7f99b0ecb3d7f92745818172ea24ebc7db9""}",,0,0,0,0,0.0,0.0,"{""0"": 0.18074423729003197, ""1"": 0.0002062927807198538, ""2"": 2.7746018002902115e-06, ""3"": 1.9683000000000032e-06, ""4"": 0.016920297409184954, ""5"": 3.682818939800887e-05, ""6"": 0.23938656863429264, ""7"": 0.0945495238983067, ""8"": 0.20962720432378606, ""9"": 0.25852430457247955}","{""0"": 0.18074423729003197, ""1"": 0.0002062927807198538, ""2"": 2.7746018002902115e-06, ""3"": 1.9683000000000032e-06, ""4"": 0.016920297409184954, ""5"": 3.682818939800887e-05, ""6"": 0.23938656863429264, ""7"": 0.0945495238983067, ""8"": 0.20962720432378606, ""9"": 0.25852430457247955}",[],[],0,0,0,0,0.0,a03befbdfc6ccd558372be9ce143ad98cfe1adc5c3f3e039f9f76912c6d19369,303febae3d28686c2f6134b421be625e28d932634e73528fac883dd5ace155a7,"[""proposal_created"", ""proposal_committed"", ""audit_accepted"", ""committed_once""]"
10,noexecutor,0,none,0,0,0,0,1,0,,69.24,,0.1,,696c6965f298164ac9ffc9fa253948c2d3beed9b16971330d779b35176679c91,1,"{""0"": ""5efc6673a5971582a3f6dc052e258180f014fd4a901ebac3e53da26d53c6dcbd"", ""1"": ""5b2ce6778f6c3423c2cc88fa14d1b5afa0c8478aa87da8339a60f4aecd2d833f"", ""2"": ""87a70b30bbb70dd7fc39640328124b28195e078f5124a06cc8e827d918b1cc2b"", ""3"": ""d0f940ac1955f18198798d54210bb5faed784407124a3b3168fd58b7c50519c9"", ""4"": ""f54ba54cc454b99ad89bca5e33c91b39c76b7760de2328f098de5ac72896efad"", ""5"": ""10d0a92a2169eebc1d9b6f9b9637f6db707bd066a1f3a62bd155c79c96833341"", ""6"": ""d515a4c4d0b55b556d778f663214520d513316d68fc181d92150808b4d1a6c9a"", ""7"": ""c640a065d026fe28d46f8728d3ca1b4e3ede47caf059e3e2875bb1eb683d9b26"", ""8"": ""ec9e17905bb399ba406b557fdec202a747d23669aabedfbc4a3fc11e58c9458d"", ""9"": ""43d6a854c1c0fffd0e6858e3d2c18b5e1d0b17798e398971209593b8b59c2ec2""}",,0,0,0,0,0.0,0.0,"{""0"": 0.14174564157605188, ""1"": 0.0007969924227781069, ""2"": 8.323805400870637e-07, ""3"": 5.904900000000012e-07, ""4"": 0.0130770715797227, ""5"": 1.1048456819402664e-05, ""6"": 0.23853098248429194, ""7"": 0.13196136415290796, ""8"": 0.22960317319113996, ""9"": 0.24427230326574803}","{""0"": 0.14174564157605188, ""1"": 0.0007969924227781069, ""2"": 8.323805400870637e-07, ""3"": 5.904900000000012e-07, ""4"": 0.0130770715797227, ""5"": 1.1048456819402664e-05, ""6"": 0.23853098248429194, ""7"": 0.13196136415290796, ""8"": 0.22960317319113996, ""9"": 0.24427230326574803}",[],[],0,0,0,0,0.0,303febae3d28686c2f6134b421be625e28d932634e73528fac883dd5ace155a7,46b4f8a9d1e2472f35d41b1bc1fa5f857a9009ca3f03500566dd6039aca61408,"[""proposal_created"", ""proposal_committed"", ""audit_accepted"", ""committed_once""]"
11,noexecutor,0,none,0,0,0,0,1,0,,69.55,,0.1,,208b6e9548638a3ea2630cc7da45b8a9b876e6541c61522eb87573d3c60c1d99,1,"{""0"": ""04db34b1fc98e7a476f2782e357186fffb167a350fd017ae78aa225ae97f204c"", ""1"": ""0bad22fe7ba6bd781c02aef2c66cebef6762bcad34c942491cfe827f3d7afed2"", ""2"": ""4bb155b386ade56f22d0e4873dc0e0775e63e1de3f0356c2c202cbc1ca94d4da"", ""3"": ""02fcb9a798eb72a3b29b9e031225ec51b5e439883c4b65e01593f47047fc3416"", ""4"": ""e04b9e3a4e89b12bafcaf51884796ad43c1c7a2bbe2ec193b5de0f43fbe404b7"", ""5"": ""f330cf43ceae1dbc392156342db38592d3975449913d206f438888b7749e798c"", ""6"": ""db733f7302781ad67b85115dae45c4350781061fcaa797c9fcb245e1a74cb623"", ""7"": ""f6cc67f935f681d6397ab6c9381bc92f70e376fba2ff5a57132308965eadb463"", ""8"": ""23d4301feef51e17a578d1026ba62d50d318c4d5f580a3d42acdbcfa1952ed1d"", ""9"": ""931dd7b2a8966ff9974d66e0cf3a794f66ce7d00f0b0129900b83ca60926140e""}",,0,0,0,0,0.0,0.0,"{""0"": 0.10932612995823918, ""1"": 0.00075748064627501, ""2"": 0.02560610112675045, ""3"": 1.771470000000004e-07, ""4"": 0.026355662399343404, ""5"": 3.3145370458207997e-06, ""6"": 0.11143281057438259, ""7"": 0.23263035679554417, ""8"": 0.2275643282860232, ""9"": 0.2663236385293962}","{""0"": 0.10932612995823918, ""1"": 0.00075748064627501, ""2"": 0.02560610112675045, ""3"": 1.771470000000004e-07, ""4"": 0.026355662399343404, ""5"": 3.3145370458207997e-06, ""6"": 0.11143281057438259, ""7"": 0.23263035679554417, ""8"": 0.2275643282860232, ""9"": 0.2663236385293962}",[],[],0,0,0,0,0.0,46b4f8a9d1e2472f35d41b1bc1fa5f857a9009ca3f03500566dd6039aca61408,25ec9dfd1879566c0f67134fb1cc280cf1297b038c767517d8db1348dad33c9c,"[""proposal_created"", ""proposal_committed"", ""audit_accepted"", ""committed_once""]"
12,noexecutor,0,none,0,0,0,0,1,0,,75.51,,0.1,,0b6818d1d245b361dfb265b5206f0584b4609df57c158021aa57726ac20be3f1,1,"{""0"": ""abb2f9b9fbda3866ff7d6eaec606bad3a4efc647b6e71afff9a46a85314a2e59"", ""1"": ""16d68115c65753a383fdb412cf51ce5b0b9a7df8e8a961f429b70dc216966df5"", ""2"": ""09e92c4353de37aa01ee63d3012fd1d97de679c5386e9836dd943d409a796440"", ""3"": ""e73c03ad28878b49c0b333124492d2ac0dfd8c1098b0763d2947f6ca1705135a"", ""4"": ""2d6142890546a75f2aca5b2d9ca9d4018dda515b58930a5ae7f8d12f662c4b68"", ""5"": ""ec2eb4a8ebac683b9e6a811d18653228b0e93d13901f4c4525698ff11c0f5dd3"", ""6"": ""4dcdeee854a0d935dda3e9397ea7407dfc283567ddfd087e36bc75909b39bf22"", ""7"": ""276ec48480795cf878534cad23b5aad58581f502155f69b090f8369b0b111e65"", ""8"": ""6b4ce58706ac6f4cb2ed36900b64256fc6f04490ddcc747851e47d65b46a8f51"", ""9"": ""12bab7c15716951fbbe1f597fd9ad05bab7de0b23f64b07019a93d34c8794b6d""}",,0,0,0,0,0.0,0.0,"{""0"": 0.03279783898747176, ""1"": 0.001657990529646457, ""2"": 0.007681830338025136, ""3"": 5.314410000000013e-08, ""4"": 0.013047000355837148, ""5"": 9.9436111374624e-07, ""6"": 0.20678708117936526, ""7"": 0.24314634504571372, ""8"": 0.24162653649285742, ""9"": 0.25325432956586935}","{""0"": 0.03279783898747176, ""1"": 0.001657990529646457, ""2"": 0.007681830338025136, ""3"": 5.314410000000013e-08, ""4"": 0.013047000355837148, ""5"": 9.9436111374624e-07, ""6"": 0.20678708117936526, ""7"": 0.24314634504571372, ""8"": 0.24162653649285742, ""9"": 0.25325432956586935}",[],[],0,0,0,0,0.0,25ec9dfd1879566c0f67134fb1cc280cf1297b038c767517d8db1348dad33c9c,569f1545b6ea67bb28cc432fd4174dfeae479c591172f45584209369631b1f01,"[""proposal_created"", ""proposal_committed"", ""audit_accepted"", ""committed_once""]"
13,noexecutor,0,none,0,0,0,0,1,0,,75.62,,0.1,,e9314d6744ef7d16c0f7847acc0b544cb2d5ee4926b6829650d3f16430442a33,1,"{""0"": ""8203af5e6e61571e375b209f5c530fdb61588cf37c68273d146756ea9a6bbf4e"", ""1"": ""4c3931b91eb75fc20bcb2e00e0f476575d26c7f0620f944e93c5434c456dfa21"", ""2"": ""472bee2d8fb3b8c52ef515f4ac7c9f1938002f26841fdaa7bf6d4efe085911e6"", ""3"": ""9c1ed2e9d2d69f52c27965d9f871727020ee4ba93e5039fb5903396c09126e4a"", ""4"": ""9ff51401ea8d68d756cd83f1f96ba698904893c1d2d90bcf540691513efdc8a5"", ""5"": ""2738a71346e7dff5e5960be11e43c614da482a378803932ef6fd8cc8e03b76ef"", ""6"": ""3be83a5fadb35d3d0776773d9d6e00a35876f3e0bdc9e5b20c6b079f825a94ea"", ""7"": ""f6199f8d6bb9953031e61dfe4dedfde11f4980756caf6308dc0d6e5ef3d2dca4"", ""8"": ""14a377011758faaa49b20f3b7474c4cce1c860e0f8db14529fce038cfc524495"", ""9"": ""0b5bc10e96c5f4b534388539594b9061c46eae3e7deb30f9b9174f9671216287""}",,0,0,0,0,0.0,0.0,"{""0"": 0.03735053226232957, ""1"": 0.0020632444809978367, ""2"": 0.002304549101407541, ""3"": 1.594323000000004e-08, ""4"": 0.008938959868376893, ""5"": 2.983083341238721e-07, ""6"": 0.10978051239931311, ""7"": 0.27899514494860705, ""8"": 0.27853920238275015, ""9"": 0.2820275403046537}","{""0"": 0.03735053226232957, ""1"": 0.0020632444809978367, ""2"": 0.002304549101407541, ""3"": 1.594323000000004e-08, ""4"": 0.008938959868376893, ""5"": 2.983083341238721e-07, ""6"": 0.10978051239931311, ""7"": 0.27899514494860705, ""8"": 0.27853920238275015, ""9"": 0.2820275403046537}",[],[],0,0,0,0,0.0,569f1545b6ea67bb28cc432fd4174dfeae479c591172f45584209369631b1f01,dc0ec8237734e0e7cbbcb0769adf9c816fb74e618fcc2f07ea3657f22b39a348,"[""proposal_created"", ""proposal_committed"", ""audit_accepted"", ""committed_once""]"
14,noexecutor,0,none,0,0,0,0,1,0,,76.69,,0.1,,c5a994bd627464ccb23dac3c7f09a148e1a63a151f341fbc7d73efeee336436f,1,"{""0"": ""ad4c720b5989244f12f6132c7dbff5c8d72063ee1703184c3fc5b75fc2ea8b6a"", ""1"": ""ee36c92859db1a69a3d08885028561b794cc0e65d9ecef9ad70f6c16cd5721ec"", ""2"": ""c1b54b33a45cf897686a41b27aa2dffa5f0867b048052ce1f4a9855bfe3b86c7"", ""3"": ""0bc27c61f8a7e0e4b9eec4af03d475fbdb8ea8eecb0dafe8e8c86ead8f5a1aa4"", ""4"": ""05e7b99a09ac553b26e19538a2143bab68dedc9325115c2528c297e989b7cbdd"", ""5"": ""98f7ab515e27f3042cd5f4e567be7a43d93cbff4b7efa890ca447ce087064f82"", ""6"": ""acd7db82151070d865ac0786baf1fcee05aedbfb2d2bb3c2ba1e896c3e04d3d8"", ""7"": ""45d4cf7f26a1950f1f826e5530b38578490afbde167b336ddddbd0de34c1f38f"", ""8"": ""0d4fb6d5bb78dae164df690b0c5e953779551b257c08bff431836c1f61cf2e1c"", ""9"": ""3f0b35fece92f778a6cc23e215db22365ed16866c18a75d122db0f875987ffc1""}",,0,0,0,0,0.0,0.0,"{""0"": 0.01643501764321785, ""1"": 0.0006189733442993511, ""2"": 0.0006913647304222625, ""3"": 4.782969000000012e-09, ""4"": 0.0026816879605130683, ""5"": 8.949250023716163e-08, ""6"": 0.26281097755867194, ""7"": 0.08883821400342908, ""8"": 0.31343858455370305, ""9"": 0.31448508593027413}","{""0"": 0.01643501764321785, ""1"": 0.0006189733442993511, ""2"": 0.0006913647304222625, ""3"": 4.782969000000012e-09, ""4"": 0.0026816879605130683, ""5"": 8.949250023716163e-08, ""6"": 0.26281097755867194, ""7"": 0.08883821400342908, ""8"": 0.31343858455370305, ""9"": 0.31448508593027413}",[],[],0,0,0,0,0.0,dc0ec8237734e0e7cbbcb0769adf9c816fb74e618fcc2f07ea3657f22b39a348,14f8d152f8baf53a99fc3e3c347a38f21b1efcc81fa68d5206365ed8ffb982c9,"[""proposal_created"", ""proposal_committed"", ""audit_accepted"", ""committed_once""]"
15,noexecutor,0,none,0,0,0,0,1,0,,76.18,,0.1,,00ac07ba0853019da1ac46977657f75f329e090829b2600e762438e405b19bd6,1,"{""0"": ""a404684103c67a88d15cfec93d5926b16fb9857672105b879d4f63cfb1119ae2"", ""1"": ""e05e1aa6e099971a1658e68163155d60f7595f579bb038908a6e811f935c7d06"", ""2"": ""3858d199eb3f46cd52b2703f4e784f65c29cb3b929075a2aca1387b7ef49a95b"", ""3"": ""890a75585b582b3ffedbcac63e2ed1e01a2bb3cd9dcd99e85793a25b4e6b3e7c"", ""4"": ""09b007e1a0dead4de26295fed87fd23793fda5880f0f1b0bb9bf350fa57b6a3f"", ""5"": ""5f39d560f7682479c8992c1835c6f92b880c1f3ad8e67a9857db2eb24e4e06ca"", ""6"": ""9f42d4c27538b62094e6f7e76fdbeb2728602e57e72b599d3c3badd8cfab407f"", ""7"": ""dfb482e931e3318582b925f49d90343322f9a6799a32a48ab783cc556c0f4635"", ""8"": ""d758e713329580d17fe16681632573194862fe6dd3bc9b442a1edadd5db6debd"", ""9"": ""abc43ac5dbfb42ebe0d506f404fb62bed8af353bfd25b627afc0a24455e29563""}",,0,0,0,0,0.0,0.0,"{""0"": 0.030163314645858638, ""1"": 0.0022963215916952124, ""2"": 0.0002074094191266788, ""3"": 1.4348907000000041e-09, ""4"": 0.0008045063881539207, ""5"": 2.6847750071148497e-08, ""6"": 0.3726053106443246, ""7"": 0.04150206190191338, ""8"": 0.16431350397048158, ""9"": 0.38810754315580526}","{""0"": 0.030163314645858638, ""1"": 0.0022963215916952124, ""2"": 0.0002074094191266788, ""3"": 1.4348907000000041e-09, ""4"": 0.0008045063881539207, ""5"": 2.6847750071148497e-08, ""6"": 0.3726053106443246, ""7"": 0.04150206190191338, ""8"": 0.16431350397048158, ""9"": 0.38810754315580526}",[],[],0,0,0,0,0.0,14f8d152f8baf53a99fc3e3c347a38f21b1efcc81fa68d5206365ed8ffb982c9,58c2cdc5fb554b157265a836dbaa150c7f99e829496437427e1db67ef767ddcb,"[""proposal_created"", ""proposal_committed"", ""audit_accepted"", ""committed_once""]"
16,noexecutor,0,none,0,0,0,0,1,0,,76.8,,0.1,,efc3d366beefe8f2de151cc7a04bd5684f18552b073bf4788eaab2b4fd0d1913,1,"{""0"": ""e710002d4885b3fc6f1bed1550897c1cf1d907e7f977e6683e169717a07f165d"", ""1"": ""bfa13f6a8f695930043f50ac1538e27911356624c3b69802f29eb53481414983"", ""2"": ""07a418068240e722b752cef7888249ec410d5ca307aae9a27b37e7bceca6efe3"", ""3"": ""2347a34be2ddd1c6a459149bbb2fb390f34b3b2042bfbd63040a83487165d2c0"", ""4"": ""35dcfbab0426bcc3273ce211ce8d7fca7ea6e753edfd720cf86bc573435c889f"", ""5"": ""7149142e365aa32ec62d8ecd1a4da36f268bbcb1dc900596f8562f4c951f78be"", ""6"": ""efbe72967f3eeb1c612c494c039277f0a419b60ed845c5078276b2b04f8382e2"", ""7"": ""1a3eb2ea05e1de82ec5ba82632945a7ea5c0f0b7509d2512c6a774e8049904cc"", ""8"": ""f0bd01352f74e69081741cb88679a7ed9de64a264e74e36cfa16f2ef94e03441"", ""9"": ""21c49626bdb68135b43d613d5a3e1774263aad033ac388bfcba82067c7734c48""}",,0,0,0,0,0.0,0.0,"{""0"": 0.016617481939969658, ""1"": 0.0009169006086256783, ""2"": 0.000189890663603945, ""3"": 4.304672100000013e-10, ""4"": 0.00042348844019674523, ""5"": 8.05432502134455e-09, ""6"": 0.21587174354225333, ""7"": 0.028674514253051685, ""8"": 0.3350838801559548, ""9"": 0.4022220919115519}","{""0"": 0.016617481939969658, ""1"": 0.0009169006086256783, ""2"": 0.000189890663603945, ""3"": 4.304672100000013e-10, ""4"": 0.00042348844019674523, ""5"": 8.05432502134455e-09, ""6"": 0.21587174354225333, ""7"": 0.028674514253051685, ""8"": 0.3350838801559548, ""9"": 0.4022220919115519}",[],[],0,0,0,0,0.0,58c2cdc5fb554b157265a836dbaa150c7f99e829496437427e1db67ef767ddcb,0eafdad46a36bf0b85b8e7aaa74db2797f977b23612838c98e5d1c1df3a4b2b1,"[""proposal_created"", ""proposal_committed"", ""audit_accepted"", ""committed_once""]"
17,noexecutor,0,none,0,0,0,0,1,0,,72.95,,0.1,,485b1bdc7bda146892ab30c3b1fbc30bdfd2859bc7dd5b1f394050d1ac57a776,1,"{""0"": ""d59cd019f50e30237508a9331209cc00cc8353336d13e32d6c01aec9f297cab2"", ""1"": ""f722c73f9fa1d55b24bafe5c2eecf738367a4fa8c95cddd9ae1020acdc178c42"", ""2"": ""51c27853d59360edf44f0d5085c4044ed06f4851b502cf518e7438294ee533d6"", ""3"": ""511e8d921a212dde0b1633a832065cb7d59b85d95116da1a44c89e77f2051632"", ""4"": ""9215bd12d3f7dee74c8364350ad15ecebba7184ddfe6c945b2b7b0824c3cbb03"", ""5"": ""4427cccbb7dd27b91a324be4428c523475b74c3cc205aa5f3ef389f3a27c8df5"", ""6"": ""1776fbc350b736b8476c3ba2f76da7081fa555a88310780afa74abe7fb501cdb"", ""7"": ""333e976e0545f1edaa6fc4bd28380f4d729911d24e38c12fc5e1d62c7ef58f6e"", ""8"": ""b04558bdea234673371c939dec44de1962d43ab282498c83e6c4ac669587381c"", ""9"": ""127d2a7537a214105671e268b10ab5c9d00a56d945d0539e24a488fa7add04c7""}",,0,0,0,0,0.0,0.0,"{""0"": 0.10196244538255675, ""1"": 0.0002750701825877035, ""2"": 0.0002417138342200317, ""3"": 1.2914016300000042e-10, ""4"": 0.01098819691473468, ""5"": 2.4162975064033652e-09, ""6"": 0.24529385705058465, ""7"": 0.0589822544938093, ""8"": 0.2810574980346951, ""9"": 0.3011989615613742}","{""0"": 0.10196244538255675, ""1"": 0.0002750701825877035, ""2"": 0.0002417138342200317, ""3"": 1.2914016300000042e-10, ""4"": 0.01098819691473468, ""5"": 2.4162975064033652e-09, ""6"": 0.24529385705058465, ""7"": 0.0589822544938093, ""8"": 0.2810574980346951, ""9"": 0.3011989615613742}",[],[],0,0,0,0,0.0,0eafdad46a36bf0b85b8e7aaa74db2797f977b23612838c98e5d1c1df3a4b2b1,9b0079013193193469beb450c2e99113930ec0cb70ca647bf8e3802cdb180391,"[""proposal_created"", ""proposal_committed"", ""audit_accepted"", ""committed_once""]"
18,noexecutor,0,none,0,0,0,0,1,0,,77.32,,0.1,,0ddac356ca8ac6aa4f953256306199ae29f4ea687812be9647451e7bc093ec9f,1,"{""0"": ""72a2e19997f40f6b63dce700ea8faf2612f138fe9d8725b0e97ede298f54b670"", ""1"": ""75c1120011d1148b53e31d8107e5f59e292414d0558b9ae53b04161b71f004b9"", ""2"": ""36bfce0a4b354585e74e4975d11238001de2df4d118413f355d869aaa8fa3641"", ""3"": ""12f25541e5b5bd5bf78c03c697fbe5109378dbb5b8aeb01d6d2d2ab7b0b4b42d"", ""4"": ""7d7caae6f10929f2a3221de635e56ed9ea2b47b750b6d18d8c8f2ffd2f5bac76"", ""5"": ""fb898ba060c7fac85c2e1c41af7c4607e2a1af33cde1467f263437a8f02b261a"", ""6"": ""523bf14f01a7f7a847cb1d8590ceb5fddbdcaeaba5319a10e5ae7ac0529fe63a"", ""7"": ""f893f9200331c83446a4d87b81ce920f6e22869cdd746300f8379aafcc30d169"", ""8"": ""86d7f6b2e50429444c00e88f21f6df13b4640f0d54192617992bb3249ea96cb7"", ""9"": ""4d0952122815e924c941d61d72125b41f5b9582dc2dbdaf74a51985cd15191ce""}",,0,0,0,0,0.0,0.0,"{""0"": 0.04417811233888415, ""1"": 0.0007991729767314785, ""2"": 7.251415026600953e-05, ""3"": 3.874204890000014e-11, ""4"": 0.11580542640208888, ""5"": 7.248892519210098e-10, ""6"": 0.23942521593856492, ""7"": 0.1835317351715323, ""8"": 0.1599910749664993, ""9"": 0.2561967472918018}","{""0"": 0.04417811233888415, ""1"": 0.0007991729767314785, ""2"": 7.251415026600953e-05, ""3"": 3.874204890000014e-11, ""4"": 0.11580542640208888, ""5"": 7.248892519210098e-10, ""6"": 0.23942521593856492, ""7"": 0.1835317351715323, ""8"": 0.1599910749664993, ""9"": 0.2561967472918018}",[],[],0,0,0,0,0.0,9b0079013193193469beb450c2e99113930ec0cb70ca647bf8e3802cdb180391,e5bd36a35ca4e2db196f2a5a3144e54f22306f82b11032a9f908fd2c7a78030e,"[""proposal_created"", ""proposal_committed"", ""audit_accepted"", ""committed_once""]"
19,noexecutor,0,none,0,0,0,0,1,0,,63.64,,0.1,,dbb0a40e83b62579069a30417b5944e2565602a9454746018b98dfc2f07d6da4,1,"{""0"": ""cc9bd05e992805220a3c9e13e31ccfe0632f6be689004105c7ca800b4e266267"", ""1"": ""6aaae455bedcc2b1b26ce19770232243290fea6dfddf5a6080a52b5e544f1110"", ""2"": ""dca920479d1f9859406c4f314aaf2a2a354ca9e00cfc956d0c48162eac1b8179"", ""3"": ""452e544e0966cfb92a690ef49bb01a5dd7f7e2e964160cabc38db7233ea715e4"", ""4"": ""e8c9ddc768664b02c79a82145cfbf28b6f8cc5ede1dd1df19e6b1bcf7eeadc4f"", ""5"": ""f7fb78bc8c590807ab362775a03c91c953d54b0263c5d4a943baa4c30e18bc03"", ""6"": ""386a589ba4073f7c047ac9d66846f79ec1e7cb5e8143a1eec58b0528952b8bdd"", ""7"": ""1b8603a4f2b747721dce202933817135f5d36f665a0b5991cb5be988991d7915"", ""8"": ""5a61b2c93017f145a20c11d74e48931c86fc6679a7fe03711b4c7adf946a156b"", ""9"": ""94568e4000267bb1d8337defa251677778b9e600447b9dd669dab01e2e8375da""}",,0,0,0,0,0.0,0.0,"{""0"": 0.24312384895492195, ""1"": 0.0002397518930194436, ""2"": 2.1754245079802862e-05, ""3"": 1.1622614670000043e-11, ""4"": 0.03474162792062667, ""5"": 2.1746677557630297e-10, ""6"": 0.3016979800348262, ""7"": 0.0550595205514597, ""8"": 0.2778677377432065, ""9"": 0.0872477784277704}","{""0"": 0.24312384895492195, ""1"": 0.0002397518930194436, ""2"": 2.1754245079802862e-05, ""3"": 1.1622614670000043e-11, ""4"": 0.03474162792062667, ""5"": 2.1746677557630297e-10, ""6"": 0.3016979800348262, ""7"": 0.0550595205514597, ""8"": 0.2778677377432065, ""9"": 0.0872477784277704}",[],[],0,0,0,0,0.0,e5bd36a35ca4e2db196f2a5a3144e54f22306f82b11032a9f908fd2c7a78030e,325c2b862b6ab509fe76c2415b356fd5be1cae5fe4d57c72fee3e18b32d98a46,"[""proposal_created"", ""proposal_committed"", ""audit_accepted"", ""committed_once""]"
20,noexecutor,0,none,0,0,0,0,1,0,,65.19,,0.1,,ba4cb3f71a8cda08e87e94c0a1c2b3c9c31da609ee220d3feec7c5b2d565df9e,1,"{""0"": ""78359967c3db5da74043e47ae257b808d369fb1a65884821dcef241d0bb88783"", ""1"": ""7363fbdedfb325c14e037e8613342ecc0b5e3a20a1ce0549ac68c036ebed0fbe"", ""2"": ""e1b2eb236ae5958ad54b2e329422e72fc6021d924129308c6635e9528c539f6f"", ""3"": ""a8a3e1d671f4c5bef89f269948194c4f3e45d1271eea9b6507d12ffdf6b6d459"", ""4"": ""04480ceb13038bc0186754373161e1bae1df8d6a65a2bc7d62eabe0f51496b6d"", ""5"": ""c7f89c5c49b5f7a556fd80c069869f9df71f8b6302360ab67496cb089cb18aa8"", ""6"": ""53cd3b13797ba73bf12d39bc9cb961b41be58b2ccff354755d68c0863e19c95b"", ""7"": ""6be6253a3e5dd610787076d82ba6b795d4787f09c98e14103b287734ef2ddb8b"", ""8"": ""5e17d0d806436f6bc436872ede02a1cdee5b035e554bef81c5545a956f62d3b3"", ""9"": ""a1856ab25cbc0ad1ba2092769f9a897f0843be9f54f4623b98482c2c9c42e8f8""}",,0,0,0,0,0.0,0.0,"{""0"": 0.20321539715235362, ""1"": 7.192556790583309e-05, ""2"": 0.06474966760695583, ""3"": 3.4867844010000132e-12, ""4"": 0.06758947651169152, ""5"": 6.52400326728909e-11, ""6"": 0.1834510103336081, ""7"": 0.10422596435864037, ""8"": 0.20492651486049512, ""9"": 0.17177004353962277}","{""0"": 0.20321539715235362, ""1"": 7.192556790583309e-05, ""2"": 0.06474966760695583, ""3"": 3.4867844010000132e-12, ""4"": 0.06758947651169152, ""5"": 6.52400326728909e-11, ""6"": 0.1834510103336081, ""7"": 0.10422596435864037, ""8"": 0.20492651486049512, ""9"": 0.17177004353962277}",[],[],0,0,0,0,0.0,325c2b862b6ab509fe76c2415b356fd5be1cae5fe4d57c72fee3e18b32d98a46,9268cdf91381df472590a8bd29da3353e2bb114b46fcbdd7adf156292bdfe52b,"[""proposal_created"", ""proposal_committed"", ""audit_accepted"", ""committed_once""]"
21,noexecutor,0,none,0,0,0,0,1,0,,71.78,,0.1,,f926450828c2a65865ce11b2ca3ef1244630d83686d76e7fac3a8908cfce8ccd,1,"{""0"": ""de7e85acec1aebb10b771f5721f41e8f9758e7e3275eddb580c10eb39f46afad"", ""1"": ""b2da1ffb70a6c21a4e4e0991537c79e7900200ddfa30b6e5548848c380bf131c"", ""2"": ""c04ffcd094fa4bf027f6180049e838f98c3d708de9f95c1cfe870ad432d97185"", ""3"": ""7ae1af54857d90be4aca8e3eae968f171fde83e6f12861bb8f845643297a80e9"", ""4"": ""4dfe5811ae9d85c919f957a9338f61e4c97718214ff3675fb1653499fcd77b5e"", ""5"": ""bee9f3c1deae9811aff3333cdc02404a8167b3ff59849e91a16008884e7b8069"", ""6"": ""d479860e75089745da42b233c0d0dec2458cb0de0f07155572df4fd92447ce72"", ""7"": ""e76d71e00d2b74562538ee515075724f024f3e5106fe26939c633ad21eaef61e"", ""8"": ""001365bda22e97ea148a538f214e33494f567705413d35785b2617ef135f360a"", ""9"": ""30017829d0b0307053dbfe097fd273a3f30c14e72115b8ce1b9bcfc0b590cdbd""}",,0,0,0,0,0.0,0.0,"{""0"": 0.0786611428422198, ""1"": 2.157767037174993e-05, ""2"": 0.019559436469667787, ""3"": 1.0460353203000042e-12, ""4"": 0.12376919003066263, ""5"": 0.02829744807868184, ""6"": 0.3014537298259919, ""7"": 0.05251606721555888, ""8"": 0.30789638118405804, ""9"": 0.08782502668174136}","{""0"": 0.0786611428422198, ""1"": 2.157767037174993e-05, ""2"": 0.019559436469667787, ""3"": 1.0460353203000042e-12, ""4"": 0.12376919003066263, ""5"": 0.02829744807868184, ""6"": 0.3014537298259919, ""7"": 0.05251606721555888, ""8"": 0.30789638118405804, ""9"": 0.08782502668174136}",[],[],0,0,0,0,0.0,9268cdf91381df472590a8bd29da3353e2bb114b46fcbdd7adf156292bdfe52b,4888c66a7b0d2a5816a29f2bb767a98ed07937c109572c99ebfb4d09abded3aa,"[""proposal_created"", ""proposal_committed"", ""audit_accepted"", ""committed_once""]"
22,noexecutor,0,none,0,0,0,0,1,0,,75.03,,0.1,,1f1d7081f039279d339949c82e5a0c098415d529f91c8f93a1861f22ff3a7d9d,1,"{""0"": ""6e98bb7dd03f7476a0ea7cb86033394932fd6c00900dab09003eb7ad82a201be"", ""1"": ""9e2d37a3e5b1dd207bab0fbc32972713809c91c1cad3435bdbe330c7a0296cc7"", ""2"": ""6dc8211f1bf700f95ecb476f7f779accac7b4143199e562295ffb9aee31ee871"", ""3"": ""189fca53ab40f99aa59f0a216cbd3ef939ec57665cf4de8c6f1aff48e49bcfc0"", ""4"": ""54f6ae4c4a4b681322a758c7f1bfeb06381ecb68c0032cbdc61fab0c055c230a"", ""5"": ""c6bebabc5caf1949f97c52027543d9c387bb9f7c0b05be2c3108f3d170a6fe47"", ""6"": ""84f1e4f69edefa646d4012f3f3d78cce3ac1a6728d3547a5e1a5ed0dacb684c8"", ""7"": ""9dc05947724ea6029179859ce57b13c38da85b035bdf271afdef6f609e6f48d0"", ""8"": ""f380adb396341fa948d6850b8a16697e7e2c6b03945a8589f38d2936c9de626b"", ""9"": ""9e8246afaeab639e65fdab83d93bfcd5b51a51a73e35ab7d68f2a89536f81acd""}",,0,0,0,0,0.0,0.0,"{""0"": 0.040728341919052946, ""1"": 6.47330111152498e-06, ""2"": 0.005867830940900337, ""3"": 3.138105960900013e-13, ""4"": 0.16431183869729088, ""5"": 0.010375972747577752, ""6"": 0.10724847870691982, ""7"": 0.2831110594392431, ""8"": 0.09464625696849209, ""9"": 0.2937037472790978}","{""0"": 0.040728341919052946, ""1"": 6.47330111152498e-06, ""2"": 0.005867830940900337, ""3"": 3.138105960900013e-13, ""4"": 0.16431183869729088, ""5"": 0.010375972747577752, ""6"": 0.10724847870691982, ""7"": 0.2831110594392431, ""8"": 0.09464625696849209, ""9"": 0.2937037472790978}",[],[],0,0,0,0,0.0,4888c66a7b0d2a5816a29f2bb767a98ed07937c109572c99ebfb4d09abded3aa,6ed6731530f1c6d474e701fcd8796588bdb20347ff934172b2f263b1bcef0260,"[""proposal_created"", ""proposal_committed"", ""audit_accepted"", ""committed_once""]"
23,noexecutor,0,none,0,0,0,0,1,0,,78.0,,0.1,,6afafb83abb599e5a1f58a38e67b0f3a52a5939733e53ce04cb85a4d0a6331f0,1,"{""0"": ""a7e4b61e22fb30635df24b5f8cd4e48fd8631d204585fbe4e5636ba85a183f62"", ""1"": ""ef8f33601df5ca8fe380b70dd3c965304173c5cf8ebcd670cf3fd31b87c17149"", ""2"": ""5655de1b4dad420112096507996050821cb0bec784bab97c33895e2a19b4af14"", ""3"": ""13bee52c1661d11182fd89a76f0f1cb87ff195a54c07ea0a124a4d78405935b4"", ""4"": ""5bfcd03bfda98ccdd1b23a8041d68b2414ea48127562f99e720cffb2ade65781"", ""5"": ""ae4fce6b35e1e548f6f10d3bcc39262c55e922f436a427032ae2e1efde4c8593"", ""6"": ""2668558a4cbbe141cf45fdbc6f8d9ca8b0dfd5216173d00a3e8d712c2d6b88f6"", ""7"": ""e3c305b1e856d886e50b82887bf04b2312a6ceccd36a4562742a80ec2c865fa4"", ""8"": ""b8b0e5490ff5e356444ed9e5f50be7f8e428582a4d95022d44e3b27edf29b454"", ""9"": ""96e7e914ac869885a479f9f77aed4b5c50ece951eb3d06298c23b5f437d365a8""}",,0,0,0,0,0.0,0.0,"{""0"": 0.012218502575715886, ""1"": 0.00043788311861664875, ""2"": 0.0017603492822701014, ""3"": 9.414317882700041e-14, ""4"": 0.04929355160918727, ""5"": 0.003112791824273326, ""6"": 0.27776742314880454, ""7"": 0.08493331783177294, ""8"": 0.27398675662727623, ""9"": 0.29648942398198896}","{""0"": 0.012218502575715886, ""1"": 0.00043788311861664875, ""2"": 0.0017603492822701014, ""3"": 9.414317882700041e-14, ""4"": 0.04929355160918727, ""5"": 0.003112791824273326, ""6"": 0.27776742314880454, ""7"": 0.08493331783177294, ""8"": 0.27398675662727623, ""9"": 0.29648942398198896}",[],[],0,0,0,0,0.0,6ed6731530f1c6d474e701fcd8796588bdb20347ff934172b2f263b1bcef0260,d69226493c62abcc7c5af2d2e7d5c2fef2b07832216a741c311aeba06dd84cec,"[""proposal_created"", ""proposal_committed"", ""audit_accepted"", ""committed_once""]"
24,noexecutor,0,none,0,0,0,0,1,0,,75.75,,0.1,,a767af08ce75928521965120137e67a57301ee520047214083d0095eabc4ebdc,1,"{""0"": ""7d4eb5902138aeecd902e5fb08bea09178df4a86241a12a605774823555660d8"", ""1"": ""7d0990a8dc80ef037475e4dd9110d02bc348c6b1d6849395f92ac6f2185be39f"", ""2"": ""1853ecb768157f8e8879464fe98b1a4df61ee96ee8b0c590beabeb38e79ac59d"", ""3"": ""4b4ec135efb594c39d7693fd0d6131c85cb088d0e5a5e0a6556a7641057d58f2"", ""4"": ""97d767627131f4694facb1bdb8cf036d443bc0448536451c8017f076bd0615c0"", ""5"": ""e1f39620f25579538c4166eb8156b0ff81be5c5272c06eb8ba7139cbdf54e785"", ""6"": ""842c4778eac3f2b48a4b29011e099eeaa18b62f7344d876f3c80a6fb7e44a9e2"", ""7"": ""61954208dc9624f6e3f6a158357668715fb6c7f62aa5dcfef744a50111bdacae"", ""8"": ""663594b0954f365b1bc0852da146be87ac50557a8a9168948391f133aea23093"", ""9"": ""32cddc8358e66acca354b66122854b71f74308696349a25185d6d5478420e4c3""}",,0,0,0,0,0.0,0.0,"{""0"": 0.05769600482297274, ""1"": 0.00013136493558499465, ""2"": 0.07565336256322923, ""3"": 2.8242953648100128e-14, ""4"": 0.014788065482756182, ""5"": 0.0009338375472819979, ""6"": 0.32736082706565284, ""7"": 0.025479995349531884, ""8"": 0.16497911491735373, ""9"": 0.3329774273156082}","{""0"": 0.05769600482297274, ""1"": 0.00013136493558499465, ""2"": 0.07565336256322923, ""3"": 2.8242953648100128e-14, ""4"": 0.014788065482756182, ""5"": 0.0009338375472819979, ""6"": 0.32736082706565284, ""7"": 0.025479995349531884, ""8"": 0.16497911491735373, ""9"": 0.3329774273156082}",[],[],0,0,0,0,0.0,d69226493c62abcc7c5af2d2e7d5c2fef2b07832216a741c311aeba06dd84cec,0b4e052793954b018c9dcd9f0293e5a22f5c931de5ab8ab92340d37a1da1cad4,"[""proposal_created"", ""proposal_committed"", ""audit_accepted"", ""committed_once""]"
25,noexecutor,0,none,0,0,0,0,1,0,,56.08,,0.1,,0da380e9758da37925579206aacd9a6d96e2a3d9da06379fc5465656e643cea7,1,"{""0"": ""1f19551a736f1e8d3d56a14bd6b75053157d7a116f60d07a0b4c740488c82691"", ""1"": ""1d2219094e0f09325e5b372625806fba2dd41b36cd41d082db31b975e9404a9c"", ""2"": ""81438c57bc5057d43cea9bc1eff77134829a08bb955e811dafa0f550e8f1058c"", ""3"": ""75fb745e608b278a4e65089cb0e46c914f922f048e83282c19854a0042810ff9"", ""4"": ""dff6a5bafd86fc864c2f84e2b5becb3741892a1fb18e473cbf9d8a1c1630d0d6"", ""5"": ""1625116e78e9cd67631b21dbc254828a5be0588ba7c7ea442ae72bdb2f815a80"", ""6"": ""ef5a3862e9e2d2612fd99692ab1f7c4727e07246d1329cd2dc724ed273652dfe"", ""7"": ""fb00f315141c7bff768f3db0871a862e5ee39d609732cf0a440988fb423c16f0"", ""8"": ""0758ca46d843431307ee99e4d1872026303cb74bfecd453619199451a22a2726"", ""9"": ""868ee74a6492c69afb4af5d94f808f0e1fe8e98296696cb47cd0b2910daddca0""}",,0,0,0,0,0.0,0.0,"{""0"": 0.06673283794667438, ""1"": 0.2033512692734393, ""2"": 0.022696008768968767, ""3"": 8.472886094430038e-15, ""4"": 0.07625308665700883, ""5"": 0.012751958938270615, ""6"": 0.15413917593110474, ""7"": 0.08922904354856155, ""8"": 0.07164153094851695, ""9"": 0.3032050879874463}","{""0"": 0.06673283794667438, ""1"": 0.2033512692734393, ""2"": 0.022696008768968767, ""3"": 8.472886094430038e-15, ""4"": 0.07625308665700883, ""5"": 0.012751958938270615, ""6"": 0.15413917593110474, ""7"": 0.08922904354856155, ""8"": 0.07164153094851695, ""9"": 0.3032050879874463}",[],[],0,0,0,0,0.0,0b4e052793954b018c9dcd9f0293e5a22f5c931de5ab8ab92340d37a1da1cad4,3a8cee1b49e0370924d1d102a5963acedfe280bcc6aa0f7b63846621dcd540b6,"[""proposal_created"", ""proposal_committed"", ""audit_accepted"", ""committed_once""]"
26,noexecutor,0,none,0,0,0,0,1,0,,78.81,,0.1,,f6fe08a9e1629c6a7cc7f172a33c6a549fc79acc62bebd2756f4e9e3e6792b70,1,"{""0"": ""cae856d61055039a2c24c2c8d35c3853ccf6ed926b76e5b29e156db280cfabd7"", ""1"": ""94c02f5a78e98089c36ad0d2518214ce1e4ff97c3394494c700295ee42862a78"", ""2"": ""ed27ff463c95fac472c2af14c916a8a7c2d414c8507971ab077b7e3581916a8a"", ""3"": ""a8c9917de7c2043c2ff32b6036e1113bc56dd0e5b668f757d5b534c9912ccf93"", ""4"": ""832bf5a3a9612ab32e724f7fcab8adb451d2ea034a081033dd3666c08cd53997"", ""5"": ""81708de217a19b0076778697cdb91152cbaaf3cef4fbbf0b37544aecfe609770"", ""6"": ""461f51228f64c1ed79946e3eb901029c497dd783b2d0fcd01d484008355bbd75"", ""7"": ""fa3cfb45d861488b3b4517dcb2875a411e738b3b8e3a55bfa973f64bf7603d5b"", ""8"": ""1f2c956cefe3725c2b96ead3aaf20e3239b5c4cc8e132432f72a6a93bf2cc814"", ""9"": ""dd1f086d02233765669f443bc2d49777151528c5c986704cac9e35482d50c5c6""}",,0,0,0,0,0.0,0.0,"{""0"": 0.020019851384002318, ""1"": 0.06744735287460009, ""2"": 0.006808802630690631, ""3"": 2.541865828329012e-15, ""4"": 0.1810184226035842, ""5"": 0.026570560315588944, ""6"": 0.23634758964319175, ""7"": 0.03695733485411907, ""8"": 0.2115982961484154, ""9"": 0.21323178954580502}","{""0"": 0.020019851384002318, ""1"": 0.06744735287460009, ""2"": 0.006808802630690631, ""3"": 2.541865828329012e-15, ""4"": 0.1810184226035842, ""5"": 0.026570560315588944, ""6"": 0.23634758964319175, ""7"": 0.03695733485411907, ""8"": 0.2115982961484154, ""9"": 0.21323178954580502}",[],[],0,0,0,0,0.0,3a8cee1b49e0370924d1d102a5963acedfe280bcc6aa0f7b63846621dcd540b6,ab0b7d7b4f482ce82cdcbcae20a85fee8e1a1a3520f42efddec336a41d510de7,"[""proposal_created"", ""proposal_committed"", ""audit_accepted"", ""committed_once""]"
27,noexecutor,0,none,0,0,0,0,1,0,,76.67,,0.1,,165d5c60d65b37eb8c8493e772ec7fe6a64c2ef8eb2f32dec000abd8e01e1efb,1,"{""0"": ""8aac08952faf5a8332a5b9b6992c6c9ec3fd5e41c533f736bde328d04b1765dd"", ""1"": ""9fe09d0d096e8561848fc7293e71ed3656d5fc92cf0315895c435f9f57475e0b"", ""2"": ""6cdf02a2b1f81a976e47fcf06d8c5f321c962bf65e0e7dfffd0cff77c59c92be"", ""3"": ""56b281664bd6401533725c25f014416ec428a135fd49d3df7d22fec83185ad64"", ""4"": ""349de6918d48ab94ef8c37e523703245da865e42f03f32a159b4d91230a2a880"", ""5"": ""ed29a69e59b9d440045a9560e2bea65fd4346fb66a1003ca83f5b3de776ecc0c"", ""6"": ""2749bf7600da6092997f5cba7a6f13178a001dfd0f9ef8dc118a0f85a3c0779d"", ""7"": ""b5675aba8c9237757189becf3daa7658d1bd5022331a9addf25ea152b061df0f"", ""8"": ""5714cdcf074475c2d612c8b72ebfc44ded281c5e136d4a916dde009be2c8225b"", ""9"": ""81064a00c0f4b7f3c5240ff15595b27ace783e0bfc66768e35322ad112a4495a""}",,0,0,0,0,0.0,0.0,"{""0"": 0.006005955415200697, ""1"": 0.020234205862380034, ""2"": 0.00204264078920719, ""3"": 7.625597484987038e-16, ""4"": 0.054305526781075274, ""5"": 0.007971168094676686, ""6"": 0.3879063677767049, ""7"": 0.011087200456235725, ""8"": 0.4464773979607773, ""9"": 0.06396953686374153}","{""0"": 0.006005955415200697, ""1"": 0.020234205862380034, ""2"": 0.00204264078920719, ""3"": 7.625597484987038e-16, ""4"": 0.054305526781075274, ""5"": 0.007971168094676686, ""6"": 0.3879063677767049, ""7"": 0.011087200456235725, ""8"": 0.4464773979607773, ""9"": 0.06396953686374153}",[],[],0,0,0,0,0.0,ab0b7d7b4f482ce82cdcbcae20a85fee8e1a1a3520f42efddec336a41d510de7,195f01a9fe875f512083affb53d3e059f255d25442726937842e43cad98af1b5,"[""proposal_created"", ""proposal_committed"", ""audit_accepted"", ""committed_once""]"
28,noexecutor,0,none,0,0,0,0,1,0,,69.1,,0.1,,17c8b9b775a19a38983ccf03faa97c677edd29e01c9c2fad92090e92301adfc8,1,"{""0"": ""1e99254e09dc8f58ca693208e5c9f9b7dbc8f3adb30e300015d141eaf18b471b"", ""1"": ""48fdbc88ed6fd4fc3fa7faa477daf73e1cc1ebc9a85fd306b066d30b6f83b328"", ""2"": ""0f4fc0b43d80856a66d0af1fd2ea545be406f7e83e6f6eec55effc1123f714d3"", ""3"": ""9df77dc5632b4043d4e17da1d9ebcf22b1caaed6d883dc38c3af25686fbcbbfc"", ""4"": ""26b3f3d04dcd274506f7a470eedbf58ed488bb464ad0e4dfd62429045c3c97bf"", ""5"": ""5cd62dc5118e4aad0c1c883ea0f91ca9c89bb000bae96646f783502f87815d2a"", ""6"": ""20beb3dc43884457df41cd590fd526e0082c3283ad8dd989747cbbf92e1a9db4"", ""7"": ""8ae0f7f14b69dea3cb32bec47efc74af4b7f4566abc6bb34d230406892ffee50"", ""8"": ""5365842cfdba84569d4d2d30c91551bf31b09f4c070047d9b1c1b430f88ffc7a"", ""9"": ""123b3d661e402177d3ed5acaaf9634c03f906903173914d3a17a4d1b47693746""}",,0,0,0,0,0.0,0.0,"{""0"": 0.16634987707645102, ""1"": 0.006070261758714012, ""2"": 0.0006127922367621572, ""3"": 2.287679245496112e-16, ""4"": 0.12720941435316824, ""5"": 0.0023913504284030066, ""6"": 0.1163719103330115, ""7"": 0.19019029150463487, ""8"": 0.13394321938823323, ""9"": 0.25686088292062187}","{""0"": 0.16634987707645102, ""1"": 0.006070261758714012, ""2"": 0.0006127922367621572, ""3"": 2.287679245496112e-16, ""4"": 0.12720941435316824, ""5"": 0.0023913504284030066, ""6"": 0.1163719103330115, ""7"": 0.19019029150463487, ""8"": 0.13394321938823323, ""9"": 0.25686088292062187}",[],[],0,0,0,0,0.0,195f01a9fe875f512083affb53d3e059f255d25442726937842e43cad98af1b5,4989616475d56dfbb4796c58620e91db517b9031be56d14dbe670e95caa418ba,"[""proposal_created"", ""proposal_committed"", ""audit_accepted"", ""committed_once""]"
29,noexecutor,0,none,0,0,0,0,1,0,,79.22,,0.1,,ccffda3a6bcfda0a7d2cf44ba4d3d9712cffee6586814e12e36e531cde6a0d13,1,"{""0"": ""476882e0e5a12036de7438a77f214dc80c99be17e7a15444394584680bf42cc2"", ""1"": ""40dc689e34b22541b719ee95ab6d005f6c62c272a6e3516326a00f820aa8f753"", ""2"": ""00e02168b05837a0b847cafc329195733cb571be0a0d5ad9153360d695cccc39"", ""3"": ""02e0c5a88b05dcffb7c6f8d4a6f89c9d4185c36e75b32bbcec129b448dd19093"", ""4"": ""c65c15dda3c4496b37c0aa5c2d232f54d82ffbb5c4b442dbc2bf0700ce6e7592"", ""5"": ""f7604c4a22176b89bde46d3055ecd68fb7aaa15e89cffc695ccb4ffc371e95b3"", ""6"": ""971c2268c5eb141f6e68f3cd932bcda90c2eeb15de037ad3e5f670e0a01c76a4"", ""7"": ""ae2bfb51ea20df4adb8c68d57e03f3ba5780b7c4d7d8be4d7251d3e5b6359303"", ""8"": ""c5df386b16d945762883f568f598ec46f501cf31009cbf9b115e794027708e1f"", ""9"": ""7a767586756df4416b4405c86c7a63415ea492fa8ab277dda29416127462256d""}",,0,0,0,0,0.0,0.0,"{""0"": 0.05922523215470038, ""1"": 0.001821078527614204, ""2"": 0.00018383767102864718, ""3"": 6.863037736488337e-17, ""4"": 0.04092630591985892, ""5"": 0.008467402272014191, ""6"": 0.20038705207229537, ""7"": 0.06927527655083304, ""8"": 0.29141925788596934, ""9"": 0.32829455694568593}","{""0"": 0.05922523215470038, ""1"": 0.001821078527614204, ""2"": 0.00018383767102864718, ""3"": 6.863037736488337e-17, ""4"": 0.04092630591985892, ""5"": 0.008467402272014191, ""6"": 0.20038705207229537, ""7"": 0.06927527655083304, ""8"": 0.29141925788596934, ""9"": 0.32829455694568593}",[],[],0,0,0,0,0.0,4989616475d56dfbb4796c58620e91db517b9031be56d14dbe670e95caa418ba,6f339de34f61738b6afddf888c1bc8267fd7a260cb12b44852defb9b454f8763,"[""proposal_created"", ""proposal_committed"", ""audit_accepted"", ""committed_once""]"
30,noexecutor,0,none,0,0,0,0,1,0,,75.75,,0.1,,1eeefafda9d9045f3341469fae3ede9a65e0ad599bbb50bbb6db23dffdb52a06,1,"{""0"": ""5851c30aadf21ff004804754cffabc3060718c070873753751a55c200a83d141"", ""1"": ""03ca514e29d1481e2a7510537a5694bd0bfd74bef9ff541a274d15316c7afd9a"", ""2"": ""4d9caf36ef6464c83703e0820e6bf3e40fa11ee7258d2513df1117f19560ced1"", ""3"": ""0001e439f745c98a572e06b319f2f256d659c991da983a75d3d7e220f0563820"", ""4"": ""a5af235243b266dc2e54b0b6f012e936d0b1b1257a7506d80d058a137681bd47"", ""5"": ""200daf82e25d8b2657027a545282ddffe11db619a4c3a0f52854529ff12b9d84"", ""6"": ""e61f131bbc57583854b6fe990bba943745c014e274be369b4e8eaa75bfb5f587"", ""7"": ""060d48ee4c85e373d0bbce03d5cf86b1fb1d2895f63732744c4d87e779ad456c"", ""8"": ""1d24d5acd6c73ab694f7f4c8884ee5110ce113755c16ca2feff416d9cd9f2674"", ""9"": ""e01f2702bec48d6f07966162815f1af742f2f965842ae09e47f7728340b9cbec""}",,0,0,0,0,0.0,0.0,"{""0"": 0.017767569646410117, ""1"": 0.0005463235582842613, ""2"": 5.5151301308594165e-05, ""3"": 2.0589113209465015e-17, ""4"": 0.012277891775957677, ""5"": 0.003369589874501462, ""6"": 0.4783678011622181, ""7"": 0.09616250766424539, ""8"": 0.2929647979333686, ""9"": 0.0984883670837058}","{""0"": 0.017767569646410117, ""1"": 0.0005463235582842613, ""2"": 5.5151301308594165e-05, ""3"": 2.0589113209465015e-17, ""4"": 0.012277891775957677, ""5"": 0.003369589874501462, ""6"": 0.4783678011622181, ""7"": 0.09616250766424539, ""8"": 0.2929647979333686, ""9"": 0.0984883670837058}",[],[],0,0,0,0,0.0,6f339de34f61738b6afddf888c1bc8267fd7a260cb12b44852defb9b454f8763,3ca032c3464650838d2afddef3548fd7ffa240b6d27f3761382de6f4d8acadfd,"[""proposal_created"", ""proposal_committed"", ""audit_accepted"", ""committed_once""]"
31,noexecutor,0,none,0,0,0,0,1,0,,74.48,,0.1,,7906eda305ce7c69d58eaa3dfbb115d1ab028b1d5b10ad8b61f969fbc26e595f,1,"{""0"": ""b81f1c1425aff791b0d85ab7326c0035080b355d34ddc26edd2b1b71c20fd2db"", ""1"": ""a9a7c0058739f60259f0553f50387e8d5d23d27ff958511a91f5f6654d2c6d65"", ""2"": ""59ed21b02bdeaf2a265eeba1ab20fafa57b084a9fffe081c27b8cb7cadc2db74"", ""3"": ""3c825de89ab0bd00a9c37526a1ea7eab10d0048c0d073a804cabdc7d64c8a012"", ""4"": ""b3cd70b2c110fbf949e44ec4f5a82568d74247db8776281f08d83966df1d481c"", ""5"": ""0ac3b79d101e6663a3d7edd2b49a6d81c4e293b060fa825e68762d11b8a2e4fd"", ""6"": ""3c205f54c32f0636890147efaddb595631721c50a38d064baefa72e91552ef14"", ""7"": ""9b971252c97f699ab8762e19bbc439c8acd268afc961019a68e521c24e76e126"", ""8"": ""0576449952d84907db327b90955561d45e110cfce8b12a9a7c103371305a99b5"", ""9"": ""ad423306e6848e8772474469d406a860cd39be9bb650f5dccaf237d904377528""}",,0,0,0,0,0.0,0.0,"{""0"": 0.0326653781267333, ""1"": 0.0001638970674852784, ""2"": 1.654539039257825e-05, ""3"": 6.176733962839505e-18, ""4"": 0.004750026444968105, ""5"": 0.0010108769623504387, ""6"": 0.14351034034866544, ""7"": 0.18210994974170422, ""8"": 0.08788943938001059, ""9"": 0.5478835465376901}","{""0"": 0.0326653781267333, ""1"": 0.0001638970674852784, ""2"": 1.654539039257825e-05, ""3"": 6.176733962839505e-18, ""4"": 0.004750026444968105, ""5"": 0.0010108769623504387, ""6"": 0.14351034034866544, ""7"": 0.18210994974170422, ""8"": 0.08788943938001059, ""9"": 0.5478835465376901}",[],[],0,0,0,0,0.0,3ca032c3464650838d2afddef3548fd7ffa240b6d27f3761382de6f4d8acadfd,2d749e0cd140d12f38332bfa9460f72dccee2c8353f15ec0516245d23274bdd9,"[""proposal_created"", ""proposal_committed"", ""audit_accepted"", ""committed_once""]"
32,noexecutor,0,none,0,0,0,0,1,0,,76.6,,0.1,,02187f742f2262152b7e0ec28a1c67c5850b9d96e41f9a9bd6815f301f0237c2,1,"{""0"": ""0234c866a960fb307224ddebf3fd970fdf5a61d91c990696209d98cf7a8c43e6"", ""1"": ""7fca034e0ac5e60fe104c99ae848ec031301dc540277bb0f7d986bb923d27625"", ""2"": ""1be056ef00915119f958b1f8b33c174a4567a551928fb42da46157e7101321f6"", ""3"": ""bd63d9b744ddfae6a3eb6132943caa341b24ca3d7bacbd683d5621b6527f0dc1"", ""4"": ""cd4678d26e4caa092048709d37e1f39302b2657b583d62b15197209bc6c923d7"", ""5"": ""c6d6207e8dc43aba89babaa5f91cee65b2ce81065aa9736e7948adefbe8bca5b"", ""6"": ""315b57cb273cef65338ab377c63788ac0de48abf3b39d2a81f81edd3d0f11f6a"", ""7"": ""4e7110ed783f4ceb083b4c4442744c91fcf2ed45c7d967816588cec6aca3f213"", ""8"": ""aad2e7ed4686ec43cfe1c27eaf7e8fa160ec9ccc715ac5bb196736854719383d"", ""9"": ""76adcdf93feb25b8fd531e3e6e8e2d38a249e5c104fa5851befed18f2efc68c7""}",,0,0,0,0,0.0,0.0,"{""0"": 0.00979961343801999, ""1"": 4.916912024558353e-05, ""2"": 0.04161225069683843, ""3"": 1.853020188851852e-18, ""4"": 0.003151277244228628, ""5"": 0.007759683117531083, ""6"": 0.1548670301874214, ""7"": 0.1345467266072538, ""8"": 0.483849185627154, ""9"": 0.16436506396130707}","{""0"": 0.00979961343801999, ""1"": 4.916912024558353e-05, ""2"": 0.04161225069683843, ""3"": 1.853020188851852e-18, ""4"": 0.003151277244228628, ""5"": 0.007759683117531083, ""6"": 0.1548670301874214, ""7"": 0.1345467266072538, ""8"": 0.483849185627154, ""9"": 0.16436506396130707}",[],[],0,0,0,0,0.0,2d749e0cd140d12f38332bfa9460f72dccee2c8353f15ec0516245d23274bdd9,dd6892141d0fc0e8d61c48a8fd510adb7b85d50182ee59b5fdf695882fb0d732,"[""proposal_created"", ""proposal_committed"", ""audit_accepted"", ""committed_once""]"
33,noexecutor,0,none,0,0,0,0,1,0,,63.29,,0.1,,e5311960230aeaf509af229e2fafe57416447c3d40eb2c3982c1f7f41ac4a1b9,1,"{""0"": ""347e8cc484d8b25cd1607f8efcba90f905be74b06ed52fcce3068c68d93fabe7"", ""1"": ""ad700574dcb4f9e0e43603f349d4c4aba1dfe85e35750798d3ea29feaeb58656"", ""2"": ""f7c467cd94cb2ff98b2db022f6431443f9327f4225324a4eded7ae1a714fac59"", ""3"": ""8b86d1b8f3e755061eae4cf58233cb3b06b075c7023b21a344703f05eb97bc13"", ""4"": ""88cffdc687b3b3c47dc36566e0e6276508377766d5883bd00de130ecfc6dcc21"", ""5"": ""da82ba83ca380b92f05f636aedbff2cfcf157613ac4aa4e474ff521b184a6dd0"", ""6"": ""c3f05ac063f6a0403012f59e60220f54d1ee73131e2cbb5b4a530e00787cb6aa"", ""7"": ""5931df9833a00c84158ee50b0ee959ed12229dab1d773004446c8135f2cf76b7"", ""8"": ""dba6766f03070969aa586300a224d10b8fc3616e8aa741877add3f5fed7ad89e"", ""9"": ""616963b253b41509425cf257bd2b99fd8d74018133a1ea94dbcf589cb6688e71""}",,0,0,0,0,0.0,0.0,"{""0"": 0.2020760786569863, ""1"": 1.4750736073675062e-05, ""2"": 0.012483675209051531, ""3"": 5.5590605665555565e-19, ""4"": 0.006368286291112087, ""5"": 0.0036412384763281815, ""6"": 0.06227677784218297, ""7"": 0.27951946794695154, ""8"": 0.14515475568814623, ""9"": 0.2884649691531675}","{""0"": 0.2020760786569863, ""1"": 1.4750736073675062e-05, ""2"": 0.012483675209051531, ""3"": 5.5590605665555565e-19, ""4"": 0.006368286291112087, ""5"": 0.0036412384763281815, ""6"": 0.06227677784218297, ""7"": 0.27951946794695154, ""8"": 0.14515475568814623, ""9"": 0.2884649691531675}",[],[],0,0,0,0,0.0,dd6892141d0fc0e8d61c48a8fd510adb7b85d50182ee59b5fdf695882fb0d732,88e06950568a9b6ef6f49fe3385fac7aef290259dcccfb104777490f43e4dd5f,"[""proposal_created"", ""proposal_committed"", ""audit_accepted"", ""committed_once""]"
34,noexecutor,0,none,0,0,0,0,1,0,,75.98,,0.1,,50df8642d17b1a636ed86716d34c07e2dc937b29929a8ee851cd998a2405ad47,1,"{""0"": ""6e301a5c859179b94aa0c21ab6c26285a0dbc1bda30405afff2cc30389d74356"", ""1"": ""69fabb9d818f0db75c26ed8d3c6ae5147cf4748e411894a541dff0479addd045"", ""2"": ""29f8cbcf2e0fce1120e1952149f3c499545752b70f7d3196de25a2cbcb312730"", ""3"": ""20d08d68c290d34f0806926b463def0ff983ac02cce678c898aa02323fe5341e"", ""4"": ""f49f0d7c1c474f5b8d9380bb41465014a57de0a102b370681adeef46ca3552a7"", ""5"": ""1c8279fbd05fe35020653e2daf03ed7cc0054b437d27b3242edc38611e97fd16"", ""6"": ""1437b4ec4911e853683cde83c76e36a032554c94ec255b029ab75a59ef0c96ac"", ""7"": ""5bbe976f54e1d201265fb787458da6487491d75a6aa6f213f656d3822c12925d"", ""8"": ""fc4610cc5a0c9d18146421196cbf06f7374f2c516ce2ff5f19fee76102f8828c"", ""9"": ""6b09c70499be4a20c8d8842da8909a5b813a14d77eaa198d31bad9a7832bba7d""}",,0,0,0,0,0.0,0.0,"{""0"": 0.10413461165660104, ""1"": 0.02229475826682575, ""2"": 0.0037451025627154608, ""3"": 1.6677181699666676e-19, ""4"": 0.060985834750879236, ""5"": 0.1699607120407581, ""6"": 0.19161364964974759, ""7"": 0.09941458301085201, ""8"": 0.21647704300353657, ""9"": 0.1313737050580844}","{""0"": 0.10413461165660104, ""1"": 0.02229475826682575, ""2"": 0.0037451025627154608, ""3"": 1.6677181699666676e-19, ""4"": 0.060985834750879236, ""5"": 0.1699607120407581, ""6"": 0.19161364964974759, ""7"": 0.09941458301085201, ""8"": 0.21647704300353657, ""9"": 0.1313737050580844}",[],[],0,0,0,0,0.0,88e06950568a9b6ef6f49fe3385fac7aef290259dcccfb104777490f43e4dd5f,a3c3a23d251faadefe3d814f7880c808b0cd532d75e895fa992a93982bf248e4,"[""proposal_created"", ""proposal_committed"", ""audit_accepted"", ""committed_once""]"
35,noexecutor,0,none,0,0,0,0,1,0,,77.08,,0.1,,5d99c3397ca8ad3f7779e5dfdd59c53b7d2b9774700ba58fdd641e4a9beecc89,1,"{""0"": ""e71853d8cd4f9e4d9b308e961875097d1f469cd974d22e6f3898b10fe736b84a"", ""1"": ""3ae2505d7586afe2002cf6d4d146e2d8e9fc20a06b60824aa8cad290114f4ea1"", ""2"": ""7375052c32236143afc75444a706fb1a550e9048c527815359fe92766d20c29c"", ""3"": ""a89593e68f64ec8c20df4133c075d7eba3ef1806c2c225e52b02a5a2132df13e"", ""4"": ""9abc43ac5a069973db0287009abc37f2a8d51b4b15532c5f27538a60c4ad5c58"", ""5"": ""c8b2387b7213323043610ca770af67a333177b0973e1141492680f60839aec5b"", ""6"": ""b2dbe12fef31321e911219b8827265d3a0e7542a8439a208ba04685eb259129d"", ""7"": ""43f0c98c6aea13f8931bd4ebfb26c8f38e412a25d196ea06cdfd5cdfd26cdcad"", ""8"": ""c94caa479756c801805f598ef91c1e9d8e5cf388a3450cc69acfd19c936ce6dd"", ""9"": ""bab99a7c85a3e4e1d92086a77741eba1e469b113b2dfc10f11cbad4c406654c3""}",,0,0,0,0,0.0,0.0,"{""0"": 0.031240383496980318, ""1"": 0.006688427480047726, ""2"": 0.0011235307688146384, ""3"": 5.0031545099000036e-20, ""4"": 0.018295750425263775, ""5"": 0.05098821361222744, ""6"": 0.3587235439463616, ""7"": 0.127345476800381, ""8"": 0.06494311290106097, ""9"": 0.3406515605688626}","{""0"": 0.031240383496980318, ""1"": 0.006688427480047726, ""2"": 0.0011235307688146384, ""3"": 5.0031545099000036e-20, ""4"": 0.018295750425263775, ""5"": 0.05098821361222744, ""6"": 0.3587235439463616, ""7"": 0.127345476800381, ""8"": 0.06494311290106097, ""9"": 0.3406515605688626}",[],[],0,0,0,0,0.0,a3c3a23d251faadefe3d814f7880c808b0cd532d75e895fa992a93982bf248e4,a962093508fe3e1afd007bbfc7e45a7f8336f8559b535f3890e5b22029ba802c,"[""proposal_created"", ""proposal_committed"", ""audit_accepted"", ""committed_once""]"
36,noexecutor,0,none,0,0,0,0,1,0,,79.45,,0.1,,4d747710b2e66174cc55d07f88c8b91d591e76012f836ff56e81323d704b92c9,1,"{""0"": ""a5ba35fba29a88c3eee9729968161ce5fcc8a8073552a46513f1c97c711a7f2c"", ""1"": ""2f9a196d7237dbe03f8a5f22e72f3e30b95c19f3d45d07160d26023455cd786a"", ""2"": ""131281799ee5bf37d0358b959e5570489d15e5bff5bdc8922c8acad7c9a1f64b"", ""3"": ""2d6dc38ea5a74ebab0d06cd916c067be3f23782b604c1f29033206999c08a389"", ""4"": ""cfb08ad4b1b14448239f0840e3a3ea3b5557c6beefeac86452cf712850981bff"", ""5"": ""75993924e3562da7b52b506f9c37b5ca8efaebf133e9f71231939dcd153c733a"", ""6"": ""f2420be17d59817b9fbc787c713d26fc42c4b1dab4d43535405c78cf82c88995"", ""7"": ""e2ac2d185fe9d68d0a96bf47c72e0ffd4c7677bc332346c0370186838254976e"", ""8"": ""a28bdd40750469977d8be72afc0862cd6bac3837335b8729641efdb00f547721"", ""9"": ""d28443b0ba63a226afa7b5487f16c6d449eedbcc8f97c98cd7080bfa690511ca""}",,0,0,0,0,0.0,0.0,"{""0"": 0.009372115049094099, ""1"": 0.008633357621154704, ""2"": 0.0003370592306443916, ""3"": 1.5009463529700015e-20, ""4"": 0.25034641438476185, ""5"": 0.015296464083668236, ""6"": 0.1174069981228377, ""7"": 0.05565385573277427, ""8"": 0.264340623127501, ""9"": 0.2786131126475639}","{""0"": 0.009372115049094099, ""1"": 0.008633357621154704, ""2"": 0.0003370592306443916, ""3"": 1.5009463529700015e-20, ""4"": 0.25034641438476185, ""5"": 0.015296464083668236, ""6"": 0.1174069981228377, ""7"": 0.05565385573277427, ""8"": 0.264340623127501, ""9"": 0.2786131126475639}",[],[],0,0,0,0,0.0,a962093508fe3e1afd007bbfc7e45a7f8336f8559b535f3890e5b22029ba802c,fe5e532341c2c9b6a0b9849b55cebd77d549c331ee25d85cf0866a052ce78ab3,"[""proposal_created"", ""proposal_committed"", ""audit_accepted"", ""committed_once""]"
37,noexecutor,0,none,0,0,0,0,1,0,,68.11,,0.1,,32c8e3f663689043d702a8fa8a15f7015c63c01842c64fb49948b0d25a20998f,1,"{""0"": ""83758d0f6f200eee4fa61cf22323499189c3584be727a64adcc283e1f5d62deb"", ""1"": ""2df37828e788c730de9f4841d37a8ee4433f6e4a70805084495395030bcd35f6"", ""2"": ""cdce32e4f761ec12075f6123ce35dc47e2d85cfeffe9b8daafe00ac872c3839f"", ""3"": ""e6d8dcb053466df6de5cc0f27dd1d44446040c13ccbe32d07f1cabe2db7a504a"", ""4"": ""08af8d2bcdd77df63358afcbaa03543198bf142c9d1ece61a06995da4ae538a1"", ""5"": ""07ea888664de9f49982cd8161c3262ca5ac6a889354944d3935cd24f340d2484"", ""6"": ""6593003133072b78d246f74eb7c48e0010e7d474069968810b42188e448412c8"", ""7"": ""bdbd400a03523d07334c35b9ba947c2eefe0345f53a3e69dcb141121b3fa60a0"", ""8"": ""e71233c828e327aedd6c17701507f743e0e7b3e05268e330bf941a45e0fdbbcb"", ""9"": ""af8a5b1fd61088e1e44e86a5d5742849dbbbaedd288001933239b9e76f043a39""}",,0,0,0,0,0.0,0.0,"{""0"": 0.06655861618782877, ""1"": 0.20997950152120679, ""2"": 0.014185653391511625, ""3"": 4.502839058910005e-21, ""4"": 0.07510392431542856, ""5"": 0.0045889392251004715, ""6"": 0.24261159367171167, ""7"": 0.016696156719832284, ""8"": 0.07930218693825031, ""9"": 0.2909734280291295}","{""0"": 0.06655861618782877, ""1"": 0.20997950152120679, ""2"": 0.014185653391511625, ""3"": 4.502839058910005e-21, ""4"": 0.07510392431542856, ""5"": 0.0045889392251004715, ""6"": 0.24261159367171167, ""7"": 0.016696156719832284, ""8"": 0.07930218693825031, ""9"": 0.2909734280291295}",[],[],0,0,0,0,0.0,fe5e532341c2c9b6a0b9849b55cebd77d549c331ee25d85cf0866a052ce78ab3,c9e20c1f57935fd4fa66a6de0f3db3806a9f3069aa445d46dc82612c6371c714,"[""proposal_created"", ""proposal_committed"", ""audit_accepted"", ""committed_once""]"
38,noexecutor,0,none,0,0,0,0,1,0,,78.42,,0.1,,f25ff75b4f5d3209e77d1b6d6f9ceede7446e3cf9cd41533102c259b7c06be5f,1,"{""0"": ""13125659324951df1ae071bf3bf246c26867fa415e85f87e1ff674454c04859a"", ""1"": ""027ad16f484a2279cccc201004610a66b85d93e00781770767792dda22623097"", ""2"": ""7650802fdeb92c8d97179054bd6fb2aa0f3011a758bf50a9d287dc6656312c54"", ""3"": ""5f9696d4dea75beb51cda6ba471ac7592619b26d30d0d8ff120db83df5e97481"", ""4"": ""a1dbc6736abde11b7addc7394ec5652cb9e441ac73918188d3ab0d290d554d0c"", ""5"": ""0efe669bdfc2657c86b62b943549d330f7bad0781fa3057757fee9592cbde4d3"", ""6"": ""cb15910b82a7ef8b46b91e04be01bae517c7b7ca86fe835297eec5a9f5f1f13d"", ""7"": ""2d909f9e22031c08ea2a0d9179bc2c9476efc48fd671288837018a2d4f1d58ab"", ""8"": ""16d3b1e11aa6a3891f4b0ce2323a65b5560a77c45f26c7679f8b909a9c80e004"", ""9"": ""20f95e5a61e808f84dd7e31a211fc6bfea570991eaa8227e8134b3f2ff6808dd""}",,0,0,0,0,0.0,0.0,"{""0"": 0.019967584856348638, ""1"": 0.06713030429791444, ""2"": 0.004255696017453489, ""3"": 1.350851717673002e-21, ""4"": 0.15675441583512525, ""5"": 0.006041912376937392, ""6"": 0.25835433024360854, ""7"": 0.005271367598208366, ""8"": 0.20936150822357008, ""9"": 0.2728628805508339}","{""0"": 0.019967584856348638, ""1"": 0.06713030429791444, ""2"": 0.004255696017453489, ""3"": 1.350851717673002e-21, ""4"": 0.15675441583512525, ""5"": 0.006041912376937392, ""6"": 0.25835433024360854, ""7"": 0.005271367598208366, ""8"": 0.20936150822357008, ""9"": 0.2728628805508339}",[],[],0,0,0,0,0.0,c9e20c1f57935fd4fa66a6de0f3db3806a9f3069aa445d46dc82612c6371c714,3cb07f49578a15edc1d70448ec641f08257fe0fdf83da3efe2c0c95239fb7b56,"[""proposal_created"", ""proposal_committed"", ""audit_accepted"", ""committed_once""]"
39,noexecutor,0,none,0,0,0,0,1,0,,74.79,,0.1,,a092280d2c8929dffc735c66eb786aa63868ee87e7f554aa04803db9d3d75995,1,"{""0"": ""e780eb1cbedaca949e2cb9b62b6ca2a7f50a192b690320eba80465ff3a7e7742"", ""1"": ""9439c8aa545eca28a8d0c761cf0087e931902cb42700d59cd86d1d3757be59fe"", ""2"": ""3ff064b2b7e27b3ec21cf9446572f8555ba801fa92a835fc14615d69f4dc1bad"", ""3"": ""51d727388ce2391fb15a78c68858404e02c2b8c938b92b985d1ea736cba09ff7"", ""4"": ""3d48866a7ad3f6b4811f22367d33f691ad0e8451afdaf5e02f751397ee4d2900"", ""5"": ""4b1a09ff487a9ec0c366b1e68c6554e0101729be7cca817806ae038577b1acce"", ""6"": ""6020d4b2fcd86fb0b6d9154abfcda4434c5e628b0fe6ce523387d7433d92fc7c"", ""7"": ""cfecdd5c096d7a2aa17687c13d8a5a1c1f5146f88046feec544ca4a94131bc3d"", ""8"": ""414187365559a181f865dccff5de0e7a5e716a6e8f30d69a79a23dc08c19651e"", ""9"": ""5b5661882fc5f093c3d9ab35efc5bfc788e0795a01cafba5096c4ecc545f0e96""}",,0,0,0,0,0.0,0.0,"{""0"": 0.005990275456904594, ""1"": 0.02013909128937434, ""2"": 0.001276708805236047, ""3"": 4.0525551530190078e-22, ""4"": 0.15656136123263495, ""5"": 0.0018125737130812183, ""6"": 0.07750629907308258, ""7"": 0.5920463737973651, ""8"": 0.06280845246707105, ""9"": 0.08185886416525019}","{""0"": 0.005990275456904594, ""1"": 0.02013909128937434, ""2"": 0.001276708805236047, ""3"": 4.0525551530190078e-22, ""4"": 0.15656136123263495, ""5"": 0.0018125737130812183, ""6"": 0.07750629907308258, ""7"": 0.5920463737973651, ""8"": 0.06280845246707105, ""9"": 0.08185886416525019}",[],[],0,0,0,0,0.0,3cb07f49578a15edc1d70448ec641f08257fe0fdf83da3efe2c0c95239fb7b56,529bd94eba1b277a0e96e7c660e40ac06226726b6b0cf5d17838229f82c2f798,"[""proposal_created"", ""proposal_committed"", ""audit_accepted"", ""committed_once""]"
40,noexecutor,0,none,0,0,0,0,1,0,,80.7,,0.1,,badc4d82b3a564e87bb427765f95f7ae20cbec7094dfbca6ef227b86e14ff105,1,"{""0"": ""6fb75bfe23402d16ed16e8644a3b0794acf3aea816d4020b6c790c383aed24c0"", ""1"": ""fe1c3aabfb45e37f364c3e5496cc701dcce05dbf27cfee0b39cda34cd929742f"", ""2"": ""efa5f6c4def0cf1b1189a8e8d1b9e65903069a3e67397b49a09cef341eeb2fed"", ""3"": ""1dc4d296921a2b49cb153732384b8e4c6f6cec64106ad4e39dfbd13233acc02f"", ""4"": ""66318fec7a69c864917b5d28cc829241d0ace647b045e11bea789be332e05420"", ""5"": ""285b1a8e935f5e59ba9e420d087efeccd9b5f47b87e175bb39f5b735949f6001"", ""6"": ""e013b9af637cd31811e60204ac10e701dd37f87d919f711ad1ae9770f6ad86e5"", ""7"": ""ad52bd425982d268ee96f51075a48bb99eab279c8cb264d800cd1be2de03d55e"", ""8"": ""b837720afaafa85d0e945ec1a136b48fd846153c9f4c919ce69305d1443ed453"", ""9"": ""310cd3848243149c81d696be1f295eaaafb4fecb032cd79f108b0502bbb82b3f""}",,0,0,0,0,0.0,0.0,"{""0"": 0.0017970826370713785, ""1"": 0.006041727386812302, ""2"": 0.0003830126415708142, ""3"": 1.2157665459057025e-22, ""4"": 0.047878857047654426, ""5"": 0.0005437721139243656, ""6"": 0.25628174016263683, ""7"": 0.17761391213920957, ""8"": 0.25187238618083335, ""9"": 0.2575875096902871}","{""0"": 0.0017970826370713785, ""1"": 0.006041727386812302, ""2"": 0.0003830126415708142, ""3"": 1.2157665459057025e-22, ""4"": 0.047878857047654426, ""5"": 0.0005437721139243656, ""6"": 0.25628174016263683, ""7"": 0.17761391213920957, ""8"": 0.25187238618083335, ""9"": 0.2575875096902871}",[],[],0,0,0,0,0.0,529bd94eba1b277a0e96e7c660e40ac06226726b6b0cf5d17838229f82c2f798,c4bdc577f64816f4266529fb996cab4377b29ef10a0086bb4a090429842ded31,"[""proposal_created"", ""proposal_committed"", ""audit_accepted"", ""committed_once""]"
41,noexecutor,0,none,0,0,0,0,1,0,,80.64,,0.1,,e629fde3ec44546c1c81d6a254ab344ea9c6b30b316cb16c928b8fd24298353f,1,"{""0"": ""9eef657495edf5b81f6665cc7ae41c61137fcad70618d34db09bf76f31ccdb21"", ""1"": ""e198f91258d0690f6b5835fe22d6d95c4b8b8fe0b973099d0836f26db6707768"", ""2"": ""502822ddcbbc770f21ca0a88962a6875680869315ef7e3b87af65d7fc8d3baa6"", ""3"": ""ab1e138ae232aef2c62aa920f09f5c2912bcf7794537f62cf75d6172a6d57aa1"", ""4"": ""7a3d2d6d9cbdf328df73542ba0ae0861da6551152c0332f7327218d0838e9ea4"", ""5"": ""9515df9924fd7853be2c35c6ac63bd0dbb5fb826a4db6026b485454c218ba2bd"", ""6"": ""20019c9de37a07c7355708c571534b02475409bb728815e0666c65d19112cae0"", ""7"": ""30077a284501cf72376ba28f96a644a110b2c26b4565e0ea553248551613c350"", ""8"": ""eba170d5460b2ebb8ad7696b648fd62f0f4c45e05367b6aa2693ca395fd88782"", ""9"": ""5f2594be9ffbfc4bebcfce14cb6ff9a25c35479f8538cb46a1d84fba08db0966""}",,0,0,0,0,0.0,0.0,"{""0"": 0.0005391247911214136, ""1"": 0.001812518216043691, ""2"": 0.00011490379247124427, ""3"": 3.6472996377171084e-23, ""4"": 0.01436365711429633, ""5"": 0.00016313163417730969, ""6"": 0.31021785538212443, ""7"": 0.05328417364176288, ""8"": 0.30889504918758337, ""9"": 0.31060958624041946}","{""0"": 0.0005391247911214136, ""1"": 0.001812518216043691, ""2"": 0.00011490379247124427, ""3"": 3.6472996377171084e-23, ""4"": 0.01436365711429633, ""5"": 0.00016313163417730969, ""6"": 0.31021785538212443, ""7"": 0.05328417364176288, ""8"": 0.30889504918758337, ""9"": 0.31060958624041946}",[],[],0,0,0,0,0.0,c4bdc577f64816f4266529fb996cab4377b29ef10a0086bb4a090429842ded31,47fe1580de8d9a4a7ce12e9687d07cb1adb42457e58b8a1ca38b625f254814c0,"[""proposal_created"", ""proposal_committed"", ""audit_accepted"", ""committed_once""]"
42,noexecutor,0,none,0,0,0,0,1,0,,65.61,,0.1,,8aba3c091e435ffe26405f99b43c45b36ad657d0cd12bb906e27beb046a70b19,1,"{""0"": ""a41658d601362d4edce74ab20abd76283860baf5a733532cdbb19eda6cdbf7f6"", ""1"": ""585b23978a449b4d0f920bdece7b86c4f8aa15eaef32fcbd4f70f95828b4f741"", ""2"": ""7504c0d46416820445125940c139ab43cf7559bfa8cd3b3d32c5509cb173d5f5"", ""3"": ""a1f899d9eb813f270769801129c3af275eb4baf3a59c094fea9dcb7aeec7bfd7"", ""4"": ""6bb3039daf4e64cdd2b36fcb66152c38f24be1b2664d3c8fb569d9a8e1e95265"", ""5"": ""26a1f6db9179f609363d5e97e2d402d970a42e1dbb9bc0391279c5a379f8caf9"", ""6"": ""ff7cd4008904ebd155274cfc532598317647dbb2793e79066518f323a8869e94"", ""7"": ""b8654ad6a079d1d7cfacba2e20d4a21a0769d1fa76f57a746b01644c92ec3617"", ""8"": ""67e41e9d98f110cf335d47ed7366c8cd97d86d56c4fd013d278c121c3a67f4af"", ""9"": ""386faf20c1945e23c57b6e10d04ee7c8df9f60de43d20977bb400c9fbc4fca2b""}",,0,0,0,0,0.0,0.0,"{""0"": 0.23349507077066975, ""1"": 0.0005437554648131073, ""2"": 3.447113774137329e-05, ""3"": 1.0941898913151327e-23, ""4"": 0.0043090971342889, ""5"": 4.8939490253192914e-05, ""6"": 0.09306535661463734, ""7"": 0.01598525209252887, ""8"": 0.32600184808960836, ""9"": 0.3265162092054592}","{""0"": 0.23349507077066975, ""1"": 0.0005437554648131073, ""2"": 3.447113774137329e-05, ""3"": 1.0941898913151327e-23, ""4"": 0.0043090971342889, ""5"": 4.8939490253192914e-05, ""6"": 0.09306535661463734, ""7"": 0.01598525209252887, ""8"": 0.32600184808960836, ""9"": 0.3265162092054592}",[],[],0,0,0,0,0.0,47fe1580de8d9a4a7ce12e9687d07cb1adb42457e58b8a1ca38b625f254814c0,8d2f7ca548eb909a0a3a6b8446aa2c689133ed9e7f68acae9329f299692b6724,"[""proposal_created"", ""proposal_committed"", ""audit_accepted"", ""committed_once""]"
43,noexecutor,0,none,0,0,0,0,1,0,,78.58,,0.1,,762d2db264161c96c64acbd4acce0e217e1fbe75807b75159ed04562d0e32629,1,"{""0"": ""7a8f907fb3e9586fb9e3524c1acd941c7a485be12882ea1f95bc9ea8b78e4adf"", ""1"": ""6ee569e8ef26d31846d7cfd69d7646d6e4c2877cea215b27702c95ca245462e4"", ""2"": ""e6f95162e46aee3d36ebffaee3a8c9b2dbe761801accc19e58e220473c8f42f3"", ""3"": ""e50e5305487667c7e3cec55ffcebf2eb81c30dcdd6a7c87aa9e3a954405d9aa4"", ""4"": ""86562af7966b92c50e1d9564c3c96ce094157f71b93b21e12e9b975c97d7d055"", ""5"": ""4f930ea74873f2dd64c8cd6301731a95e99d35cde9ec79d2724e17a46a38e69e"", ""6"": ""990ae3d3aada074805c43b0dee0d8c1e24d2342b9d8d3b71fef263423ea30ea1"", ""7"": ""d23e8dc26b04a071b21607b96ce9de3e3aa2e7b8e7a129493092132db855b541"", ""8"": ""2514eee1f4e6820a2c8d88daefbd14f460fd05a88fb7aecdcd01b9e976bd58ec"", ""9"": ""2799fadc61223bfc70be1f8f6dc26ab5305088fb63571412555c849201b0c903""}",,0,0,0,0,0.0,0.0,"{""0"": 0.22330711037772227, ""1"": 0.00016312663944393222, ""2"": 1.0341341322411988e-05, ""3"": 3.2825696739453983e-24, ""4"": 0.016012364897515997, ""5"": 0.017752863972766018, ""6"": 0.18117819613091252, ""7"": 0.05930340115875399, ""8"": 0.25105914357340386, ""9"": 0.2512134519081591}","{""0"": 0.22330711037772227, ""1"": 0.00016312663944393222, ""2"": 1.0341341322411988e-05, ""3"": 3.2825696739453983e-24, ""4"": 0.016012364897515997, ""5"": 0.017752863972766018, ""6"": 0.18117819613091252, ""7"": 0.05930340115875399, ""8"": 0.25105914357340386, ""9"": 0.2512134519081591}",[],[],0,0,0,0,0.0,8d2f7ca548eb909a0a3a6b8446aa2c689133ed9e7f68acae9329f299692b6724,e548182b827c4467e2e2d3d8d59954d28b625b28cacd4cdc2ecb437f08346d24,"[""proposal_created"", ""proposal_committed"", ""audit_accepted"", ""committed_once""]"
44,noexecutor,0,none,0,0,0,0,1,0,,76.74,,0.1,,1327c178f7ab32aeeaa2b9858c709d16ba77b2c97e19edb033ede95476ed7ccc,1,"{""0"": ""dc6802a9077b406e8b5189d2acde1762f52e28548b552209dbe472f009be125f"", ""1"": ""ab1bf4f473d5cd2787967f8d2fdfd52a8bfb7145cfc1d80a5f21e9e1d5da7392"", ""2"": ""7f2768f5cbef5d7a568e0ac7610ceeca158de07f3f6937c288ac7c9fda8c7c78"", ""3"": ""2a5ab8cd6ba4bd912428d0217a960f6e6eb537e8578dbc98a4fc285a6062a233"", ""4"": ""4bf2361d33057a4a7b44d509dcce5c213671ac613e846beeacd2f9ca1d11da52"", ""5"": ""689d8cb4d13d8761017f323de4ff0fcdd6775cc78b46b839769eb541e42ca81d"", ""6"": ""7930eb771461c38e1ff18c9cff4c0e43b353ffb1fdf711888c44253f3a796a69"", ""7"": ""040c681bd87916bbf0ba545d8ff729f624360c8de1c9566541ef2181eea89636"", ""8"": ""536629d8fa6dcbae5ddc71e738e8264b00d9d3ab8597e24e01bbaa8e4c860d72"", ""9"": ""a51b064406750c5a506a870f162f13fee9cc8b36012beee4a41ffaf496d1ee58""}",,0,0,0,0,0.0,0.0,"{""0"": 0.0669921331133167, ""1"": 4.8937991833179676e-05, ""2"": 3.102402396723597e-06, ""3"": 9.847709021836197e-25, ""4"": 0.15587510233960547, ""5"": 0.07693673823109036, ""6"": 0.11949619438500217, ""7"": 0.20366600710198332, ""8"": 0.11574276210796716, ""9"": 0.26123902232680485}","{""0"": 0.0669921331133167, ""1"": 4.8937991833179676e-05, ""2"": 3.102402396723597e-06, ""3"": 9.847709021836197e-25, ""4"": 0.15587510233960547, ""5"": 0.07693673823109036, ""6"": 0.11949619438500217, ""7"": 0.20366600710198332, ""8"": 0.11574276210796716, ""9"": 0.26123902232680485}",[],[],0,0,0,0,0.0,e548182b827c4467e2e2d3d8d59954d28b625b28cacd4cdc2ecb437f08346d24,492e2351fbac40c0b5390bda6dfe018aad142c4213bfd6d40e525b86956a3eee,"[""proposal_created"", ""proposal_committed"", ""audit_accepted"", ""committed_once""]"
45,noexecutor,0,none,0,0,0,0,1,0,,80.12,,0.1,,9aec17fb70a66778b83b842af2d2e1ce455514db952b14aa90d5b9ba0a919613,1,"{""0"": ""bd21c31855f0bf37b6e0453072c4a420ae66903d9164c21863f5081bc048829a"", ""1"": ""ad822ef3c77edd89219ddf878ce9a3d3409cc24edbc43b1f0c9c555a8fd05715"", ""2"": ""f943a053bc856c1c6cd51b5f5f2cd92d858174a0c7040b72474dddb2ba4c14cb"", ""3"": ""2519eee7c8c6b171a49571e40a23a61f9b2d215b480eeccf9f5fae71df1b699c"", ""4"": ""dae2e9740457111d469f1f1415db18dd9e876afb37dc9be5669d0b4d36066f8c"", ""5"": ""ec7e487de2dfbe7ecb073ec6a11bff25e552c2620cc2b71fa5f7425e97c4a0fe"", ""6"": ""09c105a8db5915cb13be79a917e8a75ffaedf52a6a9cbf52a55dbe9dd1f5730e"", ""7"": ""254f11fc39bf881efcd9a0237643f59148e918a995f631fb5dce085496681f49"", ""8"": ""64b7e3a3851c74f0b28fedd43cbb9dbd184c33331938c3c9f3f42ac98c033ce2"", ""9"": ""dc8ed320ea7f885c91e1cf2892d8f71f017975065cba4fdca5c50a2b45edf315""}",,0,0,0,0,0.0,0.0,"{""0"": 0.023491406319931324, ""1"": 1.4681397549953908e-05, ""2"": 9.307207190170794e-07, ""3"": 2.95431270655086e-25, ""4"": 0.046762530701881654, ""5"": 0.023081021469327116, ""6"": 0.3408387589004518, ""7"": 0.06109980213059502, ""8"": 0.33971272921734125, ""9"": 0.16499813914220293}","{""0"": 0.023491406319931324, ""1"": 1.4681397549953908e-05, ""2"": 9.307207190170794e-07, ""3"": 2.95431270655086e-25, ""4"": 0.046762530701881654, ""5"": 0.023081021469327116, ""6"": 0.3408387589004518, ""7"": 0.06109980213059502, ""8"": 0.33971272921734125, ""9"": 0.16499813914220293}",[],[],0,0,0,0,0.0,492e2351fbac40c0b5390bda6dfe018aad142c4213bfd6d40e525b86956a3eee,9e3db5b464f2d635a2fa74964a1d7e5dc01a09e74584bb832b59d48298e71fbb,"[""proposal_created"", ""proposal_committed"", ""audit_accepted"", ""committed_once""]"
46,noexecutor,0,none,0,0,0,0,1,0,,79.15,,0.1,,54a2e66e871db10ba450b9291591b94e5de7577652fc64f621d3fbbb7f25743b,1,"{""0"": ""f0e9650cbec8388b3d7c0b85520ee14d6c089e8de8d6a8cd8b134875474a4685"", ""1"": ""ee1b57c624ea948f0265ebdc9b8958d2c3b0c0e2d62cffc65df78a97157c2166"", ""2"": ""5e186759257513d311aad99be50b8594c44e91227c7d51bb9bae7e28fc44c6b2"", ""3"": ""d6c344e568c133ad4b786aaff37ff8218e332899b8ab22dfd8f43d28e505c068"", ""4"": ""74e238dc1e762e60b18642bf46fb470ecd3ace73da72c9694538469017040957"", ""5"": ""223df3a70170c82e4eaf48fa0f44c8943566754c931bcbad3359e8cda5f23ca0"", ""6"": ""cd96daaae036b4fcb0c2ddde87f8ea6ace92badfd9b3ab37ab8bea431e4677bf"", ""7"": ""9127c0ec6b55b80d47d1175c2309842ee35c85946758be6d0f02cc63bbd95c24"", ""8"": ""a2031bab331993674ca93a783644f3ff9054b6181587dcf1dcb8ccd8c6e034e9"", ""9"": ""610b8774912150ce9df6220f0bd0a469e3221060119c3cfb4a72026f58c7e458""}",,0,0,0,0,0.0,0.0,"{""0"": 0.007755200892314064, ""1"": 4.4044192649861735e-06, ""2"": 2.7921621570512387e-07, ""3"": 8.86293811965258e-26, ""4"": 0.2536709518304663, ""5"": 0.006924306440798136, ""6"": 0.10225162767013556, ""7"": 0.07625096348907724, ""8"": 0.10191381876520239, ""9"": 0.4512284472765257}","{""0"": 0.007755200892314064, ""1"": 4.4044192649861735e-06, ""2"": 2.7921621570512387e-07, ""3"": 8.86293811965258e-26, ""4"": 0.2536709518304663, ""5"": 0.006924306440798136, ""6"": 0.10225162767013556, ""7"": 0.07625096348907724, ""8"": 0.10191381876520239, ""9"": 0.4512284472765257}",[],[],0,0,0,0,0.0,9e3db5b464f2d635a2fa74964a1d7e5dc01a09e74584bb832b59d48298e71fbb,e8821bf7b4d4b18f2f582ca35c4c5b3f6f7c16a633b32728fe246b3a9c3a0d8e,"[""proposal_created"", ""proposal_committed"", ""audit_accepted"", ""committed_once""]"
47,noexecutor,0,none,0,0,0,0,1,0,,78.45,,0.1,,c2584c12352ce96810e7c7bb23a951dff9be8fa793efae35c1baa3ebda2ca857,1,"{""0"": ""984c3344022a7efdc9171aba7a5f111b30a771ea2fca50546aa1811286234ef9"", ""1"": ""2926d784392da7af8e460ed37e413caddb59bc9417e46479874eb4aeb06e910b"", ""2"": ""69aa2eb1327eb7e9c67094544a50ac9e482901d7792f08e5de9d67279b259984"", ""3"": ""ebd3ac85f73f28bbb9895e768fa6de5c9d6b3c7b06cd76e94acfbe7bd32c64fe"", ""4"": ""897e1a398bad59d5429c1fa3048ab65382f1a5968901e82dc229bdb6387d3160"", ""5"": ""03c4af62f514549fd906a4d8475d478c7f73d6fee3640f2c4f40080445c7dd5b"", ""6"": ""9b8a5484742f7396b6658782e639de08bba4570948bd86efcc43fcccf43871b2"", ""7"": ""4d67d65fe2a66c0f12bc11119bf275b29dba24e2eb1ab75cdcb81087d11138b5"", ""8"": ""7f58eabad75de6d5b8d613ce4424fce45315eed2c8fa9a3a428f844f25bf1369"", ""9"": ""904fe8c2801752fd2c8b25d4b830ded65b548486ab58e34bf8773d2d7f12e1c7""}",,0,0,0,0,0.0,0.0,"{""0"": 0.028004544816385327, ""1"": 1.321325779495852e-06, ""2"": 8.376486471153716e-08, ""3"": 2.658881435895774e-26, ""4"": 0.07610128554913988, ""5"": 0.002077291932239441, ""6"": 0.36533605376560413, ""7"": 0.022875289046723174, ""8"": 0.3652347110941242, ""9"": 0.14036941870513966}","{""0"": 0.028004544816385327, ""1"": 1.321325779495852e-06, ""2"": 8.376486471153716e-08, ""3"": 2.658881435895774e-26, ""4"": 0.07610128554913988, ""5"": 0.002077291932239441, ""6"": 0.36533605376560413, ""7"": 0.022875289046723174, ""8"": 0.3652347110941242, ""9"": 0.14036941870513966}",[],[],0,0,0,0,0.0,e8821bf7b4d4b18f2f582ca35c4c5b3f6f7c16a633b32728fe246b3a9c3a0d8e,b6bf299c762fe6a74d3a5c9c9210deef7bf0e4397443d9302fec459d59bedaea,"[""proposal_created"", ""proposal_committed"", ""audit_accepted"", ""committed_once""]"
48,noexecutor,0,none,0,0,0,0,1,0,,79.8,,0.1,,20c2fa6889aacf2f8203615ffd147207eb91750a8c1125075d660253016a6bba,1,"{""0"": ""691e4110aac20acf8e1aa4208a15eae3ae148d0ad130f53e558cae40a4fd9855"", ""1"": ""f5a85062958b4ffc67ecfa5279ef04cb3b0e28d4d88e4b1132a88f50a77667c9"", ""2"": ""63dad8b1a0aa0f738e62f2b7845ea8b7d0b1c696b89926d3d93d62f48df4f69f"", ""3"": ""4d0017f1caca139ecac994b7e661a197f159b55f978da56ffaf447986bb1f226"", ""4"": ""77544fcaf1a96eba4f52baba342844df5f426f13e9528ba33e3c5d7d4e4e1534"", ""5"": ""3b8f9ba5516f678377729b78326a8925a8ef9f1d558ab790f8f28d69f24e1c2b"", ""6"": ""a35db744995556efa621d3c64fc31bd9dad242a6bdf3c735452fb0b169993530"", ""7"": ""4e0e5e3dccdbe9e637c5928e36f2d48506e9d34e5f0a5ce7d66de76d8bde26b0"", ""8"": ""d969c70723fa73f2756e77602b290a98cc876b385931efc624645b2d2b200c01"", ""9"": ""783a1c59c9ca516e403abb41a0b7977fb7043032ab19bbaf0485195ced515217""}",,0,0,0,0,0.0,0.0,"{""0"": 0.010877335837945784, ""1"": 3.9639773384875566e-07, ""2"": 0.0021177572215529145, ""3"": 7.976644307687322e-27, ""4"": 0.28645697594306213, ""5"": 0.0006231875796718323, ""6"": 0.10960081612968126, ""7"": 0.07530493096276414, ""8"": 0.10957041332823728, ""9"": 0.40544818659935083}","{""0"": 0.010877335837945784, ""1"": 3.9639773384875566e-07, ""2"": 0.0021177572215529145, ""3"": 7.976644307687322e-27, ""4"": 0.28645697594306213, ""5"": 0.0006231875796718323, ""6"": 0.10960081612968126, ""7"": 0.07530493096276414, ""8"": 0.10957041332823728, ""9"": 0.40544818659935083}",[],[],0,0,0,0,0.0,b6bf299c762fe6a74d3a5c9c9210deef7bf0e4397443d9302fec459d59bedaea,a90a4917b8b35dfa6bc591bfb72ffec27587de50dd055c8f902ff23445da34ae,"[""proposal_created"", ""proposal_committed"", ""audit_accepted"", ""committed_once""]"
49,noexecutor,0,none,0,0,0,0,1,0,,68.27,,0.1,,5138f1dc6005e08d228d43c1e3e9cca23e75afab4b0d126bed087e39f96c7c52,1,"{""0"": ""ea1f83969d8d5ad08348442979b87c1d9fa8a4184cd3a5e8890c75337216cd06"", ""1"": ""cb34a3eac911be1201159c6294818971fcb6d5999a5cff7f1377db336b945c86"", ""2"": ""d63e5529d25b2594879eb391cc70b7e4c21a2366be6fe55be26f02367955f164"", ""3"": ""4e6cdf8d1225800ee2d999bdce68565453c084984d8a45b95152f485f21bf089"", ""4"": ""fec70410abe2b738aebd6b2bc3a878f5a707b16b7e5021b01b535634c8ee0b01"", ""5"": ""7809ff1ee2b324b2d53ca53a0c57d5f5be5f5713673cb5f5a07a0198ad6a31ea"", ""6"": ""969805138d563789f3ef902240570b7f1fd0f7f5d7797070030fd1da3abd4c60"", ""7"": ""943c18fd7fbbb4b7c2994925262c3d38a3c80563b5bdb485c638b77d2310819f"", ""8"": ""f0fafeb195ac7dc566fb471424006eaef7bfc772f7651d215652e95791511a1e"", ""9"": ""d390fec8bdaa70b5c9d1731d0c8bac2921eb44d03be71387f18ed2d69f2f895f""}",,0,0,0,0,0.0,0.0,"{""0"": 0.004556461531655104, ""1"": 0.24627476657417335, ""2"": 0.0006353271664658745, ""3"": 2.392993292306197e-27, ""4"": 0.08593709278291865, ""5"": 0.00018695627390154972, ""6"": 0.40815074473451707, ""7"": 0.022591479288829246, ""8"": 0.03287112399847119, ""9"": 0.19879604764906805}","{""0"": 0.004556461531655104, ""1"": 0.24627476657417335, ""2"": 0.0006353271664658745, ""3"": 2.392993292306197e-27, ""4"": 0.08593709278291865, ""5"": 0.00018695627390154972, ""6"": 0.40815074473451707, ""7"": 0.022591479288829246, ""8"": 0.03287112399847119, ""9"": 0.19879604764906805}",[],[],0,0,0,0,0.0,a90a4917b8b35dfa6bc591bfb72ffec27587de50dd055c8f902ff23445da34ae,c2329b1b3ba6a25f40a7365adc0b581ada1822ae5d7928c7fadd550f52f3dea2,"[""proposal_created"", ""proposal_committed"", ""audit_accepted"", ""committed_once""]"
50,noexecutor,0,none,0,0,0,0,1,0,,80.56,,0.1,,d23a5d51820310b90318f00c6a5545adb797ec63f472d54aca19e9a61533845d,1,"{""0"": ""854483ed689e2efa34727042bc1c96c895841b0bb3cec6788d5af8d468363a72"", ""1"": ""0816ad8b0e66cb8091e6582accdccba6b1e8307a238775cf9a577ff9b9be2894"", ""2"": ""2c1e2c49f325a6b067f8d23d8a5d5bcd06e6ecb20ec681ac18bd8d0afd5fc878"", ""3"": ""e7e91e3452bad41e83cb569e0447cf1bfb2e262193b099d83699cbed3a05fe4a"", ""4"": ""97722ecfb0e1ed02cd31c14c035a87b7afa23c895396bf21b8506023d59d01b1"", ""5"": ""a19dd11dc1549012bafbec98dd2d71d8fa3bdf6131b76b5fdd14edc798293fb3"", ""6"": ""798396c297ea1039a45df9433f972b461fe27b9e2e1a95d059e61d4d4c08c93c"", ""7"": ""99b75b59df705ddda2d6431b366d646b72c2d9d43422b1ba40ed43ec2edc00af"", ""8"": ""90f130b06afab0526b4b527611702b2acd6ce00521bb33ced4547e8206392118"", ""9"": ""09c528f2cbe7ba7e10b2fb032d8cf2c87eeccfe4b990537add445b025aee62f6""}",,0,0,0,0,0.0,0.0,"{""0"": 0.0013669384594965316, ""1"": 0.08387118790070278, ""2"": 0.0001905981499397624, ""3"": 7.178979876918592e-28, ""4"": 0.2184155355066335, ""5"": 0.0030090851312102817, ""6"": 0.31507963109211307, ""7"": 0.0334379852226689, ""8"": 0.09235581657075685, ""9"": 0.25227322196647833}","{""0"": 0.0013669384594965316, ""1"": 0.08387118790070278, ""2"": 0.0001905981499397624, ""3"": 7.178979876918592e-28, ""4"": 0.2184155355066335, ""5"": 0.0030090851312102817, ""6"": 0.31507963109211307, ""7"": 0.0334379852226689, ""8"": 0.09235581657075685, ""9"": 0.25227322196647833}",[],[],0,0,0,0,0.0,c2329b1b3ba6a25f40a7365adc0b581ada1822ae5d7928c7fadd550f52f3dea2,1f66376ade5bb244a5e7545a9fa806f4544febba27c0132e607b986ec2038ac5,"[""proposal_created"", ""proposal_committed"", ""audit_accepted"", ""committed_once""]"
1,trust_v1v2,0,none,0,0,0,0,1,0,,29.54,0.0,0.1,81101541441612650498308663030489446576,ba1e288528dfb9f25129fd3ead72a11f09fee06bbd88603761dbddd671fe5759,1,"{""0"": ""f03f30bb5079ba809d8496a668b01745e532a2d18d7a8b0f19a7725ec9a61847"", ""1"": ""8f468f369bdf78de310e5495d3cfeb2a20d1b11627101a5b947b3f338f5a893c"", ""2"": ""948333af4b1f362e0781c5b14a5663ef7fdaf671421bce223ee5b7d4fd2d89bc"", ""3"": ""bdcb2d7d49ff53e5b8b997d26eaa91ac72e0d3c9ca70840aa9536517d55650fe"", ""4"": ""c93e2f02d1d7741c6d073982059ec05685dd006d8a9e2ba6ad2a4049bc1f932d"", ""5"": ""f4284d9d382ff2f20e6471b31e2ac8219b13cd6945e97821d8bd0c9eb0d4dfa3"", ""6"": ""cf82a7996cae784d8e1d447a487353faee6b3ccd75acdc201a3b34be64529c76"", ""7"": ""735ffe1cc77e4ba719170b1ec36d72d6e0d1af2ba90231f7d1de3eb9429661dc"", ""8"": ""fa68cfe656dc8b0725ad0b8471bebc641496920d390a9dec0925b1dfda71d483"", ""9"": ""603aa345ab122ddebac685997e36dd9a301661ff2a3a80c779dfe44954ad5310""}",,0,0,0,0,0.0,0.0,"{""0"": 0.030000000000000006, ""1"": 0.030000000000000006, ""2"": 0.04228931260920906, ""3"": 0.030000000000000006, ""4"": 0.18623547385559974, ""5"": 0.04146199804840907, ""6"": 0.14293750806097483, ""7"": 0.12460475971460783, ""8"": 0.18623547385559974, ""9"": 0.18623547385559974}","{""0"": 0.030000000000000006, ""1"": 0.030000000000000006, ""2"": 0.04228931260920906, ""3"": 0.030000000000000006, ""4"": 0.18623547385559974, ""5"": 0.04146199804840907, ""6"": 0.14293750806097483, ""7"": 0.12460475971460783, ""8"": 0.18623547385559974, ""9"": 0.18623547385559974}",[],[],1,0,0,0,0.0,f7841e6ee2e000f22425cfcb00f6b2b2b5b53c9dc424bfd55b0d6f4ba52bf3fc,6a9ba5ead8ac7c3103990bbbf9fedfdce58a5eacdfc25da5ec5953aca9fbb01a,"[""proposal_created"", ""proposal_committed"", ""v1_challenge_sampled"", ""audit_accepted"", ""committed_once""]"
2,trust_v1v2,1,A2,0,1,0,1,0,1,V1+V2,49.39,1.8116956821452546,0.1,43152291206963396973626647023405074399,b27f812c2f36960952c6cbd4e64c001c806ae428a9674dc6300bfc14d6a3c403,1,"{""0"": ""d1d15ff82506e7f35c3d461ba7891438b1a2be8b74dc0b4b6ae42fc1e3594ac4"", ""1"": ""bae41d98c17eacded8b3944863ec7d8cd2bba1146cfa383ba751c92e8910714c"", ""2"": ""7020f1236e15c23b3193ec05b1d11cc679a3828b9db294146e2862d6b11a2763"", ""3"": ""4d381dd2f36fe810404f29c6e7c396a21286837fa19b1012ce16ab2ad70881d0"", ""4"": ""48b4735272a7fafa5a189045d3474e0c500e1ef08ea83f849b3ecfbf0c9511fa"", ""5"": ""b88eb0af931fa570020c7d11b7464edc1884081b1b536e963668ad7020b1c2c5"", ""6"": ""f6793045ae9a65f353398b38edf677ee475e61e39a22cca0ca13c08d904dc14a"", ""7"": ""704092276c60d02c41de28224d3c517ca29fab12355fbcbe5f30fa3d37b65bc8"", ""8"": ""77c4271b8be76d84b44367b4bba09e24412e08ed45f01a46ac694bc485d34e4f"", ""9"": ""c70111ccf48c0daa507dd6355eda899393f703f0759877ada6b7ecd8150ed244""}",deb2cc5493feba0b50c57c0a9469c8b7569e51f0dd7192f1bbcccea005724971,1,1,1,0,1.4412203882458876,0.0,"{""0"": 0.009000000000000005, ""1"": 0.009000000000000005, ""2"": 0.012686793782762723, ""3"": 0.009000000000000005, ""4"": 0.07794225817673166, ""5"": 0.015447211117416646, ""6"": 0.23174360953815853, ""7"": 0.14571412883183857, ""8"": 0.24473299927654601, ""9"": 0.24473299927654601}","{""0"": 0.12949999999999998, ""1"": 0.12949999999999998, ""2"": 0.13134339689138133, ""3"": 0.12949999999999998, ""4"": 0.03897112908836582, ""5"": 0.0077236055587083215, ""6"": 0.11587180476907924, ""7"": 0.07285706441591927, ""8"": 0.12236649963827298, ""9"": 0.12236649963827298}","[0, 1, 2, 3]",[],1,0,1,1,0.0,6a9ba5ead8ac7c3103990bbbf9fedfdce58a5eacdfc25da5ec5953aca9fbb01a,04249a0ea626ce43587474d9237c2efba65368219bca711b2ed950bf953cbcf0,"[""proposal_created"", ""proposal_committed"", ""v1_challenge_sampled"", ""audit_rejected"", ""recovery_recomputed"", ""recovery_audited"", ""recovery_verified"", ""committed_once""]"
3,trust_v1v2,0,none,0,0,0,0,1,0,,52.99,0.0,0.1,82318807773599649998109417093591545554,3211c7ecad12c0743abba9b24b554af61a06017d58589f25712f75edd1215885,1,"{""0"": ""8f778777191d36d0e86ca39a0e7c131f54d19fd66259b5f5010fb1b5c0113e0a"", ""1"": ""88863b1b09a3837e52f3e19c2b1c94adda4f8bfdf8d72be58e014c76bd15acfd"", ""2"": ""70ff591f33b6d4bc3549b3f4661466cc932cdf1d4144d9eca924232e86f1afa1"", ""3"": ""438c276b4f44cdef4702229c7acda3ac80c5125e694b3994895d7ef679b4ab04"", ""4"": ""ace6066cf4595f602ae2062ad29c58b02f896cae81fb0ea0d4e8a3809a3d2f72"", ""5"": ""b454df0b6911af3190f4b57c1a161695160dfe0aac4a6f4a07d14e6c9da0e6db"", ""6"": ""d28d1c33f500f636b06b04acf2af43e61e78d5836a6b20e285887dd27056a2dd"", ""7"": ""553c684d11b1e4a4d9ff56ab8e2bcf14e6b27c9ea385148492eda4aed6bf5a3c"", ""8"": ""624d99f52903fb4052047aea84b5a6ddd5a4e7998925efb8288b6c913b18553b"", ""9"": ""887c2ea9046b6ba7314ef61aae0583107dff23e74a181ca18804588130e866b3""}",,0,0,0,0,0.0,0.0,"{""0"": 0.002700000000000002, ""1"": 0.03555853462659188, ""2"": 0.0038060381348288173, ""3"": 0.002700000000000002, ""4"": 0.03309943999376095, ""5"": 0.010624605127950274, ""6"": 0.24341343327778933, ""7"": 0.17347744844046759, ""8"": 0.24731025019930558, ""9"": 0.24731025019930558}","{""0"": 0.002700000000000002, ""1"": 0.03555853462659188, ""2"": 0.0038060381348288173, ""3"": 0.002700000000000002, ""4"": 0.03309943999376095, ""5"": 0.010624605127950274, ""6"": 0.24341343327778933, ""7"": 0.17347744844046759, ""8"": 0.24731025019930558, ""9"": 0.24731025019930558}",[],[],1,0,0,0,0.0,04249a0ea626ce43587474d9237c2efba65368219bca711b2ed950bf953cbcf0,f84176bf5e69b127b56fa4aca5dc690c46788f506fb4091ed17b715c15305ea8,"[""proposal_created"", ""proposal_committed"", ""v1_challenge_sampled"", ""audit_accepted"", ""committed_once""]"
4,trust_v1v2,0,none,0,0,0,0,1,0,,67.65,0.0,0.1,208210907975252917392187524958622971476,f7cca7192071b2adda6c904eb5607cd83a57a9d5a049fa0f41438103410fe23e,1,"{""0"": ""18327ded63ca884300c335e72110ac014db6bcbd8c38c99224faa92554875f3b"", ""1"": ""3eaa3721651870199e00786215ae7f01d99ccf85409a85fefaaf8772fa4c7f47"", ""2"": ""f4bc97fca582da165b9f09d9c6bbc4cb7d9409ae80c98b1628e44bc8cffde467"", ""3"": ""79e15809998a867d4e98eff65612f3a7db351de52b8eda449bdc5178e0a1bdc6"", ""4"": ""ba45c728e3ff4f460d9bcca60efcb4a56cabfe68cadcb54b47c2b328458de361"", ""5"": ""dd350f27d0ee95318922cd38d9b1d5fe337204cc53c05063b6ac758706e7007e"", ""6"": ""6fd9cb585e9f314c839fa3fbfa75ad904ed010aad291bb65c760c5d9874e9055"", ""7"": ""4b3542b5c1cff7978b5cf15d4c2c45e984ac69c72c834666c122104f83c60e44"", ""8"": ""d22a9c821f2105f7653c92502304e05cc51d0836056bc715353016e6dfd23176"", ""9"": ""7f129a9f94a97579025fd7e429dcfc9843998ed3667341ea4dbeb0c73224def7""}",,0,0,0,0,0.0,0.0,"{""0"": 0.0008100000000000007, ""1"": 0.05234008596650435, ""2"": 0.0011418114404486454, ""3"": 0.0008100000000000007, ""4"": 0.02292271110964661, ""5"": 0.010905207482264838, ""6"": 0.25451696310207966, ""7"": 0.19498395584426287, ""8"": 0.20588325687625847, ""9"": 0.25568600817853454}","{""0"": 0.0008100000000000007, ""1"": 0.05234008596650435, ""2"": 0.0011418114404486454, ""3"": 0.0008100000000000007, ""4"": 0.02292271110964661, ""5"": 0.010905207482264838, ""6"": 0.25451696310207966, ""7"": 0.19498395584426287, ""8"": 0.20588325687625847, ""9"": 0.25568600817853454}",[],[],1,0,0,0,0.0,f84176bf5e69b127b56fa4aca5dc690c46788f506fb4091ed17b715c15305ea8,b8e3eedc2ecfe681369218f3692542bcdd51fa999fb7f27aed81ad7c13b7476a,"[""proposal_created"", ""proposal_committed"", ""v1_challenge_sampled"", ""audit_accepted"", ""committed_once""]"
5,trust_v1v2,1,A1,1,0,1,0,0,1,V1+V2,65.89,0.0,0.1,52615700401320228341281997285505213030,deb968542b11779f6926f7739be222e57d6baed4d23fc80905d16379eee5a44d,1,"{""0"": ""eee4a23989be98ed36d64dcec52931c3bd333417c412197a95266bca917ba87a"", ""1"": ""5d25bf245fe29cab1df2b2c95fda65f9f6f23a1dfb8ecb86d99fb123c42d778e"", ""2"": ""d48e8c2ee2517c49d85de874d448c3899e736d1de729034b60a327b1a3448db8"", ""3"": ""1b9df2f275651e16b924678d5f77f395672d2dbe80a194ad044e3a3f261ec777"", ""4"": ""ad9128f547a30e001fb4e38776d6ddf9db23ee18b06abda33ed869a3cac6b4ac"", ""5"": ""d2d43cbb447e590ae06b2881889030e7d796df00421f21f5bd54c7a2080d03d7"", ""6"": ""e638a57bdba09302a4d931d704ea2389d0f6d47af1f537b7e1af9255c1fc620e"", ""7"": ""212f2c73ad20aed1aa7baa033ed05279bbb3138988acf534b46b75abe2407a53"", ""8"": ""79e058ba81ab8db2c1c4a3b90f4f15a33b7c5eb851ad3cb454c9d14516189ecb"", ""9"": ""b86da3cbda3e41730e8e49869ba488bd019f4db5bb3fd6c7be6f5627734eb107""}",a8be9c84ae4a3e93b106fe5495edf16ae3e5fb332ffe89f3534f669564297a73,1,1,1,0,2.5405879459546763,0.0,"{""0"": 0.75, ""1"": 0.75, ""2"": 0.75, ""3"": 0.75, ""4"": 0.027596487688974262, ""5"": 0.004546690049136894, ""6"": 0.20762705626048034, ""7"": 0.2737361845395165, ""8"": 0.17711617284283912, ""9"": 0.29194680023979797}","{""0"": 0.18832063581314784, ""1"": 0.18832063581314784, ""2"": 0.18832063581314784, ""3"": 0.18832063581314784, ""4"": 0.00692931747706312, ""5"": 0.0011416474145316965, ""6"": 0.05213394566264783, ""7"": 0.06873356309006255, ""8"": 0.044472840376739806, ""9"": 0.07330614272636375}","[0, 1, 2, 3]",[],1,0,1,1,0.0,b8e3eedc2ecfe681369218f3692542bcdd51fa999fb7f27aed81ad7c13b7476a,01ab04cb2a3e2ce98b75577637847383e593f41b8bef508367e5f09c5e043245,"[""proposal_created"", ""proposal_committed"", ""v1_challenge_sampled"", ""audit_rejected"", ""recovery_recomputed"", ""recovery_audited"", ""recovery_verified"", ""committed_once""]"
6,trust_v1v2,1,A2,0,1,0,1,0,1,V1+V2,72.76,1.012255213583689,0.1,312589064920850154768487431966282947846,c4b6b7bc46dc70e0106d1ea2e6d2d7350ff71f6e80f8597e299793d6bfe49882,1,"{""0"": ""fc5ff9d93b4334978bf3bdcd35febda686b660f85b4003f3b520d86ccecdd9da"", ""1"": ""ac1c3fdcbed230f5a7b29aef62a5c25483362cdd5469c3b82006c0af5aa7a13f"", ""2"": ""00268faab0ca864670e5027a6a68a41b0a23c2de9fc321a62959df5968979cfa"", ""3"": ""e0f9e48ffbc4b157148a7562f28d8498dcd127c66fc0d175baade0ccd2297a7f"", ""4"": ""6dd14c7523c2245bca70a95ed9856b8a5849b1c187a621849493f9580610103b"", ""5"": ""4705309a61ee4bcd52b5932e4bae3dc9365a1af09db3dda59303ef47b3ec45cb"", ""6"": ""5f557d9c45319c5c3538d7e4fb06a7423a828f85413c6e9ff57b649f18fafad0"", ""7"": ""d633c3e358e226a1d76d598d83f2924b0e62434d16354d4e7672b67b3e28dd09"", ""8"": ""bbb7d72254dc0f506d92e226995bb1ff09e63a0160a20f3b2f500be4d54e0a87"", ""9"": ""13a69d12b0e7140dc08bb5de61fe717575ea4a65133f588c5110f5a3abb19f44""}",0ef5744a9f3633c291bc1cb1f0040a205de0ca87ea9eba904c3d6d859d010b57,1,1,1,0,2.3861215737854375,0.0,"{""0"": 7.290000000000009e-05, ""1"": 0.005364270725958115, ""2"": 0.00010276302964037813, ""3"": 7.290000000000009e-05, ""4"": 0.06866154812292366, ""5"": 0.0013640070147410686, ""6"": 0.266124000638094, ""7"": 0.14296387987151127, ""8"": 0.22385380676524233, ""9"": 0.29141992383188925}","{""0"": 0.12503645, ""1"": 0.12768213536297907, ""2"": 0.12505138151482018, ""3"": 0.12503645, ""4"": 0.03433077406146183, ""5"": 0.0006820035073705343, ""6"": 0.133062000319047, ""7"": 0.07148193993575563, ""8"": 0.11192690338262117, ""9"": 0.14570996191594462}","[0, 1, 2, 3]",[],1,0,1,1,0.0,01ab04cb2a3e2ce98b75577637847383e593f41b8bef508367e5f09c5e043245,110afe3e0a0e767872506f10134a45525bab82596ab4ed00247f0aa9a72dc2e8,"[""proposal_created"", ""proposal_committed"", ""v1_challenge_sampled"", ""audit_rejected"", ""recovery_recomputed"", ""recovery_audited"", ""recovery_verified"", ""committed_once""]"
7,trust_v1v2,0,none,0,0,0,0,1,0,,72.17,0.0,0.1,143516311253207026816190750405370332697,24335c8a8b16db070bf5ace593befdf6dadee67771a50836489006e972e94665,1,"{""0"": ""2f15c429ed9c6305e9fb98f41c3e2ad96151f81738299c2ebe8627c6fc544db0"", ""1"": ""974aba759a15cf8fa3badbab4504493e749ebcf7018a32f8f5dddd97cb878e96"", ""2"": ""f478c5cd5fb96643fec02289fca4bc2ed7c773f878474791c357fb39ec5698ed"", ""3"": ""8730cadef2d0b581d32bc879927122bb0b842bb3c2ee091d28136b4544edfe4e"", ""4"": ""cea412ccb6ba4f26acdf008581695fc126960ad828738b35d18f632a844e8373"", ""5"": ""30f9a9bf9e685e743f6a7cdf699730531a5be561bae18a42e51ebf6e2c500b66"", ""6"": ""d3077331789bc79222224802976b3f0b65ad09b4de2684a78548839cb421d7fb"", ""7"": ""fe54ffd8cfd7a4658f7b8cd74c9713e06fc51ee3d9b96464e72a1b5d1a0c7952"", ""8"": ""f712e1cd5ffa587ec96f3afbc5b66230e264e213e6ba9f13f300e0e1b5c0cab7"", ""9"": ""83c94ec58e2a1bf6de96cecdda5fe93c3852b0a5794a859672c7a9886ce48c60""}",,0,0,0,0,0.0,0.0,"{""0"": 2.1870000000000033e-05, ""1"": 0.002292142007998375, ""2"": 3.082890889211345e-05, ""3"": 2.1870000000000033e-05, ""4"": 0.03402161687392944, ""5"": 0.0004092021044223207, ""6"": 0.24994141280912704, ""7"": 0.11104312325266978, ""8"": 0.2818735650474366, ""9"": 0.3203443689955244}","{""0"": 2.1870000000000033e-05, ""1"": 0.002292142007998375, ""2"": 3.082890889211345e-05, ""3"": 2.1870000000000033e-05, ""4"": 0.03402161687392944, ""5"": 0.0004092021044223207, ""6"": 0.24994141280912704, ""7"": 0.11104312325266978, ""8"": 0.2818735650474366, ""9"": 0.3203443689955244}",[],[],1,0,0,0,0.0,110afe3e0a0e767872506f10134a45525bab82596ab4ed00247f0aa9a72dc2e8,0ca8dbeea84204aa2092146fa1da78a0986a1ad9000fa51f29381afe39e621f5,"[""proposal_created"", ""proposal_committed"", ""v1_challenge_sampled"", ""audit_accepted"", ""committed_once""]"
8,trust_v1v2,1,A1,1,0,1,0,0,1,V1+V2,68.6,0.0,0.1,54665976414098521487869933752218689748,b5748e09053cc3ba67833a385b52b5f88a733a24a307a356ddcf62a22a3b014e,1,"{""0"": ""716444dc92e793c2edd6da8266c25fd7db124b557b01050d34fcf7d388707363"", ""1"": ""64032e2480e4b5f95b2f872899ec6d22b317b6db359497ce5c3b18f95b276dca"", ""2"": ""d3466c72a04eda16b49ba1a61ff2b73c7bc8aaef86708aa315c4e43d64c45995"", ""3"": ""e835e7e7e147e48cc09736cc383dc0db53a7eb7042faba4815df525d91a25df1"", ""4"": ""0c7276bcdd194f4e4e0897cec823e780767206814a3f31723a7fe9602c07de11"", ""5"": ""c15803388e0fa316c44196f36a0aeb5d7477747204de7c2cb97e7628939f3a89"", ""6"": ""a27c219200c55ea85fbc043d269f84f7dd33714077db1de4ec4c303565b48580"", ""7"": ""5e1b89da8edaf77582ecd78580fb10a70acf9d0d047810682a6be54df0c7d4bc"", ""8"": ""97f3b489a1911c80b0160801749bdfb0e9097dec4c63452f90232db34b1ea460"", ""9"": ""a7bcb4d2c7f241860f215b47bd6d361c0d2992db4f257b657c9d082df4c943c0""}",29f6dee2d76860a60336c0d158dd0c206eeaeb185b13c73e7886cda95d9fffa2,1,1,1,0,2.594352303640195,0.0,"{""0"": 0.75, ""1"": 0.75, ""2"": 0.75, ""3"": 0.75, ""4"": 0.019655958382574855, ""5"": 0.0001227606313266962, ""6"": 0.23055537228481457, ""7"": 0.07829067977697493, ""8"": 0.28280658422767796, ""9"": 0.29434782541210425}","{""0"": 0.19202314449907346, ""1"": 0.19202314449907346, ""2"": 0.19202314449907346, ""3"": 0.19202314449907346, ""4"": 0.005032531915686594, ""5"": 3.143050993072489e-05, ""6"": 0.059029290089712826, ""7"": 0.02004483002099299, ""8"": 0.07240721278458773, ""9"": 0.07536212668279538}","[0, 1, 2, 3]",[],1,0,1,1,0.0,0ca8dbeea84204aa2092146fa1da78a0986a1ad9000fa51f29381afe39e621f5,a03befbdfc6ccd558372be9ce143ad98cfe1adc5c3f3e039f9f76912c6d19369,"[""proposal_created"", ""proposal_committed"", ""v1_challenge_sampled"", ""audit_rejected"", ""recovery_recomputed"", ""recovery_audited"", ""recovery_verified"", ""committed_once""]"
9,trust_v1v2,1,A1,1,0,0,0,0,1,V1,67.6,0.0,0.1,229253540255556630367624499831977579605,9345bfa9e15c90684de76647d4699c4fe7361188caf81ca037da8560c1b8a25b,1,"{""0"": ""847fe2be8a94c2cba545728b1df4d3561a03c339c2f5857f479c21774189972d"", ""1"": ""5d3b5c38dbd46c1a1eec83624c45e84d100441fe5e59242fc4298f4a1fbd83b7"", ""2"": ""803d21aee04872d52a6d73ccaceb6e3c8a4475105338023ea635b923bd277c11"", ""3"": ""5b2f0f509375cb1d583f57b0c5521d7a7c584a1a47876e8c6648e4c90285e4a2"", ""4"": ""4999a4aed7f3b102aaa5fa29a279c5f13be91e015f49aac5c6a84082100cd84e"", ""5"": ""b83a240aa6db2225ae2c20717fe82c29b4aa431349c45f5e3817d48e74f9525f"", ""6"": ""d31ae63b74b714b0f9a9e64cfaae0b535c01db8916c3726cb4d77929574f50d3"", ""7"": ""08b94e24b786346d5e4718c2f813577608e7c7d7aacd4b458e8aedf5f3169db1"", ""8"": ""6eb11324c11922d4a41d942703bbb5b5e929aca2cd8151b5845d7ae9a71a2751"", ""9"": ""c0306ab67c718a9197fde9b2f07aa7f99b0ecb3d7f92745818172ea24ebc7db9""}",45a11c94c2df435dcc099500598b8631375bdaca213fcc0f66ff3a492d05cdd0,1,1,1,0,2.3377601832794523,0.0,"{""0"": 0.75, ""1"": 0.75, ""2"": 0.75, ""3"": 0.75, ""4"": 0.016920297409184954, ""5"": 3.682818939800887e-05, ""6"": 0.23938656863429264, ""7"": 0.0945495238983067, ""8"": 0.20962720432378606, ""9"": 0.25852430457247955}","{""0"": 0.1963841886145602, ""1"": 0.1963841886145602, ""2"": 0.1963841886145602, ""3"": 0.1963841886145602, ""4"": 0.004430505170426443, ""5"": 9.64329879076176e-06, ""6"": 0.06268231606195905, ""7"": 0.02475737537954924, ""8"": 0.05488995791022047, ""9"": 0.06769344772081311}","[0, 1, 2, 3]",[],1,0,1,1,0.0,a03befbdfc6ccd558372be9ce143ad98cfe1adc5c3f3e039f9f76912c6d19369,303febae3d28686c2f6134b421be625e28d932634e73528fac883dd5ace155a7,"[""proposal_created"", ""proposal_committed"", ""v1_challenge_sampled"", ""audit_rejected"", ""recovery_recomputed"", ""recovery_audited"", ""recovery_verified"", ""committed_once""]"
10,trust_v1v2,1,A2,0,1,0,1,0,1,V1+V2,69.24,3.118091136584611,0.1,191540136057741464579497196399302821603,28d429b00d7bd95ad3a7366a46c9c4fd88e8eb525142a4032f954df2eaf487c9,1,"{""0"": ""5efc6673a5971582a3f6dc052e258180f014fd4a901ebac3e53da26d53c6dcbd"", ""1"": ""5b2ce6778f6c3423c2cc88fa14d1b5afa0c8478aa87da8339a60f4aecd2d833f"", ""2"": ""87a70b30bbb70dd7fc39640328124b28195e078f5124a06cc8e827d918b1cc2b"", ""3"": ""d0f940ac1955f18198798d54210bb5faed784407124a3b3168fd58b7c50519c9"", ""4"": ""f54ba54cc454b99ad89bca5e33c91b39c76b7760de2328f098de5ac72896efad"", ""5"": ""10d0a92a2169eebc1d9b6f9b9637f6db707bd066a1f3a62bd155c79c96833341"", ""6"": ""d515a4c4d0b55b556d778f663214520d513316d68fc181d92150808b4d1a6c9a"", ""7"": ""c640a065d026fe28d46f8728d3ca1b4e3ede47caf059e3e2875bb1eb683d9b26"", ""8"": ""ec9e17905bb399ba406b557fdec202a747d23669aabedfbc4a3fc11e58c9458d"", ""9"": ""43d6a854c1c0fffd0e6858e3d2c18b5e1d0b17798e398971209593b8b59c2ec2""}",696c6965f298164ac9ffc9fa253948c2d3beed9b16971330d779b35176679c91,1,1,1,0,1.544154578970398,0.0,"{""0"": 0.14174564157605188, ""1"": 0.0007969924227781069, ""2"": 8.323805400870637e-07, ""3"": 5.904900000000012e-07, ""4"": 0.0130770715797227, ""5"": 1.1048456819402664e-05, ""6"": 0.23853098248429194, ""7"": 0.13196136415290796, ""8"": 0.22960317319113996, ""9"": 0.24427230326574803}","{""0"": 0.19587282078802593, ""1"": 0.12539849621138904, ""2"": 0.12500041619027005, ""3"": 0.125000295245, ""4"": 0.00653853578986135, ""5"": 5.524228409701332e-06, ""6"": 0.11926549124214597, ""7"": 0.06598068207645398, ""8"": 0.11480158659556998, ""9"": 0.12213615163287402}","[0, 1, 2, 3]",[],1,0,1,1,0.0,303febae3d28686c2f6134b421be625e28d932634e73528fac883dd5ace155a7,46b4f8a9d1e2472f35d41b1bc1fa5f857a9009ca3f03500566dd6039aca61408,"[""proposal_created"", ""proposal_committed"", ""v1_challenge_sampled"", ""audit_rejected"", ""recovery_recomputed"", ""recovery_audited"", ""recovery_verified"", ""committed_once""]"
11,trust_v1v2,1,A2,0,1,0,1,0,1,V1+V2,69.55,1.0970206271418628,0.1,339262315666956427854940987237380062590,36f23018038ba034796122e2d44bb7cb896dbafc2374b11a4a5ddab9c8b95b3f,1,"{""0"": ""04db34b1fc98e7a476f2782e357186fffb167a350fd017ae78aa225ae97f204c"", ""1"": ""0bad22fe7ba6bd781c02aef2c66cebef6762bcad34c942491cfe827f3d7afed2"", ""2"": ""4bb155b386ade56f22d0e4873dc0e0775e63e1de3f0356c2c202cbc1ca94d4da"", ""3"": ""02fcb9a798eb72a3b29b9e031225ec51b5e439883c4b65e01593f47047fc3416"", ""4"": ""e04b9e3a4e89b12bafcaf51884796ad43c1c7a2bbe2ec193b5de0f43fbe404b7"", ""5"": ""f330cf43ceae1dbc392156342db38592d3975449913d206f438888b7749e798c"", ""6"": ""db733f7302781ad67b85115dae45c4350781061fcaa797c9fcb245e1a74cb623"", ""7"": ""f6cc67f935f681d6397ab6c9381bc92f70e376fba2ff5a57132308965eadb463"", ""8"": ""23d4301feef51e17a578d1026ba62d50d318c4d5f580a3d42acdbcfa1952ed1d"", ""9"": ""931dd7b2a8966ff9974d66e0cf3a794f66ce7d00f0b0129900b83ca60926140e""}",208b6e9548638a3ea2630cc7da45b8a9b876e6541c61522eb87573d3c60c1d99,1,1,1,0,1.4816094526118406,0.0,"{""0"": 0.10932612995823918, ""1"": 0.00075748064627501, ""2"": 0.02560610112675045, ""3"": 1.771470000000004e-07, ""4"": 0.026355662399343404, ""5"": 3.3145370458207997e-06, ""6"": 0.11143281057438259, ""7"": 0.23263035679554417, ""8"": 0.2275643282860232, ""9"": 0.2663236385293962}","{""0"": 0.1796630649791196, ""1"": 0.1253787403231375, ""2"": 0.13780305056337522, ""3"": 0.1250000885735, ""4"": 0.013177831199671702, ""5"": 1.6572685229103999e-06, ""6"": 0.055716405287191295, ""7"": 0.11631517839777208, ""8"": 0.1137821641430116, ""9"": 0.1331618192646981}","[0, 1, 2, 3]",[],1,0,1,1,0.0,46b4f8a9d1e2472f35d41b1bc1fa5f857a9009ca3f03500566dd6039aca61408,25ec9dfd1879566c0f67134fb1cc280cf1297b038c767517d8db1348dad33c9c,"[""proposal_created"", ""proposal_committed"", ""v1_challenge_sampled"", ""audit_rejected"", ""recovery_recomputed"", ""recovery_audited"", ""recovery_verified"", ""committed_once""]"
12,trust_v1v2,1,A2,0,1,0,1,0,1,V1+V2,75.51,2.360494931568515,0.1,198962030408977538757229138393175328207,a66c77dd654c8fefc590e57ee8384007d543d446de822351e470d01f81b9827d,1,"{""0"": ""abb2f9b9fbda3866ff7d6eaec606bad3a4efc647b6e71afff9a46a85314a2e59"", ""1"": ""16d68115c65753a383fdb412cf51ce5b0b9a7df8e8a961f429b70dc216966df5"", ""2"": ""09e92c4353de37aa01ee63d3012fd1d97de679c5386e9836dd943d409a796440"", ""3"": ""e73c03ad28878b49c0b333124492d2ac0dfd8c1098b0763d2947f6ca1705135a"", ""4"": ""2d6142890546a75f2aca5b2d9ca9d4018dda515b58930a5ae7f8d12f662c4b68"", ""5"": ""ec2eb4a8ebac683b9e6a811d18653228b0e93d13901f4c4525698ff11c0f5dd3"", ""6"": ""4dcdeee854a0d935dda3e9397ea7407dfc283567ddfd087e36bc75909b39bf22"", ""7"": ""276ec48480795cf878534cad23b5aad58581f502155f69b090f8369b0b111e65"", ""8"": ""6b4ce58706ac6f4cb2ed36900b64256fc6f04490ddcc747851e47d65b46a8f51"", ""9"": ""12bab7c15716951fbbe1f597fd9ad05bab7de0b23f64b07019a93d34c8794b6d""}",0b6818d1d245b361dfb265b5206f0584b4609df57c158021aa57726ac20be3f1,1,1,1,0,1.743801411037071,0.0,"{""0"": 0.03279783898747176, ""1"": 0.001657990529646457, ""2"": 0.007681830338025136, ""3"": 5.314410000000013e-08, ""4"": 0.013047000355837148, ""5"": 9.9436111374624e-07, ""6"": 0.20678708117936526, ""7"": 0.24314634504571372, ""8"": 0.24162653649285742, ""9"": 0.25325432956586935}","{""0"": 0.14139891949373587, ""1"": 0.12582899526482322, ""2"": 0.12884091516901258, ""3"": 0.12500002657205, ""4"": 0.006523500177918574, ""5"": 4.9718055687312e-07, ""6"": 0.10339354058968263, ""7"": 0.12157317252285686, ""8"": 0.12081326824642871, ""9"": 0.12662716478293468}","[0, 1, 2, 3]",[],1,0,1,1,0.0,25ec9dfd1879566c0f67134fb1cc280cf1297b038c767517d8db1348dad33c9c,569f1545b6ea67bb28cc432fd4174dfeae479c591172f45584209369631b1f01,"[""proposal_created"", ""proposal_committed"", ""v1_challenge_sampled"", ""audit_rejected"", ""recovery_recomputed"", ""recovery_audited"", ""recovery_verified"", ""committed_once""]"
13,trust_v1v2,0,none,0,0,0,0,1,0,,75.62,0.0,0.1,104840411672617932037099846836018370756,e9314d6744ef7d16c0f7847acc0b544cb2d5ee4926b6829650d3f16430442a33,1,"{""0"": ""8203af5e6e61571e375b209f5c530fdb61588cf37c68273d146756ea9a6bbf4e"", ""1"": ""4c3931b91eb75fc20bcb2e00e0f476575d26c7f0620f944e93c5434c456dfa21"", ""2"": ""472bee2d8fb3b8c52ef515f4ac7c9f1938002f26841fdaa7bf6d4efe085911e6"", ""3"": ""9c1ed2e9d2d69f52c27965d9f871727020ee4ba93e5039fb5903396c09126e4a"", ""4"": ""9ff51401ea8d68d756cd83f1f96ba698904893c1d2d90bcf540691513efdc8a5"", ""5"": ""2738a71346e7dff5e5960be11e43c614da482a378803932ef6fd8cc8e03b76ef"", ""6"": ""3be83a5fadb35d3d0776773d9d6e00a35876f3e0bdc9e5b20c6b079f825a94ea"", ""7"": ""f6199f8d6bb9953031e61dfe4dedfde11f4980756caf6308dc0d6e5ef3d2dca4"", ""8"": ""14a377011758faaa49b20f3b7474c4cce1c860e0f8db14529fce038cfc524495"", ""9"": ""0b5bc10e96c5f4b534388539594b9061c46eae3e7deb30f9b9174f9671216287""}",,0,0,0,0,0.0,0.0,"{""0"": 0.03735053226232957, ""1"": 0.0020632444809978367, ""2"": 0.002304549101407541, ""3"": 1.594323000000004e-08, ""4"": 0.008938959868376893, ""5"": 2.983083341238721e-07, ""6"": 0.10978051239931311, ""7"": 0.27899514494860705, ""8"": 0.27853920238275015, ""9"": 0.2820275403046537}","{""0"": 0.03735053226232957, ""1"": 0.0020632444809978367, ""2"": 0.002304549101407541, ""3"": 1.594323000000004e-08, ""4"": 0.008938959868376893, ""5"": 2.983083341238721e-07, ""6"": 0.10978051239931311, ""7"": 0.27899514494860705, ""8"": 0.27853920238275015, ""9"": 0.2820275403046537}",[],[],1,0,0,0,0.0,569f1545b6ea67bb28cc432fd4174dfeae479c591172f45584209369631b1f01,dc0ec8237734e0e7cbbcb0769adf9c816fb74e618fcc2f07ea3657f22b39a348,"[""proposal_created"", ""proposal_committed"", ""v1_challenge_sampled"", ""audit_accepted"", ""committed_once""]"
14,trust_v1v2,1,A2,0,1,0,1,0,1,V1+V2,76.69,1.2978865915300988,0.1,293016909900132730138276557158835925189,e6c16b5c740316efe71bb7aae7566c312d60cca7038599b56480459b5376db61,1,"{""0"": ""ad4c720b5989244f12f6132c7dbff5c8d72063ee1703184c3fc5b75fc2ea8b6a"", ""1"": ""ee36c92859db1a69a3d08885028561b794cc0e65d9ecef9ad70f6c16cd5721ec"", ""2"": ""c1b54b33a45cf897686a41b27aa2dffa5f0867b048052ce1f4a9855bfe3b86c7"", ""3"": ""0bc27c61f8a7e0e4b9eec4af03d475fbdb8ea8eecb0dafe8e8c86ead8f5a1aa4"", ""4"": ""05e7b99a09ac553b26e19538a2143bab68dedc9325115c2528c297e989b7cbdd"", ""5"": ""98f7ab515e27f3042cd5f4e567be7a43d93cbff4b7efa890ca447ce087064f82"", ""6"": ""acd7db82151070d865ac0786baf1fcee05aedbfb2d2bb3c2ba1e896c3e04d3d8"", ""7"": ""45d4cf7f26a1950f1f826e5530b38578490afbde167b336ddddbd0de34c1f38f"", ""8"": ""0d4fb6d5bb78dae164df690b0c5e953779551b257c08bff431836c1f61cf2e1c"", ""9"": ""3f0b35fece92f778a6cc23e215db22365ed16866c18a75d122db0f875987ffc1""}",c5a994bd627464ccb23dac3c7f09a148e1a63a151f341fbc7d73efeee336436f,1,1,1,0,2.2512205866231576,0.0,"{""0"": 0.01643501764321785, ""1"": 0.0006189733442993511, ""2"": 0.0006913647304222625, ""3"": 4.782969000000012e-09, ""4"": 0.0026816879605130683, ""5"": 8.949250023716163e-08, ""6"": 0.26281097755867194, ""7"": 0.08883821400342908, ""8"": 0.31343858455370305, ""9"": 0.31448508593027413}","{""0"": 0.13321750882160893, ""1"": 0.12530948667214967, ""2"": 0.12534568236521113, ""3"": 0.1250000023914845, ""4"": 0.0013408439802565341, ""5"": 4.474625011858082e-08, ""6"": 0.13140548877933597, ""7"": 0.04441910700171454, ""8"": 0.15671929227685152, ""9"": 0.15724254296513707}","[0, 1, 2, 3]",[],1,0,1,1,0.0,dc0ec8237734e0e7cbbcb0769adf9c816fb74e618fcc2f07ea3657f22b39a348,14f8d152f8baf53a99fc3e3c347a38f21b1efcc81fa68d5206365ed8ffb982c9,"[""proposal_created"", ""proposal_committed"", ""v1_challenge_sampled"", ""audit_rejected"", ""recovery_recomputed"", ""recovery_audited"", ""recovery_verified"", ""committed_once""]"
15,trust_v1v2,1,A1,1,0,1,0,0,1,V1+V2,76.18,0.0,0.1,121509373631071773902394134125041703124,0c853aa622d0aa393280e7749a1aad284c20e36c88a041aeefcf8518f8042497,1,"{""0"": ""a404684103c67a88d15cfec93d5926b16fb9857672105b879d4f63cfb1119ae2"", ""1"": ""e05e1aa6e099971a1658e68163155d60f7595f579bb038908a6e811f935c7d06"", ""2"": ""3858d199eb3f46cd52b2703f4e784f65c29cb3b929075a2aca1387b7ef49a95b"", ""3"": ""890a75585b582b3ffedbcac63e2ed1e01a2bb3cd9dcd99e85793a25b4e6b3e7c"", ""4"": ""09b007e1a0dead4de26295fed87fd23793fda5880f0f1b0bb9bf350fa57b6a3f"", ""5"": ""5f39d560f7682479c8992c1835c6f92b880c1f3ad8e67a9857db2eb24e4e06ca"", ""6"": ""9f42d4c27538b62094e6f7e76fdbeb2728602e57e72b599d3c3badd8cfab407f"", ""7"": ""dfb482e931e3318582b925f49d90343322f9a6799a32a48ab783cc556c0f4635"", ""8"": ""d758e713329580d17fe16681632573194862fe6dd3bc9b442a1edadd5db6debd"", ""9"": ""abc43ac5dbfb42ebe0d506f404fb62bed8af353bfd25b627afc0a24455e29563""}",00ac07ba0853019da1ac46977657f75f329e090829b2600e762438e405b19bd6,1,1,1,0,3.3225886996292475,0.0,"{""0"": 0.75, ""1"": 0.75, ""2"": 0.75, ""3"": 0.75, ""4"": 0.0008045063881539207, ""5"": 2.6847750071148497e-08, ""6"": 0.3726053106443246, ""7"": 0.04150206190191338, ""8"": 0.16431350397048158, ""9"": 0.38810754315580526}","{""0"": 0.18904387630238578, ""1"": 0.18904387630238578, ""2"": 0.18904387630238578, ""3"": 0.18904387630238578, ""4"": 0.0002027826748355319, ""5"": 6.767203657930087e-09, ""6"": 0.09391833634007697, ""7"": 0.01046094754197236, ""8"": 0.04141661562587639, ""9"": 0.09782580584049186}","[0, 1, 2, 3]",[],1,0,1,1,0.0,14f8d152f8baf53a99fc3e3c347a38f21b1efcc81fa68d5206365ed8ffb982c9,58c2cdc5fb554b157265a836dbaa150c7f99e829496437427e1db67ef767ddcb,"[""proposal_created"", ""proposal_committed"", ""v1_challenge_sampled"", ""audit_rejected"", ""recovery_recomputed"", ""recovery_audited"", ""recovery_verified"", ""committed_once""]"
16,trust_v1v2,0,none,0,0,0,0,1,0,,76.8,0.0,0.1,80753218978069361169108613692143346871,efc3d366beefe8f2de151cc7a04bd5684f18552b073bf4788eaab2b4fd0d1913,1,"{""0"": ""e710002d4885b3fc6f1bed1550897c1cf1d907e7f977e6683e169717a07f165d"", ""1"": ""bfa13f6a8f695930043f50ac1538e27911356624c3b69802f29eb53481414983"", ""2"": ""07a418068240e722b752cef7888249ec410d5ca307aae9a27b37e7bceca6efe3"", ""3"": ""2347a34be2ddd1c6a459149bbb2fb390f34b3b2042bfbd63040a83487165d2c0"", ""4"": ""35dcfbab0426bcc3273ce211ce8d7fca7ea6e753edfd720cf86bc573435c889f"", ""5"": ""7149142e365aa32ec62d8ecd1a4da36f268bbcb1dc900596f8562f4c951f78be"", ""6"": ""efbe72967f3eeb1c612c494c039277f0a419b60ed845c5078276b2b04f8382e2"", ""7"": ""1a3eb2ea05e1de82ec5ba82632945a7ea5c0f0b7509d2512c6a774e8049904cc"", ""8"": ""f0bd01352f74e69081741cb88679a7ed9de64a264e74e36cfa16f2ef94e03441"", ""9"": ""21c49626bdb68135b43d613d5a3e1774263aad033ac388bfcba82067c7734c48""}",,0,0,0,0,0.0,0.0,"{""0"": 0.016617481939969658, ""1"": 0.0009169006086256783, ""2"": 0.000189890663603945, ""3"": 4.304672100000013e-10, ""4"": 0.00042348844019674523, ""5"": 8.05432502134455e-09, ""6"": 0.21587174354225333, ""7"": 0.028674514253051685, ""8"": 0.3350838801559548, ""9"": 0.4022220919115519}","{""0"": 0.016617481939969658, ""1"": 0.0009169006086256783, ""2"": 0.000189890663603945, ""3"": 4.304672100000013e-10, ""4"": 0.00042348844019674523, ""5"": 8.05432502134455e-09, ""6"": 0.21587174354225333, ""7"": 0.028674514253051685, ""8"": 0.3350838801559548, ""9"": 0.4022220919115519}",[],[],1,0,0,0,0.0,58c2cdc5fb554b157265a836dbaa150c7f99e829496437427e1db67ef767ddcb,0eafdad46a36bf0b85b8e7aaa74db2797f977b23612838c98e5d1c1df3a4b2b1,"[""proposal_created"", ""proposal_committed"", ""v1_challenge_sampled"", ""audit_accepted"", ""committed_once""]"
17,trust_v1v2,1,A2,0,1,0,1,0,1,V1+V2,72.95,2.195585359755902,0.1,77968291286472851605090003314447773300,73c4c48686163de4afa45e78a8e43bbf685b4304e5db8f6e8b7973e4d3b2e7b1,1,"{""0"": ""d59cd019f50e30237508a9331209cc00cc8353336d13e32d6c01aec9f297cab2"", ""1"": ""f722c73f9fa1d55b24bafe5c2eecf738367a4fa8c95cddd9ae1020acdc178c42"", ""2"": ""51c27853d59360edf44f0d5085c4044ed06f4851b502cf518e7438294ee533d6"", ""3"": ""511e8d921a212dde0b1633a832065cb7d59b85d95116da1a44c89e77f2051632"", ""4"": ""9215bd12d3f7dee74c8364350ad15ecebba7184ddfe6c945b2b7b0824c3cbb03"", ""5"": ""4427cccbb7dd27b91a324be4428c523475b74c3cc205aa5f3ef389f3a27c8df5"", ""6"": ""1776fbc350b736b8476c3ba2f76da7081fa555a88310780afa74abe7fb501cdb"", ""7"": ""333e976e0545f1edaa6fc4bd28380f4d729911d24e38c12fc5e1d62c7ef58f6e"", ""8"": ""b04558bdea234673371c939dec44de1962d43ab282498c83e6c4ac669587381c"", ""9"": ""127d2a7537a214105671e268b10ab5c9d00a56d945d0539e24a488fa7add04c7""}",485b1bdc7bda146892ab30c3b1fbc30bdfd2859bc7dd5b1f394050d1ac57a776,1,1,1,0,1.7247596351386105,0.0,"{""0"": 0.10196244538255675, ""1"": 0.0002750701825877035, ""2"": 0.0002417138342200317, ""3"": 1.2914016300000042e-10, ""4"": 0.01098819691473468, ""5"": 2.4162975064033652e-09, ""6"": 0.24529385705058465, ""7"": 0.0589822544938093, ""8"": 0.2810574980346951, ""9"": 0.3011989615613742}","{""0"": 0.17598122269127833, ""1"": 0.12513753509129383, ""2"": 0.12512085691711, ""3"": 0.12500000006457004, ""4"": 0.0054940984573673395, ""5"": 1.2081487532016824e-09, ""6"": 0.1226469285252923, ""7"": 0.02949112724690464, ""8"": 0.14052874901734752, ""9"": 0.15059948078068708}","[0, 1, 2, 3]",[],1,0,1,1,0.0,0eafdad46a36bf0b85b8e7aaa74db2797f977b23612838c98e5d1c1df3a4b2b1,9b0079013193193469beb450c2e99113930ec0cb70ca647bf8e3802cdb180391,"[""proposal_created"", ""proposal_committed"", ""v1_challenge_sampled"", ""audit_rejected"", ""recovery_recomputed"", ""recovery_audited"", ""recovery_verified"", ""committed_once""]"
18,trust_v1v2,0,none,0,0,0,0,1,0,,77.32,0.0,0.1,214823805959333840373155457270353131139,0ddac356ca8ac6aa4f953256306199ae29f4ea687812be9647451e7bc093ec9f,1,"{""0"": ""72a2e19997f40f6b63dce700ea8faf2612f138fe9d8725b0e97ede298f54b670"", ""1"": ""75c1120011d1148b53e31d8107e5f59e292414d0558b9ae53b04161b71f004b9"", ""2"": ""36bfce0a4b354585e74e4975d11238001de2df4d118413f355d869aaa8fa3641"", ""3"": ""12f25541e5b5bd5bf78c03c697fbe5109378dbb5b8aeb01d6d2d2ab7b0b4b42d"", ""4"": ""7d7caae6f10929f2a3221de635e56ed9ea2b47b750b6d18d8c8f2ffd2f5bac76"", ""5"": ""fb898ba060c7fac85c2e1c41af7c4607e2a1af33cde1467f263437a8f02b261a"", ""6"": ""523bf14f01a7f7a847cb1d8590ceb5fddbdcaeaba5319a10e5ae7ac0529fe63a"", ""7"": ""f893f9200331c83446a4d87b81ce920f6e22869cdd746300f8379aafcc30d169"", ""8"": ""86d7f6b2e50429444c00e88f21f6df13b4640f0d54192617992bb3249ea96cb7"", ""9"": ""4d0952122815e924c941d61d72125b41f5b9582dc2dbdaf74a51985cd15191ce""}",,0,0,0,0,0.0,0.0,"{""0"": 0.04417811233888415, ""1"": 0.0007991729767314785, ""2"": 7.251415026600953e-05, ""3"": 3.874204890000014e-11, ""4"": 0.11580542640208888, ""5"": 7.248892519210098e-10, ""6"": 0.23942521593856492, ""7"": 0.1835317351715323, ""8"": 0.1599910749664993, ""9"": 0.2561967472918018}","{""0"": 0.04417811233888415, ""1"": 0.0007991729767314785, ""2"": 7.251415026600953e-05, ""3"": 3.874204890000014e-11, ""4"": 0.11580542640208888, ""5"": 7.248892519210098e-10, ""6"": 0.23942521593856492, ""7"": 0.1835317351715323, ""8"": 0.1599910749664993, ""9"": 0.2561967472918018}",[],[],1,0,0,0,0.0,9b0079013193193469beb450c2e99113930ec0cb70ca647bf8e3802cdb180391,e5bd36a35ca4e2db196f2a5a3144e54f22306f82b11032a9f908fd2c7a78030e,"[""proposal_created"", ""proposal_committed"", ""v1_challenge_sampled"", ""audit_accepted"", ""committed_once""]"
19,trust_v1v2,0,none,0,0,0,0,1,0,,63.64,0.0,0.1,18203793391947839009766782017469700689,dbb0a40e83b62579069a30417b5944e2565602a9454746018b98dfc2f07d6da4,1,"{""0"": ""cc9bd05e992805220a3c9e13e31ccfe0632f6be689004105c7ca800b4e266267"", ""1"": ""6aaae455bedcc2b1b26ce19770232243290fea6dfddf5a6080a52b5e544f1110"", ""2"": ""dca920479d1f9859406c4f314aaf2a2a354ca9e00cfc956d0c48162eac1b8179"", ""3"": ""452e544e0966cfb92a690ef49bb01a5dd7f7e2e964160cabc38db7233ea715e4"", ""4"": ""e8c9ddc768664b02c79a82145cfbf28b6f8cc5ede1dd1df19e6b1bcf7eeadc4f"", ""5"": ""f7fb78bc8c590807ab362775a03c91c953d54b0263c5d4a943baa4c30e18bc03"", ""6"": ""386a589ba4073f7c047ac9d66846f79ec1e7cb5e8143a1eec58b0528952b8bdd"", ""7"": ""1b8603a4f2b747721dce202933817135f5d36f665a0b5991cb5be988991d7915"", ""8"": ""5a61b2c93017f145a20c11d74e48931c86fc6679a7fe03711b4c7adf946a156b"", ""9"": ""94568e4000267bb1d8337defa251677778b9e600447b9dd669dab01e2e8375da""}",,0,0,0,0,0.0,0.0,"{""0"": 0.24312384895492195, ""1"": 0.0002397518930194436, ""2"": 2.1754245079802862e-05, ""3"": 1.1622614670000043e-11, ""4"": 0.03474162792062667, ""5"": 2.1746677557630297e-10, ""6"": 0.3016979800348262, ""7"": 0.0550595205514597, ""8"": 0.2778677377432065, ""9"": 0.0872477784277704}","{""0"": 0.24312384895492195, ""1"": 0.0002397518930194436, ""2"": 2.1754245079802862e-05, ""3"": 1.1622614670000043e-11, ""4"": 0.03474162792062667, ""5"": 2.1746677557630297e-10, ""6"": 0.3016979800348262, ""7"": 0.0550595205514597, ""8"": 0.2778677377432065, ""9"": 0.0872477784277704}",[],[],1,0,0,0,0.0,e5bd36a35ca4e2db196f2a5a3144e54f22306f82b11032a9f908fd2c7a78030e,325c2b862b6ab509fe76c2415b356fd5be1cae5fe4d57c72fee3e18b32d98a46,"[""proposal_created"", ""proposal_committed"", ""v1_challenge_sampled"", ""audit_accepted"", ""committed_once""]"
20,trust_v1v2,1,A2,0,1,0,1,0,1,V1+V2,65.19,0.20423358453614887,0.1,38347539181161822754524429979155416754,1b6e5d4e2ae44d41e19f255bb7db9779082691dabef3c7e9c9e1e7295fb71105,1,"{""0"": ""78359967c3db5da74043e47ae257b808d369fb1a65884821dcef241d0bb88783"", ""1"": ""7363fbdedfb325c14e037e8613342ecc0b5e3a20a1ce0549ac68c036ebed0fbe"", ""2"": ""e1b2eb236ae5958ad54b2e329422e72fc6021d924129308c6635e9528c539f6f"", ""3"": ""a8a3e1d671f4c5bef89f269948194c4f3e45d1271eea9b6507d12ffdf6b6d459"", ""4"": ""04480ceb13038bc0186754373161e1bae1df8d6a65a2bc7d62eabe0f51496b6d"", ""5"": ""c7f89c5c49b5f7a556fd80c069869f9df71f8b6302360ab67496cb089cb18aa8"", ""6"": ""53cd3b13797ba73bf12d39bc9cb961b41be58b2ccff354755d68c0863e19c95b"", ""7"": ""6be6253a3e5dd610787076d82ba6b795d4787f09c98e14103b287734ef2ddb8b"", ""8"": ""5e17d0d806436f6bc436872ede02a1cdee5b035e554bef81c5545a956f62d3b3"", ""9"": ""a1856ab25cbc0ad1ba2092769f9a897f0843be9f54f4623b98482c2c9c42e8f8""}",ba4cb3f71a8cda08e87e94c0a1c2b3c9c31da609ee220d3feec7c5b2d565df9e,1,1,1,0,1.209807047764333,0.0,"{""0"": 0.20321539715235362, ""1"": 7.192556790583309e-05, ""2"": 0.06474966760695583, ""3"": 3.4867844010000132e-12, ""4"": 0.06758947651169152, ""5"": 6.52400326728909e-11, ""6"": 0.1834510103336081, ""7"": 0.10422596435864037, ""8"": 0.20492651486049512, ""9"": 0.17177004353962277}","{""0"": 0.2266076985761768, ""1"": 0.1250359627839529, ""2"": 0.15737483380347791, ""3"": 0.12500000000174338, ""4"": 0.03379473825584576, ""5"": 3.262001633644545e-11, ""6"": 0.09172550516680406, ""7"": 0.052112982179320186, ""8"": 0.10246325743024756, ""9"": 0.08588502176981139}","[0, 1, 2, 3]",[],1,0,1,1,0.0,325c2b862b6ab509fe76c2415b356fd5be1cae5fe4d57c72fee3e18b32d98a46,9268cdf91381df472590a8bd29da3353e2bb114b46fcbdd7adf156292bdfe52b,"[""proposal_created"", ""proposal_committed"", ""v1_challenge_sampled"", ""audit_rejected"", ""recovery_recomputed"", ""recovery_audited"", ""recovery_verified"", ""committed_once""]"
21,trust_v1v2,1,A1,1,0,1,0,0,1,V1+V2,71.78,0.0,0.1,43247993505700126226644457360249633192,d43d1539aea6477fd6245875e9f99c4c4cf4dea87192b166d2f0081bc098b713,1,"{""0"": ""de7e85acec1aebb10b771f5721f41e8f9758e7e3275eddb580c10eb39f46afad"", ""1"": ""b2da1ffb70a6c21a4e4e0991537c79e7900200ddfa30b6e5548848c380bf131c"", ""2"": ""c04ffcd094fa4bf027f6180049e838f98c3d708de9f95c1cfe870ad432d97185"", ""3"": ""7ae1af54857d90be4aca8e3eae968f171fde83e6f12861bb8f845643297a80e9"", ""4"": ""4dfe5811ae9d85c919f957a9338f61e4c97718214ff3675fb1653499fcd77b5e"", ""5"": ""bee9f3c1deae9811aff3333cdc02404a8167b3ff59849e91a16008884e7b8069"", ""6"": ""d479860e75089745da42b233c0d0dec2458cb0de0f07155572df4fd92447ce72"", ""7"": ""e76d71e00d2b74562538ee515075724f024f3e5106fe26939c633ad21eaef61e"", ""8"": ""001365bda22e97ea148a538f214e33494f567705413d35785b2617ef135f360a"", ""9"": ""30017829d0b0307053dbfe097fd273a3f30c14e72115b8ce1b9bcfc0b590cdbd""}",f926450828c2a65865ce11b2ca3ef1244630d83686d76e7fac3a8908cfce8ccd,1,1,1,0,1.9527327168054451,0.0,"{""0"": 0.75, ""1"": 0.75, ""2"": 0.75, ""3"": 0.75, ""4"": 0.12376919003066263, ""5"": 0.02829744807868184, ""6"": 0.3014537298259919, ""7"": 0.05251606721555888, ""8"": 0.30789638118405804, ""9"": 0.08782502668174136}","{""0"": 0.19222105270893178, ""1"": 0.19222105270893178, ""2"": 0.19222105270893178, ""3"": 0.19222105270893178, ""4"": 0.03172139200083439, ""5"": 0.007252487011547417, ""6"": 0.07726100438691476, ""7"": 0.01345959163241033, ""8"": 0.07891222202196023, ""9"": 0.022509092110605793}","[0, 1, 2, 3]",[],1,0,1,1,0.0,9268cdf91381df472590a8bd29da3353e2bb114b46fcbdd7adf156292bdfe52b,4888c66a7b0d2a5816a29f2bb767a98ed07937c109572c99ebfb4d09abded3aa,"[""proposal_created"", ""proposal_committed"", ""v1_challenge_sampled"", ""audit_rejected"", ""recovery_recomputed"", ""recovery_audited"", ""recovery_verified"", ""committed_once""]"
22,trust_v1v2,1,A2,0,1,0,1,0,1,V1+V2,75.03,10.139758745299353,0.1,249360819869562519455662979547574130272,7bd14b2ea265f9880cd1fd05d710357dfa7204dc2a4b399021afeb90d70f5927,1,"{""0"": ""6e98bb7dd03f7476a0ea7cb86033394932fd6c00900dab09003eb7ad82a201be"", ""1"": ""9e2d37a3e5b1dd207bab0fbc32972713809c91c1cad3435bdbe330c7a0296cc7"", ""2"": ""6dc8211f1bf700f95ecb476f7f779accac7b4143199e562295ffb9aee31ee871"", ""3"": ""189fca53ab40f99aa59f0a216cbd3ef939ec57665cf4de8c6f1aff48e49bcfc0"", ""4"": ""54f6ae4c4a4b681322a758c7f1bfeb06381ecb68c0032cbdc61fab0c055c230a"", ""5"": ""c6bebabc5caf1949f97c52027543d9c387bb9f7c0b05be2c3108f3d170a6fe47"", ""6"": ""84f1e4f69edefa646d4012f3f3d78cce3ac1a6728d3547a5e1a5ed0dacb684c8"", ""7"": ""9dc05947724ea6029179859ce57b13c38da85b035bdf271afdef6f609e6f48d0"", ""8"": ""f380adb396341fa948d6850b8a16697e7e2c6b03945a8589f38d2936c9de626b"", ""9"": ""9e8246afaeab639e65fdab83d93bfcd5b51a51a73e35ab7d68f2a89536f81acd""}",1f1d7081f039279d339949c82e5a0c098415d529f91c8f93a1861f22ff3a7d9d,1,1,1,0,1.5573573540720884,0.0,"{""0"": 0.040728341919052946, ""1"": 6.47330111152498e-06, ""2"": 0.005867830940900337, ""3"": 3.138105960900013e-13, ""4"": 0.16431183869729088, ""5"": 0.010375972747577752, ""6"": 0.10724847870691982, ""7"": 0.2831110594392431, ""8"": 0.09464625696849209, ""9"": 0.2937037472790978}","{""0"": 0.14536417095952647, ""1"": 0.12500323665055577, ""2"": 0.12793391547045016, ""3"": 0.1250000000001569, ""4"": 0.08215591934864544, ""5"": 0.005187986373788876, ""6"": 0.05362423935345991, ""7"": 0.14155552971962154, ""8"": 0.047323128484246045, ""9"": 0.1468518736395489}","[0, 1, 2, 3]",[],1,0,1,1,0.0,4888c66a7b0d2a5816a29f2bb767a98ed07937c109572c99ebfb4d09abded3aa,6ed6731530f1c6d474e701fcd8796588bdb20347ff934172b2f263b1bcef0260,"[""proposal_created"", ""proposal_committed"", ""v1_challenge_sampled"", ""audit_rejected"", ""recovery_recomputed"", ""recovery_audited"", ""recovery_verified"", ""committed_once""]"
23,trust_v1v2,1,A2,0,1,0,1,0,1,V1+V2,78.0,1.5368914016027093,0.1,67535612608429312491423180194408187732,361f9bd42e41866ad3ba234218a6059f323e85e05b4135f6eda29df2338ef2bd,1,"{""0"": ""a7e4b61e22fb30635df24b5f8cd4e48fd8631d204585fbe4e5636ba85a183f62"", ""1"": ""ef8f33601df5ca8fe380b70dd3c965304173c5cf8ebcd670cf3fd31b87c17149"", ""2"": ""5655de1b4dad420112096507996050821cb0bec784bab97c33895e2a19b4af14"", ""3"": ""13bee52c1661d11182fd89a76f0f1cb87ff195a54c07ea0a124a4d78405935b4"", ""4"": ""5bfcd03bfda98ccdd1b23a8041d68b2414ea48127562f99e720cffb2ade65781"", ""5"": ""ae4fce6b35e1e548f6f10d3bcc39262c55e922f436a427032ae2e1efde4c8593"", ""6"": ""2668558a4cbbe141cf45fdbc6f8d9ca8b0dfd5216173d00a3e8d712c2d6b88f6"", ""7"": ""e3c305b1e856d886e50b82887bf04b2312a6ceccd36a4562742a80ec2c865fa4"", ""8"": ""b8b0e5490ff5e356444ed9e5f50be7f8e428582a4d95022d44e3b27edf29b454"", ""9"": ""96e7e914ac869885a479f9f77aed4b5c50ece951eb3d06298c23b5f437d365a8""}",6afafb83abb599e5a1f58a38e67b0f3a52a5939733e53ce04cb85a4d0a6331f0,1,1,1,0,2.3889508903073313,0.0,"{""0"": 0.012218502575715886, ""1"": 0.00043788311861664875, ""2"": 0.0017603492822701014, ""3"": 9.414317882700041e-14, ""4"": 0.04929355160918727, ""5"": 0.003112791824273326, ""6"": 0.27776742314880454, ""7"": 0.08493331783177294, ""8"": 0.27398675662727623, ""9"": 0.29648942398198896}","{""0"": 0.13110925128785797, ""1"": 0.12521894155930835, ""2"": 0.12588017464113507, ""3"": 0.1250000000000471, ""4"": 0.02464677580459364, ""5"": 0.0015563959121366634, ""6"": 0.1388837115744023, ""7"": 0.042466658915886475, ""8"": 0.13699337831363814, ""9"": 0.1482447119909945}","[0, 1, 2, 3]",[],1,0,1,1,0.0,6ed6731530f1c6d474e701fcd8796588bdb20347ff934172b2f263b1bcef0260,d69226493c62abcc7c5af2d2e7d5c2fef2b07832216a741c311aeba06dd84cec,"[""proposal_created"", ""proposal_committed"", ""v1_challenge_sampled"", ""audit_rejected"", ""recovery_recomputed"", ""recovery_audited"", ""recovery_verified"", ""committed_once""]"
24,trust_v1v2,0,none,0,0,0,0,1,0,,75.75,0.0,0.1,131298822719195158260873724296850534979,a767af08ce75928521965120137e67a57301ee520047214083d0095eabc4ebdc,1,"{""0"": ""7d4eb5902138aeecd902e5fb08bea09178df4a86241a12a605774823555660d8"", ""1"": ""7d0990a8dc80ef037475e4dd9110d02bc348c6b1d6849395f92ac6f2185be39f"", ""2"": ""1853ecb768157f8e8879464fe98b1a4df61ee96ee8b0c590beabeb38e79ac59d"", ""3"": ""4b4ec135efb594c39d7693fd0d6131c85cb088d0e5a5e0a6556a7641057d58f2"", ""4"": ""97d767627131f4694facb1bdb8cf036d443bc0448536451c8017f076bd0615c0"", ""5"": ""e1f39620f25579538c4166eb8156b0ff81be5c5272c06eb8ba7139cbdf54e785"", ""6"": ""842c4778eac3f2b48a4b29011e099eeaa18b62f7344d876f3c80a6fb7e44a9e2"", ""7"": ""61954208dc9624f6e3f6a158357668715fb6c7f62aa5dcfef744a50111bdacae"", ""8"": ""663594b0954f365b1bc0852da146be87ac50557a8a9168948391f133aea23093"", ""9"": ""32cddc8358e66acca354b66122854b71f74308696349a25185d6d5478420e4c3""}",,0,0,0,0,0.0,0.0,"{""0"": 0.05769600482297274, ""1"": 0.00013136493558499465, ""2"": 0.07565336256322923, ""3"": 2.8242953648100128e-14, ""4"": 0.014788065482756182, ""5"": 0.0009338375472819979, ""6"": 0.32736082706565284, ""7"": 0.025479995349531884, ""8"": 0.16497911491735373, ""9"": 0.3329774273156082}","{""0"": 0.05769600482297274, ""1"": 0.00013136493558499465, ""2"": 0.07565336256322923, ""3"": 2.8242953648100128e-14, ""4"": 0.014788065482756182, ""5"": 0.0009338375472819979, ""6"": 0.32736082706565284, ""7"": 0.025479995349531884, ""8"": 0.16497911491735373, ""9"": 0.3329774273156082}",[],[],1,0,0,0,0.0,d69226493c62abcc7c5af2d2e7d5c2fef2b07832216a741c311aeba06dd84cec,0b4e052793954b018c9dcd9f0293e5a22f5c931de5ab8ab92340d37a1da1cad4,"[""proposal_created"", ""proposal_committed"", ""v1_challenge_sampled"", ""audit_accepted"", ""committed_once""]"
25,trust_v1v2,0,none,0,0,0,0,1,0,,56.08,0.0,0.1,185348155469318841264247927690411411393,0da380e9758da37925579206aacd9a6d96e2a3d9da06379fc5465656e643cea7,1,"{""0"": ""1f19551a736f1e8d3d56a14bd6b75053157d7a116f60d07a0b4c740488c82691"", ""1"": ""1d2219094e0f09325e5b372625806fba2dd41b36cd41d082db31b975e9404a9c"", ""2"": ""81438c57bc5057d43cea9bc1eff77134829a08bb955e811dafa0f550e8f1058c"", ""3"": ""75fb745e608b278a4e65089cb0e46c914f922f048e83282c19854a0042810ff9"", ""4"": ""dff6a5bafd86fc864c2f84e2b5becb3741892a1fb18e473cbf9d8a1c1630d0d6"", ""5"": ""1625116e78e9cd67631b21dbc254828a5be0588ba7c7ea442ae72bdb2f815a80"", ""6"": ""ef5a3862e9e2d2612fd99692ab1f7c4727e07246d1329cd2dc724ed273652dfe"", ""7"": ""fb00f315141c7bff768f3db0871a862e5ee39d609732cf0a440988fb423c16f0"", ""8"": ""0758ca46d843431307ee99e4d1872026303cb74bfecd453619199451a22a2726"", ""9"": ""868ee74a6492c69afb4af5d94f808f0e1fe8e98296696cb47cd0b2910daddca0""}",,0,0,0,0,0.0,0.0,"{""0"": 0.06673283794667438, ""1"": 0.2033512692734393, ""2"": 0.022696008768968767, ""3"": 8.472886094430038e-15, ""4"": 0.07625308665700883, ""5"": 0.012751958938270615, ""6"": 0.15413917593110474, ""7"": 0.08922904354856155, ""8"": 0.07164153094851695, ""9"": 0.3032050879874463}","{""0"": 0.06673283794667438, ""1"": 0.2033512692734393, ""2"": 0.022696008768968767, ""3"": 8.472886094430038e-15, ""4"": 0.07625308665700883, ""5"": 0.012751958938270615, ""6"": 0.15413917593110474, ""7"": 0.08922904354856155, ""8"": 0.07164153094851695, ""9"": 0.3032050879874463}",[],[],1,0,0,0,0.0,0b4e052793954b018c9dcd9f0293e5a22f5c931de5ab8ab92340d37a1da1cad4,3a8cee1b49e0370924d1d102a5963acedfe280bcc6aa0f7b63846621dcd540b6,"[""proposal_created"", ""proposal_committed"", ""v1_challenge_sampled"", ""audit_accepted"", ""committed_once""]"
26,trust_v1v2,1,A1,1,0,1,0,0,1,V1+V2,78.81,0.0,0.1,113988713062240729914594878646096208298,5ebea51889b626a166bf87e6c6dbeb971e10bfe1891c9b5f99f0cba02378af1d,1,"{""0"": ""cae856d61055039a2c24c2c8d35c3853ccf6ed926b76e5b29e156db280cfabd7"", ""1"": ""94c02f5a78e98089c36ad0d2518214ce1e4ff97c3394494c700295ee42862a78"", ""2"": ""ed27ff463c95fac472c2af14c916a8a7c2d414c8507971ab077b7e3581916a8a"", ""3"": ""a8c9917de7c2043c2ff32b6036e1113bc56dd0e5b668f757d5b534c9912ccf93"", ""4"": ""832bf5a3a9612ab32e724f7fcab8adb451d2ea034a081033dd3666c08cd53997"", ""5"": ""81708de217a19b0076778697cdb91152cbaaf3cef4fbbf0b37544aecfe609770"", ""6"": ""461f51228f64c1ed79946e3eb901029c497dd783b2d0fcd01d484008355bbd75"", ""7"": ""fa3cfb45d861488b3b4517dcb2875a411e738b3b8e3a55bfa973f64bf7603d5b"", ""8"": ""1f2c956cefe3725c2b96ead3aaf20e3239b5c4cc8e132432f72a6a93bf2cc814"", ""9"": ""dd1f086d02233765669f443bc2d49777151528c5c986704cac9e35482d50c5c6""}",f6fe08a9e1629c6a7cc7f172a33c6a549fc79acc62bebd2756f4e9e3e6792b70,1,1,1,0,3.165172844639772,0.0,"{""0"": 0.75, ""1"": 0.75, ""2"": 0.75, ""3"": 0.75, ""4"": 0.1810184226035842, ""5"": 0.026570560315588944, ""6"": 0.23634758964319175, ""7"": 0.03695733485411907, ""8"": 0.2115982961484154, ""9"": 0.21323178954580502}","{""0"": 0.19202585777257247, ""1"": 0.19202585777257247, ""2"": 0.19202585777257247, ""3"": 0.19202585777257247, ""4"": 0.046346957164121697, ""5"": 0.0068029795147984545, ""6"": 0.06051313151161848, ""7"": 0.009462351901800538, ""8"": 0.054176459094819045, ""9"": 0.05459468972255181}","[0, 1, 2, 3]",[],1,0,1,1,0.0,3a8cee1b49e0370924d1d102a5963acedfe280bcc6aa0f7b63846621dcd540b6,ab0b7d7b4f482ce82cdcbcae20a85fee8e1a1a3520f42efddec336a41d510de7,"[""proposal_created"", ""proposal_committed"", ""v1_challenge_sampled"", ""audit_rejected"", ""recovery_recomputed"", ""recovery_audited"", ""recovery_verified"", ""committed_once""]"
27,trust_v1v2,1,A2,0,1,0,1,0,1,V1+V2,76.67,1.8012627742545613,0.1,337383845238834162900469270533013213001,66e6abd580e6b3179c6562f7951c97056c12d1710056ba003f13c9da3f79245a,1,"{""0"": ""8aac08952faf5a8332a5b9b6992c6c9ec3fd5e41c533f736bde328d04b1765dd"", ""1"": ""9fe09d0d096e8561848fc7293e71ed3656d5fc92cf0315895c435f9f57475e0b"", ""2"": ""6cdf02a2b1f81a976e47fcf06d8c5f321c962bf65e0e7dfffd0cff77c59c92be"", ""3"": ""56b281664bd6401533725c25f014416ec428a135fd49d3df7d22fec83185ad64"", ""4"": ""349de6918d48ab94ef8c37e523703245da865e42f03f32a159b4d91230a2a880"", ""5"": ""ed29a69e59b9d440045a9560e2bea65fd4346fb66a1003ca83f5b3de776ecc0c"", ""6"": ""2749bf7600da6092997f5cba7a6f13178a001dfd0f9ef8dc118a0f85a3c0779d"", ""7"": ""b5675aba8c9237757189becf3daa7658d1bd5022331a9addf25ea152b061df0f"", ""8"": ""5714cdcf074475c2d612c8b72ebfc44ded281c5e136d4a916dde009be2c8225b"", ""9"": ""81064a00c0f4b7f3c5240ff15595b27ace783e0bfc66768e35322ad112a4495a""}",165d5c60d65b37eb8c8493e772ec7fe6a64c2ef8eb2f32dec000abd8e01e1efb,1,1,1,0,2.4928891110085436,0.0,"{""0"": 0.006005955415200697, ""1"": 0.020234205862380034, ""2"": 0.00204264078920719, ""3"": 7.625597484987038e-16, ""4"": 0.054305526781075274, ""5"": 0.007971168094676686, ""6"": 0.3879063677767049, ""7"": 0.011087200456235725, ""8"": 0.4464773979607773, ""9"": 0.06396953686374153}","{""0"": 0.12800297770760036, ""1"": 0.13511710293119, ""2"": 0.1260213203946036, ""3"": 0.1250000000000004, ""4"": 0.027152763390537637, ""5"": 0.003985584047338343, ""6"": 0.19395318388835245, ""7"": 0.005543600228117862, ""8"": 0.22323869898038864, ""9"": 0.031984768431870765}","[0, 1, 2, 3]",[],1,0,1,1,0.0,ab0b7d7b4f482ce82cdcbcae20a85fee8e1a1a3520f42efddec336a41d510de7,195f01a9fe875f512083affb53d3e059f255d25442726937842e43cad98af1b5,"[""proposal_created"", ""proposal_committed"", ""v1_challenge_sampled"", ""audit_rejected"", ""recovery_recomputed"", ""recovery_audited"", ""recovery_verified"", ""committed_once""]"
28,trust_v1v2,0,none,0,0,0,0,1,0,,69.1,0.0,0.1,128806280138671594794618712060440280453,17c8b9b775a19a38983ccf03faa97c677edd29e01c9c2fad92090e92301adfc8,1,"{""0"": ""1e99254e09dc8f58ca693208e5c9f9b7dbc8f3adb30e300015d141eaf18b471b"", ""1"": ""48fdbc88ed6fd4fc3fa7faa477daf73e1cc1ebc9a85fd306b066d30b6f83b328"", ""2"": ""0f4fc0b43d80856a66d0af1fd2ea545be406f7e83e6f6eec55effc1123f714d3"", ""3"": ""9df77dc5632b4043d4e17da1d9ebcf22b1caaed6d883dc38c3af25686fbcbbfc"", ""4"": ""26b3f3d04dcd274506f7a470eedbf58ed488bb464ad0e4dfd62429045c3c97bf"", ""5"": ""5cd62dc5118e4aad0c1c883ea0f91ca9c89bb000bae96646f783502f87815d2a"", ""6"": ""20beb3dc43884457df41cd590fd526e0082c3283ad8dd989747cbbf92e1a9db4"", ""7"": ""8ae0f7f14b69dea3cb32bec47efc74af4b7f4566abc6bb34d230406892ffee50"", ""8"": ""5365842cfdba84569d4d2d30c91551bf31b09f4c070047d9b1c1b430f88ffc7a"", ""9"": ""123b3d661e402177d3ed5acaaf9634c03f906903173914d3a17a4d1b47693746""}",,0,0,0,0,0.0,0.0,"{""0"": 0.16634987707645102, ""1"": 0.006070261758714012, ""2"": 0.0006127922367621572, ""3"": 2.287679245496112e-16, ""4"": 0.12720941435316824, ""5"": 0.0023913504284030066, ""6"": 0.1163719103330115, ""7"": 0.19019029150463487, ""8"": 0.13394321938823323, ""9"": 0.25686088292062187}","{""0"": 0.16634987707645102, ""1"": 0.006070261758714012, ""2"": 0.0006127922367621572, ""3"": 2.287679245496112e-16, ""4"": 0.12720941435316824, ""5"": 0.0023913504284030066, ""6"": 0.1163719103330115, ""7"": 0.19019029150463487, ""8"": 0.13394321938823323, ""9"": 0.25686088292062187}",[],[],1,0,0,0,0.0,195f01a9fe875f512083affb53d3e059f255d25442726937842e43cad98af1b5,4989616475d56dfbb4796c58620e91db517b9031be56d14dbe670e95caa418ba,"[""proposal_created"", ""proposal_committed"", ""v1_challenge_sampled"", ""audit_accepted"", ""committed_once""]"
29,trust_v1v2,1,A2,0,1,0,1,0,1,V1+V2,79.22,1.9142858096191646,0.1,206625336846761585793418805234816893536,59b513b23ac4d962a40f76561c9fa2326d48e5ee7689570035471d73e38910e4,1,"{""0"": ""476882e0e5a12036de7438a77f214dc80c99be17e7a15444394584680bf42cc2"", ""1"": ""40dc689e34b22541b719ee95ab6d005f6c62c272a6e3516326a00f820aa8f753"", ""2"": ""00e02168b05837a0b847cafc329195733cb571be0a0d5ad9153360d695cccc39"", ""3"": ""02e0c5a88b05dcffb7c6f8d4a6f89c9d4185c36e75b32bbcec129b448dd19093"", ""4"": ""c65c15dda3c4496b37c0aa5c2d232f54d82ffbb5c4b442dbc2bf0700ce6e7592"", ""5"": ""f7604c4a22176b89bde46d3055ecd68fb7aaa15e89cffc695ccb4ffc371e95b3"", ""6"": ""971c2268c5eb141f6e68f3cd932bcda90c2eeb15de037ad3e5f670e0a01c76a4"", ""7"": ""ae2bfb51ea20df4adb8c68d57e03f3ba5780b7c4d7d8be4d7251d3e5b6359303"", ""8"": ""c5df386b16d945762883f568f598ec46f501cf31009cbf9b115e794027708e1f"", ""9"": ""7a767586756df4416b4405c86c7a63415ea492fa8ab277dda29416127462256d""}",ccffda3a6bcfda0a7d2cf44ba4d3d9712cffee6586814e12e36e531cde6a0d13,1,1,1,0,2.2017730391697725,0.0,"{""0"": 0.05922523215470038, ""1"": 0.001821078527614204, ""2"": 0.00018383767102864718, ""3"": 6.863037736488337e-17, ""4"": 0.04092630591985892, ""5"": 0.008467402272014191, ""6"": 0.20038705207229537, ""7"": 0.06927527655083304, ""8"": 0.29141925788596934, ""9"": 0.32829455694568593}","{""0"": 0.15461261607735016, ""1"": 0.12591053926380708, ""2"": 0.1250919188355143, ""3"": 0.125, ""4"": 0.020463152959929457, ""5"": 0.004233701136007095, ""6"": 0.10019352603614766, ""7"": 0.034637638275416514, ""8"": 0.14570962894298464, ""9"": 0.16414727847284294}","[0, 1, 2, 3]",[],1,0,1,1,0.0,4989616475d56dfbb4796c58620e91db517b9031be56d14dbe670e95caa418ba,6f339de34f61738b6afddf888c1bc8267fd7a260cb12b44852defb9b454f8763,"[""proposal_created"", ""proposal_committed"", ""v1_challenge_sampled"", ""audit_rejected"", ""recovery_recomputed"", ""recovery_audited"", ""recovery_verified"", ""committed_once""]"
30,trust_v1v2,0,none,0,0,0,0,1,0,,75.75,0.0,0.1,65698880315883758715398048152567050959,1eeefafda9d9045f3341469fae3ede9a65e0ad599bbb50bbb6db23dffdb52a06,1,"{""0"": ""5851c30aadf21ff004804754cffabc3060718c070873753751a55c200a83d141"", ""1"": ""03ca514e29d1481e2a7510537a5694bd0bfd74bef9ff541a274d15316c7afd9a"", ""2"": ""4d9caf36ef6464c83703e0820e6bf3e40fa11ee7258d2513df1117f19560ced1"", ""3"": ""0001e439f745c98a572e06b319f2f256d659c991da983a75d3d7e220f0563820"", ""4"": ""a5af235243b266dc2e54b0b6f012e936d0b1b1257a7506d80d058a137681bd47"", ""5"": ""200daf82e25d8b2657027a545282ddffe11db619a4c3a0f52854529ff12b9d84"", ""6"": ""e61f131bbc57583854b6fe990bba943745c014e274be369b4e8eaa75bfb5f587"", ""7"": ""060d48ee4c85e373d0bbce03d5cf86b1fb1d2895f63732744c4d87e779ad456c"", ""8"": ""1d24d5acd6c73ab694f7f4c8884ee5110ce113755c16ca2feff416d9cd9f2674"", ""9"": ""e01f2702bec48d6f07966162815f1af742f2f965842ae09e47f7728340b9cbec""}",,0,0,0,0,0.0,0.0,"{""0"": 0.017767569646410117, ""1"": 0.0005463235582842613, ""2"": 5.5151301308594165e-05, ""3"": 2.0589113209465015e-17, ""4"": 0.012277891775957677, ""5"": 0.003369589874501462, ""6"": 0.4783678011622181, ""7"": 0.09616250766424539, ""8"": 0.2929647979333686, ""9"": 0.0984883670837058}","{""0"": 0.017767569646410117, ""1"": 0.0005463235582842613, ""2"": 5.5151301308594165e-05, ""3"": 2.0589113209465015e-17, ""4"": 0.012277891775957677, ""5"": 0.003369589874501462, ""6"": 0.4783678011622181, ""7"": 0.09616250766424539, ""8"": 0.2929647979333686, ""9"": 0.0984883670837058}",[],[],1,0,0,0,0.0,6f339de34f61738b6afddf888c1bc8267fd7a260cb12b44852defb9b454f8763,3ca032c3464650838d2afddef3548fd7ffa240b6d27f3761382de6f4d8acadfd,"[""proposal_created"", ""proposal_committed"", ""v1_challenge_sampled"", ""audit_accepted"", ""committed_once""]"
31,trust_v1v2,1,A2,0,1,0,1,0,1,V1+V2,74.48,2.192137952001989,0.1,256558666521915115127379524862067590946,410ccc35d4252b94c5a6eeef5fd8c0204857a72023c6e9c731047abd51475f25,1,"{""0"": ""b81f1c1425aff791b0d85ab7326c0035080b355d34ddc26edd2b1b71c20fd2db"", ""1"": ""a9a7c0058739f60259f0553f50387e8d5d23d27ff958511a91f5f6654d2c6d65"", ""2"": ""59ed21b02bdeaf2a265eeba1ab20fafa57b084a9fffe081c27b8cb7cadc2db74"", ""3"": ""3c825de89ab0bd00a9c37526a1ea7eab10d0048c0d073a804cabdc7d64c8a012"", ""4"": ""b3cd70b2c110fbf949e44ec4f5a82568d74247db8776281f08d83966df1d481c"", ""5"": ""0ac3b79d101e6663a3d7edd2b49a6d81c4e293b060fa825e68762d11b8a2e4fd"", ""6"": ""3c205f54c32f0636890147efaddb595631721c50a38d064baefa72e91552ef14"", ""7"": ""9b971252c97f699ab8762e19bbc439c8acd268afc961019a68e521c24e76e126"", ""8"": ""0576449952d84907db327b90955561d45e110cfce8b12a9a7c103371305a99b5"", ""9"": ""ad423306e6848e8772474469d406a860cd39be9bb650f5dccaf237d904377528""}",7906eda305ce7c69d58eaa3dfbb115d1ab028b1d5b10ad8b61f969fbc26e595f,1,1,1,0,1.6670904211283317,0.0,"{""0"": 0.0326653781267333, ""1"": 0.0001638970674852784, ""2"": 1.654539039257825e-05, ""3"": 6.176733962839505e-18, ""4"": 0.004750026444968105, ""5"": 0.0010108769623504387, ""6"": 0.14351034034866544, ""7"": 0.18210994974170422, ""8"": 0.08788943938001059, ""9"": 0.5478835465376901}","{""0"": 0.14133268906336666, ""1"": 0.12508194853374263, ""2"": 0.1250082726951963, ""3"": 0.125, ""4"": 0.0023750132224840525, ""5"": 0.0005054384811752193, ""6"": 0.07175517017433272, ""7"": 0.09105497487085211, ""8"": 0.043944719690005296, ""9"": 0.27394177326884506}","[0, 1, 2, 3]",[],1,0,1,1,0.0,3ca032c3464650838d2afddef3548fd7ffa240b6d27f3761382de6f4d8acadfd,2d749e0cd140d12f38332bfa9460f72dccee2c8353f15ec0516245d23274bdd9,"[""proposal_created"", ""proposal_committed"", ""v1_challenge_sampled"", ""audit_rejected"", ""recovery_recomputed"", ""recovery_audited"", ""recovery_verified"", ""committed_once""]"
32,trust_v1v2,0,none,0,0,0,0,1,0,,76.6,0.0,0.1,256983631117786353281196510504988940333,02187f742f2262152b7e0ec28a1c67c5850b9d96e41f9a9bd6815f301f0237c2,1,"{""0"": ""0234c866a960fb307224ddebf3fd970fdf5a61d91c990696209d98cf7a8c43e6"", ""1"": ""7fca034e0ac5e60fe104c99ae848ec031301dc540277bb0f7d986bb923d27625"", ""2"": ""1be056ef00915119f958b1f8b33c174a4567a551928fb42da46157e7101321f6"", ""3"": ""bd63d9b744ddfae6a3eb6132943caa341b24ca3d7bacbd683d5621b6527f0dc1"", ""4"": ""cd4678d26e4caa092048709d37e1f39302b2657b583d62b15197209bc6c923d7"", ""5"": ""c6d6207e8dc43aba89babaa5f91cee65b2ce81065aa9736e7948adefbe8bca5b"", ""6"": ""315b57cb273cef65338ab377c63788ac0de48abf3b39d2a81f81edd3d0f11f6a"", ""7"": ""4e7110ed783f4ceb083b4c4442744c91fcf2ed45c7d967816588cec6aca3f213"", ""8"": ""aad2e7ed4686ec43cfe1c27eaf7e8fa160ec9ccc715ac5bb196736854719383d"", ""9"": ""76adcdf93feb25b8fd531e3e6e8e2d38a249e5c104fa5851befed18f2efc68c7""}",,0,0,0,0,0.0,0.0,"{""0"": 0.00979961343801999, ""1"": 4.916912024558353e-05, ""2"": 0.04161225069683843, ""3"": 1.853020188851852e-18, ""4"": 0.003151277244228628, ""5"": 0.007759683117531083, ""6"": 0.1548670301874214, ""7"": 0.1345467266072538, ""8"": 0.483849185627154, ""9"": 0.16436506396130707}","{""0"": 0.00979961343801999, ""1"": 4.916912024558353e-05, ""2"": 0.04161225069683843, ""3"": 1.853020188851852e-18, ""4"": 0.003151277244228628, ""5"": 0.007759683117531083, ""6"": 0.1548670301874214, ""7"": 0.1345467266072538, ""8"": 0.483849185627154, ""9"": 0.16436506396130707}",[],[],1,0,0,0,0.0,2d749e0cd140d12f38332bfa9460f72dccee2c8353f15ec0516245d23274bdd9,dd6892141d0fc0e8d61c48a8fd510adb7b85d50182ee59b5fdf695882fb0d732,"[""proposal_created"", ""proposal_committed"", ""v1_challenge_sampled"", ""audit_accepted"", ""committed_once""]"
33,trust_v1v2,0,none,0,0,0,0,1,0,,63.29,0.0,0.1,82497253195385779376103848870482885888,e5311960230aeaf509af229e2fafe57416447c3d40eb2c3982c1f7f41ac4a1b9,1,"{""0"": ""347e8cc484d8b25cd1607f8efcba90f905be74b06ed52fcce3068c68d93fabe7"", ""1"": ""ad700574dcb4f9e0e43603f349d4c4aba1dfe85e35750798d3ea29feaeb58656"", ""2"": ""f7c467cd94cb2ff98b2db022f6431443f9327f4225324a4eded7ae1a714fac59"", ""3"": ""8b86d1b8f3e755061eae4cf58233cb3b06b075c7023b21a344703f05eb97bc13"", ""4"": ""88cffdc687b3b3c47dc36566e0e6276508377766d5883bd00de130ecfc6dcc21"", ""5"": ""da82ba83ca380b92f05f636aedbff2cfcf157613ac4aa4e474ff521b184a6dd0"", ""6"": ""c3f05ac063f6a0403012f59e60220f54d1ee73131e2cbb5b4a530e00787cb6aa"", ""7"": ""5931df9833a00c84158ee50b0ee959ed12229dab1d773004446c8135f2cf76b7"", ""8"": ""dba6766f03070969aa586300a224d10b8fc3616e8aa741877add3f5fed7ad89e"", ""9"": ""616963b253b41509425cf257bd2b99fd8d74018133a1ea94dbcf589cb6688e71""}",,0,0,0,0,0.0,0.0,"{""0"": 0.2020760786569863, ""1"": 1.4750736073675062e-05, ""2"": 0.012483675209051531, ""3"": 5.5590605665555565e-19, ""4"": 0.006368286291112087, ""5"": 0.0036412384763281815, ""6"": 0.06227677784218297, ""7"": 0.27951946794695154, ""8"": 0.14515475568814623, ""9"": 0.2884649691531675}","{""0"": 0.2020760786569863, ""1"": 1.4750736073675062e-05, ""2"": 0.012483675209051531, ""3"": 5.5590605665555565e-19, ""4"": 0.006368286291112087, ""5"": 0.0036412384763281815, ""6"": 0.06227677784218297, ""7"": 0.27951946794695154, ""8"": 0.14515475568814623, ""9"": 0.2884649691531675}",[],[],1,0,0,0,0.0,dd6892141d0fc0e8d61c48a8fd510adb7b85d50182ee59b5fdf695882fb0d732,88e06950568a9b6ef6f49fe3385fac7aef290259dcccfb104777490f43e4dd5f,"[""proposal_created"", ""proposal_committed"", ""v1_challenge_sampled"", ""audit_accepted"", ""committed_once""]"
34,trust_v1v2,1,A2,0,1,0,1,0,1,V1+V2,75.98,30.370590161723165,0.1,41439499272264292665194342924052615532,d98102baaab54e3485bec30595820b0c0a991381b2b62a3685210418bbab400b,1,"{""0"": ""6e301a5c859179b94aa0c21ab6c26285a0dbc1bda30405afff2cc30389d74356"", ""1"": ""69fabb9d818f0db75c26ed8d3c6ae5147cf4748e411894a541dff0479addd045"", ""2"": ""29f8cbcf2e0fce1120e1952149f3c499545752b70f7d3196de25a2cbcb312730"", ""3"": ""20d08d68c290d34f0806926b463def0ff983ac02cce678c898aa02323fe5341e"", ""4"": ""f49f0d7c1c474f5b8d9380bb41465014a57de0a102b370681adeef46ca3552a7"", ""5"": ""1c8279fbd05fe35020653e2daf03ed7cc0054b437d27b3242edc38611e97fd16"", ""6"": ""1437b4ec4911e853683cde83c76e36a032554c94ec255b029ab75a59ef0c96ac"", ""7"": ""5bbe976f54e1d201265fb787458da6487491d75a6aa6f213f656d3822c12925d"", ""8"": ""fc4610cc5a0c9d18146421196cbf06f7374f2c516ce2ff5f19fee76102f8828c"", ""9"": ""6b09c70499be4a20c8d8842da8909a5b813a14d77eaa198d31bad9a7832bba7d""}",50df8642d17b1a636ed86716d34c07e2dc937b29929a8ee851cd998a2405ad47,1,1,1,0,1.4801424898509103,0.0,"{""0"": 0.10413461165660104, ""1"": 0.02229475826682575, ""2"": 0.0037451025627154608, ""3"": 1.6677181699666676e-19, ""4"": 0.060985834750879236, ""5"": 0.1699607120407581, ""6"": 0.19161364964974759, ""7"": 0.09941458301085201, ""8"": 0.21647704300353657, ""9"": 0.1313737050580844}","{""0"": 0.17706730582830055, ""1"": 0.1361473791334129, ""2"": 0.12687255128135777, ""3"": 0.12500000000000003, ""4"": 0.03049291737543962, ""5"": 0.08498035602037907, ""6"": 0.0958068248248738, ""7"": 0.049707291505426014, ""8"": 0.1082385215017683, ""9"": 0.06568685252904222}","[0, 1, 2, 3]",[],1,0,1,1,0.0,88e06950568a9b6ef6f49fe3385fac7aef290259dcccfb104777490f43e4dd5f,a3c3a23d251faadefe3d814f7880c808b0cd532d75e895fa992a93982bf248e4,"[""proposal_created"", ""proposal_committed"", ""v1_challenge_sampled"", ""audit_rejected"", ""recovery_recomputed"", ""recovery_audited"", ""recovery_verified"", ""committed_once""]"
35,trust_v1v2,0,none,0,0,0,0,1,0,,77.08,0.0,0.1,167234229031451134141461547442523933239,5d99c3397ca8ad3f7779e5dfdd59c53b7d2b9774700ba58fdd641e4a9beecc89,1,"{""0"": ""e71853d8cd4f9e4d9b308e961875097d1f469cd974d22e6f3898b10fe736b84a"", ""1"": ""3ae2505d7586afe2002cf6d4d146e2d8e9fc20a06b60824aa8cad290114f4ea1"", ""2"": ""7375052c32236143afc75444a706fb1a550e9048c527815359fe92766d20c29c"", ""3"": ""a89593e68f64ec8c20df4133c075d7eba3ef1806c2c225e52b02a5a2132df13e"", ""4"": ""9abc43ac5a069973db0287009abc37f2a8d51b4b15532c5f27538a60c4ad5c58"", ""5"": ""c8b2387b7213323043610ca770af67a333177b0973e1141492680f60839aec5b"", ""6"": ""b2dbe12fef31321e911219b8827265d3a0e7542a8439a208ba04685eb259129d"", ""7"": ""43f0c98c6aea13f8931bd4ebfb26c8f38e412a25d196ea06cdfd5cdfd26cdcad"", ""8"": ""c94caa479756c801805f598ef91c1e9d8e5cf388a3450cc69acfd19c936ce6dd"", ""9"": ""bab99a7c85a3e4e1d92086a77741eba1e469b113b2dfc10f11cbad4c406654c3""}",,0,0,0,0,0.0,0.0,"{""0"": 0.031240383496980318, ""1"": 0.006688427480047726, ""2"": 0.0011235307688146384, ""3"": 5.0031545099000036e-20, ""4"": 0.018295750425263775, ""5"": 0.05098821361222744, ""6"": 0.3587235439463616, ""7"": 0.127345476800381, ""8"": 0.06494311290106097, ""9"": 0.3406515605688626}","{""0"": 0.031240383496980318, ""1"": 0.006688427480047726, ""2"": 0.0011235307688146384, ""3"": 5.0031545099000036e-20, ""4"": 0.018295750425263775, ""5"": 0.05098821361222744, ""6"": 0.3587235439463616, ""7"": 0.127345476800381, ""8"": 0.06494311290106097, ""9"": 0.3406515605688626}",[],[],1,0,0,0,0.0,a3c3a23d251faadefe3d814f7880c808b0cd532d75e895fa992a93982bf248e4,a962093508fe3e1afd007bbfc7e45a7f8336f8559b535f3890e5b22029ba802c,"[""proposal_created"", ""proposal_committed"", ""v1_challenge_sampled"", ""audit_accepted"", ""committed_once""]"
36,trust_v1v2,1,A2,0,1,0,1,0,1,V1+V2,79.45,2.755659683443891,0.1,134139615965174878280080511919902147146,42b49942f9e3c0a24943f1ebe2e78b1dd00f187415f9036039090e4ef87b75e1,1,"{""0"": ""a5ba35fba29a88c3eee9729968161ce5fcc8a8073552a46513f1c97c711a7f2c"", ""1"": ""2f9a196d7237dbe03f8a5f22e72f3e30b95c19f3d45d07160d26023455cd786a"", ""2"": ""131281799ee5bf37d0358b959e5570489d15e5bff5bdc8922c8acad7c9a1f64b"", ""3"": ""2d6dc38ea5a74ebab0d06cd916c067be3f23782b604c1f29033206999c08a389"", ""4"": ""cfb08ad4b1b14448239f0840e3a3ea3b5557c6beefeac86452cf712850981bff"", ""5"": ""75993924e3562da7b52b506f9c37b5ca8efaebf133e9f71231939dcd153c733a"", ""6"": ""f2420be17d59817b9fbc787c713d26fc42c4b1dab4d43535405c78cf82c88995"", ""7"": ""e2ac2d185fe9d68d0a96bf47c72e0ffd4c7677bc332346c0370186838254976e"", ""8"": ""a28bdd40750469977d8be72afc0862cd6bac3837335b8729641efdb00f547721"", ""9"": ""d28443b0ba63a226afa7b5487f16c6d449eedbcc8f97c98cd7080bfa690511ca""}",4d747710b2e66174cc55d07f88c8b91d591e76012f836ff56e81323d704b92c9,1,1,1,0,2.1009460227157493,0.0,"{""0"": 0.009372115049094099, ""1"": 0.008633357621154704, ""2"": 0.0003370592306443916, ""3"": 1.5009463529700015e-20, ""4"": 0.25034641438476185, ""5"": 0.015296464083668236, ""6"": 0.1174069981228377, ""7"": 0.05565385573277427, ""8"": 0.264340623127501, ""9"": 0.2786131126475639}","{""0"": 0.12968605752454704, ""1"": 0.12931667881057735, ""2"": 0.12516852961532218, ""3"": 0.125, ""4"": 0.12517320719238093, ""5"": 0.007648232041834118, ""6"": 0.05870349906141885, ""7"": 0.027826927866387133, ""8"": 0.1321703115637505, ""9"": 0.13930655632378194}","[0, 1, 2, 3]",[],1,0,1,1,0.0,a962093508fe3e1afd007bbfc7e45a7f8336f8559b535f3890e5b22029ba802c,fe5e532341c2c9b6a0b9849b55cebd77d549c331ee25d85cf0866a052ce78ab3,"[""proposal_created"", ""proposal_committed"", ""v1_challenge_sampled"", ""audit_rejected"", ""recovery_recomputed"", ""recovery_audited"", ""recovery_verified"", ""committed_once""]"
37,trust_v1v2,1,A2,0,1,0,1,0,1,V1+V2,68.11,8.154378688622716,0.1,62258048864498093549315562365387850946,2bb504378da1bfdab525d09f5ce186b1a1ece701883bf2fc9a0496114e575eba,1,"{""0"": ""83758d0f6f200eee4fa61cf22323499189c3584be727a64adcc283e1f5d62deb"", ""1"": ""2df37828e788c730de9f4841d37a8ee4433f6e4a70805084495395030bcd35f6"", ""2"": ""cdce32e4f761ec12075f6123ce35dc47e2d85cfeffe9b8daafe00ac872c3839f"", ""3"": ""e6d8dcb053466df6de5cc0f27dd1d44446040c13ccbe32d07f1cabe2db7a504a"", ""4"": ""08af8d2bcdd77df63358afcbaa03543198bf142c9d1ece61a06995da4ae538a1"", ""5"": ""07ea888664de9f49982cd8161c3262ca5ac6a889354944d3935cd24f340d2484"", ""6"": ""6593003133072b78d246f74eb7c48e0010e7d474069968810b42188e448412c8"", ""7"": ""bdbd400a03523d07334c35b9ba947c2eefe0345f53a3e69dcb141121b3fa60a0"", ""8"": ""e71233c828e327aedd6c17701507f743e0e7b3e05268e330bf941a45e0fdbbcb"", ""9"": ""af8a5b1fd61088e1e44e86a5d5742849dbbbaedd288001933239b9e76f043a39""}",32c8e3f663689043d702a8fa8a15f7015c63c01842c64fb49948b0d25a20998f,1,1,1,0,1.0089764791679496,0.0,"{""0"": 0.06655861618782877, ""1"": 0.20997950152120679, ""2"": 0.014185653391511625, ""3"": 4.502839058910005e-21, ""4"": 0.07510392431542856, ""5"": 0.0045889392251004715, ""6"": 0.24261159367171167, ""7"": 0.016696156719832284, ""8"": 0.07930218693825031, ""9"": 0.2909734280291295}","{""0"": 0.15827930809391438, ""1"": 0.2299897507606034, ""2"": 0.1320928266957558, ""3"": 0.125, ""4"": 0.03755196215771428, ""5"": 0.0022944696125502357, ""6"": 0.12130579683585584, ""7"": 0.008348078359916142, ""8"": 0.039651093469125154, ""9"": 0.14548671401456476}","[0, 1, 2, 3]",[],1,0,1,1,0.0,fe5e532341c2c9b6a0b9849b55cebd77d549c331ee25d85cf0866a052ce78ab3,c9e20c1f57935fd4fa66a6de0f3db3806a9f3069aa445d46dc82612c6371c714,"[""proposal_created"", ""proposal_committed"", ""v1_challenge_sampled"", ""audit_rejected"", ""recovery_recomputed"", ""recovery_audited"", ""recovery_verified"", ""committed_once""]"
38,trust_v1v2,1,A2,0,1,0,1,0,1,V1+V2,78.42,1.7060706996703767,0.1,196416223757369092253153635092961408766,bbde58ff27161cb0a2615c96f4d02be0d921f4d313d89db5ba2bfd8ede9759cf,1,"{""0"": ""13125659324951df1ae071bf3bf246c26867fa415e85f87e1ff674454c04859a"", ""1"": ""027ad16f484a2279cccc201004610a66b85d93e00781770767792dda22623097"", ""2"": ""7650802fdeb92c8d97179054bd6fb2aa0f3011a758bf50a9d287dc6656312c54"", ""3"": ""5f9696d4dea75beb51cda6ba471ac7592619b26d30d0d8ff120db83df5e97481"", ""4"": ""a1dbc6736abde11b7addc7394ec5652cb9e441ac73918188d3ab0d290d554d0c"", ""5"": ""0efe669bdfc2657c86b62b943549d330f7bad0781fa3057757fee9592cbde4d3"", ""6"": ""cb15910b82a7ef8b46b91e04be01bae517c7b7ca86fe835297eec5a9f5f1f13d"", ""7"": ""2d909f9e22031c08ea2a0d9179bc2c9476efc48fd671288837018a2d4f1d58ab"", ""8"": ""16d3b1e11aa6a3891f4b0ce2323a65b5560a77c45f26c7679f8b909a9c80e004"", ""9"": ""20f95e5a61e808f84dd7e31a211fc6bfea570991eaa8227e8134b3f2ff6808dd""}",f25ff75b4f5d3209e77d1b6d6f9ceede7446e3cf9cd41533102c259b7c06be5f,1,1,1,0,1.62556963280264,0.0,"{""0"": 0.019967584856348638, ""1"": 0.06713030429791444, ""2"": 0.004255696017453489, ""3"": 1.350851717673002e-21, ""4"": 0.15675441583512525, ""5"": 0.006041912376937392, ""6"": 0.25835433024360854, ""7"": 0.005271367598208366, ""8"": 0.20936150822357008, ""9"": 0.2728628805508339}","{""0"": 0.13498379242817432, ""1"": 0.15856515214895722, ""2"": 0.12712784800872676, ""3"": 0.125, ""4"": 0.07837720791756263, ""5"": 0.003020956188468696, ""6"": 0.12917716512180427, ""7"": 0.002635683799104183, ""8"": 0.10468075411178504, ""9"": 0.13643144027541695}","[0, 1, 2, 3]",[],1,0,1,1,0.0,c9e20c1f57935fd4fa66a6de0f3db3806a9f3069aa445d46dc82612c6371c714,3cb07f49578a15edc1d70448ec641f08257fe0fdf83da3efe2c0c95239fb7b56,"[""proposal_created"", ""proposal_committed"", ""v1_challenge_sampled"", ""audit_rejected"", ""recovery_recomputed"", ""recovery_audited"", ""recovery_verified"", ""committed_once""]"
39,trust_v1v2,0,none,0,0,0,0,1,0,,74.79,0.0,0.1,91876122342528439764385168213440397289,a092280d2c8929dffc735c66eb786aa63868ee87e7f554aa04803db9d3d75995,1,"{""0"": ""e780eb1cbedaca949e2cb9b62b6ca2a7f50a192b690320eba80465ff3a7e7742"", ""1"": ""9439c8aa545eca28a8d0c761cf0087e931902cb42700d59cd86d1d3757be59fe"", ""2"": ""3ff064b2b7e27b3ec21cf9446572f8555ba801fa92a835fc14615d69f4dc1bad"", ""3"": ""51d727388ce2391fb15a78c68858404e02c2b8c938b92b985d1ea736cba09ff7"", ""4"": ""3d48866a7ad3f6b4811f22367d33f691ad0e8451afdaf5e02f751397ee4d2900"", ""5"": ""4b1a09ff487a9ec0c366b1e68c6554e0101729be7cca817806ae038577b1acce"", ""6"": ""6020d4b2fcd86fb0b6d9154abfcda4434c5e628b0fe6ce523387d7433d92fc7c"", ""7"": ""cfecdd5c096d7a2aa17687c13d8a5a1c1f5146f88046feec544ca4a94131bc3d"", ""8"": ""414187365559a181f865dccff5de0e7a5e716a6e8f30d69a79a23dc08c19651e"", ""9"": ""5b5661882fc5f093c3d9ab35efc5bfc788e0795a01cafba5096c4ecc545f0e96""}",,0,0,0,0,0.0,0.0,"{""0"": 0.005990275456904594, ""1"": 0.02013909128937434, ""2"": 0.001276708805236047, ""3"": 4.0525551530190078e-22, ""4"": 0.15656136123263495, ""5"": 0.0018125737130812183, ""6"": 0.07750629907308258, ""7"": 0.5920463737973651, ""8"": 0.06280845246707105, ""9"": 0.08185886416525019}","{""0"": 0.005990275456904594, ""1"": 0.02013909128937434, ""2"": 0.001276708805236047, ""3"": 4.0525551530190078e-22, ""4"": 0.15656136123263495, ""5"": 0.0018125737130812183, ""6"": 0.07750629907308258, ""7"": 0.5920463737973651, ""8"": 0.06280845246707105, ""9"": 0.08185886416525019}",[],[],1,0,0,0,0.0,3cb07f49578a15edc1d70448ec641f08257fe0fdf83da3efe2c0c95239fb7b56,529bd94eba1b277a0e96e7c660e40ac06226726b6b0cf5d17838229f82c2f798,"[""proposal_created"", ""proposal_committed"", ""v1_challenge_sampled"", ""audit_accepted"", ""committed_once""]"
40,trust_v1v2,1,A1,1,0,1,0,0,1,V1+V2,80.7,0.0,0.1,78925847253459232234529019278583502299,65ed6c2a92774805108508826caa22a5c44725e49419cf11e2fd0441f02f1992,1,"{""0"": ""6fb75bfe23402d16ed16e8644a3b0794acf3aea816d4020b6c790c383aed24c0"", ""1"": ""fe1c3aabfb45e37f364c3e5496cc701dcce05dbf27cfee0b39cda34cd929742f"", ""2"": ""efa5f6c4def0cf1b1189a8e8d1b9e65903069a3e67397b49a09cef341eeb2fed"", ""3"": ""1dc4d296921a2b49cb153732384b8e4c6f6cec64106ad4e39dfbd13233acc02f"", ""4"": ""66318fec7a69c864917b5d28cc829241d0ace647b045e11bea789be332e05420"", ""5"": ""285b1a8e935f5e59ba9e420d087efeccd9b5f47b87e175bb39f5b735949f6001"", ""6"": ""e013b9af637cd31811e60204ac10e701dd37f87d919f711ad1ae9770f6ad86e5"", ""7"": ""ad52bd425982d268ee96f51075a48bb99eab279c8cb264d800cd1be2de03d55e"", ""8"": ""b837720afaafa85d0e945ec1a136b48fd846153c9f4c919ce69305d1443ed453"", ""9"": ""310cd3848243149c81d696be1f295eaaafb4fecb032cd79f108b0502bbb82b3f""}",badc4d82b3a564e87bb427765f95f7ae20cbec7094dfbca6ef227b86e14ff105,1,1,1,0,5.7812706431494565,0.0,"{""0"": 0.75, ""1"": 0.75, ""2"": 0.75, ""3"": 0.75, ""4"": 0.047878857047654426, ""5"": 0.0005437721139243656, ""6"": 0.25628174016263683, ""7"": 0.17761391213920957, ""8"": 0.25187238618083335, ""9"": 0.2575875096902871}","{""0"": 0.1878861917374382, ""1"": 0.1878861917374382, ""2"": 0.1878861917374382, ""3"": 0.1878861917374382, ""4"": 0.011994368153899992, ""5"": 0.00013622302887768726, ""6"": 0.064202400228002, ""7"": 0.04449493540189871, ""8"": 0.06309779125778418, ""9"": 0.06452951497978467}","[0, 1, 2, 3]",[],1,0,1,1,0.0,529bd94eba1b277a0e96e7c660e40ac06226726b6b0cf5d17838229f82c2f798,c4bdc577f64816f4266529fb996cab4377b29ef10a0086bb4a090429842ded31,"[""proposal_created"", ""proposal_committed"", ""v1_challenge_sampled"", ""audit_rejected"", ""recovery_recomputed"", ""recovery_audited"", ""recovery_verified"", ""committed_once""]"
41,trust_v1v2,1,A2,0,1,0,1,0,1,V1+V2,80.64,1.3330682714333804,0.1,226111430529681043395690489093086879310,b199340dffff0500bdbfdd7880bc5a9f08eb2ca3c8304cb121e9016716791b22,1,"{""0"": ""9eef657495edf5b81f6665cc7ae41c61137fcad70618d34db09bf76f31ccdb21"", ""1"": ""e198f91258d0690f6b5835fe22d6d95c4b8b8fe0b973099d0836f26db6707768"", ""2"": ""502822ddcbbc770f21ca0a88962a6875680869315ef7e3b87af65d7fc8d3baa6"", ""3"": ""ab1e138ae232aef2c62aa920f09f5c2912bcf7794537f62cf75d6172a6d57aa1"", ""4"": ""7a3d2d6d9cbdf328df73542ba0ae0861da6551152c0332f7327218d0838e9ea4"", ""5"": ""9515df9924fd7853be2c35c6ac63bd0dbb5fb826a4db6026b485454c218ba2bd"", ""6"": ""20019c9de37a07c7355708c571534b02475409bb728815e0666c65d19112cae0"", ""7"": ""30077a284501cf72376ba28f96a644a110b2c26b4565e0ea553248551613c350"", ""8"": ""eba170d5460b2ebb8ad7696b648fd62f0f4c45e05367b6aa2693ca395fd88782"", ""9"": ""5f2594be9ffbfc4bebcfce14cb6ff9a25c35479f8538cb46a1d84fba08db0966""}",e629fde3ec44546c1c81d6a254ab344ea9c6b30b316cb16c928b8fd24298353f,1,1,1,0,3.2157655842619706,0.0,"{""0"": 0.0005391247911214136, ""1"": 0.001812518216043691, ""2"": 0.00011490379247124427, ""3"": 3.6472996377171084e-23, ""4"": 0.01436365711429633, ""5"": 0.00016313163417730969, ""6"": 0.31021785538212443, ""7"": 0.05328417364176288, ""8"": 0.30889504918758337, ""9"": 0.31060958624041946}","{""0"": 0.1252695623955607, ""1"": 0.12590625910802183, ""2"": 0.12505745189623563, ""3"": 0.125, ""4"": 0.007181828557148165, ""5"": 8.156581708865484e-05, ""6"": 0.15510892769106222, ""7"": 0.02664208682088144, ""8"": 0.15444752459379169, ""9"": 0.15530479312020973}","[0, 1, 2, 3]",[],1,0,1,1,0.0,c4bdc577f64816f4266529fb996cab4377b29ef10a0086bb4a090429842ded31,47fe1580de8d9a4a7ce12e9687d07cb1adb42457e58b8a1ca38b625f254814c0,"[""proposal_created"", ""proposal_committed"", ""v1_challenge_sampled"", ""audit_rejected"", ""recovery_recomputed"", ""recovery_audited"", ""recovery_verified"", ""committed_once""]"
42,trust_v1v2,1,A1,1,0,1,0,0,1,V1+V2,65.61,0.0,0.1,93410592201545799162387725728574921075,2f4347ae4a3b9d643cfc940d97ddfb3a548accf1763ccc073bbcf61467151d84,1,"{""0"": ""a41658d601362d4edce74ab20abd76283860baf5a733532cdbb19eda6cdbf7f6"", ""1"": ""585b23978a449b4d0f920bdece7b86c4f8aa15eaef32fcbd4f70f95828b4f741"", ""2"": ""7504c0d46416820445125940c139ab43cf7559bfa8cd3b3d32c5509cb173d5f5"", ""3"": ""a1f899d9eb813f270769801129c3af275eb4baf3a59c094fea9dcb7aeec7bfd7"", ""4"": ""6bb3039daf4e64cdd2b36fcb66152c38f24be1b2664d3c8fb569d9a8e1e95265"", ""5"": ""26a1f6db9179f609363d5e97e2d402d970a42e1dbb9bc0391279c5a379f8caf9"", ""6"": ""ff7cd4008904ebd155274cfc532598317647dbb2793e79066518f323a8869e94"", ""7"": ""b8654ad6a079d1d7cfacba2e20d4a21a0769d1fa76f57a746b01644c92ec3617"", ""8"": ""67e41e9d98f110cf335d47ed7366c8cd97d86d56c4fd013d278c121c3a67f4af"", ""9"": ""386faf20c1945e23c57b6e10d04ee7c8df9f60de43d20977bb400c9fbc4fca2b""}",8aba3c091e435ffe26405f99b43c45b36ad657d0cd12bb906e27beb046a70b19,1,1,1,0,1.6115436634580766,0.0,"{""0"": 0.75, ""1"": 0.75, ""2"": 0.75, ""3"": 0.75, ""4"": 0.0043090971342889, ""5"": 4.8939490253192914e-05, ""6"": 0.09306535661463734, ""7"": 0.01598525209252887, ""8"": 0.32600184808960836, ""9"": 0.3265162092054592}","{""0"": 0.19915416820961138, ""1"": 0.19915416820961138, ""2"": 0.19915416820961138, ""3"": 0.19915416820961138, ""4"": 0.0011442328740183011, ""5"": 1.2995337965302691e-05, ""6"": 0.024712471580958604, ""7"": 0.004244706112144715, ""8"": 0.08656616918810939, ""9"": 0.08670275206835824}","[0, 1, 2, 3]",[],1,0,1,1,0.0,47fe1580de8d9a4a7ce12e9687d07cb1adb42457e58b8a1ca38b625f254814c0,8d2f7ca548eb909a0a3a6b8446aa2c689133ed9e7f68acae9329f299692b6724,"[""proposal_created"", ""proposal_committed"", ""v1_challenge_sampled"", ""audit_rejected"", ""recovery_recomputed"", ""recovery_audited"", ""recovery_verified"", ""committed_once""]"
43,trust_v1v2,0,none,0,0,0,0,1,0,,78.58,0.0,0.1,194812333586529456804458095401160151662,762d2db264161c96c64acbd4acce0e217e1fbe75807b75159ed04562d0e32629,1,"{""0"": ""7a8f907fb3e9586fb9e3524c1acd941c7a485be12882ea1f95bc9ea8b78e4adf"", ""1"": ""6ee569e8ef26d31846d7cfd69d7646d6e4c2877cea215b27702c95ca245462e4"", ""2"": ""e6f95162e46aee3d36ebffaee3a8c9b2dbe761801accc19e58e220473c8f42f3"", ""3"": ""e50e5305487667c7e3cec55ffcebf2eb81c30dcdd6a7c87aa9e3a954405d9aa4"", ""4"": ""86562af7966b92c50e1d9564c3c96ce094157f71b93b21e12e9b975c97d7d055"", ""5"": ""4f930ea74873f2dd64c8cd6301731a95e99d35cde9ec79d2724e17a46a38e69e"", ""6"": ""990ae3d3aada074805c43b0dee0d8c1e24d2342b9d8d3b71fef263423ea30ea1"", ""7"": ""d23e8dc26b04a071b21607b96ce9de3e3aa2e7b8e7a129493092132db855b541"", ""8"": ""2514eee1f4e6820a2c8d88daefbd14f460fd05a88fb7aecdcd01b9e976bd58ec"", ""9"": ""2799fadc61223bfc70be1f8f6dc26ab5305088fb63571412555c849201b0c903""}",,0,0,0,0,0.0,0.0,"{""0"": 0.22330711037772227, ""1"": 0.00016312663944393222, ""2"": 1.0341341322411988e-05, ""3"": 3.2825696739453983e-24, ""4"": 0.016012364897515997, ""5"": 0.017752863972766018, ""6"": 0.18117819613091252, ""7"": 0.05930340115875399, ""8"": 0.25105914357340386, ""9"": 0.2512134519081591}","{""0"": 0.22330711037772227, ""1"": 0.00016312663944393222, ""2"": 1.0341341322411988e-05, ""3"": 3.2825696739453983e-24, ""4"": 0.016012364897515997, ""5"": 0.017752863972766018, ""6"": 0.18117819613091252, ""7"": 0.05930340115875399, ""8"": 0.25105914357340386, ""9"": 0.2512134519081591}",[],[],1,0,0,0,0.0,8d2f7ca548eb909a0a3a6b8446aa2c689133ed9e7f68acae9329f299692b6724,e548182b827c4467e2e2d3d8d59954d28b625b28cacd4cdc2ecb437f08346d24,"[""proposal_created"", ""proposal_committed"", ""v1_challenge_sampled"", ""audit_accepted"", ""committed_once""]"
44,trust_v1v2,0,none,0,0,0,0,1,0,,76.74,0.0,0.1,89895874666224550842969319850069529631,1327c178f7ab32aeeaa2b9858c709d16ba77b2c97e19edb033ede95476ed7ccc,1,"{""0"": ""dc6802a9077b406e8b5189d2acde1762f52e28548b552209dbe472f009be125f"", ""1"": ""ab1bf4f473d5cd2787967f8d2fdfd52a8bfb7145cfc1d80a5f21e9e1d5da7392"", ""2"": ""7f2768f5cbef5d7a568e0ac7610ceeca158de07f3f6937c288ac7c9fda8c7c78"", ""3"": ""2a5ab8cd6ba4bd912428d0217a960f6e6eb537e8578dbc98a4fc285a6062a233"", ""4"": ""4bf2361d33057a4a7b44d509dcce5c213671ac613e846beeacd2f9ca1d11da52"", ""5"": ""689d8cb4d13d8761017f323de4ff0fcdd6775cc78b46b839769eb541e42ca81d"", ""6"": ""7930eb771461c38e1ff18c9cff4c0e43b353ffb1fdf711888c44253f3a796a69"", ""7"": ""040c681bd87916bbf0ba545d8ff729f624360c8de1c9566541ef2181eea89636"", ""8"": ""536629d8fa6dcbae5ddc71e738e8264b00d9d3ab8597e24e01bbaa8e4c860d72"", ""9"": ""a51b064406750c5a506a870f162f13fee9cc8b36012beee4a41ffaf496d1ee58""}",,0,0,0,0,0.0,0.0,"{""0"": 0.0669921331133167, ""1"": 4.8937991833179676e-05, ""2"": 3.102402396723597e-06, ""3"": 9.847709021836197e-25, ""4"": 0.15587510233960547, ""5"": 0.07693673823109036, ""6"": 0.11949619438500217, ""7"": 0.20366600710198332, ""8"": 0.11574276210796716, ""9"": 0.26123902232680485}","{""0"": 0.0669921331133167, ""1"": 4.8937991833179676e-05, ""2"": 3.102402396723597e-06, ""3"": 9.847709021836197e-25, ""4"": 0.15587510233960547, ""5"": 0.07693673823109036, ""6"": 0.11949619438500217, ""7"": 0.20366600710198332, ""8"": 0.11574276210796716, ""9"": 0.26123902232680485}",[],[],1,0,0,0,0.0,e548182b827c4467e2e2d3d8d59954d28b625b28cacd4cdc2ecb437f08346d24,492e2351fbac40c0b5390bda6dfe018aad142c4213bfd6d40e525b86956a3eee,"[""proposal_created"", ""proposal_committed"", ""v1_challenge_sampled"", ""audit_accepted"", ""committed_once""]"
45,trust_v1v2,1,A2,0,1,0,1,0,1,V1+V2,80.12,0.5486200136369072,0.1,88357866362097237448043002024406687288,c0998fc12d8c855e2261a518ee6c343c884e36877c6695652d87bbc56ef69985,1,"{""0"": ""bd21c31855f0bf37b6e0453072c4a420ae66903d9164c21863f5081bc048829a"", ""1"": ""ad822ef3c77edd89219ddf878ce9a3d3409cc24edbc43b1f0c9c555a8fd05715"", ""2"": ""f943a053bc856c1c6cd51b5f5f2cd92d858174a0c7040b72474dddb2ba4c14cb"", ""3"": ""2519eee7c8c6b171a49571e40a23a61f9b2d215b480eeccf9f5fae71df1b699c"", ""4"": ""dae2e9740457111d469f1f1415db18dd9e876afb37dc9be5669d0b4d36066f8c"", ""5"": ""ec7e487de2dfbe7ecb073ec6a11bff25e552c2620cc2b71fa5f7425e97c4a0fe"", ""6"": ""09c105a8db5915cb13be79a917e8a75ffaedf52a6a9cbf52a55dbe9dd1f5730e"", ""7"": ""254f11fc39bf881efcd9a0237643f59148e918a995f631fb5dce085496681f49"", ""8"": ""64b7e3a3851c74f0b28fedd43cbb9dbd184c33331938c3c9f3f42ac98c033ce2"", ""9"": ""dc8ed320ea7f885c91e1cf2892d8f71f017975065cba4fdca5c50a2b45edf315""}",9aec17fb70a66778b83b842af2d2e1ce455514db952b14aa90d5b9ba0a919613,1,1,1,0,2.146756827714786,0.0,"{""0"": 0.023491406319931324, ""1"": 1.4681397549953908e-05, ""2"": 9.307207190170794e-07, ""3"": 2.95431270655086e-25, ""4"": 0.046762530701881654, ""5"": 0.023081021469327116, ""6"": 0.3408387589004518, ""7"": 0.06109980213059502, ""8"": 0.33971272921734125, ""9"": 0.16499813914220293}","{""0"": 0.13674570315996565, ""1"": 0.12500734069877498, ""2"": 0.1250004653603595, ""3"": 0.125, ""4"": 0.023381265350940827, ""5"": 0.011540510734663558, ""6"": 0.1704193794502259, ""7"": 0.03054990106529751, ""8"": 0.16985636460867062, ""9"": 0.08249906957110147}","[0, 1, 2, 3]",[],1,0,1,1,0.0,492e2351fbac40c0b5390bda6dfe018aad142c4213bfd6d40e525b86956a3eee,9e3db5b464f2d635a2fa74964a1d7e5dc01a09e74584bb832b59d48298e71fbb,"[""proposal_created"", ""proposal_committed"", ""v1_challenge_sampled"", ""audit_rejected"", ""recovery_recomputed"", ""recovery_audited"", ""recovery_verified"", ""committed_once""]"
46,trust_v1v2,1,A2,0,1,0,1,0,1,V1+V2,79.15,0.5821100380248333,0.1,66573714086305285431340498977093381201,36190eb05fc8d318dd0b7c2887d438e79f345184ae1d1f828bf8a4c7dd97487e,1,"{""0"": ""f0e9650cbec8388b3d7c0b85520ee14d6c089e8de8d6a8cd8b134875474a4685"", ""1"": ""ee1b57c624ea948f0265ebdc9b8958d2c3b0c0e2d62cffc65df78a97157c2166"", ""2"": ""5e186759257513d311aad99be50b8594c44e91227c7d51bb9bae7e28fc44c6b2"", ""3"": ""d6c344e568c133ad4b786aaff37ff8218e332899b8ab22dfd8f43d28e505c068"", ""4"": ""74e238dc1e762e60b18642bf46fb470ecd3ace73da72c9694538469017040957"", ""5"": ""223df3a70170c82e4eaf48fa0f44c8943566754c931bcbad3359e8cda5f23ca0"", ""6"": ""cd96daaae036b4fcb0c2ddde87f8ea6ace92badfd9b3ab37ab8bea431e4677bf"", ""7"": ""9127c0ec6b55b80d47d1175c2309842ee35c85946758be6d0f02cc63bbd95c24"", ""8"": ""a2031bab331993674ca93a783644f3ff9054b6181587dcf1dcb8ccd8c6e034e9"", ""9"": ""610b8774912150ce9df6220f0bd0a469e3221060119c3cfb4a72026f58c7e458""}",54a2e66e871db10ba450b9291591b94e5de7577652fc64f621d3fbbb7f25743b,1,1,1,0,2.0594995891962693,0.0,"{""0"": 0.007755200892314064, ""1"": 4.4044192649861735e-06, ""2"": 2.7921621570512387e-07, ""3"": 8.86293811965258e-26, ""4"": 0.2536709518304663, ""5"": 0.006924306440798136, ""6"": 0.10225162767013556, ""7"": 0.07625096348907724, ""8"": 0.10191381876520239, ""9"": 0.4512284472765257}","{""0"": 0.12887760044615704, ""1"": 0.12500220220963248, ""2"": 0.12500013960810785, ""3"": 0.125, ""4"": 0.12683547591523314, ""5"": 0.003462153220399068, ""6"": 0.05112581383506778, ""7"": 0.03812548174453862, ""8"": 0.050956909382601195, ""9"": 0.22561422363826286}","[0, 1, 2, 3]",[],1,0,1,1,0.0,9e3db5b464f2d635a2fa74964a1d7e5dc01a09e74584bb832b59d48298e71fbb,e8821bf7b4d4b18f2f582ca35c4c5b3f6f7c16a633b32728fe246b3a9c3a0d8e,"[""proposal_created"", ""proposal_committed"", ""v1_challenge_sampled"", ""audit_rejected"", ""recovery_recomputed"", ""recovery_audited"", ""recovery_verified"", ""committed_once""]"
47,trust_v1v2,1,A1,1,0,1,0,0,1,V1+V2,78.45,0.0,0.1,177087273560691130788045103039076118953,2ee4f7fa8c89ade4d1469683d987f7d22bbb70a390eec87ff7883610e93ca5c5,1,"{""0"": ""984c3344022a7efdc9171aba7a5f111b30a771ea2fca50546aa1811286234ef9"", ""1"": ""2926d784392da7af8e460ed37e413caddb59bc9417e46479874eb4aeb06e910b"", ""2"": ""69aa2eb1327eb7e9c67094544a50ac9e482901d7792f08e5de9d67279b259984"", ""3"": ""ebd3ac85f73f28bbb9895e768fa6de5c9d6b3c7b06cd76e94acfbe7bd32c64fe"", ""4"": ""897e1a398bad59d5429c1fa3048ab65382f1a5968901e82dc229bdb6387d3160"", ""5"": ""03c4af62f514549fd906a4d8475d478c7f73d6fee3640f2c4f40080445c7dd5b"", ""6"": ""9b8a5484742f7396b6658782e639de08bba4570948bd86efcc43fcccf43871b2"", ""7"": ""4d67d65fe2a66c0f12bc11119bf275b29dba24e2eb1ab75cdcb81087d11138b5"", ""8"": ""7f58eabad75de6d5b8d613ce4424fce45315eed2c8fa9a3a428f844f25bf1369"", ""9"": ""904fe8c2801752fd2c8b25d4b830ded65b548486ab58e34bf8773d2d7f12e1c7""}",c2584c12352ce96810e7c7bb23a951dff9be8fa793efae35c1baa3ebda2ca857,1,1,1,0,2.901049170911337,0.0,"{""0"": 0.75, ""1"": 0.75, ""2"": 0.75, ""3"": 0.75, ""4"": 0.07610128554913988, ""5"": 0.002077291932239441, ""6"": 0.36533605376560413, ""7"": 0.022875289046723174, ""8"": 0.3652347110941242, ""9"": 0.14036941870513966}","{""0"": 0.18882203511418785, ""1"": 0.18882203511418785, ""2"": 0.18882203511418785, ""3"": 0.18882203511418785, ""4"": 0.0191594661495927, ""5"": 0.0005229846535623131, ""6"": 0.09197799623014363, ""7"": 0.005759144842170079, ""8"": 0.09195248192417996, ""9"": 0.03533978574360002}","[0, 1, 2, 3]",[],1,0,1,1,0.0,e8821bf7b4d4b18f2f582ca35c4c5b3f6f7c16a633b32728fe246b3a9c3a0d8e,b6bf299c762fe6a74d3a5c9c9210deef7bf0e4397443d9302fec459d59bedaea,"[""proposal_created"", ""proposal_committed"", ""v1_challenge_sampled"", ""audit_rejected"", ""recovery_recomputed"", ""recovery_audited"", ""recovery_verified"", ""committed_once""]"
48,trust_v1v2,1,A1,1,0,1,0,0,1,V1+V2,79.8,0.0,0.1,102389490019892134445261501989224988864,dcbca5837b76fb23580531a7df45b3c74d3a61d327f5408fddb1436cbf8bc425,1,"{""0"": ""691e4110aac20acf8e1aa4208a15eae3ae148d0ad130f53e558cae40a4fd9855"", ""1"": ""f5a85062958b4ffc67ecfa5279ef04cb3b0e28d4d88e4b1132a88f50a77667c9"", ""2"": ""63dad8b1a0aa0f738e62f2b7845ea8b7d0b1c696b89926d3d93d62f48df4f69f"", ""3"": ""4d0017f1caca139ecac994b7e661a197f159b55f978da56ffaf447986bb1f226"", ""4"": ""77544fcaf1a96eba4f52baba342844df5f426f13e9528ba33e3c5d7d4e4e1534"", ""5"": ""3b8f9ba5516f678377729b78326a8925a8ef9f1d558ab790f8f28d69f24e1c2b"", ""6"": ""a35db744995556efa621d3c64fc31bd9dad242a6bdf3c735452fb0b169993530"", ""7"": ""4e0e5e3dccdbe9e637c5928e36f2d48506e9d34e5f0a5ce7d66de76d8bde26b0"", ""8"": ""d969c70723fa73f2756e77602b290a98cc876b385931efc624645b2d2b200c01"", ""9"": ""783a1c59c9ca516e403abb41a0b7977fb7043032ab19bbaf0485195ced515217""}",20c2fa6889aacf2f8203615ffd147207eb91750a8c1125075d660253016a6bba,1,1,1,0,3.1867968370187034,0.0,"{""0"": 0.75, ""1"": 0.75, ""2"": 0.75, ""3"": 0.75, ""4"": 0.28645697594306213, ""5"": 0.0006231875796718323, ""6"": 0.10960081612968126, ""7"": 0.07530493096276414, ""8"": 0.10957041332823728, ""9"": 0.40544818659935083}","{""0"": 0.188111149113774, ""1"": 0.188111149113774, ""2"": 0.188111149113774, ""3"": 0.188111149113774, ""4"": 0.07184766788840817, ""5"": 0.00015630470896733329, ""6"": 0.027489513954615727, ""7"": 0.018887596129785307, ""8"": 0.027481888480061188, ""9"": 0.10169243238306633}","[0, 1, 2, 3]",[],1,0,1,1,0.0,b6bf299c762fe6a74d3a5c9c9210deef7bf0e4397443d9302fec459d59bedaea,a90a4917b8b35dfa6bc591bfb72ffec27587de50dd055c8f902ff23445da34ae,"[""proposal_created"", ""proposal_committed"", ""v1_challenge_sampled"", ""audit_rejected"", ""recovery_recomputed"", ""recovery_audited"", ""recovery_verified"", ""committed_once""]"
49,trust_v1v2,0,none,0,0,0,0,1,0,,68.27,0.0,0.1,205790905862828497955265873814117283202,5138f1dc6005e08d228d43c1e3e9cca23e75afab4b0d126bed087e39f96c7c52,1,"{""0"": ""ea1f83969d8d5ad08348442979b87c1d9fa8a4184cd3a5e8890c75337216cd06"", ""1"": ""cb34a3eac911be1201159c6294818971fcb6d5999a5cff7f1377db336b945c86"", ""2"": ""d63e5529d25b2594879eb391cc70b7e4c21a2366be6fe55be26f02367955f164"", ""3"": ""4e6cdf8d1225800ee2d999bdce68565453c084984d8a45b95152f485f21bf089"", ""4"": ""fec70410abe2b738aebd6b2bc3a878f5a707b16b7e5021b01b535634c8ee0b01"", ""5"": ""7809ff1ee2b324b2d53ca53a0c57d5f5be5f5713673cb5f5a07a0198ad6a31ea"", ""6"": ""969805138d563789f3ef902240570b7f1fd0f7f5d7797070030fd1da3abd4c60"", ""7"": ""943c18fd7fbbb4b7c2994925262c3d38a3c80563b5bdb485c638b77d2310819f"", ""8"": ""f0fafeb195ac7dc566fb471424006eaef7bfc772f7651d215652e95791511a1e"", ""9"": ""d390fec8bdaa70b5c9d1731d0c8bac2921eb44d03be71387f18ed2d69f2f895f""}",,0,0,0,0,0.0,0.0,"{""0"": 0.004556461531655104, ""1"": 0.24627476657417335, ""2"": 0.0006353271664658745, ""3"": 2.392993292306197e-27, ""4"": 0.08593709278291865, ""5"": 0.00018695627390154972, ""6"": 0.40815074473451707, ""7"": 0.022591479288829246, ""8"": 0.03287112399847119, ""9"": 0.19879604764906805}","{""0"": 0.004556461531655104, ""1"": 0.24627476657417335, ""2"": 0.0006353271664658745, ""3"": 2.392993292306197e-27, ""4"": 0.08593709278291865, ""5"": 0.00018695627390154972, ""6"": 0.40815074473451707, ""7"": 0.022591479288829246, ""8"": 0.03287112399847119, ""9"": 0.19879604764906805}",[],[],1,0,0,0,0.0,a90a4917b8b35dfa6bc591bfb72ffec27587de50dd055c8f902ff23445da34ae,c2329b1b3ba6a25f40a7365adc0b581ada1822ae5d7928c7fadd550f52f3dea2,"[""proposal_created"", ""proposal_committed"", ""v1_challenge_sampled"", ""audit_accepted"", ""committed_once""]"
50,trust_v1v2,0,none,0,0,0,0,1,0,,80.56,0.0,0.1,309480933836824106069537866570362967036,d23a5d51820310b90318f00c6a5545adb797ec63f472d54aca19e9a61533845d,1,"{""0"": ""854483ed689e2efa34727042bc1c96c895841b0bb3cec6788d5af8d468363a72"", ""1"": ""0816ad8b0e66cb8091e6582accdccba6b1e8307a238775cf9a577ff9b9be2894"", ""2"": ""2c1e2c49f325a6b067f8d23d8a5d5bcd06e6ecb20ec681ac18bd8d0afd5fc878"", ""3"": ""e7e91e3452bad41e83cb569e0447cf1bfb2e262193b099d83699cbed3a05fe4a"", ""4"": ""97722ecfb0e1ed02cd31c14c035a87b7afa23c895396bf21b8506023d59d01b1"", ""5"": ""a19dd11dc1549012bafbec98dd2d71d8fa3bdf6131b76b5fdd14edc798293fb3"", ""6"": ""798396c297ea1039a45df9433f972b461fe27b9e2e1a95d059e61d4d4c08c93c"", ""7"": ""99b75b59df705ddda2d6431b366d646b72c2d9d43422b1ba40ed43ec2edc00af"", ""8"": ""90f130b06afab0526b4b527611702b2acd6ce00521bb33ced4547e8206392118"", ""9"": ""09c528f2cbe7ba7e10b2fb032d8cf2c87eeccfe4b990537add445b025aee62f6""}",,0,0,0,0,0.0,0.0,"{""0"": 0.0013669384594965316, ""1"": 0.08387118790070278, ""2"": 0.0001905981499397624, ""3"": 7.178979876918592e-28, ""4"": 0.2184155355066335, ""5"": 0.0030090851312102817, ""6"": 0.31507963109211307, ""7"": 0.0334379852226689, ""8"": 0.09235581657075685, ""9"": 0.25227322196647833}","{""0"": 0.0013669384594965316, ""1"": 0.08387118790070278, ""2"": 0.0001905981499397624, ""3"": 7.178979876918592e-28, ""4"": 0.2184155355066335, ""5"": 0.0030090851312102817, ""6"": 0.31507963109211307, ""7"": 0.0334379852226689, ""8"": 0.09235581657075685, ""9"": 0.25227322196647833}",[],[],1,0,0,0,0.0,c2329b1b3ba6a25f40a7365adc0b581ada1822ae5d7928c7fadd550f52f3dea2,1f66376ade5bb244a5e7545a9fa806f4544febba27c0132e607b986ec2038ac5,"[""proposal_created"", ""proposal_committed"", ""v1_challenge_sampled"", ""audit_accepted"", ""committed_once""]"
