round,group,attack_active,attack_type,v1_trust,v1_agg,v2_trust,v2_agg,consensus_passed,healed_applied,heal_source,accuracy,v1_projection_residual,v1_projection_tolerance,v1_challenge_seed,proposal_commitment,proposal_binding_valid,update_hashes,recovery_commitment,recovery_v1_endorsed,recovery_v2_endorsed,recovery_endorsed,skipped,proposal_relative_error,committed_relative_error,published_weights,used_weights,attack_targets,excluded_clients,audit_executed,honest_rejection,recovery_attempted,recovery_consistent,recovery_relative_error,parent_hash,state_hash,events
1,noexecutor,0,none,0,0,0,0,1,0,,32.09,,0.1,,6c8b5396270826232911440dd88b8178f6e15cc1567d23801bcfc53a92d6250d,1,"{""0"": ""398ca687b23fdb91f1d700e217df64f601a278077348bfaa5a6ff021b0b6ea33"", ""1"": ""3809db9f101769feb6f05ae2628ae3716f7f62bcc94a781175e3513cb88abffe"", ""2"": ""d42c61275c99f8c6f25701f77de31c2a6898d0ddd1b993fffa77d1ae27c52812"", ""3"": ""2411fcb3ee04d7d3759661b932c546a6927b3440fc3e05addcf1c0b5b84ad7cd"", ""4"": ""5ad494a229899415ddd51ce3dd4002686809ed4ddd053b057fe9284d204bd0e5"", ""5"": ""6a7a7e361d4fa59e502f8dc91ed8e038509ca26d2acc2f96760aa8e5c149c0f9"", ""6"": ""466ac5a0a10fe78f1948eb1be77084c33d787825ef1023e548ad6e5dc597ae29"", ""7"": ""81e478663cc671921b28cc6929fa304f705fbd87e4bee2ccff7813818c1ed147"", ""8"": ""62c3f31c5bc8a9cb6e1bd6b7199f21a85db766eef2f62de8b6569df56c563754"", ""9"": ""fe5a8784a2127ceda03902c07028ebb8907679819b50ddf65c78d3adbf400e99""}",,0,0,0,0,0.0,0.0,"{""0"": 0.07205254167953475, ""1"": 0.04272582342795201, ""2"": 0.04545983021291739, ""3"": 0.06230081142365915, ""4"": 0.12716587897778991, ""5"": 0.1615723822784387, ""6"": 0.1228977088619376, ""7"": 0.1615723822784387, ""8"": 0.04268025858089307, ""9"": 0.1615723822784387}","{""0"": 0.07205254167953475, ""1"": 0.04272582342795201, ""2"": 0.04545983021291739, ""3"": 0.06230081142365915, ""4"": 0.12716587897778991, ""5"": 0.1615723822784387, ""6"": 0.1228977088619376, ""7"": 0.1615723822784387, ""8"": 0.04268025858089307, ""9"": 0.1615723822784387}",[],[],0,0,0,0,0.0,566ef52be86c337623dd190756347836a0854c8a6e2a24b09f433aa0db8608f8,b95b61bbe0e2762d55a9b851e1740db58e12b250cef32dda03cff4d2b8123a70,"[""proposal_created"", ""proposal_committed"", ""audit_accepted"", ""committed_once""]"
2,noexecutor,0,none,0,0,0,0,1,0,,36.09,,0.1,,dcd31615c645d2f97a8a43627952cef4a9197d17d580d0a2d87c1458e8ac6952,1,"{""0"": ""aaa61c7eafd7ee465b63553f126ac4d8c9517c45db17f50691fc0c0a963a64f6"", ""1"": ""9eabf3f1955bd8047389a079af3ac15c373713a11bace2c9805c84d42090eb55"", ""2"": ""f41534d616d7c9a0c851185fb437a92c22c4f41a30e21cd93ec79f5d9d0daca7"", ""3"": ""09fd8d6b3e6533fa0abb451246b2a7aea8555d4b2c2677ef618eda20bff13be8"", ""4"": ""657d2e34dad100a3e2aa2933571c744cd97004118ccef66ed5f99a26ed7a107b"", ""5"": ""da5cea7511c5dde31f55d6bdc1abc258b2efe6eef13cfce1789abd379e18ce66"", ""6"": ""e75fc1fcfa5027d95a26d34a9d6ef1465d4d2b368f80f9d1f63450c08c5bd0a4"", ""7"": ""738b45fc6eaef54703348097bcee6606dedc79ffe15995100d280e9768dcff2b"", ""8"": ""03b6d1969c4124e2d74dbc70b48d1c8c945ed570ff357992234f9ff4ae7d01f8"", ""9"": ""3a3fd8fda68deeb94eb701c67268d12c14d3eb0fc6156574849f19ce750992be""}",,0,0,0,0,0.0,0.0,"{""0"": 0.021996575815079796, ""1"": 0.012817747028385605, ""2"": 0.01363794906387522, ""3"": 0.018943883259948956, ""4"": 0.10822355926038538, ""5"": 0.21183268390793847, ""6"": 0.16475554416627672, ""7"": 0.21183268390793847, ""8"": 0.024126689682232985, ""9"": 0.21183268390793847}","{""0"": 0.021996575815079796, ""1"": 0.012817747028385605, ""2"": 0.01363794906387522, ""3"": 0.018943883259948956, ""4"": 0.10822355926038538, ""5"": 0.21183268390793847, ""6"": 0.16475554416627672, ""7"": 0.21183268390793847, ""8"": 0.024126689682232985, ""9"": 0.21183268390793847}",[],[],0,0,0,0,0.0,b95b61bbe0e2762d55a9b851e1740db58e12b250cef32dda03cff4d2b8123a70,cdd977b55549998afa9f000b0e912a6a52fea74dde9598a3aef757331d435e80,"[""proposal_created"", ""proposal_committed"", ""audit_accepted"", ""committed_once""]"
3,noexecutor,0,none,0,0,0,0,1,0,,57.58,,0.1,,cdeb02da2780088208c643108bc336fc7bfe1b22c41a2b93356d8958e2a1a2e4,1,"{""0"": ""4a76b497fc830cf8f32b70f227d85e082e03cb4679e9f5d13baabb4e2fcb7e37"", ""1"": ""3a5db6b7de2d56b2386c905a0e69c9f1dbbaa93136b7e76b49f44517c546b8ca"", ""2"": ""276e86fa2c5a0c1130f65b825e9613fcb36301af3216226fea47c0eedf8232a9"", ""3"": ""695a0d15c8aadd21d5f0b3cb302d728786f7b601ff7b469f11d729ad858b85a5"", ""4"": ""58058035032c683a05ec3211d58719d44b4989c08749e0cd707284692b0ba5c1"", ""5"": ""6fbd523e7aa1d5e3629a5ea18d1cc598cfe5fb1c2f40c1053e50effcd5caa322"", ""6"": ""153c103a958795335ae0b7a4cc3516504969f98966269d13a001099a60a648e5"", ""7"": ""30923c12108e57746dee397dfbc78edd1fd37bbae4b5d31fa75de1aec98e7853"", ""8"": ""84d6cf579821aef617e16554e30fc165fb00e568e673829082689695296197b9"", ""9"": ""b89cb8f6d81b7d4856fb887fc192e80083298f76b38c4b46917bf08805b06cb8""}",,0,0,0,0,0.0,0.0,"{""0"": 0.00659897274452394, ""1"": 0.0038453241085156823, ""2"": 0.004091384719162566, ""3"": 0.005683164977984688, ""4"": 0.09063627550439975, ""5"": 0.24386978682619492, ""6"": 0.14471293741579316, ""7"": 0.24386978682619492, ""8"": 0.012822580051035471, ""9"": 0.24386978682619492}","{""0"": 0.00659897274452394, ""1"": 0.0038453241085156823, ""2"": 0.004091384719162566, ""3"": 0.005683164977984688, ""4"": 0.09063627550439975, ""5"": 0.24386978682619492, ""6"": 0.14471293741579316, ""7"": 0.24386978682619492, ""8"": 0.012822580051035471, ""9"": 0.24386978682619492}",[],[],0,0,0,0,0.0,cdd977b55549998afa9f000b0e912a6a52fea74dde9598a3aef757331d435e80,2330c03147cb87a87a36fa34cacb7979aeecc88be02ca3720957037476563fa4,"[""proposal_created"", ""proposal_committed"", ""audit_accepted"", ""committed_once""]"
4,noexecutor,0,none,0,0,0,0,1,0,,59.02,,0.1,,b9fdaaa841a60a43fe24b429c09685c71990fd5e1ff8554302c30c84e698285b,1,"{""0"": ""39e43e6e3eb3b3a540959b8291610f64fbc43ec77476397ff3eb29ac40039c5b"", ""1"": ""c22b18744415795e1e4b565d7480b6e9328579362b8b1a98e3a00cf80625a268"", ""2"": ""31d83c06b39643703789c12e85345bfdccc395f8999356d5d0c27765e509970d"", ""3"": ""9d8f6eeb69fdc5c32f17ccf151c429163129d4173edfd3d350ab0e608958cc21"", ""4"": ""32ecc4be90c78493046e4165741576fd2beaa459773e061d124a373f5e348a96"", ""5"": ""9ee91559c7b826fdc163540b60bd9199203820a654a5bb02de7532ae196f3a93"", ""6"": ""0f8385a65a96f52e8ba24f8c59e9e8ef066dc25c506371435fead432ed344d83"", ""7"": ""7b4d0a8e9a57621a55cfa0420094e81a47e84a9fe7a9e31526f11ed381050c3e"", ""8"": ""b403070964f098988066bc614dec01a3940e0098c1501551e8b055fbcd382d60"", ""9"": ""a0328eaf8e0392a763b1ca059c27464583ce7e2fffc752c1517a5342b5ff7ec8""}",,0,0,0,0,0.0,0.0,"{""0"": 0.0019796918233571823, ""1"": 0.0011535972325547048, ""2"": 0.00122741541574877, ""3"": 0.0017049494933954067, ""4"": 0.062034134427029236, ""5"": 0.25533503747593056, ""6"": 0.15548656213311993, ""7"": 0.25533503747593056, ""8"": 0.010408537047003133, ""9"": 0.25533503747593056}","{""0"": 0.0019796918233571823, ""1"": 0.0011535972325547048, ""2"": 0.00122741541574877, ""3"": 0.0017049494933954067, ""4"": 0.062034134427029236, ""5"": 0.25533503747593056, ""6"": 0.15548656213311993, ""7"": 0.25533503747593056, ""8"": 0.010408537047003133, ""9"": 0.25533503747593056}",[],[],0,0,0,0,0.0,2330c03147cb87a87a36fa34cacb7979aeecc88be02ca3720957037476563fa4,555e7c7c5a2669f676a4175ba1c682354d718221ebe40a9d80e2d4689807ee94,"[""proposal_created"", ""proposal_committed"", ""audit_accepted"", ""committed_once""]"
5,noexecutor,0,none,0,0,0,0,1,0,,67.0,,0.1,,f7301092df3fde52464944e3c320f510f7b38caf5c6fb97eb291c663bd41f90d,1,"{""0"": ""8f1662a4478ff51928d3aa14b30e7b63523b5217e8ec5a0f843e33a0d8fde425"", ""1"": ""7b418c9cf2c6f08803e830e8c4df8347adb08a278e3ee6ded08cf4b4baa3df33"", ""2"": ""dc3a21ecf2f6144bd5e1f74d7945bdd69e99797253ae5e63e47c6431110da5df"", ""3"": ""a3c6c0f4679700dd2f79f14e0a23ab1c901815d5948d49957c70ad9490ca2103"", ""4"": ""2c69e527a2d871949e5e40a049e07eda07c94b8ee5ebb0639018c6ac523de61f"", ""5"": ""f06cce21c2695c418511fc3473d5326f37f6c53bb0e7caac7e5c66e3015af98b"", ""6"": ""16a385fb393a71056be586d0140a3c1154955d81c536cd10d38df80accad27b3"", ""7"": ""d4735b88f40749f0767abcc4e412d6006900168d967f06900d4b12b411c4934f"", ""8"": ""5dc168053586896d3d89194e6ddb11c3477e752838956be2f1ea17a2ec345c1b"", ""9"": ""1d2045e2b7699b6cbb2a77610ce4d0d4db64f79ea0673e66ad3941f250a4a3e3""}",,0,0,0,0,0.0,0.0,"{""0"": 0.0005939075470071549, ""1"": 0.00034607916976641155, ""2"": 0.0003682246247246311, ""3"": 0.0005114848480186222, ""4"": 0.10887407788334028, ""5"": 0.24281923999619956, ""6"": 0.19591603762071033, ""7"": 0.24281923999619956, ""8"": 0.017186167609021412, ""9"": 0.1905655407050122}","{""0"": 0.0005939075470071549, ""1"": 0.00034607916976641155, ""2"": 0.0003682246247246311, ""3"": 0.0005114848480186222, ""4"": 0.10887407788334028, ""5"": 0.24281923999619956, ""6"": 0.19591603762071033, ""7"": 0.24281923999619956, ""8"": 0.017186167609021412, ""9"": 0.1905655407050122}",[],[],0,0,0,0,0.0,555e7c7c5a2669f676a4175ba1c682354d718221ebe40a9d80e2d4689807ee94,6e0c29d06ed9c4c859439f58a75cc98b41d0b6747b0388919eb7230862df5205,"[""proposal_created"", ""proposal_committed"", ""audit_accepted"", ""committed_once""]"
6,noexecutor,0,none,0,0,0,0,1,0,,68.38,,0.1,,5e7c0995f89f6c2acfa23a5102f62a34eb4f91bfbd9a6723e94115dc1741024a,1,"{""0"": ""95c1a9a6be2ac40090e01bf521cd733c416954a928a3d264df8bad5febb478f9"", ""1"": ""41c706c628139692ce826f523974fbadedf925136efbac0c2130a0ab3abf08cd"", ""2"": ""0c55e8fefc144e4f6b63252682a12c7d6f9e1412289dc7199b36a1227a7fe125"", ""3"": ""b0507927e8dd04d970762fabef9624f1b65b21f7ad7d0e7f9c9730ddfecab345"", ""4"": ""92b380440eb9beda9787de3d465c8cd381651ab6fecb372064965c57085b6271"", ""5"": ""575114a7786af976e532f05512b99a2773c830502e3c2dc2a20447b5fb7a7946"", ""6"": ""cf874991d50a404339476e48b8bccd9e4f00a85532793502e8728874594ab328"", ""7"": ""8265c6de8a9aa3a31b37b879a1154a3422a25c5f10624895f2dfa3dd36c6fbe3"", ""8"": ""f02413b3d458c9eb0cfb35583777e21007940891a6d84f2d748084977dc6cf4b"", ""9"": ""30ba5368b2f41f07307bd01256752fc903b4740e272433f24076e6fadcacc0d5""}",,0,0,0,0,0.0,0.0,"{""0"": 0.00017817226410214647, ""1"": 0.00010382375092992345, ""2"": 0.00011046738741738932, ""3"": 0.00015344545440558666, ""4"": 0.15878480276857457, ""5"": 0.2423851700944843, ""6"": 0.18044580966840001, ""7"": 0.2423851700944843, ""8"": 0.018236841578345212, ""9"": 0.15721629693885644}","{""0"": 0.00017817226410214647, ""1"": 0.00010382375092992345, ""2"": 0.00011046738741738932, ""3"": 0.00015344545440558666, ""4"": 0.15878480276857457, ""5"": 0.2423851700944843, ""6"": 0.18044580966840001, ""7"": 0.2423851700944843, ""8"": 0.018236841578345212, ""9"": 0.15721629693885644}",[],[],0,0,0,0,0.0,6e0c29d06ed9c4c859439f58a75cc98b41d0b6747b0388919eb7230862df5205,2747870cc4c7194244b7359046d9ab45c9d07aa759982e1a4a53da9c38397222,"[""proposal_created"", ""proposal_committed"", ""audit_accepted"", ""committed_once""]"
7,noexecutor,0,none,0,0,0,0,1,0,,70.0,,0.1,,cd0c1ea0629575fa67b1b09d6eac34140622977355b30fc528b1c8d68e80eb98,1,"{""0"": ""d9be26d0ee3880cde6c0833f2a6fc24e0a6129c341f4a04fef44cc47726d29df"", ""1"": ""dd83140d71bfacd7eb0ea621a99b63ffb4f2dc1c2dfed235b8fe53f6f420c646"", ""2"": ""0e83728b1764517f3d8b5f9fc84a0d6383d69bff6862f34e246873a49b5ff8be"", ""3"": ""4c8ede599ebadb19104624cd77e9708f4dff16981e263be6f622ac7ff764c12b"", ""4"": ""3bba8046eb4ef7f0ee57036e9e5e6b99f4bace54c42c4dd1e3bd6cfea1e1d911"", ""5"": ""35ded4a59b401066349bb1762a29a726f2d5428be97200095bcd5fae73d0fccd"", ""6"": ""3add265c0eed9a9349d9452cda655bef95804ad7db1989c236c01c688cf18a9b"", ""7"": ""e2f47816c70a62de6469f4654a94f3fe969fdba33fa8ca8c6b1dcdc58f5bc3f6"", ""8"": ""f8b7c78620f843527ca3ec232f7e46b3f6e4de56a01b780f5542bc389a5c842e"", ""9"": ""3be87a801c3b51dc9679d6ca7a0952b26fe2f29e803c622a96d85edbd3531586""}",,0,0,0,0,0.0,0.0,"{""0"": 0.00023254640247891145, ""1"": 0.0004375314311195297, ""2"": 3.31402162252168e-05, ""3"": 0.0003676505072254187, ""4"": 0.19125313866830623, ""5"": 0.10576164598209829, ""6"": 0.1677574707066166, ""7"": 0.23894442901563462, ""8"": 0.08181868000134894, ""9"": 0.21339376706894628}","{""0"": 0.00023254640247891145, ""1"": 0.0004375314311195297, ""2"": 3.31402162252168e-05, ""3"": 0.0003676505072254187, ""4"": 0.19125313866830623, ""5"": 0.10576164598209829, ""6"": 0.1677574707066166, ""7"": 0.23894442901563462, ""8"": 0.08181868000134894, ""9"": 0.21339376706894628}",[],[],0,0,0,0,0.0,2747870cc4c7194244b7359046d9ab45c9d07aa759982e1a4a53da9c38397222,a65e38161329a630031a963baead1487535ddc8b398b6c361b28ee18b97b5df2,"[""proposal_created"", ""proposal_committed"", ""audit_accepted"", ""committed_once""]"
8,noexecutor,0,none,0,0,0,0,1,0,,68.35,,0.1,,3560d4dc2a5d972bc83ee754253cbe0e9e3a5f4328e48df910bb8fa78b4bcfed,1,"{""0"": ""2de51f5ca6d8912635e0a677242395ba9858ad7bc630f06a69dcb7966718af13"", ""1"": ""775b26f4835a57f700968475de67e870cad99bd2901eb2ed9dc15e4f68321d2b"", ""2"": ""9f4f0d58b9be00d1d2aadd2b3c5947ddbe1bc3c0838daf877506c0fcd7bfae7a"", ""3"": ""ffae9c9c83ca8590cdec66858eb8c18dba79f46d96165a6dcf6aad9b2937334c"", ""4"": ""c255d58bf5de0311d42b31fd5eed5b600e3473fefd12cdfd5dee56dd81aa63d1"", ""5"": ""5faa2abd50450e7904038f1c2404e40b56ff32c583a0584c4d110afd15fd3ebc"", ""6"": ""f9162ad07c0996492059bc037b0234759efad77ead2d03e6f79589ab9984ce0e"", ""7"": ""5163de2c8641bb5ace5c14b9949221f7090b39cd2c75e82a0f73de32ed6841c2"", ""8"": ""7ebd9daf81c2e7c5c558f02b01c997bafc258830a735da39f9f12759e542e964"", ""9"": ""d2c6b9727024e2996b58581725f638cbfc66daea6f71f9b7ec65c128342709f8""}",,0,0,0,0,0.0,0.0,"{""0"": 0.00029639341291901305, ""1"": 0.0005593879185795138, ""2"": 9.942064867565042e-06, ""3"": 0.00041994835414829496, ""4"": 0.11634739014430365, ""5"": 0.20622847745695466, ""6"": 0.07586493717194327, ""7"": 0.2499037910368152, ""8"": 0.13433757617988443, ""9"": 0.21603215625958447}","{""0"": 0.00029639341291901305, ""1"": 0.0005593879185795138, ""2"": 9.942064867565042e-06, ""3"": 0.00041994835414829496, ""4"": 0.11634739014430365, ""5"": 0.20622847745695466, ""6"": 0.07586493717194327, ""7"": 0.2499037910368152, ""8"": 0.13433757617988443, ""9"": 0.21603215625958447}",[],[],0,0,0,0,0.0,a65e38161329a630031a963baead1487535ddc8b398b6c361b28ee18b97b5df2,65f6450ce5efff1040d3f530a39621563665b97b374610b9ab8e9f5ff1babb64,"[""proposal_created"", ""proposal_committed"", ""audit_accepted"", ""committed_once""]"
9,noexecutor,0,none,0,0,0,0,1,0,,66.66,,0.1,,bb4cb591335f3215fe186d885f4554da6112b13c21e89d7c0f5d376fcd5d0d03,1,"{""0"": ""bba1306f8abfe04ae64dd047232305b895f94e9c76d66c19c6b310469e0b3eb9"", ""1"": ""7abc697ac68eca1f0b85b211b1f8c64fb5858811fe19c28d611e6904c0f8e9a7"", ""2"": ""5609aad6ca74241f3a16bc6df0eba08f731f5325a82b282130e50515d911c79f"", ""3"": ""25753380581dcf80e3095aec9c1eaec16f1b07dc97c091bbfb376232b8e7825c"", ""4"": ""6655dd9a102cee6e3b801a165b7d72f640f4c8658a5452654dbca3f9ff18be2e"", ""5"": ""f8fccf7352294edb309d9106d1acfb5fc1afe7069d5235c6dee0e0d3085062b1"", ""6"": ""4a53deb83ee5f76890d17b243bac70592b1c81314405b5818069a8db189858d1"", ""7"": ""e177c762290dd483f5e873b2c3fae0e3cd3f07c647733787dbd2b561bac142be"", ""8"": ""c24a99611ac2a23b8a4dc191171712e37c39790b5d53a5ccc0665c233ff3019c"", ""9"": ""873c5fb8e37cfc7af4e8e4e8997b1be0f26f4e94fa5644a3bf178d2c948f781e""}",,0,0,0,0,0.0,0.0,"{""0"": 8.891802387570392e-05, ""1"": 0.001222574483803207, ""2"": 0.0009459315307750387, ""3"": 0.00012598450624448851, ""4"": 0.11142664418853876, ""5"": 0.0887824451305233, ""6"": 0.06121671974438582, ""7"": 0.43176747283300587, ""8"": 0.1509396324364026, ""9"": 0.15348367712244518}","{""0"": 8.891802387570392e-05, ""1"": 0.001222574483803207, ""2"": 0.0009459315307750387, ""3"": 0.00012598450624448851, ""4"": 0.11142664418853876, ""5"": 0.0887824451305233, ""6"": 0.06121671974438582, ""7"": 0.43176747283300587, ""8"": 0.1509396324364026, ""9"": 0.15348367712244518}",[],[],0,0,0,0,0.0,65f6450ce5efff1040d3f530a39621563665b97b374610b9ab8e9f5ff1babb64,0aee12c241546710cf113c05c5a39e6f883793ddcf934c59464c098cbba8f363,"[""proposal_created"", ""proposal_committed"", ""audit_accepted"", ""committed_once""]"
10,noexecutor,0,none,0,0,0,0,1,0,,68.89,,0.1,,ec70c230f3e1fee4785bf970ac6f778270f24796d79f2196ea819db3f3860b6d,1,"{""0"": ""69f5ec1bba38a34316a9e9fd505a291197878cd483efb3b86e2be5bea5f5b673"", ""1"": ""5171ca9244136bf3a1217d60ee97b79542d06894d35a55e81ec86eb011411680"", ""2"": ""d50b070a8622ae74a9fa75bc9b39053bcd40b3ae963f89163c7e55f7032ed4c6"", ""3"": ""a6ae3c096145ef29149a8114fdc97fd0ad0513e7f2b7febdc0a044e863a6b878"", ""4"": ""9383bda617300ba6db77396f8335e8da3676d404ce67b9ef4353ab50ff5249a4"", ""5"": ""a574b77a950a07492f06567e87159f529d443dc7f62580053af0b37bc4bc7725"", ""6"": ""cde13a210ecfb65691f71c8c02a37fb553956e7d68e1ebe9c21779db3282f26f"", ""7"": ""1d0510a99234082861547e27173802072a7fa2da68919baa3c401fc95d60d5db"", ""8"": ""c247b2fc3de3aadfbb990b4667354e170364ac765a7b061bd98bf73ae7456a2f"", ""9"": ""357c7c3257caf5f1fa136756ca28b0e617eb69d7a0811c7ed45148ea77ea84b9""}",,0,0,0,0,0.0,0.0,"{""0"": 2.667540716271118e-05, ""1"": 0.0020543370755535264, ""2"": 0.00028377945923251167, ""3"": 3.779535187334656e-05, ""4"": 0.0879956377345486, ""5"": 0.036976457467645746, ""6"": 0.08917460420676723, ""7"": 0.5780798633136616, ""8"": 0.13704854251989576, ""9"": 0.06832230746365897}","{""0"": 2.667540716271118e-05, ""1"": 0.0020543370755535264, ""2"": 0.00028377945923251167, ""3"": 3.779535187334656e-05, ""4"": 0.0879956377345486, ""5"": 0.036976457467645746, ""6"": 0.08917460420676723, ""7"": 0.5780798633136616, ""8"": 0.13704854251989576, ""9"": 0.06832230746365897}",[],[],0,0,0,0,0.0,0aee12c241546710cf113c05c5a39e6f883793ddcf934c59464c098cbba8f363,0840a99ffcfa52e4e219d44eb301fd954e08cf467fe8be58c7911902d7754f79,"[""proposal_created"", ""proposal_committed"", ""audit_accepted"", ""committed_once""]"
11,noexecutor,0,none,0,0,0,0,1,0,,71.1,,0.1,,8e53397f2e7f748bb4b5d2d206c8d8bd5f32a0584dc008482dbb1e1482e697f1,1,"{""0"": ""cfef59b7d0171e445522e21777ff019ebe97eb76e9a30b474c80d6d67fbb933f"", ""1"": ""4723168089fbe07c8e140fe203096e3ea6f2239e955cdd841536624da3e20775"", ""2"": ""fc58aaf38b94106a941a385837b96bd90007c33dd68ebadfc68d65f99f8be5d5"", ""3"": ""2731ae1c056e9af2655b6a88cde9c90a83331f769f4ed09eb0015072b50db047"", ""4"": ""5aaa1c58eb886ff8e2a188fc26c2d2b5f9452efa4931380e1e373e9b5f77782b"", ""5"": ""402eac011d1babecfca9b500b8646ff2afa616597e221a37d9ce74f449929100"", ""6"": ""a076f6f31d95a64fcc25c9457992c614ca00c5a15a321f2c7b4a212cd70dd7ab"", ""7"": ""f7149aac10b2c19e6f8612cd1da6b0fd242a32223e939bf525ecf49ee9d6c061"", ""8"": ""ba7605d307cc53989e22446e673939b74e057fcfe7190d5ba350f83ad532d28a"", ""9"": ""f623b655bd632b43d5c98f4f0613c9107ad6ba2ebd4503db1703058ad3427532""}",,0,0,0,0,0.0,0.0,"{""0"": 8.002622148813355e-06, ""1"": 0.01095834910467725, ""2"": 0.0049739071729043, ""3"": 1.133860556200397e-05, ""4"": 0.24444115055055549, ""5"": 0.0493069666009436, ""6"": 0.15815166062284272, ""7"": 0.3914664182242894, ""8"": 0.12018551425697882, ""9"": 0.020496692239097693}","{""0"": 8.002622148813355e-06, ""1"": 0.01095834910467725, ""2"": 0.0049739071729043, ""3"": 1.133860556200397e-05, ""4"": 0.24444115055055549, ""5"": 0.0493069666009436, ""6"": 0.15815166062284272, ""7"": 0.3914664182242894, ""8"": 0.12018551425697882, ""9"": 0.020496692239097693}",[],[],0,0,0,0,0.0,0840a99ffcfa52e4e219d44eb301fd954e08cf467fe8be58c7911902d7754f79,6d3705d796345ea11a9300ea298179dd027bbc0f153c4964fd89a0c20b9379b0,"[""proposal_created"", ""proposal_committed"", ""audit_accepted"", ""committed_once""]"
12,noexecutor,0,none,0,0,0,0,1,0,,73.32,,0.1,,096319ea7646f5d7e041ce4c0c0fe807fff5aab97b77febab87d59efd86f3364,1,"{""0"": ""939c7359838198c4bd4bbd3f5775d7d4d58d100589bb5ea4eb342e50dfff4498"", ""1"": ""b45c424e296be529e7e071d040f19810360f58fd26cf4c53cb7e4a868f938204"", ""2"": ""83d8f848e03627f915fc0d261980a56f74923f4b30820e9fe0e5428a379151da"", ""3"": ""801a3be3f5dddaa61bd15fb684044d9b0a6cde92cb24067c88698e5eaec82fe3"", ""4"": ""d0b424b2a77acaa3cd715e5926b61581d8c9db49a0be558425d5e42abeadb7eb"", ""5"": ""1b5ce400e9a5e61c9890cceb806eda52228bc0e9798cceadaad9f6bb7f8ae8a7"", ""6"": ""696c02d136259d376d61f4b96656420a9b7b64980f8267707aa157e1ba5cd4b2"", ""7"": ""d6a8ac0847c76a32f102ec5325d5ea0707a66fc4dd5fca0b57be5d32cd090f98"", ""8"": ""23c77a3d467472d4e4201b088c7b17f3dbafcf51764accb41f5ae584fda4db54"", ""9"": ""aeb4767a838252680614642247f83d289859df41a46ecb5272326d9b610fe1fb""}",,0,0,0,0,0.0,0.0,"{""0"": 2.400786644644007e-06, ""1"": 0.01886614521327671, ""2"": 0.0036624554786551097, ""3"": 3.4015816686011915e-06, ""4"": 0.2910974189577661, ""5"": 0.056789443170860196, ""6"": 0.2652105719794523, ""7"": 0.30853262772516726, ""8"": 0.04755519739969328, ""9"": 0.008280337706815903}","{""0"": 2.400786644644007e-06, ""1"": 0.01886614521327671, ""2"": 0.0036624554786551097, ""3"": 3.4015816686011915e-06, ""4"": 0.2910974189577661, ""5"": 0.056789443170860196, ""6"": 0.2652105719794523, ""7"": 0.30853262772516726, ""8"": 0.04755519739969328, ""9"": 0.008280337706815903}",[],[],0,0,0,0,0.0,6d3705d796345ea11a9300ea298179dd027bbc0f153c4964fd89a0c20b9379b0,3a787f1fcc596318cdcc0886b20bd0cb33232fa9359199bb83b892620c5cda93,"[""proposal_created"", ""proposal_committed"", ""audit_accepted"", ""committed_once""]"
13,noexecutor,0,none,0,0,0,0,1,0,,67.14,,0.1,,14a8f74bf28bcdb39cfc9e065ceccacc3b3276f4ae481cad6594b3002a4de453,1,"{""0"": ""69ec2b315e923771df127e880a1b7c9035247e427358816c35ae001ee09390d1"", ""1"": ""99ab94679519f26846b2f0282a6f47b50a85fce1cf377f17695a308223b9e1d7"", ""2"": ""760825c9b344c51dbfb9f027c5d8abc7ded876ad0cc6de3599e7031695d7ee01"", ""3"": ""138f70f7f6bbfd67915d7d61c03bc6f10cf580055015248e4be79ae47aa61c28"", ""4"": ""10d35eab6b7eb341aa1ee0de9ef8259ea177c2021a104f653d126d4eaf1465f1"", ""5"": ""61f4ff3f500f2ca6ca16b3d381da80d13816f66b6e497b5e406771672a002bd8"", ""6"": ""b103b1bbd21cd4e8c35dee92def877148231647f3e9bae6f50cd8598e1770d21"", ""7"": ""2e146bd7226ee746f75c933c0defa54613d9c9f2378d0ed72c8512c4ae52583a"", ""8"": ""83bfe9f2c8b7fc4380930e42bef902f9313ca9fd739a238a46844e51b962fef6"", ""9"": ""b767cb2bf73bb39af95e38c2e572db9ea13a7329dc9597411f2c0822b2595f7e""}",,0,0,0,0,0.0,0.0,"{""0"": 7.202359933932022e-07, ""1"": 0.2576209102760254, ""2"": 0.0010987366435965332, ""3"": 1.0204745005803576e-06, ""4"": 0.1266262315007839, ""5"": 0.05795679012323783, ""6"": 0.38183236020583167, ""7"": 0.1542430691915192, ""8"": 0.014266559219907986, ""9"": 0.006353602128603501}","{""0"": 7.202359933932022e-07, ""1"": 0.2576209102760254, ""2"": 0.0010987366435965332, ""3"": 1.0204745005803576e-06, ""4"": 0.1266262315007839, ""5"": 0.05795679012323783, ""6"": 0.38183236020583167, ""7"": 0.1542430691915192, ""8"": 0.014266559219907986, ""9"": 0.006353602128603501}",[],[],0,0,0,0,0.0,3a787f1fcc596318cdcc0886b20bd0cb33232fa9359199bb83b892620c5cda93,34a6850fc140c5832ec683a69ff039e056d46896cec3aa8d8c08024a3307fac1,"[""proposal_created"", ""proposal_committed"", ""audit_accepted"", ""committed_once""]"
14,noexecutor,0,none,0,0,0,0,1,0,,63.31,,0.1,,fc82deff5c48a8d382739c25abae3a26de90c455a0e43dddcdf0197eee75b31b,1,"{""0"": ""a23c7ebc7518a39ccaabbffa4699199491cec43d547b57b8d0626bfc2021e812"", ""1"": ""f04f05b7d26378a62971ad4183ff14447effb87cf7b4a5561ce4fb2c65d1f8b2"", ""2"": ""dffa050fd3034a78250c6be27ef8e579420b7c1ed9877255025534f2d35a52ad"", ""3"": ""220eb435a04bdfd7db262e990061e4a13f12c04f0086e0a63300b312a2ccdf1b"", ""4"": ""2a0bcd199dfe5991ca987fbdae5a2c34d3c6fe7f8f93dfb6b89f853aab3fb26b"", ""5"": ""de55e3e1ac01d347225f43c7826a4d1219dc3c1aeaf4d80ff1c5c38263880748"", ""6"": ""05a47b9b5e5d2700f75c90e979e35c52456511ae4b85116203ad9a1696c41432"", ""7"": ""27d84b925ce868bf97ca2c4d5cc28372582ff0f2de5657f270d558ac1dfff1a9"", ""8"": ""1c8039e94db1e62bc7c09c119adba7fd9f43d0f4ebcfaeee1b4b1db7020a0248"", ""9"": ""d93727fcdceb6cdc98e94cc5a56b095b1044bff0c840afa3cc976f5aad3098a1""}",,0,0,0,0,0.0,0.0,"{""0"": 2.1607079801796074e-07, ""1"": 0.34264235623321265, ""2"": 0.0038856845597333638, ""3"": 3.0614235017410737e-07, ""4"": 0.2037196395827707, ""5"": 0.017387037036971354, ""6"": 0.37990579121215456, ""7"": 0.046272920757455774, ""8"": 0.0042799677659723975, ""9"": 0.0019060806385810508}","{""0"": 2.1607079801796074e-07, ""1"": 0.34264235623321265, ""2"": 0.0038856845597333638, ""3"": 3.0614235017410737e-07, ""4"": 0.2037196395827707, ""5"": 0.017387037036971354, ""6"": 0.37990579121215456, ""7"": 0.046272920757455774, ""8"": 0.0042799677659723975, ""9"": 0.0019060806385810508}",[],[],0,0,0,0,0.0,34a6850fc140c5832ec683a69ff039e056d46896cec3aa8d8c08024a3307fac1,15a63e76cad587e0a2f0dc7e6145968e31c5059e3d3cb3646b9f0a2909935d25,"[""proposal_created"", ""proposal_committed"", ""audit_accepted"", ""committed_once""]"
15,noexecutor,0,none,0,0,0,0,1,0,,73.82,,0.1,,86f5a6a043f56c349a5f92028498f932e0d0c7afff09b52de45c280102fb2212,1,"{""0"": ""b59b91f6e0bad694fcbbfed830e36d54b2ece35911b2eec62ec16e2511131fdc"", ""1"": ""6dca656b12183dd64f5924f9604bd1329edf1ad95f1ef3f9693c4b4af7371abf"", ""2"": ""a8e30e201e994932cdcd11de45a01d5f663fccb944a2366bfe719b46e90417ca"", ""3"": ""f34c170ba6f2ad754455c37d96facb9937e8e5f7efdcf36477b941aa15b75833"", ""4"": ""cc49fd3f5f5a10d14b279bd678b2ee9580e073e2e03b3f8a88d6001c5862acee"", ""5"": ""06265db50b9c50e57b2fed2416132fcdcfd375d3d37a9374a75794e4c03e6f70"", ""6"": ""c9b5e16c28c982c4981018571d6b66982f77466563b9d104868a0e3439d458f4"", ""7"": ""cf7cfcfeaab7c084244a9c31f936f2f22343ddda5fd6e1a1edf7cc35b46962e1"", ""8"": ""2e2db96b26c11bac0b213609813104eef63538006b420d3b4d1bcb8e03c8023d"", ""9"": ""a9de3877de6f9743af6f24a5226dde614d19c14c1651f40a2d0d9fd063805f6d""}",,0,0,0,0,0.0,0.0,"{""0"": 6.482123940538824e-08, ""1"": 0.10977350495756129, ""2"": 0.0011657053679200093, ""3"": 9.184270505223222e-08, ""4"": 0.1897494939525956, ""5"": 0.18142003233828463, ""6"": 0.2901756585908396, ""7"": 0.19008579745442997, ""8"": 0.0012839903297917194, ""9"": 0.036345660344632616}","{""0"": 6.482123940538824e-08, ""1"": 0.10977350495756129, ""2"": 0.0011657053679200093, ""3"": 9.184270505223222e-08, ""4"": 0.1897494939525956, ""5"": 0.18142003233828463, ""6"": 0.2901756585908396, ""7"": 0.19008579745442997, ""8"": 0.0012839903297917194, ""9"": 0.036345660344632616}",[],[],0,0,0,0,0.0,15a63e76cad587e0a2f0dc7e6145968e31c5059e3d3cb3646b9f0a2909935d25,90a3d49f98a53ea57d1854b6b366eec8b9deede9ada7c1c0efa841ced71707b1,"[""proposal_created"", ""proposal_committed"", ""audit_accepted"", ""committed_once""]"
16,noexecutor,0,none,0,0,0,0,1,0,,74.06,,0.1,,7775d3a8d99eb0a9eded33a7ae72e53aee0ce4652ac5436a3e94818a54c53b63,1,"{""0"": ""1e274bc7141a2cc35e221269e3766b4e00fdec06fa080b2caad469aa1f040cc8"", ""1"": ""63c39521de2dbaa70ba9382c52fe151cec3e25f56524f356709718bc93ae7293"", ""2"": ""c0c22b3bc3166b2721019bd91c10177e342a9d803adc49e688b8a4b93e84585d"", ""3"": ""9195ac2027c3d7ec054fbea01f757d0387b2dd45eb2b7cad445ac783c97bd1e4"", ""4"": ""653d571247104ad7398b3f8c5c1900df2084fe2568add9c862ba7f696e4d6643"", ""5"": ""ae3420b8a2b49a137f2f9015ae838f32b389fb8b326f9346ebe065c43156af34"", ""6"": ""14d4af34b6ef90dd0ac91b3773f6ccd1f79f1f37e1e1d13772cc099f15d64a20"", ""7"": ""f6f5b074a6504660271941e7199c8c7a717968d39c421c97b89546461edaf20e"", ""8"": ""0e2de341d892a3705824655477a5acaa85ff751035d051760f59db45cce1b49f"", ""9"": ""2609ab7177bc53269633888853ed25697b4310c3ce6864015f43786aa7c2aa30""}",,0,0,0,0,0.0,0.0,"{""0"": 1.9446371821616476e-08, ""1"": 0.032932051487268396, ""2"": 0.0003497116103760029, ""3"": 2.7552811515669673e-08, ""4"": 0.14086598569327993, ""5"": 0.08281584330650908, ""6"": 0.44348067936382135, ""7"": 0.22958058469814474, ""8"": 0.004392672403337046, ""9"": 0.0655824244380802}","{""0"": 1.9446371821616476e-08, ""1"": 0.032932051487268396, ""2"": 0.0003497116103760029, ""3"": 2.7552811515669673e-08, ""4"": 0.14086598569327993, ""5"": 0.08281584330650908, ""6"": 0.44348067936382135, ""7"": 0.22958058469814474, ""8"": 0.004392672403337046, ""9"": 0.0655824244380802}",[],[],0,0,0,0,0.0,90a3d49f98a53ea57d1854b6b366eec8b9deede9ada7c1c0efa841ced71707b1,1ca9b47e60c180b666c0b7cb868d5b01a20b7887121f80a38ca76422fbdecb11,"[""proposal_created"", ""proposal_committed"", ""audit_accepted"", ""committed_once""]"
17,noexecutor,0,none,0,0,0,0,1,0,,72.77,,0.1,,c33769cf33b8b2d323b26726d70e464985683d19a1afc9720bcacba1824d486f,1,"{""0"": ""9b82547747f755cc1d31cf9bcbb876189c07b01b454daefc37f562906c41caaa"", ""1"": ""0da1ee8466a554bdafd3608a3c127052e852060ff93f5f57ceec9d41d6588ba7"", ""2"": ""ac61168f01f34e5daf69163a829b632bd55b5b2a837b68b822eee69bac035c90"", ""3"": ""4c15eb9591f222438391ffa7bad09cbf6d83e1c28bfb5176f2eb9dd0279c082d"", ""4"": ""4ce233a06b4f13fabcb868fdf348db073912abecb9f11ff09679bfb8cd981e4a"", ""5"": ""a78876ecc33c7273c466cce68516b6ee0a09383c91d8339db1a381c195e6bb32"", ""6"": ""fc289b5e494ac9b5a5fa818c87ef3d881bb5b49f461755d4dc59a29dbe9a4033"", ""7"": ""b1f9f160e2336ca8e620cfa51f2acde68dd3b4466cb7b12b86a23fe3276ed2c7"", ""8"": ""fc9caffe6d952c446375e7f19cd2e5653d33c9887575d0899acc6c3b9298f8c2"", ""9"": ""2c115ec9c83b50028ffb09ddb4d430f625be482168f7e9922ef1dd54c3137522""}",,0,0,0,0,0.0,0.0,"{""0"": 5.833911546484944e-09, ""1"": 0.17740620519376127, ""2"": 0.0001049134831128009, ""3"": 8.265843454700905e-09, ""4"": 0.24314788788154773, ""5"": 0.09602354536929317, ""6"": 0.13304420380914644, ""7"": 0.2697622675830072, ""8"": 0.04996149412972261, ""9"": 0.03054946845065391}","{""0"": 5.833911546484944e-09, ""1"": 0.17740620519376127, ""2"": 0.0001049134831128009, ""3"": 8.265843454700905e-09, ""4"": 0.24314788788154773, ""5"": 0.09602354536929317, ""6"": 0.13304420380914644, ""7"": 0.2697622675830072, ""8"": 0.04996149412972261, ""9"": 0.03054946845065391}",[],[],0,0,0,0,0.0,1ca9b47e60c180b666c0b7cb868d5b01a20b7887121f80a38ca76422fbdecb11,662e42fbfdbd1e7e9edf6ea391d40d2f21c21d619d6dbcc99ddb2cc3836a1e15,"[""proposal_created"", ""proposal_committed"", ""audit_accepted"", ""committed_once""]"
18,noexecutor,0,none,0,0,0,0,1,0,,42.0,,0.1,,9a3de9b61f9501b8f07c9114c4b597262642e3dd3c46df0cfa52d421ecf58557,1,"{""0"": ""5aa4fbde392dd1e14b4650c09da48060c73f39a723a92be08e8e08e153b56e19"", ""1"": ""65258a85d47a795a97281a31420eb4a16b3512856df9db3e9061c179ee4ce3c8"", ""2"": ""d076166b19b83763038fc3047d0d0e13cffb2cea5a1b0d226b4d01920c2fe16c"", ""3"": ""089c5bddb7fb7237d4a2188cc5f48abfd4b9eb6bdd2f54b78c9ecfa946c11e76"", ""4"": ""95e18309c558c35ee9a4c30b834654e9c5ec6abb5556f40d5732a9e3d2718d89"", ""5"": ""59234f9c3c6151632088f8e4e418313ed2c09cac292f16f9b35aba80deca84cf"", ""6"": ""dccba9a622aa64de649e098291cd1a71659ab15e1b67c6aa25690fea4d8a568f"", ""7"": ""db752e07d1cd0bad6b66c40d3bb0497da2244e7d5de80af3ced48837212d47f4"", ""8"": ""7a4a7f5b267eddaa0ec2f72d02e37dc3888caf36d9b54406b427c345318e769a"", ""9"": ""b59a563588bd706df5454d25f29f40042d42761d023af4458cddfda67c5c4b44""}",,0,0,0,0,0.0,0.0,"{""0"": 1.750173463945483e-09, ""1"": 0.3745492080813501, ""2"": 0.20548680474704822, ""3"": 2.4797530364102716e-09, ""4"": 0.07294436636446432, ""5"": 0.02880706361078795, ""6"": 0.03991326114274393, ""7"": 0.1550949599620114, ""8"": 0.11403949132647125, ""9"": 0.009164840535196173}","{""0"": 1.750173463945483e-09, ""1"": 0.3745492080813501, ""2"": 0.20548680474704822, ""3"": 2.4797530364102716e-09, ""4"": 0.07294436636446432, ""5"": 0.02880706361078795, ""6"": 0.03991326114274393, ""7"": 0.1550949599620114, ""8"": 0.11403949132647125, ""9"": 0.009164840535196173}",[],[],0,0,0,0,0.0,662e42fbfdbd1e7e9edf6ea391d40d2f21c21d619d6dbcc99ddb2cc3836a1e15,df214db0b889c32e026abdcf2f6fb2b35e938a969358eb36592200d36703932c,"[""proposal_created"", ""proposal_committed"", ""audit_accepted"", ""committed_once""]"
19,noexecutor,0,none,0,0,0,0,1,0,,74.89,,0.1,,a308d168b7ce71832b5a3a0e88d88be11191a3194946eb94b422fd9b58dbe03f,1,"{""0"": ""0817fd63a2b66b36d5d7c91e1c6e20c2794a3735123ce4f91042f2f66face642"", ""1"": ""9b4ecd9bcb0698ad11124f6fa236dcd1c3dc2b49c609a39d25056fa3f5e5cdae"", ""2"": ""e7c8345ef3616e6ce8bf36c47b65283aeda65af7d11704999691862ae7e299c1"", ""3"": ""cbbc1320bdcec2126c207633f560945835c72e75ce80886ac14bbe4b58c01a34"", ""4"": ""40ef7bb463bd6f35d98af3d240016f7c8c1e56e65561d2b561b74b5dbe51970f"", ""5"": ""1f394800d6d45886690a8c4234d4c7479331a998e2e7af0636d2a3917d9ef0d3"", ""6"": ""fa46776abc72a383f34684942cb7b41835b898522540df556e6c7549029514b3"", ""7"": ""baf7e34364d997ab40ed39a6eee9aa5cce2f8fd78012e7d28c0e02cb82746e2d"", ""8"": ""8522a41cecfff55f043bfbf448a4a9f4280909ae7008db2da1fb650a57699e0c"", ""9"": ""9fc3e2f7a9232bfcefd55a8c1f88b20e9c1355402d56fb4f6e74485829400e53""}",,0,0,0,0,0.0,0.0,"{""0"": 5.25052039183645e-10, ""1"": 0.11236476242440505, ""2"": 0.06164604142411448, ""3"": 7.439259109230816e-10, ""4"": 0.22191978838157125, ""5"": 0.20867859755546836, ""6"": 0.03494356688158326, ""7"": 0.2465649664608354, ""8"": 0.08066617938330288, ""9"": 0.033216096219741365}","{""0"": 5.25052039183645e-10, ""1"": 0.11236476242440505, ""2"": 0.06164604142411448, ""3"": 7.439259109230816e-10, ""4"": 0.22191978838157125, ""5"": 0.20867859755546836, ""6"": 0.03494356688158326, ""7"": 0.2465649664608354, ""8"": 0.08066617938330288, ""9"": 0.033216096219741365}",[],[],0,0,0,0,0.0,df214db0b889c32e026abdcf2f6fb2b35e938a969358eb36592200d36703932c,c99bf0c3ac065c501578f5acac5b6bca43ea8461586c710fc93f9564fded99ef,"[""proposal_created"", ""proposal_committed"", ""audit_accepted"", ""committed_once""]"
20,noexecutor,0,none,0,0,0,0,1,0,,75.25,,0.1,,8b8ff98f6b355d8fc09ad9dfa2b92411a5b92b382c299da6076cf07952731a0b,1,"{""0"": ""0c84a3f9bd3e18e41a34178cd7eed0e19dce2af0279f699d9258783e9bc412e0"", ""1"": ""09e5b523f00a8460b6313499bced1be15db32036c901e2cb6a2d7811038835c9"", ""2"": ""10a8b60079b6f22116aa99f8a4d1672c1908171f86eb5f1d394371584769a3f1"", ""3"": ""b83a2f07b5a0712b22a70798b9bc495b8e4fedd3147fb23966b61841b420d5ed"", ""4"": ""ca5eeb7d85c85724ac2269b48858a5be73764ad306f365db3ce3774a20119b2b"", ""5"": ""868d2b9359438350166a6d2b8255d340311625be30b51bab67ee3f867e379abb"", ""6"": ""1f9dee205cac6ed917616a8ffe456884e2b0a14e921bcb632b59bb6854463b4d"", ""7"": ""da38d484b4ce0e64642efe45befeed89606bf0a8bed7c8d60521f7e9bd35e2a1"", ""8"": ""a546e36c068e4470fa6acd699d50ca679bda6deb96096b32211d1f406bbd2dab"", ""9"": ""42858b159080d36ca74ece8e04dcd370564deb6d87c429a58c37e9332904fa6b""}",,0,0,0,0,0.0,0.0,"{""0"": 1.5751561175509352e-10, ""1"": 0.03370942872732152, ""2"": 0.018493812427234347, ""3"": 2.231777732769245e-10, ""4"": 0.24634966982327247, ""5"": 0.17108987878833207, ""6"": 0.1255302934433399, ""7"": 0.1890609515296543, ""8"": 0.026027402705428485, ""9"": 0.18973856217472349}","{""0"": 1.5751561175509352e-10, ""1"": 0.03370942872732152, ""2"": 0.018493812427234347, ""3"": 2.231777732769245e-10, ""4"": 0.24634966982327247, ""5"": 0.17108987878833207, ""6"": 0.1255302934433399, ""7"": 0.1890609515296543, ""8"": 0.026027402705428485, ""9"": 0.18973856217472349}",[],[],0,0,0,0,0.0,c99bf0c3ac065c501578f5acac5b6bca43ea8461586c710fc93f9564fded99ef,5404ea4fb2f0ad700f02faa607a45ca511bf7766104f488eb0cb363e3a17f7b3,"[""proposal_created"", ""proposal_committed"", ""audit_accepted"", ""committed_once""]"
21,noexecutor,0,none,0,0,0,0,1,0,,75.44,,0.1,,6a92edc22e0ce1d60e09ac4228ac992931e18fc749cee9a36d6d245a1950d85b,1,"{""0"": ""84a7611674e4aac955cf0408be3d67fbfa63eedc79e933df32424ed9b8160fca"", ""1"": ""f173f3eb0f96573ae4cc09e45075ccd4f755b880a241765e8a79827dd899b0a1"", ""2"": ""7f44920019e59398c8b4fded02dd811fe461fdfa1f60a39aa7525d6ee4ebba90"", ""3"": ""b53eb2113260885ca7d947f0f89f7fdec9684b0e52df5af8294c2b50a917c704"", ""4"": ""d21e861bd2b78a84094f1f3fa501920086b8e16ab8fb5a27ea62135dc8b46b06"", ""5"": ""890bac332a0508a82c7d66bdb3f874e57ae803879fb4a6f064a11f7377dda24e"", ""6"": ""81b31339caf2ceaff2b5cfa839bbb9d17b370541192b2100727d4f63ac79f92c"", ""7"": ""49b1189c36c69a34cf5c6a16fd3442709dd22aca48a1da63b590e9f7b90e00e6"", ""8"": ""b49e929676723eebab4c8a53f71c7800e5504b849320b3a6723c2841003341d8"", ""9"": ""559b0197d3102d6fc997e1d141038bc878dfcba0208d8f5afeb3ff06b7311202""}",,0,0,0,0,0.0,0.0,"{""0"": 4.725468352652806e-11, ""1"": 0.010112828618196458, ""2"": 0.005548143728170305, ""3"": 6.695333198307737e-11, ""4"": 0.22760980169451772, ""5"": 0.18605003014709914, ""6"": 0.2230409581814016, ""7"": 0.20816751897688887, ""8"": 0.007808220811628547, ""9"": 0.13166249772788935}","{""0"": 4.725468352652806e-11, ""1"": 0.010112828618196458, ""2"": 0.005548143728170305, ""3"": 6.695333198307737e-11, ""4"": 0.22760980169451772, ""5"": 0.18605003014709914, ""6"": 0.2230409581814016, ""7"": 0.20816751897688887, ""8"": 0.007808220811628547, ""9"": 0.13166249772788935}",[],[],0,0,0,0,0.0,5404ea4fb2f0ad700f02faa607a45ca511bf7766104f488eb0cb363e3a17f7b3,c9a785c4743430cff17ad0747a6de3fbb50c03f3b8d88e93e35ea380fb2faa80,"[""proposal_created"", ""proposal_committed"", ""audit_accepted"", ""committed_once""]"
22,noexecutor,0,none,0,0,0,0,1,0,,40.24,,0.1,,2bf2e31a877992d4b4bf5860c4040157cc987575f47a8f18a2c32800ee0f16c6,1,"{""0"": ""e3d9ecea28c1469a72c0bfbfbd637d95f4abcd46321955e8faaa87627563d0ad"", ""1"": ""2d62b00db333d4e70fddaa7458a535254e192a672d4ee491b7edf706bef53387"", ""2"": ""7cbacbd07834afae3cfef581f2a950fbdfeff7bee52b7a0c0d9f049409d1279e"", ""3"": ""7a2deaefe7ec5383b960ba85ac0db4627e3f9a584fc4bdc3bb2ef63733fa0ed8"", ""4"": ""6d50b4dd096de1a7a836c82753ecc745873e2315d044a2fff198d666e1f5d841"", ""5"": ""ea423c727a2f5e959417531d576c16fb2c36412c74ba7e309c4dfe1660344072"", ""6"": ""509c6e1b39091579bb25ef2c83686c68708210b6d2fd01af858b69764739961e"", ""7"": ""40bd9bafca7237e5a88a978e0cf62d1453788dafcf05b702d0d1310c8a68d19c"", ""8"": ""2944c75da81cabb0219005d8c935526e5519ffaae56868b92f0a76bdd6d12cf5"", ""9"": ""955d90ed17e5896b0f9747b16a63bb5dfac332ae6b583bfdc3a684d253e05fa5""}",,0,0,0,0,0.0,0.0,"{""0"": 1.4176405057958422e-11, ""1"": 0.6523087231971334, ""2"": 0.0016644431184510919, ""3"": 2.0085999594923217e-11, ""4"": 0.09425705744004183, ""5"": 0.05581500904412976, ""6"": 0.0669122874544205, ""7"": 0.06245025569306668, ""8"": 0.027093474700127684, ""9"": 0.03949874931836682}","{""0"": 1.4176405057958422e-11, ""1"": 0.6523087231971334, ""2"": 0.0016644431184510919, ""3"": 2.0085999594923217e-11, ""4"": 0.09425705744004183, ""5"": 0.05581500904412976, ""6"": 0.0669122874544205, ""7"": 0.06245025569306668, ""8"": 0.027093474700127684, ""9"": 0.03949874931836682}",[],[],0,0,0,0,0.0,c9a785c4743430cff17ad0747a6de3fbb50c03f3b8d88e93e35ea380fb2faa80,bb4196f18fde6b078cf0f96cd00cc08d4961578a538fde1b9a78a8a3c155517e,"[""proposal_created"", ""proposal_committed"", ""audit_accepted"", ""committed_once""]"
23,noexecutor,0,none,0,0,0,0,1,0,,73.93,,0.1,,ef70f639d4a0eef677a2050f249994db64cce4e0656337159d302f8429ade410,1,"{""0"": ""f276e8fe8a9234ea925ea50d172560921afda80360ea91b4e1704ff1e25aa23e"", ""1"": ""ef90e2a46cfb1e16dc7583ea81dda365e08cbb1b7d9bb773ee9b3f24291ec86c"", ""2"": ""61db1faa387e59a2444d8c69a998462d988aa1a99778784ad4299ee7b70950fa"", ""3"": ""546355ab2801a7b5a35d28e438054a6321fbcaeabed2fdc3f799ac301e6b3402"", ""4"": ""64bbf4be62b4e59fb135982d5e30ea473c1f425ae977ae04c9a21f4dd25fa8c7"", ""5"": ""4caae9889b5b7965dfd3af4a779216a80bdb728686be2ffea9cda4f4c49f7cef"", ""6"": ""daac510ca28e4a6a803c181f6ca88cf415cb7745394512df1d929f104b6f0eba"", ""7"": ""2b99c336fd038a67c7e2bb0a7be9162d58b76534a14f465c91113e4115b280fc"", ""8"": ""1a7b1b1b3bc39405d1cd2500c09f017924e69150740934b6b4d7943e2e25944b"", ""9"": ""33583557e12b06e6bff8e58865af4fd2b0ccaf70bd54caf3adcb55e66a18b7cc""}",,0,0,0,0,0.0,0.0,"{""0"": 4.252921517387527e-12, ""1"": 0.19569261695914006, ""2"": 0.0004993329355353276, ""3"": 6.111971982371209e-05, ""4"": 0.19223466667717642, ""5"": 0.18070205215840282, ""6"": 0.1418242940419196, ""7"": 0.1826926261530839, ""8"": 0.011118181845517428, ""9"": 0.09517510950514783}","{""0"": 4.252921517387527e-12, ""1"": 0.19569261695914006, ""2"": 0.0004993329355353276, ""3"": 6.111971982371209e-05, ""4"": 0.19223466667717642, ""5"": 0.18070205215840282, ""6"": 0.1418242940419196, ""7"": 0.1826926261530839, ""8"": 0.011118181845517428, ""9"": 0.09517510950514783}",[],[],0,0,0,0,0.0,bb4196f18fde6b078cf0f96cd00cc08d4961578a538fde1b9a78a8a3c155517e,528dd74b5c62d5eccf238ceb7d27dd28028d5ee2da72a5d234aaa2b9add63afc,"[""proposal_created"", ""proposal_committed"", ""audit_accepted"", ""committed_once""]"
24,noexecutor,0,none,0,0,0,0,1,0,,75.7,,0.1,,7ca2e5a277cfc71255262b4466ca2a3cf7c2633b0a38226156c6b2473888bfe1,1,"{""0"": ""63002e9ef551c08bf0db854c9ee7e390489565aa27495f4af35436ef95e56bbc"", ""1"": ""6b1809ed4d510d532ba82ed5d5879ca770178a09fdd65696599ff4c02727ae1e"", ""2"": ""7f68c18249445edf4420a2833d694cb36ac53639e0aa823193f4976225ad44df"", ""3"": ""1bcf14ef484a9311863407be687ffb879bd6c883ba2a9adb4eba9bde51e8d143"", ""4"": ""87e86ec6f396158e6bdd3ab378a57207a50dbe3642e9035bb27229019c19f320"", ""5"": ""af85c8e0e86ae0c2a185ceb1d2339b10d68eaf06da0feb9b2b6a9d7b644f3a2c"", ""6"": ""3a1e99981461787f776afefb720b2fc87712f1d5dccfc5483efd4780768aae2a"", ""7"": ""5e27138c8014a783c1bcdb9d6f3f0cdad02171b97557b5ff00851caf55f72cfd"", ""8"": ""66281d6890099ace7c39656014cbbb848c5db3fb47de7d8fccb4b35cbb2088f7"", ""9"": ""6bf1f6f4d48d4a1456521f931fcb40aeeac3e9f17078e0f22b9ad281e0443865""}",,0,0,0,0,0.0,0.0,"{""0"": 1.2758764552162583e-12, ""1"": 0.05870778508774203, ""2"": 0.0001497998806605983, ""3"": 1.833591594711363e-05, ""4"": 0.18346427725718803, ""5"": 0.23658580685914019, ""6"": 0.2233505011073255, ""7"": 0.2371829790575445, ""8"": 0.004716318779306287, ""9"": 0.0558241960538699}","{""0"": 1.2758764552162583e-12, ""1"": 0.05870778508774203, ""2"": 0.0001497998806605983, ""3"": 1.833591594711363e-05, ""4"": 0.18346427725718803, ""5"": 0.23658580685914019, ""6"": 0.2233505011073255, ""7"": 0.2371829790575445, ""8"": 0.004716318779306287, ""9"": 0.0558241960538699}",[],[],0,0,0,0,0.0,528dd74b5c62d5eccf238ceb7d27dd28028d5ee2da72a5d234aaa2b9add63afc,19aeb6b804d96677e2586b68dc32297a6201ceef273ddee384976cd2a1a40e18,"[""proposal_created"", ""proposal_committed"", ""audit_accepted"", ""committed_once""]"
25,noexecutor,0,none,0,0,0,0,1,0,,77.14,,0.1,,12b0dd4d15208164438ad8f34fab060f76201013d4ee27acb1f20b553c1ab0f4,1,"{""0"": ""de3e13a0201415568c94a8e2977c9c8c5c072c4fb987d39a5766e4edcb8b2e4e"", ""1"": ""1df3e1bce7746ca72bdea54d99376c249134d391b8b508457dad1cd2e8539bd1"", ""2"": ""b3d68cf1788ee5aabdb8c7bd3beb4988e1a9e417335125b1b2febb876971874b"", ""3"": ""07ae4872926af2a2b95ba2b395ee437e6ecb1396666556181f3dcded621c6e1b"", ""4"": ""a48e2975b1f065b015ff174bf9639dfd83efd159ac2b47e59b01104c51f39349"", ""5"": ""bac481a64b41c0ff0c093e896d09f7d303798bae7aaecd881e357a965b01726e"", ""6"": ""4c8d34932ef2e4713b1af36e8d26b7db17a36628ad567557bd47480a7b4e0687"", ""7"": ""3d001f7ae91438d102a74ec246dd9be87228b6bfe0804cd9ca8946a4881faf52"", ""8"": ""1e4df5da773311f719c9c214f78aacbc4bfafd80ef1a34ea2ca2daf09f1b3b36"", ""9"": ""e2213b430dede8e7c8a93f38c4d111654ed4921fb81c932914fafa0fc0683b1d""}",,0,0,0,0,0.0,0.0,"{""0"": 3.827629365648775e-13, ""1"": 0.01761233552632261, ""2"": 4.49399641981795e-05, ""3"": 5.5007747841340895e-06, ""4"": 0.055039283177156416, ""5"": 0.26041957670928184, ""6"": 0.2564489849837374, ""7"": 0.2605987283688031, ""8"": 0.061364873896334514, ""9"": 0.08846577659899901}","{""0"": 3.827629365648775e-13, ""1"": 0.01761233552632261, ""2"": 4.49399641981795e-05, ""3"": 5.5007747841340895e-06, ""4"": 0.055039283177156416, ""5"": 0.26041957670928184, ""6"": 0.2564489849837374, ""7"": 0.2605987283688031, ""8"": 0.061364873896334514, ""9"": 0.08846577659899901}",[],[],0,0,0,0,0.0,19aeb6b804d96677e2586b68dc32297a6201ceef273ddee384976cd2a1a40e18,b2c4f97d2bc17fbe3a1f235772433bf42282e6c2a89b92301d676c7727b4764f,"[""proposal_created"", ""proposal_committed"", ""audit_accepted"", ""committed_once""]"
26,noexecutor,0,none,0,0,0,0,1,0,,42.0,,0.1,,8ddf5b8c15d1c71e2f8e0d1366099af974043bc19aba21a7e6fdbadd4aadfb8d,1,"{""0"": ""0c927dffab1314dac54de2f7852eea80af99edf920a616bb92c2e4190d7d460f"", ""1"": ""a2dc3a8029a3fbff2486f4ed443ba2b57686e352cca3489cbbc35d4211227ed6"", ""2"": ""013df1f31c7781732f46fee413abaaddf9bcaae030672c2daf8cefc5e75a8fd9"", ""3"": ""7dc27247f4b22b49866a36038600985da76b01f9e68f5b4d51c394eb5f7e4145"", ""4"": ""a1958cc52e941859230bc150764b1863354d57a25234f93f588fb9c56eb6acd6"", ""5"": ""511abeb8cbfc38d4b594a239eff3671938e978d14d05e3ef12c5c886cebc6e9b"", ""6"": ""09198643a2e2076f072774a8662e04487875e4bc9bdb6b8ce3292e85676cccdc"", ""7"": ""adc2e9b36f275a6f480e15e2239c89b19c569934a32c0f1f62b3941e67f3d224"", ""8"": ""470ecba9e31e2c7f17543ab1c7993636dfad0cf46b018434391efa1d32aab834"", ""9"": ""0158ccbb9b69f767dbd09b5a4bb75ecedd7d42b09947fc2a8bcd2dcea91e2666""}",,0,0,0,0,0.0,0.0,"{""0"": 1.148288809694633e-13, ""1"": 0.68927033445677, ""2"": 1.3481989259453855e-05, ""3"": 1.6502324352402274e-06, ""4"": 0.01651178495314693, ""5"": 0.07812587301278458, ""6"": 0.07693469549512125, ""7"": 0.07817961851064095, ""8"": 0.03442282837002724, ""9"": 0.02653973297969971}","{""0"": 1.148288809694633e-13, ""1"": 0.68927033445677, ""2"": 1.3481989259453855e-05, ""3"": 1.6502324352402274e-06, ""4"": 0.01651178495314693, ""5"": 0.07812587301278458, ""6"": 0.07693469549512125, ""7"": 0.07817961851064095, ""8"": 0.03442282837002724, ""9"": 0.02653973297969971}",[],[],0,0,0,0,0.0,b2c4f97d2bc17fbe3a1f235772433bf42282e6c2a89b92301d676c7727b4764f,35d377a6b230e8511e1ebfb4484334d13935d040c3a829a77f0dd35d24c30cab,"[""proposal_created"", ""proposal_committed"", ""audit_accepted"", ""committed_once""]"
27,noexecutor,0,none,0,0,0,0,1,0,,76.55,,0.1,,6c69434d501ef4902425a0d019fa00d108fa3b1e787090e6249e78d83b2476c3,1,"{""0"": ""a6d85d562e86f0a4f6e9066457eb37d46765559eb619237635b926a953f3de51"", ""1"": ""76ca8ea257bc2040c72e920565537de50f88f1250dbda46310a38755f80c2cdf"", ""2"": ""0aec43eff0459bb193552c9c1ff5390a5d05d50e91311ff1544646060106fcbf"", ""3"": ""a09bd819e41a27ae166a341132372854c0711a25544a9126f7d8e67aa89b61f4"", ""4"": ""ebe6cf93de097954dd068f435cf47fb02d4770d8d24ecb0653f1b0988763c4b4"", ""5"": ""e2d0503270bd70416ea37bdd9d47e4e70e2b52a032cbba557dd9a539785b5d5a"", ""6"": ""86372ce1f80207f3f48d33d3b9efc73ce2bd5b18419e44e0ef76852b8ee6bc73"", ""7"": ""4a2002b33cfe25807c45f52380e2ccfc40ca472fccc64d7821bf19b11d9512bc"", ""8"": ""929e5d091cfeabc8273ff1bc4f0e205ad27f7b7edaa42a36872d70fde1ea828b"", ""9"": ""48229514baf3e04dc4c7b8ac32e086b5d89daa9a6500b588de0dffb18ca57413""}",,0,0,0,0,0.0,0.0,"{""0"": 3.4448664290839e-14, ""1"": 0.20678110033703107, ""2"": 4.044596777836158e-06, ""3"": 4.950697305720684e-07, ""4"": 0.05628505466757001, ""5"": 0.23086248755495492, ""6"": 0.23050513429965594, ""7"": 0.23087861120431183, ""8"": 0.01798129195475791, ""9"": 0.02670178031517557}","{""0"": 3.4448664290839e-14, ""1"": 0.20678110033703107, ""2"": 4.044596777836158e-06, ""3"": 4.950697305720684e-07, ""4"": 0.05628505466757001, ""5"": 0.23086248755495492, ""6"": 0.23050513429965594, ""7"": 0.23087861120431183, ""8"": 0.01798129195475791, ""9"": 0.02670178031517557}",[],[],0,0,0,0,0.0,35d377a6b230e8511e1ebfb4484334d13935d040c3a829a77f0dd35d24c30cab,813c280d66f74ee5ff3c39024bb5291ae156bce9e526c8d1990902669986c5b3,"[""proposal_created"", ""proposal_committed"", ""audit_accepted"", ""committed_once""]"
28,noexecutor,0,none,0,0,0,0,1,0,,76.75,,0.1,,1e48d976a980e762999f4bad654515133bbfd4eb9db44ea53e1ec87906343ec9,1,"{""0"": ""e8f345eeca4427a7ec513021cdd495d7eded696ec720dc7837961335f3c22a14"", ""1"": ""d4cf78126d0e6a75ee24da30b725fb49a7cb7931051f936f06e21d239b470627"", ""2"": ""88600f14b2f1b4ce197886f6303d163ac7af76e19f5a1f14fd9b6e0ed4cb6020"", ""3"": ""40d10d738bbd8a608d45d0a3c928f28bfc317ad0ec546c1dd0c755ae6847ddd9"", ""4"": ""b36925fd76b0bae929249fe98e69d8595566156043e96a20dde3659e8ba665c9"", ""5"": ""5c583c8925a31b876758e80ff2554b77aabfc07eeb9dec0c3c7f140c3a7b9c58"", ""6"": ""9372204754756ac4be6c6045816a51df9d41babd39d44d4de894cd6889ad4ac0"", ""7"": ""f2bbc3a90f64f6db9c27492329c1275cb1acbe1c975670bfec5a45a28010997f"", ""8"": ""e2082f7e36217bf4252d8b9cd679ee1584fd3d7c05f8477df3c0d3256467f610"", ""9"": ""511b6bf09dfd5d1664e3887c90705bcf0b629d536fe56af3c380a1838fdf202b""}",,0,0,0,0,0.0,0.0,"{""0"": 1.0334599287251702e-14, ""1"": 0.06203433010110933, ""2"": 1.2133790333508476e-06, ""3"": 1.4852091917162053e-07, ""4"": 0.1538420139658918, ""5"": 0.24519043816510186, ""6"": 0.2450832321885122, ""7"": 0.20885637256450668, ""8"": 0.005394387586427374, ""9"": 0.07959786352848797}","{""0"": 1.0334599287251702e-14, ""1"": 0.06203433010110933, ""2"": 1.2133790333508476e-06, ""3"": 1.4852091917162053e-07, ""4"": 0.1538420139658918, ""5"": 0.24519043816510186, ""6"": 0.2450832321885122, ""7"": 0.20885637256450668, ""8"": 0.005394387586427374, ""9"": 0.07959786352848797}",[],[],0,0,0,0,0.0,813c280d66f74ee5ff3c39024bb5291ae156bce9e526c8d1990902669986c5b3,7be1bd9567f2ebb81fab71375fa932511efb429703670065ee5962f2beea5b66,"[""proposal_created"", ""proposal_committed"", ""audit_accepted"", ""committed_once""]"
29,noexecutor,0,none,0,0,0,0,1,0,,70.12,,0.1,,14183ca78ca6128eb9f4cc574eec9a604a0086dff6dc5220e0565744c71533f9,1,"{""0"": ""4af6f7294f2b677e8c36369c3e7f6d7fed47c4ec1c07d4592592a1cd0a2a6858"", ""1"": ""7973f4a0c33fa163825d7bb69c0e4096926143b77c7e8718c10595f63cda38cf"", ""2"": ""722fbf8a10c6fa3edf763c7595799471003f0c1274a47858be03caa0e6ec088e"", ""3"": ""2f61075d559a2da9a3bc005166b3d130052861a962f9645bb7f4cf0532458fab"", ""4"": ""7a93824f3f013cf5d56df8a2ee6d2db79d7acfefcb188d89987f0f4c53c73208"", ""5"": ""efe4e61860c08c738656de9c7a867516805379e25688892ff3093a08ba06249b"", ""6"": ""7b1ac600d7fa7d440487dcb023e012519e3f4bfb7f8f2cbfd36c9ebd0910eb94"", ""7"": ""2840f75e53965bfae773bdf0918a8f49541a79bff1d533777e561478b43561ba"", ""8"": ""a89929e3a9cb2973c59607d5f6fe5038747e165ad2145bcb1356bc7ef0da680e"", ""9"": ""85f8397412a85d74f3b77b7c8113b1030ba1bc3f9fdb9688c07fc523cefdf39f""}",,0,0,0,0,0.0,0.0,"{""0"": 3.100379786175511e-15, ""1"": 0.04098661905855021, ""2"": 3.640137100052543e-07, ""3"": 4.4556275751486165e-08, ""4"": 0.04615260418976755, ""5"": 0.07355713144953056, ""6"": 0.07352496965655367, ""7"": 0.4014687517552432, ""8"": 0.34043015626181944, ""9"": 0.023879359058546393}","{""0"": 3.100379786175511e-15, ""1"": 0.04098661905855021, ""2"": 3.640137100052543e-07, ""3"": 4.4556275751486165e-08, ""4"": 0.04615260418976755, ""5"": 0.07355713144953056, ""6"": 0.07352496965655367, ""7"": 0.4014687517552432, ""8"": 0.34043015626181944, ""9"": 0.023879359058546393}",[],[],0,0,0,0,0.0,7be1bd9567f2ebb81fab71375fa932511efb429703670065ee5962f2beea5b66,9b305fd13865d7ddb498b1bfe635dc2fb7f6cc50cd9dedbff1d7906cf9e8d552,"[""proposal_created"", ""proposal_committed"", ""audit_accepted"", ""committed_once""]"
30,noexecutor,0,none,0,0,0,0,1,0,,58.21,,0.1,,39d23fd042c12c2022c0c9c84ec09fa92b7211517e31feaaf64220ffa04e7e49,1,"{""0"": ""691e9eee20d833f210a4905bf309a766485e4bb74173f9c82a9d179bb8e7f51a"", ""1"": ""0d715a3993e82c40dd907f6f22d45c99dcbb4b3a8d8b4c8ad00866e8d31cd85c"", ""2"": ""fd0c74dee886433bc177ee9d84ece767a3c7bcc1d77526a77344b11d269f059f"", ""3"": ""98f1d314957317b994ddd137dd82c93f8f9d6c5b2ef8f4d13e76de1baf4c0c18"", ""4"": ""8ea068dfa4cfec36a535cd70853b5962f70c8164642a792eaa84a110b79210e0"", ""5"": ""b1b6c0cad93c6776d92724f99c2399f304116afab458eff7658af843557a255f"", ""6"": ""9e34108108ea1ec19c28bcce192a4eac7ec5c4c13016f009ff5fb7cbe27866a2"", ""7"": ""e9155c3461dd1f5a56cbe5b55e74474bbe1366ffca59e772f27bb0557e868bb5"", ""8"": ""b743f4815cad997621a86ba43646351069aa4ba3a7b71e96a742b4a8b414e609"", ""9"": ""e80f3cda9803b6af5114c079305859358585607ac2149d52fe5fa4cb20cb38fe""}",,0,0,0,0,0.0,0.0,"{""0"": 9.301139358526536e-16, ""1"": 0.46200196707265556, ""2"": 1.0920411300157633e-07, ""3"": 1.3366882725445855e-08, ""4"": 0.2641397999018399, ""5"": 0.022067139434859176, ""6"": 0.022057490896966108, ""7"": 0.120440625526573, ""8"": 0.10212904687854588, ""9"": 0.007163807717563921}","{""0"": 9.301139358526536e-16, ""1"": 0.46200196707265556, ""2"": 1.0920411300157633e-07, ""3"": 1.3366882725445855e-08, ""4"": 0.2641397999018399, ""5"": 0.022067139434859176, ""6"": 0.022057490896966108, ""7"": 0.120440625526573, ""8"": 0.10212904687854588, ""9"": 0.007163807717563921}",[],[],0,0,0,0,0.0,9b305fd13865d7ddb498b1bfe635dc2fb7f6cc50cd9dedbff1d7906cf9e8d552,a4dfc9452af0d8e2d097e0a305afbeb6053760e1001c2ebfc0d167116effc340,"[""proposal_created"", ""proposal_committed"", ""audit_accepted"", ""committed_once""]"
31,noexecutor,0,none,0,0,0,0,1,0,,76.41,,0.1,,2f956b94c88aa7364466e9fdb1968b10e02a43fac7214c89255e4d3d8cc44d8b,1,"{""0"": ""6703050adfdaadf112dada64bb834013f15fe895a8150cff075a1d89dfe6347c"", ""1"": ""c31f38aff88641af2a29cd418f0dcca22c67bc4ab2d62d7412df84103043ceca"", ""2"": ""f115af52c9660aa7647afc98ad3cb8144914dd4279bc2e151057dc6dea4c2b96"", ""3"": ""3108acc2a81cd477aab5a64cd380ae5731c4e1289b52ec3ffbd8ca81523b2123"", ""4"": ""af18e809bf36789b80cd7620b6d4b5747784ea4f13c50a395338bb7ebfac3954"", ""5"": ""2c714098004730ee3df39b04377316f3797cd23eb23474c51eb9bbe39860690c"", ""6"": ""c95d9dffb19b520fe88370ed2384c8e8f47eecc0aaddaa8cc6cdf16358028235"", ""7"": ""c069b2d6ff7591f96cade986f4a17ef7a086b417e16e46868aa6f9bf3ca689dc"", ""8"": ""9a77c8d87e7195743b29b07565b1ac9d267b60f7eefe0c6de696ad32641a3238"", ""9"": ""16acb586e1a757d20195446cfbb5d8b3f1b6772fe14f988fd4fef487bc83e914""}",,0,0,0,0,0.0,0.0,"{""0"": 2.7903418075579615e-16, ""1"": 0.13860059012179668, ""2"": 3.276123390047291e-08, ""3"": 4.010064817633757e-09, ""4"": 0.2413755697669135, ""5"": 0.16875377162681926, ""6"": 0.16875087706545133, ""7"": 0.19826581745433342, ""8"": 0.04252132174593387, ""9"": 0.04173201544745304}","{""0"": 2.7903418075579615e-16, ""1"": 0.13860059012179668, ""2"": 3.276123390047291e-08, ""3"": 4.010064817633757e-09, ""4"": 0.2413755697669135, ""5"": 0.16875377162681926, ""6"": 0.16875087706545133, ""7"": 0.19826581745433342, ""8"": 0.04252132174593387, ""9"": 0.04173201544745304}",[],[],0,0,0,0,0.0,a4dfc9452af0d8e2d097e0a305afbeb6053760e1001c2ebfc0d167116effc340,a2da32022a0cc509f59e036944e9dfdf9d24a80a8554eea19ca54cab26ede62f,"[""proposal_created"", ""proposal_committed"", ""audit_accepted"", ""committed_once""]"
32,noexecutor,0,none,0,0,0,0,1,0,,74.58,,0.1,,223d2602cbfc374930862658ea1e3c850b97582b0b886f0196a72146982b5f22,1,"{""0"": ""656047e46adb33e4543bceba155a9050d588ac1fb564cc281e2782db9d4b8ce5"", ""1"": ""d783972bdf8c261b078bff7136cc3742ae3ee838abf86e662f8092ad5d42432c"", ""2"": ""1d206dca412aa0c0863d9367d071505bd0a5a306b1323f63cdf54143243b8310"", ""3"": ""1aaaf85f03fff5769f73e4c718d61211ff4956af24c196074920944d6c5e62de"", ""4"": ""e9b750d98d59900f0af4fd954e75bd3b38786693541440e7ea0ed851d3ca907c"", ""5"": ""6f40f368895a552e28e3f1e814b7473cbbf1592baa09a3af76a1c31170823fe4"", ""6"": ""e0fb411c0eb38ebf1b21e1755788a25aaeb0c40571fbb0fcf935a627536c23dc"", ""7"": ""0c925e1ecdf4242035db6b22c5401e425a5b562a7f087b9b3eb1d85ee4eb2b9d"", ""8"": ""d75ac8290a4ef3daaec0003aa389f8c5b935246d4fbfce92d5920d510f11c668"", ""9"": ""ae0a4837c74ddc12609c37e19c3f76a8ca4561e88dc33c310d71e47c10a419d0""}",,0,0,0,0,0.0,0.0,"{""0"": 8.371025422673887e-17, ""1"": 0.04158017703653902, ""2"": 9.828370170141874e-09, ""3"": 1.2030194452901274e-09, ""4"": 0.12324019423241601, ""5"": 0.31506489373160035, ""6"": 0.31506402536318995, ""7"": 0.16701000160698135, ""8"": 0.012756396523780165, ""9"": 0.025284300474103582}","{""0"": 8.371025422673887e-17, ""1"": 0.04158017703653902, ""2"": 9.828370170141874e-09, ""3"": 1.2030194452901274e-09, ""4"": 0.12324019423241601, ""5"": 0.31506489373160035, ""6"": 0.31506402536318995, ""7"": 0.16701000160698135, ""8"": 0.012756396523780165, ""9"": 0.025284300474103582}",[],[],0,0,0,0,0.0,a2da32022a0cc509f59e036944e9dfdf9d24a80a8554eea19ca54cab26ede62f,9b9e07570d77a87011833103e5e0d0554cdfd6cdea7d7bbe01ddf62f6741e4cb,"[""proposal_created"", ""proposal_committed"", ""audit_accepted"", ""committed_once""]"
33,noexecutor,0,none,0,0,0,0,1,0,,62.16,,0.1,,b1e0fb8339dcc819e471c54480a3a8649b0be9180d2964fa08dec237d9e702c9,1,"{""0"": ""883584b21a77db815e1b53fcb3bf629adfa9a45c0c87c55072fafa12ae197596"", ""1"": ""4d08913b009f741e9d266b491d6695ceffc13c2cfa91c9c9a475af1187929cf0"", ""2"": ""1019bc2912de6de092e84a583fb79700b67c181600f0b94e6df5af21523464cf"", ""3"": ""b6c033529ed78385925a7a935d6a15f2274abac370c8dac6bc7341bda086cd36"", ""4"": ""dd239ceabe1cfb2dfb486399141e2932e7900bf083947a53a30d3f36a5723598"", ""5"": ""d628850a24f817159fe44bd78c58a4324ae695f6ba07ab44c5b56c9726aad934"", ""6"": ""6a8ba9e917fc0a62d70f7f21270219e5702ad73c6c2aa2d8fa110f2d081af226"", ""7"": ""c53215c7592e80079a27b2e157a575765cd7095d9c2fba90ba902c5ad5c6af6f"", ""8"": ""29c7cc8e386e25ed76e29470ba83297a3bb4ba6182cfead8602ca85856e7ad08"", ""9"": ""6ff6f9c6888eb7aedcd0209786d35e601cff509148965cf2a6c098236d2c2340""}",,0,0,0,0,0.0,0.0,"{""0"": 2.5113076268021657e-17, ""1"": 0.4489148897834856, ""2"": 2.948511051042562e-09, ""3"": 3.6090583358703815e-10, ""4"": 0.0369720582697248, ""5"": 0.09451946811948009, ""6"": 0.09451920760895698, ""7"": 0.2297013239973057, ""8"": 0.05554551651625458, ""9"": 0.03982753239537522}","{""0"": 2.5113076268021657e-17, ""1"": 0.4489148897834856, ""2"": 2.948511051042562e-09, ""3"": 3.6090583358703815e-10, ""4"": 0.0369720582697248, ""5"": 0.09451946811948009, ""6"": 0.09451920760895698, ""7"": 0.2297013239973057, ""8"": 0.05554551651625458, ""9"": 0.03982753239537522}",[],[],0,0,0,0,0.0,9b9e07570d77a87011833103e5e0d0554cdfd6cdea7d7bbe01ddf62f6741e4cb,5a6cdd8655cdaccadac3f5b4f9d0fc77e619e67a475be99278cef7c896eed357,"[""proposal_created"", ""proposal_committed"", ""audit_accepted"", ""committed_once""]"
34,noexecutor,0,none,0,0,0,0,1,0,,78.18,,0.1,,1b94dee50ca7d9da55b90e150b397fbf689ccac36a8a93e7ef43804a9b5dfb73,1,"{""0"": ""7165ac83fba8bbb2696e0ea7cb66f5ff4dbba1b81520a9d931aec89713fbda26"", ""1"": ""e3b30391a6684ee385b88bf8449e459018f62132635eb421d78553f6ef416c11"", ""2"": ""f11026d875fac504ae17173a8c7bb5e943f6f1167762fa10500de885926bfa82"", ""3"": ""6cd949a4ebcc876cb2eb6c1f47373c07197419af4f07a74b0decf0d098152e5e"", ""4"": ""60cbaa988e6bb5159a0218dd8252210c4da0797aa457303060aabc966f498f0c"", ""5"": ""04f4cdd5845a3059fdb8e678044a9e16767b8dd601905ba49fb274c2cd7acacd"", ""6"": ""6a87707e530285178e46fc6972e51c682017455a184c8f29d4db7594db1f52d5"", ""7"": ""d3c1be71ffed436e183e7beda7042d7ffe498a96ac3984e525fe10eaf0c12c6d"", ""8"": ""de2a3f7c3f52f59c78e020ef30e87a85fe57c7f5b12279642cb6fbf2ccf0e9c2"", ""9"": ""fa8be873e25120911a5994ba8b6117c221d47e0e7f9bb9f1d75a356df6ec9ccc""}",,0,0,0,0,0.0,0.0,"{""0"": 7.5339228804065e-18, ""1"": 0.13467446693504573, ""2"": 8.84553315312769e-10, ""3"": 1.0827175007611149e-10, ""4"": 0.20044210820568406, ""5"": 0.21770633116061064, ""6"": 0.14309966459644047, ""7"": 0.25826088792395835, ""8"": 0.020234360642442793, ""9"": 0.025582179542992918}","{""0"": 7.5339228804065e-18, ""1"": 0.13467446693504573, ""2"": 8.84553315312769e-10, ""3"": 1.0827175007611149e-10, ""4"": 0.20044210820568406, ""5"": 0.21770633116061064, ""6"": 0.14309966459644047, ""7"": 0.25826088792395835, ""8"": 0.020234360642442793, ""9"": 0.025582179542992918}",[],[],0,0,0,0,0.0,5a6cdd8655cdaccadac3f5b4f9d0fc77e619e67a475be99278cef7c896eed357,6cbacbcbe599b18915a46d862ae18364752af013dfd6b16aad57b989c10eaca4,"[""proposal_created"", ""proposal_committed"", ""audit_accepted"", ""committed_once""]"
35,noexecutor,0,none,0,0,0,0,1,0,,30.76,,0.1,,adf3688d25728fa84eb78d5f1c95d51a105552fad9bacfab04bc7284c86831a0,1,"{""0"": ""b6b04406992d76f416362949981f8dcc2696fce651e9033ae97a5f46f04a0467"", ""1"": ""6f87c6b4497fd1e53a64f7028660703602b84a1a6187079118be132f18755c04"", ""2"": ""7ec2a1aed7a14bade494aa753002299c7cbfa8ec55ccefac4a4b26e06db8599c"", ""3"": ""6e1bd431806f772a5f2470bd834c94930a57e698e78aad9d0e7eee844fa216f1"", ""4"": ""e33a9311445c83d0dc5db4fb3fa06aee24c677484199e3fcb4fa472597a1dd47"", ""5"": ""d591fb85c93fbc4e059652125d344b4989d1f8a0d2b7673c460397a184edaa1a"", ""6"": ""79a38906ca00eb9e1ebb160da7e285b4e87982a6131e5d0701cc7e9ad0b37dba"", ""7"": ""fea297e47ca9de34fced7cef9411896dbc8201897a5598d8236009498a9f3264"", ""8"": ""61465dd75691a70b5df6a1435e5ace1ef006f87248eb3d5a34256d5d89924165"", ""9"": ""0950e16478da7487115c14832407b8a3f2bf7e2307d054d494b5443f05af3b7d""}",,0,0,0,0,0.0,0.0,"{""0"": 2.2601768641219506e-18, ""1"": 0.7404023400805138, ""2"": 2.653659945938308e-10, ""3"": 3.248152502283346e-11, ""4"": 0.06013263246170524, ""5"": 0.06531189934818321, ""6"": 0.04292989937893216, ""7"": 0.07747826637718754, ""8"": 0.006070308192732841, ""9"": 0.007674653862897878}","{""0"": 2.2601768641219506e-18, ""1"": 0.7404023400805138, ""2"": 2.653659945938308e-10, ""3"": 3.248152502283346e-11, ""4"": 0.06013263246170524, ""5"": 0.06531189934818321, ""6"": 0.04292989937893216, ""7"": 0.07747826637718754, ""8"": 0.006070308192732841, ""9"": 0.007674653862897878}",[],[],0,0,0,0,0.0,6cbacbcbe599b18915a46d862ae18364752af013dfd6b16aad57b989c10eaca4,6daad484b33a90117df8de9089f6451275cd10eff9cdeeb7ba05bf148ef25623,"[""proposal_created"", ""proposal_committed"", ""audit_accepted"", ""committed_once""]"
36,noexecutor,0,none,0,0,0,0,1,0,,76.79,,0.1,,28e2eb3274e7673d6887e7d847592271330b0026b38c8ba4be138f9bb68bdc77,1,"{""0"": ""5202136fd8251d3eb2ec4beff263761b14c6593132a67f07f22bb0ded2f45fae"", ""1"": ""8f67bb6feb9b4872aaf9e480f641edfcef4d8bdeac3c88685fb9c46309118e28"", ""2"": ""beb887c55acf1b853671fb8e602b034873432132d756bca8f360e27907044f1b"", ""3"": ""b2889709aa220e8c06537a0a68c3f6757c002e142baa7717b360bac013f3d575"", ""4"": ""b943291aeb8b766631658fbaa28f3017830abb5e917416f326915665b06af5ed"", ""5"": ""b32a3b1f116966fe5bb52aaa929dec27b7e94bdde55f0b2e87dd6a53029f1a14"", ""6"": ""d47c107d32fb0fd4227ecea10c481e167a2de30230350edbc7d367d200b7df5f"", ""7"": ""d886e2969012c5c7bbc2332bc1fd01c1b6ec574c35ac06c4921b9565e30123f3"", ""8"": ""c38371c6760d8c912524317300081b4e5f50a211fa796beb15540b36250295cf"", ""9"": ""befc537040f2196a1f61eeee64359ce15d2a072312f35241e46bbf7cb0b9bcf9""}",,0,0,0,0,0.0,0.0,"{""0"": 6.780530592365851e-19, ""1"": 0.2221207020241541, ""2"": 7.960979837814923e-11, ""3"": 9.744457506850037e-12, ""4"": 0.16052399485064603, ""5"": 0.1620777749165894, ""6"": 0.13698684165512892, ""7"": 0.1657276850252907, ""8"": 0.040065562755334114, ""9"": 0.11249743868350236}","{""0"": 6.780530592365851e-19, ""1"": 0.2221207020241541, ""2"": 7.960979837814923e-11, ""3"": 9.744457506850037e-12, ""4"": 0.16052399485064603, ""5"": 0.1620777749165894, ""6"": 0.13698684165512892, ""7"": 0.1657276850252907, ""8"": 0.040065562755334114, ""9"": 0.11249743868350236}",[],[],0,0,0,0,0.0,6daad484b33a90117df8de9089f6451275cd10eff9cdeeb7ba05bf148ef25623,16199cf236f22616097ae373e11325d8527fc488a4cb1400e3e7ebe2f70bee94,"[""proposal_created"", ""proposal_committed"", ""audit_accepted"", ""committed_once""]"
37,noexecutor,0,none,0,0,0,0,1,0,,78.77,,0.1,,224184f9ce709ba545d65f892e5d67055e97c5528ef6aacfc670c148dc803dab,1,"{""0"": ""db66ef51a434efe7efe94b19239f86c8fdbbd3eda996503f4ba62e0e9565fead"", ""1"": ""ff892801acc793e0f195ccb218d97bf4fa6cf955af98d6904e3649a64b86296b"", ""2"": ""12676d3691fe20218de4bff9ec5b739b280717359bcea3f5a689cb493eaa792c"", ""3"": ""1bca1b7b64712df80cf88cb81d68a6b2693516ab90b1e3775004220d31ec797a"", ""4"": ""dcb84093a075aa1b73261e263f6ac76e56a1d9038d166e6c9759e684b1f8d2c2"", ""5"": ""5932dcedbfcddcabfcd6e7918ab4e08ec9e08536f23113819e26ed55b79faa57"", ""6"": ""3b10f14454887b2488ed8eaa2794693fc7584756220e680738ab64bca8764971"", ""7"": ""18d4a59140753d6832350e6280b135d1def2c964bfb7ff0e26ab2e7ce1a32425"", ""8"": ""aff8bafd08b50be3255cd33c478be0088cf5a0d4a7a11cdef48bf54163824e17"", ""9"": ""e42fe0859b6e411981aa7799e5fe7bf6138723cefd5160168e869147328966d8""}",,0,0,0,0,0.0,0.0,"{""0"": 2.0341591777097554e-19, ""1"": 0.06663621060724624, ""2"": 2.3882939513444774e-11, ""3"": 2.9233372520550115e-12, ""4"": 0.21881854844112572, ""5"": 0.21928468246090874, ""6"": 0.13364834123871255, ""7"": 0.2162755918236535, ""8"": 0.012917571956147875, ""9"": 0.13241905344539912}","{""0"": 2.0341591777097554e-19, ""1"": 0.06663621060724624, ""2"": 2.3882939513444774e-11, ""3"": 2.9233372520550115e-12, ""4"": 0.21881854844112572, ""5"": 0.21928468246090874, ""6"": 0.13364834123871255, ""7"": 0.2162755918236535, ""8"": 0.012917571956147875, ""9"": 0.13241905344539912}",[],[],0,0,0,0,0.0,16199cf236f22616097ae373e11325d8527fc488a4cb1400e3e7ebe2f70bee94,b9c6a0a0d46e83bfa06873afbea350140c72096e4601f153361721d7a49857ac,"[""proposal_created"", ""proposal_committed"", ""audit_accepted"", ""committed_once""]"
38,noexecutor,0,none,0,0,0,0,1,0,,32.84,,0.1,,193ca5f45753a7a593bf093a82c2f5cb92814333a1eee077229458b2b4f42b85,1,"{""0"": ""2bf4114cd68a5cdcf19f1cb11dfa241d81895a24cc5e6d2702be22d9a2f8d6be"", ""1"": ""dc2291415f9f21c881c43f4b0661e3e4873777c0ed4d403bf179c63bd5994a6e"", ""2"": ""2f838b3801d581e3f35cba1e1cf5888b4120ec0c30a039d5a01c59e76c96129a"", ""3"": ""33bf5337b1172898f292807e7ead6df8f994bc34fc8307be6c2fc800c24a0dd1"", ""4"": ""e97abb5bc023baa78f47b2e6f55ad7932f8b10749af5d2a8e9c88238cb154da8"", ""5"": ""b6d0f58e04ca5d438cbd092b5f33c1739dbf214d7aa47ee619851dc4d71c9a1b"", ""6"": ""45cc8d2daae2b73fd32e221a1861a0db6ccb83baeb965e75906de8520d5bd062"", ""7"": ""ddb971d38774ad33530cb2765a03a2e8bdeb7f143e4c1f887e55b33e9b52450c"", ""8"": ""c0a8ecfb387b07e1a8cb4a2a611f813751b84af919e175720f7f118b6e10f8c5"", ""9"": ""7a261aab4ae6ac20b5fb2e9c9bbdfb54ff38a440da6e3a9ae7bb200cfe01c0ec""}",,0,0,0,0,0.0,0.0,"{""0"": 6.102477533129267e-20, ""1"": 0.7199908631821739, ""2"": 7.1648818540334336e-12, ""3"": 8.770011756165036e-13, ""4"": 0.06564556453233773, ""5"": 0.06578540473827263, ""6"": 0.04009450237161377, ""7"": 0.06488267754709606, ""8"": 0.003875271586844363, ""9"": 0.03972571603361974}","{""0"": 6.102477533129267e-20, ""1"": 0.7199908631821739, ""2"": 7.1648818540334336e-12, ""3"": 8.770011756165036e-13, ""4"": 0.06564556453233773, ""5"": 0.06578540473827263, ""6"": 0.04009450237161377, ""7"": 0.06488267754709606, ""8"": 0.003875271586844363, ""9"": 0.03972571603361974}",[],[],0,0,0,0,0.0,b9c6a0a0d46e83bfa06873afbea350140c72096e4601f153361721d7a49857ac,a09945dfbd41695b1b324a8c70ea3c562a3488db1fbb286da578c668cc3f82cf,"[""proposal_created"", ""proposal_committed"", ""audit_accepted"", ""committed_once""]"
39,noexecutor,0,none,0,0,0,0,1,0,,78.07,,0.1,,e98dcf2365553485dda6ef1df4aecb549eb81c657f3a0c59d5c7820af93aba30,1,"{""0"": ""2f6775da721f17f385322a507533c57648cce06fca4c768538f7aa136aaef117"", ""1"": ""9afd2439800e1efd5201b53a2a35e228c9a9cf3667625e11d17c2a3e6498ef09"", ""2"": ""8df3e955b3df295995386c5ea7174841bca3f28fa3640df387fb48379b1d9b08"", ""3"": ""924bc5c4195a82458995d15cbf7656738f01db5d5a44eb8bf3e6a4c5617bdc9c"", ""4"": ""e6e8108b803ba13032f6723ffadcb9f3a464418eee783675c6085a4bb1ac725f"", ""5"": ""ed754c50f096b5edcb9f9c45565b95c699bf6d82a0850759761330d84057c66c"", ""6"": ""1b9bd18f469d90f40d2641095e340ec91ea4091f09158204be18ae77e3433d67"", ""7"": ""08aa8da6bdb22c60494b10de526bb4175d36df21dfbad3f70743ad57cacd79e4"", ""8"": ""0b969fe1c3e4570c40f47e88add872938dea2ce9bfea5bf4e77f4f4a073a2f0c"", ""9"": ""46cd5e2fdc45b0ad938713c053f15dea705f47487f2b1a311bd226184faa3031""}",,0,0,0,0,0.0,0.0,"{""0"": 1.8307432599387804e-20, ""1"": 0.2159972589546522, ""2"": 2.1494645562100304e-12, ""3"": 2.6310035268495113e-13, ""4"": 0.16657614418079625, ""5"": 0.16661809624257673, ""6"": 0.15891082553257907, ""7"": 0.16634727808522376, ""8"": 0.004766730626023226, ""9"": 0.12078366637573631}","{""0"": 1.8307432599387804e-20, ""1"": 0.2159972589546522, ""2"": 2.1494645562100304e-12, ""3"": 2.6310035268495113e-13, ""4"": 0.16657614418079625, ""5"": 0.16661809624257673, ""6"": 0.15891082553257907, ""7"": 0.16634727808522376, ""8"": 0.004766730626023226, ""9"": 0.12078366637573631}",[],[],0,0,0,0,0.0,a09945dfbd41695b1b324a8c70ea3c562a3488db1fbb286da578c668cc3f82cf,cfe39458a17125f84f45a0036e33306f5ba937003512d89c36fc549be94fa44e,"[""proposal_created"", ""proposal_committed"", ""audit_accepted"", ""committed_once""]"
40,noexecutor,0,none,0,0,0,0,1,0,,78.55,,0.1,,46c7344d2e5c1d7375f5c709df6188580e0d5ede456574ece548fa0431a5c4d1,1,"{""0"": ""f809223074e906543673b7170a55eed1a9c8eaee98d50b9dd7a9fffa84159124"", ""1"": ""b4b2cc61c86a771e1259568748cfbcc0fbea6c885bd1bc458740cf3a80c126dc"", ""2"": ""877b950e17cd1617646d06d0efc8674194fc08658ebbbeef9222ee7ed5ff6917"", ""3"": ""a25ab9ead1b1e9bedc00cc8cfed3caccedc4f3e71f7c225e1f47f9a4929d11e6"", ""4"": ""653ed854729e4894a35d67869005a1444eec72ce44cc15484cc14caba00ddbd0"", ""5"": ""2204f3964ef4b7d417b258800677bcfb93034be4128ce26d7c737c311e4ab32b"", ""6"": ""67c738ddfb760a22d343017c2a215dc47d6a3370576cd6a5773506d4301e997f"", ""7"": ""542a1f5bbe346cab7a565d2c104271711e7ff0c04ac80457191276e1b2dacf6d"", ""8"": ""8d5703369b53b1f13d0b2eb5bc40f50b2b31a5ab012f5120d27fefec90b1d6b6"", ""9"": ""f3c749d9accb94eb768a86babcfe03415ef2efa9a5ae0997d6d631dfaff14486""}",,0,0,0,0,0.0,0.0,"{""0"": 5.492229779816342e-21, ""1"": 0.06479917768639566, ""2"": 6.448393668630092e-13, ""3"": 7.893010580548536e-14, ""4"": 0.12438736404945953, ""5"": 0.2650207188369496, ""6"": 0.21807009779795372, ""7"": 0.2649394733897437, ""8"": 0.0024948303677714227, ""9"": 0.060288337871002684}","{""0"": 5.492229779816342e-21, ""1"": 0.06479917768639566, ""2"": 6.448393668630092e-13, ""3"": 7.893010580548536e-14, ""4"": 0.12438736404945953, ""5"": 0.2650207188369496, ""6"": 0.21807009779795372, ""7"": 0.2649394733897437, ""8"": 0.0024948303677714227, ""9"": 0.060288337871002684}",[],[],0,0,0,0,0.0,cfe39458a17125f84f45a0036e33306f5ba937003512d89c36fc549be94fa44e,1c6cd8724e4e21d2bb2338000107aea581de83a98f3857ba10c0c51eec177b11,"[""proposal_created"", ""proposal_committed"", ""audit_accepted"", ""committed_once""]"
41,noexecutor,0,none,0,0,0,0,1,0,,63.9,,0.1,,bd244c7fad81925ceedad19eb207a0aa7305a42e8f0ee6caf3ce0a53600a66e3,1,"{""0"": ""a9d03aef7ee53f7aad07f3639f05d47d9088fb581b4af6f19b7a1955a197eef6"", ""1"": ""19cfcdf8c5ec7e11a1400878800e446847e3c9830107dcae82c441ce5ddb18c9"", ""2"": ""1cc8dec5eea9168c309f74010fc8acac4d3b31d166bb724cbf82884c1ce4d369"", ""3"": ""62f56453ec9f38d514ae7cc0cef11eb66ae86e24897ee45cc60b1740d31f85c2"", ""4"": ""d98ada00308ef22bffc57a4464fb4104cbf10387c5e72c36d9372dc430518cd7"", ""5"": ""b21f74735116a2a07709fc691dee79c9cf18b30b1fc0c628d5b399db0839b7d8"", ""6"": ""2aabae3dc2d654c1780529deb1e2ab82f9f763baa863bdc756a9fe2bd5fe023c"", ""7"": ""b5086bf090cb3b02446b1ec978128afa3e5f10cbbac2ef3ee3c3cbbf5cfcbe23"", ""8"": ""dd1660f15dd5ed65271a89fdff0cb509d5cd1053ffb34e5f150a26c8ecaafad9"", ""9"": ""09635bc348c37c208a45e24f1466901eb5b766749d613cf385fbba34a36cadd4""}",,0,0,0,0,0.0,0.0,"{""0"": 1.6476689339449027e-21, ""1"": 0.36943975330591866, ""2"": 1.934518100589028e-13, ""3"": 2.3679031741645612e-14, ""4"": 0.037316209214837866, ""5"": 0.0795062156510849, ""6"": 0.06542102933938612, ""7"": 0.07948184201692313, ""8"": 0.35074844911033143, ""9"": 0.018086501361300807}","{""0"": 1.6476689339449027e-21, ""1"": 0.36943975330591866, ""2"": 1.934518100589028e-13, ""3"": 2.3679031741645612e-14, ""4"": 0.037316209214837866, ""5"": 0.0795062156510849, ""6"": 0.06542102933938612, ""7"": 0.07948184201692313, ""8"": 0.35074844911033143, ""9"": 0.018086501361300807}",[],[],0,0,0,0,0.0,1c6cd8724e4e21d2bb2338000107aea581de83a98f3857ba10c0c51eec177b11,ae21e29cb0348d05e7fd9ead4af6ecd777902e3a23881f9beccac68c7dba9bc5,"[""proposal_created"", ""proposal_committed"", ""audit_accepted"", ""committed_once""]"
42,noexecutor,0,none,0,0,0,0,1,0,,79.31,,0.1,,edace1ad0e0aad612742f01ae749596b61cf9cad8d0be6aee4067d9331902003,1,"{""0"": ""00d3b84b6ca3288cfad19f41334ceec1b40201b448b72636367ce06e485910d5"", ""1"": ""ea2cb797703670db5dbff3c9ea1279f87c02123f106e02ca51263e532cb0c40b"", ""2"": ""e17f3efb46268029a6b1ab278409d7615bd699990bc048b6588f8adda10b11d4"", ""3"": ""b212b2bb6d30a00e61cb653e0029c80cedbd9764c4bc0ca81f2b2a9c319e9e8e"", ""4"": ""9a06e710f5a2c22b0cb5190f6b1659d1d1b2311ba83bd7e70307aab608f0a8ff"", ""5"": ""3739610f691927bbb6ab6eed311abe3222a9b1f1d71a11efa31693b04b30ab5a"", ""6"": ""e32332948ce73fa41990abac88f41b9cd7b49ed071c3870d0f5479e6258f8a4d"", ""7"": ""781d53906e2ce6dda852eb5c3c73e21f9fca406a844cd10843f0aa17663eb685"", ""8"": ""c21843786bfc8cde245f6397839e7f878bcc20a485cb3ace6b3cdb0f4e390ffd"", ""9"": ""350327eeb949f54406361833ff324e977aa98197bf2319854d9eef8779f558b9""}",,0,0,0,0,0.0,0.0,"{""0"": 4.943006801834709e-22, ""1"": 0.11083192599177562, ""2"": 5.803554301767085e-14, ""3"": 7.1037095224936845e-15, ""4"": 0.1646199410173433, ""5"": 0.17727694294821741, ""6"": 0.12446550463495701, ""7"": 0.1772696308579689, ""8"": 0.10658308664816406, ""9"": 0.13895296790150857}","{""0"": 4.943006801834709e-22, ""1"": 0.11083192599177562, ""2"": 5.803554301767085e-14, ""3"": 7.1037095224936845e-15, ""4"": 0.1646199410173433, ""5"": 0.17727694294821741, ""6"": 0.12446550463495701, ""7"": 0.1772696308579689, ""8"": 0.10658308664816406, ""9"": 0.13895296790150857}",[],[],0,0,0,0,0.0,ae21e29cb0348d05e7fd9ead4af6ecd777902e3a23881f9beccac68c7dba9bc5,1e432225b50ebc913e6ad2848db32cd6fbd76ed664cd5503e5afd8deb586d8ac,"[""proposal_created"", ""proposal_committed"", ""audit_accepted"", ""committed_once""]"
43,noexecutor,0,none,0,0,0,0,1,0,,70.88,,0.1,,9db0afa5e936d92329af0edf1f3f4faed4b3e1f94529fb9cda9db2d0732d0e7d,1,"{""0"": ""c9305d7344774d4689424237b14ff3bf2f8fe521c9c3d74c0d928c4a31c2118d"", ""1"": ""a530beacc559a0b3e4229f3e3f1a2a9749deb29f8d17e633c800f854090eee61"", ""2"": ""ae83a8cb3ef76a7f624a94d8f17cb60d2fc4e2182ef28a059d3988f6af286fb7"", ""3"": ""0f4055e894fdad4f27f831d59014c6af9b4829a222c565de033ef4b5bce06f62"", ""4"": ""a45a6ebc826ba815b3b1414fca44911e2a24a6a89743f9cce5d6d4d8393aa182"", ""5"": ""bb602d55007f374c17ea72d8359ae806cebb7d2f6b7bef64ffaaafed9b97a70a"", ""6"": ""f1e274690475225323b90877f2a6d41d629802275ed377d65e87211ff1d74cd2"", ""7"": ""966441639249a672d807ad4c12c25746247e50016244e0ddcef9087eafcf5ad9"", ""8"": ""18b4518dcbc741a6c7dee1553a175aa86c794066afde1fc2e204741495b0c080"", ""9"": ""8717533c43eaf9c0fa213bdcff7c0c8ff86c4dcc82d50427a9b29e59f745273c""}",,0,0,0,0,0.0,0.0,"{""0"": 1.482902040550413e-22, ""1"": 0.266582911130866, ""2"": 1.7410662905301258e-14, ""3"": 2.131112856748106e-15, ""4"": 0.28271931563853636, ""5"": 0.28651641621779855, ""6"": 0.03733965139048711, ""7"": 0.05318088925739068, ""8"": 0.03197492599444922, ""9"": 0.041685890370452575}","{""0"": 1.482902040550413e-22, ""1"": 0.266582911130866, ""2"": 1.7410662905301258e-14, ""3"": 2.131112856748106e-15, ""4"": 0.28271931563853636, ""5"": 0.28651641621779855, ""6"": 0.03733965139048711, ""7"": 0.05318088925739068, ""8"": 0.03197492599444922, ""9"": 0.041685890370452575}",[],[],0,0,0,0,0.0,1e432225b50ebc913e6ad2848db32cd6fbd76ed664cd5503e5afd8deb586d8ac,5a905853639e0537fb1c311da9e1d1e47cf12a6f14204e4c26103c8c66f4b2a5,"[""proposal_created"", ""proposal_committed"", ""audit_accepted"", ""committed_once""]"
44,noexecutor,0,none,0,0,0,0,1,0,,78.91,,0.1,,cd06552c31c9e2fc16be70d69678cafaae54267d02745403a26137dbe22a88da,1,"{""0"": ""0669eec938b3d48369067ceaad47062b7deec1328f1973601cac7844541c7a13"", ""1"": ""dfa7a32aac27c30963c31d18ac49e53855455f9637ba98d74289b8e361bae9db"", ""2"": ""c74416aa89328ed5af8041d3d2187f390f872da55c02c3da164150be8353cf54"", ""3"": ""e10b7b5d2c8505174825e369f8dbc45515b57abc2b095eea7d77f1514c55752b"", ""4"": ""7fce658bbca7fb898af03b33c202ccdaa8e472cbfc57b097da510d8b12f4824c"", ""5"": ""b412b288ec78b1ee9280a88c05248ec8566d135bf7e7ba9cd5a108c64368e83f"", ""6"": ""58da1ff2babd03ff423775813abd28fb925e8c17f0a6f1d783b657f45b0b0505"", ""7"": ""39bdf19a5be667e74248892d6254b12287c9c3244284d297e8a377fb9f74c59a"", ""8"": ""fafff1be8e1a2ae43d89b33225d91c8a3fb46fcda83d53498d9c0f9e9b97d6fd"", ""9"": ""5ff14833bba494696ac3cf920648063af1739c0dd56430eaddb01023eb5f53f9""}",,0,0,0,0,0.0,0.0,"{""0"": 4.4487061216512395e-23, ""1"": 0.07997487333925982, ""2"": 5.223198871590378e-15, ""3"": 6.393338570244318e-16, ""4"": 0.2225608566207726, ""5"": 0.22369998679455128, ""6"": 0.14894695734635782, ""7"": 0.15369932870642888, ""8"": 0.020867168152276214, ""9"": 0.15025082904034745}","{""0"": 4.4487061216512395e-23, ""1"": 0.07997487333925982, ""2"": 5.223198871590378e-15, ""3"": 6.393338570244318e-16, ""4"": 0.2225608566207726, ""5"": 0.22369998679455128, ""6"": 0.14894695734635782, ""7"": 0.15369932870642888, ""8"": 0.020867168152276214, ""9"": 0.15025082904034745}",[],[],0,0,0,0,0.0,5a905853639e0537fb1c311da9e1d1e47cf12a6f14204e4c26103c8c66f4b2a5,9e2d3301846d718e525af824d2e27bebc4c9137ab379c4530dfaa9fff6e3488b,"[""proposal_created"", ""proposal_committed"", ""audit_accepted"", ""committed_once""]"
45,noexecutor,0,none,0,0,0,0,1,0,,27.53,,0.1,,2b05058552689da05c8238a4ce4f8be3635e0fedc4b3cd4dcc1237df12cdbbd5,1,"{""0"": ""4de58a48df2c34d51c60d56328812f5768e5ead5c022614e99d972a40d27c634"", ""1"": ""6f935dd8b8cbc63aa2ce3335282714de8e379633174f19a486173bba1710edc4"", ""2"": ""a0fb9f368b9472199bfd1165f8be79c02eca2c6dacce9e432baae444750ea866"", ""3"": ""ccb0d3dd3cfa6213b91f729eaba6e46c49acceb32899b17c2bccb27335e10cb2"", ""4"": ""0a58bd42dd6587e0415f24f481e13c760f6d60e924f78ec1e865c0712b523792"", ""5"": ""61cf12eef04cf09c2439ce314ca91242c2ff54bc7550187a7669eb70996c698c"", ""6"": ""efdd808e286d6c5218306d77ac2cf17505eae94e9a106ad3637c82f265ad6bc2"", ""7"": ""ace87dfff93d45629459e361127e99b1c15cccf1e18332e4147567d962f8002f"", ""8"": ""49e1176a0119e96b617493249da4fe64724245f5922d9aa9c966e1cc2e5f10b1"", ""9"": ""7cf22b026cc2effd79d2a3ca6639e03ab8c9f5e561601b17f70c8c26e010457a""}",,0,0,0,0,0.0,0.0,"{""0"": 1.334611836495372e-23, ""1"": 0.7239924620017779, ""2"": 1.5669596614771136e-15, ""3"": 1.9180015710732957e-16, ""4"": 0.06676825698623179, ""5"": 0.0671099960383654, ""6"": 0.044684087203907354, ""7"": 0.046109798611928675, ""8"": 0.0062601504456828655, ""9"": 0.04507524871210424}","{""0"": 1.334611836495372e-23, ""1"": 0.7239924620017779, ""2"": 1.5669596614771136e-15, ""3"": 1.9180015710732957e-16, ""4"": 0.06676825698623179, ""5"": 0.0671099960383654, ""6"": 0.044684087203907354, ""7"": 0.046109798611928675, ""8"": 0.0062601504456828655, ""9"": 0.04507524871210424}",[],[],0,0,0,0,0.0,9e2d3301846d718e525af824d2e27bebc4c9137ab379c4530dfaa9fff6e3488b,26ebff73aee2a623f5977d0bd38a968f2352ebe8154f6137a7885da36311efc5,"[""proposal_created"", ""proposal_committed"", ""audit_accepted"", ""committed_once""]"
46,noexecutor,0,none,0,0,0,0,1,0,,78.03,,0.1,,bc7f8eb78e6ed45e936358060aa75cd762a5eb4a59db6c333f6f9c7e05b981b1,1,"{""0"": ""a8e9bac16cf283f2daf80fe6202c349501a3b420edf789d8d46e07628526c5a6"", ""1"": ""b7eefd841e56809bc938dde986be61571d0348c66602e8521709a0a421afae02"", ""2"": ""c1fd91600c4ccdcbc34ab6238209123e3e0151b1cf9f80b931694a6f44f09c6e"", ""3"": ""e1b3c4ba7360c7cffd4dce22f3c0ad7e2a466efb38b77007ebcaee9810ca54fc"", ""4"": ""5bc9f938980e94b557387ca1d3f07d084732fc5e04ce0fba400cc3ca112367c0"", ""5"": ""0887e763b9cdfe8833fe12d748fb0cf0b5d7a069401bd1f1c1d188ae4c46556a"", ""6"": ""c2d27372e3787bddd6aea237d874bb8b2740bed303187d26269395899e337f31"", ""7"": ""33542ea50674f47ab03798310a66f3693e6d64dc10d4a6f80f34e7a6142c0926"", ""8"": ""e80fcf1a8bed6c82a0278c7ee6f6ede3e16f50dddb339aa836d7b086bc612a3d"", ""9"": ""9dcad39c5aa940b2da9cd871273e222f2b80a9e9c18b98c5cea1c6c8fd0c76f8""}",,0,0,0,0,0.0,0.0,"{""0"": 4.003835509486117e-24, ""1"": 0.21719773860053343, ""2"": 4.700878984431343e-16, ""3"": 4.8826776581614766e-05, ""4"": 0.17114723468607426, ""5"": 0.17124975640171436, ""6"": 0.1376116884795867, ""7"": 0.16494969717378336, ""8"": 0.03740467698186107, ""9"": 0.10039038089986488}","{""0"": 4.003835509486117e-24, ""1"": 0.21719773860053343, ""2"": 4.700878984431343e-16, ""3"": 4.8826776581614766e-05, ""4"": 0.17114723468607426, ""5"": 0.17124975640171436, ""6"": 0.1376116884795867, ""7"": 0.16494969717378336, ""8"": 0.03740467698186107, ""9"": 0.10039038089986488}",[],[],0,0,0,0,0.0,26ebff73aee2a623f5977d0bd38a968f2352ebe8154f6137a7885da36311efc5,53c8380cbebadfbc04c62ec9375eec0cc01e7b449ce26f458df21c2ad34a9fc4,"[""proposal_created"", ""proposal_committed"", ""audit_accepted"", ""committed_once""]"
47,noexecutor,0,none,0,0,0,0,1,0,,79.73,,0.1,,979cbc59788fa8fd123f3312d5b90e7a8be41e0e5857456feca3eed995f15bef,1,"{""0"": ""fb50b5fd8293ee2b4a1c842a08a52fab2f95eff340bc6e018f565549159536ad"", ""1"": ""79d174a0ec5b4fc6823241549669888bb973465975d4c89e1cc0d32852aa049a"", ""2"": ""f3cdec79b6d30ae37262b7996481ffe1b39806ab961fc681dc9bbcb1dd5374ee"", ""3"": ""15a1a624757fac413c509672e22ef41e24d56bee70ce89d0950ebed2c581c8b8"", ""4"": ""9434741a72831089a1937c5ccae0111c17f15cf2d7d5c3934de2b09c701d885f"", ""5"": ""eb6528787925d945332b4b7f4eb19059b05e59e9b3966d6e1fe574162abdf2dc"", ""6"": ""47f7f1d0f97f2227ef56240160312c317346cd410bb15ef213d1c5c0ed884c48"", ""7"": ""dc71dfcc4da1a2b04e825d7305e4f6da4fd42ed745b290f5c0f7fb8703871f79"", ""8"": ""ea65a84cacb0350af0cf1bcc0c7f31020790d6b7f91263700126779322224fb5"", ""9"": ""34880f22bce9e7f1e8ca58b583456acc65e0c8f22eb5175a09e70b0d92c989d5""}",,0,0,0,0,0.0,0.0,"{""0"": 1.2011506528458353e-24, ""1"": 0.06515932158016004, ""2"": 1.4102636953294032e-16, ""3"": 1.4648032974484431e-05, ""4"": 0.13333247294484676, ""5"": 0.18685581321141884, ""6"": 0.26184617196379134, ""7"": 0.30576310225174674, ""8"": 0.011221403094558323, ""9"": 0.035807066920503276}","{""0"": 1.2011506528458353e-24, ""1"": 0.06515932158016004, ""2"": 1.4102636953294032e-16, ""3"": 1.4648032974484431e-05, ""4"": 0.13333247294484676, ""5"": 0.18685581321141884, ""6"": 0.26184617196379134, ""7"": 0.30576310225174674, ""8"": 0.011221403094558323, ""9"": 0.035807066920503276}",[],[],0,0,0,0,0.0,53c8380cbebadfbc04c62ec9375eec0cc01e7b449ce26f458df21c2ad34a9fc4,2a58d21a42d65e212e74b307e9927691d65b887069787c160c0de39f0361512b,"[""proposal_created"", ""proposal_committed"", ""audit_accepted"", ""committed_once""]"
48,noexecutor,0,none,0,0,0,0,1,0,,59.64,,0.1,,922b91753a75d7ffa712c2c8240470fd05ebe0a970eb2ce807d3d95224540e7f,1,"{""0"": ""bab368f07194fa23be5bd65b165c14e1ecbc9de092a091eb25702c3ec0c794a1"", ""1"": ""94293bf1b96020d6bbc8f8bcb1ccd68d9e361247cd2201ef100f5d05edc9ad5c"", ""2"": ""25874abe46dee2183361ffca84267717fe767d4862ae846cc4432db8f31db29d"", ""3"": ""6b0a1d88c9d300abd17bffcd8941189734a5ce40b7b7ff3f3bd2c57c3b03f1c7"", ""4"": ""35eba1e178b04dfc6ee4f4dd928a410167ff78cb9ab43c89364db2c2e5ca1a73"", ""5"": ""437a29817d20d40ccbd626ad10524b21580321cd40e7d6a796d3318ab0d3b3c4"", ""6"": ""b5740f20ba89468fa77f0ef70b8d7616f9d18cc7854f7953fda4af0c42098814"", ""7"": ""f928a9a1edd057a457c1654e49d8150efedf397049321e7b216bd0bdee42cfb5"", ""8"": ""736a607fb58c8cde3f0d326b1bf2eb37cf90d00b533b4b4f7329f2498a1dc71a"", ""9"": ""fc65c0883abd0fc8eafdb83e448fb1792aeb937f46be67bbf9a08c72a26ffc66""}",,0,0,0,0,0.0,0.0,"{""0"": 3.603451958537507e-25, ""1"": 0.36954779647404806, ""2"": 4.2307910859882106e-17, ""3"": 4.394409892345331e-06, ""4"": 0.38999974188345404, ""5"": 0.056056743963425665, ""6"": 0.07855385158913743, ""7"": 0.09172893067552405, ""8"": 0.0033664209283674976, ""9"": 0.010742120076150986}","{""0"": 3.603451958537507e-25, ""1"": 0.36954779647404806, ""2"": 4.2307910859882106e-17, ""3"": 4.394409892345331e-06, ""4"": 0.38999974188345404, ""5"": 0.056056743963425665, ""6"": 0.07855385158913743, ""7"": 0.09172893067552405, ""8"": 0.0033664209283674976, ""9"": 0.010742120076150986}",[],[],0,0,0,0,0.0,2a58d21a42d65e212e74b307e9927691d65b887069787c160c0de39f0361512b,1ecd62e161ab0a1080290ffb7afde4bce298a28083023040e2017e5003e0f577,"[""proposal_created"", ""proposal_committed"", ""audit_accepted"", ""committed_once""]"
49,noexecutor,0,none,0,0,0,0,1,0,,77.61,,0.1,,eb42619ca9702d149657ff41eb40e706fb0a936f99a0ba9b43ce1d78b30d1102,1,"{""0"": ""eb3c41c8ad08a9bf74051a11c03947cbf9cf5c928139ab700de41418f6c37188"", ""1"": ""bd53e739731fa88a6f29c823406379a329da647bb013fa6736cb11fe383572e7"", ""2"": ""f3e2cd75198f8c59440f162dc1088f07c53608de12db0e00e7b4b9bb44231f9a"", ""3"": ""892080cea0b93d5724a325c7ae140442a7124ed51268e888405c107d0672393d"", ""4"": ""28fcbf60a961e2a4dd7dd1435087b6fa8fb00add141ee034b0f31b898b8b07ba"", ""5"": ""17dc2b53e6e8a4e30acde8c92787cbe9736cd9bdf401a84ed4885f1cd0e23da5"", ""6"": ""41dead9051fbaf8d95bc39441a7f24611c449be9f018d9a1cd6812074b53faa9"", ""7"": ""cfb977dd8d258348ff66631375640f0ece6444af519110c1875e30cf3661ad24"", ""8"": ""f3ea715f6df82192bb7ace56005d179ce5a0f86da1e39fb91e11dfcb79ff8160"", ""9"": ""e7d16b065e76a7ad97a34ba9d9334e24ad62c9689d71d4e459de0b2b287d87df""}",,0,0,0,0,0.0,0.0,"{""0"": 1.081035587561252e-25, ""1"": 0.11086433894221441, ""2"": 1.2692373257964631e-17, ""3"": 1.3183229677035993e-06, ""4"": 0.2655244497071711, ""5"": 0.16534155033116257, ""6"": 0.1720906826188761, ""7"": 0.1320832390169859, ""8"": 0.0023472578956419002, ""9"": 0.1517471631649802}","{""0"": 1.081035587561252e-25, ""1"": 0.11086433894221441, ""2"": 1.2692373257964631e-17, ""3"": 1.3183229677035993e-06, ""4"": 0.2655244497071711, ""5"": 0.16534155033116257, ""6"": 0.1720906826188761, ""7"": 0.1320832390169859, ""8"": 0.0023472578956419002, ""9"": 0.1517471631649802}",[],[],0,0,0,0,0.0,1ecd62e161ab0a1080290ffb7afde4bce298a28083023040e2017e5003e0f577,7fe77f1f62aebf845d35e9de74a33ee3f3284bf4f64bb5646e6641f2f4f1a430,"[""proposal_created"", ""proposal_committed"", ""audit_accepted"", ""committed_once""]"
50,noexecutor,0,none,0,0,0,0,1,0,,76.84,,0.1,,9b940a3718113dfb87fd0f93eecd1d620a192c5ac4a9936ef3404ee814fe441d,1,"{""0"": ""d659f38eb33e9d04a7c11580a0ae41bc9936bb25a6b9c16dd4d034edd6f6e45a"", ""1"": ""00d3a06b36d0a85fcbfb9c358d6439af190c5397459e45c1d8a9970f41835f59"", ""2"": ""c57ac1e90834b0f401a1bc905d76697c78a35c20ec8934bcc052c150e7c3633c"", ""3"": ""4c2216945f61eb79c749ec79d76659fb0cbb6e8979396a51123105381cba404d"", ""4"": ""042ff2c486e21cabf3ed21ec17e1e0a4ff7769d783b44efbbc1a7aa1469e04a4"", ""5"": ""1962be5c68d2ac85f6d9e1e75dcc9b5c1393a5dc160ddeb61eabde7e8b15b1ad"", ""6"": ""7b24471612fb361767fed281d6a7e79d0eb8be7307071555dec650a649baed87"", ""7"": ""57d23ee266ef065fc67bec4c8f5c159b246d6d0395797ea2e17ccde9de12fffa"", ""8"": ""d4515493ecacd0111093fc8bb90e1ef4aec41251519ee7717a7ba7cecc8f38c2"", ""9"": ""7a899c243ae296e7deebbbbf96765786661990c51e21cb5c3f9974a121bba047""}",,0,0,0,0,0.0,0.0,"{""0"": 3.243106762683757e-26, ""1"": 0.03325930168266433, ""2"": 3.80771197738939e-18, ""3"": 3.954968903110799e-07, ""4"": 0.07965733491215135, ""5"": 0.07064122675428738, ""6"": 0.05162720478566285, ""7"": 0.2952480207230844, ""8"": 0.42404236669576534, ""9"": 0.04552414894949407}","{""0"": 3.243106762683757e-26, ""1"": 0.03325930168266433, ""2"": 3.80771197738939e-18, ""3"": 3.954968903110799e-07, ""4"": 0.07965733491215135, ""5"": 0.07064122675428738, ""6"": 0.05162720478566285, ""7"": 0.2952480207230844, ""8"": 0.42404236669576534, ""9"": 0.04552414894949407}",[],[],0,0,0,0,0.0,7fe77f1f62aebf845d35e9de74a33ee3f3284bf4f64bb5646e6641f2f4f1a430,3973ca6497f5ea14387726da53c7ed81396cbb546864648d9ed453c682133a52,"[""proposal_created"", ""proposal_committed"", ""audit_accepted"", ""committed_once""]"
1,trust_v1v2,0,none,0,0,0,0,1,0,,32.09,0.0,0.1,37492252090816564230936157089559164696,6c8b5396270826232911440dd88b8178f6e15cc1567d23801bcfc53a92d6250d,1,"{""0"": ""398ca687b23fdb91f1d700e217df64f601a278077348bfaa5a6ff021b0b6ea33"", ""1"": ""3809db9f101769feb6f05ae2628ae3716f7f62bcc94a781175e3513cb88abffe"", ""2"": ""d42c61275c99f8c6f25701f77de31c2a6898d0ddd1b993fffa77d1ae27c52812"", ""3"": ""2411fcb3ee04d7d3759661b932c546a6927b3440fc3e05addcf1c0b5b84ad7cd"", ""4"": ""5ad494a229899415ddd51ce3dd4002686809ed4ddd053b057fe9284d204bd0e5"", ""5"": ""6a7a7e361d4fa59e502f8dc91ed8e038509ca26d2acc2f96760aa8e5c149c0f9"", ""6"": ""466ac5a0a10fe78f1948eb1be77084c33d787825ef1023e548ad6e5dc597ae29"", ""7"": ""81e478663cc671921b28cc6929fa304f705fbd87e4bee2ccff7813818c1ed147"", ""8"": ""62c3f31c5bc8a9cb6e1bd6b7199f21a85db766eef2f62de8b6569df56c563754"", ""9"": ""fe5a8784a2127ceda03902c07028ebb8907679819b50ddf65c78d3adbf400e99""}",,0,0,0,0,0.0,0.0,"{""0"": 0.07205254167953475, ""1"": 0.04272582342795201, ""2"": 0.04545983021291739, ""3"": 0.06230081142365915, ""4"": 0.12716587897778991, ""5"": 0.1615723822784387, ""6"": 0.1228977088619376, ""7"": 0.1615723822784387, ""8"": 0.04268025858089307, ""9"": 0.1615723822784387}","{""0"": 0.07205254167953475, ""1"": 0.04272582342795201, ""2"": 0.04545983021291739, ""3"": 0.06230081142365915, ""4"": 0.12716587897778991, ""5"": 0.1615723822784387, ""6"": 0.1228977088619376, ""7"": 0.1615723822784387, ""8"": 0.04268025858089307, ""9"": 0.1615723822784387}",[],[],1,0,0,0,0.0,566ef52be86c337623dd190756347836a0854c8a6e2a24b09f433aa0db8608f8,b95b61bbe0e2762d55a9b851e1740db58e12b250cef32dda03cff4d2b8123a70,"[""proposal_created"", ""proposal_committed"", ""v1_challenge_sampled"", ""audit_accepted"", ""committed_once""]"
2,trust_v1v2,1,A2,0,1,0,1,0,1,V1+V2,36.09,17.173521978353612,0.1,63461394144005813590600738963881325228,44c037c690655013772ac156196b1655cc61ba287d88c57a8be2dfee16650144,1,"{""0"": ""aaa61c7eafd7ee465b63553f126ac4d8c9517c45db17f50691fc0c0a963a64f6"", ""1"": ""9eabf3f1955bd8047389a079af3ac15c373713a11bace2c9805c84d42090eb55"", ""2"": ""f41534d616d7c9a0c851185fb437a92c22c4f41a30e21cd93ec79f5d9d0daca7"", ""3"": ""09fd8d6b3e6533fa0abb451246b2a7aea8555d4b2c2677ef618eda20bff13be8"", ""4"": ""657d2e34dad100a3e2aa2933571c744cd97004118ccef66ed5f99a26ed7a107b"", ""5"": ""da5cea7511c5dde31f55d6bdc1abc258b2efe6eef13cfce1789abd379e18ce66"", ""6"": ""e75fc1fcfa5027d95a26d34a9d6ef1465d4d2b368f80f9d1f63450c08c5bd0a4"", ""7"": ""738b45fc6eaef54703348097bcee6606dedc79ffe15995100d280e9768dcff2b"", ""8"": ""03b6d1969c4124e2d74dbc70b48d1c8c945ed570ff357992234f9ff4ae7d01f8"", ""9"": ""3a3fd8fda68deeb94eb701c67268d12c14d3eb0fc6156574849f19ce750992be""}",dcd31615c645d2f97a8a43627952cef4a9197d17d580d0a2d87c1458e8ac6952,1,1,1,0,0.6402157157734869,0.0,"{""0"": 0.021996575815079796, ""1"": 0.012817747028385605, ""2"": 0.01363794906387522, ""3"": 0.018943883259948956, ""4"": 0.10822355926038538, ""5"": 0.21183268390793847, ""6"": 0.16475554416627672, ""7"": 0.21183268390793847, ""8"": 0.024126689682232985, ""9"": 0.21183268390793847}","{""0"": 0.1359982879075399, ""1"": 0.1314088735141928, ""2"": 0.1318189745319376, ""3"": 0.13447194162997447, ""4"": 0.05411177963019269, ""5"": 0.10591634195396923, ""6"": 0.08237777208313836, ""7"": 0.10591634195396923, ""8"": 0.012063344841116493, ""9"": 0.10591634195396923}","[0, 1, 2, 3]",[],1,0,1,1,0.0,b95b61bbe0e2762d55a9b851e1740db58e12b250cef32dda03cff4d2b8123a70,cdd977b55549998afa9f000b0e912a6a52fea74dde9598a3aef757331d435e80,"[""proposal_created"", ""proposal_committed"", ""v1_challenge_sampled"", ""audit_rejected"", ""recovery_recomputed"", ""recovery_audited"", ""recovery_verified"", ""committed_once""]"
3,trust_v1v2,0,none,0,0,0,0,1,0,,57.58,0.0,0.1,9379058705395753261544657159896522060,cdeb02da2780088208c643108bc336fc7bfe1b22c41a2b93356d8958e2a1a2e4,1,"{""0"": ""4a76b497fc830cf8f32b70f227d85e082e03cb4679e9f5d13baabb4e2fcb7e37"", ""1"": ""3a5db6b7de2d56b2386c905a0e69c9f1dbbaa93136b7e76b49f44517c546b8ca"", ""2"": ""276e86fa2c5a0c1130f65b825e9613fcb36301af3216226fea47c0eedf8232a9"", ""3"": ""695a0d15c8aadd21d5f0b3cb302d728786f7b601ff7b469f11d729ad858b85a5"", ""4"": ""58058035032c683a05ec3211d58719d44b4989c08749e0cd707284692b0ba5c1"", ""5"": ""6fbd523e7aa1d5e3629a5ea18d1cc598cfe5fb1c2f40c1053e50effcd5caa322"", ""6"": ""153c103a958795335ae0b7a4cc3516504969f98966269d13a001099a60a648e5"", ""7"": ""30923c12108e57746dee397dfbc78edd1fd37bbae4b5d31fa75de1aec98e7853"", ""8"": ""84d6cf579821aef617e16554e30fc165fb00e568e673829082689695296197b9"", ""9"": ""b89cb8f6d81b7d4856fb887fc192e80083298f76b38c4b46917bf08805b06cb8""}",,0,0,0,0,0.0,0.0,"{""0"": 0.00659897274452394, ""1"": 0.0038453241085156823, ""2"": 0.004091384719162566, ""3"": 0.005683164977984688, ""4"": 0.09063627550439975, ""5"": 0.24386978682619492, ""6"": 0.14471293741579316, ""7"": 0.24386978682619492, ""8"": 0.012822580051035471, ""9"": 0.24386978682619492}","{""0"": 0.00659897274452394, ""1"": 0.0038453241085156823, ""2"": 0.004091384719162566, ""3"": 0.005683164977984688, ""4"": 0.09063627550439975, ""5"": 0.24386978682619492, ""6"": 0.14471293741579316, ""7"": 0.24386978682619492, ""8"": 0.012822580051035471, ""9"": 0.24386978682619492}",[],[],1,0,0,0,0.0,cdd977b55549998afa9f000b0e912a6a52fea74dde9598a3aef757331d435e80,2330c03147cb87a87a36fa34cacb7979aeecc88be02ca3720957037476563fa4,"[""proposal_created"", ""proposal_committed"", ""v1_challenge_sampled"", ""audit_accepted"", ""committed_once""]"
4,trust_v1v2,0,none,0,0,0,0,1,0,,59.02,0.0,0.1,78144523054686154195216958481822773146,b9fdaaa841a60a43fe24b429c09685c71990fd5e1ff8554302c30c84e698285b,1,"{""0"": ""39e43e6e3eb3b3a540959b8291610f64fbc43ec77476397ff3eb29ac40039c5b"", ""1"": ""c22b18744415795e1e4b565d7480b6e9328579362b8b1a98e3a00cf80625a268"", ""2"": ""31d83c06b39643703789c12e85345bfdccc395f8999356d5d0c27765e509970d"", ""3"": ""9d8f6eeb69fdc5c32f17ccf151c429163129d4173edfd3d350ab0e608958cc21"", ""4"": ""32ecc4be90c78493046e4165741576fd2beaa459773e061d124a373f5e348a96"", ""5"": ""9ee91559c7b826fdc163540b60bd9199203820a654a5bb02de7532ae196f3a93"", ""6"": ""0f8385a65a96f52e8ba24f8c59e9e8ef066dc25c506371435fead432ed344d83"", ""7"": ""7b4d0a8e9a57621a55cfa0420094e81a47e84a9fe7a9e31526f11ed381050c3e"", ""8"": ""b403070964f098988066bc614dec01a3940e0098c1501551e8b055fbcd382d60"", ""9"": ""a0328eaf8e0392a763b1ca059c27464583ce7e2fffc752c1517a5342b5ff7ec8""}",,0,0,0,0,0.0,0.0,"{""0"": 0.0019796918233571823, ""1"": 0.0011535972325547048, ""2"": 0.00122741541574877, ""3"": 0.0017049494933954067, ""4"": 0.062034134427029236, ""5"": 0.25533503747593056, ""6"": 0.15548656213311993, ""7"": 0.25533503747593056, ""8"": 0.010408537047003133, ""9"": 0.25533503747593056}","{""0"": 0.0019796918233571823, ""1"": 0.0011535972325547048, ""2"": 0.00122741541574877, ""3"": 0.0017049494933954067, ""4"": 0.062034134427029236, ""5"": 0.25533503747593056, ""6"": 0.15548656213311993, ""7"": 0.25533503747593056, ""8"": 0.010408537047003133, ""9"": 0.25533503747593056}",[],[],1,0,0,0,0.0,2330c03147cb87a87a36fa34cacb7979aeecc88be02ca3720957037476563fa4,555e7c7c5a2669f676a4175ba1c682354d718221ebe40a9d80e2d4689807ee94,"[""proposal_created"", ""proposal_committed"", ""v1_challenge_sampled"", ""audit_accepted"", ""committed_once""]"
5,trust_v1v2,1,A1,1,0,1,0,0,1,V1+V2,67.0,0.0,0.1,26413806625150337244672654911463840119,0dde87fc4d538cda64fb26eae4241b3f510cfcd336ca94fd1d2454cb6646463a,1,"{""0"": ""8f1662a4478ff51928d3aa14b30e7b63523b5217e8ec5a0f843e33a0d8fde425"", ""1"": ""7b418c9cf2c6f08803e830e8c4df8347adb08a278e3ee6ded08cf4b4baa3df33"", ""2"": ""dc3a21ecf2f6144bd5e1f74d7945bdd69e99797253ae5e63e47c6431110da5df"", ""3"": ""a3c6c0f4679700dd2f79f14e0a23ab1c901815d5948d49957c70ad9490ca2103"", ""4"": ""2c69e527a2d871949e5e40a049e07eda07c94b8ee5ebb0639018c6ac523de61f"", ""5"": ""f06cce21c2695c418511fc3473d5326f37f6c53bb0e7caac7e5c66e3015af98b"", ""6"": ""16a385fb393a71056be586d0140a3c1154955d81c536cd10d38df80accad27b3"", ""7"": ""d4735b88f40749f0767abcc4e412d6006900168d967f06900d4b12b411c4934f"", ""8"": ""5dc168053586896d3d89194e6ddb11c3477e752838956be2f1ea17a2ec345c1b"", ""9"": ""1d2045e2b7699b6cbb2a77610ce4d0d4db64f79ea0673e66ad3941f250a4a3e3""}",f7301092df3fde52464944e3c320f510f7b38caf5c6fb97eb291c663bd41f90d,1,1,1,0,2.011545603390308,0.0,"{""0"": 0.75, ""1"": 0.75, ""2"": 0.75, ""3"": 0.75, ""4"": 0.10887407788334028, ""5"": 0.24281923999619956, ""6"": 0.19591603762071033, ""7"": 0.24281923999619956, ""8"": 0.017186167609021412, ""9"": 0.1905655407050122}","{""0"": 0.18758533708077374, ""1"": 0.18758533708077374, ""2"": 0.18758533708077374, ""3"": 0.18758533708077374, ""4"": 0.027230907465473065, ""5"": 0.060732438645845856, ""6"": 0.04900130127548066, ""7"": 0.060732438645845856, ""8"": 0.004298497392086609, ""9"": 0.04766306825217283}","[0, 1, 2, 3]",[],1,0,1,1,0.0,555e7c7c5a2669f676a4175ba1c682354d718221ebe40a9d80e2d4689807ee94,6e0c29d06ed9c4c859439f58a75cc98b41d0b6747b0388919eb7230862df5205,"[""proposal_created"", ""proposal_committed"", ""v1_challenge_sampled"", ""audit_rejected"", ""recovery_recomputed"", ""recovery_audited"", ""recovery_verified"", ""committed_once""]"
6,trust_v1v2,1,A2,0,1,0,1,0,1,V1+V2,68.38,1.6549996925320565,0.1,272402600477162357640649995984098847152,c227cbbc05e25ad928f1fb45d789e2d33555122ff604fc5f3f19a40edd94f16e,1,"{""0"": ""95c1a9a6be2ac40090e01bf521cd733c416954a928a3d264df8bad5febb478f9"", ""1"": ""41c706c628139692ce826f523974fbadedf925136efbac0c2130a0ab3abf08cd"", ""2"": ""0c55e8fefc144e4f6b63252682a12c7d6f9e1412289dc7199b36a1227a7fe125"", ""3"": ""b0507927e8dd04d970762fabef9624f1b65b21f7ad7d0e7f9c9730ddfecab345"", ""4"": ""92b380440eb9beda9787de3d465c8cd381651ab6fecb372064965c57085b6271"", ""5"": ""575114a7786af976e532f05512b99a2773c830502e3c2dc2a20447b5fb7a7946"", ""6"": ""cf874991d50a404339476e48b8bccd9e4f00a85532793502e8728874594ab328"", ""7"": ""8265c6de8a9aa3a31b37b879a1154a3422a25c5f10624895f2dfa3dd36c6fbe3"", ""8"": ""f02413b3d458c9eb0cfb35583777e21007940891a6d84f2d748084977dc6cf4b"", ""9"": ""30ba5368b2f41f07307bd01256752fc903b4740e272433f24076e6fadcacc0d5""}",5e7c0995f89f6c2acfa23a5102f62a34eb4f91bfbd9a6723e94115dc1741024a,1,1,1,0,1.6213883926655195,0.0,"{""0"": 0.00017817226410214647, ""1"": 0.00010382375092992345, ""2"": 0.00011046738741738932, ""3"": 0.00015344545440558666, ""4"": 0.15878480276857457, ""5"": 0.2423851700944843, ""6"": 0.18044580966840001, ""7"": 0.2423851700944843, ""8"": 0.018236841578345212, ""9"": 0.15721629693885644}","{""0"": 0.12508908613205108, ""1"": 0.12505191187546497, ""2"": 0.1250552336937087, ""3"": 0.1250767227272028, ""4"": 0.07939240138428728, ""5"": 0.12119258504724215, ""6"": 0.09022290483420001, ""7"": 0.12119258504724215, ""8"": 0.009118420789172606, ""9"": 0.07860814846942822}","[0, 1, 2, 3]",[],1,0,1,1,0.0,6e0c29d06ed9c4c859439f58a75cc98b41d0b6747b0388919eb7230862df5205,2747870cc4c7194244b7359046d9ab45c9d07aa759982e1a4a53da9c38397222,"[""proposal_created"", ""proposal_committed"", ""v1_challenge_sampled"", ""audit_rejected"", ""recovery_recomputed"", ""recovery_audited"", ""recovery_verified"", ""committed_once""]"
7,trust_v1v2,0,none,0,0,0,0,1,0,,70.0,0.0,0.1,31571894874821830036916558993562672319,cd0c1ea0629575fa67b1b09d6eac34140622977355b30fc528b1c8d68e80eb98,1,"{""0"": ""d9be26d0ee3880cde6c0833f2a6fc24e0a6129c341f4a04fef44cc47726d29df"", ""1"": ""dd83140d71bfacd7eb0ea621a99b63ffb4f2dc1c2dfed235b8fe53f6f420c646"", ""2"": ""0e83728b1764517f3d8b5f9fc84a0d6383d69bff6862f34e246873a49b5ff8be"", ""3"": ""4c8ede599ebadb19104624cd77e9708f4dff16981e263be6f622ac7ff764c12b"", ""4"": ""3bba8046eb4ef7f0ee57036e9e5e6b99f4bace54c42c4dd1e3bd6cfea1e1d911"", ""5"": ""35ded4a59b401066349bb1762a29a726f2d5428be97200095bcd5fae73d0fccd"", ""6"": ""3add265c0eed9a9349d9452cda655bef95804ad7db1989c236c01c688cf18a9b"", ""7"": ""e2f47816c70a62de6469f4654a94f3fe969fdba33fa8ca8c6b1dcdc58f5bc3f6"", ""8"": ""f8b7c78620f843527ca3ec232f7e46b3f6e4de56a01b780f5542bc389a5c842e"", ""9"": ""3be87a801c3b51dc9679d6ca7a0952b26fe2f29e803c622a96d85edbd3531586""}",,0,0,0,0,0.0,0.0,"{""0"": 0.00023254640247891145, ""1"": 0.0004375314311195297, ""2"": 3.31402162252168e-05, ""3"": 0.0003676505072254187, ""4"": 0.19125313866830623, ""5"": 0.10576164598209829, ""6"": 0.1677574707066166, ""7"": 0.23894442901563462, ""8"": 0.08181868000134894, ""9"": 0.21339376706894628}","{""0"": 0.00023254640247891145, ""1"": 0.0004375314311195297, ""2"": 3.31402162252168e-05, ""3"": 0.0003676505072254187, ""4"": 0.19125313866830623, ""5"": 0.10576164598209829, ""6"": 0.1677574707066166, ""7"": 0.23894442901563462, ""8"": 0.08181868000134894, ""9"": 0.21339376706894628}",[],[],1,0,0,0,0.0,2747870cc4c7194244b7359046d9ab45c9d07aa759982e1a4a53da9c38397222,a65e38161329a630031a963baead1487535ddc8b398b6c361b28ee18b97b5df2,"[""proposal_created"", ""proposal_committed"", ""v1_challenge_sampled"", ""audit_accepted"", ""committed_once""]"
8,trust_v1v2,1,A1,1,0,1,0,0,1,V1+V2,68.35,0.0,0.1,218700382348691055127685657781638092565,3278afa54be1b4be9febd7bf14557642436fa7e45adddf52ef05c06ce4fcc637,1,"{""0"": ""2de51f5ca6d8912635e0a677242395ba9858ad7bc630f06a69dcb7966718af13"", ""1"": ""775b26f4835a57f700968475de67e870cad99bd2901eb2ed9dc15e4f68321d2b"", ""2"": ""9f4f0d58b9be00d1d2aadd2b3c5947ddbe1bc3c0838daf877506c0fcd7bfae7a"", ""3"": ""ffae9c9c83ca8590cdec66858eb8c18dba79f46d96165a6dcf6aad9b2937334c"", ""4"": ""c255d58bf5de0311d42b31fd5eed5b600e3473fefd12cdfd5dee56dd81aa63d1"", ""5"": ""5faa2abd50450e7904038f1c2404e40b56ff32c583a0584c4d110afd15fd3ebc"", ""6"": ""f9162ad07c0996492059bc037b0234759efad77ead2d03e6f79589ab9984ce0e"", ""7"": ""5163de2c8641bb5ace5c14b9949221f7090b39cd2c75e82a0f73de32ed6841c2"", ""8"": ""7ebd9daf81c2e7c5c558f02b01c997bafc258830a735da39f9f12759e542e964"", ""9"": ""d2c6b9727024e2996b58581725f638cbfc66daea6f71f9b7ec65c128342709f8""}",3560d4dc2a5d972bc83ee754253cbe0e9e3a5f4328e48df910bb8fa78b4bcfed,1,1,1,0,3.008145842619154,0.0,"{""0"": 0.75, ""1"": 0.75, ""2"": 0.75, ""3"": 0.75, ""4"": 0.11634739014430365, ""5"": 0.20622847745695466, ""6"": 0.07586493717194327, ""7"": 0.2499037910368152, ""8"": 0.13433757617988443, ""9"": 0.21603215625958447}","{""0"": 0.18756028524006285, ""1"": 0.18756028524006285, ""2"": 0.18756028524006285, ""3"": 0.18756028524006285, ""4"": 0.029096199576536627, ""5"": 0.05157369607526705, ""6"": 0.018972332340918836, ""7"": 0.062496035105917495, ""8"": 0.03359519214234373, ""9"": 0.05402540379876466}","[0, 1, 2, 3]",[],1,0,1,1,0.0,a65e38161329a630031a963baead1487535ddc8b398b6c361b28ee18b97b5df2,65f6450ce5efff1040d3f530a39621563665b97b374610b9ab8e9f5ff1babb64,"[""proposal_created"", ""proposal_committed"", ""v1_challenge_sampled"", ""audit_rejected"", ""recovery_recomputed"", ""recovery_audited"", ""recovery_verified"", ""committed_once""]"
9,trust_v1v2,1,A1,1,0,1,0,0,1,V1+V2,66.66,0.0,0.1,219818215749048845239725824343637712933,3359a8d61584ef1e7893051c68726134010d16de24a1f260b9f32bb1313d1926,1,"{""0"": ""bba1306f8abfe04ae64dd047232305b895f94e9c76d66c19c6b310469e0b3eb9"", ""1"": ""7abc697ac68eca1f0b85b211b1f8c64fb5858811fe19c28d611e6904c0f8e9a7"", ""2"": ""5609aad6ca74241f3a16bc6df0eba08f731f5325a82b282130e50515d911c79f"", ""3"": ""25753380581dcf80e3095aec9c1eaec16f1b07dc97c091bbfb376232b8e7825c"", ""4"": ""6655dd9a102cee6e3b801a165b7d72f640f4c8658a5452654dbca3f9ff18be2e"", ""5"": ""f8fccf7352294edb309d9106d1acfb5fc1afe7069d5235c6dee0e0d3085062b1"", ""6"": ""4a53deb83ee5f76890d17b243bac70592b1c81314405b5818069a8db189858d1"", ""7"": ""e177c762290dd483f5e873b2c3fae0e3cd3f07c647733787dbd2b561bac142be"", ""8"": ""c24a99611ac2a23b8a4dc191171712e37c39790b5d53a5ccc0665c233ff3019c"", ""9"": ""873c5fb8e37cfc7af4e8e4e8997b1be0f26f4e94fa5644a3bf178d2c948f781e""}",bb4cb591335f3215fe186d885f4554da6112b13c21e89d7c0f5d376fcd5d0d03,1,1,1,0,2.849435375059061,0.0,"{""0"": 0.75, ""1"": 0.75, ""2"": 0.75, ""3"": 0.75, ""4"": 0.11142664418853876, ""5"": 0.0887824451305233, ""6"": 0.06121671974438582, ""7"": 0.43176747283300587, ""8"": 0.1509396324364026, ""9"": 0.15348367712244518}","{""0"": 0.18761178888517877, ""1"": 0.18761178888517877, ""2"": 0.18761178888517877, ""3"": 0.18761178888517877, ""4"": 0.027873269394245424, ""5"": 0.022208844470050275, ""6"": 0.015313304401235824, ""7"": 0.10800622394751075, ""8"": 0.03775740594008646, ""9"": 0.03839379630615617}","[0, 1, 2, 3]",[],1,0,1,1,0.0,65f6450ce5efff1040d3f530a39621563665b97b374610b9ab8e9f5ff1babb64,0aee12c241546710cf113c05c5a39e6f883793ddcf934c59464c098cbba8f363,"[""proposal_created"", ""proposal_committed"", ""v1_challenge_sampled"", ""audit_rejected"", ""recovery_recomputed"", ""recovery_audited"", ""recovery_verified"", ""committed_once""]"
10,trust_v1v2,1,A2,0,1,0,1,0,1,V1+V2,68.89,2.099441313534776,0.1,98616529189175744158834622019395434427,84fe8d7f6b7c5412b8f4d3549a0da5bcb75358bb8b6738ba4d27de2c85699928,1,"{""0"": ""69f5ec1bba38a34316a9e9fd505a291197878cd483efb3b86e2be5bea5f5b673"", ""1"": ""5171ca9244136bf3a1217d60ee97b79542d06894d35a55e81ec86eb011411680"", ""2"": ""d50b070a8622ae74a9fa75bc9b39053bcd40b3ae963f89163c7e55f7032ed4c6"", ""3"": ""a6ae3c096145ef29149a8114fdc97fd0ad0513e7f2b7febdc0a044e863a6b878"", ""4"": ""9383bda617300ba6db77396f8335e8da3676d404ce67b9ef4353ab50ff5249a4"", ""5"": ""a574b77a950a07492f06567e87159f529d443dc7f62580053af0b37bc4bc7725"", ""6"": ""cde13a210ecfb65691f71c8c02a37fb553956e7d68e1ebe9c21779db3282f26f"", ""7"": ""1d0510a99234082861547e27173802072a7fa2da68919baa3c401fc95d60d5db"", ""8"": ""c247b2fc3de3aadfbb990b4667354e170364ac765a7b061bd98bf73ae7456a2f"", ""9"": ""357c7c3257caf5f1fa136756ca28b0e617eb69d7a0811c7ed45148ea77ea84b9""}",ec70c230f3e1fee4785bf970ac6f778270f24796d79f2196ea819db3f3860b6d,1,1,1,0,1.9601568362626058,0.0,"{""0"": 2.667540716271118e-05, ""1"": 0.0020543370755535264, ""2"": 0.00028377945923251167, ""3"": 3.779535187334656e-05, ""4"": 0.0879956377345486, ""5"": 0.036976457467645746, ""6"": 0.08917460420676723, ""7"": 0.5780798633136616, ""8"": 0.13704854251989576, ""9"": 0.06832230746365897}","{""0"": 0.1250133377035814, ""1"": 0.1260271685377768, ""2"": 0.1251418897296163, ""3"": 0.1250188976759367, ""4"": 0.04399781886727431, ""5"": 0.018488228733822876, ""6"": 0.04458730210338362, ""7"": 0.28903993165683084, ""8"": 0.0685242712599479, ""9"": 0.03416115373182949}","[0, 1, 2, 3]",[],1,0,1,1,0.0,0aee12c241546710cf113c05c5a39e6f883793ddcf934c59464c098cbba8f363,0840a99ffcfa52e4e219d44eb301fd954e08cf467fe8be58c7911902d7754f79,"[""proposal_created"", ""proposal_committed"", ""v1_challenge_sampled"", ""audit_rejected"", ""recovery_recomputed"", ""recovery_audited"", ""recovery_verified"", ""committed_once""]"
11,trust_v1v2,1,A2,0,1,0,1,0,1,V1+V2,71.1,4.632960881948759,0.1,127101809547845767036521276187339297098,a31754db7f3cafc080a7794a4a0b150c7fbb4e2a80cebcb5e96aa2ac0577c1a9,1,"{""0"": ""cfef59b7d0171e445522e21777ff019ebe97eb76e9a30b474c80d6d67fbb933f"", ""1"": ""4723168089fbe07c8e140fe203096e3ea6f2239e955cdd841536624da3e20775"", ""2"": ""fc58aaf38b94106a941a385837b96bd90007c33dd68ebadfc68d65f99f8be5d5"", ""3"": ""2731ae1c056e9af2655b6a88cde9c90a83331f769f4ed09eb0015072b50db047"", ""4"": ""5aaa1c58eb886ff8e2a188fc26c2d2b5f9452efa4931380e1e373e9b5f77782b"", ""5"": ""402eac011d1babecfca9b500b8646ff2afa616597e221a37d9ce74f449929100"", ""6"": ""a076f6f31d95a64fcc25c9457992c614ca00c5a15a321f2c7b4a212cd70dd7ab"", ""7"": ""f7149aac10b2c19e6f8612cd1da6b0fd242a32223e939bf525ecf49ee9d6c061"", ""8"": ""ba7605d307cc53989e22446e673939b74e057fcfe7190d5ba350f83ad532d28a"", ""9"": ""f623b655bd632b43d5c98f4f0613c9107ad6ba2ebd4503db1703058ad3427532""}",8e53397f2e7f748bb4b5d2d206c8d8bd5f32a0584dc008482dbb1e1482e697f1,1,1,1,0,2.235187764115371,0.0,"{""0"": 8.002622148813355e-06, ""1"": 0.01095834910467725, ""2"": 0.0049739071729043, ""3"": 1.133860556200397e-05, ""4"": 0.24444115055055549, ""5"": 0.0493069666009436, ""6"": 0.15815166062284272, ""7"": 0.3914664182242894, ""8"": 0.12018551425697882, ""9"": 0.020496692239097693}","{""0"": 0.1250040013110744, ""1"": 0.1304791745523386, ""2"": 0.12748695358645212, ""3"": 0.12500566930278098, ""4"": 0.12222057527527772, ""5"": 0.024653483300471794, ""6"": 0.07907583031142135, ""7"": 0.19573320911214465, ""8"": 0.060092757128489396, ""9"": 0.010248346119548845}","[0, 1, 2, 3]",[],1,0,1,1,0.0,0840a99ffcfa52e4e219d44eb301fd954e08cf467fe8be58c7911902d7754f79,6d3705d796345ea11a9300ea298179dd027bbc0f153c4964fd89a0c20b9379b0,"[""proposal_created"", ""proposal_committed"", ""v1_challenge_sampled"", ""audit_rejected"", ""recovery_recomputed"", ""recovery_audited"", ""recovery_verified"", ""committed_once""]"
12,trust_v1v2,1,A2,0,1,0,1,0,1,V1+V2,73.32,0.18210571412392573,0.1,176479653950407288517856451238793588160,33ef674803d72cb5e5ac074f34d37c6dd696e9ae2f09a8ab788acfa2d14c33ae,1,"{""0"": ""939c7359838198c4bd4bbd3f5775d7d4d58d100589bb5ea4eb342e50dfff4498"", ""1"": ""b45c424e296be529e7e071d040f19810360f58fd26cf4c53cb7e4a868f938204"", ""2"": ""83d8f848e03627f915fc0d261980a56f74923f4b30820e9fe0e5428a379151da"", ""3"": ""801a3be3f5dddaa61bd15fb684044d9b0a6cde92cb24067c88698e5eaec82fe3"", ""4"": ""d0b424b2a77acaa3cd715e5926b61581d8c9db49a0be558425d5e42abeadb7eb"", ""5"": ""1b5ce400e9a5e61c9890cceb806eda52228bc0e9798cceadaad9f6bb7f8ae8a7"", ""6"": ""696c02d136259d376d61f4b96656420a9b7b64980f8267707aa157e1ba5cd4b2"", ""7"": ""d6a8ac0847c76a32f102ec5325d5ea0707a66fc4dd5fca0b57be5d32cd090f98"", ""8"": ""23c77a3d467472d4e4201b088c7b17f3dbafcf51764accb41f5ae584fda4db54"", ""9"": ""aeb4767a838252680614642247f83d289859df41a46ecb5272326d9b610fe1fb""}",096319ea7646f5d7e041ce4c0c0fe807fff5aab97b77febab87d59efd86f3364,1,1,1,0,2.26536057294536,0.0,"{""0"": 2.400786644644007e-06, ""1"": 0.01886614521327671, ""2"": 0.0036624554786551097, ""3"": 3.4015816686011915e-06, ""4"": 0.2910974189577661, ""5"": 0.056789443170860196, ""6"": 0.2652105719794523, ""7"": 0.30853262772516726, ""8"": 0.04755519739969328, ""9"": 0.008280337706815903}","{""0"": 0.12500120039332233, ""1"": 0.13443307260663837, ""2"": 0.12683122773932756, ""3"": 0.1250017007908343, ""4"": 0.14554870947888304, ""5"": 0.028394721585430098, ""6"": 0.13260528598972615, ""7"": 0.15426631386258363, ""8"": 0.02377759869984664, ""9"": 0.004140168853407952}","[0, 1, 2, 3]",[],1,0,1,1,0.0,6d3705d796345ea11a9300ea298179dd027bbc0f153c4964fd89a0c20b9379b0,3a787f1fcc596318cdcc0886b20bd0cb33232fa9359199bb83b892620c5cda93,"[""proposal_created"", ""proposal_committed"", ""v1_challenge_sampled"", ""audit_rejected"", ""recovery_recomputed"", ""recovery_audited"", ""recovery_verified"", ""committed_once""]"
13,trust_v1v2,0,none,0,0,0,0,1,0,,67.14,0.0,0.1,226146768797849944284312936857402353942,14a8f74bf28bcdb39cfc9e065ceccacc3b3276f4ae481cad6594b3002a4de453,1,"{""0"": ""69ec2b315e923771df127e880a1b7c9035247e427358816c35ae001ee09390d1"", ""1"": ""99ab94679519f26846b2f0282a6f47b50a85fce1cf377f17695a308223b9e1d7"", ""2"": ""760825c9b344c51dbfb9f027c5d8abc7ded876ad0cc6de3599e7031695d7ee01"", ""3"": ""138f70f7f6bbfd67915d7d61c03bc6f10cf580055015248e4be79ae47aa61c28"", ""4"": ""10d35eab6b7eb341aa1ee0de9ef8259ea177c2021a104f653d126d4eaf1465f1"", ""5"": ""61f4ff3f500f2ca6ca16b3d381da80d13816f66b6e497b5e406771672a002bd8"", ""6"": ""b103b1bbd21cd4e8c35dee92def877148231647f3e9bae6f50cd8598e1770d21"", ""7"": ""2e146bd7226ee746f75c933c0defa54613d9c9f2378d0ed72c8512c4ae52583a"", ""8"": ""83bfe9f2c8b7fc4380930e42bef902f9313ca9fd739a238a46844e51b962fef6"", ""9"": ""b767cb2bf73bb39af95e38c2e572db9ea13a7329dc9597411f2c0822b2595f7e""}",,0,0,0,0,0.0,0.0,"{""0"": 7.202359933932022e-07, ""1"": 0.2576209102760254, ""2"": 0.0010987366435965332, ""3"": 1.0204745005803576e-06, ""4"": 0.1266262315007839, ""5"": 0.05795679012323783, ""6"": 0.38183236020583167, ""7"": 0.1542430691915192, ""8"": 0.014266559219907986, ""9"": 0.006353602128603501}","{""0"": 7.202359933932022e-07, ""1"": 0.2576209102760254, ""2"": 0.0010987366435965332, ""3"": 1.0204745005803576e-06, ""4"": 0.1266262315007839, ""5"": 0.05795679012323783, ""6"": 0.38183236020583167, ""7"": 0.1542430691915192, ""8"": 0.014266559219907986, ""9"": 0.006353602128603501}",[],[],1,0,0,0,0.0,3a787f1fcc596318cdcc0886b20bd0cb33232fa9359199bb83b892620c5cda93,34a6850fc140c5832ec683a69ff039e056d46896cec3aa8d8c08024a3307fac1,"[""proposal_created"", ""proposal_committed"", ""v1_challenge_sampled"", ""audit_accepted"", ""committed_once""]"
14,trust_v1v2,1,A2,0,1,0,1,0,1,V1+V2,63.31,0.19480482484470166,0.1,297201511817874168041940148088047702585,ac1e46d858592db268e2f381ef2e70051a96266d4dd744e8f1e62e5167d36068,1,"{""0"": ""a23c7ebc7518a39ccaabbffa4699199491cec43d547b57b8d0626bfc2021e812"", ""1"": ""f04f05b7d26378a62971ad4183ff14447effb87cf7b4a5561ce4fb2c65d1f8b2"", ""2"": ""dffa050fd3034a78250c6be27ef8e579420b7c1ed9877255025534f2d35a52ad"", ""3"": ""220eb435a04bdfd7db262e990061e4a13f12c04f0086e0a63300b312a2ccdf1b"", ""4"": ""2a0bcd199dfe5991ca987fbdae5a2c34d3c6fe7f8f93dfb6b89f853aab3fb26b"", ""5"": ""de55e3e1ac01d347225f43c7826a4d1219dc3c1aeaf4d80ff1c5c38263880748"", ""6"": ""05a47b9b5e5d2700f75c90e979e35c52456511ae4b85116203ad9a1696c41432"", ""7"": ""27d84b925ce868bf97ca2c4d5cc28372582ff0f2de5657f270d558ac1dfff1a9"", ""8"": ""1c8039e94db1e62bc7c09c119adba7fd9f43d0f4ebcfaeee1b4b1db7020a0248"", ""9"": ""d93727fcdceb6cdc98e94cc5a56b095b1044bff0c840afa3cc976f5aad3098a1""}",fc82deff5c48a8d382739c25abae3a26de90c455a0e43dddcdf0197eee75b31b,1,1,1,0,1.6500971134462117,0.0,"{""0"": 2.1607079801796074e-07, ""1"": 0.34264235623321265, ""2"": 0.0038856845597333638, ""3"": 3.0614235017410737e-07, ""4"": 0.2037196395827707, ""5"": 0.017387037036971354, ""6"": 0.37990579121215456, ""7"": 0.046272920757455774, ""8"": 0.0042799677659723975, ""9"": 0.0019060806385810508}","{""0"": 0.13107149405765328, ""1"": 0.2621427615497238, ""2"": 0.13310858893686117, ""3"": 0.13107154128086412, ""4"": 0.10680725780428388, ""5"": 0.009115771808077997, ""6"": 0.19917910647417397, ""7"": 0.024260222464661987, ""8"": 0.0022439251390316125, ""9"": 0.0009993304846681954}","[0, 1, 2, 3]",[],1,0,1,1,0.0,34a6850fc140c5832ec683a69ff039e056d46896cec3aa8d8c08024a3307fac1,15a63e76cad587e0a2f0dc7e6145968e31c5059e3d3cb3646b9f0a2909935d25,"[""proposal_created"", ""proposal_committed"", ""v1_challenge_sampled"", ""audit_rejected"", ""recovery_recomputed"", ""recovery_audited"", ""recovery_verified"", ""committed_once""]"
15,trust_v1v2,1,A1,1,0,1,0,0,1,V1+V2,73.82,0.0,0.1,271867514857511373292357582605088173958,2cc2c3038568ad86e53753d29a0e5ad570453dbe2084de02274d93ec6457913d,1,"{""0"": ""b59b91f6e0bad694fcbbfed830e36d54b2ece35911b2eec62ec16e2511131fdc"", ""1"": ""6dca656b12183dd64f5924f9604bd1329edf1ad95f1ef3f9693c4b4af7371abf"", ""2"": ""a8e30e201e994932cdcd11de45a01d5f663fccb944a2366bfe719b46e90417ca"", ""3"": ""f34c170ba6f2ad754455c37d96facb9937e8e5f7efdcf36477b941aa15b75833"", ""4"": ""cc49fd3f5f5a10d14b279bd678b2ee9580e073e2e03b3f8a88d6001c5862acee"", ""5"": ""06265db50b9c50e57b2fed2416132fcdcfd375d3d37a9374a75794e4c03e6f70"", ""6"": ""c9b5e16c28c982c4981018571d6b66982f77466563b9d104868a0e3439d458f4"", ""7"": ""cf7cfcfeaab7c084244a9c31f936f2f22343ddda5fd6e1a1edf7cc35b46962e1"", ""8"": ""2e2db96b26c11bac0b213609813104eef63538006b420d3b4d1bcb8e03c8023d"", ""9"": ""a9de3877de6f9743af6f24a5226dde614d19c14c1651f40a2d0d9fd063805f6d""}",86f5a6a043f56c349a5f92028498f932e0d0c7afff09b52de45c280102fb2212,1,1,1,0,2.860504341729218,0.0,"{""0"": 0.75, ""1"": 0.75, ""2"": 0.75, ""3"": 0.75, ""4"": 0.1897494939525956, ""5"": 0.18142003233828463, ""6"": 0.2901756585908396, ""7"": 0.19008579745442997, ""8"": 0.0012839903297917194, ""9"": 0.036345660344632616}","{""0"": 0.19284862612682252, ""1"": 0.19284862612682252, ""2"": 0.19284862612682252, ""3"": 0.19284862612682252, ""4"": 0.048790572289357174, ""5"": 0.04664880531776254, ""6"": 0.0746133027929191, ""7"": 0.04887704651374437, ""8"": 0.00033015436141394514, ""9"": 0.009345614217512713}","[0, 1, 2, 3]",[],1,0,1,1,0.0,15a63e76cad587e0a2f0dc7e6145968e31c5059e3d3cb3646b9f0a2909935d25,90a3d49f98a53ea57d1854b6b366eec8b9deede9ada7c1c0efa841ced71707b1,"[""proposal_created"", ""proposal_committed"", ""v1_challenge_sampled"", ""audit_rejected"", ""recovery_recomputed"", ""recovery_audited"", ""recovery_verified"", ""committed_once""]"
16,trust_v1v2,0,none,0,0,0,0,1,0,,74.06,0.0,0.1,333616004191573330484268326159421825004,7775d3a8d99eb0a9eded33a7ae72e53aee0ce4652ac5436a3e94818a54c53b63,1,"{""0"": ""1e274bc7141a2cc35e221269e3766b4e00fdec06fa080b2caad469aa1f040cc8"", ""1"": ""63c39521de2dbaa70ba9382c52fe151cec3e25f56524f356709718bc93ae7293"", ""2"": ""c0c22b3bc3166b2721019bd91c10177e342a9d803adc49e688b8a4b93e84585d"", ""3"": ""9195ac2027c3d7ec054fbea01f757d0387b2dd45eb2b7cad445ac783c97bd1e4"", ""4"": ""653d571247104ad7398b3f8c5c1900df2084fe2568add9c862ba7f696e4d6643"", ""5"": ""ae3420b8a2b49a137f2f9015ae838f32b389fb8b326f9346ebe065c43156af34"", ""6"": ""14d4af34b6ef90dd0ac91b3773f6ccd1f79f1f37e1e1d13772cc099f15d64a20"", ""7"": ""f6f5b074a6504660271941e7199c8c7a717968d39c421c97b89546461edaf20e"", ""8"": ""0e2de341d892a3705824655477a5acaa85ff751035d051760f59db45cce1b49f"", ""9"": ""2609ab7177bc53269633888853ed25697b4310c3ce6864015f43786aa7c2aa30""}",,0,0,0,0,0.0,0.0,"{""0"": 1.9446371821616476e-08, ""1"": 0.032932051487268396, ""2"": 0.0003497116103760029, ""3"": 2.7552811515669673e-08, ""4"": 0.14086598569327993, ""5"": 0.08281584330650908, ""6"": 0.44348067936382135, ""7"": 0.22958058469814474, ""8"": 0.004392672403337046, ""9"": 0.0655824244380802}","{""0"": 1.9446371821616476e-08, ""1"": 0.032932051487268396, ""2"": 0.0003497116103760029, ""3"": 2.7552811515669673e-08, ""4"": 0.14086598569327993, ""5"": 0.08281584330650908, ""6"": 0.44348067936382135, ""7"": 0.22958058469814474, ""8"": 0.004392672403337046, ""9"": 0.0655824244380802}",[],[],1,0,0,0,0.0,90a3d49f98a53ea57d1854b6b366eec8b9deede9ada7c1c0efa841ced71707b1,1ca9b47e60c180b666c0b7cb868d5b01a20b7887121f80a38ca76422fbdecb11,"[""proposal_created"", ""proposal_committed"", ""v1_challenge_sampled"", ""audit_accepted"", ""committed_once""]"
17,trust_v1v2,1,A2,0,1,0,1,0,1,V1+V2,72.77,2.768411682395741,0.1,33465851520055966410062487334415816347,9fcb7b82f7488df126146d923421a5098a960a748ba1e3dd685fdfb0d09e7f29,1,"{""0"": ""9b82547747f755cc1d31cf9bcbb876189c07b01b454daefc37f562906c41caaa"", ""1"": ""0da1ee8466a554bdafd3608a3c127052e852060ff93f5f57ceec9d41d6588ba7"", ""2"": ""ac61168f01f34e5daf69163a829b632bd55b5b2a837b68b822eee69bac035c90"", ""3"": ""4c15eb9591f222438391ffa7bad09cbf6d83e1c28bfb5176f2eb9dd0279c082d"", ""4"": ""4ce233a06b4f13fabcb868fdf348db073912abecb9f11ff09679bfb8cd981e4a"", ""5"": ""a78876ecc33c7273c466cce68516b6ee0a09383c91d8339db1a381c195e6bb32"", ""6"": ""fc289b5e494ac9b5a5fa818c87ef3d881bb5b49f461755d4dc59a29dbe9a4033"", ""7"": ""b1f9f160e2336ca8e620cfa51f2acde68dd3b4466cb7b12b86a23fe3276ed2c7"", ""8"": ""fc9caffe6d952c446375e7f19cd2e5653d33c9887575d0899acc6c3b9298f8c2"", ""9"": ""2c115ec9c83b50028ffb09ddb4d430f625be482168f7e9922ef1dd54c3137522""}",c33769cf33b8b2d323b26726d70e464985683d19a1afc9720bcacba1824d486f,1,1,1,0,1.7859674784842767,0.0,"{""0"": 5.833911546484944e-09, ""1"": 0.17740620519376127, ""2"": 0.0001049134831128009, ""3"": 8.265843454700905e-09, ""4"": 0.24314788788154773, ""5"": 0.09602354536929317, ""6"": 0.13304420380914644, ""7"": 0.2697622675830072, ""8"": 0.04996149412972261, ""9"": 0.03054946845065391}","{""0"": 0.12500000291695573, ""1"": 0.21370310259688058, ""2"": 0.12505245674155638, ""3"": 0.1250000041329217, ""4"": 0.12157394394077384, ""5"": 0.04801177268464657, ""6"": 0.06652210190457321, ""7"": 0.13488113379150357, ""8"": 0.024980747064861298, ""9"": 0.015274734225326951}","[0, 1, 2, 3]",[],1,0,1,1,0.0,1ca9b47e60c180b666c0b7cb868d5b01a20b7887121f80a38ca76422fbdecb11,662e42fbfdbd1e7e9edf6ea391d40d2f21c21d619d6dbcc99ddb2cc3836a1e15,"[""proposal_created"", ""proposal_committed"", ""v1_challenge_sampled"", ""audit_rejected"", ""recovery_recomputed"", ""recovery_audited"", ""recovery_verified"", ""committed_once""]"
18,trust_v1v2,0,none,0,0,0,0,1,0,,42.0,0.0,0.1,90842058005097708109836761032093719441,9a3de9b61f9501b8f07c9114c4b597262642e3dd3c46df0cfa52d421ecf58557,1,"{""0"": ""5aa4fbde392dd1e14b4650c09da48060c73f39a723a92be08e8e08e153b56e19"", ""1"": ""65258a85d47a795a97281a31420eb4a16b3512856df9db3e9061c179ee4ce3c8"", ""2"": ""d076166b19b83763038fc3047d0d0e13cffb2cea5a1b0d226b4d01920c2fe16c"", ""3"": ""089c5bddb7fb7237d4a2188cc5f48abfd4b9eb6bdd2f54b78c9ecfa946c11e76"", ""4"": ""95e18309c558c35ee9a4c30b834654e9c5ec6abb5556f40d5732a9e3d2718d89"", ""5"": ""59234f9c3c6151632088f8e4e418313ed2c09cac292f16f9b35aba80deca84cf"", ""6"": ""dccba9a622aa64de649e098291cd1a71659ab15e1b67c6aa25690fea4d8a568f"", ""7"": ""db752e07d1cd0bad6b66c40d3bb0497da2244e7d5de80af3ced48837212d47f4"", ""8"": ""7a4a7f5b267eddaa0ec2f72d02e37dc3888caf36d9b54406b427c345318e769a"", ""9"": ""b59a563588bd706df5454d25f29f40042d42761d023af4458cddfda67c5c4b44""}",,0,0,0,0,0.0,0.0,"{""0"": 1.750173463945483e-09, ""1"": 0.3745492080813501, ""2"": 0.20548680474704822, ""3"": 2.4797530364102716e-09, ""4"": 0.07294436636446432, ""5"": 0.02880706361078795, ""6"": 0.03991326114274393, ""7"": 0.1550949599620114, ""8"": 0.11403949132647125, ""9"": 0.009164840535196173}","{""0"": 1.750173463945483e-09, ""1"": 0.3745492080813501, ""2"": 0.20548680474704822, ""3"": 2.4797530364102716e-09, ""4"": 0.07294436636446432, ""5"": 0.02880706361078795, ""6"": 0.03991326114274393, ""7"": 0.1550949599620114, ""8"": 0.11403949132647125, ""9"": 0.009164840535196173}",[],[],1,0,0,0,0.0,662e42fbfdbd1e7e9edf6ea391d40d2f21c21d619d6dbcc99ddb2cc3836a1e15,df214db0b889c32e026abdcf2f6fb2b35e938a969358eb36592200d36703932c,"[""proposal_created"", ""proposal_committed"", ""v1_challenge_sampled"", ""audit_accepted"", ""committed_once""]"
19,trust_v1v2,0,none,0,0,0,0,1,0,,74.89,0.0,0.1,227588008493254454191481447754121799339,a308d168b7ce71832b5a3a0e88d88be11191a3194946eb94b422fd9b58dbe03f,1,"{""0"": ""0817fd63a2b66b36d5d7c91e1c6e20c2794a3735123ce4f91042f2f66face642"", ""1"": ""9b4ecd9bcb0698ad11124f6fa236dcd1c3dc2b49c609a39d25056fa3f5e5cdae"", ""2"": ""e7c8345ef3616e6ce8bf36c47b65283aeda65af7d11704999691862ae7e299c1"", ""3"": ""cbbc1320bdcec2126c207633f560945835c72e75ce80886ac14bbe4b58c01a34"", ""4"": ""40ef7bb463bd6f35d98af3d240016f7c8c1e56e65561d2b561b74b5dbe51970f"", ""5"": ""1f394800d6d45886690a8c4234d4c7479331a998e2e7af0636d2a3917d9ef0d3"", ""6"": ""fa46776abc72a383f34684942cb7b41835b898522540df556e6c7549029514b3"", ""7"": ""baf7e34364d997ab40ed39a6eee9aa5cce2f8fd78012e7d28c0e02cb82746e2d"", ""8"": ""8522a41cecfff55f043bfbf448a4a9f4280909ae7008db2da1fb650a57699e0c"", ""9"": ""9fc3e2f7a9232bfcefd55a8c1f88b20e9c1355402d56fb4f6e74485829400e53""}",,0,0,0,0,0.0,0.0,"{""0"": 5.25052039183645e-10, ""1"": 0.11236476242440505, ""2"": 0.06164604142411448, ""3"": 7.439259109230816e-10, ""4"": 0.22191978838157125, ""5"": 0.20867859755546836, ""6"": 0.03494356688158326, ""7"": 0.2465649664608354, ""8"": 0.08066617938330288, ""9"": 0.033216096219741365}","{""0"": 5.25052039183645e-10, ""1"": 0.11236476242440505, ""2"": 0.06164604142411448, ""3"": 7.439259109230816e-10, ""4"": 0.22191978838157125, ""5"": 0.20867859755546836, ""6"": 0.03494356688158326, ""7"": 0.2465649664608354, ""8"": 0.08066617938330288, ""9"": 0.033216096219741365}",[],[],1,0,0,0,0.0,df214db0b889c32e026abdcf2f6fb2b35e938a969358eb36592200d36703932c,c99bf0c3ac065c501578f5acac5b6bca43ea8461586c710fc93f9564fded99ef,"[""proposal_created"", ""proposal_committed"", ""v1_challenge_sampled"", ""audit_accepted"", ""committed_once""]"
20,trust_v1v2,1,A2,0,1,0,1,0,1,V1+V2,75.25,3.328334563240794,0.1,255914947194514096167464156123685684395,a33a06ca71edb74b48774780fd15d18f4185ceefa6847823fee0665af6483c74,1,"{""0"": ""0c84a3f9bd3e18e41a34178cd7eed0e19dce2af0279f699d9258783e9bc412e0"", ""1"": ""09e5b523f00a8460b6313499bced1be15db32036c901e2cb6a2d7811038835c9"", ""2"": ""10a8b60079b6f22116aa99f8a4d1672c1908171f86eb5f1d394371584769a3f1"", ""3"": ""b83a2f07b5a0712b22a70798b9bc495b8e4fedd3147fb23966b61841b420d5ed"", ""4"": ""ca5eeb7d85c85724ac2269b48858a5be73764ad306f365db3ce3774a20119b2b"", ""5"": ""868d2b9359438350166a6d2b8255d340311625be30b51bab67ee3f867e379abb"", ""6"": ""1f9dee205cac6ed917616a8ffe456884e2b0a14e921bcb632b59bb6854463b4d"", ""7"": ""da38d484b4ce0e64642efe45befeed89606bf0a8bed7c8d60521f7e9bd35e2a1"", ""8"": ""a546e36c068e4470fa6acd699d50ca679bda6deb96096b32211d1f406bbd2dab"", ""9"": ""42858b159080d36ca74ece8e04dcd370564deb6d87c429a58c37e9332904fa6b""}",8b8ff98f6b355d8fc09ad9dfa2b92411a5b92b382c299da6076cf07952731a0b,1,1,1,0,2.494852603368069,0.0,"{""0"": 1.5751561175509352e-10, ""1"": 0.03370942872732152, ""2"": 0.018493812427234347, ""3"": 2.231777732769245e-10, ""4"": 0.24634966982327247, ""5"": 0.17108987878833207, ""6"": 0.1255302934433399, ""7"": 0.1890609515296543, ""8"": 0.026027402705428485, ""9"": 0.18973856217472349}","{""0"": 0.12500000007875778, ""1"": 0.14185471436366073, ""2"": 0.13424690621361715, ""3"": 0.12500000011158885, ""4"": 0.12317483491163621, ""5"": 0.08554493939416602, ""6"": 0.06276514672166994, ""7"": 0.09453047576482712, ""8"": 0.013013701352714239, ""9"": 0.09486928108736171}","[0, 1, 2, 3]",[],1,0,1,1,0.0,c99bf0c3ac065c501578f5acac5b6bca43ea8461586c710fc93f9564fded99ef,5404ea4fb2f0ad700f02faa607a45ca511bf7766104f488eb0cb363e3a17f7b3,"[""proposal_created"", ""proposal_committed"", ""v1_challenge_sampled"", ""audit_rejected"", ""recovery_recomputed"", ""recovery_audited"", ""recovery_verified"", ""committed_once""]"
21,trust_v1v2,1,A1,1,0,1,0,0,1,V1+V2,75.44,0.0,0.1,144577990577599732172984705076600877414,aec9aee9e41c47a97646a24db03ee0144b97e88578244eecb79695f85c7bbfb2,1,"{""0"": ""84a7611674e4aac955cf0408be3d67fbfa63eedc79e933df32424ed9b8160fca"", ""1"": ""f173f3eb0f96573ae4cc09e45075ccd4f755b880a241765e8a79827dd899b0a1"", ""2"": ""7f44920019e59398c8b4fded02dd811fe461fdfa1f60a39aa7525d6ee4ebba90"", ""3"": ""b53eb2113260885ca7d947f0f89f7fdec9684b0e52df5af8294c2b50a917c704"", ""4"": ""d21e861bd2b78a84094f1f3fa501920086b8e16ab8fb5a27ea62135dc8b46b06"", ""5"": ""890bac332a0508a82c7d66bdb3f874e57ae803879fb4a6f064a11f7377dda24e"", ""6"": ""81b31339caf2ceaff2b5cfa839bbb9d17b370541192b2100727d4f63ac79f92c"", ""7"": ""49b1189c36c69a34cf5c6a16fd3442709dd22aca48a1da63b590e9f7b90e00e6"", ""8"": ""b49e929676723eebab4c8a53f71c7800e5504b849320b3a6723c2841003341d8"", ""9"": ""559b0197d3102d6fc997e1d141038bc878dfcba0208d8f5afeb3ff06b7311202""}",6a92edc22e0ce1d60e09ac4228ac992931e18fc749cee9a36d6d245a1950d85b,1,1,1,0,4.280407782103542,0.0,"{""0"": 0.75, ""1"": 0.75, ""2"": 0.75, ""3"": 0.75, ""4"": 0.22760980169451772, ""5"": 0.18605003014709914, ""6"": 0.2230409581814016, ""7"": 0.20816751897688887, ""8"": 0.007808220811628547, ""9"": 0.13166249772788935}","{""0"": 0.18823699359318105, ""1"": 0.18823699359318105, ""2"": 0.18823699359318105, ""3"": 0.18823699359318105, ""4"": 0.05712611304442152, ""5"": 0.04669533111041419, ""6"": 0.05597941255494594, ""7"": 0.05224643724794803, ""8"": 0.0019597280145235542, ""9"": 0.03304500365502256}","[0, 1, 2, 3]",[],1,0,1,1,0.0,5404ea4fb2f0ad700f02faa607a45ca511bf7766104f488eb0cb363e3a17f7b3,c9a785c4743430cff17ad0747a6de3fbb50c03f3b8d88e93e35ea380fb2faa80,"[""proposal_created"", ""proposal_committed"", ""v1_challenge_sampled"", ""audit_rejected"", ""recovery_recomputed"", ""recovery_audited"", ""recovery_verified"", ""committed_once""]"
22,trust_v1v2,1,A2,0,1,0,1,0,1,V1+V2,40.24,1.1762370362047405,0.1,69258357170719746172750821632152420011,015a245b1e9d60ecac7c9894e083a5fbdc90761dbf068e1f3e05666bc3dad07d,1,"{""0"": ""e3d9ecea28c1469a72c0bfbfbd637d95f4abcd46321955e8faaa87627563d0ad"", ""1"": ""2d62b00db333d4e70fddaa7458a535254e192a672d4ee491b7edf706bef53387"", ""2"": ""7cbacbd07834afae3cfef581f2a950fbdfeff7bee52b7a0c0d9f049409d1279e"", ""3"": ""7a2deaefe7ec5383b960ba85ac0db4627e3f9a584fc4bdc3bb2ef63733fa0ed8"", ""4"": ""6d50b4dd096de1a7a836c82753ecc745873e2315d044a2fff198d666e1f5d841"", ""5"": ""ea423c727a2f5e959417531d576c16fb2c36412c74ba7e309c4dfe1660344072"", ""6"": ""509c6e1b39091579bb25ef2c83686c68708210b6d2fd01af858b69764739961e"", ""7"": ""40bd9bafca7237e5a88a978e0cf62d1453788dafcf05b702d0d1310c8a68d19c"", ""8"": ""2944c75da81cabb0219005d8c935526e5519ffaae56868b92f0a76bdd6d12cf5"", ""9"": ""955d90ed17e5896b0f9747b16a63bb5dfac332ae6b583bfdc3a684d253e05fa5""}",2bf2e31a877992d4b4bf5860c4040157cc987575f47a8f18a2c32800ee0f16c6,1,1,1,0,0.6779868376940551,0.0,"{""0"": 1.4176405057958422e-11, ""1"": 0.6523087231971334, ""2"": 0.0016644431184510919, ""3"": 2.0085999594923217e-11, ""4"": 0.09425705744004183, ""5"": 0.05581500904412976, ""6"": 0.0669122874544205, ""7"": 0.06245025569306668, ""8"": 0.027093474700127684, ""9"": 0.03949874931836682}","{""0"": 0.15647578705846746, ""1"": 0.31295157409918883, ""2"": 0.15751756723743007, ""3"": 0.1564757870621663, ""4"": 0.058995788991637495, ""5"": 0.03493478987744174, ""6"": 0.041880611370876605, ""7"": 0.03908781164408409, ""8"": 0.016957891110443015, ""9"": 0.024722391548264316}","[0, 1, 2, 3]",[],1,0,1,1,0.0,c9a785c4743430cff17ad0747a6de3fbb50c03f3b8d88e93e35ea380fb2faa80,bb4196f18fde6b078cf0f96cd00cc08d4961578a538fde1b9a78a8a3c155517e,"[""proposal_created"", ""proposal_committed"", ""v1_challenge_sampled"", ""audit_rejected"", ""recovery_recomputed"", ""recovery_audited"", ""recovery_verified"", ""committed_once""]"
23,trust_v1v2,1,A2,0,0,0,1,0,1,V2,73.93,0.03610348688641284,0.1,291615180180904679093025538108344789852,1280c884ead03936791d4ec9e244063d626840c447cee0dd62a53030b47ba45a,1,"{""0"": ""f276e8fe8a9234ea925ea50d172560921afda80360ea91b4e1704ff1e25aa23e"", ""1"": ""ef90e2a46cfb1e16dc7583ea81dda365e08cbb1b7d9bb773ee9b3f24291ec86c"", ""2"": ""61db1faa387e59a2444d8c69a998462d988aa1a99778784ad4299ee7b70950fa"", ""3"": ""546355ab2801a7b5a35d28e438054a6321fbcaeabed2fdc3f799ac301e6b3402"", ""4"": ""64bbf4be62b4e59fb135982d5e30ea473c1f425ae977ae04c9a21f4dd25fa8c7"", ""5"": ""4caae9889b5b7965dfd3af4a779216a80bdb728686be2ffea9cda4f4c49f7cef"", ""6"": ""daac510ca28e4a6a803c181f6ca88cf415cb7745394512df1d929f104b6f0eba"", ""7"": ""2b99c336fd038a67c7e2bb0a7be9162d58b76534a14f465c91113e4115b280fc"", ""8"": ""1a7b1b1b3bc39405d1cd2500c09f017924e69150740934b6b4d7943e2e25944b"", ""9"": ""33583557e12b06e6bff8e58865af4fd2b0ccaf70bd54caf3adcb55e66a18b7cc""}",ef70f639d4a0eef677a2050f249994db64cce4e0656337159d302f8429ade410,1,1,1,0,1.0524507575197835,0.0,"{""0"": 4.252921517387527e-12, ""1"": 0.19569261695914006, ""2"": 0.0004993329355353276, ""3"": 6.111971982371209e-05, ""4"": 0.19223466667717642, ""5"": 0.18070205215840282, ""6"": 0.1418242940419196, ""7"": 0.1826926261530839, ""8"": 0.011118181845517428, ""9"": 0.09517510950514783}","{""0"": 0.12500000000212647, ""1"": 0.22284630847957004, ""2"": 0.12524966646776767, ""3"": 0.12503055985991185, ""4"": 0.09611733333858821, ""5"": 0.09035102607920141, ""6"": 0.0709121470209598, ""7"": 0.09134631307654195, ""8"": 0.005559090922758714, ""9"": 0.04758755475257392}","[0, 1, 2, 3]",[],1,0,1,1,0.0,bb4196f18fde6b078cf0f96cd00cc08d4961578a538fde1b9a78a8a3c155517e,528dd74b5c62d5eccf238ceb7d27dd28028d5ee2da72a5d234aaa2b9add63afc,"[""proposal_created"", ""proposal_committed"", ""v1_challenge_sampled"", ""audit_rejected"", ""recovery_recomputed"", ""recovery_audited"", ""recovery_verified"", ""committed_once""]"
24,trust_v1v2,0,none,0,0,0,0,1,0,,75.7,0.0,0.1,128659501723802933796791425616860532241,7ca2e5a277cfc71255262b4466ca2a3cf7c2633b0a38226156c6b2473888bfe1,1,"{""0"": ""63002e9ef551c08bf0db854c9ee7e390489565aa27495f4af35436ef95e56bbc"", ""1"": ""6b1809ed4d510d532ba82ed5d5879ca770178a09fdd65696599ff4c02727ae1e"", ""2"": ""7f68c18249445edf4420a2833d694cb36ac53639e0aa823193f4976225ad44df"", ""3"": ""1bcf14ef484a9311863407be687ffb879bd6c883ba2a9adb4eba9bde51e8d143"", ""4"": ""87e86ec6f396158e6bdd3ab378a57207a50dbe3642e9035bb27229019c19f320"", ""5"": ""af85c8e0e86ae0c2a185ceb1d2339b10d68eaf06da0feb9b2b6a9d7b644f3a2c"", ""6"": ""3a1e99981461787f776afefb720b2fc87712f1d5dccfc5483efd4780768aae2a"", ""7"": ""5e27138c8014a783c1bcdb9d6f3f0cdad02171b97557b5ff00851caf55f72cfd"", ""8"": ""66281d6890099ace7c39656014cbbb848c5db3fb47de7d8fccb4b35cbb2088f7"", ""9"": ""6bf1f6f4d48d4a1456521f931fcb40aeeac3e9f17078e0f22b9ad281e0443865""}",,0,0,0,0,0.0,0.0,"{""0"": 1.2758764552162583e-12, ""1"": 0.05870778508774203, ""2"": 0.0001497998806605983, ""3"": 1.833591594711363e-05, ""4"": 0.18346427725718803, ""5"": 0.23658580685914019, ""6"": 0.2233505011073255, ""7"": 0.2371829790575445, ""8"": 0.004716318779306287, ""9"": 0.0558241960538699}","{""0"": 1.2758764552162583e-12, ""1"": 0.05870778508774203, ""2"": 0.0001497998806605983, ""3"": 1.833591594711363e-05, ""4"": 0.18346427725718803, ""5"": 0.23658580685914019, ""6"": 0.2233505011073255, ""7"": 0.2371829790575445, ""8"": 0.004716318779306287, ""9"": 0.0558241960538699}",[],[],1,0,0,0,0.0,528dd74b5c62d5eccf238ceb7d27dd28028d5ee2da72a5d234aaa2b9add63afc,19aeb6b804d96677e2586b68dc32297a6201ceef273ddee384976cd2a1a40e18,"[""proposal_created"", ""proposal_committed"", ""v1_challenge_sampled"", ""audit_accepted"", ""committed_once""]"
25,trust_v1v2,0,none,0,0,0,0,1,0,,77.14,0.0,0.1,295611304768623889185311699492108384316,12b0dd4d15208164438ad8f34fab060f76201013d4ee27acb1f20b553c1ab0f4,1,"{""0"": ""de3e13a0201415568c94a8e2977c9c8c5c072c4fb987d39a5766e4edcb8b2e4e"", ""1"": ""1df3e1bce7746ca72bdea54d99376c249134d391b8b508457dad1cd2e8539bd1"", ""2"": ""b3d68cf1788ee5aabdb8c7bd3beb4988e1a9e417335125b1b2febb876971874b"", ""3"": ""07ae4872926af2a2b95ba2b395ee437e6ecb1396666556181f3dcded621c6e1b"", ""4"": ""a48e2975b1f065b015ff174bf9639dfd83efd159ac2b47e59b01104c51f39349"", ""5"": ""bac481a64b41c0ff0c093e896d09f7d303798bae7aaecd881e357a965b01726e"", ""6"": ""4c8d34932ef2e4713b1af36e8d26b7db17a36628ad567557bd47480a7b4e0687"", ""7"": ""3d001f7ae91438d102a74ec246dd9be87228b6bfe0804cd9ca8946a4881faf52"", ""8"": ""1e4df5da773311f719c9c214f78aacbc4bfafd80ef1a34ea2ca2daf09f1b3b36"", ""9"": ""e2213b430dede8e7c8a93f38c4d111654ed4921fb81c932914fafa0fc0683b1d""}",,0,0,0,0,0.0,0.0,"{""0"": 3.827629365648775e-13, ""1"": 0.01761233552632261, ""2"": 4.49399641981795e-05, ""3"": 5.5007747841340895e-06, ""4"": 0.055039283177156416, ""5"": 0.26041957670928184, ""6"": 0.2564489849837374, ""7"": 0.2605987283688031, ""8"": 0.061364873896334514, ""9"": 0.08846577659899901}","{""0"": 3.827629365648775e-13, ""1"": 0.01761233552632261, ""2"": 4.49399641981795e-05, ""3"": 5.5007747841340895e-06, ""4"": 0.055039283177156416, ""5"": 0.26041957670928184, ""6"": 0.2564489849837374, ""7"": 0.2605987283688031, ""8"": 0.061364873896334514, ""9"": 0.08846577659899901}",[],[],1,0,0,0,0.0,19aeb6b804d96677e2586b68dc32297a6201ceef273ddee384976cd2a1a40e18,b2c4f97d2bc17fbe3a1f235772433bf42282e6c2a89b92301d676c7727b4764f,"[""proposal_created"", ""proposal_committed"", ""v1_challenge_sampled"", ""audit_accepted"", ""committed_once""]"
26,trust_v1v2,1,A1,1,0,1,0,0,1,V1+V2,42.0,0.0,0.1,286032475084397445123556545326300837754,7f9b03965f8b2a552b9bf9f308793a95a4318f54da980b73545df11585c0025d,1,"{""0"": ""0c927dffab1314dac54de2f7852eea80af99edf920a616bb92c2e4190d7d460f"", ""1"": ""a2dc3a8029a3fbff2486f4ed443ba2b57686e352cca3489cbbc35d4211227ed6"", ""2"": ""013df1f31c7781732f46fee413abaaddf9bcaae030672c2daf8cefc5e75a8fd9"", ""3"": ""7dc27247f4b22b49866a36038600985da76b01f9e68f5b4d51c394eb5f7e4145"", ""4"": ""a1958cc52e941859230bc150764b1863354d57a25234f93f588fb9c56eb6acd6"", ""5"": ""511abeb8cbfc38d4b594a239eff3671938e978d14d05e3ef12c5c886cebc6e9b"", ""6"": ""09198643a2e2076f072774a8662e04487875e4bc9bdb6b8ce3292e85676cccdc"", ""7"": ""adc2e9b36f275a6f480e15e2239c89b19c569934a32c0f1f62b3941e67f3d224"", ""8"": ""470ecba9e31e2c7f17543ab1c7993636dfad0cf46b018434391efa1d32aab834"", ""9"": ""0158ccbb9b69f767dbd09b5a4bb75ecedd7d42b09947fc2a8bcd2dcea91e2666""}",8ddf5b8c15d1c71e2f8e0d1366099af974043bc19aba21a7e6fdbadd4aadfb8d,1,1,1,0,0.9899089043242768,0.0,"{""0"": 0.75, ""1"": 0.75, ""2"": 0.75, ""3"": 0.75, ""4"": 0.01651178495314693, ""5"": 0.07812587301278458, ""6"": 0.07693469549512125, ""7"": 0.07817961851064095, ""8"": 0.03442282837002724, ""9"": 0.02653973297969971}","{""0"": 0.22653719988584298, ""1"": 0.22653719988584298, ""2"": 0.22653719988584298, ""3"": 0.22653719988584298, ""4"": 0.004987378037870801, ""5"": 0.023597888681270884, ""6"": 0.02323809398871299, ""7"": 0.023614122487392024, ""8"": 0.010397401534795903, ""9"": 0.00801631572658551}","[0, 1, 2, 3]",[],1,0,1,1,0.0,b2c4f97d2bc17fbe3a1f235772433bf42282e6c2a89b92301d676c7727b4764f,35d377a6b230e8511e1ebfb4484334d13935d040c3a829a77f0dd35d24c30cab,"[""proposal_created"", ""proposal_committed"", ""v1_challenge_sampled"", ""audit_rejected"", ""recovery_recomputed"", ""recovery_audited"", ""recovery_verified"", ""committed_once""]"
27,trust_v1v2,1,A2,0,1,0,1,0,1,V1+V2,76.55,0.9886308269880212,0.1,254312625281647904140553418942261535745,966346cd722cfbd086e801ba2f6e43b124097b27f7d69cd9200869c9b8424cfc,1,"{""0"": ""a6d85d562e86f0a4f6e9066457eb37d46765559eb619237635b926a953f3de51"", ""1"": ""76ca8ea257bc2040c72e920565537de50f88f1250dbda46310a38755f80c2cdf"", ""2"": ""0aec43eff0459bb193552c9c1ff5390a5d05d50e91311ff1544646060106fcbf"", ""3"": ""a09bd819e41a27ae166a341132372854c0711a25544a9126f7d8e67aa89b61f4"", ""4"": ""ebe6cf93de097954dd068f435cf47fb02d4770d8d24ecb0653f1b0988763c4b4"", ""5"": ""e2d0503270bd70416ea37bdd9d47e4e70e2b52a032cbba557dd9a539785b5d5a"", ""6"": ""86372ce1f80207f3f48d33d3b9efc73ce2bd5b18419e44e0ef76852b8ee6bc73"", ""7"": ""4a2002b33cfe25807c45f52380e2ccfc40ca472fccc64d7821bf19b11d9512bc"", ""8"": ""929e5d091cfeabc8273ff1bc4f0e205ad27f7b7edaa42a36872d70fde1ea828b"", ""9"": ""48229514baf3e04dc4c7b8ac32e086b5d89daa9a6500b588de0dffb18ca57413""}",6c69434d501ef4902425a0d019fa00d108fa3b1e787090e6249e78d83b2476c3,1,1,1,0,0.9505054715283642,0.0,"{""0"": 3.4448664290839e-14, ""1"": 0.20678110033703107, ""2"": 4.044596777836158e-06, ""3"": 4.950697305720684e-07, ""4"": 0.05628505466757001, ""5"": 0.23086248755495492, ""6"": 0.23050513429965594, ""7"": 0.23087861120431183, ""8"": 0.01798129195475791, ""9"": 0.02670178031517557}","{""0"": 0.12500000000001724, ""1"": 0.22839055016851553, ""2"": 0.12500202229838892, ""3"": 0.1250002475348653, ""4"": 0.028142527333785004, ""5"": 0.11543124377747746, ""6"": 0.11525256714982797, ""7"": 0.11543930560215591, ""8"": 0.008990645977378956, ""9"": 0.013350890157587786}","[0, 1, 2, 3]",[],1,0,1,1,0.0,35d377a6b230e8511e1ebfb4484334d13935d040c3a829a77f0dd35d24c30cab,813c280d66f74ee5ff3c39024bb5291ae156bce9e526c8d1990902669986c5b3,"[""proposal_created"", ""proposal_committed"", ""v1_challenge_sampled"", ""audit_rejected"", ""recovery_recomputed"", ""recovery_audited"", ""recovery_verified"", ""committed_once""]"
28,trust_v1v2,0,none,0,0,0,0,1,0,,76.75,0.0,0.1,206182078087281320829662171168648755651,1e48d976a980e762999f4bad654515133bbfd4eb9db44ea53e1ec87906343ec9,1,"{""0"": ""e8f345eeca4427a7ec513021cdd495d7eded696ec720dc7837961335f3c22a14"", ""1"": ""d4cf78126d0e6a75ee24da30b725fb49a7cb7931051f936f06e21d239b470627"", ""2"": ""88600f14b2f1b4ce197886f6303d163ac7af76e19f5a1f14fd9b6e0ed4cb6020"", ""3"": ""40d10d738bbd8a608d45d0a3c928f28bfc317ad0ec546c1dd0c755ae6847ddd9"", ""4"": ""b36925fd76b0bae929249fe98e69d8595566156043e96a20dde3659e8ba665c9"", ""5"": ""5c583c8925a31b876758e80ff2554b77aabfc07eeb9dec0c3c7f140c3a7b9c58"", ""6"": ""9372204754756ac4be6c6045816a51df9d41babd39d44d4de894cd6889ad4ac0"", ""7"": ""f2bbc3a90f64f6db9c27492329c1275cb1acbe1c975670bfec5a45a28010997f"", ""8"": ""e2082f7e36217bf4252d8b9cd679ee1584fd3d7c05f8477df3c0d3256467f610"", ""9"": ""511b6bf09dfd5d1664e3887c90705bcf0b629d536fe56af3c380a1838fdf202b""}",,0,0,0,0,0.0,0.0,"{""0"": 1.0334599287251702e-14, ""1"": 0.06203433010110933, ""2"": 1.2133790333508476e-06, ""3"": 1.4852091917162053e-07, ""4"": 0.1538420139658918, ""5"": 0.24519043816510186, ""6"": 0.2450832321885122, ""7"": 0.20885637256450668, ""8"": 0.005394387586427374, ""9"": 0.07959786352848797}","{""0"": 1.0334599287251702e-14, ""1"": 0.06203433010110933, ""2"": 1.2133790333508476e-06, ""3"": 1.4852091917162053e-07, ""4"": 0.1538420139658918, ""5"": 0.24519043816510186, ""6"": 0.2450832321885122, ""7"": 0.20885637256450668, ""8"": 0.005394387586427374, ""9"": 0.07959786352848797}",[],[],1,0,0,0,0.0,813c280d66f74ee5ff3c39024bb5291ae156bce9e526c8d1990902669986c5b3,7be1bd9567f2ebb81fab71375fa932511efb429703670065ee5962f2beea5b66,"[""proposal_created"", ""proposal_committed"", ""v1_challenge_sampled"", ""audit_accepted"", ""committed_once""]"
29,trust_v1v2,1,A2,0,1,0,1,0,1,V1+V2,70.12,1.6484876253172702,0.1,211512613149497082628513472920194515567,962e4becd9947734e8f8d41404bb4148be375b83aac9eeaf0c24a9eb118ff7a2,1,"{""0"": ""4af6f7294f2b677e8c36369c3e7f6d7fed47c4ec1c07d4592592a1cd0a2a6858"", ""1"": ""7973f4a0c33fa163825d7bb69c0e4096926143b77c7e8718c10595f63cda38cf"", ""2"": ""722fbf8a10c6fa3edf763c7595799471003f0c1274a47858be03caa0e6ec088e"", ""3"": ""2f61075d559a2da9a3bc005166b3d130052861a962f9645bb7f4cf0532458fab"", ""4"": ""7a93824f3f013cf5d56df8a2ee6d2db79d7acfefcb188d89987f0f4c53c73208"", ""5"": ""efe4e61860c08c738656de9c7a867516805379e25688892ff3093a08ba06249b"", ""6"": ""7b1ac600d7fa7d440487dcb023e012519e3f4bfb7f8f2cbfd36c9ebd0910eb94"", ""7"": ""2840f75e53965bfae773bdf0918a8f49541a79bff1d533777e561478b43561ba"", ""8"": ""a89929e3a9cb2973c59607d5f6fe5038747e165ad2145bcb1356bc7ef0da680e"", ""9"": ""85f8397412a85d74f3b77b7c8113b1030ba1bc3f9fdb9688c07fc523cefdf39f""}",14183ca78ca6128eb9f4cc574eec9a604a0086dff6dc5220e0565744c71533f9,1,1,1,0,1.812289404597091,0.0,"{""0"": 3.100379786175511e-15, ""1"": 0.04098661905855021, ""2"": 3.640137100052543e-07, ""3"": 4.4556275751486165e-08, ""4"": 0.04615260418976755, ""5"": 0.07355713144953056, ""6"": 0.07352496965655367, ""7"": 0.4014687517552432, ""8"": 0.34043015626181944, ""9"": 0.023879359058546393}","{""0"": 0.12500000000000155, ""1"": 0.1454933095292751, ""2"": 0.125000182006855, ""3"": 0.12500002227813786, ""4"": 0.023076302094883774, ""5"": 0.03677856572476528, ""6"": 0.036762484828276834, ""7"": 0.2007343758776216, ""8"": 0.17021507813090972, ""9"": 0.011939679529273196}","[0, 1, 2, 3]",[],1,0,1,1,0.0,7be1bd9567f2ebb81fab71375fa932511efb429703670065ee5962f2beea5b66,9b305fd13865d7ddb498b1bfe635dc2fb7f6cc50cd9dedbff1d7906cf9e8d552,"[""proposal_created"", ""proposal_committed"", ""v1_challenge_sampled"", ""audit_rejected"", ""recovery_recomputed"", ""recovery_audited"", ""recovery_verified"", ""committed_once""]"
30,trust_v1v2,0,none,0,0,0,0,1,0,,58.21,0.0,0.1,171234053694899934643103569035182544225,39d23fd042c12c2022c0c9c84ec09fa92b7211517e31feaaf64220ffa04e7e49,1,"{""0"": ""691e9eee20d833f210a4905bf309a766485e4bb74173f9c82a9d179bb8e7f51a"", ""1"": ""0d715a3993e82c40dd907f6f22d45c99dcbb4b3a8d8b4c8ad00866e8d31cd85c"", ""2"": ""fd0c74dee886433bc177ee9d84ece767a3c7bcc1d77526a77344b11d269f059f"", ""3"": ""98f1d314957317b994ddd137dd82c93f8f9d6c5b2ef8f4d13e76de1baf4c0c18"", ""4"": ""8ea068dfa4cfec36a535cd70853b5962f70c8164642a792eaa84a110b79210e0"", ""5"": ""b1b6c0cad93c6776d92724f99c2399f304116afab458eff7658af843557a255f"", ""6"": ""9e34108108ea1ec19c28bcce192a4eac7ec5c4c13016f009ff5fb7cbe27866a2"", ""7"": ""e9155c3461dd1f5a56cbe5b55e74474bbe1366ffca59e772f27bb0557e868bb5"", ""8"": ""b743f4815cad997621a86ba43646351069aa4ba3a7b71e96a742b4a8b414e609"", ""9"": ""e80f3cda9803b6af5114c079305859358585607ac2149d52fe5fa4cb20cb38fe""}",,0,0,0,0,0.0,0.0,"{""0"": 9.301139358526536e-16, ""1"": 0.46200196707265556, ""2"": 1.0920411300157633e-07, ""3"": 1.3366882725445855e-08, ""4"": 0.2641397999018399, ""5"": 0.022067139434859176, ""6"": 0.022057490896966108, ""7"": 0.120440625526573, ""8"": 0.10212904687854588, ""9"": 0.007163807717563921}","{""0"": 9.301139358526536e-16, ""1"": 0.46200196707265556, ""2"": 1.0920411300157633e-07, ""3"": 1.3366882725445855e-08, ""4"": 0.2641397999018399, ""5"": 0.022067139434859176, ""6"": 0.022057490896966108, ""7"": 0.120440625526573, ""8"": 0.10212904687854588, ""9"": 0.007163807717563921}",[],[],1,0,0,0,0.0,9b305fd13865d7ddb498b1bfe635dc2fb7f6cc50cd9dedbff1d7906cf9e8d552,a4dfc9452af0d8e2d097e0a305afbeb6053760e1001c2ebfc0d167116effc340,"[""proposal_created"", ""proposal_committed"", ""v1_challenge_sampled"", ""audit_accepted"", ""committed_once""]"
31,trust_v1v2,1,A2,0,1,0,1,0,1,V1+V2,76.41,34.96839470461104,0.1,21190508517720095249015891048673142434,af806b00f1e10066d96119aea66e420c7dd2a50a2dae4823cbcf56a1d95e8364,1,"{""0"": ""6703050adfdaadf112dada64bb834013f15fe895a8150cff075a1d89dfe6347c"", ""1"": ""c31f38aff88641af2a29cd418f0dcca22c67bc4ab2d62d7412df84103043ceca"", ""2"": ""f115af52c9660aa7647afc98ad3cb8144914dd4279bc2e151057dc6dea4c2b96"", ""3"": ""3108acc2a81cd477aab5a64cd380ae5731c4e1289b52ec3ffbd8ca81523b2123"", ""4"": ""af18e809bf36789b80cd7620b6d4b5747784ea4f13c50a395338bb7ebfac3954"", ""5"": ""2c714098004730ee3df39b04377316f3797cd23eb23474c51eb9bbe39860690c"", ""6"": ""c95d9dffb19b520fe88370ed2384c8e8f47eecc0aaddaa8cc6cdf16358028235"", ""7"": ""c069b2d6ff7591f96cade986f4a17ef7a086b417e16e46868aa6f9bf3ca689dc"", ""8"": ""9a77c8d87e7195743b29b07565b1ac9d267b60f7eefe0c6de696ad32641a3238"", ""9"": ""16acb586e1a757d20195446cfbb5d8b3f1b6772fe14f988fd4fef487bc83e914""}",2f956b94c88aa7364466e9fdb1968b10e02a43fac7214c89255e4d3d8cc44d8b,1,1,1,0,1.5148995299573476,0.0,"{""0"": 2.7903418075579615e-16, ""1"": 0.13860059012179668, ""2"": 3.276123390047291e-08, ""3"": 4.010064817633757e-09, ""4"": 0.2413755697669135, ""5"": 0.16875377162681926, ""6"": 0.16875087706545133, ""7"": 0.19826581745433342, ""8"": 0.04252132174593387, ""9"": 0.04173201544745304}","{""0"": 0.1250000000000001, ""1"": 0.1943002950608983, ""2"": 0.12500001638061692, ""3"": 0.1250000020050324, ""4"": 0.12068778488345672, ""5"": 0.08437688581340962, ""6"": 0.08437543853272565, ""7"": 0.09913290872716668, ""8"": 0.021260660872966932, ""9"": 0.020866007723726515}","[0, 1, 2, 3]",[],1,0,1,1,0.0,a4dfc9452af0d8e2d097e0a305afbeb6053760e1001c2ebfc0d167116effc340,a2da32022a0cc509f59e036944e9dfdf9d24a80a8554eea19ca54cab26ede62f,"[""proposal_created"", ""proposal_committed"", ""v1_challenge_sampled"", ""audit_rejected"", ""recovery_recomputed"", ""recovery_audited"", ""recovery_verified"", ""committed_once""]"
32,trust_v1v2,0,none,0,0,0,0,1,0,,74.58,0.0,0.1,255324351730925921648064262759084749833,223d2602cbfc374930862658ea1e3c850b97582b0b886f0196a72146982b5f22,1,"{""0"": ""656047e46adb33e4543bceba155a9050d588ac1fb564cc281e2782db9d4b8ce5"", ""1"": ""d783972bdf8c261b078bff7136cc3742ae3ee838abf86e662f8092ad5d42432c"", ""2"": ""1d206dca412aa0c0863d9367d071505bd0a5a306b1323f63cdf54143243b8310"", ""3"": ""1aaaf85f03fff5769f73e4c718d61211ff4956af24c196074920944d6c5e62de"", ""4"": ""e9b750d98d59900f0af4fd954e75bd3b38786693541440e7ea0ed851d3ca907c"", ""5"": ""6f40f368895a552e28e3f1e814b7473cbbf1592baa09a3af76a1c31170823fe4"", ""6"": ""e0fb411c0eb38ebf1b21e1755788a25aaeb0c40571fbb0fcf935a627536c23dc"", ""7"": ""0c925e1ecdf4242035db6b22c5401e425a5b562a7f087b9b3eb1d85ee4eb2b9d"", ""8"": ""d75ac8290a4ef3daaec0003aa389f8c5b935246d4fbfce92d5920d510f11c668"", ""9"": ""ae0a4837c74ddc12609c37e19c3f76a8ca4561e88dc33c310d71e47c10a419d0""}",,0,0,0,0,0.0,0.0,"{""0"": 8.371025422673887e-17, ""1"": 0.04158017703653902, ""2"": 9.828370170141874e-09, ""3"": 1.2030194452901274e-09, ""4"": 0.12324019423241601, ""5"": 0.31506489373160035, ""6"": 0.31506402536318995, ""7"": 0.16701000160698135, ""8"": 0.012756396523780165, ""9"": 0.025284300474103582}","{""0"": 8.371025422673887e-17, ""1"": 0.04158017703653902, ""2"": 9.828370170141874e-09, ""3"": 1.2030194452901274e-09, ""4"": 0.12324019423241601, ""5"": 0.31506489373160035, ""6"": 0.31506402536318995, ""7"": 0.16701000160698135, ""8"": 0.012756396523780165, ""9"": 0.025284300474103582}",[],[],1,0,0,0,0.0,a2da32022a0cc509f59e036944e9dfdf9d24a80a8554eea19ca54cab26ede62f,9b9e07570d77a87011833103e5e0d0554cdfd6cdea7d7bbe01ddf62f6741e4cb,"[""proposal_created"", ""proposal_committed"", ""v1_challenge_sampled"", ""audit_accepted"", ""committed_once""]"
33,trust_v1v2,0,none,0,0,0,0,1,0,,62.16,0.0,0.1,266045781521766169235449824610233751955,b1e0fb8339dcc819e471c54480a3a8649b0be9180d2964fa08dec237d9e702c9,1,"{""0"": ""883584b21a77db815e1b53fcb3bf629adfa9a45c0c87c55072fafa12ae197596"", ""1"": ""4d08913b009f741e9d266b491d6695ceffc13c2cfa91c9c9a475af1187929cf0"", ""2"": ""1019bc2912de6de092e84a583fb79700b67c181600f0b94e6df5af21523464cf"", ""3"": ""b6c033529ed78385925a7a935d6a15f2274abac370c8dac6bc7341bda086cd36"", ""4"": ""dd239ceabe1cfb2dfb486399141e2932e7900bf083947a53a30d3f36a5723598"", ""5"": ""d628850a24f817159fe44bd78c58a4324ae695f6ba07ab44c5b56c9726aad934"", ""6"": ""6a8ba9e917fc0a62d70f7f21270219e5702ad73c6c2aa2d8fa110f2d081af226"", ""7"": ""c53215c7592e80079a27b2e157a575765cd7095d9c2fba90ba902c5ad5c6af6f"", ""8"": ""29c7cc8e386e25ed76e29470ba83297a3bb4ba6182cfead8602ca85856e7ad08"", ""9"": ""6ff6f9c6888eb7aedcd0209786d35e601cff509148965cf2a6c098236d2c2340""}",,0,0,0,0,0.0,0.0,"{""0"": 2.5113076268021657e-17, ""1"": 0.4489148897834856, ""2"": 2.948511051042562e-09, ""3"": 3.6090583358703815e-10, ""4"": 0.0369720582697248, ""5"": 0.09451946811948009, ""6"": 0.09451920760895698, ""7"": 0.2297013239973057, ""8"": 0.05554551651625458, ""9"": 0.03982753239537522}","{""0"": 2.5113076268021657e-17, ""1"": 0.4489148897834856, ""2"": 2.948511051042562e-09, ""3"": 3.6090583358703815e-10, ""4"": 0.0369720582697248, ""5"": 0.09451946811948009, ""6"": 0.09451920760895698, ""7"": 0.2297013239973057, ""8"": 0.05554551651625458, ""9"": 0.03982753239537522}",[],[],1,0,0,0,0.0,9b9e07570d77a87011833103e5e0d0554cdfd6cdea7d7bbe01ddf62f6741e4cb,5a6cdd8655cdaccadac3f5b4f9d0fc77e619e67a475be99278cef7c896eed357,"[""proposal_created"", ""proposal_committed"", ""v1_challenge_sampled"", ""audit_accepted"", ""committed_once""]"
34,trust_v1v2,1,A2,0,1,0,1,0,1,V1+V2,78.18,1.2402228740782075,0.1,197085766486334600922709564151034311695,6279f3a28fc49b5853cb1d1c0bd2a7714935fd65dd1899d1d619213afb513001,1,"{""0"": ""7165ac83fba8bbb2696e0ea7cb66f5ff4dbba1b81520a9d931aec89713fbda26"", ""1"": ""e3b30391a6684ee385b88bf8449e459018f62132635eb421d78553f6ef416c11"", ""2"": ""f11026d875fac504ae17173a8c7bb5e943f6f1167762fa10500de885926bfa82"", ""3"": ""6cd949a4ebcc876cb2eb6c1f47373c07197419af4f07a74b0decf0d098152e5e"", ""4"": ""60cbaa988e6bb5159a0218dd8252210c4da0797aa457303060aabc966f498f0c"", ""5"": ""04f4cdd5845a3059fdb8e678044a9e16767b8dd601905ba49fb274c2cd7acacd"", ""6"": ""6a87707e530285178e46fc6972e51c682017455a184c8f29d4db7594db1f52d5"", ""7"": ""d3c1be71ffed436e183e7beda7042d7ffe498a96ac3984e525fe10eaf0c12c6d"", ""8"": ""de2a3f7c3f52f59c78e020ef30e87a85fe57c7f5b12279642cb6fbf2ccf0e9c2"", ""9"": ""fa8be873e25120911a5994ba8b6117c221d47e0e7f9bb9f1d75a356df6ec9ccc""}",1b94dee50ca7d9da55b90e150b397fbf689ccac36a8a93e7ef43804a9b5dfb73,1,1,1,0,1.5730773413038113,0.0,"{""0"": 7.5339228804065e-18, ""1"": 0.13467446693504573, ""2"": 8.84553315312769e-10, ""3"": 1.0827175007611149e-10, ""4"": 0.20044210820568406, ""5"": 0.21770633116061064, ""6"": 0.14309966459644047, ""7"": 0.25826088792395835, ""8"": 0.020234360642442793, ""9"": 0.025582179542992918}","{""0"": 0.12500000000000003, ""1"": 0.19233723346752288, ""2"": 0.1250000004422767, ""3"": 0.1250000000541359, ""4"": 0.10022105410284204, ""5"": 0.10885316558030533, ""6"": 0.07154983229822025, ""7"": 0.1291304439619792, ""8"": 0.010117180321221398, ""9"": 0.01279108977149646}","[0, 1, 2, 3]",[],1,0,1,1,0.0,5a6cdd8655cdaccadac3f5b4f9d0fc77e619e67a475be99278cef7c896eed357,6cbacbcbe599b18915a46d862ae18364752af013dfd6b16aad57b989c10eaca4,"[""proposal_created"", ""proposal_committed"", ""v1_challenge_sampled"", ""audit_rejected"", ""recovery_recomputed"", ""recovery_audited"", ""recovery_verified"", ""committed_once""]"
35,trust_v1v2,0,none,0,0,0,0,1,0,,30.76,0.0,0.1,206832763981507733743271013075146707247,adf3688d25728fa84eb78d5f1c95d51a105552fad9bacfab04bc7284c86831a0,1,"{""0"": ""b6b04406992d76f416362949981f8dcc2696fce651e9033ae97a5f46f04a0467"", ""1"": ""6f87c6b4497fd1e53a64f7028660703602b84a1a6187079118be132f18755c04"", ""2"": ""7ec2a1aed7a14bade494aa753002299c7cbfa8ec55ccefac4a4b26e06db8599c"", ""3"": ""6e1bd431806f772a5f2470bd834c94930a57e698e78aad9d0e7eee844fa216f1"", ""4"": ""e33a9311445c83d0dc5db4fb3fa06aee24c677484199e3fcb4fa472597a1dd47"", ""5"": ""d591fb85c93fbc4e059652125d344b4989d1f8a0d2b7673c460397a184edaa1a"", ""6"": ""79a38906ca00eb9e1ebb160da7e285b4e87982a6131e5d0701cc7e9ad0b37dba"", ""7"": ""fea297e47ca9de34fced7cef9411896dbc8201897a5598d8236009498a9f3264"", ""8"": ""61465dd75691a70b5df6a1435e5ace1ef006f87248eb3d5a34256d5d89924165"", ""9"": ""0950e16478da7487115c14832407b8a3f2bf7e2307d054d494b5443f05af3b7d""}",,0,0,0,0,0.0,0.0,"{""0"": 2.2601768641219506e-18, ""1"": 0.7404023400805138, ""2"": 2.653659945938308e-10, ""3"": 3.248152502283346e-11, ""4"": 0.06013263246170524, ""5"": 0.06531189934818321, ""6"": 0.04292989937893216, ""7"": 0.07747826637718754, ""8"": 0.006070308192732841, ""9"": 0.007674653862897878}","{""0"": 2.2601768641219506e-18, ""1"": 0.7404023400805138, ""2"": 2.653659945938308e-10, ""3"": 3.248152502283346e-11, ""4"": 0.06013263246170524, ""5"": 0.06531189934818321, ""6"": 0.04292989937893216, ""7"": 0.07747826637718754, ""8"": 0.006070308192732841, ""9"": 0.007674653862897878}",[],[],1,0,0,0,0.0,6cbacbcbe599b18915a46d862ae18364752af013dfd6b16aad57b989c10eaca4,6daad484b33a90117df8de9089f6451275cd10eff9cdeeb7ba05bf148ef25623,"[""proposal_created"", ""proposal_committed"", ""v1_challenge_sampled"", ""audit_accepted"", ""committed_once""]"
36,trust_v1v2,1,A2,0,1,0,1,0,1,V1+V2,76.79,2.4287367607014962,0.1,335585577053211377731410642654077187671,1c7f88afe18d1c240da7028274827e96cf2c60fe362e02c115fc029e44b12a81,1,"{""0"": ""5202136fd8251d3eb2ec4beff263761b14c6593132a67f07f22bb0ded2f45fae"", ""1"": ""8f67bb6feb9b4872aaf9e480f641edfcef4d8bdeac3c88685fb9c46309118e28"", ""2"": ""beb887c55acf1b853671fb8e602b034873432132d756bca8f360e27907044f1b"", ""3"": ""b2889709aa220e8c06537a0a68c3f6757c002e142baa7717b360bac013f3d575"", ""4"": ""b943291aeb8b766631658fbaa28f3017830abb5e917416f326915665b06af5ed"", ""5"": ""b32a3b1f116966fe5bb52aaa929dec27b7e94bdde55f0b2e87dd6a53029f1a14"", ""6"": ""d47c107d32fb0fd4227ecea10c481e167a2de30230350edbc7d367d200b7df5f"", ""7"": ""d886e2969012c5c7bbc2332bc1fd01c1b6ec574c35ac06c4921b9565e30123f3"", ""8"": ""c38371c6760d8c912524317300081b4e5f50a211fa796beb15540b36250295cf"", ""9"": ""befc537040f2196a1f61eeee64359ce15d2a072312f35241e46bbf7cb0b9bcf9""}",28e2eb3274e7673d6887e7d847592271330b0026b38c8ba4be138f9bb68bdc77,1,1,1,0,0.9554429835908455,0.0,"{""0"": 6.780530592365851e-19, ""1"": 0.2221207020241541, ""2"": 7.960979837814923e-11, ""3"": 9.744457506850037e-12, ""4"": 0.16052399485064603, ""5"": 0.1620777749165894, ""6"": 0.13698684165512892, ""7"": 0.1657276850252907, ""8"": 0.040065562755334114, ""9"": 0.11249743868350236}","{""0"": 0.12500000000000003, ""1"": 0.2360603510120771, ""2"": 0.12500000003980494, ""3"": 0.12500000000487227, ""4"": 0.08026199742532303, ""5"": 0.08103888745829471, ""6"": 0.06849342082756447, ""7"": 0.08286384251264536, ""8"": 0.02003278137766706, ""9"": 0.056248719341751185}","[0, 1, 2, 3]",[],1,0,1,1,0.0,6daad484b33a90117df8de9089f6451275cd10eff9cdeeb7ba05bf148ef25623,16199cf236f22616097ae373e11325d8527fc488a4cb1400e3e7ebe2f70bee94,"[""proposal_created"", ""proposal_committed"", ""v1_challenge_sampled"", ""audit_rejected"", ""recovery_recomputed"", ""recovery_audited"", ""recovery_verified"", ""committed_once""]"
37,trust_v1v2,1,A2,0,1,0,1,0,1,V1+V2,78.77,0.4908200012561238,0.1,37910104424957847647996763470298779280,6ae20015c386eff6b5b29e48fcd9a03a65d4a31ba62a702bb91b0be7e9d62552,1,"{""0"": ""db66ef51a434efe7efe94b19239f86c8fdbbd3eda996503f4ba62e0e9565fead"", ""1"": ""ff892801acc793e0f195ccb218d97bf4fa6cf955af98d6904e3649a64b86296b"", ""2"": ""12676d3691fe20218de4bff9ec5b739b280717359bcea3f5a689cb493eaa792c"", ""3"": ""1bca1b7b64712df80cf88cb81d68a6b2693516ab90b1e3775004220d31ec797a"", ""4"": ""dcb84093a075aa1b73261e263f6ac76e56a1d9038d166e6c9759e684b1f8d2c2"", ""5"": ""5932dcedbfcddcabfcd6e7918ab4e08ec9e08536f23113819e26ed55b79faa57"", ""6"": ""3b10f14454887b2488ed8eaa2794693fc7584756220e680738ab64bca8764971"", ""7"": ""18d4a59140753d6832350e6280b135d1def2c964bfb7ff0e26ab2e7ce1a32425"", ""8"": ""aff8bafd08b50be3255cd33c478be0088cf5a0d4a7a11cdef48bf54163824e17"", ""9"": ""e42fe0859b6e411981aa7799e5fe7bf6138723cefd5160168e869147328966d8""}",224184f9ce709ba545d65f892e5d67055e97c5528ef6aacfc670c148dc803dab,1,1,1,0,2.48797188210731,0.0,"{""0"": 2.0341591777097554e-19, ""1"": 0.06663621060724624, ""2"": 2.3882939513444774e-11, ""3"": 2.9233372520550115e-12, ""4"": 0.21881854844112572, ""5"": 0.21928468246090874, ""6"": 0.13364834123871255, ""7"": 0.2162755918236535, ""8"": 0.012917571956147875, ""9"": 0.13241905344539912}","{""0"": 0.12500000000000003, ""1"": 0.15831810530362314, ""2"": 0.1250000000119415, ""3"": 0.1250000000014617, ""4"": 0.10940927422056287, ""5"": 0.10964234123045438, ""6"": 0.06682417061935629, ""7"": 0.10813779591182676, ""8"": 0.0064587859780739386, ""9"": 0.06620952672269957}","[0, 1, 2, 3]",[],1,0,1,1,0.0,16199cf236f22616097ae373e11325d8527fc488a4cb1400e3e7ebe2f70bee94,b9c6a0a0d46e83bfa06873afbea350140c72096e4601f153361721d7a49857ac,"[""proposal_created"", ""proposal_committed"", ""v1_challenge_sampled"", ""audit_rejected"", ""recovery_recomputed"", ""recovery_audited"", ""recovery_verified"", ""committed_once""]"
38,trust_v1v2,1,A2,0,1,0,1,0,1,V1+V2,32.84,0.3323087482559004,0.1,319039945320745984514619892265777874862,b81c3b24e8e2951b24d5ba536d7db9b3013fa9115d8f9c2b9204479efb5ff376,1,"{""0"": ""2bf4114cd68a5cdcf19f1cb11dfa241d81895a24cc5e6d2702be22d9a2f8d6be"", ""1"": ""dc2291415f9f21c881c43f4b0661e3e4873777c0ed4d403bf179c63bd5994a6e"", ""2"": ""2f838b3801d581e3f35cba1e1cf5888b4120ec0c30a039d5a01c59e76c96129a"", ""3"": ""33bf5337b1172898f292807e7ead6df8f994bc34fc8307be6c2fc800c24a0dd1"", ""4"": ""e97abb5bc023baa78f47b2e6f55ad7932f8b10749af5d2a8e9c88238cb154da8"", ""5"": ""b6d0f58e04ca5d438cbd092b5f33c1739dbf214d7aa47ee619851dc4d71c9a1b"", ""6"": ""45cc8d2daae2b73fd32e221a1861a0db6ccb83baeb965e75906de8520d5bd062"", ""7"": ""ddb971d38774ad33530cb2765a03a2e8bdeb7f143e4c1f887e55b33e9b52450c"", ""8"": ""c0a8ecfb387b07e1a8cb4a2a611f813751b84af919e175720f7f118b6e10f8c5"", ""9"": ""7a261aab4ae6ac20b5fb2e9c9bbdfb54ff38a440da6e3a9ae7bb200cfe01c0ec""}",193ca5f45753a7a593bf093a82c2f5cb92814333a1eee077229458b2b4f42b85,1,1,1,0,0.7409172337404579,0.0,"{""0"": 6.102477533129267e-20, ""1"": 0.7199908631821739, ""2"": 7.1648818540334336e-12, ""3"": 8.770011756165036e-13, ""4"": 0.06564556453233773, ""5"": 0.06578540473827263, ""6"": 0.04009450237161377, ""7"": 0.06488267754709606, ""8"": 0.003875271586844363, ""9"": 0.03972571603361974}","{""0"": 0.1633977170358341, ""1"": 0.3267954340716682, ""2"": 0.16339771704051703, ""3"": 0.16339771703640732, ""4"": 0.04290534151245003, ""5"": 0.04299673979404837, ""6"": 0.026205400612838107, ""7"": 0.04240672554547068, ""8"": 0.0025328421207368125, ""9"": 0.025964365230029186}","[0, 1, 2, 3]",[],1,0,1,1,0.0,b9c6a0a0d46e83bfa06873afbea350140c72096e4601f153361721d7a49857ac,a09945dfbd41695b1b324a8c70ea3c562a3488db1fbb286da578c668cc3f82cf,"[""proposal_created"", ""proposal_committed"", ""v1_challenge_sampled"", ""audit_rejected"", ""recovery_recomputed"", ""recovery_audited"", ""recovery_verified"", ""committed_once""]"
39,trust_v1v2,0,none,0,0,0,0,1,0,,78.07,0.0,0.1,88298036885536915649951022835791511459,e98dcf2365553485dda6ef1df4aecb549eb81c657f3a0c59d5c7820af93aba30,1,"{""0"": ""2f6775da721f17f385322a507533c57648cce06fca4c768538f7aa136aaef117"", ""1"": ""9afd2439800e1efd5201b53a2a35e228c9a9cf3667625e11d17c2a3e6498ef09"", ""2"": ""8df3e955b3df295995386c5ea7174841bca3f28fa3640df387fb48379b1d9b08"", ""3"": ""924bc5c4195a82458995d15cbf7656738f01db5d5a44eb8bf3e6a4c5617bdc9c"", ""4"": ""e6e8108b803ba13032f6723ffadcb9f3a464418eee783675c6085a4bb1ac725f"", ""5"": ""ed754c50f096b5edcb9f9c45565b95c699bf6d82a0850759761330d84057c66c"", ""6"": ""1b9bd18f469d90f40d2641095e340ec91ea4091f09158204be18ae77e3433d67"", ""7"": ""08aa8da6bdb22c60494b10de526bb4175d36df21dfbad3f70743ad57cacd79e4"", ""8"": ""0b969fe1c3e4570c40f47e88add872938dea2ce9bfea5bf4e77f4f4a073a2f0c"", ""9"": ""46cd5e2fdc45b0ad938713c053f15dea705f47487f2b1a311bd226184faa3031""}",,0,0,0,0,0.0,0.0,"{""0"": 1.8307432599387804e-20, ""1"": 0.2159972589546522, ""2"": 2.1494645562100304e-12, ""3"": 2.6310035268495113e-13, ""4"": 0.16657614418079625, ""5"": 0.16661809624257673, ""6"": 0.15891082553257907, ""7"": 0.16634727808522376, ""8"": 0.004766730626023226, ""9"": 0.12078366637573631}","{""0"": 1.8307432599387804e-20, ""1"": 0.2159972589546522, ""2"": 2.1494645562100304e-12, ""3"": 2.6310035268495113e-13, ""4"": 0.16657614418079625, ""5"": 0.16661809624257673, ""6"": 0.15891082553257907, ""7"": 0.16634727808522376, ""8"": 0.004766730626023226, ""9"": 0.12078366637573631}",[],[],1,0,0,0,0.0,a09945dfbd41695b1b324a8c70ea3c562a3488db1fbb286da578c668cc3f82cf,cfe39458a17125f84f45a0036e33306f5ba937003512d89c36fc549be94fa44e,"[""proposal_created"", ""proposal_committed"", ""v1_challenge_sampled"", ""audit_accepted"", ""committed_once""]"
40,trust_v1v2,1,A1,1,0,1,0,0,1,V1+V2,78.55,0.0,0.1,313790252279965764294920235457724444207,aa6bcff01fd4cb7f36569bf657b8c57750de196ac5ad986ad717cf8bdea5ed63,1,"{""0"": ""f809223074e906543673b7170a55eed1a9c8eaee98d50b9dd7a9fffa84159124"", ""1"": ""b4b2cc61c86a771e1259568748cfbcc0fbea6c885bd1bc458740cf3a80c126dc"", ""2"": ""877b950e17cd1617646d06d0efc8674194fc08658ebbbeef9222ee7ed5ff6917"", ""3"": ""a25ab9ead1b1e9bedc00cc8cfed3caccedc4f3e71f7c225e1f47f9a4929d11e6"", ""4"": ""653ed854729e4894a35d67869005a1444eec72ce44cc15484cc14caba00ddbd0"", ""5"": ""2204f3964ef4b7d417b258800677bcfb93034be4128ce26d7c737c311e4ab32b"", ""6"": ""67c738ddfb760a22d343017c2a215dc47d6a3370576cd6a5773506d4301e997f"", ""7"": ""542a1f5bbe346cab7a565d2c104271711e7ff0c04ac80457191276e1b2dacf6d"", ""8"": ""8d5703369b53b1f13d0b2eb5bc40f50b2b31a5ab012f5120d27fefec90b1d6b6"", ""9"": ""f3c749d9accb94eb768a86babcfe03415ef2efa9a5ae0997d6d631dfaff14486""}",46c7344d2e5c1d7375f5c709df6188580e0d5ede456574ece548fa0431a5c4d1,1,1,1,0,3.4387709772011106,0.0,"{""0"": 0.75, ""1"": 0.75, ""2"": 0.75, ""3"": 0.75, ""4"": 0.12438736404945953, ""5"": 0.2650207188369496, ""6"": 0.21807009779795372, ""7"": 0.2649394733897437, ""8"": 0.0024948303677714227, ""9"": 0.060288337871002684}","{""0"": 0.19058747796235564, ""1"": 0.19058747796235564, ""2"": 0.19058747796235564, ""3"": 0.19058747796235564, ""4"": 0.0316088986727625, ""5"": 0.06734617388120638, ""6"": 0.05541523994442166, ""7"": 0.06732552806136785, ""8"": 0.0006339779036499356, ""9"": 0.015320269687169034}","[0, 1, 2, 3]",[],1,0,1,1,0.0,cfe39458a17125f84f45a0036e33306f5ba937003512d89c36fc549be94fa44e,1c6cd8724e4e21d2bb2338000107aea581de83a98f3857ba10c0c51eec177b11,"[""proposal_created"", ""proposal_committed"", ""v1_challenge_sampled"", ""audit_rejected"", ""recovery_recomputed"", ""recovery_audited"", ""recovery_verified"", ""committed_once""]"
41,trust_v1v2,1,A2,0,1,0,1,0,1,V1+V2,63.9,0.3644176517763838,0.1,23944246617977287692959766888323492820,1839d6e52b1cd2d90ff1d0163cdc6dc760ea46316f65a33d94e3acd8051608bd,1,"{""0"": ""a9d03aef7ee53f7aad07f3639f05d47d9088fb581b4af6f19b7a1955a197eef6"", ""1"": ""19cfcdf8c5ec7e11a1400878800e446847e3c9830107dcae82c441ce5ddb18c9"", ""2"": ""1cc8dec5eea9168c309f74010fc8acac4d3b31d166bb724cbf82884c1ce4d369"", ""3"": ""62f56453ec9f38d514ae7cc0cef11eb66ae86e24897ee45cc60b1740d31f85c2"", ""4"": ""d98ada00308ef22bffc57a4464fb4104cbf10387c5e72c36d9372dc430518cd7"", ""5"": ""b21f74735116a2a07709fc691dee79c9cf18b30b1fc0c628d5b399db0839b7d8"", ""6"": ""2aabae3dc2d654c1780529deb1e2ab82f9f763baa863bdc756a9fe2bd5fe023c"", ""7"": ""b5086bf090cb3b02446b1ec978128afa3e5f10cbbac2ef3ee3c3cbbf5cfcbe23"", ""8"": ""dd1660f15dd5ed65271a89fdff0cb509d5cd1053ffb34e5f150a26c8ecaafad9"", ""9"": ""09635bc348c37c208a45e24f1466901eb5b766749d613cf385fbba34a36cadd4""}",bd244c7fad81925ceedad19eb207a0aa7305a42e8f0ee6caf3ce0a53600a66e3,1,1,1,0,1.052649001354768,0.0,"{""0"": 1.6476689339449027e-21, ""1"": 0.36943975330591866, ""2"": 1.934518100589028e-13, ""3"": 2.3679031741645612e-14, ""4"": 0.037316209214837866, ""5"": 0.0795062156510849, ""6"": 0.06542102933938612, ""7"": 0.07948184201692313, ""8"": 0.35074844911033143, ""9"": 0.018086501361300807}","{""0"": 0.13293910707699255, ""1"": 0.2658782141539851, ""2"": 0.13293910707709541, ""3"": 0.13293910707700515, ""4"": 0.019843134130075147, ""5"": 0.04227794126290414, ""6"": 0.03478805289774289, ""7"": 0.04226498042625739, ""8"": 0.18651274253346967, ""9"": 0.009617613364472557}","[0, 1, 2, 3]",[],1,0,1,1,0.0,1c6cd8724e4e21d2bb2338000107aea581de83a98f3857ba10c0c51eec177b11,ae21e29cb0348d05e7fd9ead4af6ecd777902e3a23881f9beccac68c7dba9bc5,"[""proposal_created"", ""proposal_committed"", ""v1_challenge_sampled"", ""audit_rejected"", ""recovery_recomputed"", ""recovery_audited"", ""recovery_verified"", ""committed_once""]"
42,trust_v1v2,1,A1,1,0,1,0,0,1,V1+V2,79.31,0.0,0.1,165123386602683321676484376664402591399,59c8a7f8de8392dd3bc4a3ca4a8ae8d6866ed6778a966af3bce4434ed76aa64e,1,"{""0"": ""00d3b84b6ca3288cfad19f41334ceec1b40201b448b72636367ce06e485910d5"", ""1"": ""ea2cb797703670db5dbff3c9ea1279f87c02123f106e02ca51263e532cb0c40b"", ""2"": ""e17f3efb46268029a6b1ab278409d7615bd699990bc048b6588f8adda10b11d4"", ""3"": ""b212b2bb6d30a00e61cb653e0029c80cedbd9764c4bc0ca81f2b2a9c319e9e8e"", ""4"": ""9a06e710f5a2c22b0cb5190f6b1659d1d1b2311ba83bd7e70307aab608f0a8ff"", ""5"": ""3739610f691927bbb6ab6eed311abe3222a9b1f1d71a11efa31693b04b30ab5a"", ""6"": ""e32332948ce73fa41990abac88f41b9cd7b49ed071c3870d0f5479e6258f8a4d"", ""7"": ""781d53906e2ce6dda852eb5c3c73e21f9fca406a844cd10843f0aa17663eb685"", ""8"": ""c21843786bfc8cde245f6397839e7f878bcc20a485cb3ace6b3cdb0f4e390ffd"", ""9"": ""350327eeb949f54406361833ff324e977aa98197bf2319854d9eef8779f558b9""}",edace1ad0e0aad612742f01ae749596b61cf9cad8d0be6aee4067d9331902003,1,1,1,0,2.4516415893735424,0.0,"{""0"": 0.75, ""1"": 0.75, ""2"": 0.75, ""3"": 0.75, ""4"": 0.1646199410173433, ""5"": 0.17727694294821741, ""6"": 0.12446550463495701, ""7"": 0.1772696308579689, ""8"": 0.10658308664816406, ""9"": 0.13895296790150857}","{""0"": 0.19284329854817855, ""1"": 0.19284329854817855, ""2"": 0.19284329854817855, ""3"": 0.19284329854817855, ""4"": 0.042327803243454774, ""5"": 0.04558222724622868, ""6"": 0.032003117959024954, ""7"": 0.045580347129424936, ""8"": 0.027405111998237714, ""9"": 0.03572819823091479}","[0, 1, 2, 3]",[],1,0,1,1,0.0,ae21e29cb0348d05e7fd9ead4af6ecd777902e3a23881f9beccac68c7dba9bc5,1e432225b50ebc913e6ad2848db32cd6fbd76ed664cd5503e5afd8deb586d8ac,"[""proposal_created"", ""proposal_committed"", ""v1_challenge_sampled"", ""audit_rejected"", ""recovery_recomputed"", ""recovery_audited"", ""recovery_verified"", ""committed_once""]"
43,trust_v1v2,0,none,0,0,0,0,1,0,,70.88,0.0,0.1,8486149591192645154211890112758584645,9db0afa5e936d92329af0edf1f3f4faed4b3e1f94529fb9cda9db2d0732d0e7d,1,"{""0"": ""c9305d7344774d4689424237b14ff3bf2f8fe521c9c3d74c0d928c4a31c2118d"", ""1"": ""a530beacc559a0b3e4229f3e3f1a2a9749deb29f8d17e633c800f854090eee61"", ""2"": ""ae83a8cb3ef76a7f624a94d8f17cb60d2fc4e2182ef28a059d3988f6af286fb7"", ""3"": ""0f4055e894fdad4f27f831d59014c6af9b4829a222c565de033ef4b5bce06f62"", ""4"": ""a45a6ebc826ba815b3b1414fca44911e2a24a6a89743f9cce5d6d4d8393aa182"", ""5"": ""bb602d55007f374c17ea72d8359ae806cebb7d2f6b7bef64ffaaafed9b97a70a"", ""6"": ""f1e274690475225323b90877f2a6d41d629802275ed377d65e87211ff1d74cd2"", ""7"": ""966441639249a672d807ad4c12c25746247e50016244e0ddcef9087eafcf5ad9"", ""8"": ""18b4518dcbc741a6c7dee1553a175aa86c794066afde1fc2e204741495b0c080"", ""9"": ""8717533c43eaf9c0fa213bdcff7c0c8ff86c4dcc82d50427a9b29e59f745273c""}",,0,0,0,0,0.0,0.0,"{""0"": 1.482902040550413e-22, ""1"": 0.266582911130866, ""2"": 1.7410662905301258e-14, ""3"": 2.131112856748106e-15, ""4"": 0.28271931563853636, ""5"": 0.28651641621779855, ""6"": 0.03733965139048711, ""7"": 0.05318088925739068, ""8"": 0.03197492599444922, ""9"": 0.041685890370452575}","{""0"": 1.482902040550413e-22, ""1"": 0.266582911130866, ""2"": 1.7410662905301258e-14, ""3"": 2.131112856748106e-15, ""4"": 0.28271931563853636, ""5"": 0.28651641621779855, ""6"": 0.03733965139048711, ""7"": 0.05318088925739068, ""8"": 0.03197492599444922, ""9"": 0.041685890370452575}",[],[],1,0,0,0,0.0,1e432225b50ebc913e6ad2848db32cd6fbd76ed664cd5503e5afd8deb586d8ac,5a905853639e0537fb1c311da9e1d1e47cf12a6f14204e4c26103c8c66f4b2a5,"[""proposal_created"", ""proposal_committed"", ""v1_challenge_sampled"", ""audit_accepted"", ""committed_once""]"
44,trust_v1v2,0,none,0,0,0,0,1,0,,78.91,0.0,0.1,18850577425676750783675879576659397707,cd06552c31c9e2fc16be70d69678cafaae54267d02745403a26137dbe22a88da,1,"{""0"": ""0669eec938b3d48369067ceaad47062b7deec1328f1973601cac7844541c7a13"", ""1"": ""dfa7a32aac27c30963c31d18ac49e53855455f9637ba98d74289b8e361bae9db"", ""2"": ""c74416aa89328ed5af8041d3d2187f390f872da55c02c3da164150be8353cf54"", ""3"": ""e10b7b5d2c8505174825e369f8dbc45515b57abc2b095eea7d77f1514c55752b"", ""4"": ""7fce658bbca7fb898af03b33c202ccdaa8e472cbfc57b097da510d8b12f4824c"", ""5"": ""b412b288ec78b1ee9280a88c05248ec8566d135bf7e7ba9cd5a108c64368e83f"", ""6"": ""58da1ff2babd03ff423775813abd28fb925e8c17f0a6f1d783b657f45b0b0505"", ""7"": ""39bdf19a5be667e74248892d6254b12287c9c3244284d297e8a377fb9f74c59a"", ""8"": ""fafff1be8e1a2ae43d89b33225d91c8a3fb46fcda83d53498d9c0f9e9b97d6fd"", ""9"": ""5ff14833bba494696ac3cf920648063af1739c0dd56430eaddb01023eb5f53f9""}",,0,0,0,0,0.0,0.0,"{""0"": 4.4487061216512395e-23, ""1"": 0.07997487333925982, ""2"": 5.223198871590378e-15, ""3"": 6.393338570244318e-16, ""4"": 0.2225608566207726, ""5"": 0.22369998679455128, ""6"": 0.14894695734635782, ""7"": 0.15369932870642888, ""8"": 0.020867168152276214, ""9"": 0.15025082904034745}","{""0"": 4.4487061216512395e-23, ""1"": 0.07997487333925982, ""2"": 5.223198871590378e-15, ""3"": 6.393338570244318e-16, ""4"": 0.2225608566207726, ""5"": 0.22369998679455128, ""6"": 0.14894695734635782, ""7"": 0.15369932870642888, ""8"": 0.020867168152276214, ""9"": 0.15025082904034745}",[],[],1,0,0,0,0.0,5a905853639e0537fb1c311da9e1d1e47cf12a6f14204e4c26103c8c66f4b2a5,9e2d3301846d718e525af824d2e27bebc4c9137ab379c4530dfaa9fff6e3488b,"[""proposal_created"", ""proposal_committed"", ""v1_challenge_sampled"", ""audit_accepted"", ""committed_once""]"
45,trust_v1v2,1,A2,0,1,0,1,0,1,V1+V2,27.53,0.9790494561264672,0.1,214814181703379193989979733496651150880,0ab8b7f83e212f53b16191a5ef8f9eec74fb69e01d716febb8bf4c5461708c4a,1,"{""0"": ""4de58a48df2c34d51c60d56328812f5768e5ead5c022614e99d972a40d27c634"", ""1"": ""6f935dd8b8cbc63aa2ce3335282714de8e379633174f19a486173bba1710edc4"", ""2"": ""a0fb9f368b9472199bfd1165f8be79c02eca2c6dacce9e432baae444750ea866"", ""3"": ""ccb0d3dd3cfa6213b91f729eaba6e46c49acceb32899b17c2bccb27335e10cb2"", ""4"": ""0a58bd42dd6587e0415f24f481e13c760f6d60e924f78ec1e865c0712b523792"", ""5"": ""61cf12eef04cf09c2439ce314ca91242c2ff54bc7550187a7669eb70996c698c"", ""6"": ""efdd808e286d6c5218306d77ac2cf17505eae94e9a106ad3637c82f265ad6bc2"", ""7"": ""ace87dfff93d45629459e361127e99b1c15cccf1e18332e4147567d962f8002f"", ""8"": ""49e1176a0119e96b617493249da4fe64724245f5922d9aa9c966e1cc2e5f10b1"", ""9"": ""7cf22b026cc2effd79d2a3ca6639e03ab8c9f5e561601b17f70c8c26e010457a""}",2b05058552689da05c8238a4ce4f8be3635e0fedc4b3cd4dcc1237df12cdbbd5,1,1,1,0,0.7308203776432631,0.0,"{""0"": 1.334611836495372e-23, ""1"": 0.7239924620017779, ""2"": 1.5669596614771136e-15, ""3"": 1.9180015710732957e-16, ""4"": 0.06676825698623179, ""5"": 0.0671099960383654, ""6"": 0.044684087203907354, ""7"": 0.046109798611928675, ""8"": 0.0062601504456828655, ""9"": 0.04507524871210424}","{""0"": 0.16382618943543595, ""1"": 0.3276523788708719, ""2"": 0.16382618943543698, ""3"": 0.16382618943543606, ""4"": 0.043753556469201114, ""5"": 0.04397749969597042, ""6"": 0.029281694940067462, ""7"": 0.030215970408910515, ""8"": 0.00410230637123508, ""9"": 0.02953802493743432}","[0, 1, 2, 3]",[],1,0,1,1,0.0,9e2d3301846d718e525af824d2e27bebc4c9137ab379c4530dfaa9fff6e3488b,26ebff73aee2a623f5977d0bd38a968f2352ebe8154f6137a7885da36311efc5,"[""proposal_created"", ""proposal_committed"", ""v1_challenge_sampled"", ""audit_rejected"", ""recovery_recomputed"", ""recovery_audited"", ""recovery_verified"", ""committed_once""]"
46,trust_v1v2,1,A2,0,1,0,1,0,1,V1+V2,78.03,0.43757928801173834,0.1,32516497497842282387758529928637511533,da499054abbd0f10e032cce4de1e63b056348c5f318fb22dea65a3a87ffad9b2,1,"{""0"": ""a8e9bac16cf283f2daf80fe6202c349501a3b420edf789d8d46e07628526c5a6"", ""1"": ""b7eefd841e56809bc938dde986be61571d0348c66602e8521709a0a421afae02"", ""2"": ""c1fd91600c4ccdcbc34ab6238209123e3e0151b1cf9f80b931694a6f44f09c6e"", ""3"": ""e1b3c4ba7360c7cffd4dce22f3c0ad7e2a466efb38b77007ebcaee9810ca54fc"", ""4"": ""5bc9f938980e94b557387ca1d3f07d084732fc5e04ce0fba400cc3ca112367c0"", ""5"": ""0887e763b9cdfe8833fe12d748fb0cf0b5d7a069401bd1f1c1d188ae4c46556a"", ""6"": ""c2d27372e3787bddd6aea237d874bb8b2740bed303187d26269395899e337f31"", ""7"": ""33542ea50674f47ab03798310a66f3693e6d64dc10d4a6f80f34e7a6142c0926"", ""8"": ""e80fcf1a8bed6c82a0278c7ee6f6ede3e16f50dddb339aa836d7b086bc612a3d"", ""9"": ""9dcad39c5aa940b2da9cd871273e222f2b80a9e9c18b98c5cea1c6c8fd0c76f8""}",bc7f8eb78e6ed45e936358060aa75cd762a5eb4a59db6c333f6f9c7e05b981b1,1,1,1,0,0.9029323486851553,0.0,"{""0"": 4.003835509486117e-24, ""1"": 0.21719773860053343, ""2"": 4.700878984431343e-16, ""3"": 4.8826776581614766e-05, ""4"": 0.17114723468607426, ""5"": 0.17124975640171436, ""6"": 0.1376116884795867, ""7"": 0.16494969717378336, ""8"": 0.03740467698186107, ""9"": 0.10039038089986488}","{""0"": 0.12499999999999997, ""1"": 0.23359886930026666, ""2"": 0.1250000000000002, ""3"": 0.1250244133882908, ""4"": 0.08557361734303712, ""5"": 0.08562487820085717, ""6"": 0.06880584423979334, ""7"": 0.08247484858689166, ""8"": 0.01870233849093053, ""9"": 0.050195190449932425}","[0, 1, 2, 3]",[],1,0,1,1,0.0,26ebff73aee2a623f5977d0bd38a968f2352ebe8154f6137a7885da36311efc5,53c8380cbebadfbc04c62ec9375eec0cc01e7b449ce26f458df21c2ad34a9fc4,"[""proposal_created"", ""proposal_committed"", ""v1_challenge_sampled"", ""audit_rejected"", ""recovery_recomputed"", ""recovery_audited"", ""recovery_verified"", ""committed_once""]"
47,trust_v1v2,1,A1,1,0,1,0,0,1,V1+V2,79.73,0.0,0.1,60547060820172204260195178648368574159,8613ab5ec8f6e0e0e1d9e798a0e4ca03465806c472e92aeeb6247199c9999e61,1,"{""0"": ""fb50b5fd8293ee2b4a1c842a08a52fab2f95eff340bc6e018f565549159536ad"", ""1"": ""79d174a0ec5b4fc6823241549669888bb973465975d4c89e1cc0d32852aa049a"", ""2"": ""f3cdec79b6d30ae37262b7996481ffe1b39806ab961fc681dc9bbcb1dd5374ee"", ""3"": ""15a1a624757fac413c509672e22ef41e24d56bee70ce89d0950ebed2c581c8b8"", ""4"": ""9434741a72831089a1937c5ccae0111c17f15cf2d7d5c3934de2b09c701d885f"", ""5"": ""eb6528787925d945332b4b7f4eb19059b05e59e9b3966d6e1fe574162abdf2dc"", ""6"": ""47f7f1d0f97f2227ef56240160312c317346cd410bb15ef213d1c5c0ed884c48"", ""7"": ""dc71dfcc4da1a2b04e825d7305e4f6da4fd42ed745b290f5c0f7fb8703871f79"", ""8"": ""ea65a84cacb0350af0cf1bcc0c7f31020790d6b7f91263700126779322224fb5"", ""9"": ""34880f22bce9e7f1e8ca58b583456acc65e0c8f22eb5175a09e70b0d92c989d5""}",979cbc59788fa8fd123f3312d5b90e7a8be41e0e5857456feca3eed995f15bef,1,1,1,0,3.081722565235594,0.0,"{""0"": 0.75, ""1"": 0.75, ""2"": 0.75, ""3"": 0.75, ""4"": 0.13333247294484676, ""5"": 0.18685581321141884, ""6"": 0.26184617196379134, ""7"": 0.30576310225174674, ""8"": 0.011221403094558323, ""9"": 0.035807066920503276}","{""0"": 0.19060563140735892, ""1"": 0.19060563140735892, ""2"": 0.19060563140735892, ""3"": 0.19060563140735892, ""4"": 0.033885226923676154, ""5"": 0.047487693679064004, ""6"": 0.06654580658501111, ""7"": 0.07770689222102271, ""8"": 0.0028518168294863738, ""9"": 0.00910003813230411}","[0, 1, 2, 3]",[],1,0,1,1,0.0,53c8380cbebadfbc04c62ec9375eec0cc01e7b449ce26f458df21c2ad34a9fc4,2a58d21a42d65e212e74b307e9927691d65b887069787c160c0de39f0361512b,"[""proposal_created"", ""proposal_committed"", ""v1_challenge_sampled"", ""audit_rejected"", ""recovery_recomputed"", ""recovery_audited"", ""recovery_verified"", ""committed_once""]"
48,trust_v1v2,1,A1,1,0,1,0,0,1,V1+V2,59.64,0.0,0.1,28394107525241099091749962835194895124,408b7aa2707b552311168ba0282f7892544018ff8e5be675185213752e4d926c,1,"{""0"": ""bab368f07194fa23be5bd65b165c14e1ecbc9de092a091eb25702c3ec0c794a1"", ""1"": ""94293bf1b96020d6bbc8f8bcb1ccd68d9e361247cd2201ef100f5d05edc9ad5c"", ""2"": ""25874abe46dee2183361ffca84267717fe767d4862ae846cc4432db8f31db29d"", ""3"": ""6b0a1d88c9d300abd17bffcd8941189734a5ce40b7b7ff3f3bd2c57c3b03f1c7"", ""4"": ""35eba1e178b04dfc6ee4f4dd928a410167ff78cb9ab43c89364db2c2e5ca1a73"", ""5"": ""437a29817d20d40ccbd626ad10524b21580321cd40e7d6a796d3318ab0d3b3c4"", ""6"": ""b5740f20ba89468fa77f0ef70b8d7616f9d18cc7854f7953fda4af0c42098814"", ""7"": ""f928a9a1edd057a457c1654e49d8150efedf397049321e7b216bd0bdee42cfb5"", ""8"": ""736a607fb58c8cde3f0d326b1bf2eb37cf90d00b533b4b4f7329f2498a1dc71a"", ""9"": ""fc65c0883abd0fc8eafdb83e448fb1792aeb937f46be67bbf9a08c72a26ffc66""}",922b91753a75d7ffa712c2c8240470fd05ebe0a970eb2ce807d3d95224540e7f,1,1,1,0,1.8683067835068716,0.0,"{""0"": 0.75, ""1"": 0.75, ""2"": 0.75, ""3"": 0.75, ""4"": 0.38999974188345404, ""5"": 0.056056743963425665, ""6"": 0.07855385158913743, ""7"": 0.09172893067552405, ""8"": 0.0033664209283674976, ""9"": 0.010742120076150986}","{""0"": 0.20658608508756107, ""1"": 0.20658608508756107, ""2"": 0.20658608508756107, ""3"": 0.20658608508756107, ""4"": 0.10742469314781612, ""5"": 0.01544072437087984, ""6"": 0.021637510224465587, ""7"": 0.025266560903366403, ""8"": 0.0009272742937976989, ""9"": 0.002958896709430034}","[0, 1, 2, 3]",[],1,0,1,1,0.0,2a58d21a42d65e212e74b307e9927691d65b887069787c160c0de39f0361512b,1ecd62e161ab0a1080290ffb7afde4bce298a28083023040e2017e5003e0f577,"[""proposal_created"", ""proposal_committed"", ""v1_challenge_sampled"", ""audit_rejected"", ""recovery_recomputed"", ""recovery_audited"", ""recovery_verified"", ""committed_once""]"
49,trust_v1v2,0,none,0,0,0,0,1,0,,77.61,0.0,0.1,217877320952719018516613746582843381469,eb42619ca9702d149657ff41eb40e706fb0a936f99a0ba9b43ce1d78b30d1102,1,"{""0"": ""eb3c41c8ad08a9bf74051a11c03947cbf9cf5c928139ab700de41418f6c37188"", ""1"": ""bd53e739731fa88a6f29c823406379a329da647bb013fa6736cb11fe383572e7"", ""2"": ""f3e2cd75198f8c59440f162dc1088f07c53608de12db0e00e7b4b9bb44231f9a"", ""3"": ""892080cea0b93d5724a325c7ae140442a7124ed51268e888405c107d0672393d"", ""4"": ""28fcbf60a961e2a4dd7dd1435087b6fa8fb00add141ee034b0f31b898b8b07ba"", ""5"": ""17dc2b53e6e8a4e30acde8c92787cbe9736cd9bdf401a84ed4885f1cd0e23da5"", ""6"": ""41dead9051fbaf8d95bc39441a7f24611c449be9f018d9a1cd6812074b53faa9"", ""7"": ""cfb977dd8d258348ff66631375640f0ece6444af519110c1875e30cf3661ad24"", ""8"": ""f3ea715f6df82192bb7ace56005d179ce5a0f86da1e39fb91e11dfcb79ff8160"", ""9"": ""e7d16b065e76a7ad97a34ba9d9334e24ad62c9689d71d4e459de0b2b287d87df""}",,0,0,0,0,0.0,0.0,"{""0"": 1.081035587561252e-25, ""1"": 0.11086433894221441, ""2"": 1.2692373257964631e-17, ""3"": 1.3183229677035993e-06, ""4"": 0.2655244497071711, ""5"": 0.16534155033116257, ""6"": 0.1720906826188761, ""7"": 0.1320832390169859, ""8"": 0.0023472578956419002, ""9"": 0.1517471631649802}","{""0"": 1.081035587561252e-25, ""1"": 0.11086433894221441, ""2"": 1.2692373257964631e-17, ""3"": 1.3183229677035993e-06, ""4"": 0.2655244497071711, ""5"": 0.16534155033116257, ""6"": 0.1720906826188761, ""7"": 0.1320832390169859, ""8"": 0.0023472578956419002, ""9"": 0.1517471631649802}",[],[],1,0,0,0,0.0,1ecd62e161ab0a1080290ffb7afde4bce298a28083023040e2017e5003e0f577,7fe77f1f62aebf845d35e9de74a33ee3f3284bf4f64bb5646e6641f2f4f1a430,"[""proposal_created"", ""proposal_committed"", ""v1_challenge_sampled"", ""audit_accepted"", ""committed_once""]"
50,trust_v1v2,0,none,0,0,0,0,1,0,,76.84,0.0,0.1,290808960281896089512917740223250744860,9b940a3718113dfb87fd0f93eecd1d620a192c5ac4a9936ef3404ee814fe441d,1,"{""0"": ""d659f38eb33e9d04a7c11580a0ae41bc9936bb25a6b9c16dd4d034edd6f6e45a"", ""1"": ""00d3a06b36d0a85fcbfb9c358d6439af190c5397459e45c1d8a9970f41835f59"", ""2"": ""c57ac1e90834b0f401a1bc905d76697c78a35c20ec8934bcc052c150e7c3633c"", ""3"": ""4c2216945f61eb79c749ec79d76659fb0cbb6e8979396a51123105381cba404d"", ""4"": ""042ff2c486e21cabf3ed21ec17e1e0a4ff7769d783b44efbbc1a7aa1469e04a4"", ""5"": ""1962be5c68d2ac85f6d9e1e75dcc9b5c1393a5dc160ddeb61eabde7e8b15b1ad"", ""6"": ""7b24471612fb361767fed281d6a7e79d0eb8be7307071555dec650a649baed87"", ""7"": ""57d23ee266ef065fc67bec4c8f5c159b246d6d0395797ea2e17ccde9de12fffa"", ""8"": ""d4515493ecacd0111093fc8bb90e1ef4aec41251519ee7717a7ba7cecc8f38c2"", ""9"": ""7a899c243ae296e7deebbbbf96765786661990c51e21cb5c3f9974a121bba047""}",,0,0,0,0,0.0,0.0,"{""0"": 3.243106762683757e-26, ""1"": 0.03325930168266433, ""2"": 3.80771197738939e-18, ""3"": 3.954968903110799e-07, ""4"": 0.07965733491215135, ""5"": 0.07064122675428738, ""6"": 0.05162720478566285, ""7"": 0.2952480207230844, ""8"": 0.42404236669576534, ""9"": 0.04552414894949407}","{""0"": 3.243106762683757e-26, ""1"": 0.03325930168266433, ""2"": 3.80771197738939e-18, ""3"": 3.954968903110799e-07, ""4"": 0.07965733491215135, ""5"": 0.07064122675428738, ""6"": 0.05162720478566285, ""7"": 0.2952480207230844, ""8"": 0.42404236669576534, ""9"": 0.04552414894949407}",[],[],1,0,0,0,0.0,7fe77f1f62aebf845d35e9de74a33ee3f3284bf4f64bb5646e6641f2f4f1a430,3973ca6497f5ea14387726da53c7ed81396cbb546864648d9ed453c682133a52,"[""proposal_created"", ""proposal_committed"", ""v1_challenge_sampled"", ""audit_accepted"", ""committed_once""]"
