round,group,attack_active,attack_type,v1_trust,v1_agg,v2_trust,v2_agg,consensus_passed,healed_applied,heal_source,accuracy,v1_projection_residual,v1_projection_tolerance,v1_challenge_seed,proposal_commitment,proposal_binding_valid,update_hashes,recovery_commitment,recovery_v1_endorsed,recovery_v2_endorsed,recovery_endorsed,skipped,proposal_relative_error,committed_relative_error,published_weights,used_weights,attack_targets,excluded_clients,audit_executed,honest_rejection,recovery_attempted,recovery_consistent,recovery_relative_error,parent_hash,state_hash,events
1,noexecutor,0,none,0,0,0,0,1,0,,28.94,,0.1,,de12f35cd9f4b2afbe886d149b0809cfbcd40c355b91c0b959786dbca921dfd2,1,"{""0"": ""a8df2450394afa85d1838db9a4c37ecbc6fe23764384403a3dd8a578951f65e7"", ""1"": ""0528f7f074e21dde0b79f1f0240891469e196c427a7eff50c78c8bdc0ea4c2a9"", ""2"": ""90df1e4760e4aef0bb169352720e6767626a38331cd537648028f840ccec9854"", ""3"": ""f4aa89ced28a296f720c6bc7c2bf63a8a076bc5c7f8f30b8195b1f70fe1dc021"", ""4"": ""0802b55be6a175bf548e6aaf9157a85b5ead22f6bd2c6386646e6d74672f0227"", ""5"": ""91fd8d0e6cf1a5c3056f302bd27120d1e648107668dc2fed57b02d04875df233"", ""6"": ""423f60e998ed4fc50be00bcb84da6841b1a3dab286478fcc7f50bc950ecfaabb"", ""7"": ""e04d2a5ad83283581455d898773425a7bc7c01b416965767a0f63566c1378e3d"", ""8"": ""f4f4a089a5f9cbc385c3aa49a8c3e52cd9f74f0b0b9a302e140f5ffb3365ef68"", ""9"": ""c494cfb8e356c6311d3b35cc5bdda203d1faae645016c79a63432a32e46bf967""}",,0,0,0,0,0.0,0.0,"{""0"": 0.030000000000000006, ""1"": 0.030000000000000006, ""2"": 0.030000000000000006, ""3"": 0.030000000000000006, ""4"": 0.10998484988361684, ""5"": 0.20756319087633657, ""6"": 0.1075328028927715, ""7"": 0.07240889636226669, ""8"": 0.21764809165175236, ""9"": 0.16486216833325595}","{""0"": 0.030000000000000006, ""1"": 0.030000000000000006, ""2"": 0.030000000000000006, ""3"": 0.030000000000000006, ""4"": 0.10998484988361684, ""5"": 0.20756319087633657, ""6"": 0.1075328028927715, ""7"": 0.07240889636226669, ""8"": 0.21764809165175236, ""9"": 0.16486216833325595}",[],[],0,0,0,0,0.0,8b617e77902b0a0335989e80269b498633be37dde526eb036aca22383a8f5956,3425840d342bdd4f1f043d28f1076359d98d3900607579b079e21e8115afb230,"[""proposal_created"", ""proposal_committed"", ""audit_accepted"", ""committed_once""]"
2,noexecutor,0,none,0,0,0,0,1,0,,36.29,,0.1,,e13ace12595a34512b0bd1091b931686faafaa193a9594a8861f4b97b4f678c4,1,"{""0"": ""c170993803d5793971d6a712b3f466e3f7efcb093d2184277f13b424f497354b"", ""1"": ""9544e4c67fb6056d5675dd59c65b6c0525109a71981368722e823a2bce138cbf"", ""2"": ""44aed7ab170bd20a326bc734a2d459939f73838b28bb164d7c07af0be8c56019"", ""3"": ""ddcdba3e0347418f441759eeaca5796accc6655556014360ed713eff84523375"", ""4"": ""5233f70bdeabb5eea28cc4f5eb1e5b62e07b6e0651ce46e9221fd1b8cdf8b1f1"", ""5"": ""84c725aa2e16f0d377cc8aa2d492e62d3c117aef13132a754ec963a7f5e0a4d3"", ""6"": ""60e1e424ce34150bb83d331170080841bdc47aa2c5e04b190bb64bc7ebfc1df1"", ""7"": ""ca41afb9eb61111b1ddfccabe63c62051c7dd040888ad08f1e8ac6aac13283f1"", ""8"": ""67fdc43b17b61c5459dcb3fb9669b366f1c4dc0db3034babead849c174daca94"", ""9"": ""2ed9c8ab507d1690c1fdb83f308654cafb364e693f3511b6c6d53254345858ff""}",,0,0,0,0,0.0,0.0,"{""0"": 0.009000000000000003, ""1"": 0.009000000000000003, ""2"": 0.12536672849474917, ""3"": 0.009000000000000003, ""4"": 0.14322846941404838, ""5"": 0.2482042073496981, ""6"": 0.06243483521717442, ""7"": 0.02172266890868001, ""8"": 0.25122967758232284, ""9"": 0.12081341303332699}","{""0"": 0.009000000000000003, ""1"": 0.009000000000000003, ""2"": 0.12536672849474917, ""3"": 0.009000000000000003, ""4"": 0.14322846941404838, ""5"": 0.2482042073496981, ""6"": 0.06243483521717442, ""7"": 0.02172266890868001, ""8"": 0.25122967758232284, ""9"": 0.12081341303332699}",[],[],0,0,0,0,0.0,3425840d342bdd4f1f043d28f1076359d98d3900607579b079e21e8115afb230,8dd3342ae2b6b2b9e3ddf9593e3bb224e60b840db83ecf062f4e158675397460,"[""proposal_created"", ""proposal_committed"", ""audit_accepted"", ""committed_once""]"
3,noexecutor,0,none,0,0,0,0,1,0,,51.37,,0.1,,0d5f29593a0807d90c7dcca1981dd2f32a754427dd817addee92fdab184702dd,1,"{""0"": ""4d61379247667e549b4c9ab76ccbe48926b9447763fa26ed684a81f33ebd0075"", ""1"": ""581699ed53f74e5e2338404a9348f5766d672d902f1481717dcf8fbdd0dc6afd"", ""2"": ""e13a07ee8f8be759a912d5f34301bce928583318be80efcfa968e0f573dafdca"", ""3"": ""cc5e188245058b6e479f8ef5b41e9653394055f5128202929453893f778bd0ad"", ""4"": ""e6fe5b34350c07a24191611a81f2aea273e0df5a10620edfeaede07e78fd40c5"", ""5"": ""d23b7820a5ddb37144e312acc752cb39178fafb8b11556a3877ef985e7ae3aaf"", ""6"": ""5ba3dfb1f9e6d8b64ead806c2c99f1156dd54e6c574701d17f8776b7d1b41339"", ""7"": ""e582c629991166173acf9fe564881583f8ca12a29b06ae554352dbcf4fa2c2d2"", ""8"": ""d2bff27358551941eca00c3d984a3e39d1615cc6f87d0d9e1bb4091af27bf3c8"", ""9"": ""a931f181e25264dc78848671e7eb8a861a53fac48a1ccecb493632fda0ba9350""}",,0,0,0,0,0.0,0.0,"{""0"": 0.002700000000000002, ""1"": 0.002700000000000002, ""2"": 0.09926007388696621, ""3"": 0.002700000000000002, ""4"": 0.2125301298585974, ""5"": 0.24402285123929232, ""6"": 0.06654219077466743, ""7"": 0.06390318997886177, ""8"": 0.24493049230907973, ""9"": 0.06071107195253516}","{""0"": 0.002700000000000002, ""1"": 0.002700000000000002, ""2"": 0.09926007388696621, ""3"": 0.002700000000000002, ""4"": 0.2125301298585974, ""5"": 0.24402285123929232, ""6"": 0.06654219077466743, ""7"": 0.06390318997886177, ""8"": 0.24493049230907973, ""9"": 0.06071107195253516}",[],[],0,0,0,0,0.0,8dd3342ae2b6b2b9e3ddf9593e3bb224e60b840db83ecf062f4e158675397460,d62eb6c65a8f32f26cc51bc61646eba98ebd4fea5efc15d6233c1f156ecf288c,"[""proposal_created"", ""proposal_committed"", ""audit_accepted"", ""committed_once""]"
4,noexecutor,0,none,0,0,0,0,1,0,,48.06,,0.1,,41f320c004ad3e3a45c8163ee236f43e54c14464fa9d44b989db9e1585fa8a07,1,"{""0"": ""fb9a7443159acd900c23d8e2c82308955e3ebea722c3b21c068fdce535563a4d"", ""1"": ""b1a77941aeed0e56ae4c26f4f63167bf8f1d6ccd5bfbde410802e5a83e5c8ad3"", ""2"": ""c4569ff2caeea26c956422394f279fb9d0a1561cb9e2fbd42b428561907d1105"", ""3"": ""0663cb2799889eb806776abe685b2e4b37662ee5ee7e7fec7df7a7853407c6a1"", ""4"": ""fe4d0ab15250ad7e63248be7709b638194cb9cde4d4b21d06acc6e6b629dccfb"", ""5"": ""9a60e448039f25b251a4075da334eedcce320014b4787de0605111eb76d2aaf1"", ""6"": ""435eeed269cd34dc81466f94c697f3544e14f1e65947b63fb1ef4fa53e6266b5"", ""7"": ""556b001deafb40c3bca847e70b1f65481a1e8ad05812f014d7989752fdb10c9f"", ""8"": ""32f31c9421114061da4c3dd4e50d290114c746ea79140df561865daa457916c9"", ""9"": ""9cb30ad77122e97c8c07d4c3e6cf3cecb82c592e5955ddb3c4b356a79c91bce6""}",,0,0,0,0,0.0,0.0,"{""0"": 0.0008100000000000005, ""1"": 0.0008100000000000005, ""2"": 0.03688136017947978, ""3"": 0.16096500755122317, ""4"": 0.22391404650880237, ""5"": 0.2033840762649462, ""6"": 0.03111849059040401, ""7"": 0.07692568381583449, ""8"": 0.23363415524394707, ""9"": 0.03155717984536277}","{""0"": 0.0008100000000000005, ""1"": 0.0008100000000000005, ""2"": 0.03688136017947978, ""3"": 0.16096500755122317, ""4"": 0.22391404650880237, ""5"": 0.2033840762649462, ""6"": 0.03111849059040401, ""7"": 0.07692568381583449, ""8"": 0.23363415524394707, ""9"": 0.03155717984536277}",[],[],0,0,0,0,0.0,d62eb6c65a8f32f26cc51bc61646eba98ebd4fea5efc15d6233c1f156ecf288c,7f6745b1ab0b281aaf98fc5ca0101510c32672840df0c38f88395f7e94ecbf5e,"[""proposal_created"", ""proposal_committed"", ""audit_accepted"", ""committed_once""]"
5,noexecutor,0,none,0,0,0,0,1,0,,60.47,,0.1,,ba3e55b03d45453d58cc2cd92ef6e4a3306624853ae5e2d73b922898cf4cf406,1,"{""0"": ""99afbeeff90a44d2e85902daa598b62ca3f1364825814dcdec69ae4a2dce5b64"", ""1"": ""ed95b7510bea6c9272851cf03c6ddd8f6b082755ec30c11e1d44383353606bee"", ""2"": ""5319dace42505745dc2491432ee853f142d27086e7257c3084fd9af1d43f0f28"", ""3"": ""e19628cdd6eca23a85535dcb25780ad5701b91da16930a6b39ff6673a6c2b455"", ""4"": ""85e61b442534b63508b5980cf0e5e3f0137e906d4f51834f2a6f220038781c99"", ""5"": ""074e71aac904ebfb5bd97916eb35990ac559c881fa84099a5ebff30d0cf234b9"", ""6"": ""53e78ccb75ded624949e5926917d64267e922319ee31d58a02ea3c7357f5dbc1"", ""7"": ""e8724c824c6b62082dc00ab0194ccd3d02d08a74e97467af519b34bc615521c1"", ""8"": ""a7d44b95ad4424eddcfdb7b88c1955209940cefe14d7c1b9121e17f6936e69c9"", ""9"": ""5d107d9e8dc8c7e456d683fef8b00d718476c2b387ec99f65fd94d262fd8167a""}",,0,0,0,0,0.0,0.0,"{""0"": 0.0002430000000000002, ""1"": 0.0002430000000000002, ""2"": 0.018626813527312686, ""3"": 0.22170020260886578, ""4"": 0.24058491429613954, ""5"": 0.08390136075904178, ""6"": 0.011400429619332528, ""7"": 0.12296282695014905, ""8"": 0.23019372171639735, ""9"": 0.0701437305227612}","{""0"": 0.0002430000000000002, ""1"": 0.0002430000000000002, ""2"": 0.018626813527312686, ""3"": 0.22170020260886578, ""4"": 0.24058491429613954, ""5"": 0.08390136075904178, ""6"": 0.011400429619332528, ""7"": 0.12296282695014905, ""8"": 0.23019372171639735, ""9"": 0.0701437305227612}",[],[],0,0,0,0,0.0,7f6745b1ab0b281aaf98fc5ca0101510c32672840df0c38f88395f7e94ecbf5e,dd8698fce578e80d8645c6fb23a49adb88212e28c1cc5de6c1e0b05b5ea2432e,"[""proposal_created"", ""proposal_committed"", ""audit_accepted"", ""committed_once""]"
6,noexecutor,0,none,0,0,0,0,1,0,,64.62,,0.1,,5c64660ea67ca93533abbeca15d3de4d871f427b495807e2776940ce722b0945,1,"{""0"": ""d83f827e90f22c93918453af1da6ccea0d79a3af94d13a741e95dc3cfc0fc971"", ""1"": ""fb44c091c9b9d64738c2303114ae106e76baa2deb9da1dd18eaa32d3e238d4b3"", ""2"": ""a027c33d9585a38515321ab74d31f854b048f4e0cf4116fd3ed1220a871bb883"", ""3"": ""2d3c7d35ac1b2181e9937db34fb6a0d814a1a71bb4d84499c710af5738a8536f"", ""4"": ""fad37c23038820750ad323faa6fb07bf3e9463e9afbb7839abe79481ae596a1c"", ""5"": ""ac331508bfd2f0897473af397967d5a7c6655401f2bfa991105010f2b0e785b5"", ""6"": ""8c1ce64fbbcd052eb38862c6b79bd3da12dd1336b0bc16c4ec9139aaf7795399"", ""7"": ""7b1715c073a97bf6f5c974fd69399a7d0ad2faf845def19a5371b41bd0efe869"", ""8"": ""1fccddebb87832dee223532417d507f0b3c5421edfa3c89d19180dea4bde707b"", ""9"": ""50dfd44137f3e9e2b009874be4059d9014eb7cccfa319db831b0d8fcfabdcf76""}",,0,0,0,0,0.0,0.0,"{""0"": 7.290000000000008e-05, ""1"": 7.290000000000008e-05, ""2"": 0.005588044058193808, ""3"": 0.06651006078265975, ""4"": 0.2935051596128602, ""5"": 0.07704552792940225, ""6"": 0.003420128885799759, ""7"": 0.14789937035138587, ""8"": 0.2903878018389376, ""9"": 0.11549810654076091}","{""0"": 7.290000000000008e-05, ""1"": 7.290000000000008e-05, ""2"": 0.005588044058193808, ""3"": 0.06651006078265975, ""4"": 0.2935051596128602, ""5"": 0.07704552792940225, ""6"": 0.003420128885799759, ""7"": 0.14789937035138587, ""8"": 0.2903878018389376, ""9"": 0.11549810654076091}",[],[],0,0,0,0,0.0,dd8698fce578e80d8645c6fb23a49adb88212e28c1cc5de6c1e0b05b5ea2432e,69d6edb75e38b7e7117edecae52b2847f26281667b81bb170afcf9ae1cdaa5a4,"[""proposal_created"", ""proposal_committed"", ""audit_accepted"", ""committed_once""]"
7,noexecutor,0,none,0,0,0,0,1,0,,69.64,,0.1,,b5ef472dc0f5c3a637916e5946d62e09e060534fef2d5d686e2f643c2ca324ba,1,"{""0"": ""92167619b7a498018cddb9405dff2a68bc179247042175fd2aed11408f87a3cc"", ""1"": ""d36ea37be057e66ca18cd424e08255954941054983f80f4c858413fee2f9e11a"", ""2"": ""e9b908219014183518c166d5616fefced434406885e17af05c8bbf81af88eebf"", ""3"": ""90b79c8d2773ff04740007e07f354b5ad63fc4e787274f996added09ef48d78b"", ""4"": ""0fa79da9595a287fc3ff337f5c2d4e10f4c1ba72056fd80b5e6d2c534edaee3d"", ""5"": ""339b5f2ee94da57625f6d90c4f471523c92ec29e0a53cf7b5a7887518f856c73"", ""6"": ""8e1457eec9e4a3156c40b00229268cdb63c9e24d1d81c95ae89da242a808e7e9"", ""7"": ""30b697935692f67a9a930732e0eb122b2aac8a15de4dd1cf29da10f71dd4d182"", ""8"": ""23658d5d37a697f475f0cd1530b0cd6e497e7efb03a14f85b91d7f86280dbeb1"", ""9"": ""e03825bcb0a829f4aae839e2890ad3b1b1f427d431b5cb964fdee364013c9232""}",,0,0,0,0,0.0,0.0,"{""0"": 2.1870000000000026e-05, ""1"": 2.1870000000000026e-05, ""2"": 0.0016764132174581425, ""3"": 0.019953018234797927, ""4"": 0.2871303774263956, ""5"": 0.03986688339296805, ""6"": 0.001780697937938239, ""7"": 0.12962543819145755, ""8"": 0.28619517009421874, ""9"": 0.23372826150476575}","{""0"": 2.1870000000000026e-05, ""1"": 2.1870000000000026e-05, ""2"": 0.0016764132174581425, ""3"": 0.019953018234797927, ""4"": 0.2871303774263956, ""5"": 0.03986688339296805, ""6"": 0.001780697937938239, ""7"": 0.12962543819145755, ""8"": 0.28619517009421874, ""9"": 0.23372826150476575}",[],[],0,0,0,0,0.0,69d6edb75e38b7e7117edecae52b2847f26281667b81bb170afcf9ae1cdaa5a4,64ebbf4da946dd997253194514f2e2a119a551d78495d21071f4b48782498ded,"[""proposal_created"", ""proposal_committed"", ""audit_accepted"", ""committed_once""]"
8,noexecutor,0,none,0,0,0,0,1,0,,71.84,,0.1,,b444b814f4d1afbf5724daecb529cf2888f34700f7303a8386817e56ef33757f,1,"{""0"": ""9c46f70aef084a55b2b335dce55edae781d1cf8ff0e6733cf55f7000d65ebc01"", ""1"": ""b3aa678e8802bfc456b2687772991b592da116539c1710d8f0ac65d2a2e9d084"", ""2"": ""ed2551fd63d28f5362f1d68338950fcfdb0a4d4cee2c39053ba4ed439ca016c1"", ""3"": ""dd79ed206b64bee2139ed59f16cf38edceb9d3facf2a721a120d597ab78a0073"", ""4"": ""e03ecee0999956b13edfc4ab7a37f8d4ee0d2e10a53ef20cb89d55d1b3a299ab"", ""5"": ""6673a932af5ff26bd0c45a36b30136e737e5e84454ea18eca38c55b811f62b49"", ""6"": ""e4e6a2b92faabcb8b4a26994738c27d3e3a54a14e216cfa72830adf54770a6a0"", ""7"": ""f62734648c799469777a387cc48225fae99fb207dc66d805e49c0592d8bb463d"", ""8"": ""cdcee47e883807d7b8dd64f23ffda448881d550c51350a2c0459c11eaee594f5"", ""9"": ""be7cd18fd94e621ae885a61874a2097dacf5db940825fdfcbfccd58deabee4d1""}",,0,0,0,0,0.0,0.0,"{""0"": 6.561000000000009e-06, ""1"": 6.561000000000009e-06, ""2"": 0.0005029239652374428, ""3"": 0.005985905470439379, ""4"": 0.28688901881668194, ""5"": 0.08866911725799329, ""6"": 0.005477694597422501, ""7"": 0.2396375370462005, ""8"": 0.2866084566170289, ""9"": 0.08621622422899605}","{""0"": 6.561000000000009e-06, ""1"": 6.561000000000009e-06, ""2"": 0.0005029239652374428, ""3"": 0.005985905470439379, ""4"": 0.28688901881668194, ""5"": 0.08866911725799329, ""6"": 0.005477694597422501, ""7"": 0.2396375370462005, ""8"": 0.2866084566170289, ""9"": 0.08621622422899605}",[],[],0,0,0,0,0.0,64ebbf4da946dd997253194514f2e2a119a551d78495d21071f4b48782498ded,77ac1c7973a4474d384c9bba7c3063d7483fe8c97ee9321d59b1ecb9516593eb,"[""proposal_created"", ""proposal_committed"", ""audit_accepted"", ""committed_once""]"
9,noexecutor,0,none,0,0,0,0,1,0,,64.84,,0.1,,9c01a79d606cda4775408ee80db5c116fa5bcc504fe2d87b672a2c3665feb902,1,"{""0"": ""f1a96821baa56b86b8a61fe60da47daea74f87301b5da271a7f9372808d58ceb"", ""1"": ""e512b47ee73935ec0f22fba9053ef7dd2e07d3d457938735d1d4319059d9704b"", ""2"": ""a607b275bae652dccb2cde189ac2b0045cb2a81e2d9cf8dabaa6d1610fec4a06"", ""3"": ""3878bca539caf209541407916b4cf69b6c946160abb511cd368156abbd830c37"", ""4"": ""5297513d8362c463051956a8279c11aee1f5ccc2e52a806edadaa3bc8ab64659"", ""5"": ""f079072aa1d9323cc4ed12f12eeeb00d2507dc041d0b233d6a50ffa23a064410"", ""6"": ""1c95df8053bf21e01e0fdaef5f067852326f97d7ac9a1fc588f6a182c58237bb"", ""7"": ""d3fd0ca388d182935d2df1f6413c3e40dca956db7026ce2241a77fa9e2a45ac8"", ""8"": ""037c9ecba57ba28d082caf72a5f0a67625cf8df5cf5a159cb66729e60de5aa99"", ""9"": ""d4e4697e810f6ba9f2bc8a080724a534cec5a43499912ea74ad3ee75b0091c8a""}",,0,0,0,0,0.0,0.0,"{""0"": 1.9683000000000024e-06, ""1"": 1.9683000000000024e-06, ""2"": 0.00015087718957123282, ""3"": 0.21264192264051948, ""4"": 0.15137284903448747, ""5"": 0.15867772382741718, ""6"": 0.019589564891979615, ""7"": 0.13066152191293803, ""8"": 0.29682868798449635, ""9"": 0.030072915918590588}","{""0"": 1.9683000000000024e-06, ""1"": 1.9683000000000024e-06, ""2"": 0.00015087718957123282, ""3"": 0.21264192264051948, ""4"": 0.15137284903448747, ""5"": 0.15867772382741718, ""6"": 0.019589564891979615, ""7"": 0.13066152191293803, ""8"": 0.29682868798449635, ""9"": 0.030072915918590588}",[],[],0,0,0,0,0.0,77ac1c7973a4474d384c9bba7c3063d7483fe8c97ee9321d59b1ecb9516593eb,d51f59e0f9b4b964605130e7ed0ee7b24cd2ad47e6e85b686940ed8756856172,"[""proposal_created"", ""proposal_committed"", ""audit_accepted"", ""committed_once""]"
10,noexecutor,0,none,0,0,0,0,1,0,,43.2,,0.1,,fcacb91923b299668ad3470318f88501553901215497078e6e473424f939dcce,1,"{""0"": ""4dfd672216935c4c233cc469c408dbb16426bb896de1577dafb4c546a3ee7344"", ""1"": ""f195ad0f0ce9d3b6d15e0a1876685b873c4b59daff51854b27f188943e2b7716"", ""2"": ""023731dd1e7a61d9f5b1bdd9e34dd8b327bb978febe064b401f03be45a573cab"", ""3"": ""d0a8e85ec5c3d173059646d495754e59d118a9a23a7eb71d1040fed78877d039"", ""4"": ""0a566351acba28af439e5c4fd957c6d09b3304b13b7b01c1f39fa6f196da17da"", ""5"": ""70a3bea404ea434c6d931d03b13ce2d5a55fe6dad2277f47af8881fc04ccdaeb"", ""6"": ""8e9cfdc3ca6eef9c86ed05dd77b861de1a0bc5f2e6d11eedcd13c8782d8af082"", ""7"": ""a5c27f50959f0805435b4a1eeca6f9b68db76114f4151eb8f009bfc889ae1a1f"", ""8"": ""2ab13ccccf4b8024521fab2abdfc30d1c5ee0ae75c15e6675d17ab6bdba3db9e"", ""9"": ""ca666b8be9a012d91c205c617cd208383a9adf8eddf17518934bd562f704b465""}",,0,0,0,0,0.0,0.0,"{""0"": 5.904900000000009e-07, ""1"": 5.904900000000009e-07, ""2"": 0.03436678160645953, ""3"": 0.344471933934774, ""4"": 0.09344074979898599, ""5"": 0.07374866587741312, ""6"": 0.005876869467593886, ""7"": 0.06934398002122932, ""8"": 0.36972796353796705, ""9"": 0.00902187477557718}","{""0"": 5.904900000000009e-07, ""1"": 5.904900000000009e-07, ""2"": 0.03436678160645953, ""3"": 0.344471933934774, ""4"": 0.09344074979898599, ""5"": 0.07374866587741312, ""6"": 0.005876869467593886, ""7"": 0.06934398002122932, ""8"": 0.36972796353796705, ""9"": 0.00902187477557718}",[],[],0,0,0,0,0.0,d51f59e0f9b4b964605130e7ed0ee7b24cd2ad47e6e85b686940ed8756856172,32258d5a429c61a15ec24db7585690131ba73771600558385ced5c840bda657a,"[""proposal_created"", ""proposal_committed"", ""audit_accepted"", ""committed_once""]"
11,noexecutor,0,none,0,0,0,0,1,0,,59.85,,0.1,,d334829da49cb2b901a055e0d0924b3acea62fdf31272e906d0cf5d4318ed4a6,1,"{""0"": ""3c38a6395c4962f0da2ca3472fa60ee8d84982f6f52534defed55c7a2b706e53"", ""1"": ""e37f4aa09609e92d1b2d8565d9b4b9c33e320caa37c9c243285637ca8a816853"", ""2"": ""5e9853be674d82fc3e6faffffc08a6a229c2d599d680639f87c9bd2afd5a6d58"", ""3"": ""f89c37ec3a69375ae3ea91f1f7e9d6214c4afab46e026da79e025bde9c71064f"", ""4"": ""aa5ecd7a5f68e9a713931a7e2a063c6faa274c82f80e89ae502c726de8452129"", ""5"": ""f600271676f2588bf42278d5fb633a5bf2363df33d979a08d1bc2c2ea335fa2d"", ""6"": ""fa812f42a873fd695009f31969e5406041346eafcd184b1f86bd5ab325152b46"", ""7"": ""0d81171e6e1bf7c7f724dfe4bf46c8d7d90674c2e73a52eb4d1e7a42e3f707c1"", ""8"": ""a472d22fa7470c942864eaf8932073fa9479cf9fe5998c406b21ee668c92a670"", ""9"": ""6ef9f17b9a93b45836599b875664ffc7653ca98db52cc9c2af49ece5ac33e8f2""}",,0,0,0,0,0.0,0.0,"{""0"": 1.7714700000000026e-07, ""1"": 1.7714700000000026e-07, ""2"": 0.06131202043882581, ""3"": 0.10334158018043219, ""4"": 0.25058029693797185, ""5"": 0.2446726717615, ""6"": 0.03300022298402967, ""7"": 0.09205647350201997, ""8"": 0.16774032459509294, ""9"": 0.04729605530612737}","{""0"": 1.7714700000000026e-07, ""1"": 1.7714700000000026e-07, ""2"": 0.06131202043882581, ""3"": 0.10334158018043219, ""4"": 0.25058029693797185, ""5"": 0.2446726717615, ""6"": 0.03300022298402967, ""7"": 0.09205647350201997, ""8"": 0.16774032459509294, ""9"": 0.04729605530612737}",[],[],0,0,0,0,0.0,32258d5a429c61a15ec24db7585690131ba73771600558385ced5c840bda657a,8ea7a277ce9046ea9000e04f24b53af8594074b5b435ba8950e966560ccbdcbc,"[""proposal_created"", ""proposal_committed"", ""audit_accepted"", ""committed_once""]"
12,noexecutor,0,none,0,0,0,0,1,0,,69.6,,0.1,,6e21c914bf4ef105904125511de5519ff704edb6066ef60e05cf4e6ce1426636,1,"{""0"": ""9b081ab71f06965283a097cd637df6cb17807f2155d5377667132053d6db5638"", ""1"": ""fae1e739d732aa3f8ad6b4fe4d0b16127e75b9d5b9a77f1f596fd209175d585c"", ""2"": ""f825d0e4f5e84d8dd7d22f4ca2c156b7cfb55570dd82f91577b585f394ff3fd7"", ""3"": ""da27afe6e3689839fc235ccd15d120e06f003029785732f0151991292dcd2997"", ""4"": ""ab7f74e7722b9db7f5dddf1ea2c24af304e62e2a54bc3e5c00cbbe14c58f2a17"", ""5"": ""5a04f7abbaa8f386e081c10e078adaa2efb86cbf001b3b8074e96edbc69944fd"", ""6"": ""5e748f13078f081b77dac00bd857fac3821238f570a410ea1e2f5a99d078b7e5"", ""7"": ""70e3fc4caec10b0fc86300abc51500e7bdb0fa6f46790e4eb98e80dccd92d747"", ""8"": ""47e6f29fafe7cd2ba9eae6816a6440f2a23f8ba31f92ede58341068c16c03d89"", ""9"": ""cbabaa26bb2c0e52f560251d8e1e4b4dead72f6fa3850e4389da0f2be6e7db01""}",,0,0,0,0,0.0,0.0,"{""0"": 5.314410000000009e-08, ""1"": 5.314410000000009e-08, ""2"": 0.018393606131647745, ""3"": 0.03100247405412966, ""4"": 0.2877794400563345, ""5"": 0.12516851729152464, ""6"": 0.009900066895208903, ""7"": 0.03803417336270261, ""8"": 0.2629274483534708, ""9"": 0.22679416756678114}","{""0"": 5.314410000000009e-08, ""1"": 5.314410000000009e-08, ""2"": 0.018393606131647745, ""3"": 0.03100247405412966, ""4"": 0.2877794400563345, ""5"": 0.12516851729152464, ""6"": 0.009900066895208903, ""7"": 0.03803417336270261, ""8"": 0.2629274483534708, ""9"": 0.22679416756678114}",[],[],0,0,0,0,0.0,8ea7a277ce9046ea9000e04f24b53af8594074b5b435ba8950e966560ccbdcbc,ef4ded7856c2c4e7f70ebfae2db4d9cbb4edd488f2c34a84f76827f75daa0b7e,"[""proposal_created"", ""proposal_committed"", ""audit_accepted"", ""committed_once""]"
13,noexecutor,0,none,0,0,0,0,1,0,,74.17,,0.1,,26473109a2fa40d2e4f693c4957d3c62d6fc7ed7197600d3e423fe391b197d22,1,"{""0"": ""546c03de72a2ace7231d92bbe2cbcdc3b9c63ab5185b842b94dc832c87dc0b78"", ""1"": ""4fac760ec63ae200707483d06345211a17ed5cad25cd791c756fb8b710a56867"", ""2"": ""f62e71c0418404ce1bab6991f646da69cdd4f3fda23a5cf4c4c8867e62047421"", ""3"": ""edd84b4d6ca9f1f811404e1016d242daeecd3f6957c0a8f5c48ac7428b3ed01c"", ""4"": ""3d7dca3c96105c67325f8ba7a79ed7374e9876f89c0f03b37dfa107b9e3cfe33"", ""5"": ""66e1a8f559ec66f4bce22b4c67c2683cc3d39c030570ed716b6daa3fa8f9cf57"", ""6"": ""d28b2731ebeffed04da2d98a0e8fcd8a31cd49af64e740c545a088ccd59a9352"", ""7"": ""28b7d859e932f5ce6111910f0f1c007eafb4355d2f777dec3571ad93341cb9d9"", ""8"": ""132e2fbf6c9af1d7f1e25be061a4bb65c644d6411c646aa219cf7f285f60fc3f"", ""9"": ""c7a0d274f33dfdc562c4d7f083a832e1d8f21060b7a5893edbc5554969360da1""}",,0,0,0,0,0.0,0.0,"{""0"": 1.594323000000003e-08, ""1"": 1.594323000000003e-08, ""2"": 0.005518081839494324, ""3"": 0.009300742216238899, ""4"": 0.23707698671607574, ""5"": 0.037550555187457396, ""6"": 0.002970020068562671, ""7"": 0.011410252008810785, ""8"": 0.5043916731054061, ""9"": 0.19178165697149407}","{""0"": 1.594323000000003e-08, ""1"": 1.594323000000003e-08, ""2"": 0.005518081839494324, ""3"": 0.009300742216238899, ""4"": 0.23707698671607574, ""5"": 0.037550555187457396, ""6"": 0.002970020068562671, ""7"": 0.011410252008810785, ""8"": 0.5043916731054061, ""9"": 0.19178165697149407}",[],[],0,0,0,0,0.0,ef4ded7856c2c4e7f70ebfae2db4d9cbb4edd488f2c34a84f76827f75daa0b7e,35e407bb553a82414bfa1d09f5b5dbcbd21ae9ac27bad93d860f702f9dc5d7a8,"[""proposal_created"", ""proposal_committed"", ""audit_accepted"", ""committed_once""]"
14,noexecutor,0,none,0,0,0,0,1,0,,71.13,,0.1,,c85d7a472ae7857bba546540c1e308dd08af5df3ecac052eafb4dcb4a3a28fa5,1,"{""0"": ""36b366063defa94b3c576fcb8293845b196e73cfced04e4cd79cb0bf06bf28ac"", ""1"": ""601fb875a50b147bc1359acb77b5fba17c705b560c4863f4453cd22d755c8a55"", ""2"": ""c3d2d697400412a9b2a36983e905a361bdc4fed774c564590d9fe26822e0653b"", ""3"": ""45f2106bd85b02a0add4100cf489abc507e074a7b3713fee427ecced0a862933"", ""4"": ""752306b3b239520c4cbb9d9e71cb45774961ff3b448f7c4ce8bc6ec2da4bec91"", ""5"": ""b7d08781925476d917c553d3204508277a7064e895cd8e94eb2c381c843e50e0"", ""6"": ""2826c78c3a2b2eba07eff5aef371e13f810e8bc59ae6c2b90537f4f1537f392c"", ""7"": ""e4c8f0de2d919024d8a3689d95ea0ed4e7cc914e17d9efb92628151a11c78981"", ""8"": ""75183b0941221c44731c2a206827f32392de252f47d6b2ef23ba783c0ffa3a70"", ""9"": ""8172418bf836e92d789c51d2fc03af6c8a4ec74b088dd8207875a57456036a3f""}",,0,0,0,0,0.0,0.0,"{""0"": 4.78296900000001e-09, ""1"": 4.78296900000001e-09, ""2"": 0.0016554245518482975, ""3"": 0.00279022266487167, ""4"": 0.1285725106708586, ""5"": 0.015318880253566612, ""6"": 0.0008910060205688014, ""7"": 0.016917540684331024, ""8"": 0.7603477997350915, ""9"": 0.07350660585292551}","{""0"": 4.78296900000001e-09, ""1"": 4.78296900000001e-09, ""2"": 0.0016554245518482975, ""3"": 0.00279022266487167, ""4"": 0.1285725106708586, ""5"": 0.015318880253566612, ""6"": 0.0008910060205688014, ""7"": 0.016917540684331024, ""8"": 0.7603477997350915, ""9"": 0.07350660585292551}",[],[],0,0,0,0,0.0,35e407bb553a82414bfa1d09f5b5dbcbd21ae9ac27bad93d860f702f9dc5d7a8,1dd06f2ce03c25352a6dc7bf7b1e3206445c04494d32755210490ff9fb73a76d,"[""proposal_created"", ""proposal_committed"", ""audit_accepted"", ""committed_once""]"
15,noexecutor,0,none,0,0,0,0,1,0,,76.36,,0.1,,2eff311339bb35c786c8caf88388cd021d7c89380dcf0c4f760beab3d6ef30f5,1,"{""0"": ""19f03a8169537637295d260b9e06279166a6587ef87e0b379cadf9e73e7ca7c2"", ""1"": ""416a64e16b747719898c4c81647074386fa7ebb81d8bb395eb32861d48e4f9ad"", ""2"": ""1cf9c468a9d8e155aa23636e0fa8f105644e75347b1c067cec1a76bca6094ea6"", ""3"": ""d271f4014d7fe2ab2701b30ad5d17843b4e560cc4233ca90140b1bf2d364ab69"", ""4"": ""4036e012c815784f830b849c226371c2417a8ef9d27c8a508a0bcc12db4c3a5b"", ""5"": ""61aa25fc04609e5babdcc71fe9c84e523147ef507d7972d096094a4584b0ca5c"", ""6"": ""71021a83bfeeb3b437b5267e3246fc96b29cb8a66c536913c5ce8fceb1ec2d05"", ""7"": ""0304ae752b9aa9a204267f0dc0bc17007b1b4670d78514064e8216e0dc7d6e80"", ""8"": ""10c72271ee553beb9deda98452ab2e60e14b21b17fb6237252b24a6668bd1f2b"", ""9"": ""e60dd5740054173cd56b876aac875bcdd6f8f1e4c27d818beb12110768a911a7""}",,0,0,0,0,0.0,0.0,"{""0"": 1.4348907000000033e-09, ""1"": 1.4348907000000033e-09, ""2"": 0.0004966273655544894, ""3"": 0.0008370667994615013, ""4"": 0.22495185637525855, ""5"": 0.012574434804815389, ""6"": 0.0002673018061706405, ""7"": 0.19145536537930027, ""8"": 0.4144844430945285, ""9"": 0.1549329015051294}","{""0"": 1.4348907000000033e-09, ""1"": 1.4348907000000033e-09, ""2"": 0.0004966273655544894, ""3"": 0.0008370667994615013, ""4"": 0.22495185637525855, ""5"": 0.012574434804815389, ""6"": 0.0002673018061706405, ""7"": 0.19145536537930027, ""8"": 0.4144844430945285, ""9"": 0.1549329015051294}",[],[],0,0,0,0,0.0,1dd06f2ce03c25352a6dc7bf7b1e3206445c04494d32755210490ff9fb73a76d,d84248c188601bec8fda77002595c36eaf078de83a3d909f3d0c38e3043c8b45,"[""proposal_created"", ""proposal_committed"", ""audit_accepted"", ""committed_once""]"
16,noexecutor,0,none,0,0,0,0,1,0,,76.23,,0.1,,bc5d842c6645d41232384402d5fea196d2f2856659845a9e9dec669585155368,1,"{""0"": ""30280e5c9d8d514c6103537ea1fa67c0bd55edc91120a69fa207eae44bbc8d1d"", ""1"": ""4066c17817d61b4d4a6be595550f8afb6ff294c401df79679372d705228a5f30"", ""2"": ""d06cc179df4080ca98ac6ff934590b7a5d97b62af325c6af9be520085bee1fa4"", ""3"": ""e2c42a7060be2d502ca646a3a2b07820dd781aa1d23a46fd69c6871c75b6b314"", ""4"": ""ae648d63da7a6f19e06dbc8537ee674c46b27bc8752368598ffa8af58e1b0444"", ""5"": ""74757e741822977dddbee59c5863081f0a03debc6fe12a71c8590227b59c77da"", ""6"": ""156a276b094297993aefff924847b9dc9dfca9667599879c169b84026819492e"", ""7"": ""d3ecbd0984d85f02393ded5ccd7cd178a62285c8f37ac022540b8b1eb71c1bfe"", ""8"": ""4fd4f17431f6ee5af13e776d8660ce2ca48145243d7c78cf25f404c85a5e4a13"", ""9"": ""d076bcc71f4f6984798e37e5b4aeb81004befbca4939852e639b0b69fc669bc4""}",,0,0,0,0,0.0,0.0,"{""0"": 4.304672100000011e-10, ""1"": 4.304672100000011e-10, ""2"": 0.00014898820966634683, ""3"": 0.00025112003983845043, ""4"": 0.2758388608895005, ""5"": 0.03106049188653288, ""6"": 8.019054185119216e-05, ""7"": 0.265789913590713, ""8"": 0.17199725955250145, ""9"": 0.25483317442846176}","{""0"": 4.304672100000011e-10, ""1"": 4.304672100000011e-10, ""2"": 0.00014898820966634683, ""3"": 0.00025112003983845043, ""4"": 0.2758388608895005, ""5"": 0.03106049188653288, ""6"": 8.019054185119216e-05, ""7"": 0.265789913590713, ""8"": 0.17199725955250145, ""9"": 0.25483317442846176}",[],[],0,0,0,0,0.0,d84248c188601bec8fda77002595c36eaf078de83a3d909f3d0c38e3043c8b45,f6dcf2cbec851e68fd3107b58a5beda8815f0c8024c35ceb5a389530e5dc45d4,"[""proposal_created"", ""proposal_committed"", ""audit_accepted"", ""committed_once""]"
17,noexecutor,0,none,0,0,0,0,1,0,,75.39,,0.1,,853bf00ac10d46bf94a287846e2a0943a45491e85f259242ddf5501d28533f81,1,"{""0"": ""19643a80bacb3eee0c789b81fc9e7d0981d1a7326b2b392d7e3ccc77ad9ae1e4"", ""1"": ""1a95d0dbc87169ebf9476e7530f558f00ef087615d29d28b4272ec51d30d3356"", ""2"": ""f1677784ce39d584ef84704ff63b22982272f3117908678159dfa7e9ed01cb2b"", ""3"": ""52562fbc4ce168517df38440ef255471373761345e365a9a873433d0efea2e0e"", ""4"": ""e1629f734448be79ace9b48bb893759710209c7b07e7d3f2bc95fae1a2369962"", ""5"": ""b9341c364e6aaf99e47d2464159be10aa50e8e96abfebfea810543e1818f3808"", ""6"": ""06304017513ef28d781d7fe3d55a0055c0116dc2038f9e2b6556ad36716575b1"", ""7"": ""a5a3fc8efec86d1742ad32bb3d318b5998d5f452bf5ebaf454ad0b3fe43b2f70"", ""8"": ""e6edcc7f92daf95608216665ddbe649568f1c122e00ca50b28843cf34cbc4032"", ""9"": ""30c2c06f8c7b658068087c72df63169b89ef6b62900b4af63cb7da6a439981f1""}",,0,0,0,0,0.0,0.0,"{""0"": 1.2914016300000036e-10, ""1"": 1.2914016300000036e-10, ""2"": 4.4696462899904064e-05, ""3"": 7.533601195153515e-05, ""4"": 0.12151345658725775, ""5"": 0.21412335640778155, ""6"": 0.0005761374414854631, ""7"": 0.2845421829190356, ""8"": 0.2564043867075721, ""9"": 0.1227204472037358}","{""0"": 1.2914016300000036e-10, ""1"": 1.2914016300000036e-10, ""2"": 4.4696462899904064e-05, ""3"": 7.533601195153515e-05, ""4"": 0.12151345658725775, ""5"": 0.21412335640778155, ""6"": 0.0005761374414854631, ""7"": 0.2845421829190356, ""8"": 0.2564043867075721, ""9"": 0.1227204472037358}",[],[],0,0,0,0,0.0,f6dcf2cbec851e68fd3107b58a5beda8815f0c8024c35ceb5a389530e5dc45d4,b4d8b454318e10d776cfb369e02de8a19e9c4a1954f995c34d8dc1db574d2ea8,"[""proposal_created"", ""proposal_committed"", ""audit_accepted"", ""committed_once""]"
18,noexecutor,0,none,0,0,0,0,1,0,,76.38,,0.1,,40ee019a5a44f95b597967c9108e362acef4f404138e33e772aa9a1c101cdabe,1,"{""0"": ""b5db7d06781905270d46404108a68c593462cd47153c42f723b1c72135f56cb2"", ""1"": ""bb437e02723d14890bff651ef0a8213b1daf5b6028a5ec233bb60666f8af8fc2"", ""2"": ""f944fb816d20d025f2a4561b6c3d5893d476e13e3ea2e1dd91ef5cd62ef7eca1"", ""3"": ""a7d701d3ff08244bdbbe09eb3f3984f3e9d68239addd6e3f96b35b6dc7e5e0be"", ""4"": ""0e8c4f2cc1964c1e03b92e07f77c9fc91a611ba4eadf5f3b60a1fe9b6435abb1"", ""5"": ""c5557cff924b845d8e3b9d71d4972c638a67138e8fd96aff5cff70394a96f217"", ""6"": ""70a58015fb9cc4bb014f9d0c53265e01b49b6b9530823b1e09f84fe6acd1d2be"", ""7"": ""16261ed0d468d544c55eeb97c41b3d9a9cd43895f396cb808a6359105232bc7b"", ""8"": ""5f7adb8b3220ee3072cd567d53edcb7675348ba43cd3419644094e644d693ac6"", ""9"": ""ff9095404eeb385c956b027f3b2a7485f85d0b20ff77a5705e7fe80e4514f073""}",,0,0,0,0,0.0,0.0,"{""0"": 3.874204890000011e-11, ""1"": 3.874204890000011e-11, ""2"": 1.3408938869971218e-05, ""3"": 2.2600803585460544e-05, ""4"": 0.11158099248309532, ""5"": 0.2552364716994447, ""6"": 0.0022399565420326813, ""7"": 0.2763621196528209, ""8"": 0.26792078078938186, ""9"": 0.08662366901328485}","{""0"": 3.874204890000011e-11, ""1"": 3.874204890000011e-11, ""2"": 1.3408938869971218e-05, ""3"": 2.2600803585460544e-05, ""4"": 0.11158099248309532, ""5"": 0.2552364716994447, ""6"": 0.0022399565420326813, ""7"": 0.2763621196528209, ""8"": 0.26792078078938186, ""9"": 0.08662366901328485}",[],[],0,0,0,0,0.0,b4d8b454318e10d776cfb369e02de8a19e9c4a1954f995c34d8dc1db574d2ea8,ae279342b2ab7595422fdd34012ec69ab0a14ebd68e2f1a482f8ff10ef2136fd,"[""proposal_created"", ""proposal_committed"", ""audit_accepted"", ""committed_once""]"
19,noexecutor,0,none,0,0,0,0,1,0,,78.03,,0.1,,bc4aaef65950d62467792c95ad8a2f56a4fb5db7bca4ec5646db3bf043883aea,1,"{""0"": ""f8b70914ebb4ba4810cd6d445f7e5376a0f860140f7af655f2907fc604c2ee71"", ""1"": ""1421c10d4c44006c5465b7b41a9593e5b48bad30ea6e875635395b23ac375a6c"", ""2"": ""9d2279c7b19416957b25f05c7290b5480a539a14fb0401e9d82c4355c5a41693"", ""3"": ""c6f106a81c96755938db7be72f9a286200eb2f2cdc156e04b6157235e91d925a"", ""4"": ""f0aa0599b57ce320a255f3c8e0bf1abee216a30422cae4198321f7fe6a9cbd97"", ""5"": ""918ae514d956680a458e533b598a9c0ff7bddfa69e2fcda81225d73f4aec8b95"", ""6"": ""d419939a1deb6e028b1950a5bf05c08726e8bc61cf93d8ba6ade15ef21c48cea"", ""7"": ""287f426683fc3149c43e74d4051cb7fad2fb234fcec416c40e7db101e36f8b97"", ""8"": ""46c19646df933186b94a2183204beef96144fc0d3ee801a9c072c1c130a8f96a"", ""9"": ""0207f580b0794bcf7995348b4e61a959a1240383a9b112038a811f0d102591b7""}",,0,0,0,0,0.0,0.0,"{""0"": 1.1622614670000035e-11, ""1"": 1.1622614670000035e-11, ""2"": 4.022681660991367e-06, ""3"": 0.04135373910957632, ""4"": 0.16631490232432836, ""5"": 0.09304582315628894, ""6"": 0.0006719869626098047, ""7"": 0.2905432452670634, ""8"": 0.28887739806074403, ""9"": 0.11918888241448299}","{""0"": 1.1622614670000035e-11, ""1"": 1.1622614670000035e-11, ""2"": 4.022681660991367e-06, ""3"": 0.04135373910957632, ""4"": 0.16631490232432836, ""5"": 0.09304582315628894, ""6"": 0.0006719869626098047, ""7"": 0.2905432452670634, ""8"": 0.28887739806074403, ""9"": 0.11918888241448299}",[],[],0,0,0,0,0.0,ae279342b2ab7595422fdd34012ec69ab0a14ebd68e2f1a482f8ff10ef2136fd,9dbe6b54452b39f83f94cc879cde86d2e3c73ad5214e2e329358101a9f9e76c8,"[""proposal_created"", ""proposal_committed"", ""audit_accepted"", ""committed_once""]"
20,noexecutor,0,none,0,0,0,0,1,0,,77.32,,0.1,,bfd0599ae5494719278b40d3e14948e9626a9ee04443b9b750358111e4a848de,1,"{""0"": ""b8284153c68777d370be092164a53e2e0c4a738c893184633ec513afd87b369b"", ""1"": ""e8531a6928fc702523a06f5e9a3e5ae51481acacbaf1c7c52ed9673193714cac"", ""2"": ""e258498e892f70f4c2c439fb3bbc5662245d94a36262c2694ac62efc28ac924c"", ""3"": ""ba4a3f156afbd28a5bc6f059f396d2d02adf9e2a027eb4eb0389091ce4641800"", ""4"": ""9527f639903b042d4d67c04af5daed906ec4b6f75d12773acde4450ad84e9a54"", ""5"": ""a8686a9b1202aeb100ca427a128761ab113c7677c4a59bb091bb1b1d3b8b2fca"", ""6"": ""d7eefcacdc1cd6e35441d28793e3b5a349007d257688781ae1f0050c1e62c502"", ""7"": ""5298e66b663dd636d66a9f3f77b17dce78017c7887d22362562f506d9230f029"", ""8"": ""f4ada2542e70c381795f24a754a339d1fe67c47846076b14d475b724604a523e"", ""9"": ""f7cf97f20f41e392c27f593000ac1ac7b8c28314e808c12afd062c8c42360a84""}",,0,0,0,0,0.0,0.0,"{""0"": 3.4867844010000112e-12, ""1"": 3.4867844010000112e-12, ""2"": 0.008370486334886079, ""3"": 0.04329911549900366, ""4"": 0.21066134103265632, ""5"": 0.06912839234396335, ""6"": 0.00020159608878294146, ""7"": 0.11179663607339131, ""8"": 0.3037244936571106, ""9"": 0.2528179389632323}","{""0"": 3.4867844010000112e-12, ""1"": 3.4867844010000112e-12, ""2"": 0.008370486334886079, ""3"": 0.04329911549900366, ""4"": 0.21066134103265632, ""5"": 0.06912839234396335, ""6"": 0.00020159608878294146, ""7"": 0.11179663607339131, ""8"": 0.3037244936571106, ""9"": 0.2528179389632323}",[],[],0,0,0,0,0.0,9dbe6b54452b39f83f94cc879cde86d2e3c73ad5214e2e329358101a9f9e76c8,6cb24a46bc3114dfa659944f915fd5734c8c68bc0322b19212254268d52c9795,"[""proposal_created"", ""proposal_committed"", ""audit_accepted"", ""committed_once""]"
21,noexecutor,0,none,0,0,0,0,1,0,,77.16,,0.1,,a65dbc0248b35c338386f2933585b7e6b0993137008f618a9c37c6be971c4e09,1,"{""0"": ""b3a77bcc9a4d7d02bd04f6e1dcf39ae7fa8d3e5e285a69b2d86a6b54c2453089"", ""1"": ""6f065e9e69b9d00d6659fdef7f788cb507b02e7a8a3c747e7af326384600f560"", ""2"": ""c9b736bd1ad87aed5686f26e1c45b7e3ef8b165df10ee8ae37e054d57431ed0a"", ""3"": ""42ed15b1cf90fd4fba22322b8d726de72d4d29d2efa5db6187e3bab1dc4d860d"", ""4"": ""82b766db3ba37aefc74c4bb27df4839fa65c9eeeab21ea4c50a202b108d1a232"", ""5"": ""5836b91f471188764efe91458d2cd94955e48939c936a44457b74e384170bc89"", ""6"": ""30445ce0b20da195bfcb1d5be67cdd58c04da6a2122efed74498018acd9171e3"", ""7"": ""7e655fcdd3d99c2daf014d70a5e4af801a956879e839093ef2fdafe7629d0481"", ""8"": ""e5f99b9887ec91348807115656387e3bf84916ec871fe820de53d54cb2ab0823"", ""9"": ""7a6af32a3b5ad5dca8d8cc2abe2814f99b6f6631ada7e3019a4d21db46ca2fc5""}",,0,0,0,0,0.0,0.0,"{""0"": 1.0460353203000036e-12, ""1"": 1.0460353203000036e-12, ""2"": 0.002511145900465824, ""3"": 0.0129897346497011, ""4"": 0.17183844710742174, ""5"": 0.0230851684245569, ""6"": 6.0478826634882445e-05, ""7"": 0.10661192002723777, ""8"": 0.5359942757669275, ""9"": 0.1469088292949623}","{""0"": 1.0460353203000036e-12, ""1"": 1.0460353203000036e-12, ""2"": 0.002511145900465824, ""3"": 0.0129897346497011, ""4"": 0.17183844710742174, ""5"": 0.0230851684245569, ""6"": 6.0478826634882445e-05, ""7"": 0.10661192002723777, ""8"": 0.5359942757669275, ""9"": 0.1469088292949623}",[],[],0,0,0,0,0.0,6cb24a46bc3114dfa659944f915fd5734c8c68bc0322b19212254268d52c9795,bc8d6045988ba0d8326c0ffe6590ed7c80e15210de650031e1427b502603b220,"[""proposal_created"", ""proposal_committed"", ""audit_accepted"", ""committed_once""]"
22,noexecutor,0,none,0,0,0,0,1,0,,76.91,,0.1,,34be39a94eb27c615959b52b35f533e825eeba1af7f6a17be641b472f8322e73,1,"{""0"": ""50f8a3f3b7c18777bcc9e14c2c63c60e3cdc47229c71cda97029ef65c476051e"", ""1"": ""013d8543cdb14535ecd5178fdc7031a2b440daf6250e2fb759b8c5ef80d67a8b"", ""2"": ""ffdbe8848d044179afbc7ff4a9ae2ca061b96aa12d523f45cd32b118c8156a2a"", ""3"": ""4f93208e011cf8da2f9888f3b65652022e873869940d02a881141d3530598d78"", ""4"": ""dfb6958f38c2dbef1624dea5023c9e6f1b773d4e09f0d2cfd529677370959386"", ""5"": ""fb9ce3eea35f6eeb7b72ea1272ef8f864bdcfc6e658bec6bcf060c4faada27a7"", ""6"": ""ff7fa2cea596b8f6520a0650bac494ccb63ba2682a73a92a1fc24674f2bc3a09"", ""7"": ""5b5d5d222f5107f3f130fab6811845222096d08ac85359f0ed411592ab54d8e2"", ""8"": ""ba877d39b4113dcbbd29656aa56b445998bb837a7a415efe5c46cf35c0cb35ea"", ""9"": ""3ad5c957ca8e2234b5a3fca89b64e08403b8b581208e830ee1cf1a6c7b59fe61""}",,0,0,0,0,0.0,0.0,"{""0"": 3.1381059609000105e-13, ""1"": 3.1381059609000105e-13, ""2"": 0.0007533437701397471, ""3"": 0.0038969203949103296, ""4"": 0.2999918296245299, ""5"": 0.03233572081870052, ""6"": 1.814364799046473e-05, ""7"": 0.03390712899431079, ""8"": 0.567958553767489, ""9"": 0.061138358981301544}","{""0"": 3.1381059609000105e-13, ""1"": 3.1381059609000105e-13, ""2"": 0.0007533437701397471, ""3"": 0.0038969203949103296, ""4"": 0.2999918296245299, ""5"": 0.03233572081870052, ""6"": 1.814364799046473e-05, ""7"": 0.03390712899431079, ""8"": 0.567958553767489, ""9"": 0.061138358981301544}",[],[],0,0,0,0,0.0,bc8d6045988ba0d8326c0ffe6590ed7c80e15210de650031e1427b502603b220,046220dfdf394d8c53daddf516b1610bc516ffe75c0b5e2afa674d331a1231fd,"[""proposal_created"", ""proposal_committed"", ""audit_accepted"", ""committed_once""]"
23,noexecutor,0,none,0,0,0,0,1,0,,72.53,,0.1,,ffe92925a3085238d85d5b6a99965348fd23099a05989f164aac0f2d6bf8c6a8,1,"{""0"": ""9c26bea965cf3cdefdeef2295cfaf9fbb29a1d811407002f829ccb995bede154"", ""1"": ""21709b2e64c59c11e58f8a3b2d4111e80e04268e0c70a0c4fb4acec3812c987a"", ""2"": ""456a6f6a65e741ddf22c094c7701abda573f69e69e05eef89c8afed052a2801e"", ""3"": ""2cfc7dce4d2dfcff1686646ee6559c258abcf235408fe035f1d337914932e586"", ""4"": ""a94cf35833e489f2f75dcb80edff8cd1ed8d3bca765929f011cdd0a0be40d42d"", ""5"": ""c6b21d9d07ee1ca5aca5a1e019044fabbb77983ac7ccf36d2f5fa994b7de51ec"", ""6"": ""4a76b8498051319ec78c746b56b0736aa4c08cc295384003837987ae89dff9c7"", ""7"": ""ad535319559a2ad7cfcbb828f59657866cddb3ea52f62eab88df6f05336e4eb2"", ""8"": ""af879c943a8b4e11e8cdc43a55c73f0cd833a3e3621e7c4cf4de0253dd82beaa"", ""9"": ""d45fe53fdd384459f07b6366e4f0ef20c3d272a76797331e74dd63c591c4eff3""}",,0,0,0,0,0.0,0.0,"{""0"": 9.414317882700033e-14, ""1"": 9.414317882700033e-14, ""2"": 0.00022600313104192415, ""3"": 0.001169076118473099, ""4"": 0.32944623835477527, ""5"": 0.20647763047537632, ""6"": 0.000600146160559513, ""7"": 0.015350516365108001, ""8"": 0.18894019223267106, ""9"": 0.25779019716180673}","{""0"": 9.414317882700033e-14, ""1"": 9.414317882700033e-14, ""2"": 0.00022600313104192415, ""3"": 0.001169076118473099, ""4"": 0.32944623835477527, ""5"": 0.20647763047537632, ""6"": 0.000600146160559513, ""7"": 0.015350516365108001, ""8"": 0.18894019223267106, ""9"": 0.25779019716180673}",[],[],0,0,0,0,0.0,046220dfdf394d8c53daddf516b1610bc516ffe75c0b5e2afa674d331a1231fd,e78ab79582f95f8a64203e9a49c09531a55168f5b54a9bd49f75f76de532daa8,"[""proposal_created"", ""proposal_committed"", ""audit_accepted"", ""committed_once""]"
24,noexecutor,0,none,0,0,0,0,1,0,,78.2,,0.1,,5eb2f18f0807a75a3fb689fb66bfabd78e3da13453cfffe7044cd66b68ce2ae3,1,"{""0"": ""fd1124d7cb9145e445307d71e645021a7119a298db66cacb1a4df7801e8838ac"", ""1"": ""af014867dffd636b90f3467eca89cada94fe6bcc79d9c69808601eb0835c377d"", ""2"": ""524c92b3d593ddee7e1349db296ff59950a285c20d92b5b65e62367780990e4a"", ""3"": ""b5f2780fd3d3ae3b2c39700ff3a3898edb63d7d8d25f5a7caa9b6fa4ba42959e"", ""4"": ""c6cf1e9b17f1e2ff4f261195aea74022d7466cafdc155aeaea75be49940740c3"", ""5"": ""61aa17c162072b7566ff6f7f6a82e31d409669961c6e8729ee716cd77172c6aa"", ""6"": ""d7767fc19279440de486e2e0dfee1e50913e3654af6e35e93ddecbc0af9cf38f"", ""7"": ""6b158ecb119ea54f735eb868d94721dd17c18bac97253f16276a3f41c75a5960"", ""8"": ""aba10b8953c0e1f588e307b267b7e5efb8fcad34c5450087583afcb548c79bdb"", ""9"": ""fbcbe251f678e21ca16bb801b2025e9538bc331cf66af38b22ed06506332dcbb""}",,0,0,0,0,0.0,0.0,"{""0"": 2.8242953648100105e-14, ""1"": 2.8242953648100105e-14, ""2"": 6.780093931257726e-05, ""3"": 0.00035072283554192973, ""4"": 0.10030643318403666, ""5"": 0.08109885513455631, ""6"": 0.012645303671698615, ""7"": 0.30463988664783087, ""8"": 0.42355393843842454, ""9"": 0.07733705914854203}","{""0"": 2.8242953648100105e-14, ""1"": 2.8242953648100105e-14, ""2"": 6.780093931257726e-05, ""3"": 0.00035072283554192973, ""4"": 0.10030643318403666, ""5"": 0.08109885513455631, ""6"": 0.012645303671698615, ""7"": 0.30463988664783087, ""8"": 0.42355393843842454, ""9"": 0.07733705914854203}",[],[],0,0,0,0,0.0,e78ab79582f95f8a64203e9a49c09531a55168f5b54a9bd49f75f76de532daa8,b715bdd30da232600db82df854983baeb914c97b70a12681f07196279cd02ec9,"[""proposal_created"", ""proposal_committed"", ""audit_accepted"", ""committed_once""]"
25,noexecutor,0,none,0,0,0,0,1,0,,77.75,,0.1,,f701c180643d87a7064d698c80a9925b3a984bec8c2ce07444fd930a29d4531b,1,"{""0"": ""276a39fde7f72316902813c07fe1b10925cf94493423fb361743524e91d904c4"", ""1"": ""e7490d6c805d86ec9bef9fa81fa2ac069cc3b0350d070bb60a9c29f1f8fa2374"", ""2"": ""5b642978047525bd98e9934b29782f9639a0ee231d31dae413d35093b8b0a4bb"", ""3"": ""001ec4c3db299825e39328e58d10c4e6f0bec8c656b0d194a3ba71a3c611d5a2"", ""4"": ""f4c1ea735c82081577e740606ce5803158dcafbc2e76894b897a1b694fc59db1"", ""5"": ""2f66322e4b267335a3ea3bdbfe17fc6f4b7ca7831811fc6fb4e02416be339d8b"", ""6"": ""07625aef92682ad23482892ad28333537bbef49a32ea7ea15a0a2d1d06096847"", ""7"": ""ebc66b43780975b71dbe5b50661f2b59af57ff52cda9c304895b0ffb5eefbf08"", ""8"": ""7947fa495cdafd4ad248507ab0d3f27a02a2bbaf580266e28fde4ea7fe6bf5e1"", ""9"": ""102a64bf92d0286cb28ba6d99c34a17857411dbc232ac8e5fc92e9ddc584f937""}",,0,0,0,0,0.0,0.0,"{""0"": 8.472886094430033e-15, ""1"": 8.472886094430033e-15, ""2"": 2.034028179377318e-05, ""3"": 0.00010521685066257894, ""4"": 0.030091929955211004, ""5"": 0.024329656540366895, ""6"": 0.0037935911015095853, ""7"": 0.5227810547139691, ""8"": 0.3956770928119075, ""9"": 0.02320111774456261}","{""0"": 8.472886094430033e-15, ""1"": 8.472886094430033e-15, ""2"": 2.034028179377318e-05, ""3"": 0.00010521685066257894, ""4"": 0.030091929955211004, ""5"": 0.024329656540366895, ""6"": 0.0037935911015095853, ""7"": 0.5227810547139691, ""8"": 0.3956770928119075, ""9"": 0.02320111774456261}",[],[],0,0,0,0,0.0,b715bdd30da232600db82df854983baeb914c97b70a12681f07196279cd02ec9,42772cdd390c018f9def53be4d028f466ac3e569e3386c608ec962a3fa9810db,"[""proposal_created"", ""proposal_committed"", ""audit_accepted"", ""committed_once""]"
26,noexecutor,0,none,0,0,0,0,1,0,,78.15,,0.1,,84a36419ef2cfc25f573d31a144c5055f11a5b57b0ac1dd6ab064a6fc120471b,1,"{""0"": ""19fa138905ad77fcb135e34ef45a7ed94035d88e76e4e0df7d39b94e49a317c8"", ""1"": ""255b5e6ae5bc2a5586c95d8cf2d778dc0ca675ff4fdce0129df94099338ffe49"", ""2"": ""c68deebd61b42ee03e0d6ac0267384c98369f35713f5888db1de67ede1211f71"", ""3"": ""cada2485c61cfee6fe8bbcce5e152f444a7829ae0ca404f22992598614ca2773"", ""4"": ""7d85c7a90513e4aaa0a8956adb3a357a25e7a6d12f24f39d479976aea939564d"", ""5"": ""66c1ef2647e158d377b0bf5b26da3cff8d4fcc53355d4946a55d3bf4adfd32d9"", ""6"": ""3b56ea34492523e8a7be396fd29fbea3bb0409d3f759c4322151b1b258333221"", ""7"": ""9b9b14e2cdee53326bf07450f7361aa71459ccfa21d81808487d209de3822597"", ""8"": ""6eee47f377c82708e697491b4da8760a2ed16c0e41a19834439a09ae549193e3"", ""9"": ""784334c67dce622193b5002dd24da584b74febb33c8ed74ba4a6019128b5c0be""}",,0,0,0,0,0.0,0.0,"{""0"": 2.5418658283290104e-15, ""1"": 2.5418658283290104e-15, ""2"": 6.102084538131955e-06, ""3"": 0.0137830681708685, ""4"": 0.11394068255533579, ""5"": 0.24192613101090457, ""6"": 0.02807879184114527, ""7"": 0.15683431641419074, ""8"": 0.20384333855084857, ""9"": 0.2415875693721633}","{""0"": 2.5418658283290104e-15, ""1"": 2.5418658283290104e-15, ""2"": 6.102084538131955e-06, ""3"": 0.0137830681708685, ""4"": 0.11394068255533579, ""5"": 0.24192613101090457, ""6"": 0.02807879184114527, ""7"": 0.15683431641419074, ""8"": 0.20384333855084857, ""9"": 0.2415875693721633}",[],[],0,0,0,0,0.0,42772cdd390c018f9def53be4d028f466ac3e569e3386c608ec962a3fa9810db,9a05ec1402aab55c776fd1cc617f537c1d7a98a48fb4e3f4a2d83849f155bc99,"[""proposal_created"", ""proposal_committed"", ""audit_accepted"", ""committed_once""]"
27,noexecutor,0,none,0,0,0,0,1,0,,81.24,,0.1,,2cdf133ebf2583f0b1998183308ba8576c1be3aa56294cbd3851243522085f45,1,"{""0"": ""157f932a1445bd06bf04e4587d364a4d5c6baf50ea9668f8e8ec162a5698f34e"", ""1"": ""a39ff967e0da33ab659d57241fc728cb802d0a99b85aeaa7c6f8b014cf92a29a"", ""2"": ""30dac2644520bec49504c540d65435ac8cb0e040a96ffe8265926958699af6e8"", ""3"": ""008a8db76a7e975f6ddafc59e14d19f1f9b1adbba96093ee880b0ddb16983dcf"", ""4"": ""9a5378886297982c748f7e4b96b85954d916631bb808039ee0aef6938e6848d7"", ""5"": ""700c88c1b324047b790c6f155800811cacdad2f723d1abb525e2518b81d9d25b"", ""6"": ""2e8323f48ff913e44e1ea9613bd72ac321c2f817b0eefa5c40ae27b6fe9746f6"", ""7"": ""7dff02923c097f9babd5833a73bbc119c55235bd1b1c68b275ea5801b5041bfb"", ""8"": ""22a9db91eeb6052f00649c52bee6dcfd67b50d5725c2c8b19d8fa3d05be7ea90"", ""9"": ""4e0eb2184030a0c7bb963851f6f8ddb45231621c64c84f5c448b00b65d7d6640""}",,0,0,0,0,0.0,0.0,"{""0"": 7.625597484987032e-16, ""1"": 7.625597484987032e-16, ""2"": 1.8306253614395867e-06, ""3"": 0.004134920451260551, ""4"": 0.20918220476660074, ""5"": 0.07257783930327139, ""6"": 0.008423637552343582, ""7"": 0.2220502949242572, ""8"": 0.23615300156525457, ""9"": 0.247476270811649}","{""0"": 7.625597484987032e-16, ""1"": 7.625597484987032e-16, ""2"": 1.8306253614395867e-06, ""3"": 0.004134920451260551, ""4"": 0.20918220476660074, ""5"": 0.07257783930327139, ""6"": 0.008423637552343582, ""7"": 0.2220502949242572, ""8"": 0.23615300156525457, ""9"": 0.247476270811649}",[],[],0,0,0,0,0.0,9a05ec1402aab55c776fd1cc617f537c1d7a98a48fb4e3f4a2d83849f155bc99,5bdb8d754989caffe8bf33526d67c0f730ddd579431ca57128949f6999e59c97,"[""proposal_created"", ""proposal_committed"", ""audit_accepted"", ""committed_once""]"
28,noexecutor,0,none,0,0,0,0,1,0,,78.39,,0.1,,768fd2e5fbd59bdb09e89b876147bc21652fa93c7646cec92116045d816ea99e,1,"{""0"": ""41146a7af7c82190674624415bc6debc428014c6ec747c3844b0462ca8e0fd00"", ""1"": ""e2a93298ae66971d623b6040beb9e8be354749b00bd94d12eb5100c4418ff514"", ""2"": ""220878ae7fc0f0ece286d01fafb327c727280c13ce81599cebf9bc79b7d3267e"", ""3"": ""22340e4078cddc71bed18ccac92645ad19bc7b1af27af94e30bae6b6529d93ab"", ""4"": ""dcebc681732452b21db1b15109f672e4a0dc4b70b490bd31d5cb06cf4af7e6e7"", ""5"": ""e159d994ed05855e5ab0dc574ffde18466e39891462ce58b5ba457261b50f041"", ""6"": ""d5a154c5cf12bc0e2c7a3840323c1cd483685a811ce3c40162742dbd83ce864a"", ""7"": ""b2f5faceaed50304edd73b3465823989bf0d917e12e191b81263ff1b5a582e73"", ""8"": ""8c20198a2ce3d9159435dc77efc2fa43de6f7223727ede967046656e8809d1d2"", ""9"": ""2f97fd49dd99b452014312fe90cfeb3db6de130e45290fb3d91c11ed00e949b3""}",,0,0,0,0,0.0,0.0,"{""0"": 2.2876792454961096e-16, ""1"": 2.2876792454961096e-16, ""2"": 5.49187608431876e-07, ""3"": 0.0012404761353781652, ""4"": 0.06275466142998022, ""5"": 0.021773351790981416, ""6"": 0.0025270912657030745, ""7"": 0.3168683644472177, ""8"": 0.5205926244996357, ""9"": 0.0742428812434947}","{""0"": 2.2876792454961096e-16, ""1"": 2.2876792454961096e-16, ""2"": 5.49187608431876e-07, ""3"": 0.0012404761353781652, ""4"": 0.06275466142998022, ""5"": 0.021773351790981416, ""6"": 0.0025270912657030745, ""7"": 0.3168683644472177, ""8"": 0.5205926244996357, ""9"": 0.0742428812434947}",[],[],0,0,0,0,0.0,5bdb8d754989caffe8bf33526d67c0f730ddd579431ca57128949f6999e59c97,dfd5c54bd72af9d6267d009dbd1f1c4b7d28761707061b02ec33e6246ac5ece1,"[""proposal_created"", ""proposal_committed"", ""audit_accepted"", ""committed_once""]"
29,noexecutor,0,none,0,0,0,0,1,0,,75.25,,0.1,,eb6e3df89a22b9baa38b6925e073af3e374750b6b8386ab34f57fba3e79be4bb,1,"{""0"": ""b148f693bb8d613f86cda60ce32a14024240870d75ccb454b11f7acf86ef15c7"", ""1"": ""2c0e02bc7acc676434222c1251fb39a5172bb9eb6c55fbb512ae1dd5d87a832d"", ""2"": ""c23661368478055e3158cf6080d2c1ee15c2a06b1a061166ff8a986c93aafab0"", ""3"": ""ed6a97c0307a1ebb9bdbafbcf6e5a376bfc252c8551887772f2955e9cdc0695c"", ""4"": ""19b030d83e9a45c422813ff26598979f48040e8cadc70f04addaacaecb897a72"", ""5"": ""7196401f4d196c1d2042a401866e36375ad4ebfc3e0c28e9147297c11e1775a9"", ""6"": ""ae6e55f295b483a348043fc54ff9214d3b786b34663b50a0423a0e7f766a2bdf"", ""7"": ""c11b95154c9bdd74bd23a585b4285146bd6b9bb2c4506a3bf3a61472f05ec1ec"", ""8"": ""efc03bedf4e18c8b28dfdd764b79b388871fc4d8f88117628b4a25df2a58e5c2"", ""9"": ""00dfa73265ab6bbc8ba7278725870e5551d6ac9d4977b820a7e5604b5f507109""}",,0,0,0,0,0.0,0.0,"{""0"": 6.86303773648833e-17, ""1"": 6.86303773648833e-17, ""2"": 1.6475628252956282e-07, ""3"": 0.0003721428406134496, ""4"": 0.052539180243860215, ""5"": 0.30999205762878723, ""6"": 0.004525028896485491, ""7"": 0.1412410337180853, ""8"": 0.16559747545134446, ""9"": 0.3257329164645412}","{""0"": 6.86303773648833e-17, ""1"": 6.86303773648833e-17, ""2"": 1.6475628252956282e-07, ""3"": 0.0003721428406134496, ""4"": 0.052539180243860215, ""5"": 0.30999205762878723, ""6"": 0.004525028896485491, ""7"": 0.1412410337180853, ""8"": 0.16559747545134446, ""9"": 0.3257329164645412}",[],[],0,0,0,0,0.0,dfd5c54bd72af9d6267d009dbd1f1c4b7d28761707061b02ec33e6246ac5ece1,dd82148acd5f854635f9bbf7e39b46def464ced1241e4e724cafcfb71faab6f1,"[""proposal_created"", ""proposal_committed"", ""audit_accepted"", ""committed_once""]"
30,noexecutor,0,none,0,0,0,0,1,0,,79.07,,0.1,,e6e3ab075dde764422be57c39dc2cacf6607c071d5d8998982eab404054e44a9,1,"{""0"": ""5f4fa525a1ea66ce0f0fea4bb7ed4468606b2da8c6f7d56247e52b3c5690855e"", ""1"": ""1a3db44438f87b838b7cda7a2dd4829f3abad366fd0efaed3225ae99b6d36278"", ""2"": ""f3fb66a01ee47adc0a378c9d90fbcd6990dc5b3c18c6016b4ab04ed2ce7be2c0"", ""3"": ""d828cefb1c4d43552298d555e3e8cf53c023ee62d9501279c389ea928b2bb9ec"", ""4"": ""30ac8f7e435286d45d6e1a5a5748be69b1a8e6b0fb73e2af27b2835ce38b33e9"", ""5"": ""b4dec4f3cf23ecf51ebb5de22013d35cf4418301f6d1e58ff277c8eb76bbabd7"", ""6"": ""775efc7ea47f351726df1dcb2b1e0903657734032ae46dab75f89aa97d622247"", ""7"": ""f117ae335aa6df0c9023dfffc3aafc676281569e119c759623a0d6a95692924f"", ""8"": ""3136d47f895de15abda520d682b26298520e346e2dc98975753ee54759012135"", ""9"": ""b3733ffe8b44be87567997bc74bc06553243db84e512cf0801d9e7f71fbdbd24""}",,0,0,0,0,0.0,0.0,"{""0"": 2.058911320946499e-17, ""1"": 2.058911320946499e-17, ""2"": 4.942688475886884e-08, ""3"": 0.00011164285218403487, ""4"": 0.03799634833633239, ""5"": 0.09299761728863618, ""6"": 0.0013575086689456475, ""7"": 0.38125501298383835, ""8"": 0.3885619455038161, ""9"": 0.09771987493936235}","{""0"": 2.058911320946499e-17, ""1"": 2.058911320946499e-17, ""2"": 4.942688475886884e-08, ""3"": 0.00011164285218403487, ""4"": 0.03799634833633239, ""5"": 0.09299761728863618, ""6"": 0.0013575086689456475, ""7"": 0.38125501298383835, ""8"": 0.3885619455038161, ""9"": 0.09771987493936235}",[],[],0,0,0,0,0.0,dd82148acd5f854635f9bbf7e39b46def464ced1241e4e724cafcfb71faab6f1,e82289c9ec9c1618d2d68c4cfde673b02a628b1cae68b9b9c8f2a9a1037493c2,"[""proposal_created"", ""proposal_committed"", ""audit_accepted"", ""committed_once""]"
31,noexecutor,0,none,0,0,0,0,1,0,,74.64,,0.1,,78a1fe4b90a9a2f2d513bb70242842aad3279088dfb7232906a2aefb316d63a8,1,"{""0"": ""901caad0f1031459631681615ff453bdf328f35c29686e6c87d6ceebcc38513a"", ""1"": ""e6865e0b7b9cb142fd44292a872b5871a76f0964b216b63965a4a21f5ee6d0c8"", ""2"": ""048aeec4bc53f34056719df506ec417dad63b93a512ee58fff59c009a323f278"", ""3"": ""0f3fcccc846e2aaa36bf9fe740b9f7e832ce6020656bfeedfa1afb3e9573e658"", ""4"": ""1a43ef3b11734779188ea69cfdb9a2be30847a2a97025f43f089196277cd0a07"", ""5"": ""457b1cc523b8380b3444d591f6cc7e6d1310301326e8663d37034103feae005f"", ""6"": ""7707f93d542b6613e832aabcfac64acc43b0a28c32d6dd22d1168c4df011c543"", ""7"": ""d00f3b36e34d31ef02cb3855b0cb69434053b940874ddc4e6403c942db504db2"", ""8"": ""53f0311aa43b82606c1c0e6d0b49939a436bf1655255e6b5b1ced5d86e3d38ee"", ""9"": ""e37fe1948aca556c2a2e636156eb9a313c0902f8241d7b123861f2294306b11f""}",,0,0,0,0,0.0,0.0,"{""0"": 6.176733962839497e-18, ""1"": 6.176733962839497e-18, ""2"": 1.4828065427660652e-08, ""3"": 0.016239067137610974, ""4"": 0.23933037974024776, ""5"": 0.2558307604259389, ""6"": 0.0004072526006836942, ""7"": 0.1143765038951515, ""8"": 0.11656858365114482, ""9"": 0.25724743772115677}","{""0"": 6.176733962839497e-18, ""1"": 6.176733962839497e-18, ""2"": 1.4828065427660652e-08, ""3"": 0.016239067137610974, ""4"": 0.23933037974024776, ""5"": 0.2558307604259389, ""6"": 0.0004072526006836942, ""7"": 0.1143765038951515, ""8"": 0.11656858365114482, ""9"": 0.25724743772115677}",[],[],0,0,0,0,0.0,e82289c9ec9c1618d2d68c4cfde673b02a628b1cae68b9b9c8f2a9a1037493c2,c6235b36cffcf1118b12f93a27aefaee29562bba21fb9456bca2d3e4d1aae560,"[""proposal_created"", ""proposal_committed"", ""audit_accepted"", ""committed_once""]"
32,noexecutor,0,none,0,0,0,0,1,0,,78.98,,0.1,,9adbc8c23a57f8c65318ff012de0c53901c7cc4e2f17482b441901f17ef995f3,1,"{""0"": ""b0975af7ae558c49b4c6050df01f648bdba32f5064dbe3adda868f66f3c280d9"", ""1"": ""7f6e87f5dcdc9ad006655bfd4fac997b85ba96f94a1f713c006b01b89a679ad6"", ""2"": ""9741518f3b253d53d338a7af1c22096e47030839a91164b33ecc177af3f87de9"", ""3"": ""7b8a175a839410b8237f91a21c4a457d2943570330d5c9112b8deab0a0c9b235"", ""4"": ""1106a6c1d0ebe169e15a70ff0e7ac8e33eefef9363ac63bc62e1ac2de29b902b"", ""5"": ""86b34ef7483911459db7d79699c4e84726b6650ccb04c5e8e2243a5e0bcd492d"", ""6"": ""3845bde67c509fc57f7812622352309a4e0d1a8ddca1e5412a7703f889fe55e9"", ""7"": ""b78ce70bdb4937c42ab56f5010aae128e139b3a7f9c22fb585bf90f4b62e1329"", ""8"": ""9a9e13da191749a26250bd541ee19301f4f785c9158c91d3ea1bac17f068755d"", ""9"": ""f28ef196df001b4eec0c0e018beb3d94e4da71644e394611b3d287e1af8c97d9""}",,0,0,0,0,0.0,0.0,"{""0"": 1.8530201888518493e-18, ""1"": 1.8530201888518493e-18, ""2"": 4.448419628298196e-09, ""3"": 0.004871720141283293, ""4"": 0.07179911392207435, ""5"": 0.07799936333287599, ""6"": 0.00012217578020510826, ""7"": 0.3836878835659983, ""8"": 0.38434550749279633, ""9"": 0.07717423131634704}","{""0"": 1.8530201888518493e-18, ""1"": 1.8530201888518493e-18, ""2"": 4.448419628298196e-09, ""3"": 0.004871720141283293, ""4"": 0.07179911392207435, ""5"": 0.07799936333287599, ""6"": 0.00012217578020510826, ""7"": 0.3836878835659983, ""8"": 0.38434550749279633, ""9"": 0.07717423131634704}",[],[],0,0,0,0,0.0,c6235b36cffcf1118b12f93a27aefaee29562bba21fb9456bca2d3e4d1aae560,e78b8d9e835a0a53f6c24f1e2f0a45132e61646651f8c186a061543055e45af2,"[""proposal_created"", ""proposal_committed"", ""audit_accepted"", ""committed_once""]"
33,noexecutor,0,none,0,0,0,0,1,0,,76.94,,0.1,,da6f0490ed161735b49f4861aba6a69de25e13d751e69a3ddd9d6ea992255580,1,"{""0"": ""c3dd75cb7daeea20a4003cf1be294ba3371f5734c88634d7566d3ecd3498e2cc"", ""1"": ""9ee1080131035bc6ac3680d4a9be76fb7cf881fef4e5944f61e89ebb24cb1adb"", ""2"": ""a567561378bd1749b6708a10df86fa98cb0e76c9e7f73656cad1e650f5209f04"", ""3"": ""18e8b4e3e2900af4bae1962610ac349dae825e7b00656e6477b687e266cc1140"", ""4"": ""40f23781b62a10ff9bcc0db2aca1ba8ba2f53d4b1235ad8b17091f0f5b2ab3f5"", ""5"": ""8c427b38cb82eba754b62f381362c0b6a58a92029c9f0fbf575dbd1f5c1b71ef"", ""6"": ""f1e3d72670a5787d4dcd05748209ca677b9304dc032557cfe517f1c8e3e45ba1"", ""7"": ""3608ae0119f186f32bf4999d9d509f2b017a98e9d5a861cd02c2019d8dd5c153"", ""8"": ""2ed930edbf5d1c3952c00812ee0f79194f11fa5aff894d0e31eb3e2f791c6322"", ""9"": ""8b7862c020e9f18d7401422cc15ae110f1a3b102d57bc286fbfd9b5997b28d37""}",,0,0,0,0,0.0,0.0,"{""0"": 5.559060566555549e-19, ""1"": 5.559060566555549e-19, ""2"": 1.334525888489459e-09, ""3"": 0.001461516042384988, ""4"": 0.3120501354139832, ""5"": 0.1373400680960995, ""6"": 0.0009038119987918995, ""7"": 0.11510636506979952, ""8"": 0.11947543141215004, ""9"": 0.313662670632265}","{""0"": 5.559060566555549e-19, ""1"": 5.559060566555549e-19, ""2"": 1.334525888489459e-09, ""3"": 0.001461516042384988, ""4"": 0.3120501354139832, ""5"": 0.1373400680960995, ""6"": 0.0009038119987918995, ""7"": 0.11510636506979952, ""8"": 0.11947543141215004, ""9"": 0.313662670632265}",[],[],0,0,0,0,0.0,e78b8d9e835a0a53f6c24f1e2f0a45132e61646651f8c186a061543055e45af2,dc23631b06fbaa1217773150bc3a6cbb560f62549158676e778562085e16896a,"[""proposal_created"", ""proposal_committed"", ""audit_accepted"", ""committed_once""]"
34,noexecutor,0,none,0,0,0,0,1,0,,81.7,,0.1,,b25501941e790a5e6a200a167a4e42b0915ab68c7c132cb86f31efa7c31b9efd,1,"{""0"": ""e78bcafb9dd09397b57024ee2adac531e5f6a0c42a40c65fbf065c8c2f471389"", ""1"": ""0af5de774e0efb6e41a25d7f8324fca9f7151e9e346c6574ff7ba207396a15e1"", ""2"": ""1e2f37e26524fa3e5867d1c84c46d351d66b32230598dbc5f7599fe9f2f4fa66"", ""3"": ""66e9779e0adbbb2b43d7066adcb60eb058947fe935ece3f8c264ffd780f74a84"", ""4"": ""08b67a152c70462177e7a80d83ad96580e604082b8ddbe999253cd12c1a87952"", ""5"": ""003aaee6443e934c43ad73e7650b928bd7aa0548437606c99f38d6707882951b"", ""6"": ""21c3aa099b1eb8e65543f3bd751746643795f6d2a70b314dd9aebf0020448bb9"", ""7"": ""aa699060928827a823c53be21340f3a32099acbe34b572a19f4b6f9f5ed7e040"", ""8"": ""86d9008ac76a12f6223a91a7bdccdea5ab3d06f6f1e69ae1efb082eb2b34db56"", ""9"": ""2ead4678d4257efc54c655a27bc8ec085654108d085a296143a58644a355f3a9""}",,0,0,0,0,0.0,0.0,"{""0"": 1.667718169966665e-19, ""1"": 1.667718169966665e-19, ""2"": 4.003577665468378e-10, ""3"": 0.0004384548127154965, ""4"": 0.09361504062419497, ""5"": 0.1132007599401954, ""6"": 0.016296537934693555, ""7"": 0.33583222806917284, ""8"": 0.34651817702899046, ""9"": 0.09409880118967952}","{""0"": 1.667718169966665e-19, ""1"": 1.667718169966665e-19, ""2"": 4.003577665468378e-10, ""3"": 0.0004384548127154965, ""4"": 0.09361504062419497, ""5"": 0.1132007599401954, ""6"": 0.016296537934693555, ""7"": 0.33583222806917284, ""8"": 0.34651817702899046, ""9"": 0.09409880118967952}",[],[],0,0,0,0,0.0,dc23631b06fbaa1217773150bc3a6cbb560f62549158676e778562085e16896a,924feaecdac6e8c17e05bea73d581c7e49475157df83eea42689714fd727e62a,"[""proposal_created"", ""proposal_committed"", ""audit_accepted"", ""committed_once""]"
35,noexecutor,0,none,0,0,0,0,1,0,,78.61,,0.1,,43fa5b94960c967d816261f6ac9319ea18a0a062a8fef5ee751ff72b11729ee4,1,"{""0"": ""2a2caf1305341350476504c9b5fbb5a70149f37b41e958a2761c54f1cdc54dff"", ""1"": ""816828ba1c3f3b018fb39d19b1a2daf5bd8cc199eb9d468f10f1b5ca52540275"", ""2"": ""b6c46187cfb36b0d54bccb9817b0b51c31bbb79458c0d8d117b1d1cce2e70a00"", ""3"": ""aad730e1db92843ede92bf528070973824c275b9efe6c03f690cbedb57c6ba2d"", ""4"": ""d79f2f602976ce7defab6440732fdaed8cc6e59f9eb75367ac8ba5d4069b6bdd"", ""5"": ""cf72c80dac6fbb2664c0f7dc6ba263dc1848e4f8f9e26fe4d1156b6df483573e"", ""6"": ""5c38c94004a95b5afbd2fc9f9f70dfc373e6111d9e26940c34e33b0e414390d8"", ""7"": ""a2cb1994a3dc230262da8472f665f3001ebe92b0e8c51e1b21fb2cda38196c54"", ""8"": ""39f438be8564c94a584822a47b4cb793a08c5f6540152a9f908826b3c406c3c0"", ""9"": ""250bf93c830e7ab2b8c4c596bc82afb40365e04065c3028e33b5453c895a4442""}",,0,0,0,0,0.0,0.0,"{""0"": 5.003154509899996e-20, ""1"": 5.003154509899996e-20, ""2"": 1.2010732996405136e-10, ""3"": 0.00013153644381464895, ""4"": 0.028084512187258496, ""5"": 0.033960227982058624, ""6"": 0.004888961380408067, ""7"": 0.4507496684207518, ""8"": 0.4539554531086971, ""9"": 0.02822964035690386}","{""0"": 5.003154509899996e-20, ""1"": 5.003154509899996e-20, ""2"": 1.2010732996405136e-10, ""3"": 0.00013153644381464895, ""4"": 0.028084512187258496, ""5"": 0.033960227982058624, ""6"": 0.004888961380408067, ""7"": 0.4507496684207518, ""8"": 0.4539554531086971, ""9"": 0.02822964035690386}",[],[],0,0,0,0,0.0,924feaecdac6e8c17e05bea73d581c7e49475157df83eea42689714fd727e62a,730dd0c90f8d217d1bc787520b76fd014a4b660fe69b6f7009317493fc806483,"[""proposal_created"", ""proposal_committed"", ""audit_accepted"", ""committed_once""]"
36,noexecutor,0,none,0,0,0,0,1,0,,77.46,,0.1,,6a30c7efdef7d2c7170977f7dcc0c093ad669a5c8651dcac62888ac392af661f,1,"{""0"": ""9eac97d006d659c8af284a7fcfa41556b404a84218bbac1b7fa8cd1cf3acf6a7"", ""1"": ""ec3ca02536c4405ac174a8c597654188358dfc424274da825279b188da444e8e"", ""2"": ""e66f7ca259ddd8c57c96311e4badf11fce92fe359b344f26542f0ff6a651bcaf"", ""3"": ""38b624f03e27306e397d95a7ff42b5a7198d2464ae35ab01efc9e850b0936d49"", ""4"": ""d02c7a89d4521f32f02ddf34ff7861240a2b5beaf764cb192a90aa1ec91fecc3"", ""5"": ""94836635fe6642161a34d545e442ce103b1226afb279bb4408df7c2c7f5a8a7a"", ""6"": ""0aa12d44568f326a550282b6b38e7399e62e893070a8bccbdcc41eb7771669d8"", ""7"": ""1350f6520094979f380d656e11e9cf0f2760dbfae02e85b7935b8ffc95a934d1"", ""8"": ""8873ec4438b47d1212f1ee71946934f6b0d23925788bbb2b3546b67726372bac"", ""9"": ""eab653da4a823f037450b99e5a8105657f6c578293fa89d6ef2daa2357233670""}",,0,0,0,0,0.0,0.0,"{""0"": 1.500946352969999e-20, ""1"": 1.500946352969999e-20, ""2"": 3.603219898921541e-11, ""3"": 3.946093314439469e-05, ""4"": 0.08018629989607683, ""5"": 0.2936437717588543, ""6"": 0.01138264147174534, ""7"": 0.13522490052622557, ""8"": 0.18759832990661351, ""9"": 0.29192459547130784}","{""0"": 1.500946352969999e-20, ""1"": 1.500946352969999e-20, ""2"": 3.603219898921541e-11, ""3"": 3.946093314439469e-05, ""4"": 0.08018629989607683, ""5"": 0.2936437717588543, ""6"": 0.01138264147174534, ""7"": 0.13522490052622557, ""8"": 0.18759832990661351, ""9"": 0.29192459547130784}",[],[],0,0,0,0,0.0,730dd0c90f8d217d1bc787520b76fd014a4b660fe69b6f7009317493fc806483,579786b562708582aff0e474a854d51e09ca7b845177a72832ce3f13d958abb3,"[""proposal_created"", ""proposal_committed"", ""audit_accepted"", ""committed_once""]"
37,noexecutor,0,none,0,0,0,0,1,0,,80.45,,0.1,,9429df57d972ca617b1b68dc304e3c3eaf09cd0bec26cd00217758d2f3c94df7,1,"{""0"": ""c02793815200cd09717bab23dfdeabce0182bb9e93008471e96f6413a765b3c9"", ""1"": ""85e4fd48028a77f375d0985145b364e3fcb82f12a01c9523dfdeb630c6013f60"", ""2"": ""ccd9545dd7d7df8f4a281f8c82da2ba29221567b11b84d2fab8ce860d10aade3"", ""3"": ""9177c5854d74067843da68fc6da3adff97b8c007b0bded539fb3648966acc949"", ""4"": ""aedce427767664e44c6d952190d4fc9eb546dda73dcd444325e8ac0ab550f828"", ""5"": ""083241b575af0a8eee912bb1b641e050218c5697593fe8048d920fc54f0df8be"", ""6"": ""5410fd979b18377c420fec9cc0965f08b56c7dbeddbd3b66142a06f07426ab96"", ""7"": ""5ea817e08ed71edb4ede163fcae424b41095c8197108db8f5cd6707017fed782"", ""8"": ""11c8d72c37cb30ba5937718e113f65386ecdc7699a90536fdb81056b3e710a31"", ""9"": ""b479e81b3160b03df971d113af14182fe28819faaba9f5ccd521488c827d7071""}",,0,0,0,0,0.0,0.0,"{""0"": 4.502839058909998e-21, ""1"": 4.502839058909998e-21, ""2"": 1.0809659696764625e-11, ""3"": 1.183827994331841e-05, ""4"": 0.031039828753809368, ""5"": 0.10496394622793748, ""6"": 0.0034147924415236022, ""7"": 0.37864009341523397, ""8"": 0.39435212222935034, ""9"": 0.08757737864139237}","{""0"": 4.502839058909998e-21, ""1"": 4.502839058909998e-21, ""2"": 1.0809659696764625e-11, ""3"": 1.183827994331841e-05, ""4"": 0.031039828753809368, ""5"": 0.10496394622793748, ""6"": 0.0034147924415236022, ""7"": 0.37864009341523397, ""8"": 0.39435212222935034, ""9"": 0.08757737864139237}",[],[],0,0,0,0,0.0,579786b562708582aff0e474a854d51e09ca7b845177a72832ce3f13d958abb3,483e4f661506ca2f264f1452bd02ca8b6578fd56b6321791a5911748d1f667b6,"[""proposal_created"", ""proposal_committed"", ""audit_accepted"", ""committed_once""]"
38,noexecutor,0,none,0,0,0,0,1,0,,75.45,,0.1,,8463b08de2b75da38564a424cb06d0b5fb97d0578eb8b604f13fd2ab20e84853,1,"{""0"": ""6f4c7b82563af77748a2474630a6e0a4400265ed7aeeef04d8ada11ef67a230b"", ""1"": ""43b72ead7fe591a4ca1cb4e71c99a8e4e30d49be75acc943c4afbf07328c92eb"", ""2"": ""865b56a67b9b4e711fba52f379d9c771853112d2b7a7b1d16c31bd56f89a6987"", ""3"": ""35c75a4946e3de1ec8f02faab36432b056dadbbaec1e4a2999b3b9c6181a756e"", ""4"": ""41d32bc057f7399d29ce7ed64f2ccb73652fe806adfac4798845ca058da35c70"", ""5"": ""c0400297d40120ab80258bb42ef10e52f27b7d4a12f49f31dafa6959defba99e"", ""6"": ""f9fd40f650c63ded55e3ab9b388df38178b40c601ad3feccef7b8174b5a603c5"", ""7"": ""7d3bcf303e7c542ab83685d8e3a673304fe5f712e46a3b67bf58f0b8da81f3bc"", ""8"": ""14370affffba53a378694478dbc6a240a9427464968d0255159a91d537246b04"", ""9"": ""ef3d8cbe0669b3bc1d2f122a95bc0f5c34b85f076c2758bee13b1bf675ed38a5""}",,0,0,0,0,0.0,0.0,"{""0"": 1.3508517176729996e-21, ""1"": 1.3508517176729996e-21, ""2"": 3.242897909029388e-12, ""3"": 3.5514839829955237e-06, ""4"": 0.3593119486261428, ""5"": 0.031489183868381246, ""6"": 0.0010244377324570809, ""7"": 0.1135920280245702, ""8"": 0.11830563666880511, ""9"": 0.3762732135924177}","{""0"": 1.3508517176729996e-21, ""1"": 1.3508517176729996e-21, ""2"": 3.242897909029388e-12, ""3"": 3.5514839829955237e-06, ""4"": 0.3593119486261428, ""5"": 0.031489183868381246, ""6"": 0.0010244377324570809, ""7"": 0.1135920280245702, ""8"": 0.11830563666880511, ""9"": 0.3762732135924177}",[],[],0,0,0,0,0.0,483e4f661506ca2f264f1452bd02ca8b6578fd56b6321791a5911748d1f667b6,718f433242861888bdaae52a0586bb9acefada39d2ea678839c2d1532c4b9156,"[""proposal_created"", ""proposal_committed"", ""audit_accepted"", ""committed_once""]"
39,noexecutor,0,none,0,0,0,0,1,0,,82.36,,0.1,,1a6120df8b24011a0f8eb86d0fe7abb016ce4dd9984a4e2f8fb3df3e842746ec,1,"{""0"": ""3542a85776b7362fba9eba0f16381e018fde6c3e8fc8394d650dc9d539992109"", ""1"": ""36df628e9c351ef598d4d2fb59abea452e9aad91f76081d222922f918e388db4"", ""2"": ""876e79d220b5d4db4ef157297da7ed135a3334e7308e56d4e70942c98dc43f0f"", ""3"": ""fc1e5a7c37bd4e41eaf233c2868649d1345609f35562530cebe54928f2bb68e6"", ""4"": ""97684df0497081b88b6e157c4cdad8bcb06ee7e63dc4e7b7981001eb82279150"", ""5"": ""3dad5587807a4d6438ee90a2b7155b13665630b220d676bbdb87aa73adbc54bb"", ""6"": ""ec42628c41853832589b013af27dbd22df05066c139dad52c6b91f9099dac9f4"", ""7"": ""907a7b346a269067c97a7e6212b05dfd5950beda65e17a2b6f6798ebc1c2a00f"", ""8"": ""828f76e03863e8a542a924f77b24b7e7cd50d2502cc69fa705947820d32b7f33"", ""9"": ""e9abbb81debbab83f4bcfc12f861352f841fa240ac43f53b3e6a62199d70e32c""}",,0,0,0,0,0.0,0.0,"{""0"": 4.0525551530189993e-22, ""1"": 4.0525551530189993e-22, ""2"": 9.728693727088164e-13, ""3"": 1.0654451948986573e-06, ""4"": 0.10779358458784286, ""5"": 0.044261846290429806, ""6"": 0.007978414763700151, ""7"": 0.3628345211204318, ""8"": 0.36424860371370227, ""9"": 0.11288196407772533}","{""0"": 4.0525551530189993e-22, ""1"": 4.0525551530189993e-22, ""2"": 9.728693727088164e-13, ""3"": 1.0654451948986573e-06, ""4"": 0.10779358458784286, ""5"": 0.044261846290429806, ""6"": 0.007978414763700151, ""7"": 0.3628345211204318, ""8"": 0.36424860371370227, ""9"": 0.11288196407772533}",[],[],0,0,0,0,0.0,718f433242861888bdaae52a0586bb9acefada39d2ea678839c2d1532c4b9156,deb5f4438ffdc770704215407008d50ad7d0a629a41b8f6ade6ef12510283850,"[""proposal_created"", ""proposal_committed"", ""audit_accepted"", ""committed_once""]"
40,noexecutor,0,none,0,0,0,0,1,0,,76.78,,0.1,,e782950f81dd8005f65d0e001d57d8af1a74b4afa652e7f09e9def0b2174d406,1,"{""0"": ""251d3c4d970e98474d40a600d1aee41f81c6277c2a971a526ab0ffaee35b9b7f"", ""1"": ""d319a562a474331fb85e02b72e9e772c7a076360c83a4fa36fb15a8ec10dcd11"", ""2"": ""7e4cb36aa82821ce82b35afd575559604e018605186f8f6f23e7a71cd8e86a30"", ""3"": ""d7f9fa05783630519e60ef2fb4969fb6d828ac8f15b54f8a31ded03b0b2de672"", ""4"": ""33ae7b26270e0b8796c764dc1a2e022552729d36e4c691c0a960ba97b5c6ee5e"", ""5"": ""b3bb9dc4345f866433aa45b43bfd726089b7ef5a83994cc754604d2d23e8532d"", ""6"": ""96d8e3d7ebde6fbd13238221a08ffd8938e5466dc1f379a97358fb1198caf866"", ""7"": ""9a62d6812078b0ce335e74ced919fcec293891985f2ae93cffbf1ec962226560"", ""8"": ""93fb26047a8795b649c52a376824c425f91071f8741753126ec84f99b658d822"", ""9"": ""0c2558bf9b27aedf15e35f9fb2a80a7ac5358aac0d756e2b81e22bd8c214d466""}",,0,0,0,0,0.0,0.0,"{""0"": 1.2157665459057e-22, ""1"": 1.2157665459057e-22, ""2"": 2.9186081181264497e-13, ""3"": 3.1963355846959724e-07, ""4"": 0.03233807537635286, ""5"": 0.528565898421467, ""6"": 0.002393524429110046, ""7"": 0.10885035633612955, ""8"": 0.1092745811141107, ""9"": 0.2185772446889795}","{""0"": 1.2157665459057e-22, ""1"": 1.2157665459057e-22, ""2"": 2.9186081181264497e-13, ""3"": 3.1963355846959724e-07, ""4"": 0.03233807537635286, ""5"": 0.528565898421467, ""6"": 0.002393524429110046, ""7"": 0.10885035633612955, ""8"": 0.1092745811141107, ""9"": 0.2185772446889795}",[],[],0,0,0,0,0.0,deb5f4438ffdc770704215407008d50ad7d0a629a41b8f6ade6ef12510283850,34bc501cad3a439d6b88645652d65e014fba87f43add2ecc41612a8b824b6f2a,"[""proposal_created"", ""proposal_committed"", ""audit_accepted"", ""committed_once""]"
41,noexecutor,0,none,0,0,0,0,1,0,,79.55,,0.1,,361a33077cfaa4803a61614fd7a2113a448948a090b71ee326edd8694ff07311,1,"{""0"": ""5e65275036c6a0378ddf358ca552d065c088ab01bc89645605899132f15bdba2"", ""1"": ""7d9a87468aecc07a70f8ece668c129b112f85f7184e37bbc33a292bfe4524717"", ""2"": ""3cbb17de08080729f25932c3c0975dc140019cbc27d8e254753e00c30824042f"", ""3"": ""bd9611a043b1ca8db130ab66f949c472c20202b08f0a80ac46fd0766660998c9"", ""4"": ""028e91972ebdb8e989094f3f5b9ca84455a1642e7bbfa06b3d9c399480fcfb14"", ""5"": ""683b32de4e48da54eabc2814c42b93d7c6c29828e607a66f9d4d4dce2a54674c"", ""6"": ""059ed8856d20060e8af6a296548d2f116038355fb7a23a7494b6372479b157a8"", ""7"": ""6641c83bb80d553ddba7ef3f54feab9fd10e5708948c3caca8b326703fbc46eb"", ""8"": ""9cbe922892d1b1be1cce47caba661b6bfc9a0754db3edcd4764114661bf60d17"", ""9"": ""1f09a4f1c831be08afc935c39e7f13753eb8c9fc031feeaaf41c207bcda6957b""}",,0,0,0,0,0.0,0.0,"{""0"": 3.6472996377171e-23, ""1"": 3.6472996377171e-23, ""2"": 8.75582435437935e-14, ""3"": 9.589006754087919e-08, ""4"": 0.010134193122072385, ""5"": 0.1585697695264401, ""6"": 0.0007180573287330138, ""7"": 0.38243872164625564, ""8"": 0.38256598907964995, ""9"": 0.06557317340669386}","{""0"": 3.6472996377171e-23, ""1"": 3.6472996377171e-23, ""2"": 8.75582435437935e-14, ""3"": 9.589006754087919e-08, ""4"": 0.010134193122072385, ""5"": 0.1585697695264401, ""6"": 0.0007180573287330138, ""7"": 0.38243872164625564, ""8"": 0.38256598907964995, ""9"": 0.06557317340669386}",[],[],0,0,0,0,0.0,34bc501cad3a439d6b88645652d65e014fba87f43add2ecc41612a8b824b6f2a,7e522cfe247c3b9f0a1a5a954ddebad08d6eea17daafdf6af60bd6410d288313,"[""proposal_created"", ""proposal_committed"", ""audit_accepted"", ""committed_once""]"
42,noexecutor,0,none,0,0,0,0,1,0,,77.82,,0.1,,cdd4d122f38d6545cfb641d5aa3ba200c0945a914c92b70179bc57325258105b,1,"{""0"": ""e0a0209ff9bd7ef5054bd2aa4512a635dd4be059569cb5bfc7ef0a09c192f160"", ""1"": ""38b723599290810682825a4d9b323bd749d8542d4d56ebf6765fc6796686ec8b"", ""2"": ""3e0d266be0c4f474794029da0a2c38202a57d71037db3b77a68efc54316c2315"", ""3"": ""5f9355e3c93f0fb68b71fe6fdcc5f595d53b4909628b93532dcd7dacfe83f2fe"", ""4"": ""8ff24c9e53127fc3de23cfe8182f0c3df0df29b6e764b875c07df53b0c156928"", ""5"": ""902f8f59b302e87b516caaacdb78e74681a0f1080af942803eecb739624028bf"", ""6"": ""5a1206a9b347e305b265e5b19fa8f0786a541e2041ae129435bcce9ff452c4f3"", ""7"": ""94502d6f83762514f8a64d149e29742cf1a9cd8d8f70b2b45dafbcef7947111c"", ""8"": ""ebe74075ae0c4725d5d7ba474442a002852d14873d35e767884a191f41c7b8df"", ""9"": ""103a33d0176ad114b168f11817e3dfdf975e92bd8e78a674f4eacf99a97c8d93""}",,0,0,0,0,0.0,0.0,"{""0"": 1.0941898913151302e-23, ""1"": 1.0941898913151302e-23, ""2"": 2.6267473063138056e-14, ""3"": 2.876702026226376e-08, ""4"": 0.33138211267352025, ""5"": 0.04757093085793204, ""6"": 0.0002154171986199042, ""7"": 0.11473161649387671, ""8"": 0.1580860872500979, ""9"": 0.3480138067589067}","{""0"": 1.0941898913151302e-23, ""1"": 1.0941898913151302e-23, ""2"": 2.6267473063138056e-14, ""3"": 2.876702026226376e-08, ""4"": 0.33138211267352025, ""5"": 0.04757093085793204, ""6"": 0.0002154171986199042, ""7"": 0.11473161649387671, ""8"": 0.1580860872500979, ""9"": 0.3480138067589067}",[],[],0,0,0,0,0.0,7e522cfe247c3b9f0a1a5a954ddebad08d6eea17daafdf6af60bd6410d288313,60a364398967658b2172f570ae97d84fa1e4e562ab0985ecad371789083b0c1c,"[""proposal_created"", ""proposal_committed"", ""audit_accepted"", ""committed_once""]"
43,noexecutor,0,none,0,0,0,0,1,0,,82.53,,0.1,,29eca7012af057b38cc8d8de63f8600d5a24541c8d69e268f75d587341a1e8b9,1,"{""0"": ""4480a311684d2799169bf098c0876ed260cc9ea1f027d2979f645e485b06f3e3"", ""1"": ""8d6101ca7943930be7cbb2674487acda6a2ac1ab6f7f1fa9b2dd260ccd03ba74"", ""2"": ""72391629f18a2343ea1eeb522ba1a8cb3d9891adee0a66a427003d9437de2185"", ""3"": ""259aeda346ecad577e919e731099202472985720759968d6fbfaf1ab5cf6e2ca"", ""4"": ""7c6c3b2b693db576e8b10a42c7bbc08dbb1fd13a205eff3dc0c1024997f70932"", ""5"": ""862d6e4f0d5a02a92bae5e5f9a42c645676b17d63eaf596b6f1ef0fd8ab5de6d"", ""6"": ""e10666c3a744fc50f6df69a57b435b836a255c6b2ba2b58bd99c70531f602670"", ""7"": ""b66b70e678b895ae62aae677a4081a2d962124e31318d4a6ee5abef71768fc37"", ""8"": ""e81b469b89ab72167d68c35f3fa780e3067359c9e5cdd0e184551e31c19dd51c"", ""9"": ""47f7055ec6e68a76da3de315fa8bb525d53676451ba2003cf2083887c32f444b""}",,0,0,0,0,0.0,0.0,"{""0"": 3.2825696739453903e-24, ""1"": 3.2825696739453903e-24, ""2"": 7.880241918941416e-15, ""3"": 8.630106078679128e-09, ""4"": 0.09941463380205606, ""5"": 0.014788142443613112, ""6"": 0.0029832704662697434, ""7"": 0.3827017307017043, ""8"": 0.39570807192857066, ""9"": 0.104404142027672}","{""0"": 3.2825696739453903e-24, ""1"": 3.2825696739453903e-24, ""2"": 7.880241918941416e-15, ""3"": 8.630106078679128e-09, ""4"": 0.09941463380205606, ""5"": 0.014788142443613112, ""6"": 0.0029832704662697434, ""7"": 0.3827017307017043, ""8"": 0.39570807192857066, ""9"": 0.104404142027672}",[],[],0,0,0,0,0.0,60a364398967658b2172f570ae97d84fa1e4e562ab0985ecad371789083b0c1c,3179160ce68fa31405992423e0014c1d6bdfc843c977c935ab8e1c41c111a835,"[""proposal_created"", ""proposal_committed"", ""audit_accepted"", ""committed_once""]"
44,noexecutor,0,none,0,0,0,0,1,0,,79.44,,0.1,,adce5e8d449f809ce347618a6c0c4491fda5e3d9afbf9d8c3414964a0ae9c691,1,"{""0"": ""d28e7a56a6fdcfd394dcfc770cd7afd0de872fb3a242dea8b112e02ecf8aadf9"", ""1"": ""afb0fe87620875b6a80b4553f5a0bfb71a8b8c126a0645257f19b9315eb29241"", ""2"": ""728bfd5c1f9a20485e2c357fdc50bf10cc761a68bef073c548ff0a652fb7db1d"", ""3"": ""06063252f6330ee127917c6ffa49c7af9f5aa66ed08033a34b4993ae5757fb61"", ""4"": ""bb733b7031fdad9250667cc0d60e152b930974a8a481c0b4c3a62288be6a2da8"", ""5"": ""c4c76a761e254fbf26cad76511d7add892cee7f2cb5df69f0f0359f2718c12ef"", ""6"": ""5534dd0c38dfaf4f9766035dced5a732db22c5157605a8c07159223a1f2bc3b0"", ""7"": ""414152249fcf8fbcc4ece5a44285b8673c74bf35974e15abaf30b030ce816efd"", ""8"": ""23072278cd687a16525c0297a2c26d2d4f1735584ed80dde4c9f6ee69db28c03"", ""9"": ""d22af96e2794c43b870c84fe0215fc7c5af4544c405ab1e97dd4a5444a00e266""}",,0,0,0,0,0.0,0.0,"{""0"": 9.847709021836173e-25, ""1"": 9.847709021836173e-25, ""2"": 2.364072575682425e-15, ""3"": 2.589031823603739e-09, ""4"": 0.029824390140616823, ""5"": 0.2957570492261387, ""6"": 0.0008949811398809231, ""7"": 0.11481051921051132, ""8"": 0.410033028071626, ""9"": 0.14868002962219198}","{""0"": 9.847709021836173e-25, ""1"": 9.847709021836173e-25, ""2"": 2.364072575682425e-15, ""3"": 2.589031823603739e-09, ""4"": 0.029824390140616823, ""5"": 0.2957570492261387, ""6"": 0.0008949811398809231, ""7"": 0.11481051921051132, ""8"": 0.410033028071626, ""9"": 0.14868002962219198}",[],[],0,0,0,0,0.0,3179160ce68fa31405992423e0014c1d6bdfc843c977c935ab8e1c41c111a835,d093bff83b1654f44ce4e1832b67578f2417cebee2337523ec971f8bb2470ee7,"[""proposal_created"", ""proposal_committed"", ""audit_accepted"", ""committed_once""]"
45,noexecutor,0,none,0,0,0,0,1,0,,82.69,,0.1,,ba593837e44400db371cf4ba3cf6b65456b9af5aec79bff7d662a8516ae44cf3,1,"{""0"": ""1335bd83fa7d20b5a965ee31698e14cb934e9da5da928fd0d42ec8ffb3aed871"", ""1"": ""a366b689d833a3cac089905f3d357e6a1199aeb06da99bc6bb56291c48a4dd60"", ""2"": ""0bfa81f7193b08b6204360c1fb6a2989cd110c1124047036b41ef2f28199533d"", ""3"": ""1d9ce5026eb9393b523cce5d61b6af641a62f7c91a71287e7ff1745151b1b468"", ""4"": ""12051e817b23ef493ac06552a13ff23bd7284cf3b49b4f1d7ab6d9be5221cc36"", ""5"": ""eae3ca6b7f1dde9e227fb24cdcc98724574042dd3eedba50e414127a84177de3"", ""6"": ""e9f5ec0407765b5804ed3648b05615872a4ed51b8d8a5b821904ff73f6a05d7f"", ""7"": ""f91d8c9d6bae8218ed89a2a2cbedeec543534a7fe6e43701208a7a716d6989a1"", ""8"": ""29ea9dae2e264836b931696e02dd5eb40ec4e20c2dd06e33e7bdcf0e7015552e"", ""9"": ""1bff0f7ee788548f4846665e9f762fc798a45c58d1c73596326d6a8d19545c5d""}",,0,0,0,0,0.0,0.0,"{""0"": 2.954312706550853e-25, ""1"": 2.954312706550853e-25, ""2"": 7.092217727047277e-16, ""3"": 7.767095470811218e-10, ""4"": 0.14565137559567018, ""5"": 0.08872711476784165, ""6"": 0.000268494341964277, ""7"": 0.5692063805879067, ""8"": 0.12300990842148783, ""9"": 0.0731367255084191}","{""0"": 2.954312706550853e-25, ""1"": 2.954312706550853e-25, ""2"": 7.092217727047277e-16, ""3"": 7.767095470811218e-10, ""4"": 0.14565137559567018, ""5"": 0.08872711476784165, ""6"": 0.000268494341964277, ""7"": 0.5692063805879067, ""8"": 0.12300990842148783, ""9"": 0.0731367255084191}",[],[],0,0,0,0,0.0,d093bff83b1654f44ce4e1832b67578f2417cebee2337523ec971f8bb2470ee7,5d00bad3032fcf3c5bd56c2b3e6f4859f746c16b8c002daf7a01ce711222e55d,"[""proposal_created"", ""proposal_committed"", ""audit_accepted"", ""committed_once""]"
46,noexecutor,0,none,0,0,0,0,1,0,,81.41,,0.1,,44b901b0e42633b14a7517ccb016f2b18fe3ef428e174e98dc6afebd97a44c4c,1,"{""0"": ""46196c0838e9c0b52e5a8eafe403fbbab12d97d8e41be402c470b6d5b9bda9b0"", ""1"": ""f82684ad6172fc65147925eb0c8727400807f83b23a1b4b5b5e2b848d4becba6"", ""2"": ""fa5180eb2295fb33ef92ddc1c35d330351eb70266f64025d8cc6c692e73da7bb"", ""3"": ""56d353cd159d52a836501847e6d6ded6fbf0672d8a9627c71b7edf7ae4605039"", ""4"": ""c65fd6ed62c0ecf6ad5d8a635cd487c02d5f21a095305dbbfa59dac33f2bb0d0"", ""5"": ""30dafb838bd55f664408d26e2c5f7c8d68742a2de9a49af6d05b752a525273ab"", ""6"": ""24a176b59e34aef04d2a6ce65dfc5a9b48cbe001b27efa83afaad24ac3136b5c"", ""7"": ""60a9a26c1b347a5e7e5e814c1e3663b72f69602c56e795d8372e249a67c4075b"", ""8"": ""f17deeb11d7fc7602dd67a891031f5a7c4eeff185f1c96012a1091f63c098883"", ""9"": ""f2f2159a018a231b1f99e5f7084be0d747418d973de4d2eca36f26673f1f1615""}",,0,0,0,0,0.0,0.0,"{""0"": 8.86293811965256e-26, ""1"": 8.86293811965256e-26, ""2"": 2.1276653181141834e-16, ""3"": 2.3301286412433657e-10, ""4"": 0.23319961168668274, ""5"": 0.20815675332158964, ""6"": 8.054830258928311e-05, ""7"": 0.17076191417637204, ""8"": 0.1763559556192459, ""9"": 0.21144521666050742}","{""0"": 8.86293811965256e-26, ""1"": 8.86293811965256e-26, ""2"": 2.1276653181141834e-16, ""3"": 2.3301286412433657e-10, ""4"": 0.23319961168668274, ""5"": 0.20815675332158964, ""6"": 8.054830258928311e-05, ""7"": 0.17076191417637204, ""8"": 0.1763559556192459, ""9"": 0.21144521666050742}",[],[],0,0,0,0,0.0,5d00bad3032fcf3c5bd56c2b3e6f4859f746c16b8c002daf7a01ce711222e55d,5bcd4478717074c5f078c89d1027c32345c539fea91ff82f4cbaab88e91cdbaa,"[""proposal_created"", ""proposal_committed"", ""audit_accepted"", ""committed_once""]"
47,noexecutor,0,none,0,0,0,0,1,0,,80.19,,0.1,,13a67046e3cc9370b364dee0e36f58df4309e66aafeb18d6ee9920b80153d125,1,"{""0"": ""ba1272d8ee5ea516ec2ce6be51f7a4440d5b06d8de2f22566ff54326a5fd370e"", ""1"": ""8126cb37414dd0bb75fce5ae19e52f3a50822646e73fb22fe4632adde8ebc230"", ""2"": ""911a86013ef514522be158ca934aa4dd340e0942bea59581e94de21708b43a6c"", ""3"": ""f72eabf191ebe117c50c4cd06d0e292401d98c2beb11d06c3c08fe730f6624ae"", ""4"": ""1d0176e276ab8f4ab7c63da8c46506aad163e1f05f8d82ec53ee18ab18adfdfd"", ""5"": ""3d34c80dd0667a646103a1b38eb4b3ba1dbb7ddf5d6557e235797685b8a2873d"", ""6"": ""9ef18c7657d17c74cbc630be177884eff9aed443bea6c6670e45cd742686151c"", ""7"": ""739da437ee1cfce735e052778730fa8e619d3d8242d98c609ae8061571b2e9b9"", ""8"": ""dfe995c34a1d5c47d205ee6a92538411cc45beea08a81644e9e701da696dfa3c"", ""9"": ""5c4f30a3bfa15e77468daef4de65d66f61fbf4dddb4af693ce4eb7924c2a34bb""}",,0,0,0,0,0.0,0.0,"{""0"": 2.658881435895768e-26, ""1"": 2.658881435895768e-26, ""2"": 6.382995954342551e-17, ""3"": 6.990385923730098e-11, ""4"": 0.06995988350600484, ""5"": 0.062447025996476904, ""6"": 2.416449077678494e-05, ""7"": 0.27868954773658366, ""8"": 0.5254458132021017, ""9"": 0.06343356499815224}","{""0"": 2.658881435895768e-26, ""1"": 2.658881435895768e-26, ""2"": 6.382995954342551e-17, ""3"": 6.990385923730098e-11, ""4"": 0.06995988350600484, ""5"": 0.062447025996476904, ""6"": 2.416449077678494e-05, ""7"": 0.27868954773658366, ""8"": 0.5254458132021017, ""9"": 0.06343356499815224}",[],[],0,0,0,0,0.0,5bcd4478717074c5f078c89d1027c32345c539fea91ff82f4cbaab88e91cdbaa,f966312f06a9b77131ef690040db10b4fa861b524d3cf5b19fe6103745281c81,"[""proposal_created"", ""proposal_committed"", ""audit_accepted"", ""committed_once""]"
48,noexecutor,0,none,0,0,0,0,1,0,,76.69,,0.1,,3a3b050c2095e027dc0e1a70a0e55d7a3ffaa925378a07b0f7a17720232d15f8,1,"{""0"": ""e5d4af75ab362b778047c823fc767528b289602ae293894a94ca780174b048f4"", ""1"": ""22137454858500eb0be9bb1a1928fb7593436ced9a58616ac676ff7cfbd78797"", ""2"": ""9d7b2d0194654343d1ce11ce9d1f73513d86f1f9f1a27f2c5f60738477f95a88"", ""3"": ""8c6c008b05f6983bb7c537ebc7c3f0b52f41d6d4d1721bb5eb68a0525f76deef"", ""4"": ""03b7992fecbe8dca162fa99040c0b67112c67d988665232d21a75b932eada476"", ""5"": ""a1973b63c3959a2fc2f45e896c78b0fa1672704e362af5f950d67927e2ac1eb1"", ""6"": ""c69e22bb19e0b967d515e0cf933617de4a47a61778f2b2de8115c9cfec4613a7"", ""7"": ""9ebe4233b6f000d1081e60e47846a0be134701cab39fb59a5d58c5618cab08f3"", ""8"": ""36dca4a4eaf007b08c06e4cb6e6f7a96210506d5bf0de600a5e21d2bd4076ffe"", ""9"": ""308d8a768c157dbd8b2310a8eabd712c1df02f253f4fe19478a2fdabfb1ded10""}",,0,0,0,0,0.0,0.0,"{""0"": 7.976644307687305e-27, ""1"": 7.976644307687305e-27, ""2"": 0.17500000000000002, ""3"": 2.0971157771190297e-11, ""4"": 0.020987965051801453, ""5"": 0.19373410779894307, ""6"": 7.249347233035483e-06, ""7"": 0.2586068643209751, ""8"": 0.15763374396063054, ""9"": 0.19403006949944568}","{""0"": 7.976644307687305e-27, ""1"": 7.976644307687305e-27, ""2"": 0.17500000000000002, ""3"": 2.0971157771190297e-11, ""4"": 0.020987965051801453, ""5"": 0.19373410779894307, ""6"": 7.249347233035483e-06, ""7"": 0.2586068643209751, ""8"": 0.15763374396063054, ""9"": 0.19403006949944568}",[],[],0,0,0,0,0.0,f966312f06a9b77131ef690040db10b4fa861b524d3cf5b19fe6103745281c81,092c2aa567cbb334f57b71d43686c2db93172b76f94631fa699bc107664c3d85,"[""proposal_created"", ""proposal_committed"", ""audit_accepted"", ""committed_once""]"
49,noexecutor,0,none,0,0,0,0,1,0,,81.28,,0.1,,691b6b6ff0dca6eec1f1f79b0f55fd7cb2e8a742df086b220fbaf4d160372c3b,1,"{""0"": ""f246ae8fbfd3d18e9c5a2187066ee286db64937c82676375e76d728d221f820f"", ""1"": ""18c4b7f7e924815b7d1e1e163649e0fc9194b1417f47d94b47cd27e68596f28a"", ""2"": ""c24e30b7027545c6e1f82253009b95a4597535925641f9506638e1a1a4f3c1ef"", ""3"": ""9577bb8420644fa6df73cf5aff23c8f26cdd2d7002289ae2d939c53b134e0e92"", ""4"": ""1c4cd34b6197e114c737f0106e33ed97e621f6451aaf86105a555dffb5e9288a"", ""5"": ""b97d3459b384e28d86854e17da7dfba8fdd2bb979226221be3c95946462fab25"", ""6"": ""24237b9fcd73c321a56c4d04643e0b7d1c48961c0b4443e8df84ad95a796708a"", ""7"": ""08dc10d2b64850f19ed06a39e47b6b69b16b1f45f6c9210a919d910f8fafd89d"", ""8"": ""ed2615147ae3c8432d9eff92b3f08fd62e573ba10a928c297a58a560b483845a"", ""9"": ""1bb5314ecbaed7ab1d200cff7d6e692fdeaf2777f5369fa7f6668cb317f3adcd""}",,0,0,0,0,0.0,0.0,"{""0"": 2.392993292306192e-27, ""1"": 2.392993292306192e-27, ""2"": 0.05250000000000001, ""3"": 6.29134733135709e-12, ""4"": 0.16304787789789063, ""5"": 0.35385984170799656, ""6"": 0.014364568483727741, ""7"": 0.07758205929629255, ""8"": 0.14541192214340934, ""9"": 0.1932337304643918}","{""0"": 2.392993292306192e-27, ""1"": 2.392993292306192e-27, ""2"": 0.05250000000000001, ""3"": 6.29134733135709e-12, ""4"": 0.16304787789789063, ""5"": 0.35385984170799656, ""6"": 0.014364568483727741, ""7"": 0.07758205929629255, ""8"": 0.14541192214340934, ""9"": 0.1932337304643918}",[],[],0,0,0,0,0.0,092c2aa567cbb334f57b71d43686c2db93172b76f94631fa699bc107664c3d85,b985519077df20260d28ed67d13f4a04b0351802478614817108ed85fc0e8a4e,"[""proposal_created"", ""proposal_committed"", ""audit_accepted"", ""committed_once""]"
50,noexecutor,0,none,0,0,0,0,1,0,,78.18,,0.1,,c1601a33d58a562d12aa5d437e509b20ff9a81983de4eccab096182788844632,1,"{""0"": ""1f3e01303922fb41101245b79acced524e1f41450af94c2ce0993df20a0561b6"", ""1"": ""bc77006544e40f466f966e3b6270c3f1af4c396d4a052845cfe537c13adccf9b"", ""2"": ""d47001a14a6a15933ab587dbeaeefa36a6179c8af221a33c2b8c6f66ffdb9f24"", ""3"": ""82790c1a69d7322263999e0e9ef480fff9ebec9ce9284ee0cab04afbfd0f26f0"", ""4"": ""aced2bc1fd89b30b9a30c38ca0594e75512fd5d4ccd6c4c14e47e74275c13f99"", ""5"": ""aee49aeddd6a754c9f25f53b1fba459150a990218041655e5a9b614d65c39bc9"", ""6"": ""4ff023e49a7e10fbbf394a5ebae14a50d41d7df2737b49a418e15cdc04f90d29"", ""7"": ""b5b2b4f32e1a1f439e889f0844016dee1b1312bd281e35c10c0320b809183474"", ""8"": ""135f7fddc16d5568ff08d8aaa8c2a4b24458814fbdb5a41d05943a25984050c4"", ""9"": ""55360470cbddb63bf6e401921c9a6c6d4c23c8bfc58b477af0247c13cf35ada0""}",,0,0,0,0,0.0,0.0,"{""0"": 7.178979876918575e-28, ""1"": 7.178979876918575e-28, ""2"": 0.015750000000000004, ""3"": 1.8874041994071266e-12, ""4"": 0.048914363369367185, ""5"": 0.10615795251239896, ""6"": 0.004309370545118322, ""7"": 0.16835051025422185, ""8"": 0.5985476841776887, ""9"": 0.05797011913931753}","{""0"": 7.178979876918575e-28, ""1"": 7.178979876918575e-28, ""2"": 0.015750000000000004, ""3"": 1.8874041994071266e-12, ""4"": 0.048914363369367185, ""5"": 0.10615795251239896, ""6"": 0.004309370545118322, ""7"": 0.16835051025422185, ""8"": 0.5985476841776887, ""9"": 0.05797011913931753}",[],[],0,0,0,0,0.0,b985519077df20260d28ed67d13f4a04b0351802478614817108ed85fc0e8a4e,bfd8e7c71c6f9d649c3c35030c2065d4727ede6f78416ebed2b953490be00edf,"[""proposal_created"", ""proposal_committed"", ""audit_accepted"", ""committed_once""]"
1,trust_v1v2,0,none,0,0,0,0,1,0,,28.94,0.0,0.1,339651159485754219443550839802876767310,de12f35cd9f4b2afbe886d149b0809cfbcd40c355b91c0b959786dbca921dfd2,1,"{""0"": ""a8df2450394afa85d1838db9a4c37ecbc6fe23764384403a3dd8a578951f65e7"", ""1"": ""0528f7f074e21dde0b79f1f0240891469e196c427a7eff50c78c8bdc0ea4c2a9"", ""2"": ""90df1e4760e4aef0bb169352720e6767626a38331cd537648028f840ccec9854"", ""3"": ""f4aa89ced28a296f720c6bc7c2bf63a8a076bc5c7f8f30b8195b1f70fe1dc021"", ""4"": ""0802b55be6a175bf548e6aaf9157a85b5ead22f6bd2c6386646e6d74672f0227"", ""5"": ""91fd8d0e6cf1a5c3056f302bd27120d1e648107668dc2fed57b02d04875df233"", ""6"": ""423f60e998ed4fc50be00bcb84da6841b1a3dab286478fcc7f50bc950ecfaabb"", ""7"": ""e04d2a5ad83283581455d898773425a7bc7c01b416965767a0f63566c1378e3d"", ""8"": ""f4f4a089a5f9cbc385c3aa49a8c3e52cd9f74f0b0b9a302e140f5ffb3365ef68"", ""9"": ""c494cfb8e356c6311d3b35cc5bdda203d1faae645016c79a63432a32e46bf967""}",,0,0,0,0,0.0,0.0,"{""0"": 0.030000000000000006, ""1"": 0.030000000000000006, ""2"": 0.030000000000000006, ""3"": 0.030000000000000006, ""4"": 0.10998484988361684, ""5"": 0.20756319087633657, ""6"": 0.1075328028927715, ""7"": 0.07240889636226669, ""8"": 0.21764809165175236, ""9"": 0.16486216833325595}","{""0"": 0.030000000000000006, ""1"": 0.030000000000000006, ""2"": 0.030000000000000006, ""3"": 0.030000000000000006, ""4"": 0.10998484988361684, ""5"": 0.20756319087633657, ""6"": 0.1075328028927715, ""7"": 0.07240889636226669, ""8"": 0.21764809165175236, ""9"": 0.16486216833325595}",[],[],1,0,0,0,0.0,8b617e77902b0a0335989e80269b498633be37dde526eb036aca22383a8f5956,3425840d342bdd4f1f043d28f1076359d98d3900607579b079e21e8115afb230,"[""proposal_created"", ""proposal_committed"", ""v1_challenge_sampled"", ""audit_accepted"", ""committed_once""]"
2,trust_v1v2,1,A2,0,1,0,1,0,1,V1+V2,36.29,0.406197017516271,0.1,299904696460609826783330891554547674430,d8a9d5fa2217796c63993c6274cea9bc576b4ef438a7620042407c53cc8f5a33,1,"{""0"": ""c170993803d5793971d6a712b3f466e3f7efcb093d2184277f13b424f497354b"", ""1"": ""9544e4c67fb6056d5675dd59c65b6c0525109a71981368722e823a2bce138cbf"", ""2"": ""44aed7ab170bd20a326bc734a2d459939f73838b28bb164d7c07af0be8c56019"", ""3"": ""ddcdba3e0347418f441759eeaca5796accc6655556014360ed713eff84523375"", ""4"": ""5233f70bdeabb5eea28cc4f5eb1e5b62e07b6e0651ce46e9221fd1b8cdf8b1f1"", ""5"": ""84c725aa2e16f0d377cc8aa2d492e62d3c117aef13132a754ec963a7f5e0a4d3"", ""6"": ""60e1e424ce34150bb83d331170080841bdc47aa2c5e04b190bb64bc7ebfc1df1"", ""7"": ""ca41afb9eb61111b1ddfccabe63c62051c7dd040888ad08f1e8ac6aac13283f1"", ""8"": ""67fdc43b17b61c5459dcb3fb9669b366f1c4dc0db3034babead849c174daca94"", ""9"": ""2ed9c8ab507d1690c1fdb83f308654cafb364e693f3511b6c6d53254345858ff""}",e13ace12595a34512b0bd1091b931686faafaa193a9594a8861f4b97b4f678c4,1,1,1,0,1.2717206637449079,0.0,"{""0"": 0.009000000000000003, ""1"": 0.009000000000000003, ""2"": 0.12536672849474917, ""3"": 0.009000000000000003, ""4"": 0.14322846941404838, ""5"": 0.2482042073496981, ""6"": 0.06243483521717442, ""7"": 0.02172266890868001, ""8"": 0.25122967758232284, ""9"": 0.12081341303332699}","{""0"": 0.1295, ""1"": 0.1295, ""2"": 0.18768336424737458, ""3"": 0.1295, ""4"": 0.07161423470702419, ""5"": 0.12410210367484906, ""6"": 0.03121741760858721, ""7"": 0.010861334454340005, ""8"": 0.12561483879116142, ""9"": 0.060406706516663494}","[0, 1, 2, 3]",[],1,0,1,1,0.0,3425840d342bdd4f1f043d28f1076359d98d3900607579b079e21e8115afb230,8dd3342ae2b6b2b9e3ddf9593e3bb224e60b840db83ecf062f4e158675397460,"[""proposal_created"", ""proposal_committed"", ""v1_challenge_sampled"", ""audit_rejected"", ""recovery_recomputed"", ""recovery_audited"", ""recovery_verified"", ""committed_once""]"
3,trust_v1v2,0,none,0,0,0,0,1,0,,51.37,0.0,0.1,72500382974887053556889643653020778622,0d5f29593a0807d90c7dcca1981dd2f32a754427dd817addee92fdab184702dd,1,"{""0"": ""4d61379247667e549b4c9ab76ccbe48926b9447763fa26ed684a81f33ebd0075"", ""1"": ""581699ed53f74e5e2338404a9348f5766d672d902f1481717dcf8fbdd0dc6afd"", ""2"": ""e13a07ee8f8be759a912d5f34301bce928583318be80efcfa968e0f573dafdca"", ""3"": ""cc5e188245058b6e479f8ef5b41e9653394055f5128202929453893f778bd0ad"", ""4"": ""e6fe5b34350c07a24191611a81f2aea273e0df5a10620edfeaede07e78fd40c5"", ""5"": ""d23b7820a5ddb37144e312acc752cb39178fafb8b11556a3877ef985e7ae3aaf"", ""6"": ""5ba3dfb1f9e6d8b64ead806c2c99f1156dd54e6c574701d17f8776b7d1b41339"", ""7"": ""e582c629991166173acf9fe564881583f8ca12a29b06ae554352dbcf4fa2c2d2"", ""8"": ""d2bff27358551941eca00c3d984a3e39d1615cc6f87d0d9e1bb4091af27bf3c8"", ""9"": ""a931f181e25264dc78848671e7eb8a861a53fac48a1ccecb493632fda0ba9350""}",,0,0,0,0,0.0,0.0,"{""0"": 0.002700000000000002, ""1"": 0.002700000000000002, ""2"": 0.09926007388696621, ""3"": 0.002700000000000002, ""4"": 0.2125301298585974, ""5"": 0.24402285123929232, ""6"": 0.06654219077466743, ""7"": 0.06390318997886177, ""8"": 0.24493049230907973, ""9"": 0.06071107195253516}","{""0"": 0.002700000000000002, ""1"": 0.002700000000000002, ""2"": 0.09926007388696621, ""3"": 0.002700000000000002, ""4"": 0.2125301298585974, ""5"": 0.24402285123929232, ""6"": 0.06654219077466743, ""7"": 0.06390318997886177, ""8"": 0.24493049230907973, ""9"": 0.06071107195253516}",[],[],1,0,0,0,0.0,8dd3342ae2b6b2b9e3ddf9593e3bb224e60b840db83ecf062f4e158675397460,d62eb6c65a8f32f26cc51bc61646eba98ebd4fea5efc15d6233c1f156ecf288c,"[""proposal_created"", ""proposal_committed"", ""v1_challenge_sampled"", ""audit_accepted"", ""committed_once""]"
4,trust_v1v2,0,none,0,0,0,0,1,0,,48.06,0.0,0.1,106054277946815204801353563800963834296,41f320c004ad3e3a45c8163ee236f43e54c14464fa9d44b989db9e1585fa8a07,1,"{""0"": ""fb9a7443159acd900c23d8e2c82308955e3ebea722c3b21c068fdce535563a4d"", ""1"": ""b1a77941aeed0e56ae4c26f4f63167bf8f1d6ccd5bfbde410802e5a83e5c8ad3"", ""2"": ""c4569ff2caeea26c956422394f279fb9d0a1561cb9e2fbd42b428561907d1105"", ""3"": ""0663cb2799889eb806776abe685b2e4b37662ee5ee7e7fec7df7a7853407c6a1"", ""4"": ""fe4d0ab15250ad7e63248be7709b638194cb9cde4d4b21d06acc6e6b629dccfb"", ""5"": ""9a60e448039f25b251a4075da334eedcce320014b4787de0605111eb76d2aaf1"", ""6"": ""435eeed269cd34dc81466f94c697f3544e14f1e65947b63fb1ef4fa53e6266b5"", ""7"": ""556b001deafb40c3bca847e70b1f65481a1e8ad05812f014d7989752fdb10c9f"", ""8"": ""32f31c9421114061da4c3dd4e50d290114c746ea79140df561865daa457916c9"", ""9"": ""9cb30ad77122e97c8c07d4c3e6cf3cecb82c592e5955ddb3c4b356a79c91bce6""}",,0,0,0,0,0.0,0.0,"{""0"": 0.0008100000000000005, ""1"": 0.0008100000000000005, ""2"": 0.03688136017947978, ""3"": 0.16096500755122317, ""4"": 0.22391404650880237, ""5"": 0.2033840762649462, ""6"": 0.03111849059040401, ""7"": 0.07692568381583449, ""8"": 0.23363415524394707, ""9"": 0.03155717984536277}","{""0"": 0.0008100000000000005, ""1"": 0.0008100000000000005, ""2"": 0.03688136017947978, ""3"": 0.16096500755122317, ""4"": 0.22391404650880237, ""5"": 0.2033840762649462, ""6"": 0.03111849059040401, ""7"": 0.07692568381583449, ""8"": 0.23363415524394707, ""9"": 0.03155717984536277}",[],[],1,0,0,0,0.0,d62eb6c65a8f32f26cc51bc61646eba98ebd4fea5efc15d6233c1f156ecf288c,7f6745b1ab0b281aaf98fc5ca0101510c32672840df0c38f88395f7e94ecbf5e,"[""proposal_created"", ""proposal_committed"", ""v1_challenge_sampled"", ""audit_accepted"", ""committed_once""]"
5,trust_v1v2,1,A1,1,0,1,0,0,1,V1+V2,60.47,0.0,0.1,115337300817160446697777274304384929384,360ed3ef8c039c13ec5a6e39ecec1ddb40d732cb6df60e6ae1e6b76ae835cc59,1,"{""0"": ""99afbeeff90a44d2e85902daa598b62ca3f1364825814dcdec69ae4a2dce5b64"", ""1"": ""ed95b7510bea6c9272851cf03c6ddd8f6b082755ec30c11e1d44383353606bee"", ""2"": ""5319dace42505745dc2491432ee853f142d27086e7257c3084fd9af1d43f0f28"", ""3"": ""e19628cdd6eca23a85535dcb25780ad5701b91da16930a6b39ff6673a6c2b455"", ""4"": ""85e61b442534b63508b5980cf0e5e3f0137e906d4f51834f2a6f220038781c99"", ""5"": ""074e71aac904ebfb5bd97916eb35990ac559c881fa84099a5ebff30d0cf234b9"", ""6"": ""53e78ccb75ded624949e5926917d64267e922319ee31d58a02ea3c7357f5dbc1"", ""7"": ""e8724c824c6b62082dc00ab0194ccd3d02d08a74e97467af519b34bc615521c1"", ""8"": ""a7d44b95ad4424eddcfdb7b88c1955209940cefe14d7c1b9121e17f6936e69c9"", ""9"": ""5d107d9e8dc8c7e456d683fef8b00d718476c2b387ec99f65fd94d262fd8167a""}",ba3e55b03d45453d58cc2cd92ef6e4a3306624853ae5e2d73b922898cf4cf406,1,1,1,0,1.6769232226997668,0.0,"{""0"": 0.75, ""1"": 0.75, ""2"": 0.75, ""3"": 0.75, ""4"": 0.24058491429613954, ""5"": 0.08390136075904178, ""6"": 0.011400429619332528, ""7"": 0.12296282695014905, ""8"": 0.23019372171639735, ""9"": 0.0701437305227612}","{""0"": 0.19951122495884052, ""1"": 0.19951122495884052, ""2"": 0.19951122495884052, ""3"": 0.19951122495884052, ""4"": 0.06399918794378728, ""5"": 0.022319017681000024, ""6"": 0.003032684904546774, ""7"": 0.032709952305634886, ""8"": 0.06123497519663051, ""9"": 0.01865928213303853}","[0, 1, 2, 3]",[],1,0,1,1,0.0,7f6745b1ab0b281aaf98fc5ca0101510c32672840df0c38f88395f7e94ecbf5e,dd8698fce578e80d8645c6fb23a49adb88212e28c1cc5de6c1e0b05b5ea2432e,"[""proposal_created"", ""proposal_committed"", ""v1_challenge_sampled"", ""audit_rejected"", ""recovery_recomputed"", ""recovery_audited"", ""recovery_verified"", ""committed_once""]"
6,trust_v1v2,1,A2,0,1,0,1,0,1,V1+V2,64.62,0.6327557073676007,0.1,268813963407956270632297419713137015459,d2d0a0e36924a79765e553df76cb3d69981e30366bcbd2019dfecc01edc0586a,1,"{""0"": ""d83f827e90f22c93918453af1da6ccea0d79a3af94d13a741e95dc3cfc0fc971"", ""1"": ""fb44c091c9b9d64738c2303114ae106e76baa2deb9da1dd18eaa32d3e238d4b3"", ""2"": ""a027c33d9585a38515321ab74d31f854b048f4e0cf4116fd3ed1220a871bb883"", ""3"": ""2d3c7d35ac1b2181e9937db34fb6a0d814a1a71bb4d84499c710af5738a8536f"", ""4"": ""fad37c23038820750ad323faa6fb07bf3e9463e9afbb7839abe79481ae596a1c"", ""5"": ""ac331508bfd2f0897473af397967d5a7c6655401f2bfa991105010f2b0e785b5"", ""6"": ""8c1ce64fbbcd052eb38862c6b79bd3da12dd1336b0bc16c4ec9139aaf7795399"", ""7"": ""7b1715c073a97bf6f5c974fd69399a7d0ad2faf845def19a5371b41bd0efe869"", ""8"": ""1fccddebb87832dee223532417d507f0b3c5421edfa3c89d19180dea4bde707b"", ""9"": ""50dfd44137f3e9e2b009874be4059d9014eb7cccfa319db831b0d8fcfabdcf76""}",5c64660ea67ca93533abbeca15d3de4d871f427b495807e2776940ce722b0945,1,1,1,0,1.4945592913643837,0.0,"{""0"": 7.290000000000008e-05, ""1"": 7.290000000000008e-05, ""2"": 0.005588044058193808, ""3"": 0.06651006078265975, ""4"": 0.2935051596128602, ""5"": 0.07704552792940225, ""6"": 0.003420128885799759, ""7"": 0.14789937035138587, ""8"": 0.2903878018389376, ""9"": 0.11549810654076091}","{""0"": 0.12503645, ""1"": 0.12503645, ""2"": 0.1277940220290969, ""3"": 0.15825503039132988, ""4"": 0.1467525798064301, ""5"": 0.038522763964701126, ""6"": 0.0017100644428998796, ""7"": 0.07394968517569293, ""8"": 0.1451939009194688, ""9"": 0.057749053270380456}","[0, 1, 2, 3]",[],1,0,1,1,0.0,dd8698fce578e80d8645c6fb23a49adb88212e28c1cc5de6c1e0b05b5ea2432e,69d6edb75e38b7e7117edecae52b2847f26281667b81bb170afcf9ae1cdaa5a4,"[""proposal_created"", ""proposal_committed"", ""v1_challenge_sampled"", ""audit_rejected"", ""recovery_recomputed"", ""recovery_audited"", ""recovery_verified"", ""committed_once""]"
7,trust_v1v2,0,none,0,0,0,0,1,0,,69.64,0.0,0.1,221693766292073730081218272229491854970,b5ef472dc0f5c3a637916e5946d62e09e060534fef2d5d686e2f643c2ca324ba,1,"{""0"": ""92167619b7a498018cddb9405dff2a68bc179247042175fd2aed11408f87a3cc"", ""1"": ""d36ea37be057e66ca18cd424e08255954941054983f80f4c858413fee2f9e11a"", ""2"": ""e9b908219014183518c166d5616fefced434406885e17af05c8bbf81af88eebf"", ""3"": ""90b79c8d2773ff04740007e07f354b5ad63fc4e787274f996added09ef48d78b"", ""4"": ""0fa79da9595a287fc3ff337f5c2d4e10f4c1ba72056fd80b5e6d2c534edaee3d"", ""5"": ""339b5f2ee94da57625f6d90c4f471523c92ec29e0a53cf7b5a7887518f856c73"", ""6"": ""8e1457eec9e4a3156c40b00229268cdb63c9e24d1d81c95ae89da242a808e7e9"", ""7"": ""30b697935692f67a9a930732e0eb122b2aac8a15de4dd1cf29da10f71dd4d182"", ""8"": ""23658d5d37a697f475f0cd1530b0cd6e497e7efb03a14f85b91d7f86280dbeb1"", ""9"": ""e03825bcb0a829f4aae839e2890ad3b1b1f427d431b5cb964fdee364013c9232""}",,0,0,0,0,0.0,0.0,"{""0"": 2.1870000000000026e-05, ""1"": 2.1870000000000026e-05, ""2"": 0.0016764132174581425, ""3"": 0.019953018234797927, ""4"": 0.2871303774263956, ""5"": 0.03986688339296805, ""6"": 0.001780697937938239, ""7"": 0.12962543819145755, ""8"": 0.28619517009421874, ""9"": 0.23372826150476575}","{""0"": 2.1870000000000026e-05, ""1"": 2.1870000000000026e-05, ""2"": 0.0016764132174581425, ""3"": 0.019953018234797927, ""4"": 0.2871303774263956, ""5"": 0.03986688339296805, ""6"": 0.001780697937938239, ""7"": 0.12962543819145755, ""8"": 0.28619517009421874, ""9"": 0.23372826150476575}",[],[],1,0,0,0,0.0,69d6edb75e38b7e7117edecae52b2847f26281667b81bb170afcf9ae1cdaa5a4,64ebbf4da946dd997253194514f2e2a119a551d78495d21071f4b48782498ded,"[""proposal_created"", ""proposal_committed"", ""v1_challenge_sampled"", ""audit_accepted"", ""committed_once""]"
8,trust_v1v2,1,A1,1,0,1,0,0,1,V1+V2,71.84,0.0,0.1,210073314545946351456769855764829580768,e14af60171c1553f354b760197a70f8a39a7984eae5911353a29537a1228f806,1,"{""0"": ""9c46f70aef084a55b2b335dce55edae781d1cf8ff0e6733cf55f7000d65ebc01"", ""1"": ""b3aa678e8802bfc456b2687772991b592da116539c1710d8f0ac65d2a2e9d084"", ""2"": ""ed2551fd63d28f5362f1d68338950fcfdb0a4d4cee2c39053ba4ed439ca016c1"", ""3"": ""dd79ed206b64bee2139ed59f16cf38edceb9d3facf2a721a120d597ab78a0073"", ""4"": ""e03ecee0999956b13edfc4ab7a37f8d4ee0d2e10a53ef20cb89d55d1b3a299ab"", ""5"": ""6673a932af5ff26bd0c45a36b30136e737e5e84454ea18eca38c55b811f62b49"", ""6"": ""e4e6a2b92faabcb8b4a26994738c27d3e3a54a14e216cfa72830adf54770a6a0"", ""7"": ""f62734648c799469777a387cc48225fae99fb207dc66d805e49c0592d8bb463d"", ""8"": ""cdcee47e883807d7b8dd64f23ffda448881d550c51350a2c0459c11eaee594f5"", ""9"": ""be7cd18fd94e621ae885a61874a2097dacf5db940825fdfcbfccd58deabee4d1""}",b444b814f4d1afbf5724daecb529cf2888f34700f7303a8386817e56ef33757f,1,1,1,0,3.2748908789077187,0.0,"{""0"": 0.75, ""1"": 0.75, ""2"": 0.75, ""3"": 0.75, ""4"": 0.28688901881668194, ""5"": 0.08866911725799329, ""6"": 0.005477694597422501, ""7"": 0.2396375370462005, ""8"": 0.2866084566170289, ""9"": 0.08621622422899605}","{""0"": 0.1878052751946699, ""1"": 0.1878052751946699, ""2"": 0.1878052751946699, ""3"": 0.1878052751946699, ""4"": 0.07183902817226105, ""5"": 0.02220337062387451, ""6"": 0.001371653255068386, ""7"": 0.060006924789246116, ""8"": 0.07176877342410763, ""9"": 0.021589148956762626}","[0, 1, 2, 3]",[],1,0,1,1,0.0,64ebbf4da946dd997253194514f2e2a119a551d78495d21071f4b48782498ded,77ac1c7973a4474d384c9bba7c3063d7483fe8c97ee9321d59b1ecb9516593eb,"[""proposal_created"", ""proposal_committed"", ""v1_challenge_sampled"", ""audit_rejected"", ""recovery_recomputed"", ""recovery_audited"", ""recovery_verified"", ""committed_once""]"
9,trust_v1v2,1,A1,1,0,1,0,0,1,V1+V2,64.84,0.0,0.1,137598767627790479515948390539517880805,bb893a7898ec4669ba42a17576794cb208b07f60a5df1fb1447a9c7592bab691,1,"{""0"": ""f1a96821baa56b86b8a61fe60da47daea74f87301b5da271a7f9372808d58ceb"", ""1"": ""e512b47ee73935ec0f22fba9053ef7dd2e07d3d457938735d1d4319059d9704b"", ""2"": ""a607b275bae652dccb2cde189ac2b0045cb2a81e2d9cf8dabaa6d1610fec4a06"", ""3"": ""3878bca539caf209541407916b4cf69b6c946160abb511cd368156abbd830c37"", ""4"": ""5297513d8362c463051956a8279c11aee1f5ccc2e52a806edadaa3bc8ab64659"", ""5"": ""f079072aa1d9323cc4ed12f12eeeb00d2507dc041d0b233d6a50ffa23a064410"", ""6"": ""1c95df8053bf21e01e0fdaef5f067852326f97d7ac9a1fc588f6a182c58237bb"", ""7"": ""d3fd0ca388d182935d2df1f6413c3e40dca956db7026ce2241a77fa9e2a45ac8"", ""8"": ""037c9ecba57ba28d082caf72a5f0a67625cf8df5cf5a159cb66729e60de5aa99"", ""9"": ""d4e4697e810f6ba9f2bc8a080724a534cec5a43499912ea74ad3ee75b0091c8a""}",9c01a79d606cda4775408ee80db5c116fa5bcc504fe2d87b672a2c3665feb902,1,1,1,0,2.0649002125037454,0.0,"{""0"": 0.75, ""1"": 0.75, ""2"": 0.75, ""3"": 0.75, ""4"": 0.15137284903448747, ""5"": 0.15867772382741718, ""6"": 0.019589564891979615, ""7"": 0.13066152191293803, ""8"": 0.29682868798449635, ""9"": 0.030072915918590588}","{""0"": 0.19803531730510604, ""1"": 0.19803531730510604, ""2"": 0.19803531730510604, ""3"": 0.19803531730510604, ""4"": 0.03996956025323019, ""5"": 0.04189839118321939, ""6"": 0.005172567599002864, ""7"": 0.034500794602128994, ""8"": 0.07837675121369073, ""9"": 0.007940665928303815}","[0, 1, 2, 3]",[],1,0,1,1,0.0,77ac1c7973a4474d384c9bba7c3063d7483fe8c97ee9321d59b1ecb9516593eb,d51f59e0f9b4b964605130e7ed0ee7b24cd2ad47e6e85b686940ed8756856172,"[""proposal_created"", ""proposal_committed"", ""v1_challenge_sampled"", ""audit_rejected"", ""recovery_recomputed"", ""recovery_audited"", ""recovery_verified"", ""committed_once""]"
10,trust_v1v2,1,A2,0,1,0,1,0,1,V1+V2,43.2,5.983918775255323,0.1,253886311181837152966495862492618131267,893f34e51e658e2fe32a9abad71107d94360d9efa8533fc791ef840d4a0b2351,1,"{""0"": ""4dfd672216935c4c233cc469c408dbb16426bb896de1577dafb4c546a3ee7344"", ""1"": ""f195ad0f0ce9d3b6d15e0a1876685b873c4b59daff51854b27f188943e2b7716"", ""2"": ""023731dd1e7a61d9f5b1bdd9e34dd8b327bb978febe064b401f03be45a573cab"", ""3"": ""d0a8e85ec5c3d173059646d495754e59d118a9a23a7eb71d1040fed78877d039"", ""4"": ""0a566351acba28af439e5c4fd957c6d09b3304b13b7b01c1f39fa6f196da17da"", ""5"": ""70a3bea404ea434c6d931d03b13ce2d5a55fe6dad2277f47af8881fc04ccdaeb"", ""6"": ""8e9cfdc3ca6eef9c86ed05dd77b861de1a0bc5f2e6d11eedcd13c8782d8af082"", ""7"": ""a5c27f50959f0805435b4a1eeca6f9b68db76114f4151eb8f009bfc889ae1a1f"", ""8"": ""2ab13ccccf4b8024521fab2abdfc30d1c5ee0ae75c15e6675d17ab6bdba3db9e"", ""9"": ""ca666b8be9a012d91c205c617cd208383a9adf8eddf17518934bd562f704b465""}",fcacb91923b299668ad3470318f88501553901215497078e6e473424f939dcce,1,1,1,0,0.9548430955144283,0.0,"{""0"": 5.904900000000009e-07, ""1"": 5.904900000000009e-07, ""2"": 0.03436678160645953, ""3"": 0.344471933934774, ""4"": 0.09344074979898599, ""5"": 0.07374866587741312, ""6"": 0.005876869467593886, ""7"": 0.06934398002122932, ""8"": 0.36972796353796705, ""9"": 0.00902187477557718}","{""0"": 0.13119753780705665, ""1"": 0.13119753780705665, ""2"": 0.14923253384226232, ""3"": 0.2623944558489043, ""4"": 0.04903666939523709, ""5"": 0.03870248210497295, ""6"": 0.0030841159320886755, ""7"": 0.03639095180813552, ""8"": 0.1940291356093368, ""9"": 0.0047345798449490595}","[0, 1, 2, 3]",[],1,0,1,1,0.0,d51f59e0f9b4b964605130e7ed0ee7b24cd2ad47e6e85b686940ed8756856172,32258d5a429c61a15ec24db7585690131ba73771600558385ced5c840bda657a,"[""proposal_created"", ""proposal_committed"", ""v1_challenge_sampled"", ""audit_rejected"", ""recovery_recomputed"", ""recovery_audited"", ""recovery_verified"", ""committed_once""]"
11,trust_v1v2,1,A2,0,1,0,1,0,1,V1+V2,59.85,0.6726840555190146,0.1,14829797696667120851737293796711100915,63844e34786e4bf9c2bc82bdcfd26bc55bf5ffcbd906d5e66bf8759a0ada4016,1,"{""0"": ""3c38a6395c4962f0da2ca3472fa60ee8d84982f6f52534defed55c7a2b706e53"", ""1"": ""e37f4aa09609e92d1b2d8565d9b4b9c33e320caa37c9c243285637ca8a816853"", ""2"": ""5e9853be674d82fc3e6faffffc08a6a229c2d599d680639f87c9bd2afd5a6d58"", ""3"": ""f89c37ec3a69375ae3ea91f1f7e9d6214c4afab46e026da79e025bde9c71064f"", ""4"": ""aa5ecd7a5f68e9a713931a7e2a063c6faa274c82f80e89ae502c726de8452129"", ""5"": ""f600271676f2588bf42278d5fb633a5bf2363df33d979a08d1bc2c2ea335fa2d"", ""6"": ""fa812f42a873fd695009f31969e5406041346eafcd184b1f86bd5ab325152b46"", ""7"": ""0d81171e6e1bf7c7f724dfe4bf46c8d7d90674c2e73a52eb4d1e7a42e3f707c1"", ""8"": ""a472d22fa7470c942864eaf8932073fa9479cf9fe5998c406b21ee668c92a670"", ""9"": ""6ef9f17b9a93b45836599b875664ffc7653ca98db52cc9c2af49ece5ac33e8f2""}",d334829da49cb2b901a055e0d0924b3acea62fdf31272e906d0cf5d4318ed4a6,1,1,1,0,0.890692288786059,0.0,"{""0"": 1.7714700000000026e-07, ""1"": 1.7714700000000026e-07, ""2"": 0.06131202043882581, ""3"": 0.10334158018043219, ""4"": 0.25058029693797185, ""5"": 0.2446726717615, ""6"": 0.03300022298402967, ""7"": 0.09205647350201997, ""8"": 0.16774032459509294, ""9"": 0.04729605530612737}","{""0"": 0.1250000885735, ""1"": 0.1250000885735, ""2"": 0.15565601021941292, ""3"": 0.17667079009021608, ""4"": 0.12529014846898592, ""5"": 0.12233633588075, ""6"": 0.016500111492014836, ""7"": 0.046028236751009984, ""8"": 0.08387016229754647, ""9"": 0.023648027653063685}","[0, 1, 2, 3]",[],1,0,1,1,0.0,32258d5a429c61a15ec24db7585690131ba73771600558385ced5c840bda657a,8ea7a277ce9046ea9000e04f24b53af8594074b5b435ba8950e966560ccbdcbc,"[""proposal_created"", ""proposal_committed"", ""v1_challenge_sampled"", ""audit_rejected"", ""recovery_recomputed"", ""recovery_audited"", ""recovery_verified"", ""committed_once""]"
12,trust_v1v2,1,A2,0,1,0,1,0,1,V1+V2,69.6,4.295405449188649,0.1,83589473518999865094554257295967261106,5991f91a3824be053496efa5b8b92ebd0e493a4f8f91e81fef71c9e9ec63a2ab,1,"{""0"": ""9b081ab71f06965283a097cd637df6cb17807f2155d5377667132053d6db5638"", ""1"": ""fae1e739d732aa3f8ad6b4fe4d0b16127e75b9d5b9a77f1f596fd209175d585c"", ""2"": ""f825d0e4f5e84d8dd7d22f4ca2c156b7cfb55570dd82f91577b585f394ff3fd7"", ""3"": ""da27afe6e3689839fc235ccd15d120e06f003029785732f0151991292dcd2997"", ""4"": ""ab7f74e7722b9db7f5dddf1ea2c24af304e62e2a54bc3e5c00cbbe14c58f2a17"", ""5"": ""5a04f7abbaa8f386e081c10e078adaa2efb86cbf001b3b8074e96edbc69944fd"", ""6"": ""5e748f13078f081b77dac00bd857fac3821238f570a410ea1e2f5a99d078b7e5"", ""7"": ""70e3fc4caec10b0fc86300abc51500e7bdb0fa6f46790e4eb98e80dccd92d747"", ""8"": ""47e6f29fafe7cd2ba9eae6816a6440f2a23f8ba31f92ede58341068c16c03d89"", ""9"": ""cbabaa26bb2c0e52f560251d8e1e4b4dead72f6fa3850e4389da0f2be6e7db01""}",6e21c914bf4ef105904125511de5519ff704edb6066ef60e05cf4e6ce1426636,1,1,1,0,1.844092648616797,0.0,"{""0"": 5.314410000000009e-08, ""1"": 5.314410000000009e-08, ""2"": 0.018393606131647745, ""3"": 0.03100247405412966, ""4"": 0.2877794400563345, ""5"": 0.12516851729152464, ""6"": 0.009900066895208903, ""7"": 0.03803417336270261, ""8"": 0.2629274483534708, ""9"": 0.22679416756678114}","{""0"": 0.12500002657205003, ""1"": 0.12500002657205003, ""2"": 0.1341968030658239, ""3"": 0.14050123702706485, ""4"": 0.14388972002816727, ""5"": 0.06258425864576234, ""6"": 0.004950033447604452, ""7"": 0.019017086681351308, ""8"": 0.13146372417673544, ""9"": 0.11339708378339058}","[0, 1, 2, 3]",[],1,0,1,1,0.0,8ea7a277ce9046ea9000e04f24b53af8594074b5b435ba8950e966560ccbdcbc,ef4ded7856c2c4e7f70ebfae2db4d9cbb4edd488f2c34a84f76827f75daa0b7e,"[""proposal_created"", ""proposal_committed"", ""v1_challenge_sampled"", ""audit_rejected"", ""recovery_recomputed"", ""recovery_audited"", ""recovery_verified"", ""committed_once""]"
13,trust_v1v2,0,none,0,0,0,0,1,0,,74.17,0.0,0.1,183999001072474420453088814070851229512,26473109a2fa40d2e4f693c4957d3c62d6fc7ed7197600d3e423fe391b197d22,1,"{""0"": ""546c03de72a2ace7231d92bbe2cbcdc3b9c63ab5185b842b94dc832c87dc0b78"", ""1"": ""4fac760ec63ae200707483d06345211a17ed5cad25cd791c756fb8b710a56867"", ""2"": ""f62e71c0418404ce1bab6991f646da69cdd4f3fda23a5cf4c4c8867e62047421"", ""3"": ""edd84b4d6ca9f1f811404e1016d242daeecd3f6957c0a8f5c48ac7428b3ed01c"", ""4"": ""3d7dca3c96105c67325f8ba7a79ed7374e9876f89c0f03b37dfa107b9e3cfe33"", ""5"": ""66e1a8f559ec66f4bce22b4c67c2683cc3d39c030570ed716b6daa3fa8f9cf57"", ""6"": ""d28b2731ebeffed04da2d98a0e8fcd8a31cd49af64e740c545a088ccd59a9352"", ""7"": ""28b7d859e932f5ce6111910f0f1c007eafb4355d2f777dec3571ad93341cb9d9"", ""8"": ""132e2fbf6c9af1d7f1e25be061a4bb65c644d6411c646aa219cf7f285f60fc3f"", ""9"": ""c7a0d274f33dfdc562c4d7f083a832e1d8f21060b7a5893edbc5554969360da1""}",,0,0,0,0,0.0,0.0,"{""0"": 1.594323000000003e-08, ""1"": 1.594323000000003e-08, ""2"": 0.005518081839494324, ""3"": 0.009300742216238899, ""4"": 0.23707698671607574, ""5"": 0.037550555187457396, ""6"": 0.002970020068562671, ""7"": 0.011410252008810785, ""8"": 0.5043916731054061, ""9"": 0.19178165697149407}","{""0"": 1.594323000000003e-08, ""1"": 1.594323000000003e-08, ""2"": 0.005518081839494324, ""3"": 0.009300742216238899, ""4"": 0.23707698671607574, ""5"": 0.037550555187457396, ""6"": 0.002970020068562671, ""7"": 0.011410252008810785, ""8"": 0.5043916731054061, ""9"": 0.19178165697149407}",[],[],1,0,0,0,0.0,ef4ded7856c2c4e7f70ebfae2db4d9cbb4edd488f2c34a84f76827f75daa0b7e,35e407bb553a82414bfa1d09f5b5dbcbd21ae9ac27bad93d860f702f9dc5d7a8,"[""proposal_created"", ""proposal_committed"", ""v1_challenge_sampled"", ""audit_accepted"", ""committed_once""]"
14,trust_v1v2,1,A2,0,1,0,1,0,1,V1+V2,71.13,4.765335317756518,0.1,86289039611165426184031410302587515447,15aec51fcc2aada5226b4169be4ce5454b9f5f6b3f7f2aacd269718b7c2512d6,1,"{""0"": ""36b366063defa94b3c576fcb8293845b196e73cfced04e4cd79cb0bf06bf28ac"", ""1"": ""601fb875a50b147bc1359acb77b5fba17c705b560c4863f4453cd22d755c8a55"", ""2"": ""c3d2d697400412a9b2a36983e905a361bdc4fed774c564590d9fe26822e0653b"", ""3"": ""45f2106bd85b02a0add4100cf489abc507e074a7b3713fee427ecced0a862933"", ""4"": ""752306b3b239520c4cbb9d9e71cb45774961ff3b448f7c4ce8bc6ec2da4bec91"", ""5"": ""b7d08781925476d917c553d3204508277a7064e895cd8e94eb2c381c843e50e0"", ""6"": ""2826c78c3a2b2eba07eff5aef371e13f810e8bc59ae6c2b90537f4f1537f392c"", ""7"": ""e4c8f0de2d919024d8a3689d95ea0ed4e7cc914e17d9efb92628151a11c78981"", ""8"": ""75183b0941221c44731c2a206827f32392de252f47d6b2ef23ba783c0ffa3a70"", ""9"": ""8172418bf836e92d789c51d2fc03af6c8a4ec74b088dd8207875a57456036a3f""}",c85d7a472ae7857bba546540c1e308dd08af5df3ecac052eafb4dcb4a3a28fa5,1,1,1,0,2.3336610459172804,0.0,"{""0"": 4.78296900000001e-09, ""1"": 4.78296900000001e-09, ""2"": 0.0016554245518482975, ""3"": 0.00279022266487167, ""4"": 0.1285725106708586, ""5"": 0.015318880253566612, ""6"": 0.0008910060205688014, ""7"": 0.016917540684331024, ""8"": 0.7603477997350915, ""9"": 0.07350660585292551}","{""0"": 0.12500000239148448, ""1"": 0.12500000239148448, ""2"": 0.12582771227592413, ""3"": 0.1263951113324358, ""4"": 0.06428625533542928, ""5"": 0.007659440126783304, ""6"": 0.0004455030102844006, ""7"": 0.00845877034216551, ""8"": 0.38017389986754563, ""9"": 0.03675330292646275}","[0, 1, 2, 3]",[],1,0,1,1,0.0,35e407bb553a82414bfa1d09f5b5dbcbd21ae9ac27bad93d860f702f9dc5d7a8,1dd06f2ce03c25352a6dc7bf7b1e3206445c04494d32755210490ff9fb73a76d,"[""proposal_created"", ""proposal_committed"", ""v1_challenge_sampled"", ""audit_rejected"", ""recovery_recomputed"", ""recovery_audited"", ""recovery_verified"", ""committed_once""]"
15,trust_v1v2,1,A1,1,0,1,0,0,1,V1+V2,76.36,0.0,0.1,135454157866564968653548167330654291564,72e5862e8b4cb45ca62ac3eb365b8806edf78bb23190e2004a9fc9d76e7eeaa8,1,"{""0"": ""19f03a8169537637295d260b9e06279166a6587ef87e0b379cadf9e73e7ca7c2"", ""1"": ""416a64e16b747719898c4c81647074386fa7ebb81d8bb395eb32861d48e4f9ad"", ""2"": ""1cf9c468a9d8e155aa23636e0fa8f105644e75347b1c067cec1a76bca6094ea6"", ""3"": ""d271f4014d7fe2ab2701b30ad5d17843b4e560cc4233ca90140b1bf2d364ab69"", ""4"": ""4036e012c815784f830b849c226371c2417a8ef9d27c8a508a0bcc12db4c3a5b"", ""5"": ""61aa25fc04609e5babdcc71fe9c84e523147ef507d7972d096094a4584b0ca5c"", ""6"": ""71021a83bfeeb3b437b5267e3246fc96b29cb8a66c536913c5ce8fceb1ec2d05"", ""7"": ""0304ae752b9aa9a204267f0dc0bc17007b1b4670d78514064e8216e0dc7d6e80"", ""8"": ""10c72271ee553beb9deda98452ab2e60e14b21b17fb6237252b24a6668bd1f2b"", ""9"": ""e60dd5740054173cd56b876aac875bcdd6f8f1e4c27d818beb12110768a911a7""}",2eff311339bb35c786c8caf88388cd021d7c89380dcf0c4f760beab3d6ef30f5,1,1,1,0,3.585077525690633,0.0,"{""0"": 0.75, ""1"": 0.75, ""2"": 0.75, ""3"": 0.75, ""4"": 0.22495185637525855, ""5"": 0.012574434804815389, ""6"": 0.0002673018061706405, ""7"": 0.19145536537930027, ""8"": 0.4144844430945285, ""9"": 0.1549329015051294}","{""0"": 0.18756253790015912, ""1"": 0.18756253790015912, ""2"": 0.18756253790015912, ""3"": 0.18756253790015912, ""4"": 0.05625672144946078, ""5"": 0.0031446572062016885, ""6"": 6.684774020088232e-05, ""7"": 0.04787980563352509, ""8"": 0.10365567208925845, ""9"": 0.038746144280716606}","[0, 1, 2, 3]",[],1,0,1,1,0.0,1dd06f2ce03c25352a6dc7bf7b1e3206445c04494d32755210490ff9fb73a76d,d84248c188601bec8fda77002595c36eaf078de83a3d909f3d0c38e3043c8b45,"[""proposal_created"", ""proposal_committed"", ""v1_challenge_sampled"", ""audit_rejected"", ""recovery_recomputed"", ""recovery_audited"", ""recovery_verified"", ""committed_once""]"
16,trust_v1v2,0,none,0,0,0,0,1,0,,76.23,0.0,0.1,252097350489583206853590343135954971075,bc5d842c6645d41232384402d5fea196d2f2856659845a9e9dec669585155368,1,"{""0"": ""30280e5c9d8d514c6103537ea1fa67c0bd55edc91120a69fa207eae44bbc8d1d"", ""1"": ""4066c17817d61b4d4a6be595550f8afb6ff294c401df79679372d705228a5f30"", ""2"": ""d06cc179df4080ca98ac6ff934590b7a5d97b62af325c6af9be520085bee1fa4"", ""3"": ""e2c42a7060be2d502ca646a3a2b07820dd781aa1d23a46fd69c6871c75b6b314"", ""4"": ""ae648d63da7a6f19e06dbc8537ee674c46b27bc8752368598ffa8af58e1b0444"", ""5"": ""74757e741822977dddbee59c5863081f0a03debc6fe12a71c8590227b59c77da"", ""6"": ""156a276b094297993aefff924847b9dc9dfca9667599879c169b84026819492e"", ""7"": ""d3ecbd0984d85f02393ded5ccd7cd178a62285c8f37ac022540b8b1eb71c1bfe"", ""8"": ""4fd4f17431f6ee5af13e776d8660ce2ca48145243d7c78cf25f404c85a5e4a13"", ""9"": ""d076bcc71f4f6984798e37e5b4aeb81004befbca4939852e639b0b69fc669bc4""}",,0,0,0,0,0.0,0.0,"{""0"": 4.304672100000011e-10, ""1"": 4.304672100000011e-10, ""2"": 0.00014898820966634683, ""3"": 0.00025112003983845043, ""4"": 0.2758388608895005, ""5"": 0.03106049188653288, ""6"": 8.019054185119216e-05, ""7"": 0.265789913590713, ""8"": 0.17199725955250145, ""9"": 0.25483317442846176}","{""0"": 4.304672100000011e-10, ""1"": 4.304672100000011e-10, ""2"": 0.00014898820966634683, ""3"": 0.00025112003983845043, ""4"": 0.2758388608895005, ""5"": 0.03106049188653288, ""6"": 8.019054185119216e-05, ""7"": 0.265789913590713, ""8"": 0.17199725955250145, ""9"": 0.25483317442846176}",[],[],1,0,0,0,0.0,d84248c188601bec8fda77002595c36eaf078de83a3d909f3d0c38e3043c8b45,f6dcf2cbec851e68fd3107b58a5beda8815f0c8024c35ceb5a389530e5dc45d4,"[""proposal_created"", ""proposal_committed"", ""v1_challenge_sampled"", ""audit_accepted"", ""committed_once""]"
17,trust_v1v2,1,A2,0,1,0,1,0,1,V1+V2,75.39,3.3296737012876196,0.1,312336242499612532054508380413465161698,c99f4f03dde49783eb74d7730c442d27ac6bbd2b0a3696d985a614dba627cbbc,1,"{""0"": ""19643a80bacb3eee0c789b81fc9e7d0981d1a7326b2b392d7e3ccc77ad9ae1e4"", ""1"": ""1a95d0dbc87169ebf9476e7530f558f00ef087615d29d28b4272ec51d30d3356"", ""2"": ""f1677784ce39d584ef84704ff63b22982272f3117908678159dfa7e9ed01cb2b"", ""3"": ""52562fbc4ce168517df38440ef255471373761345e365a9a873433d0efea2e0e"", ""4"": ""e1629f734448be79ace9b48bb893759710209c7b07e7d3f2bc95fae1a2369962"", ""5"": ""b9341c364e6aaf99e47d2464159be10aa50e8e96abfebfea810543e1818f3808"", ""6"": ""06304017513ef28d781d7fe3d55a0055c0116dc2038f9e2b6556ad36716575b1"", ""7"": ""a5a3fc8efec86d1742ad32bb3d318b5998d5f452bf5ebaf454ad0b3fe43b2f70"", ""8"": ""e6edcc7f92daf95608216665ddbe649568f1c122e00ca50b28843cf34cbc4032"", ""9"": ""30c2c06f8c7b658068087c72df63169b89ef6b62900b4af63cb7da6a439981f1""}",853bf00ac10d46bf94a287846e2a0943a45491e85f259242ddf5501d28533f81,1,1,1,0,2.530984817360715,0.0,"{""0"": 1.2914016300000036e-10, ""1"": 1.2914016300000036e-10, ""2"": 4.4696462899904064e-05, ""3"": 7.533601195153515e-05, ""4"": 0.12151345658725775, ""5"": 0.21412335640778155, ""6"": 0.0005761374414854631, ""7"": 0.2845421829190356, ""8"": 0.2564043867075721, ""9"": 0.1227204472037358}","{""0"": 0.1250000000645701, ""1"": 0.1250000000645701, ""2"": 0.12502234823144998, ""3"": 0.1250376680059758, ""4"": 0.06075672829362888, ""5"": 0.10706167820389079, ""6"": 0.0002880687207427316, ""7"": 0.14227109145951783, ""8"": 0.12820219335378608, ""9"": 0.06136022360186791}","[0, 1, 2, 3]",[],1,0,1,1,0.0,f6dcf2cbec851e68fd3107b58a5beda8815f0c8024c35ceb5a389530e5dc45d4,b4d8b454318e10d776cfb369e02de8a19e9c4a1954f995c34d8dc1db574d2ea8,"[""proposal_created"", ""proposal_committed"", ""v1_challenge_sampled"", ""audit_rejected"", ""recovery_recomputed"", ""recovery_audited"", ""recovery_verified"", ""committed_once""]"
18,trust_v1v2,0,none,0,0,0,0,1,0,,76.38,0.0,0.1,328057231121498849847470790375202142003,40ee019a5a44f95b597967c9108e362acef4f404138e33e772aa9a1c101cdabe,1,"{""0"": ""b5db7d06781905270d46404108a68c593462cd47153c42f723b1c72135f56cb2"", ""1"": ""bb437e02723d14890bff651ef0a8213b1daf5b6028a5ec233bb60666f8af8fc2"", ""2"": ""f944fb816d20d025f2a4561b6c3d5893d476e13e3ea2e1dd91ef5cd62ef7eca1"", ""3"": ""a7d701d3ff08244bdbbe09eb3f3984f3e9d68239addd6e3f96b35b6dc7e5e0be"", ""4"": ""0e8c4f2cc1964c1e03b92e07f77c9fc91a611ba4eadf5f3b60a1fe9b6435abb1"", ""5"": ""c5557cff924b845d8e3b9d71d4972c638a67138e8fd96aff5cff70394a96f217"", ""6"": ""70a58015fb9cc4bb014f9d0c53265e01b49b6b9530823b1e09f84fe6acd1d2be"", ""7"": ""16261ed0d468d544c55eeb97c41b3d9a9cd43895f396cb808a6359105232bc7b"", ""8"": ""5f7adb8b3220ee3072cd567d53edcb7675348ba43cd3419644094e644d693ac6"", ""9"": ""ff9095404eeb385c956b027f3b2a7485f85d0b20ff77a5705e7fe80e4514f073""}",,0,0,0,0,0.0,0.0,"{""0"": 3.874204890000011e-11, ""1"": 3.874204890000011e-11, ""2"": 1.3408938869971218e-05, ""3"": 2.2600803585460544e-05, ""4"": 0.11158099248309532, ""5"": 0.2552364716994447, ""6"": 0.0022399565420326813, ""7"": 0.2763621196528209, ""8"": 0.26792078078938186, ""9"": 0.08662366901328485}","{""0"": 3.874204890000011e-11, ""1"": 3.874204890000011e-11, ""2"": 1.3408938869971218e-05, ""3"": 2.2600803585460544e-05, ""4"": 0.11158099248309532, ""5"": 0.2552364716994447, ""6"": 0.0022399565420326813, ""7"": 0.2763621196528209, ""8"": 0.26792078078938186, ""9"": 0.08662366901328485}",[],[],1,0,0,0,0.0,b4d8b454318e10d776cfb369e02de8a19e9c4a1954f995c34d8dc1db574d2ea8,ae279342b2ab7595422fdd34012ec69ab0a14ebd68e2f1a482f8ff10ef2136fd,"[""proposal_created"", ""proposal_committed"", ""v1_challenge_sampled"", ""audit_accepted"", ""committed_once""]"
19,trust_v1v2,0,none,0,0,0,0,1,0,,78.03,0.0,0.1,8827716907936886089657965115470473606,bc4aaef65950d62467792c95ad8a2f56a4fb5db7bca4ec5646db3bf043883aea,1,"{""0"": ""f8b70914ebb4ba4810cd6d445f7e5376a0f860140f7af655f2907fc604c2ee71"", ""1"": ""1421c10d4c44006c5465b7b41a9593e5b48bad30ea6e875635395b23ac375a6c"", ""2"": ""9d2279c7b19416957b25f05c7290b5480a539a14fb0401e9d82c4355c5a41693"", ""3"": ""c6f106a81c96755938db7be72f9a286200eb2f2cdc156e04b6157235e91d925a"", ""4"": ""f0aa0599b57ce320a255f3c8e0bf1abee216a30422cae4198321f7fe6a9cbd97"", ""5"": ""918ae514d956680a458e533b598a9c0ff7bddfa69e2fcda81225d73f4aec8b95"", ""6"": ""d419939a1deb6e028b1950a5bf05c08726e8bc61cf93d8ba6ade15ef21c48cea"", ""7"": ""287f426683fc3149c43e74d4051cb7fad2fb234fcec416c40e7db101e36f8b97"", ""8"": ""46c19646df933186b94a2183204beef96144fc0d3ee801a9c072c1c130a8f96a"", ""9"": ""0207f580b0794bcf7995348b4e61a959a1240383a9b112038a811f0d102591b7""}",,0,0,0,0,0.0,0.0,"{""0"": 1.1622614670000035e-11, ""1"": 1.1622614670000035e-11, ""2"": 4.022681660991367e-06, ""3"": 0.04135373910957632, ""4"": 0.16631490232432836, ""5"": 0.09304582315628894, ""6"": 0.0006719869626098047, ""7"": 0.2905432452670634, ""8"": 0.28887739806074403, ""9"": 0.11918888241448299}","{""0"": 1.1622614670000035e-11, ""1"": 1.1622614670000035e-11, ""2"": 4.022681660991367e-06, ""3"": 0.04135373910957632, ""4"": 0.16631490232432836, ""5"": 0.09304582315628894, ""6"": 0.0006719869626098047, ""7"": 0.2905432452670634, ""8"": 0.28887739806074403, ""9"": 0.11918888241448299}",[],[],1,0,0,0,0.0,ae279342b2ab7595422fdd34012ec69ab0a14ebd68e2f1a482f8ff10ef2136fd,9dbe6b54452b39f83f94cc879cde86d2e3c73ad5214e2e329358101a9f9e76c8,"[""proposal_created"", ""proposal_committed"", ""v1_challenge_sampled"", ""audit_accepted"", ""committed_once""]"
20,trust_v1v2,1,A2,0,1,0,1,0,1,V1+V2,77.32,1.6906094304634558,0.1,272957525711635255340649022800590676864,6e55767f3d56eabcd6f670b5883583c5068bf43fe0334f3068da29bc98ba026a,1,"{""0"": ""b8284153c68777d370be092164a53e2e0c4a738c893184633ec513afd87b369b"", ""1"": ""e8531a6928fc702523a06f5e9a3e5ae51481acacbaf1c7c52ed9673193714cac"", ""2"": ""e258498e892f70f4c2c439fb3bbc5662245d94a36262c2694ac62efc28ac924c"", ""3"": ""ba4a3f156afbd28a5bc6f059f396d2d02adf9e2a027eb4eb0389091ce4641800"", ""4"": ""9527f639903b042d4d67c04af5daed906ec4b6f75d12773acde4450ad84e9a54"", ""5"": ""a8686a9b1202aeb100ca427a128761ab113c7677c4a59bb091bb1b1d3b8b2fca"", ""6"": ""d7eefcacdc1cd6e35441d28793e3b5a349007d257688781ae1f0050c1e62c502"", ""7"": ""5298e66b663dd636d66a9f3f77b17dce78017c7887d22362562f506d9230f029"", ""8"": ""f4ada2542e70c381795f24a754a339d1fe67c47846076b14d475b724604a523e"", ""9"": ""f7cf97f20f41e392c27f593000ac1ac7b8c28314e808c12afd062c8c42360a84""}",bfd0599ae5494719278b40d3e14948e9626a9ee04443b9b750358111e4a848de,1,1,1,0,2.1863310236435094,0.0,"{""0"": 3.4867844010000112e-12, ""1"": 3.4867844010000112e-12, ""2"": 0.008370486334886079, ""3"": 0.04329911549900366, ""4"": 0.21066134103265632, ""5"": 0.06912839234396335, ""6"": 0.00020159608878294146, ""7"": 0.11179663607339131, ""8"": 0.3037244936571106, ""9"": 0.2528179389632323}","{""0"": 0.12500000000174338, ""1"": 0.12500000000174338, ""2"": 0.12918524316744304, ""3"": 0.14664955774950184, ""4"": 0.10533067051632816, ""5"": 0.03456419617198168, ""6"": 0.00010079804439147073, ""7"": 0.055898318036695656, ""8"": 0.1518622468285553, ""9"": 0.12640896948161615}","[0, 1, 2, 3]",[],1,0,1,1,0.0,9dbe6b54452b39f83f94cc879cde86d2e3c73ad5214e2e329358101a9f9e76c8,6cb24a46bc3114dfa659944f915fd5734c8c68bc0322b19212254268d52c9795,"[""proposal_created"", ""proposal_committed"", ""v1_challenge_sampled"", ""audit_rejected"", ""recovery_recomputed"", ""recovery_audited"", ""recovery_verified"", ""committed_once""]"
21,trust_v1v2,1,A1,1,0,0,0,0,1,V1,77.16,0.0,0.1,300496747440005775241728511276921161930,e64d55bd098cffaceeacd44ddc4c6152d416ab98b6d5296cd8325755226cfa98,1,"{""0"": ""b3a77bcc9a4d7d02bd04f6e1dcf39ae7fa8d3e5e285a69b2d86a6b54c2453089"", ""1"": ""6f065e9e69b9d00d6659fdef7f788cb507b02e7a8a3c747e7af326384600f560"", ""2"": ""c9b736bd1ad87aed5686f26e1c45b7e3ef8b165df10ee8ae37e054d57431ed0a"", ""3"": ""42ed15b1cf90fd4fba22322b8d726de72d4d29d2efa5db6187e3bab1dc4d860d"", ""4"": ""82b766db3ba37aefc74c4bb27df4839fa65c9eeeab21ea4c50a202b108d1a232"", ""5"": ""5836b91f471188764efe91458d2cd94955e48939c936a44457b74e384170bc89"", ""6"": ""30445ce0b20da195bfcb1d5be67cdd58c04da6a2122efed74498018acd9171e3"", ""7"": ""7e655fcdd3d99c2daf014d70a5e4af801a956879e839093ef2fdafe7629d0481"", ""8"": ""e5f99b9887ec91348807115656387e3bf84916ec871fe820de53d54cb2ab0823"", ""9"": ""7a6af32a3b5ad5dca8d8cc2abe2814f99b6f6631ada7e3019a4d21db46ca2fc5""}",a65dbc0248b35c338386f2933585b7e6b0993137008f618a9c37c6be971c4e09,1,1,1,0,3.8807906735764983,0.0,"{""0"": 0.75, ""1"": 0.75, ""2"": 0.75, ""3"": 0.75, ""4"": 0.17183844710742174, ""5"": 0.0230851684245569, ""6"": 6.0478826634882445e-05, ""7"": 0.10661192002723777, ""8"": 0.5359942757669275, ""9"": 0.1469088292949623}","{""0"": 0.18822943047957086, ""1"": 0.18822943047957086, ""2"": 0.18822943047957086, ""3"": 0.18822943047957086, ""4"": 0.04312673737803181, ""5"": 0.005793744140105757, ""6"": 1.5178526791408832e-05, ""7"": 0.026756667985414026, ""8"": 0.13451986302389174, ""9"": 0.036870087027481666}","[0, 1, 2, 3]",[],1,0,1,1,0.0,6cb24a46bc3114dfa659944f915fd5734c8c68bc0322b19212254268d52c9795,bc8d6045988ba0d8326c0ffe6590ed7c80e15210de650031e1427b502603b220,"[""proposal_created"", ""proposal_committed"", ""v1_challenge_sampled"", ""audit_rejected"", ""recovery_recomputed"", ""recovery_audited"", ""recovery_verified"", ""committed_once""]"
22,trust_v1v2,1,A2,0,1,0,1,0,1,V1+V2,76.91,4.117990774501792,0.1,96848180808401576462700846932189300897,60c995f0ea1df4933229114f5ee5355aba817c56c62335d86cb2c028860c58a0,1,"{""0"": ""50f8a3f3b7c18777bcc9e14c2c63c60e3cdc47229c71cda97029ef65c476051e"", ""1"": ""013d8543cdb14535ecd5178fdc7031a2b440daf6250e2fb759b8c5ef80d67a8b"", ""2"": ""ffdbe8848d044179afbc7ff4a9ae2ca061b96aa12d523f45cd32b118c8156a2a"", ""3"": ""4f93208e011cf8da2f9888f3b65652022e873869940d02a881141d3530598d78"", ""4"": ""dfb6958f38c2dbef1624dea5023c9e6f1b773d4e09f0d2cfd529677370959386"", ""5"": ""fb9ce3eea35f6eeb7b72ea1272ef8f864bdcfc6e658bec6bcf060c4faada27a7"", ""6"": ""ff7fa2cea596b8f6520a0650bac494ccb63ba2682a73a92a1fc24674f2bc3a09"", ""7"": ""5b5d5d222f5107f3f130fab6811845222096d08ac85359f0ed411592ab54d8e2"", ""8"": ""ba877d39b4113dcbbd29656aa56b445998bb837a7a415efe5c46cf35c0cb35ea"", ""9"": ""3ad5c957ca8e2234b5a3fca89b64e08403b8b581208e830ee1cf1a6c7b59fe61""}",34be39a94eb27c615959b52b35f533e825eeba1af7f6a17be641b472f8322e73,1,1,1,0,2.7451518434856315,0.0,"{""0"": 3.1381059609000105e-13, ""1"": 3.1381059609000105e-13, ""2"": 0.0007533437701397471, ""3"": 0.0038969203949103296, ""4"": 0.2999918296245299, ""5"": 0.03233572081870052, ""6"": 1.814364799046473e-05, ""7"": 0.03390712899431079, ""8"": 0.567958553767489, ""9"": 0.061138358981301544}","{""0"": 0.12500000000015693, ""1"": 0.12500000000015693, ""2"": 0.1253766718850699, ""3"": 0.1269484601974552, ""4"": 0.14999591481226499, ""5"": 0.016167860409350265, ""6"": 9.071823995232367e-06, ""7"": 0.016953564497155398, ""8"": 0.2839792768837446, ""9"": 0.030569179490650775}","[0, 1, 2, 3]",[],1,0,1,1,0.0,bc8d6045988ba0d8326c0ffe6590ed7c80e15210de650031e1427b502603b220,046220dfdf394d8c53daddf516b1610bc516ffe75c0b5e2afa674d331a1231fd,"[""proposal_created"", ""proposal_committed"", ""v1_challenge_sampled"", ""audit_rejected"", ""recovery_recomputed"", ""recovery_audited"", ""recovery_verified"", ""committed_once""]"
23,trust_v1v2,1,A2,0,1,0,1,0,1,V1+V2,72.53,1.3367471919519944,0.1,100292343282336169572754233999759618197,37ce4b669302415b719fa507e8e2f47dac447bb0a2302bc4569117f39efe182a,1,"{""0"": ""9c26bea965cf3cdefdeef2295cfaf9fbb29a1d811407002f829ccb995bede154"", ""1"": ""21709b2e64c59c11e58f8a3b2d4111e80e04268e0c70a0c4fb4acec3812c987a"", ""2"": ""456a6f6a65e741ddf22c094c7701abda573f69e69e05eef89c8afed052a2801e"", ""3"": ""2cfc7dce4d2dfcff1686646ee6559c258abcf235408fe035f1d337914932e586"", ""4"": ""a94cf35833e489f2f75dcb80edff8cd1ed8d3bca765929f011cdd0a0be40d42d"", ""5"": ""c6b21d9d07ee1ca5aca5a1e019044fabbb77983ac7ccf36d2f5fa994b7de51ec"", ""6"": ""4a76b8498051319ec78c746b56b0736aa4c08cc295384003837987ae89dff9c7"", ""7"": ""ad535319559a2ad7cfcbb828f59657866cddb3ea52f62eab88df6f05336e4eb2"", ""8"": ""af879c943a8b4e11e8cdc43a55c73f0cd833a3e3621e7c4cf4de0253dd82beaa"", ""9"": ""d45fe53fdd384459f07b6366e4f0ef20c3d272a76797331e74dd63c591c4eff3""}",ffe92925a3085238d85d5b6a99965348fd23099a05989f164aac0f2d6bf8c6a8,1,1,1,0,2.198295260190222,0.0,"{""0"": 9.414317882700033e-14, ""1"": 9.414317882700033e-14, ""2"": 0.00022600313104192415, ""3"": 0.001169076118473099, ""4"": 0.32944623835477527, ""5"": 0.20647763047537632, ""6"": 0.000600146160559513, ""7"": 0.015350516365108001, ""8"": 0.18894019223267106, ""9"": 0.25779019716180673}","{""0"": 0.12500000000004705, ""1"": 0.12500000000004705, ""2"": 0.12511300156552094, ""3"": 0.12558453805923653, ""4"": 0.1647231191773876, ""5"": 0.10323881523768813, ""6"": 0.00030007308027975646, ""7"": 0.007675258182553999, ""8"": 0.0944700961163355, ""9"": 0.12889509858090334}","[0, 1, 2, 3]",[],1,0,1,1,0.0,046220dfdf394d8c53daddf516b1610bc516ffe75c0b5e2afa674d331a1231fd,e78ab79582f95f8a64203e9a49c09531a55168f5b54a9bd49f75f76de532daa8,"[""proposal_created"", ""proposal_committed"", ""v1_challenge_sampled"", ""audit_rejected"", ""recovery_recomputed"", ""recovery_audited"", ""recovery_verified"", ""committed_once""]"
24,trust_v1v2,0,none,0,0,0,0,1,0,,78.2,0.0,0.1,262911619947856516741491315030589308349,5eb2f18f0807a75a3fb689fb66bfabd78e3da13453cfffe7044cd66b68ce2ae3,1,"{""0"": ""fd1124d7cb9145e445307d71e645021a7119a298db66cacb1a4df7801e8838ac"", ""1"": ""af014867dffd636b90f3467eca89cada94fe6bcc79d9c69808601eb0835c377d"", ""2"": ""524c92b3d593ddee7e1349db296ff59950a285c20d92b5b65e62367780990e4a"", ""3"": ""b5f2780fd3d3ae3b2c39700ff3a3898edb63d7d8d25f5a7caa9b6fa4ba42959e"", ""4"": ""c6cf1e9b17f1e2ff4f261195aea74022d7466cafdc155aeaea75be49940740c3"", ""5"": ""61aa17c162072b7566ff6f7f6a82e31d409669961c6e8729ee716cd77172c6aa"", ""6"": ""d7767fc19279440de486e2e0dfee1e50913e3654af6e35e93ddecbc0af9cf38f"", ""7"": ""6b158ecb119ea54f735eb868d94721dd17c18bac97253f16276a3f41c75a5960"", ""8"": ""aba10b8953c0e1f588e307b267b7e5efb8fcad34c5450087583afcb548c79bdb"", ""9"": ""fbcbe251f678e21ca16bb801b2025e9538bc331cf66af38b22ed06506332dcbb""}",,0,0,0,0,0.0,0.0,"{""0"": 2.8242953648100105e-14, ""1"": 2.8242953648100105e-14, ""2"": 6.780093931257726e-05, ""3"": 0.00035072283554192973, ""4"": 0.10030643318403666, ""5"": 0.08109885513455631, ""6"": 0.012645303671698615, ""7"": 0.30463988664783087, ""8"": 0.42355393843842454, ""9"": 0.07733705914854203}","{""0"": 2.8242953648100105e-14, ""1"": 2.8242953648100105e-14, ""2"": 6.780093931257726e-05, ""3"": 0.00035072283554192973, ""4"": 0.10030643318403666, ""5"": 0.08109885513455631, ""6"": 0.012645303671698615, ""7"": 0.30463988664783087, ""8"": 0.42355393843842454, ""9"": 0.07733705914854203}",[],[],1,0,0,0,0.0,e78ab79582f95f8a64203e9a49c09531a55168f5b54a9bd49f75f76de532daa8,b715bdd30da232600db82df854983baeb914c97b70a12681f07196279cd02ec9,"[""proposal_created"", ""proposal_committed"", ""v1_challenge_sampled"", ""audit_accepted"", ""committed_once""]"
25,trust_v1v2,0,none,0,0,0,0,1,0,,77.75,0.0,0.1,38376169537728411544978003560917266286,f701c180643d87a7064d698c80a9925b3a984bec8c2ce07444fd930a29d4531b,1,"{""0"": ""276a39fde7f72316902813c07fe1b10925cf94493423fb361743524e91d904c4"", ""1"": ""e7490d6c805d86ec9bef9fa81fa2ac069cc3b0350d070bb60a9c29f1f8fa2374"", ""2"": ""5b642978047525bd98e9934b29782f9639a0ee231d31dae413d35093b8b0a4bb"", ""3"": ""001ec4c3db299825e39328e58d10c4e6f0bec8c656b0d194a3ba71a3c611d5a2"", ""4"": ""f4c1ea735c82081577e740606ce5803158dcafbc2e76894b897a1b694fc59db1"", ""5"": ""2f66322e4b267335a3ea3bdbfe17fc6f4b7ca7831811fc6fb4e02416be339d8b"", ""6"": ""07625aef92682ad23482892ad28333537bbef49a32ea7ea15a0a2d1d06096847"", ""7"": ""ebc66b43780975b71dbe5b50661f2b59af57ff52cda9c304895b0ffb5eefbf08"", ""8"": ""7947fa495cdafd4ad248507ab0d3f27a02a2bbaf580266e28fde4ea7fe6bf5e1"", ""9"": ""102a64bf92d0286cb28ba6d99c34a17857411dbc232ac8e5fc92e9ddc584f937""}",,0,0,0,0,0.0,0.0,"{""0"": 8.472886094430033e-15, ""1"": 8.472886094430033e-15, ""2"": 2.034028179377318e-05, ""3"": 0.00010521685066257894, ""4"": 0.030091929955211004, ""5"": 0.024329656540366895, ""6"": 0.0037935911015095853, ""7"": 0.5227810547139691, ""8"": 0.3956770928119075, ""9"": 0.02320111774456261}","{""0"": 8.472886094430033e-15, ""1"": 8.472886094430033e-15, ""2"": 2.034028179377318e-05, ""3"": 0.00010521685066257894, ""4"": 0.030091929955211004, ""5"": 0.024329656540366895, ""6"": 0.0037935911015095853, ""7"": 0.5227810547139691, ""8"": 0.3956770928119075, ""9"": 0.02320111774456261}",[],[],1,0,0,0,0.0,b715bdd30da232600db82df854983baeb914c97b70a12681f07196279cd02ec9,42772cdd390c018f9def53be4d028f466ac3e569e3386c608ec962a3fa9810db,"[""proposal_created"", ""proposal_committed"", ""v1_challenge_sampled"", ""audit_accepted"", ""committed_once""]"
26,trust_v1v2,1,A1,1,0,1,0,0,1,V1+V2,78.15,0.0,0.1,321238006199782673279764389144378908046,2fa17a9def16601a8cdb1fbbbe8a398ac0e0cb63dda3dac56b6f7852ca329a66,1,"{""0"": ""19fa138905ad77fcb135e34ef45a7ed94035d88e76e4e0df7d39b94e49a317c8"", ""1"": ""255b5e6ae5bc2a5586c95d8cf2d778dc0ca675ff4fdce0129df94099338ffe49"", ""2"": ""c68deebd61b42ee03e0d6ac0267384c98369f35713f5888db1de67ede1211f71"", ""3"": ""cada2485c61cfee6fe8bbcce5e152f444a7829ae0ca404f22992598614ca2773"", ""4"": ""7d85c7a90513e4aaa0a8956adb3a357a25e7a6d12f24f39d479976aea939564d"", ""5"": ""66c1ef2647e158d377b0bf5b26da3cff8d4fcc53355d4946a55d3bf4adfd32d9"", ""6"": ""3b56ea34492523e8a7be396fd29fbea3bb0409d3f759c4322151b1b258333221"", ""7"": ""9b9b14e2cdee53326bf07450f7361aa71459ccfa21d81808487d209de3822597"", ""8"": ""6eee47f377c82708e697491b4da8760a2ed16c0e41a19834439a09ae549193e3"", ""9"": ""784334c67dce622193b5002dd24da584b74febb33c8ed74ba4a6019128b5c0be""}",84a36419ef2cfc25f573d31a144c5055f11a5b57b0ac1dd6ab064a6fc120471b,1,1,1,0,2.64733322594221,0.0,"{""0"": 0.75, ""1"": 0.75, ""2"": 0.75, ""3"": 0.75, ""4"": 0.11394068255533579, ""5"": 0.24192613101090457, ""6"": 0.02807879184114527, ""7"": 0.15683431641419074, ""8"": 0.20384333855084857, ""9"": 0.2415875693721633}","{""0"": 0.18814860328098987, ""1"": 0.18814860328098987, ""2"": 0.18814860328098987, ""3"": 0.18814860328098987, ""4"": 0.02858370703955877, ""5"": 0.06069075152916729, ""6"": 0.007043980622305515, ""7"": 0.039344210106478414, ""8"": 0.05113711924863482, ""9"": 0.06060581832989569}","[0, 1, 2, 3]",[],1,0,1,1,0.0,42772cdd390c018f9def53be4d028f466ac3e569e3386c608ec962a3fa9810db,9a05ec1402aab55c776fd1cc617f537c1d7a98a48fb4e3f4a2d83849f155bc99,"[""proposal_created"", ""proposal_committed"", ""v1_challenge_sampled"", ""audit_rejected"", ""recovery_recomputed"", ""recovery_audited"", ""recovery_verified"", ""committed_once""]"
27,trust_v1v2,1,A2,0,1,0,1,0,1,V1+V2,81.24,20.145222216925482,0.1,201229470089278002082683340397053937592,4a2c2104ac227c7b15de32fe10815f4319658f107b079c3ecc0082907da1495c,1,"{""0"": ""157f932a1445bd06bf04e4587d364a4d5c6baf50ea9668f8e8ec162a5698f34e"", ""1"": ""a39ff967e0da33ab659d57241fc728cb802d0a99b85aeaa7c6f8b014cf92a29a"", ""2"": ""30dac2644520bec49504c540d65435ac8cb0e040a96ffe8265926958699af6e8"", ""3"": ""008a8db76a7e975f6ddafc59e14d19f1f9b1adbba96093ee880b0ddb16983dcf"", ""4"": ""9a5378886297982c748f7e4b96b85954d916631bb808039ee0aef6938e6848d7"", ""5"": ""700c88c1b324047b790c6f155800811cacdad2f723d1abb525e2518b81d9d25b"", ""6"": ""2e8323f48ff913e44e1ea9613bd72ac321c2f817b0eefa5c40ae27b6fe9746f6"", ""7"": ""7dff02923c097f9babd5833a73bbc119c55235bd1b1c68b275ea5801b5041bfb"", ""8"": ""22a9db91eeb6052f00649c52bee6dcfd67b50d5725c2c8b19d8fa3d05be7ea90"", ""9"": ""4e0eb2184030a0c7bb963851f6f8ddb45231621c64c84f5c448b00b65d7d6640""}",2cdf133ebf2583f0b1998183308ba8576c1be3aa56294cbd3851243522085f45,1,1,1,0,2.8711978586457607,0.0,"{""0"": 7.625597484987032e-16, ""1"": 7.625597484987032e-16, ""2"": 1.8306253614395867e-06, ""3"": 0.004134920451260551, ""4"": 0.20918220476660074, ""5"": 0.07257783930327139, ""6"": 0.008423637552343582, ""7"": 0.2220502949242572, ""8"": 0.23615300156525457, ""9"": 0.247476270811649}","{""0"": 0.12500000000000036, ""1"": 0.12500000000000036, ""2"": 0.1250009153126807, ""3"": 0.12706746022563026, ""4"": 0.10459110238330034, ""5"": 0.036288919651635686, ""6"": 0.00421181877617179, ""7"": 0.11102514746212858, ""8"": 0.11807650078262726, ""9"": 0.12373813540582447}","[0, 1, 2, 3]",[],1,0,1,1,0.0,9a05ec1402aab55c776fd1cc617f537c1d7a98a48fb4e3f4a2d83849f155bc99,5bdb8d754989caffe8bf33526d67c0f730ddd579431ca57128949f6999e59c97,"[""proposal_created"", ""proposal_committed"", ""v1_challenge_sampled"", ""audit_rejected"", ""recovery_recomputed"", ""recovery_audited"", ""recovery_verified"", ""committed_once""]"
28,trust_v1v2,0,none,0,0,0,0,1,0,,78.39,0.0,0.1,337661697358393533870426305075804021486,768fd2e5fbd59bdb09e89b876147bc21652fa93c7646cec92116045d816ea99e,1,"{""0"": ""41146a7af7c82190674624415bc6debc428014c6ec747c3844b0462ca8e0fd00"", ""1"": ""e2a93298ae66971d623b6040beb9e8be354749b00bd94d12eb5100c4418ff514"", ""2"": ""220878ae7fc0f0ece286d01fafb327c727280c13ce81599cebf9bc79b7d3267e"", ""3"": ""22340e4078cddc71bed18ccac92645ad19bc7b1af27af94e30bae6b6529d93ab"", ""4"": ""dcebc681732452b21db1b15109f672e4a0dc4b70b490bd31d5cb06cf4af7e6e7"", ""5"": ""e159d994ed05855e5ab0dc574ffde18466e39891462ce58b5ba457261b50f041"", ""6"": ""d5a154c5cf12bc0e2c7a3840323c1cd483685a811ce3c40162742dbd83ce864a"", ""7"": ""b2f5faceaed50304edd73b3465823989bf0d917e12e191b81263ff1b5a582e73"", ""8"": ""8c20198a2ce3d9159435dc77efc2fa43de6f7223727ede967046656e8809d1d2"", ""9"": ""2f97fd49dd99b452014312fe90cfeb3db6de130e45290fb3d91c11ed00e949b3""}",,0,0,0,0,0.0,0.0,"{""0"": 2.2876792454961096e-16, ""1"": 2.2876792454961096e-16, ""2"": 5.49187608431876e-07, ""3"": 0.0012404761353781652, ""4"": 0.06275466142998022, ""5"": 0.021773351790981416, ""6"": 0.0025270912657030745, ""7"": 0.3168683644472177, ""8"": 0.5205926244996357, ""9"": 0.0742428812434947}","{""0"": 2.2876792454961096e-16, ""1"": 2.2876792454961096e-16, ""2"": 5.49187608431876e-07, ""3"": 0.0012404761353781652, ""4"": 0.06275466142998022, ""5"": 0.021773351790981416, ""6"": 0.0025270912657030745, ""7"": 0.3168683644472177, ""8"": 0.5205926244996357, ""9"": 0.0742428812434947}",[],[],1,0,0,0,0.0,5bdb8d754989caffe8bf33526d67c0f730ddd579431ca57128949f6999e59c97,dfd5c54bd72af9d6267d009dbd1f1c4b7d28761707061b02ec33e6246ac5ece1,"[""proposal_created"", ""proposal_committed"", ""v1_challenge_sampled"", ""audit_accepted"", ""committed_once""]"
29,trust_v1v2,1,A2,0,1,0,1,0,1,V1+V2,75.25,1.6996152761688008,0.1,99096662571301434234820090061504513544,fab5751ead95a8683a86a3d031725886a6bf9426bf7c4d2d4dfe7401a8010497,1,"{""0"": ""b148f693bb8d613f86cda60ce32a14024240870d75ccb454b11f7acf86ef15c7"", ""1"": ""2c0e02bc7acc676434222c1251fb39a5172bb9eb6c55fbb512ae1dd5d87a832d"", ""2"": ""c23661368478055e3158cf6080d2c1ee15c2a06b1a061166ff8a986c93aafab0"", ""3"": ""ed6a97c0307a1ebb9bdbafbcf6e5a376bfc252c8551887772f2955e9cdc0695c"", ""4"": ""19b030d83e9a45c422813ff26598979f48040e8cadc70f04addaacaecb897a72"", ""5"": ""7196401f4d196c1d2042a401866e36375ad4ebfc3e0c28e9147297c11e1775a9"", ""6"": ""ae6e55f295b483a348043fc54ff9214d3b786b34663b50a0423a0e7f766a2bdf"", ""7"": ""c11b95154c9bdd74bd23a585b4285146bd6b9bb2c4506a3bf3a61472f05ec1ec"", ""8"": ""efc03bedf4e18c8b28dfdd764b79b388871fc4d8f88117628b4a25df2a58e5c2"", ""9"": ""00dfa73265ab6bbc8ba7278725870e5551d6ac9d4977b820a7e5604b5f507109""}",eb6e3df89a22b9baa38b6925e073af3e374750b6b8386ab34f57fba3e79be4bb,1,1,1,0,1.844994357942495,0.0,"{""0"": 6.86303773648833e-17, ""1"": 6.86303773648833e-17, ""2"": 1.6475628252956282e-07, ""3"": 0.0003721428406134496, ""4"": 0.052539180243860215, ""5"": 0.30999205762878723, ""6"": 0.004525028896485491, ""7"": 0.1412410337180853, ""8"": 0.16559747545134446, ""9"": 0.3257329164645412}","{""0"": 0.12500000000000003, ""1"": 0.12500000000000003, ""2"": 0.12500008237814125, ""3"": 0.12518607142030672, ""4"": 0.026269590121930107, ""5"": 0.15499602881439362, ""6"": 0.0022625144482427456, ""7"": 0.07062051685904265, ""8"": 0.08279873772567223, ""9"": 0.1628664582322706}","[0, 1, 2, 3]",[],1,0,1,1,0.0,dfd5c54bd72af9d6267d009dbd1f1c4b7d28761707061b02ec33e6246ac5ece1,dd82148acd5f854635f9bbf7e39b46def464ced1241e4e724cafcfb71faab6f1,"[""proposal_created"", ""proposal_committed"", ""v1_challenge_sampled"", ""audit_rejected"", ""recovery_recomputed"", ""recovery_audited"", ""recovery_verified"", ""committed_once""]"
30,trust_v1v2,0,none,0,0,0,0,1,0,,79.07,0.0,0.1,75135480472106184974134772115488340121,e6e3ab075dde764422be57c39dc2cacf6607c071d5d8998982eab404054e44a9,1,"{""0"": ""5f4fa525a1ea66ce0f0fea4bb7ed4468606b2da8c6f7d56247e52b3c5690855e"", ""1"": ""1a3db44438f87b838b7cda7a2dd4829f3abad366fd0efaed3225ae99b6d36278"", ""2"": ""f3fb66a01ee47adc0a378c9d90fbcd6990dc5b3c18c6016b4ab04ed2ce7be2c0"", ""3"": ""d828cefb1c4d43552298d555e3e8cf53c023ee62d9501279c389ea928b2bb9ec"", ""4"": ""30ac8f7e435286d45d6e1a5a5748be69b1a8e6b0fb73e2af27b2835ce38b33e9"", ""5"": ""b4dec4f3cf23ecf51ebb5de22013d35cf4418301f6d1e58ff277c8eb76bbabd7"", ""6"": ""775efc7ea47f351726df1dcb2b1e0903657734032ae46dab75f89aa97d622247"", ""7"": ""f117ae335aa6df0c9023dfffc3aafc676281569e119c759623a0d6a95692924f"", ""8"": ""3136d47f895de15abda520d682b26298520e346e2dc98975753ee54759012135"", ""9"": ""b3733ffe8b44be87567997bc74bc06553243db84e512cf0801d9e7f71fbdbd24""}",,0,0,0,0,0.0,0.0,"{""0"": 2.058911320946499e-17, ""1"": 2.058911320946499e-17, ""2"": 4.942688475886884e-08, ""3"": 0.00011164285218403487, ""4"": 0.03799634833633239, ""5"": 0.09299761728863618, ""6"": 0.0013575086689456475, ""7"": 0.38125501298383835, ""8"": 0.3885619455038161, ""9"": 0.09771987493936235}","{""0"": 2.058911320946499e-17, ""1"": 2.058911320946499e-17, ""2"": 4.942688475886884e-08, ""3"": 0.00011164285218403487, ""4"": 0.03799634833633239, ""5"": 0.09299761728863618, ""6"": 0.0013575086689456475, ""7"": 0.38125501298383835, ""8"": 0.3885619455038161, ""9"": 0.09771987493936235}",[],[],1,0,0,0,0.0,dd82148acd5f854635f9bbf7e39b46def464ced1241e4e724cafcfb71faab6f1,e82289c9ec9c1618d2d68c4cfde673b02a628b1cae68b9b9c8f2a9a1037493c2,"[""proposal_created"", ""proposal_committed"", ""v1_challenge_sampled"", ""audit_accepted"", ""committed_once""]"
31,trust_v1v2,1,A2,0,1,0,1,0,1,V1+V2,74.64,1.150384841469234,0.1,111995159078489697073824288777378208132,5b9332329b09b058ee050f91480f10111f8d4af08a84c4c67f7ec96947822a4f,1,"{""0"": ""901caad0f1031459631681615ff453bdf328f35c29686e6c87d6ceebcc38513a"", ""1"": ""e6865e0b7b9cb142fd44292a872b5871a76f0964b216b63965a4a21f5ee6d0c8"", ""2"": ""048aeec4bc53f34056719df506ec417dad63b93a512ee58fff59c009a323f278"", ""3"": ""0f3fcccc846e2aaa36bf9fe740b9f7e832ce6020656bfeedfa1afb3e9573e658"", ""4"": ""1a43ef3b11734779188ea69cfdb9a2be30847a2a97025f43f089196277cd0a07"", ""5"": ""457b1cc523b8380b3444d591f6cc7e6d1310301326e8663d37034103feae005f"", ""6"": ""7707f93d542b6613e832aabcfac64acc43b0a28c32d6dd22d1168c4df011c543"", ""7"": ""d00f3b36e34d31ef02cb3855b0cb69434053b940874ddc4e6403c942db504db2"", ""8"": ""53f0311aa43b82606c1c0e6d0b49939a436bf1655255e6b5b1ced5d86e3d38ee"", ""9"": ""e37fe1948aca556c2a2e636156eb9a313c0902f8241d7b123861f2294306b11f""}",78a1fe4b90a9a2f2d513bb70242842aad3279088dfb7232906a2aefb316d63a8,1,1,1,0,1.9337486453785848,0.0,"{""0"": 6.176733962839497e-18, ""1"": 6.176733962839497e-18, ""2"": 1.4828065427660652e-08, ""3"": 0.016239067137610974, ""4"": 0.23933037974024776, ""5"": 0.2558307604259389, ""6"": 0.0004072526006836942, ""7"": 0.1143765038951515, ""8"": 0.11656858365114482, ""9"": 0.25724743772115677}","{""0"": 0.12500000000000003, ""1"": 0.12500000000000003, ""2"": 0.12500000741403275, ""3"": 0.13311953356880551, ""4"": 0.11966518987012391, ""5"": 0.12791538021296947, ""6"": 0.00020362630034184714, ""7"": 0.05718825194757576, ""8"": 0.058284291825572425, ""9"": 0.1286237188605784}","[0, 1, 2, 3]",[],1,0,1,1,0.0,e82289c9ec9c1618d2d68c4cfde673b02a628b1cae68b9b9c8f2a9a1037493c2,c6235b36cffcf1118b12f93a27aefaee29562bba21fb9456bca2d3e4d1aae560,"[""proposal_created"", ""proposal_committed"", ""v1_challenge_sampled"", ""audit_rejected"", ""recovery_recomputed"", ""recovery_audited"", ""recovery_verified"", ""committed_once""]"
32,trust_v1v2,0,none,0,0,0,0,1,0,,78.98,0.0,0.1,225701152009245188767226338926057172992,9adbc8c23a57f8c65318ff012de0c53901c7cc4e2f17482b441901f17ef995f3,1,"{""0"": ""b0975af7ae558c49b4c6050df01f648bdba32f5064dbe3adda868f66f3c280d9"", ""1"": ""7f6e87f5dcdc9ad006655bfd4fac997b85ba96f94a1f713c006b01b89a679ad6"", ""2"": ""9741518f3b253d53d338a7af1c22096e47030839a91164b33ecc177af3f87de9"", ""3"": ""7b8a175a839410b8237f91a21c4a457d2943570330d5c9112b8deab0a0c9b235"", ""4"": ""1106a6c1d0ebe169e15a70ff0e7ac8e33eefef9363ac63bc62e1ac2de29b902b"", ""5"": ""86b34ef7483911459db7d79699c4e84726b6650ccb04c5e8e2243a5e0bcd492d"", ""6"": ""3845bde67c509fc57f7812622352309a4e0d1a8ddca1e5412a7703f889fe55e9"", ""7"": ""b78ce70bdb4937c42ab56f5010aae128e139b3a7f9c22fb585bf90f4b62e1329"", ""8"": ""9a9e13da191749a26250bd541ee19301f4f785c9158c91d3ea1bac17f068755d"", ""9"": ""f28ef196df001b4eec0c0e018beb3d94e4da71644e394611b3d287e1af8c97d9""}",,0,0,0,0,0.0,0.0,"{""0"": 1.8530201888518493e-18, ""1"": 1.8530201888518493e-18, ""2"": 4.448419628298196e-09, ""3"": 0.004871720141283293, ""4"": 0.07179911392207435, ""5"": 0.07799936333287599, ""6"": 0.00012217578020510826, ""7"": 0.3836878835659983, ""8"": 0.38434550749279633, ""9"": 0.07717423131634704}","{""0"": 1.8530201888518493e-18, ""1"": 1.8530201888518493e-18, ""2"": 4.448419628298196e-09, ""3"": 0.004871720141283293, ""4"": 0.07179911392207435, ""5"": 0.07799936333287599, ""6"": 0.00012217578020510826, ""7"": 0.3836878835659983, ""8"": 0.38434550749279633, ""9"": 0.07717423131634704}",[],[],1,0,0,0,0.0,c6235b36cffcf1118b12f93a27aefaee29562bba21fb9456bca2d3e4d1aae560,e78b8d9e835a0a53f6c24f1e2f0a45132e61646651f8c186a061543055e45af2,"[""proposal_created"", ""proposal_committed"", ""v1_challenge_sampled"", ""audit_accepted"", ""committed_once""]"
33,trust_v1v2,0,none,0,0,0,0,1,0,,76.94,0.0,0.1,140935990223691515730658166406656329629,da6f0490ed161735b49f4861aba6a69de25e13d751e69a3ddd9d6ea992255580,1,"{""0"": ""c3dd75cb7daeea20a4003cf1be294ba3371f5734c88634d7566d3ecd3498e2cc"", ""1"": ""9ee1080131035bc6ac3680d4a9be76fb7cf881fef4e5944f61e89ebb24cb1adb"", ""2"": ""a567561378bd1749b6708a10df86fa98cb0e76c9e7f73656cad1e650f5209f04"", ""3"": ""18e8b4e3e2900af4bae1962610ac349dae825e7b00656e6477b687e266cc1140"", ""4"": ""40f23781b62a10ff9bcc0db2aca1ba8ba2f53d4b1235ad8b17091f0f5b2ab3f5"", ""5"": ""8c427b38cb82eba754b62f381362c0b6a58a92029c9f0fbf575dbd1f5c1b71ef"", ""6"": ""f1e3d72670a5787d4dcd05748209ca677b9304dc032557cfe517f1c8e3e45ba1"", ""7"": ""3608ae0119f186f32bf4999d9d509f2b017a98e9d5a861cd02c2019d8dd5c153"", ""8"": ""2ed930edbf5d1c3952c00812ee0f79194f11fa5aff894d0e31eb3e2f791c6322"", ""9"": ""8b7862c020e9f18d7401422cc15ae110f1a3b102d57bc286fbfd9b5997b28d37""}",,0,0,0,0,0.0,0.0,"{""0"": 5.559060566555549e-19, ""1"": 5.559060566555549e-19, ""2"": 1.334525888489459e-09, ""3"": 0.001461516042384988, ""4"": 0.3120501354139832, ""5"": 0.1373400680960995, ""6"": 0.0009038119987918995, ""7"": 0.11510636506979952, ""8"": 0.11947543141215004, ""9"": 0.313662670632265}","{""0"": 5.559060566555549e-19, ""1"": 5.559060566555549e-19, ""2"": 1.334525888489459e-09, ""3"": 0.001461516042384988, ""4"": 0.3120501354139832, ""5"": 0.1373400680960995, ""6"": 0.0009038119987918995, ""7"": 0.11510636506979952, ""8"": 0.11947543141215004, ""9"": 0.313662670632265}",[],[],1,0,0,0,0.0,e78b8d9e835a0a53f6c24f1e2f0a45132e61646651f8c186a061543055e45af2,dc23631b06fbaa1217773150bc3a6cbb560f62549158676e778562085e16896a,"[""proposal_created"", ""proposal_committed"", ""v1_challenge_sampled"", ""audit_accepted"", ""committed_once""]"
34,trust_v1v2,1,A2,0,1,0,1,0,1,V1+V2,81.7,11.288012630340049,0.1,67846396856339755282367649325379426423,264f2644dc654d3b453c2a305e92c95325b40637a85e46859e9d42f9ecca2406,1,"{""0"": ""e78bcafb9dd09397b57024ee2adac531e5f6a0c42a40c65fbf065c8c2f471389"", ""1"": ""0af5de774e0efb6e41a25d7f8324fca9f7151e9e346c6574ff7ba207396a15e1"", ""2"": ""1e2f37e26524fa3e5867d1c84c46d351d66b32230598dbc5f7599fe9f2f4fa66"", ""3"": ""66e9779e0adbbb2b43d7066adcb60eb058947fe935ece3f8c264ffd780f74a84"", ""4"": ""08b67a152c70462177e7a80d83ad96580e604082b8ddbe999253cd12c1a87952"", ""5"": ""003aaee6443e934c43ad73e7650b928bd7aa0548437606c99f38d6707882951b"", ""6"": ""21c3aa099b1eb8e65543f3bd751746643795f6d2a70b314dd9aebf0020448bb9"", ""7"": ""aa699060928827a823c53be21340f3a32099acbe34b572a19f4b6f9f5ed7e040"", ""8"": ""86d9008ac76a12f6223a91a7bdccdea5ab3d06f6f1e69ae1efb082eb2b34db56"", ""9"": ""2ead4678d4257efc54c655a27bc8ec085654108d085a296143a58644a355f3a9""}",b25501941e790a5e6a200a167a4e42b0915ab68c7c132cb86f31efa7c31b9efd,1,1,1,0,2.704240528056344,0.0,"{""0"": 1.667718169966665e-19, ""1"": 1.667718169966665e-19, ""2"": 4.003577665468378e-10, ""3"": 0.0004384548127154965, ""4"": 0.09361504062419497, ""5"": 0.1132007599401954, ""6"": 0.016296537934693555, ""7"": 0.33583222806917284, ""8"": 0.34651817702899046, ""9"": 0.09409880118967952}","{""0"": 0.12500000000000003, ""1"": 0.12500000000000003, ""2"": 0.1250000002001789, ""3"": 0.12521922740635777, ""4"": 0.04680752031209749, ""5"": 0.05660037997009771, ""6"": 0.00814826896734678, ""7"": 0.16791611403458645, ""8"": 0.17325908851449526, ""9"": 0.047049400594839766}","[0, 1, 2, 3]",[],1,0,1,1,0.0,dc23631b06fbaa1217773150bc3a6cbb560f62549158676e778562085e16896a,924feaecdac6e8c17e05bea73d581c7e49475157df83eea42689714fd727e62a,"[""proposal_created"", ""proposal_committed"", ""v1_challenge_sampled"", ""audit_rejected"", ""recovery_recomputed"", ""recovery_audited"", ""recovery_verified"", ""committed_once""]"
35,trust_v1v2,0,none,0,0,0,0,1,0,,78.61,0.0,0.1,274852295230120005912614277641999280163,43fa5b94960c967d816261f6ac9319ea18a0a062a8fef5ee751ff72b11729ee4,1,"{""0"": ""2a2caf1305341350476504c9b5fbb5a70149f37b41e958a2761c54f1cdc54dff"", ""1"": ""816828ba1c3f3b018fb39d19b1a2daf5bd8cc199eb9d468f10f1b5ca52540275"", ""2"": ""b6c46187cfb36b0d54bccb9817b0b51c31bbb79458c0d8d117b1d1cce2e70a00"", ""3"": ""aad730e1db92843ede92bf528070973824c275b9efe6c03f690cbedb57c6ba2d"", ""4"": ""d79f2f602976ce7defab6440732fdaed8cc6e59f9eb75367ac8ba5d4069b6bdd"", ""5"": ""cf72c80dac6fbb2664c0f7dc6ba263dc1848e4f8f9e26fe4d1156b6df483573e"", ""6"": ""5c38c94004a95b5afbd2fc9f9f70dfc373e6111d9e26940c34e33b0e414390d8"", ""7"": ""a2cb1994a3dc230262da8472f665f3001ebe92b0e8c51e1b21fb2cda38196c54"", ""8"": ""39f438be8564c94a584822a47b4cb793a08c5f6540152a9f908826b3c406c3c0"", ""9"": ""250bf93c830e7ab2b8c4c596bc82afb40365e04065c3028e33b5453c895a4442""}",,0,0,0,0,0.0,0.0,"{""0"": 5.003154509899996e-20, ""1"": 5.003154509899996e-20, ""2"": 1.2010732996405136e-10, ""3"": 0.00013153644381464895, ""4"": 0.028084512187258496, ""5"": 0.033960227982058624, ""6"": 0.004888961380408067, ""7"": 0.4507496684207518, ""8"": 0.4539554531086971, ""9"": 0.02822964035690386}","{""0"": 5.003154509899996e-20, ""1"": 5.003154509899996e-20, ""2"": 1.2010732996405136e-10, ""3"": 0.00013153644381464895, ""4"": 0.028084512187258496, ""5"": 0.033960227982058624, ""6"": 0.004888961380408067, ""7"": 0.4507496684207518, ""8"": 0.4539554531086971, ""9"": 0.02822964035690386}",[],[],1,0,0,0,0.0,924feaecdac6e8c17e05bea73d581c7e49475157df83eea42689714fd727e62a,730dd0c90f8d217d1bc787520b76fd014a4b660fe69b6f7009317493fc806483,"[""proposal_created"", ""proposal_committed"", ""v1_challenge_sampled"", ""audit_accepted"", ""committed_once""]"
36,trust_v1v2,1,A2,0,1,0,1,0,1,V1+V2,77.46,2.373196347698883,0.1,61199825510176734232094454155226391885,24794c0c8188766ae16548f66ad3f4cc16d835676827bea8893b242ac9339956,1,"{""0"": ""9eac97d006d659c8af284a7fcfa41556b404a84218bbac1b7fa8cd1cf3acf6a7"", ""1"": ""ec3ca02536c4405ac174a8c597654188358dfc424274da825279b188da444e8e"", ""2"": ""e66f7ca259ddd8c57c96311e4badf11fce92fe359b344f26542f0ff6a651bcaf"", ""3"": ""38b624f03e27306e397d95a7ff42b5a7198d2464ae35ab01efc9e850b0936d49"", ""4"": ""d02c7a89d4521f32f02ddf34ff7861240a2b5beaf764cb192a90aa1ec91fecc3"", ""5"": ""94836635fe6642161a34d545e442ce103b1226afb279bb4408df7c2c7f5a8a7a"", ""6"": ""0aa12d44568f326a550282b6b38e7399e62e893070a8bccbdcc41eb7771669d8"", ""7"": ""1350f6520094979f380d656e11e9cf0f2760dbfae02e85b7935b8ffc95a934d1"", ""8"": ""8873ec4438b47d1212f1ee71946934f6b0d23925788bbb2b3546b67726372bac"", ""9"": ""eab653da4a823f037450b99e5a8105657f6c578293fa89d6ef2daa2357233670""}",6a30c7efdef7d2c7170977f7dcc0c093ad669a5c8651dcac62888ac392af661f,1,1,1,0,1.9304053238264252,0.0,"{""0"": 1.500946352969999e-20, ""1"": 1.500946352969999e-20, ""2"": 3.603219898921541e-11, ""3"": 3.946093314439469e-05, ""4"": 0.08018629989607683, ""5"": 0.2936437717588543, ""6"": 0.01138264147174534, ""7"": 0.13522490052622557, ""8"": 0.18759832990661351, ""9"": 0.29192459547130784}","{""0"": 0.12500000000000003, ""1"": 0.12500000000000003, ""2"": 0.12500000001801612, ""3"": 0.12501973046657222, ""4"": 0.04009314994803842, ""5"": 0.14682188587942718, ""6"": 0.005691320735872671, ""7"": 0.0676124502631128, ""8"": 0.09379916495330677, ""9"": 0.14596229773565395}","[0, 1, 2, 3]",[],1,0,1,1,0.0,730dd0c90f8d217d1bc787520b76fd014a4b660fe69b6f7009317493fc806483,579786b562708582aff0e474a854d51e09ca7b845177a72832ce3f13d958abb3,"[""proposal_created"", ""proposal_committed"", ""v1_challenge_sampled"", ""audit_rejected"", ""recovery_recomputed"", ""recovery_audited"", ""recovery_verified"", ""committed_once""]"
37,trust_v1v2,1,A2,0,1,0,1,0,1,V1+V2,80.45,1.5578998522760006,0.1,130352230127051735783373685975182262289,5cd25584744f6d36b34578afc02acd5cc55b54e23850355c872231e77536e154,1,"{""0"": ""c02793815200cd09717bab23dfdeabce0182bb9e93008471e96f6413a765b3c9"", ""1"": ""85e4fd48028a77f375d0985145b364e3fcb82f12a01c9523dfdeb630c6013f60"", ""2"": ""ccd9545dd7d7df8f4a281f8c82da2ba29221567b11b84d2fab8ce860d10aade3"", ""3"": ""9177c5854d74067843da68fc6da3adff97b8c007b0bded539fb3648966acc949"", ""4"": ""aedce427767664e44c6d952190d4fc9eb546dda73dcd444325e8ac0ab550f828"", ""5"": ""083241b575af0a8eee912bb1b641e050218c5697593fe8048d920fc54f0df8be"", ""6"": ""5410fd979b18377c420fec9cc0965f08b56c7dbeddbd3b66142a06f07426ab96"", ""7"": ""5ea817e08ed71edb4ede163fcae424b41095c8197108db8f5cd6707017fed782"", ""8"": ""11c8d72c37cb30ba5937718e113f65386ecdc7699a90536fdb81056b3e710a31"", ""9"": ""b479e81b3160b03df971d113af14182fe28819faaba9f5ccd521488c827d7071""}",9429df57d972ca617b1b68dc304e3c3eaf09cd0bec26cd00217758d2f3c94df7,1,1,1,0,2.542981262768452,0.0,"{""0"": 4.502839058909998e-21, ""1"": 4.502839058909998e-21, ""2"": 1.0809659696764625e-11, ""3"": 1.183827994331841e-05, ""4"": 0.031039828753809368, ""5"": 0.10496394622793748, ""6"": 0.0034147924415236022, ""7"": 0.37864009341523397, ""8"": 0.39435212222935034, ""9"": 0.08757737864139237}","{""0"": 0.125, ""1"": 0.125, ""2"": 0.12500000000540484, ""3"": 0.12500591913997167, ""4"": 0.015519914376904684, ""5"": 0.05248197311396874, ""6"": 0.0017073962207618011, ""7"": 0.18932004670761698, ""8"": 0.19717606111467517, ""9"": 0.043788689320696184}","[0, 1, 2, 3]",[],1,0,1,1,0.0,579786b562708582aff0e474a854d51e09ca7b845177a72832ce3f13d958abb3,483e4f661506ca2f264f1452bd02ca8b6578fd56b6321791a5911748d1f667b6,"[""proposal_created"", ""proposal_committed"", ""v1_challenge_sampled"", ""audit_rejected"", ""recovery_recomputed"", ""recovery_audited"", ""recovery_verified"", ""committed_once""]"
38,trust_v1v2,1,A2,0,1,0,1,0,1,V1+V2,75.45,1.3691619504198476,0.1,124172116697496121864250218521369244066,99c02eb20d9c0f2d6e5bee1aeaf163c08f0174a1f9e8154b8f3f05ae0e6b6536,1,"{""0"": ""6f4c7b82563af77748a2474630a6e0a4400265ed7aeeef04d8ada11ef67a230b"", ""1"": ""43b72ead7fe591a4ca1cb4e71c99a8e4e30d49be75acc943c4afbf07328c92eb"", ""2"": ""865b56a67b9b4e711fba52f379d9c771853112d2b7a7b1d16c31bd56f89a6987"", ""3"": ""35c75a4946e3de1ec8f02faab36432b056dadbbaec1e4a2999b3b9c6181a756e"", ""4"": ""41d32bc057f7399d29ce7ed64f2ccb73652fe806adfac4798845ca058da35c70"", ""5"": ""c0400297d40120ab80258bb42ef10e52f27b7d4a12f49f31dafa6959defba99e"", ""6"": ""f9fd40f650c63ded55e3ab9b388df38178b40c601ad3feccef7b8174b5a603c5"", ""7"": ""7d3bcf303e7c542ab83685d8e3a673304fe5f712e46a3b67bf58f0b8da81f3bc"", ""8"": ""14370affffba53a378694478dbc6a240a9427464968d0255159a91d537246b04"", ""9"": ""ef3d8cbe0669b3bc1d2f122a95bc0f5c34b85f076c2758bee13b1bf675ed38a5""}",8463b08de2b75da38564a424cb06d0b5fb97d0578eb8b604f13fd2ab20e84853,1,1,1,0,1.7364874485670723,0.0,"{""0"": 1.3508517176729996e-21, ""1"": 1.3508517176729996e-21, ""2"": 3.242897909029388e-12, ""3"": 3.5514839829955237e-06, ""4"": 0.3593119486261428, ""5"": 0.031489183868381246, ""6"": 0.0010244377324570809, ""7"": 0.1135920280245702, ""8"": 0.11830563666880511, ""9"": 0.3762732135924177}","{""0"": 0.12499999999999997, ""1"": 0.12499999999999997, ""2"": 0.12500000000162143, ""3"": 0.12500177574199148, ""4"": 0.17965597431307137, ""5"": 0.01574459193419062, ""6"": 0.0005122188662285403, ""7"": 0.05679601401228509, ""8"": 0.05915281833440254, ""9"": 0.1881366067962088}","[0, 1, 2, 3]",[],1,0,1,1,0.0,483e4f661506ca2f264f1452bd02ca8b6578fd56b6321791a5911748d1f667b6,718f433242861888bdaae52a0586bb9acefada39d2ea678839c2d1532c4b9156,"[""proposal_created"", ""proposal_committed"", ""v1_challenge_sampled"", ""audit_rejected"", ""recovery_recomputed"", ""recovery_audited"", ""recovery_verified"", ""committed_once""]"
39,trust_v1v2,0,none,0,0,0,0,1,0,,82.36,0.0,0.1,223420661627983062713823015880182192132,1a6120df8b24011a0f8eb86d0fe7abb016ce4dd9984a4e2f8fb3df3e842746ec,1,"{""0"": ""3542a85776b7362fba9eba0f16381e018fde6c3e8fc8394d650dc9d539992109"", ""1"": ""36df628e9c351ef598d4d2fb59abea452e9aad91f76081d222922f918e388db4"", ""2"": ""876e79d220b5d4db4ef157297da7ed135a3334e7308e56d4e70942c98dc43f0f"", ""3"": ""fc1e5a7c37bd4e41eaf233c2868649d1345609f35562530cebe54928f2bb68e6"", ""4"": ""97684df0497081b88b6e157c4cdad8bcb06ee7e63dc4e7b7981001eb82279150"", ""5"": ""3dad5587807a4d6438ee90a2b7155b13665630b220d676bbdb87aa73adbc54bb"", ""6"": ""ec42628c41853832589b013af27dbd22df05066c139dad52c6b91f9099dac9f4"", ""7"": ""907a7b346a269067c97a7e6212b05dfd5950beda65e17a2b6f6798ebc1c2a00f"", ""8"": ""828f76e03863e8a542a924f77b24b7e7cd50d2502cc69fa705947820d32b7f33"", ""9"": ""e9abbb81debbab83f4bcfc12f861352f841fa240ac43f53b3e6a62199d70e32c""}",,0,0,0,0,0.0,0.0,"{""0"": 4.0525551530189993e-22, ""1"": 4.0525551530189993e-22, ""2"": 9.728693727088164e-13, ""3"": 1.0654451948986573e-06, ""4"": 0.10779358458784286, ""5"": 0.044261846290429806, ""6"": 0.007978414763700151, ""7"": 0.3628345211204318, ""8"": 0.36424860371370227, ""9"": 0.11288196407772533}","{""0"": 4.0525551530189993e-22, ""1"": 4.0525551530189993e-22, ""2"": 9.728693727088164e-13, ""3"": 1.0654451948986573e-06, ""4"": 0.10779358458784286, ""5"": 0.044261846290429806, ""6"": 0.007978414763700151, ""7"": 0.3628345211204318, ""8"": 0.36424860371370227, ""9"": 0.11288196407772533}",[],[],1,0,0,0,0.0,718f433242861888bdaae52a0586bb9acefada39d2ea678839c2d1532c4b9156,deb5f4438ffdc770704215407008d50ad7d0a629a41b8f6ade6ef12510283850,"[""proposal_created"", ""proposal_committed"", ""v1_challenge_sampled"", ""audit_accepted"", ""committed_once""]"
40,trust_v1v2,1,A1,1,0,0,0,0,1,V1,76.78,0.0,0.1,235031651538828154544772216066635405203,cbe02c775724a5a46ebcafdc74c775539e00cb72e1d54b5bfb1b5ab391184a4f,1,"{""0"": ""251d3c4d970e98474d40a600d1aee41f81c6277c2a971a526ab0ffaee35b9b7f"", ""1"": ""d319a562a474331fb85e02b72e9e772c7a076360c83a4fa36fb15a8ec10dcd11"", ""2"": ""7e4cb36aa82821ce82b35afd575559604e018605186f8f6f23e7a71cd8e86a30"", ""3"": ""d7f9fa05783630519e60ef2fb4969fb6d828ac8f15b54f8a31ded03b0b2de672"", ""4"": ""33ae7b26270e0b8796c764dc1a2e022552729d36e4c691c0a960ba97b5c6ee5e"", ""5"": ""b3bb9dc4345f866433aa45b43bfd726089b7ef5a83994cc754604d2d23e8532d"", ""6"": ""96d8e3d7ebde6fbd13238221a08ffd8938e5466dc1f379a97358fb1198caf866"", ""7"": ""9a62d6812078b0ce335e74ced919fcec293891985f2ae93cffbf1ec962226560"", ""8"": ""93fb26047a8795b649c52a376824c425f91071f8741753126ec84f99b658d822"", ""9"": ""0c2558bf9b27aedf15e35f9fb2a80a7ac5358aac0d756e2b81e22bd8c214d466""}",e782950f81dd8005f65d0e001d57d8af1a74b4afa652e7f09e9def0b2174d406,1,1,1,0,2.8364829895958303,0.0,"{""0"": 0.75, ""1"": 0.75, ""2"": 0.75, ""3"": 0.75, ""4"": 0.03233807537635286, ""5"": 0.528565898421467, ""6"": 0.002393524429110046, ""7"": 0.10885035633612955, ""8"": 0.1092745811141107, ""9"": 0.2185772446889795}","{""0"": 0.18750001498283794, ""1"": 0.18750001498283794, ""2"": 0.18750001498283794, ""3"": 0.18750001498283794, ""4"": 0.008084519490109738, ""5"": 0.13214148516458968, ""6"": 0.0005983811550932296, ""7"": 0.02721259125854872, ""8"": 0.027318647461518797, ""9"": 0.05464431553878812}","[0, 1, 2, 3]",[],1,0,1,1,0.0,deb5f4438ffdc770704215407008d50ad7d0a629a41b8f6ade6ef12510283850,34bc501cad3a439d6b88645652d65e014fba87f43add2ecc41612a8b824b6f2a,"[""proposal_created"", ""proposal_committed"", ""v1_challenge_sampled"", ""audit_rejected"", ""recovery_recomputed"", ""recovery_audited"", ""recovery_verified"", ""committed_once""]"
41,trust_v1v2,1,A2,0,1,0,1,0,1,V1+V2,79.55,2.1592738488568095,0.1,273469493631130231214972643456638271971,f7acb419a2fc3b0d7775cf213df4dd32675ef40ba8b448bbc67946c84d814c9a,1,"{""0"": ""5e65275036c6a0378ddf358ca552d065c088ab01bc89645605899132f15bdba2"", ""1"": ""7d9a87468aecc07a70f8ece668c129b112f85f7184e37bbc33a292bfe4524717"", ""2"": ""3cbb17de08080729f25932c3c0975dc140019cbc27d8e254753e00c30824042f"", ""3"": ""bd9611a043b1ca8db130ab66f949c472c20202b08f0a80ac46fd0766660998c9"", ""4"": ""028e91972ebdb8e989094f3f5b9ca84455a1642e7bbfa06b3d9c399480fcfb14"", ""5"": ""683b32de4e48da54eabc2814c42b93d7c6c29828e607a66f9d4d4dce2a54674c"", ""6"": ""059ed8856d20060e8af6a296548d2f116038355fb7a23a7494b6372479b157a8"", ""7"": ""6641c83bb80d553ddba7ef3f54feab9fd10e5708948c3caca8b326703fbc46eb"", ""8"": ""9cbe922892d1b1be1cce47caba661b6bfc9a0754db3edcd4764114661bf60d17"", ""9"": ""1f09a4f1c831be08afc935c39e7f13753eb8c9fc031feeaaf41c207bcda6957b""}",361a33077cfaa4803a61614fd7a2113a448948a090b71ee326edd8694ff07311,1,1,1,0,2.4609925436677793,0.0,"{""0"": 3.6472996377171e-23, ""1"": 3.6472996377171e-23, ""2"": 8.75582435437935e-14, ""3"": 9.589006754087919e-08, ""4"": 0.010134193122072385, ""5"": 0.1585697695264401, ""6"": 0.0007180573287330138, ""7"": 0.38243872164625564, ""8"": 0.38256598907964995, ""9"": 0.06557317340669386}","{""0"": 0.125, ""1"": 0.125, ""2"": 0.12500000000004377, ""3"": 0.12500004794503378, ""4"": 0.005067096561036192, ""5"": 0.07928488476322006, ""6"": 0.0003590286643665069, ""7"": 0.19121936082312782, ""8"": 0.19128299453982497, ""9"": 0.03278658670334693}","[0, 1, 2, 3]",[],1,0,1,1,0.0,34bc501cad3a439d6b88645652d65e014fba87f43add2ecc41612a8b824b6f2a,7e522cfe247c3b9f0a1a5a954ddebad08d6eea17daafdf6af60bd6410d288313,"[""proposal_created"", ""proposal_committed"", ""v1_challenge_sampled"", ""audit_rejected"", ""recovery_recomputed"", ""recovery_audited"", ""recovery_verified"", ""committed_once""]"
42,trust_v1v2,1,A1,1,0,0,0,0,1,V1,77.82,0.0,0.1,148468491055845268459148236005261078596,7f7aa7a2c347c063e40383a35bf0b2b02dd2e54cf4c07e33c6713c1e30e08872,1,"{""0"": ""e0a0209ff9bd7ef5054bd2aa4512a635dd4be059569cb5bfc7ef0a09c192f160"", ""1"": ""38b723599290810682825a4d9b323bd749d8542d4d56ebf6765fc6796686ec8b"", ""2"": ""3e0d266be0c4f474794029da0a2c38202a57d71037db3b77a68efc54316c2315"", ""3"": ""5f9355e3c93f0fb68b71fe6fdcc5f595d53b4909628b93532dcd7dacfe83f2fe"", ""4"": ""8ff24c9e53127fc3de23cfe8182f0c3df0df29b6e764b875c07df53b0c156928"", ""5"": ""902f8f59b302e87b516caaacdb78e74681a0f1080af942803eecb739624028bf"", ""6"": ""5a1206a9b347e305b265e5b19fa8f0786a541e2041ae129435bcce9ff452c4f3"", ""7"": ""94502d6f83762514f8a64d149e29742cf1a9cd8d8f70b2b45dafbcef7947111c"", ""8"": ""ebe74075ae0c4725d5d7ba474442a002852d14873d35e767884a191f41c7b8df"", ""9"": ""103a33d0176ad114b168f11817e3dfdf975e92bd8e78a674f4eacf99a97c8d93""}",cdd4d122f38d6545cfb641d5aa3ba200c0945a914c92b70179bc57325258105b,1,1,1,0,2.269066795645974,0.0,"{""0"": 0.75, ""1"": 0.75, ""2"": 0.75, ""3"": 0.75, ""4"": 0.33138211267352025, ""5"": 0.04757093085793204, ""6"": 0.0002154171986199042, ""7"": 0.11473161649387671, ""8"": 0.1580860872500979, ""9"": 0.3480138067589067}","{""0"": 0.18750000134845532, ""1"": 0.18750000134845532, ""2"": 0.18750000134845532, ""3"": 0.18750000134845532, ""4"": 0.08284552876418536, ""5"": 0.01189273280001271, ""6"": 5.385430004228333e-05, ""7"": 0.02868290432974979, ""8"": 0.039521522096753844, ""9"": 0.08700345231543477}","[0, 1, 2, 3]",[],1,0,1,1,0.0,7e522cfe247c3b9f0a1a5a954ddebad08d6eea17daafdf6af60bd6410d288313,60a364398967658b2172f570ae97d84fa1e4e562ab0985ecad371789083b0c1c,"[""proposal_created"", ""proposal_committed"", ""v1_challenge_sampled"", ""audit_rejected"", ""recovery_recomputed"", ""recovery_audited"", ""recovery_verified"", ""committed_once""]"
43,trust_v1v2,0,none,0,0,0,0,1,0,,82.53,0.0,0.1,102612492834468658480689968045183444094,29eca7012af057b38cc8d8de63f8600d5a24541c8d69e268f75d587341a1e8b9,1,"{""0"": ""4480a311684d2799169bf098c0876ed260cc9ea1f027d2979f645e485b06f3e3"", ""1"": ""8d6101ca7943930be7cbb2674487acda6a2ac1ab6f7f1fa9b2dd260ccd03ba74"", ""2"": ""72391629f18a2343ea1eeb522ba1a8cb3d9891adee0a66a427003d9437de2185"", ""3"": ""259aeda346ecad577e919e731099202472985720759968d6fbfaf1ab5cf6e2ca"", ""4"": ""7c6c3b2b693db576e8b10a42c7bbc08dbb1fd13a205eff3dc0c1024997f70932"", ""5"": ""862d6e4f0d5a02a92bae5e5f9a42c645676b17d63eaf596b6f1ef0fd8ab5de6d"", ""6"": ""e10666c3a744fc50f6df69a57b435b836a255c6b2ba2b58bd99c70531f602670"", ""7"": ""b66b70e678b895ae62aae677a4081a2d962124e31318d4a6ee5abef71768fc37"", ""8"": ""e81b469b89ab72167d68c35f3fa780e3067359c9e5cdd0e184551e31c19dd51c"", ""9"": ""47f7055ec6e68a76da3de315fa8bb525d53676451ba2003cf2083887c32f444b""}",,0,0,0,0,0.0,0.0,"{""0"": 3.2825696739453903e-24, ""1"": 3.2825696739453903e-24, ""2"": 7.880241918941416e-15, ""3"": 8.630106078679128e-09, ""4"": 0.09941463380205606, ""5"": 0.014788142443613112, ""6"": 0.0029832704662697434, ""7"": 0.3827017307017043, ""8"": 0.39570807192857066, ""9"": 0.104404142027672}","{""0"": 3.2825696739453903e-24, ""1"": 3.2825696739453903e-24, ""2"": 7.880241918941416e-15, ""3"": 8.630106078679128e-09, ""4"": 0.09941463380205606, ""5"": 0.014788142443613112, ""6"": 0.0029832704662697434, ""7"": 0.3827017307017043, ""8"": 0.39570807192857066, ""9"": 0.104404142027672}",[],[],1,0,0,0,0.0,60a364398967658b2172f570ae97d84fa1e4e562ab0985ecad371789083b0c1c,3179160ce68fa31405992423e0014c1d6bdfc843c977c935ab8e1c41c111a835,"[""proposal_created"", ""proposal_committed"", ""v1_challenge_sampled"", ""audit_accepted"", ""committed_once""]"
44,trust_v1v2,0,none,0,0,0,0,1,0,,79.44,0.0,0.1,88365777399580838317387278646592298157,adce5e8d449f809ce347618a6c0c4491fda5e3d9afbf9d8c3414964a0ae9c691,1,"{""0"": ""d28e7a56a6fdcfd394dcfc770cd7afd0de872fb3a242dea8b112e02ecf8aadf9"", ""1"": ""afb0fe87620875b6a80b4553f5a0bfb71a8b8c126a0645257f19b9315eb29241"", ""2"": ""728bfd5c1f9a20485e2c357fdc50bf10cc761a68bef073c548ff0a652fb7db1d"", ""3"": ""06063252f6330ee127917c6ffa49c7af9f5aa66ed08033a34b4993ae5757fb61"", ""4"": ""bb733b7031fdad9250667cc0d60e152b930974a8a481c0b4c3a62288be6a2da8"", ""5"": ""c4c76a761e254fbf26cad76511d7add892cee7f2cb5df69f0f0359f2718c12ef"", ""6"": ""5534dd0c38dfaf4f9766035dced5a732db22c5157605a8c07159223a1f2bc3b0"", ""7"": ""414152249fcf8fbcc4ece5a44285b8673c74bf35974e15abaf30b030ce816efd"", ""8"": ""23072278cd687a16525c0297a2c26d2d4f1735584ed80dde4c9f6ee69db28c03"", ""9"": ""d22af96e2794c43b870c84fe0215fc7c5af4544c405ab1e97dd4a5444a00e266""}",,0,0,0,0,0.0,0.0,"{""0"": 9.847709021836173e-25, ""1"": 9.847709021836173e-25, ""2"": 2.364072575682425e-15, ""3"": 2.589031823603739e-09, ""4"": 0.029824390140616823, ""5"": 0.2957570492261387, ""6"": 0.0008949811398809231, ""7"": 0.11481051921051132, ""8"": 0.410033028071626, ""9"": 0.14868002962219198}","{""0"": 9.847709021836173e-25, ""1"": 9.847709021836173e-25, ""2"": 2.364072575682425e-15, ""3"": 2.589031823603739e-09, ""4"": 0.029824390140616823, ""5"": 0.2957570492261387, ""6"": 0.0008949811398809231, ""7"": 0.11481051921051132, ""8"": 0.410033028071626, ""9"": 0.14868002962219198}",[],[],1,0,0,0,0.0,3179160ce68fa31405992423e0014c1d6bdfc843c977c935ab8e1c41c111a835,d093bff83b1654f44ce4e1832b67578f2417cebee2337523ec971f8bb2470ee7,"[""proposal_created"", ""proposal_committed"", ""v1_challenge_sampled"", ""audit_accepted"", ""committed_once""]"
45,trust_v1v2,1,A2,0,1,0,1,0,1,V1+V2,82.69,2.346447606592983,0.1,48091705050458252517058833200637593143,d507a3cd83688965f03efbfa7e2b2c4691e08c259fb4fb609eac70a0227b6740,1,"{""0"": ""1335bd83fa7d20b5a965ee31698e14cb934e9da5da928fd0d42ec8ffb3aed871"", ""1"": ""a366b689d833a3cac089905f3d357e6a1199aeb06da99bc6bb56291c48a4dd60"", ""2"": ""0bfa81f7193b08b6204360c1fb6a2989cd110c1124047036b41ef2f28199533d"", ""3"": ""1d9ce5026eb9393b523cce5d61b6af641a62f7c91a71287e7ff1745151b1b468"", ""4"": ""12051e817b23ef493ac06552a13ff23bd7284cf3b49b4f1d7ab6d9be5221cc36"", ""5"": ""eae3ca6b7f1dde9e227fb24cdcc98724574042dd3eedba50e414127a84177de3"", ""6"": ""e9f5ec0407765b5804ed3648b05615872a4ed51b8d8a5b821904ff73f6a05d7f"", ""7"": ""f91d8c9d6bae8218ed89a2a2cbedeec543534a7fe6e43701208a7a716d6989a1"", ""8"": ""29ea9dae2e264836b931696e02dd5eb40ec4e20c2dd06e33e7bdcf0e7015552e"", ""9"": ""1bff0f7ee788548f4846665e9f762fc798a45c58d1c73596326d6a8d19545c5d""}",ba593837e44400db371cf4ba3cf6b65456b9af5aec79bff7d662a8516ae44cf3,1,1,1,0,2.139921745523927,0.0,"{""0"": 2.954312706550853e-25, ""1"": 2.954312706550853e-25, ""2"": 7.092217727047277e-16, ""3"": 7.767095470811218e-10, ""4"": 0.14565137559567018, ""5"": 0.08872711476784165, ""6"": 0.000268494341964277, ""7"": 0.5692063805879067, ""8"": 0.12300990842148783, ""9"": 0.0731367255084191}","{""0"": 0.125, ""1"": 0.125, ""2"": 0.12500000000000036, ""3"": 0.12500000038835477, ""4"": 0.07282568779783509, ""5"": 0.044363557383920824, ""6"": 0.0001342471709821385, ""7"": 0.28460319029395337, ""8"": 0.061504954210743916, ""9"": 0.03656836275420955}","[0, 1, 2, 3]",[],1,0,1,1,0.0,d093bff83b1654f44ce4e1832b67578f2417cebee2337523ec971f8bb2470ee7,5d00bad3032fcf3c5bd56c2b3e6f4859f746c16b8c002daf7a01ce711222e55d,"[""proposal_created"", ""proposal_committed"", ""v1_challenge_sampled"", ""audit_rejected"", ""recovery_recomputed"", ""recovery_audited"", ""recovery_verified"", ""committed_once""]"
46,trust_v1v2,1,A2,0,1,0,1,0,1,V1+V2,81.41,1.4328440091349228,0.1,323097526004819110791296453609907301035,0abae7784ed515347653e3bfd2c83cf4764a93b076a71396935f71fbbc924d8f,1,"{""0"": ""46196c0838e9c0b52e5a8eafe403fbbab12d97d8e41be402c470b6d5b9bda9b0"", ""1"": ""f82684ad6172fc65147925eb0c8727400807f83b23a1b4b5b5e2b848d4becba6"", ""2"": ""fa5180eb2295fb33ef92ddc1c35d330351eb70266f64025d8cc6c692e73da7bb"", ""3"": ""56d353cd159d52a836501847e6d6ded6fbf0672d8a9627c71b7edf7ae4605039"", ""4"": ""c65fd6ed62c0ecf6ad5d8a635cd487c02d5f21a095305dbbfa59dac33f2bb0d0"", ""5"": ""30dafb838bd55f664408d26e2c5f7c8d68742a2de9a49af6d05b752a525273ab"", ""6"": ""24a176b59e34aef04d2a6ce65dfc5a9b48cbe001b27efa83afaad24ac3136b5c"", ""7"": ""60a9a26c1b347a5e7e5e814c1e3663b72f69602c56e795d8372e249a67c4075b"", ""8"": ""f17deeb11d7fc7602dd67a891031f5a7c4eeff185f1c96012a1091f63c098883"", ""9"": ""f2f2159a018a231b1f99e5f7084be0d747418d973de4d2eca36f26673f1f1615""}",44b901b0e42633b14a7517ccb016f2b18fe3ef428e174e98dc6afebd97a44c4c,1,1,1,0,2.5032668035661807,0.0,"{""0"": 8.86293811965256e-26, ""1"": 8.86293811965256e-26, ""2"": 2.1276653181141834e-16, ""3"": 2.3301286412433657e-10, ""4"": 0.23319961168668274, ""5"": 0.20815675332158964, ""6"": 8.054830258928311e-05, ""7"": 0.17076191417637204, ""8"": 0.1763559556192459, ""9"": 0.21144521666050742}","{""0"": 0.125, ""1"": 0.125, ""2"": 0.1250000000000001, ""3"": 0.12500000011650644, ""4"": 0.11659980584334137, ""5"": 0.10407837666079482, ""6"": 4.0274151294641557e-05, ""7"": 0.08538095708818602, ""8"": 0.08817797780962296, ""9"": 0.10572260833025371}","[0, 1, 2, 3]",[],1,0,1,1,0.0,5d00bad3032fcf3c5bd56c2b3e6f4859f746c16b8c002daf7a01ce711222e55d,5bcd4478717074c5f078c89d1027c32345c539fea91ff82f4cbaab88e91cdbaa,"[""proposal_created"", ""proposal_committed"", ""v1_challenge_sampled"", ""audit_rejected"", ""recovery_recomputed"", ""recovery_audited"", ""recovery_verified"", ""committed_once""]"
47,trust_v1v2,1,A1,1,0,0,0,0,1,V1,80.19,0.0,0.1,262514805284515545397904195140661545964,5d3af384907bb4391f82bbb36e37d2208571d26441e1c2e751b05ec4a372f0b5,1,"{""0"": ""ba1272d8ee5ea516ec2ce6be51f7a4440d5b06d8de2f22566ff54326a5fd370e"", ""1"": ""8126cb37414dd0bb75fce5ae19e52f3a50822646e73fb22fe4632adde8ebc230"", ""2"": ""911a86013ef514522be158ca934aa4dd340e0942bea59581e94de21708b43a6c"", ""3"": ""f72eabf191ebe117c50c4cd06d0e292401d98c2beb11d06c3c08fe730f6624ae"", ""4"": ""1d0176e276ab8f4ab7c63da8c46506aad163e1f05f8d82ec53ee18ab18adfdfd"", ""5"": ""3d34c80dd0667a646103a1b38eb4b3ba1dbb7ddf5d6557e235797685b8a2873d"", ""6"": ""9ef18c7657d17c74cbc630be177884eff9aed443bea6c6670e45cd742686151c"", ""7"": ""739da437ee1cfce735e052778730fa8e619d3d8242d98c609ae8061571b2e9b9"", ""8"": ""dfe995c34a1d5c47d205ee6a92538411cc45beea08a81644e9e701da696dfa3c"", ""9"": ""5c4f30a3bfa15e77468daef4de65d66f61fbf4dddb4af693ce4eb7924c2a34bb""}",13a67046e3cc9370b364dee0e36f58df4309e66aafeb18d6ee9920b80153d125,1,1,1,0,4.35144977927029,0.0,"{""0"": 0.75, ""1"": 0.75, ""2"": 0.75, ""3"": 0.75, ""4"": 0.06995988350600484, ""5"": 0.062447025996476904, ""6"": 2.416449077678494e-05, ""7"": 0.27868954773658366, ""8"": 0.5254458132021017, ""9"": 0.06343356499815224}","{""0"": 0.18750000000327677, ""1"": 0.18750000000327677, ""2"": 0.18750000000327677, ""3"": 0.18750000000327677, ""4"": 0.017489970876806864, ""5"": 0.015611756499392058, ""6"": 6.04112269430181e-06, ""7"": 0.06967238693536351, ""8"": 0.1313614533028211, ""9"": 0.015858391249815203}","[0, 1, 2, 3]",[],1,0,1,1,0.0,5bcd4478717074c5f078c89d1027c32345c539fea91ff82f4cbaab88e91cdbaa,f966312f06a9b77131ef690040db10b4fa861b524d3cf5b19fe6103745281c81,"[""proposal_created"", ""proposal_committed"", ""v1_challenge_sampled"", ""audit_rejected"", ""recovery_recomputed"", ""recovery_audited"", ""recovery_verified"", ""committed_once""]"
48,trust_v1v2,1,A1,1,0,1,0,0,1,V1+V2,76.69,0.0,0.1,144342627325588232304560785786291947847,534a9fba4d5862f9082832e9f07c55ff21eb96cf2604e4639580feabf3d80574,1,"{""0"": ""e5d4af75ab362b778047c823fc767528b289602ae293894a94ca780174b048f4"", ""1"": ""22137454858500eb0be9bb1a1928fb7593436ced9a58616ac676ff7cfbd78797"", ""2"": ""9d7b2d0194654343d1ce11ce9d1f73513d86f1f9f1a27f2c5f60738477f95a88"", ""3"": ""8c6c008b05f6983bb7c537ebc7c3f0b52f41d6d4d1721bb5eb68a0525f76deef"", ""4"": ""03b7992fecbe8dca162fa99040c0b67112c67d988665232d21a75b932eada476"", ""5"": ""a1973b63c3959a2fc2f45e896c78b0fa1672704e362af5f950d67927e2ac1eb1"", ""6"": ""c69e22bb19e0b967d515e0cf933617de4a47a61778f2b2de8115c9cfec4613a7"", ""7"": ""9ebe4233b6f000d1081e60e47846a0be134701cab39fb59a5d58c5618cab08f3"", ""8"": ""36dca4a4eaf007b08c06e4cb6e6f7a96210506d5bf0de600a5e21d2bd4076ffe"", ""9"": ""308d8a768c157dbd8b2310a8eabd712c1df02f253f4fe19478a2fdabfb1ded10""}",3a3b050c2095e027dc0e1a70a0e55d7a3ffaa925378a07b0f7a17720232d15f8,1,1,1,0,3.0453204920020176,0.0,"{""0"": 0.75, ""1"": 0.75, ""2"": 0.75, ""3"": 0.75, ""4"": 0.020987965051801453, ""5"": 0.19373410779894307, ""6"": 7.249347233035483e-06, ""7"": 0.2586068643209751, ""8"": 0.15763374396063054, ""9"": 0.19403006949944568}","{""0"": 0.19607843137362402, ""1"": 0.19607843137362402, ""2"": 0.19607843137362402, ""3"": 0.19607843137362402, ""4"": 0.005487049686775561, ""5"": 0.05064943994771378, ""6"": 1.8952541785817588e-06, ""7"": 0.06760963773134455, ""8"": 0.04121143632980256, ""9"": 0.050726815555688747}","[0, 1, 2, 3]",[],1,0,1,1,0.0,f966312f06a9b77131ef690040db10b4fa861b524d3cf5b19fe6103745281c81,092c2aa567cbb334f57b71d43686c2db93172b76f94631fa699bc107664c3d85,"[""proposal_created"", ""proposal_committed"", ""v1_challenge_sampled"", ""audit_rejected"", ""recovery_recomputed"", ""recovery_audited"", ""recovery_verified"", ""committed_once""]"
49,trust_v1v2,0,none,0,0,0,0,1,0,,81.28,0.0,0.1,107359374355280138596775394040536140509,691b6b6ff0dca6eec1f1f79b0f55fd7cb2e8a742df086b220fbaf4d160372c3b,1,"{""0"": ""f246ae8fbfd3d18e9c5a2187066ee286db64937c82676375e76d728d221f820f"", ""1"": ""18c4b7f7e924815b7d1e1e163649e0fc9194b1417f47d94b47cd27e68596f28a"", ""2"": ""c24e30b7027545c6e1f82253009b95a4597535925641f9506638e1a1a4f3c1ef"", ""3"": ""9577bb8420644fa6df73cf5aff23c8f26cdd2d7002289ae2d939c53b134e0e92"", ""4"": ""1c4cd34b6197e114c737f0106e33ed97e621f6451aaf86105a555dffb5e9288a"", ""5"": ""b97d3459b384e28d86854e17da7dfba8fdd2bb979226221be3c95946462fab25"", ""6"": ""24237b9fcd73c321a56c4d04643e0b7d1c48961c0b4443e8df84ad95a796708a"", ""7"": ""08dc10d2b64850f19ed06a39e47b6b69b16b1f45f6c9210a919d910f8fafd89d"", ""8"": ""ed2615147ae3c8432d9eff92b3f08fd62e573ba10a928c297a58a560b483845a"", ""9"": ""1bb5314ecbaed7ab1d200cff7d6e692fdeaf2777f5369fa7f6668cb317f3adcd""}",,0,0,0,0,0.0,0.0,"{""0"": 2.392993292306192e-27, ""1"": 2.392993292306192e-27, ""2"": 0.05250000000000001, ""3"": 6.29134733135709e-12, ""4"": 0.16304787789789063, ""5"": 0.35385984170799656, ""6"": 0.014364568483727741, ""7"": 0.07758205929629255, ""8"": 0.14541192214340934, ""9"": 0.1932337304643918}","{""0"": 2.392993292306192e-27, ""1"": 2.392993292306192e-27, ""2"": 0.05250000000000001, ""3"": 6.29134733135709e-12, ""4"": 0.16304787789789063, ""5"": 0.35385984170799656, ""6"": 0.014364568483727741, ""7"": 0.07758205929629255, ""8"": 0.14541192214340934, ""9"": 0.1932337304643918}",[],[],1,0,0,0,0.0,092c2aa567cbb334f57b71d43686c2db93172b76f94631fa699bc107664c3d85,b985519077df20260d28ed67d13f4a04b0351802478614817108ed85fc0e8a4e,"[""proposal_created"", ""proposal_committed"", ""v1_challenge_sampled"", ""audit_accepted"", ""committed_once""]"
50,trust_v1v2,0,none,0,0,0,0,1,0,,78.18,0.0,0.1,25164491084305713642413064027850822788,c1601a33d58a562d12aa5d437e509b20ff9a81983de4eccab096182788844632,1,"{""0"": ""1f3e01303922fb41101245b79acced524e1f41450af94c2ce0993df20a0561b6"", ""1"": ""bc77006544e40f466f966e3b6270c3f1af4c396d4a052845cfe537c13adccf9b"", ""2"": ""d47001a14a6a15933ab587dbeaeefa36a6179c8af221a33c2b8c6f66ffdb9f24"", ""3"": ""82790c1a69d7322263999e0e9ef480fff9ebec9ce9284ee0cab04afbfd0f26f0"", ""4"": ""aced2bc1fd89b30b9a30c38ca0594e75512fd5d4ccd6c4c14e47e74275c13f99"", ""5"": ""aee49aeddd6a754c9f25f53b1fba459150a990218041655e5a9b614d65c39bc9"", ""6"": ""4ff023e49a7e10fbbf394a5ebae14a50d41d7df2737b49a418e15cdc04f90d29"", ""7"": ""b5b2b4f32e1a1f439e889f0844016dee1b1312bd281e35c10c0320b809183474"", ""8"": ""135f7fddc16d5568ff08d8aaa8c2a4b24458814fbdb5a41d05943a25984050c4"", ""9"": ""55360470cbddb63bf6e401921c9a6c6d4c23c8bfc58b477af0247c13cf35ada0""}",,0,0,0,0,0.0,0.0,"{""0"": 7.178979876918575e-28, ""1"": 7.178979876918575e-28, ""2"": 0.015750000000000004, ""3"": 1.8874041994071266e-12, ""4"": 0.048914363369367185, ""5"": 0.10615795251239896, ""6"": 0.004309370545118322, ""7"": 0.16835051025422185, ""8"": 0.5985476841776887, ""9"": 0.05797011913931753}","{""0"": 7.178979876918575e-28, ""1"": 7.178979876918575e-28, ""2"": 0.015750000000000004, ""3"": 1.8874041994071266e-12, ""4"": 0.048914363369367185, ""5"": 0.10615795251239896, ""6"": 0.004309370545118322, ""7"": 0.16835051025422185, ""8"": 0.5985476841776887, ""9"": 0.05797011913931753}",[],[],1,0,0,0,0.0,b985519077df20260d28ed67d13f4a04b0351802478614817108ed85fc0e8a4e,bfd8e7c71c6f9d649c3c35030c2065d4727ede6f78416ebed2b953490be00edf,"[""proposal_created"", ""proposal_committed"", ""v1_challenge_sampled"", ""audit_accepted"", ""committed_once""]"
