round,group,attack_active,attack_type,v1_trust,v1_agg,v2_trust,v2_agg,consensus_passed,healed_applied,heal_source,accuracy,v1_projection_residual,v1_projection_tolerance,v1_challenge_seed,proposal_commitment,proposal_binding_valid,update_hashes,recovery_commitment,recovery_v1_endorsed,recovery_v2_endorsed,recovery_endorsed,skipped,proposal_relative_error,committed_relative_error,published_weights,used_weights,attack_targets,excluded_clients,audit_executed,honest_rejection,recovery_attempted,recovery_consistent,recovery_relative_error,parent_hash,state_hash,events
1,trust_v1,0,none,0,0,0,0,1,0,,30.7,0.0,0.1,198904015977581388026598669936351502002,7f6673357cc3921907640bede5051c65258bccf3975c3d110389d3f4d45f4b90,1,"{""0"": ""9d09c657bac04e140a204cddbfe3f8f858f938baf5c4b559469089c8fe848ceb"", ""1"": ""f9fddf76475fbdef02396fc6963e2cdea2a4c53bad3c1c3b4de5ef210ca9e9ed"", ""2"": ""6c45ded6556cb568f3fe373924682c9c68637cf68a08ae7cddf19f7bb1f9dd85"", ""3"": ""cdc1b9ce851fcaaac5d78dadb8d22e3031725c9792c24d10a0240489bacbde34"", ""4"": ""2ed28e432dce212e8c849a612d59ad1cbcb668e1d2b72baefdbc9e26ccdcaaec"", ""5"": ""de8cad319941873656d9a1c2c83e0a36e700e80d8cf83c19fe6eb7129bd00bf9"", ""6"": ""9b5060c8d424d746e9cc0dfed5cafdc080c6bfce8513f0bf14baccb6c7eb2f10"", ""7"": ""d4b349b0e0cf24819aca36bed141f7586f5e2086a4dcb54d543a6b6b98957162"", ""8"": ""fe5928571910924591dbbcdb1f8f1cf998ef290cf809de37b20cc73f6c3e3ddc"", ""9"": ""3474c1f30c6edd3d751b34ac5d2fdca1c5778bd88c3bbb63e9eac1c23e304412""}",,0,0,0,0,0.0,0.0,"{""0"": 0.05373079274862037, ""1"": 0.06625166240581928, ""2"": 0.09723635507828143, ""3"": 0.09333077203048484, ""4"": 0.15801666435096368, ""5"": 0.1221493970136788, ""6"": 0.15801666435096368, ""7"": 0.14103313120479347, ""8"": 0.030000000000000006, ""9"": 0.08023456081639446}","{""0"": 0.05373079274862037, ""1"": 0.06625166240581928, ""2"": 0.09723635507828143, ""3"": 0.09333077203048484, ""4"": 0.15801666435096368, ""5"": 0.1221493970136788, ""6"": 0.15801666435096368, ""7"": 0.14103313120479347, ""8"": 0.030000000000000006, ""9"": 0.08023456081639446}",[],[],1,0,0,0,0.0,b3220bfac175afe1cedb4598a5691b69b53fa9091468290c805398577190d670,2cc687c0918f6a49218b0685f799fe850fe93e237230b3d98e639e28d5b6111a,"[""proposal_created"", ""proposal_committed"", ""v1_challenge_sampled"", ""audit_accepted"", ""committed_once""]"
2,trust_v1,1,A2,0,1,0,0,0,1,V1,38.84,0.569016790067758,0.1,70457823507683302121632886987846623464,c60db7c0fa9e7f46a6b3d0f15d2070f4ac167a0a4a38f6997db33d3a69533cc7,1,"{""0"": ""5a0b506ba47b133dec4c4ac04b5135b4c8f87267dde331c9a9d25355bc605ef3"", ""1"": ""b17a205e06ec4eeaf33e93c7a4e2e76ec181d3cbff1a13e68546f061ef868d6e"", ""2"": ""29ea4a26a3462f0594899b1502a426428abac04ba4c682f9dc29c5b92b68f500"", ""3"": ""88fa5a18d18d2f599778e38ec541227bb43c956bb98cb0283195908b12ea339c"", ""4"": ""094dac9096fb93ca04905e4569e1b2626769185590d5b78a0f3ba91dc3b7e5f7"", ""5"": ""5e1f089da529507a2899b401c31ef188d06e936fc3952d5e4b2c9f9494a945dd"", ""6"": ""ecf1fe45579c3d3fb06e456e9446b2ccf2dd251cdb44351fc11da036fb21dbac"", ""7"": ""da5bf4c5f82151cdc070effd52521ddeb1b5d8a42d36a90018b201c9521cdb09"", ""8"": ""923d6fb81328dfcec7ad286fae021789247b289242660e7c9bd3bfddbfcd5b49"", ""9"": ""6fc9e85e3ca86ae71573061d7a5c64f8b207e971fa2f922e1433bbfbf0eac6fe""}",ec9799e4057db2c70cb46c9a226ef852d71cd15c301aab5ccaaa6aec0f493bac,1,0,1,0,0.739442850777199,0.0,"{""0"": 0.016194159430419033, ""1"": 0.01987549872174579, ""2"": 0.02917090652348444, ""3"": 0.02812235141634344, ""4"": 0.2008301493142076, ""5"": 0.19006996911302212, ""6"": 0.18496118960921923, ""7"": 0.19573508937035652, ""8"": 0.009000000000000005, ""9"": 0.126040686501202}","{""0"": 0.13309707971520954, ""1"": 0.1349377493608729, ""2"": 0.13958545326174224, ""3"": 0.13906117570817175, ""4"": 0.10041507465710381, ""5"": 0.09503498455651108, ""6"": 0.09248059480460963, ""7"": 0.09786754468517828, ""8"": 0.004500000000000003, ""9"": 0.06302034325060102}","[0, 1, 2, 3]",[],1,0,1,1,0.0,2cc687c0918f6a49218b0685f799fe850fe93e237230b3d98e639e28d5b6111a,15896938f753f9893cc53c829adb8d6caac74594572b077f3edf8caf3ec3f2df,"[""proposal_created"", ""proposal_committed"", ""v1_challenge_sampled"", ""audit_rejected"", ""recovery_recomputed"", ""recovery_audited"", ""recovery_verified"", ""committed_once""]"
3,trust_v1,0,none,0,0,0,0,1,0,,53.81,0.0,0.1,316974956465043149367906713382173254616,ed5b01ca45ca021e4ce563aa190a200e668d6f5a168068398c098727aad11b3d,1,"{""0"": ""6acec3fc38ded82528243ec1166c32dc0b0112cf51d5698b04ca3f489aaf4ac7"", ""1"": ""066526610f46e998108c995613896429ef53d87f82ba2155e1654f64398f500d"", ""2"": ""f9af22cab50ac4caa1a8666f3cb6383e520e9843aa1aac570a693cd833985d71"", ""3"": ""2751565629e8a3c5069c6de7ab69cdedd0655d3011f57daebfa244653808c3aa"", ""4"": ""fbd887da5c2acd447fa348023f5030f6c89a173ee1ec73442e6ad81e600a61f1"", ""5"": ""2dca71192935798ef210243f73d49459b1472e54a27b4d35276a0143532e05bf"", ""6"": ""803bc9cb0793a886c18d968c1e6d4121e5ee101f6a65465c51481ae17bf42755"", ""7"": ""337c16e3058b76fb02742d5892ea096ae1133c15db5fa1bedd0f3577ce4ef3a6"", ""8"": ""6b0aca6c1991b9af9c125a4a180cce8d4478ad1bcaf63625cd9f4b6a0b9f22c3"", ""9"": ""9b898ba45d59bf8f918cbea556ab035dbf110dde0082959be8b7ba13fb6b9c04""}",,0,0,0,0,0.0,0.0,"{""0"": 0.00485824782912571, ""1"": 0.005962649616523738, ""2"": 0.008751271957045333, ""3"": 0.008436705424903034, ""4"": 0.25338326459268146, ""5"": 0.13843831073914617, ""6"": 0.1651855329939534, ""7"": 0.2518547466095261, ""8"": 0.002700000000000002, ""9"": 0.1604292702370952}","{""0"": 0.00485824782912571, ""1"": 0.005962649616523738, ""2"": 0.008751271957045333, ""3"": 0.008436705424903034, ""4"": 0.25338326459268146, ""5"": 0.13843831073914617, ""6"": 0.1651855329939534, ""7"": 0.2518547466095261, ""8"": 0.002700000000000002, ""9"": 0.1604292702370952}",[],[],1,0,0,0,0.0,15896938f753f9893cc53c829adb8d6caac74594572b077f3edf8caf3ec3f2df,42bf5c039bbbcc47771b6610e3be6df86ed19b6cd85c8de504e45531e6a6aed6,"[""proposal_created"", ""proposal_committed"", ""v1_challenge_sampled"", ""audit_accepted"", ""committed_once""]"
4,trust_v1,0,none,0,0,0,0,1,0,,59.89,0.0,0.1,101653428086530186790391342524920580865,fbf64f08e8ac9f72f0c009e2f007efcdf997f3ad91b4d5da333609561a9734c1,1,"{""0"": ""4de4c8757ade7d836a71d0d9b1083ec24cd89e3b5dfe19f5cd55f7245f3e3a6b"", ""1"": ""63128c5a96c382a84eab351288bb759cd803bb091a816f85bae4b437399a727e"", ""2"": ""da44694ffbfb5a69f029e92dc8d1fa5f4fef175b219f68599d8a7a0adeae56fb"", ""3"": ""a130e2f8a0d6e6bab53caf07a48d40200fb1471c80f2ee9a464f075c5529e261"", ""4"": ""cf919992853e3d6cb94525f1df2620ce943ac3ee61304c262050ae4e83f953c7"", ""5"": ""1a94cef358f7590c92c70ce50570bfe92cee11aec5df1cd3f3bcd453e0455fbc"", ""6"": ""d5efb20b395568e729604090ab084f92fc8645dc45d7da48dddfec0b0642e269"", ""7"": ""80d02dc8867cae76301ef14f6e692c40c2f2d8c728cf19982a5ce00e0a85a715"", ""8"": ""9a0c104892c4e1108b53882302d4709b10c36d8c0f6902d56eed4f7f9a3062ff"", ""9"": ""dcb878c752ed52049f436d676630e99b9987a4f143e0acb0ac6d3984fd2cf4c9""}",,0,0,0,0,0.0,0.0,"{""0"": 0.0014574743487377132, ""1"": 0.0017887948849571217, ""2"": 0.0026253815871136003, ""3"": 0.0025310116274709104, ""4"": 0.24508681776915003, ""5"": 0.11691232111549846, ""6"": 0.21862749828953162, ""7"": 0.24462826237420343, ""8"": 0.0008100000000000007, ""9"": 0.16553243800333706}","{""0"": 0.0014574743487377132, ""1"": 0.0017887948849571217, ""2"": 0.0026253815871136003, ""3"": 0.0025310116274709104, ""4"": 0.24508681776915003, ""5"": 0.11691232111549846, ""6"": 0.21862749828953162, ""7"": 0.24462826237420343, ""8"": 0.0008100000000000007, ""9"": 0.16553243800333706}",[],[],1,0,0,0,0.0,42bf5c039bbbcc47771b6610e3be6df86ed19b6cd85c8de504e45531e6a6aed6,82cad2ee1fe684313d4056084b9ebc6e135c4842c4eb923533cd2a6d5877fb7a,"[""proposal_created"", ""proposal_committed"", ""v1_challenge_sampled"", ""audit_accepted"", ""committed_once""]"
5,trust_v1,1,A1,1,0,0,0,0,1,V1,58.51,0.0,0.1,22547652543823597686118841874636795222,70a5097c18f96bbca616ee3030dee52e391514dabbe3c61f96072b5cb358a06b,1,"{""0"": ""565beb1d4213c0270ea2a3ebf77b43785bbe89d3a39d951c70488cd66e466140"", ""1"": ""75c025443b7677daca753ca88b1d13f2df08e193cd3f6ff47b7101b3faa2e8a2"", ""2"": ""2d5d7fd102dc2915b6c6e1c14ed87682a5b5a2e0223c12c2aaad084530d906e5"", ""3"": ""797002ffcf7ff1555456a38ea7ef8c96c875214ebc42ec7b21277249fbd4181f"", ""4"": ""e3319212a967457bb2d178fabdd7234185a649e00e99ea6d3bb39b800f15aa78"", ""5"": ""996aa9fcc4ff6fae54236c71f99f5886eab5f7ed9637c57af40ae07d87758e30"", ""6"": ""0160363c8b5fc14a5f625a1f95bde2f4e2c02c4e7eb198488d718e2f77c27201"", ""7"": ""0048993c308fcf851e57a0bb98996107c1f1eebabd86f24ac508ca6f21731629"", ""8"": ""bcf1ddcf20480b9fc94605ac8e8a307daa36f68bf3f05e39cd532064b0295794"", ""9"": ""398257372532788a7e427b4f4b8cdc888992907af6491146465a71eabe4cfeb8""}",b6f8ea9ff92f58db47bcf8348312904ac46e5f334c3881c6acf8839edd439924,1,0,1,0,2.4898564549311435,0.0,"{""0"": 0.75, ""1"": 0.75, ""2"": 0.75, ""3"": 0.75, ""4"": 0.1806252622739503, ""5"": 0.0772016702432874, ""6"": 0.2825494574790286, ""7"": 0.2903496867044301, ""8"": 0.00024300000000000027, ""9"": 0.1665101245648199}","{""0"": 0.18761823695356963, ""1"": 0.18761823695356963, ""2"": 0.18761823695356963, ""3"": 0.18761823695356963, ""4"": 0.04518479100948622, ""5"": 0.019312588347888588, ""6"": 0.07068190808587058, ""7"": 0.0726331950926753, ""8"": 6.078830877295663e-05, ""9"": 0.0416537813410277}","[0, 1, 2, 3]",[],1,0,1,1,0.0,82cad2ee1fe684313d4056084b9ebc6e135c4842c4eb923533cd2a6d5877fb7a,9aae28f3fbaa6dcaee8b9bc8be1ae70463bbfa90c0655f2b4f0e0df57b0e2025,"[""proposal_created"", ""proposal_committed"", ""v1_challenge_sampled"", ""audit_rejected"", ""recovery_recomputed"", ""recovery_audited"", ""recovery_verified"", ""committed_once""]"
6,trust_v1,1,A2,0,1,0,0,0,1,V1,60.53,1.845627866046217,0.1,52411225645527522081426368257182073644,1a7511ee046525834c21ad1c87ed570c3f6b02a8eedd653c30409d2fcc5bab10,1,"{""0"": ""45f8377072a58d5ccaaef5dfe13cb890b11573da6292508b4b1782ca0f010363"", ""1"": ""089689ee9b7157c60a6360270e135f558e879711c076886c498098f5b584260b"", ""2"": ""2c90faa3b40bf4a4ec0071b6d6f6a9f41af8cd17fe907710d0d21fa391ec27b9"", ""3"": ""3bf28cea1466624a586be08916ef25d01961b07905fd1ee405b0c6443590e3ad"", ""4"": ""8016ecce5b64940d91c3c63d797ea7e7b40af9b6ec147400a7a614a0ac1d0a5e"", ""5"": ""a265809fd5eda86191338cac96056eef207f10adacf9255fe016a0813935ba01"", ""6"": ""564b1a6974918386d12cfaaaa98509a6b717d73eddcbe0255bd35777bbefa9c6"", ""7"": ""ec82482880300f4cd2ec0955ed10a32488bab4a3e08b50455e31a33757617a67"", ""8"": ""6edeb6c927ee473b3aef4e9999560d2b7ce0b42f5134d933ff2fb84a11e2035b"", ""9"": ""c6e2131b651437e637154d567eed3de417028bea53641c3f220b901f97659095""}",b820309716a361741a2e6bcbb72d9846dbd03931db0132ecb24811c822103959,1,0,1,0,1.9352897334502164,0.0,"{""0"": 0.00013117269138639425, ""1"": 0.000160991539646141, ""2"": 0.00023628434284022414, ""3"": 0.00022779104647238204, ""4"": 0.24638532075424047, ""5"": 0.10863182534219082, ""6"": 0.16790374290942625, ""7"": 0.2667985664119544, ""8"": 0.0006322812452623705, ""9"": 0.20889202371658064}","{""0"": 0.12506558634569323, ""1"": 0.1250804957698231, ""2"": 0.12511814217142014, ""3"": 0.1251138955232362, ""4"": 0.12319266037712025, ""5"": 0.054315912671095416, ""6"": 0.08395187145471314, ""7"": 0.13339928320597721, ""8"": 0.0003161406226311853, ""9"": 0.10444601185829033}","[0, 1, 2, 3]",[],1,0,1,1,0.0,9aae28f3fbaa6dcaee8b9bc8be1ae70463bbfa90c0655f2b4f0e0df57b0e2025,3fd07048f43e1f9c863021528b5f5a68092fb332059fe25fddeb8bbae0a8e97a,"[""proposal_created"", ""proposal_committed"", ""v1_challenge_sampled"", ""audit_rejected"", ""recovery_recomputed"", ""recovery_audited"", ""recovery_verified"", ""committed_once""]"
7,trust_v1,0,none,0,0,0,0,1,0,,68.38,0.0,0.1,297662508914316429092437336814215590933,d0857b5291843f09b06d8f642aaf5509e377a949e165b9196166aa68eb7e0063,1,"{""0"": ""5dde39e8e030a32d1c692a0da1eb0d37384d848a4fbc793e3f96fca7126a25a8"", ""1"": ""e1bbbf7dd06d91b88afb72e2b1bdce49d6618a039f5c1cf814b34d78038a5508"", ""2"": ""d2e6be69d84560a07b753af070594e3a1b7102bf8fdb18f3d026c9f9bfb95129"", ""3"": ""c4410c98ce3d98b674fb5b48161d7ea7359672794f083186fa165cbe294c9fe7"", ""4"": ""f009293b0d46b75366574a3c4cae6767f24c5bcc31adfe457b2433bde543d13b"", ""5"": ""248a2bc9fd244680301a804bee76b41a3cc0fcf689b2470fb0edea9e26e2b1c1"", ""6"": ""6e5a24307e53d4af6ebc40012301528bf2b9775e92d0e0f473e67b17160b213f"", ""7"": ""4f73c5d8124b23126dde47143c8c0ade6941eb5961c5fbb373e72864ebc2d2db"", ""8"": ""aa89516c499f307f5559efc1814a14d636ba89a3de354c7438d50ca3da4d4aa6"", ""9"": ""7560284a2faf81821b03fee22c08e2e5b8c1814b7ceddd16cd651805615b5b34""}",,0,0,0,0,0.0,0.0,"{""0"": 3.935180741591828e-05, ""1"": 4.829746189384231e-05, ""2"": 7.088530285206725e-05, ""3"": 6.833731394171462e-05, ""4"": 0.18563612894480647, ""5"": 0.20309253411022157, ""6"": 0.2208741093803922, ""7"": 0.156810077682359, ""8"": 0.00018968437357871117, ""9"": 0.2331705936225385}","{""0"": 3.935180741591828e-05, ""1"": 4.829746189384231e-05, ""2"": 7.088530285206725e-05, ""3"": 6.833731394171462e-05, ""4"": 0.18563612894480647, ""5"": 0.20309253411022157, ""6"": 0.2208741093803922, ""7"": 0.156810077682359, ""8"": 0.00018968437357871117, ""9"": 0.2331705936225385}",[],[],1,0,0,0,0.0,3fd07048f43e1f9c863021528b5f5a68092fb332059fe25fddeb8bbae0a8e97a,0a5dc29e6ebaaf8fe00f009c45913c7e694c7083c02a52c517ce591b9920bc60,"[""proposal_created"", ""proposal_committed"", ""v1_challenge_sampled"", ""audit_accepted"", ""committed_once""]"
8,trust_v1,1,A1,1,0,0,0,0,1,V1,64.28,0.0,0.1,216258129732161225325910769761401976612,01130af98045f50122b0f1f19f6d76f201fc47d6d550ddf516b84e19c5f4886a,1,"{""0"": ""55ded400b5ab248e0da5eba7b569d8fa4f611ca74c5d2835b1b3ec013a76f623"", ""1"": ""dd2b0044234e3800ffc7cec9b3b33a98cd8cd5a72c463fcce8e52c32cd320d80"", ""2"": ""c591da9ccd78bf90a304ad0644f4d1a6128d3e2e148e4c1f63e7c55ac0822133"", ""3"": ""32d84f329ce4362cb2668bbfa839c0583001a5e182a711ff61a0a1c4274a5917"", ""4"": ""690d42455f7ca140508a01d2cb64bc8a118e04f7fbddc43dd2f1ebd0df3c05b5"", ""5"": ""4f1d4f97b36e6be09cb4fb754d6b43e2e0ef469d974211f5f41a37b2a3db9643"", ""6"": ""9767e8b43fd5451ccda10d472eb49d21ee0c376b9a113f0944c58b2f87fc932b"", ""7"": ""32607b5578c05a1028772851a38b1c88296289796c15328a752be83ee98d8225"", ""8"": ""401611a1d73d48987da69a7182fdfb4316f4c81acae9c8261b4beecf623fa455"", ""9"": ""799dc778c1b193d3d7f7af337b57619dedafc22f457d2e11b7f0cb83649d8735""}",773fdb56d44544ccef2fb50af726974a73767e45792036627eb1b459675eed05,1,0,1,0,3.698191369194013,0.0,"{""0"": 0.75, ""1"": 0.75, ""2"": 0.75, ""3"": 0.75, ""4"": 0.11314848796480208, ""5"": 0.22156334791272642, ""6"": 0.2268978204937776, ""7"": 0.20767861098436763, ""8"": 5.690531207361336e-05, ""9"": 0.2305867657664215}","{""0"": 0.18750319044018493, ""1"": 0.18750319044018493, ""2"": 0.18750319044018493, ""3"": 0.18750319044018493, ""4"": 0.02828760331584434, ""5"": 0.055391779490993186, ""6"": 0.056725420328676904, ""7"": 0.05192053619433996, ""8"": 1.4226570089062507e-05, ""9"": 0.05764767233931686}","[0, 1, 2, 3]",[],1,0,1,1,0.0,0a5dc29e6ebaaf8fe00f009c45913c7e694c7083c02a52c517ce591b9920bc60,aac1ce200e84c84e1587a512ae0d83c2afb2e0656c5fb9111c6f6856fe1619f4,"[""proposal_created"", ""proposal_committed"", ""v1_challenge_sampled"", ""audit_rejected"", ""recovery_recomputed"", ""recovery_audited"", ""recovery_verified"", ""committed_once""]"
9,trust_v1,1,A1,1,0,0,0,0,1,V1,67.7,0.0,0.1,216267644245989950589625868895506741354,f7dab21e68a6bc0577bf85715b69209ef98a11af262b5d7032fb12a2298b1fd8,1,"{""0"": ""f7a587ecadd3f055e3314119295bfc3900c618cca03cfd8c54e803ad37883163"", ""1"": ""ffe46f829c3fe5643d452d4d91214794eef9e41ae28c2e7ac025ef5b877cd819"", ""2"": ""57e96428d7da7da2dbf9243cf6495ad3ef10ab232611c2ec0782fcd429a054ab"", ""3"": ""be455a950203002fcea65ef01bd44f08c89423cdefc1fd8f5ad1842ed27c8ca4"", ""4"": ""9b4843df78ff33ddb28d0ffe87a85b7b04bf3a717e52fcc98aa1eeb04fd17c36"", ""5"": ""385a2fbf75afb1a11a7a0b196d190cfe52405489f215c9bdda6e4b783469ea46"", ""6"": ""8c628f54f96d452337f64a3c3344acdfa150b9e6b872e3cf8d7a8b5f77708494"", ""7"": ""9cd9b31611d99061fba21f9fdaa45def0fa6eb4862b29cab440b8701d75e742b"", ""8"": ""b0eb83d4f82f564c645fe5755c830daca6abf19bdeaebf1503b71de7d1e557b3"", ""9"": ""48ae25288d7ee53c443716466592670a2d329d82fab9e1b51db00391089be89c""}",affd681179629faba040ee3b39b1c061d754c906eb33d6aee4064a8d8227de06,1,0,1,0,3.823332719558515,0.0,"{""0"": 0.75, ""1"": 0.75, ""2"": 0.75, ""3"": 0.75, ""4"": 0.24580588946909923, ""5"": 0.2783303474534765, ""6"": 0.2532196595596726, ""7"": 0.12326944387516409, ""8"": 0.0008625488248706385, ""9"": 0.09849169234796759}","{""0"": 0.18750095712065523, ""1"": 0.18750095712065523, ""2"": 0.18750095712065523, ""3"": 0.18750095712065523, ""4"": 0.06145178605513346, ""5"": 0.06958294205766849, ""6"": 0.06330523803894013, ""7"": 0.03081751828043221, ""8"": 0.00021563830696872153, ""9"": 0.02462304877823605}","[0, 1, 2, 3]",[],1,0,1,1,0.0,aac1ce200e84c84e1587a512ae0d83c2afb2e0656c5fb9111c6f6856fe1619f4,6db8a1e5c88d54c26605f25e2806db1462943a644e78bf7e7208fbd456239a8d,"[""proposal_created"", ""proposal_committed"", ""v1_challenge_sampled"", ""audit_rejected"", ""recovery_recomputed"", ""recovery_audited"", ""recovery_verified"", ""committed_once""]"
10,trust_v1,1,A2,0,0,0,0,1,0,,61.04,0.0404636072299441,0.1,172356645499939521531345606142260909772,123b346f70c0796a03fa55b4bfe213fd6351b3bc28b936fe0c539876f34b76e3,1,"{""0"": ""39601443edb9625bacd725a8ce72aa99ec6aff3f3d7f2284de5e102569e303d5"", ""1"": ""3a7479172fe659958314b2dd2f4d8a0266e2002b0b5751c6d71c228cca9e0222"", ""2"": ""09acdf0d407e053185ec06d67e0720c3b643420d7bfa511e2089b8663058f2dd"", ""3"": ""9d3ed2e90d2701311d0dd58dc3e1a106882cc47744e3974e345e75ceed78b9f6"", ""4"": ""e69720a6b106fd89088d419f0f5afd49190e871faebc6799a447b0a16595ee36"", ""5"": ""d0e0db008c18da18dc4b3ce2d75b253be021c70b01b90a6f0bb1ced2ebd9aa70"", ""6"": ""7aa5ce5c4a42333fa816c78b36bd8adc72d0c56d60a4e611604e38cef19a128e"", ""7"": ""e52e5f1a4a647ea00682be3fe23139fe9725f9176a9757504f3f9dfbe0409240"", ""8"": ""2372443b562ad44c1dc7983a55ca2b3e19d2613814bf9f9f4589c4a3f0971366"", ""9"": ""f9c6c3edc9c18be6efdc10ff9a87ccc0319194952b2e87b8095ceb9ec6400981""}",,0,0,0,0,2.7880324065576345,2.7880324065576345,"{""0"": 1.0624988002297938e-06, ""1"": 1.3040314711337427e-06, ""2"": 1.913903177005816e-06, ""3"": 1.8451074764262949e-06, ""4"": 0.2613755265264028, ""5"": 0.2711328639217159, ""6"": 0.2635996575535748, ""7"": 0.12862775076916413, ""8"": 0.0002587646474611915, ""9"": 0.07499931104075627}","{""0"": 0.1250005312494001, ""1"": 0.12500065201573557, ""2"": 0.1250009569515885, ""3"": 0.1250009225537382, ""4"": 0.1306877632632014, ""5"": 0.13556643196085796, ""6"": 0.1317998287767874, ""7"": 0.06431387538458207, ""8"": 0.00012938232373059576, ""9"": 0.037499655520378136}","[0, 1, 2, 3]",[],1,0,0,0,0.0,6db8a1e5c88d54c26605f25e2806db1462943a644e78bf7e7208fbd456239a8d,0e9853e3fddad0c6cf1ab0e48733fd19f359e97a2ebacf0bb9026da9900a4832,"[""proposal_created"", ""proposal_committed"", ""v1_challenge_sampled"", ""audit_accepted"", ""committed_once""]"
11,trust_v1,1,A2,0,1,0,0,0,1,V1,67.01,172.51149749504842,0.1,181274061219335274358111584069538463386,082e9c8fa3691fe9718a08b026006f737325e8ec59968cef83aabc3e8223d9ee,1,"{""0"": ""d32961df76ef610ca9ab1e7ad035293841f118b86b212a5cd0bec67352f83242"", ""1"": ""40dc0dae485b263364d5c1c77b6d2b570a2695c0328e618c298f608236d1c987"", ""2"": ""68ac3519b9498c5df9bb30fee8e0e3b4540fc26254328d364d17c7184b2bbfe6"", ""3"": ""d39a0b6c86897b24f03304eb1c36fa40e3328966a720e217a76680c9fefefaf9"", ""4"": ""ac96c020de270b51ab77169e566fb8df935d6b2aafd628be60ea2bd348cd876f"", ""5"": ""5f16722d315dce6fb31c854b4117abd42455bfcf54e8448ff1e23639e0c8bb79"", ""6"": ""7f7be69a4962e195f2c5921d1aee4fc99ee048bc2a9c52cb9db046ad2cad41b7"", ""7"": ""7c41151f0c3b0d0ed0c57769d23d0a61f5064f3faf68b61056e93960e6c0c75a"", ""8"": ""0e2e692af9538b748192396fca9922cdb7be93dce4d74cd3bee2ff86430d7469"", ""9"": ""f7e0039e19f03e2ce93b55e554ac104f7602aff6b90b759adc4ca1e88422eb73""}",5157e2450fb11e8cb4c461e7c28dc9d5865afdf337b7515b0b009ff7157de581,1,0,1,0,1.329680794328666,0.0,"{""0"": 3.187496400689382e-07, ""1"": 3.9120944134012285e-07, ""2"": 5.741709531017449e-07, ""3"": 5.535322429278885e-07, ""4"": 0.2519741319175537, ""5"": 0.20606731044554183, ""6"": 0.1313346386751437, ""7"": 0.21214979919038207, ""8"": 0.002411014837241571, ""9"": 0.19606126727185968}","{""0"": 0.12500015937482004, ""1"": 0.12500019560472067, ""2"": 0.12500028708547656, ""3"": 0.12500027676612147, ""4"": 0.12598706595877684, ""5"": 0.10303365522277091, ""6"": 0.06566731933757185, ""7"": 0.10607489959519104, ""8"": 0.0012055074186207856, ""9"": 0.09803063363592984}","[0, 1, 2, 3]",[],1,0,1,1,0.0,0e9853e3fddad0c6cf1ab0e48733fd19f359e97a2ebacf0bb9026da9900a4832,600deadc6b9719729500bb3fa7ee57f8fdc33477a2ad7df3bc987f2bfbcc67ee,"[""proposal_created"", ""proposal_committed"", ""v1_challenge_sampled"", ""audit_rejected"", ""recovery_recomputed"", ""recovery_audited"", ""recovery_verified"", ""committed_once""]"
12,trust_v1,1,A2,0,1,0,0,0,1,V1,62.8,16.09023102899357,0.1,249707100142658504818510290097726411636,71a91ccf51e2cc80085b21beb0ba5e0f1cedfae53f99488a6dd335613b6110d0,1,"{""0"": ""8ca3d9c060e62227045129b3650dcf2378a9fc0a2d9424a9d6e4eacb46439041"", ""1"": ""0e4864c8f05dac6172bc53ace62db1c3d2b4bf9ec0b6aaddc33518be76ecf93d"", ""2"": ""9844e43282c74e8f3eb1d8f2876b799d07be2c93d3ec92fa0e24657b5e573ec1"", ""3"": ""cb2eaebd4db93d7620335b484b002635a92404370f245546d83f007e75a6d2a7"", ""4"": ""f2a547d59dfc32038c57a3d4886973b8c20508dca5eb83660f009847d43e76db"", ""5"": ""07609301dc6092948bf6fd0d2ad52f38a56820eaadad786baf99d935480f7d68"", ""6"": ""688c0ed224efdb4562f7da12ad5440a7b806ab078e7fee84af0380ee47f289aa"", ""7"": ""fc2883c030f56714521d76d88008d678801adf525808fdaad9d46c6a6bf10206"", ""8"": ""79200b0e0d3604445d64398f268822a9ebcb6b43ff4a601cd831aa3b4045ec2f"", ""9"": ""bb189f894c7855879987334918eb555ac6641d0b39573f6305b4fae55ccd343b""}",9982c5e95cd9e4471e1c7bf6e4deb7557d5708282aeeed013225a3028103a3b7,1,0,1,0,2.3357515723448685,0.0,"{""0"": 9.562489202068148e-08, ""1"": 1.1736283240203687e-07, ""2"": 1.722512859305235e-07, ""3"": 1.660596728783666e-07, ""4"": 0.24384532371795614, ""5"": 0.20876558970931458, ""6"": 0.048380506849410906, ""7"": 0.410153767609282, ""8"": 0.0007233044511724715, ""9"": 0.08813095636418071}","{""0"": 0.125000047812446, ""1"": 0.1250000586814162, ""2"": 0.12500008612564298, ""3"": 0.12500008302983645, ""4"": 0.12192266185897807, ""5"": 0.10438279485465729, ""6"": 0.024190253424705453, ""7"": 0.205076883804641, ""8"": 0.00036165222558623574, ""9"": 0.044065478182090355}","[0, 1, 2, 3]",[],1,0,1,1,0.0,600deadc6b9719729500bb3fa7ee57f8fdc33477a2ad7df3bc987f2bfbcc67ee,c2739d18bcc75f3ec2664ee540a18b82c73031972d82854ce0ce4e9b0ba84fa8,"[""proposal_created"", ""proposal_committed"", ""v1_challenge_sampled"", ""audit_rejected"", ""recovery_recomputed"", ""recovery_audited"", ""recovery_verified"", ""committed_once""]"
13,trust_v1,0,none,0,0,0,0,1,0,,61.43,0.0,0.1,291389834753659353163252944759300592834,aa4dfdaa16fd5afd2ab9592ff12619de98df06e6a0f2aa6ac599adf1530824ff,1,"{""0"": ""d1def7b062c3c84393fd40fa915c0dcb7aace868d52731595f62ea479a9b5d01"", ""1"": ""b3556094605aa6952e6703426459932a3b0183da290693ed9798ecedfd905fe7"", ""2"": ""1f8221e5077511112088cdf6288a551859a7d1b85f6d8051c7d05cb4f6718a84"", ""3"": ""acc349dd79697666cf3bc300d9ebcb412fca47c6e4b8a3d7a00b782eb3634e04"", ""4"": ""a1a1f129ed6cd7bc7211ce1a283b8050ada24402c547d00dcec18ed3efebe449"", ""5"": ""172b4d6c72619f793b404102c08169fd5b8bf9a5eaa40e35193948170493dcfb"", ""6"": ""80506f17a69cc5a90c2fb101944e589b7d2b09afe7c7ded1c534d50ab98fdbf6"", ""7"": ""9e38dfa0e3b274646804fcc05e64290a9e1bd77eba2053584050c36983ad778c"", ""8"": ""bd001883d7ef32a22b00da9805fb478a09364699fc6bebe2647130516717cfc5"", ""9"": ""fe0f30f1fa5141cb0bc63b66f6729eaba8ab7386bc388f33c2da67cffdc685df""}",,0,0,0,0,0.0,0.0,"{""0"": 2.8687467606204454e-08, ""1"": 3.520884972061107e-08, ""2"": 5.167538577915707e-08, ""3"": 4.981790186351e-08, ""4"": 0.2606386441200745, ""5"": 0.250114723917482, ""6"": 0.08786399401678517, ""7"": 0.31053117728747226, ""8"": 0.00021699133535174153, ""9"": 0.09063430393322952}","{""0"": 2.8687467606204454e-08, ""1"": 3.520884972061107e-08, ""2"": 5.167538577915707e-08, ""3"": 4.981790186351e-08, ""4"": 0.2606386441200745, ""5"": 0.250114723917482, ""6"": 0.08786399401678517, ""7"": 0.31053117728747226, ""8"": 0.00021699133535174153, ""9"": 0.09063430393322952}",[],[],1,0,0,0,0.0,c2739d18bcc75f3ec2664ee540a18b82c73031972d82854ce0ce4e9b0ba84fa8,fe6a46d31b406ec2b04ca843f2137aceae3824d0a15bde0dc179e3a2ff3bd930,"[""proposal_created"", ""proposal_committed"", ""v1_challenge_sampled"", ""audit_accepted"", ""committed_once""]"
14,trust_v1,1,A2,0,1,0,0,0,1,V1,66.04,12.119867652394147,0.1,274292549624909790444914086269719846387,e006560de8c0fa6640cc98e21c99d89808e918a9349d594dc9c08b3dc234892d,1,"{""0"": ""ba815b548f3eaf80efc80a9337eb075588d917d741cff14b815d301450056514"", ""1"": ""2f15a2ef6bce04d8c026f70e71aaee587c41a11b165aa92e3c596ba2fb381cd6"", ""2"": ""6c64e1af052945755f7e461ab985c6133a151e663f12c6503e72f98c5db98fe1"", ""3"": ""df471755ef1e771fa94147fefa0b05efa59e0d56428589ac87633768363e913d"", ""4"": ""4eb7a54de79dcbbb5f5c4828a52c93ab0a5b1a88514eceb2c456428cef2716e2"", ""5"": ""528f72328502a2ee69bacde531b2762ee2a470310f4e70505e11ec42f2eb28d0"", ""6"": ""71cc72ccab7db7fa97163740e15a3e43392282890b8a2b06faa7eab1518f0eb8"", ""7"": ""2f9ea97c06721bd16f4beee2d3061de15b64a4b4bfbcbdde504974389f69b964"", ""8"": ""39ea54a83e6da42d9eab1510b82880ad67e6d1b20ebb0cc2bfc183a4b3df5b2f"", ""9"": ""aa24d1b9fc52c0947083f952dc7680ca155635d54e1bcf202dcae0c9e894bbf5""}",894a3c26ed8e8150484734937c897515529f0a5b66bc8a729e70faa1d42c324d,1,0,1,0,2.5167325322858995,0.0,"{""0"": 8.606240281861335e-09, ""1"": 1.0562654916183321e-08, ""2"": 1.550261573374712e-08, ""3"": 1.4945370559053e-08, ""4"": 0.31755349097598173, ""5"": 0.314396314915204, ""6"": 0.18104110359801745, ""7"": 0.15062784078345223, ""8"": 6.509740060552246e-05, ""9"": 0.03631610270985746}","{""0"": 0.12500000430312014, ""1"": 0.12500000528132746, ""2"": 0.12500000775130787, ""3"": 0.12500000747268528, ""4"": 0.15877674548799087, ""5"": 0.157198157457602, ""6"": 0.09052055179900872, ""7"": 0.07531392039172612, ""8"": 3.254870030276123e-05, ""9"": 0.01815805135492873}","[0, 1, 2, 3]",[],1,0,1,1,0.0,fe6a46d31b406ec2b04ca843f2137aceae3824d0a15bde0dc179e3a2ff3bd930,d15d6552c39c4b0a7f630bc84cb3a3aac0e87412f5285c2663537530e49943f6,"[""proposal_created"", ""proposal_committed"", ""v1_challenge_sampled"", ""audit_rejected"", ""recovery_recomputed"", ""recovery_audited"", ""recovery_verified"", ""committed_once""]"
15,trust_v1,1,A1,1,0,0,0,0,1,V1,68.83,0.0,0.1,42638976902989687648133185275751897072,57f78c1c01e9fc6201f88200198b65c45a7da4b418281db43e0c01089003db60,1,"{""0"": ""170387e6c68b54bd6a53b5ae0e5640b2131c6ee1d25fd75f07bdee1baaee7def"", ""1"": ""4257314dcdee7eef6e62665cba1f06506989bf6a1822e6f308503545987e9e6d"", ""2"": ""b21250c2e5fec788ea3baeebfd46b992a6b2efa40f194a41d5625db8a9d86058"", ""3"": ""1f1f7add97f3573f22e8236db57ed70ce0d23e855f617ea7259c3d0d6882019e"", ""4"": ""7fa444ffb0c95f48a582d25281562bc609add6d87b98bad96d3d9967e3786ea7"", ""5"": ""a82a36426458b2add16a2de513d5e73e3b1da4cf9508475099787e729f7187ae"", ""6"": ""a1cb5d5e64523c32a18f020b3c1413663cff260939b1c0909a56b11932435f80"", ""7"": ""bb7609b19a787df4b9ff35be494c0a1a4ed884f6532b13316e2f5e23f99cb8d4"", ""8"": ""c0c148f7469ff8fe2ece0cd9da768aeb0a21eba6103dfdedfc701b9e3922c030"", ""9"": ""de669878655b2e6d81f3becde431491bc9f31fa4f8ef72a60f95aba00d93446b""}",b11ed10e8b62377d021b150e6f730fec4dd753136f7bd77656c72d0bab702cb7,1,0,1,0,4.084781607449621,0.0,"{""0"": 0.75, ""1"": 0.75, ""2"": 0.75, ""3"": 0.75, ""4"": 0.3270122502169684, ""5"": 0.32606509739873507, ""6"": 0.16341209308126067, ""7"": 0.05769087894520034, ""8"": 1.9529220181656743e-05, ""9"": 0.12580013625258962}","{""0"": 0.18750000069773742, ""1"": 0.18750000069773742, ""2"": 0.18750000069773742, ""3"": 0.18750000069773742, ""4"": 0.08175306285846701, ""5"": 0.08151627465302752, ""6"": 0.040853023422340144, ""7"": 0.014422719789970865, ""8"": 4.882305063582543e-06, ""9"": 0.03145003418018136}","[0, 1, 2, 3]",[],1,0,1,1,0.0,d15d6552c39c4b0a7f630bc84cb3a3aac0e87412f5285c2663537530e49943f6,53e328d7dd105941c40ee75177f46e94d226827c21d50b24001ec11fcb5c0b55,"[""proposal_created"", ""proposal_committed"", ""v1_challenge_sampled"", ""audit_rejected"", ""recovery_recomputed"", ""recovery_audited"", ""recovery_verified"", ""committed_once""]"
16,trust_v1,0,none,0,0,0,0,1,0,,68.09,0.0,0.1,123495800629480135105887794142432363821,b3ffe5324879409cee22c478f48f84eb4ddb800cc1da45ffc9935ea1c20d3e1d,1,"{""0"": ""128de041af19baadab2966778f4b200d7975b936e6157c841bb508e4a496e045"", ""1"": ""1494ab9c1e5fc16bf210c86e1a69ea8a56b0b3aa16c64fd440921ac53a0f0933"", ""2"": ""0c9ab61f306ad436d5885adb80f6202f5029bc72711930b782d8934722a91fdf"", ""3"": ""0cfc199b2dfaea7b4d02bd56688a3f2577a55bd62eeaf56930b41a65663a0fb1"", ""4"": ""0608550c87e93eb098aad4a48e036e73a498f7e13b3d24d5127f8d7f29246905"", ""5"": ""c2914f1d0c9d1390d8bab6c3b226f2be4c4611896eea937fa3d26a30793b09d1"", ""6"": ""b905ac0c0f2c3456dc6aafc57ff83d30f3a975591e479d7ef751f2f6cdcf3c84"", ""7"": ""446f44aed6dad27beb7c43b66c89b2fae784957c1ddaf4bc948c0cae5ecc421b"", ""8"": ""6993607ccc2cb6ba2e25931d8f6a346695d6b02ae5372004a88e2844a053c514"", ""9"": ""034e459fade7c4240544a87102c7f2d4e0b0dfff04ea16691efac737c03b066b""}",,0,0,0,0,0.0,0.0,"{""0"": 7.745616253675203e-10, ""1"": 9.506389424564991e-10, ""2"": 1.3952354160372412e-09, ""3"": 1.3450833503147705e-09, ""4"": 0.30036920561812036, ""5"": 0.3000850597726504, ""6"": 0.12469172817015176, ""7"": 0.02803328555376284, ""8"": 0.00681514499098857, ""9"": 0.2400055714288067}","{""0"": 7.745616253675203e-10, ""1"": 9.506389424564991e-10, ""2"": 1.3952354160372412e-09, ""3"": 1.3450833503147705e-09, ""4"": 0.30036920561812036, ""5"": 0.3000850597726504, ""6"": 0.12469172817015176, ""7"": 0.02803328555376284, ""8"": 0.00681514499098857, ""9"": 0.2400055714288067}",[],[],1,0,0,0,0.0,53e328d7dd105941c40ee75177f46e94d226827c21d50b24001ec11fcb5c0b55,e91271e1995b7e4d42b12db5abe777ea5252dab6f8849e8aac6b31f79b66c2a2,"[""proposal_created"", ""proposal_committed"", ""v1_challenge_sampled"", ""audit_accepted"", ""committed_once""]"
17,trust_v1,1,A2,0,1,0,0,0,1,V1,71.45,2.107761576823986,0.1,170207422972302339594082173475427339439,8e91d29ab7b941c7fd087cdfc222b93760b9ea28e406e13069def47111e5ef65,1,"{""0"": ""7145c50f4d80c8b44738d4359e8624d5b0d2baed589f618cbe5a7f7cf30f63da"", ""1"": ""ff50cbcc371acdc4754ce0beb344140f3e92224212dbf0e240cd817651acebea"", ""2"": ""b3524f2485991dd05b1c1dd165efc25d0c4562874b5ee4909b1e8a40e42645c7"", ""3"": ""ed94278e42fd1ebdfd9b362161efaba6310e706593db4af6e1e62873cc3cc236"", ""4"": ""0ee3b2af5e2bf6c4f74ea50b80c31d196b0189c41b45bb3c1ce643ef3ab65758"", ""5"": ""2f33e3c45152144625dfc3304f6214f61f89b2c0f2fe4b73cbe4237dfb5681aa"", ""6"": ""7056cdf7feb47d3d5d33e078537f4f4f65b11ca369211b26fa9c2a3857e792a1"", ""7"": ""58f86347438964c78f081f1adff6f2f3cea9ae9df6d6266f0b509b06bc98e3ce"", ""8"": ""a02bf6f753a7dccbacd73e3385e9d7de227aa5773f49561c2b7a89f3ce4da415"", ""9"": ""80ff0849a3c2b71d95494def883275b78f145feec91063b0c1a14a66aa3ac3c7""}",3ff8c93ac6252c82b2a00cf388508160daddae5861643e0f4166e0c4e8c5d9e6,1,0,1,0,3.132145260899876,0.0,"{""0"": 2.3236848761025615e-10, ""1"": 2.851916827369498e-10, ""2"": 4.185706248111724e-10, ""3"": 4.035250050944312e-10, ""4"": 0.23790454310795983, ""5"": 0.23781929935431884, ""6"": 0.18356951420261572, ""7"": 0.11886664564698754, ""8"": 0.0020445434972965713, ""9"": 0.21979545285116572}","{""0"": 0.12500000011618423, ""1"": 0.12500000014259582, ""2"": 0.12500000020928528, ""3"": 0.12500000020176247, ""4"": 0.11895227155397989, ""5"": 0.11890964967715939, ""6"": 0.09178475710130785, ""7"": 0.059433322823493756, ""8"": 0.0010222717486482855, ""9"": 0.10989772642558283}","[0, 1, 2, 3]",[],1,0,1,1,0.0,e91271e1995b7e4d42b12db5abe777ea5252dab6f8849e8aac6b31f79b66c2a2,56dcb1c937554204b002d7654be0c159310610d9e5d4c47e18c7a35416fbad97,"[""proposal_created"", ""proposal_committed"", ""v1_challenge_sampled"", ""audit_rejected"", ""recovery_recomputed"", ""recovery_audited"", ""recovery_verified"", ""committed_once""]"
18,trust_v1,0,none,0,0,0,0,1,0,,75.45,0.0,0.1,57343748796619631222814213487347670742,91da128fb7d922e16d97b8015f097f75e7f351b9afb2e2706563f6b3563d5174,1,"{""0"": ""c0cfbdad3ba7c2e970852d99743dc0eeb879e4e164a42bf3340e1e23f6bf36bc"", ""1"": ""ed5e126b73454295e4e0d67cd9d4dd6dc95558b6fe248aca04e62c297040b206"", ""2"": ""4d887d84d0fd4e694b14856c95e8fffe5dfa77b6f578c7a7d662840b878a7a58"", ""3"": ""01c10ece59eaaf921c48ba4c668fac1fca7f5916a46335719e73767ac27346c3"", ""4"": ""a5dafdfd24b325d7c8bfe52adad5eb27f30942a5d423d60b933473a025cd683c"", ""5"": ""8b7e0a1adc1224f382676a4eee339a1de0204bc1305b87be3dd9dec0cf0b8636"", ""6"": ""1049f3e6b77f7f63c9b4017bcb2e8d234ec4bf0e57423c3eb6c970d597d624d7"", ""7"": ""0ae0f569ba8952b535a4997ca0dc0f4c03710d3edb91baa82de809c1e9d4fef1"", ""8"": ""98c6fb9426a01e3dc0db108aecdc166f26c65e06cfa689ae338790817d1ca686"", ""9"": ""440bf5a20eba7f7248fbeccb28c074c75c013472cbf0c76c48c698b25111b368""}",,0,0,0,0,0.0,0.0,"{""0"": 6.971054628307686e-11, ""1"": 8.555750482108494e-11, ""2"": 1.2557118744335175e-10, ""3"": 1.2105750152832937e-10, ""4"": 0.2560602635574682, ""5"": 0.2560346904313759, ""6"": 0.19081989808285388, ""7"": 0.1445051740350055, ""8"": 0.019870297625942626, ""9"": 0.1327096758654573}","{""0"": 6.971054628307686e-11, ""1"": 8.555750482108494e-11, ""2"": 1.2557118744335175e-10, ""3"": 1.2105750152832937e-10, ""4"": 0.2560602635574682, ""5"": 0.2560346904313759, ""6"": 0.19081989808285388, ""7"": 0.1445051740350055, ""8"": 0.019870297625942626, ""9"": 0.1327096758654573}",[],[],1,0,0,0,0.0,56dcb1c937554204b002d7654be0c159310610d9e5d4c47e18c7a35416fbad97,4502f895841e5f5ca283a419dff514a6a47ae08493f2314a1953597ee6a8a78a,"[""proposal_created"", ""proposal_committed"", ""v1_challenge_sampled"", ""audit_accepted"", ""committed_once""]"
19,trust_v1,0,none,0,0,0,0,1,0,,75.54,0.0,0.1,238263022606968468614256746710670175289,24f67aceb9a8236795a42531079dac73ce1a9cf914b3d5ae02c12eeaa0129314,1,"{""0"": ""b282b9ad3e2fd05f5a7e7f0734d0df1539993ffc049a379dfa9896ac5493e2da"", ""1"": ""5eaa53f34e85dcd10cb7d67d5c6532678341e6fed72d925cdcecce3da7ac2412"", ""2"": ""117960c25a3e8eb82fa978dd13e9ffe7b1906f9fe9f69c0cfffb3676b4eb4597"", ""3"": ""f316cac0ed44422cafadb63e06515437cf30587db873b938c2750b5d5aefd936"", ""4"": ""f6087b42c41e2837cf1ec1a3f522f457a46f3b50adf929cb7b38e6f1f5a9531f"", ""5"": ""2ea41fba207000ff8389638fd52a970de461d633f1ea4321f37ccbb9c60fb2f2"", ""6"": ""ad5ae79a13b6d898f6d041e4439bcff8228d101ee231ab6058af6d504038e43d"", ""7"": ""344fd8a71b52f6897525cf961ba1b0d243a6ec226f04cf0fbaade1d71c5b1ea0"", ""8"": ""c8b985bf113bc536735a1d42a4cba1deda476bfe3c8b58ba36c53cbaf66cc6d9"", ""9"": ""cc7c3a431376e141021a8001f3e6423b60a8b192afdfd01def07dd2470840975""}",,0,0,0,0,0.0,0.0,"{""0"": 2.0913163884923063e-11, ""1"": 2.5667251446325488e-11, ""2"": 3.767135623300553e-11, ""3"": 3.631725045849882e-11, ""4"": 0.26076247085739346, ""5"": 0.26075479891956577, ""6"": 0.23782152365593906, ""7"": 0.14286965826673562, ""8"": 0.005961089287782789, ""9"": 0.09183045889201444}","{""0"": 2.0913163884923063e-11, ""1"": 2.5667251446325488e-11, ""2"": 3.767135623300553e-11, ""3"": 3.631725045849882e-11, ""4"": 0.26076247085739346, ""5"": 0.26075479891956577, ""6"": 0.23782152365593906, ""7"": 0.14286965826673562, ""8"": 0.005961089287782789, ""9"": 0.09183045889201444}",[],[],1,0,0,0,0.0,4502f895841e5f5ca283a419dff514a6a47ae08493f2314a1953597ee6a8a78a,a70c4ed69ad12275142cdf894be9463abd3bb978f7f93e8cb61cc96a9ebd38ec,"[""proposal_created"", ""proposal_committed"", ""v1_challenge_sampled"", ""audit_accepted"", ""committed_once""]"
20,trust_v1,1,A2,0,1,0,0,0,1,V1,66.68,2.1679752752676538,0.1,253202659000649882390070887374049127030,760e834838c24baa0ac5ded2fa1a08a897b10ff2d933c7f9c3a31c62cfd2c7d7,1,"{""0"": ""f9ff3424bbed7348b4fb216084fe5b1751df4328e1267952f05a3b1175896168"", ""1"": ""a95fdb942f0ff26632cab78287b60688b0467d19c297cab3e58f5762c525d374"", ""2"": ""ed92e3ff91d57aeb980c228a724a40d35995114346e95ab14c00ddfc9db73580"", ""3"": ""6b6c166853d93be32a3aaf35f762ad2ec8882c03603e8fd47f0369a9fb5fb72a"", ""4"": ""d777af8fa846970ee69f577b63c5c4307b42c0bce254fd4cc6690cf00bc2b06b"", ""5"": ""902bc6198b9fb38cf77a8476764e780732a15c3084af35f020069babc388b15b"", ""6"": ""b67d319b4e1b3a7285322efb4c8e0fdd086ecba91594435b23b25bf9b02737db"", ""7"": ""cd14c5fbbd006928d080f46487be3430589883ccde5941bda3d47475853178ed"", ""8"": ""9c48d30c1446ee2b467d744abbd96bc23707a949466ad5fed91a3e3d15112d3c"", ""9"": ""433ad945e7f0360cac7e7d33edaefc4d523b871978c0618720f2e9dab3d73fc2""}",19834801822991bd525510dc22411c726e5acf3e4a6d3a1d910b6ba90b9bf90b,1,0,1,0,2.663230353911233,0.0,"{""0"": 6.273949165476921e-12, ""1"": 7.70017543389765e-12, ""2"": 1.1301406869901664e-11, ""3"": 1.089517513754965e-11, ""4"": 0.3649927505688794, ""5"": 0.36499044898753114, ""6"": 0.08564674547628172, ""7"": 0.13513369693438548, ""8"": 0.0017883267863348371, ""9"": 0.04744803121041679}","{""0"": 0.12500000000313696, ""1"": 0.1250000000038501, ""2"": 0.1250000000056507, ""3"": 0.1250000000054476, ""4"": 0.1824963752844397, ""5"": 0.18249522449376557, ""6"": 0.04282337273814086, ""7"": 0.06756684846719274, ""8"": 0.0008941633931674186, ""9"": 0.023724015605208395}","[0, 1, 2, 3]",[],1,0,1,1,0.0,a70c4ed69ad12275142cdf894be9463abd3bb978f7f93e8cb61cc96a9ebd38ec,9bae9fde6f95dca7a68202fbcc154c4175bfca1a26ac0251e007e8fd21dd9927,"[""proposal_created"", ""proposal_committed"", ""v1_challenge_sampled"", ""audit_rejected"", ""recovery_recomputed"", ""recovery_audited"", ""recovery_verified"", ""committed_once""]"
21,trust_v1,1,A1,1,0,0,0,0,1,V1,65.87,0.0,0.1,156174391163136862768529501240290142169,6e46ffd79e90326cf23b59a864f884906909ce4d2ef4f51bde03d8a2e9295c9e,1,"{""0"": ""01a72c631fc777b4e90d10336f1e6b5c4d39c5dd9beca067cbbf4ff4d4ec1edc"", ""1"": ""ff0dc4e5e08e09c0b1304d141b51bbb3b8baa512f8c9fbcb52739ec9a9849bf5"", ""2"": ""ffa54e115d94ee102c2bce043fe89453c353c0701d96c642c0e8f29d8673ac96"", ""3"": ""01b1b6b766f3e965ba85a329a9a2f609050178a50117b1d8a9a83b8be3a58c82"", ""4"": ""fa687a22b397368771751622d99c1e92cea669116c7fc71258be55e786705c4b"", ""5"": ""8daa8a2d5fd032c76659c2e56f88f3b22e274ed4cf1560014f1331c01e261573"", ""6"": ""2f7facbe3c79bdaf4c8b873f13ed742e4fbe51ece2eed68d75eed11159603cdc"", ""7"": ""98b4106669eee1a46a7254245930daaf106050b54207203e316b537535a75e8c"", ""8"": ""4803bb286e524057ade5e839f05c4908b95a43739ee1faf885e645492fa5b90a"", ""9"": ""1e19af8f73b228c2b922442151b7acdd160e5435d69cfb250f36c8855d035ea9""}",148da2d2bb77db82636f0571334276806eec15c5263ffa275830508284bee51b,1,0,1,0,4.586830551153174,0.0,"{""0"": 0.75, ""1"": 0.75, ""2"": 0.75, ""3"": 0.75, ""4"": 0.3374937591527348, ""5"": 0.33749306867833034, ""6"": 0.025694023642884513, ""7"": 0.2685360430623866, ""8"": 0.0005364980359004511, ""9"": 0.030246607416912034}","{""0"": 0.18750000000050865, ""1"": 0.18750000000050865, ""2"": 0.18750000000050865, ""3"": 0.18750000000050865, ""4"": 0.08437343978841258, ""5"": 0.08437326716981147, ""6"": 0.006423505910738554, ""7"": 0.06713401076577877, ""8"": 0.00013412450897547663, ""9"": 0.007561651854248522}","[0, 1, 2, 3]",[],1,0,1,1,0.0,9bae9fde6f95dca7a68202fbcc154c4175bfca1a26ac0251e007e8fd21dd9927,2c1def5e18b9cbb9a77a64b87b0de9ed5cc3aff016d8a78bbc57c20c1f0f7382,"[""proposal_created"", ""proposal_committed"", ""v1_challenge_sampled"", ""audit_rejected"", ""recovery_recomputed"", ""recovery_audited"", ""recovery_verified"", ""committed_once""]"
22,trust_v1,1,A2,0,1,0,0,0,1,V1,69.52,3.1135648197217063,0.1,233928069990324588555776409026271202815,7148b5c0b3d83f9d37812af465c91e155af6d9dd917ba74e98d34bae93c26380,1,"{""0"": ""6917e15b444df03358cc75dafca4d3e37267f8746387b1808b349f818a946d60"", ""1"": ""c58e0fae8841d8b3578df0b8de0d0984013b6ec39c5bdda2cc69b749d054ed71"", ""2"": ""ec7aa47af7244dbadfbb2983e1454215e0d848089d684208b579d0d6c91fb193"", ""3"": ""1d3620f071136f37389c51c2ac6059c46eb4963b5a8654d71b71ef960376001f"", ""4"": ""3062755a8bf1564d655e4e669f8f8ebb938a38ca5cedbe3d79d265dcc18781ca"", ""5"": ""4580c636ec4060740d068581f9df2e20fcea3dd9feec88dd3fc55a715a64ee8a"", ""6"": ""73956bcb13de1a3d3c5879f1dd87d3b48c82b4d9f98cbc92f9bbc718efdda268"", ""7"": ""73f5606f37cfb580d0cc1b35dfea82418e687b16bcea4fb2550062eb952a6a13"", ""8"": ""027bebbccfc4d95cd9f45e01d7c2d95d10d3c5010c6f9118c655cd70e4d75e69"", ""9"": ""70ad1b2c66ccb7fe46ac887a4151c03da38fba416d2cbf59217bbb37204a6379""}",81548a1d0bbb4c7726aef46dcaad113f7e0adca32ce8a3e3a0c9dc1fc999a7a1,1,0,1,0,3.2368353795271254,0.0,"{""0"": 5.646554248929229e-13, ""1"": 6.930157890507886e-13, ""2"": 1.01712661829115e-12, ""3"": 9.805657623794686e-13, ""4"": 0.3336420235025418, ""5"": 0.33364181636022044, ""6"": 0.033780450229265624, ""7"": 0.20702592194753636, ""8"": 0.015887029293642968, ""9"": 0.07602275866353761}","{""0"": 0.12500000000028233, ""1"": 0.1250000000003465, ""2"": 0.12500000000050857, ""3"": 0.12500000000049027, ""4"": 0.1668210117512709, ""5"": 0.16682090818011022, ""6"": 0.016890225114632812, ""7"": 0.10351296097376818, ""8"": 0.007943514646821484, ""9"": 0.038011379331768805}","[0, 1, 2, 3]",[],1,0,1,1,0.0,2c1def5e18b9cbb9a77a64b87b0de9ed5cc3aff016d8a78bbc57c20c1f0f7382,434b8239fd2cc1631508f8bf78511b748d9c163d573605aa766354f9918a4f4f,"[""proposal_created"", ""proposal_committed"", ""v1_challenge_sampled"", ""audit_rejected"", ""recovery_recomputed"", ""recovery_audited"", ""recovery_verified"", ""committed_once""]"
23,trust_v1,1,A2,0,1,0,0,0,1,V1,79.41,1.0500153366144032,0.1,358754759817585840714894806077521059,33b13800243ca724078945cf5a44098ad129c917db810d88eb665dceb8091d11,1,"{""0"": ""578505b964870c3c20fa0edf28ecccc7d4ce2090843b08d4aec83c715118372f"", ""1"": ""e626c656509271888c248eee39fcdc66a3f528d7e964dbfc3edd3f174f86f3cb"", ""2"": ""0aac34e534683f0164f32e710a9a51012b3bdbc4b96ed3c88030bbfbd9820379"", ""3"": ""61a9d3b95a7e07eecf226fc688c6781500df959b6a53a4e32c522f26a0d07616"", ""4"": ""99574bc70204aa127e2154492d0e67e8f7445a8f57fd8719f50cf6ba0fbe0011"", ""5"": ""9e840252a42c4743734168f060b48631306ba66f754040fd957694a54611e884"", ""6"": ""363e0540419f07fc948c5df605676338c009d0e3622801842b6b89f112fa81e0"", ""7"": ""16df14e60a2e578bf3cc7a31401c1d1643bb6472748d9e5709456e031f1c3af8"", ""8"": ""0bfc08b13b34a04ba8897e4042d5e4a737ae347730f60b65a01a966ef22aad4a"", ""9"": ""32ab97a615742ea6688d2d4cd8cfc47076d4b2cc04b07c00be02642376742a30""}",2594ad52184d02cd512b4b3ec37abcc48e3d3c65dd808c17c1cee977615566d8,1,0,1,0,3.0447642968741992,0.0,"{""0"": 1.693966274678769e-13, ""1"": 2.079047367152366e-13, ""2"": 3.0513798548734507e-13, ""3"": 2.941697287138406e-13, ""4"": 0.3075945628196887, ""5"": 0.13134971764997644, ""6"": 0.21763609083770588, ""7"": 0.09038359538662072, ""8"": 0.022727249937044187, ""9"": 0.23030878336798746}","{""0"": 0.1250000000000847, ""1"": 0.12500000000010394, ""2"": 0.12500000000015257, ""3"": 0.12500000000014708, ""4"": 0.15379728140984436, ""5"": 0.06567485882498822, ""6"": 0.10881804541885294, ""7"": 0.04519179769331036, ""8"": 0.011363624968522093, ""9"": 0.11515439168399373}","[0, 1, 2, 3]",[],1,0,1,1,0.0,434b8239fd2cc1631508f8bf78511b748d9c163d573605aa766354f9918a4f4f,b1002530f2f50e04430169aaca9afe1ad2cd4ac1856134a49b5e3382ae8290c6,"[""proposal_created"", ""proposal_committed"", ""v1_challenge_sampled"", ""audit_rejected"", ""recovery_recomputed"", ""recovery_audited"", ""recovery_verified"", ""committed_once""]"
24,trust_v1,0,none,0,0,0,0,1,0,,77.18,0.0,0.1,14955097901039409639036117682934785439,1de4581b36765ca4f6827bde2c4d66bf11bf0e17a9ed620eb32d5bc0cc463901,1,"{""0"": ""045ca4ede7a2e89835b1acc3ba2842139d00840eb6585f82176478df7c82a62c"", ""1"": ""fedb2b8f27c2798f7e960c39b8fd00eb1f986930111c76f66d5a1f0778982c43"", ""2"": ""2335d71b2e505ab0d237f379daeb7c0c5b7fceb6c7863e994ffcf12b558bf9d6"", ""3"": ""58aba2719dc6d8a3ff215c5fbec0879bbabd5da9895c67cf44aced48622dd95d"", ""4"": ""7a8ccf20ed2b7280b9f63ebcf0efc3b2e05cbfcf6b5187b40aa2f9e5e733f449"", ""5"": ""a0ec0f5a1233e5dd32932eb2665b098a44af65499456ad814cfed417c81bf353"", ""6"": ""bcc3422b5def889e05e4c353ddcb74d3d689636aef70b84f1b88e982560c98df"", ""7"": ""d6f31efc1228368974fbbbc5a075eaf312211871d54d38a6497ad9f01e103a15"", ""8"": ""e7210617c33ad3e11a5910ccc3a4542e30c2db449e68a5c35f16a0632f7fb4c0"", ""9"": ""5b2caaf9335c3983ecf883f09724a6eb2b0b5aef9dab8082d3f0e005674c9a22""}",,0,0,0,0,0.0,0.0,"{""0"": 5.081898824036309e-14, ""1"": 6.2371421014571e-14, ""2"": 9.154139564620354e-14, ""3"": 8.825091861415221e-14, ""4"": 0.37039446672629783, ""5"": 0.039404915294992945, ""6"": 0.34340692513170296, ""7"": 0.027115078615986225, ""8"": 0.006818174981113258, ""9"": 0.2128604392496139}","{""0"": 5.081898824036309e-14, ""1"": 6.2371421014571e-14, ""2"": 9.154139564620354e-14, ""3"": 8.825091861415221e-14, ""4"": 0.37039446672629783, ""5"": 0.039404915294992945, ""6"": 0.34340692513170296, ""7"": 0.027115078615986225, ""8"": 0.006818174981113258, ""9"": 0.2128604392496139}",[],[],1,0,0,0,0.0,b1002530f2f50e04430169aaca9afe1ad2cd4ac1856134a49b5e3382ae8290c6,65eb3ff089535171dc4b3aacc473fc562208433e9662ec48afafc8aeaeae957d,"[""proposal_created"", ""proposal_committed"", ""v1_challenge_sampled"", ""audit_accepted"", ""committed_once""]"
25,trust_v1,0,none,0,0,0,0,1,0,,71.69,0.0,0.1,336684162788876805485407635443026209017,38f60d944499a52cc6ba18c43328396bbb205e4e2b6e856545f1e4d70b871641,1,"{""0"": ""139c64cd1c7552276fc5b2c5513ca1c2289c4f2fa2f9b03ea2c5f4b10a93a54d"", ""1"": ""fb76719b0aa2757781767c562333a17de126c352f07263c9765514519fd653f4"", ""2"": ""34bb2f4dba35edf2054a6d84f384fc404f6ad1375bb07842565b1db30bcf4494"", ""3"": ""4ce45d1efcb0f7e423b23ca1861759c4a22a594698252e2045f153ba8d61200d"", ""4"": ""6f507788e7830114bb7ba10f0fab635f91abb562da051500ce4dde4c50426e32"", ""5"": ""6151facb496bf18f712e22585bcf785273a90025c22e8a69c15ce370f2bd6cca"", ""6"": ""d1df412a89fb5cefa765b32cfbb063bb73f5fbdbe37586f114de9df433b2ba51"", ""7"": ""0f0c27beab232c26a9af8ef839e1e5a6ed0c5deb4e096b5ee963a5b925a0d656"", ""8"": ""573c6bf556a2df39c121100168e7d27dddc1b14ce53f44d4153854aeaf526b1c"", ""9"": ""45d4eb884184e884414d1c5638bf64cd930d7653fb2354b9b50064e5b920d5c6""}",,0,0,0,0,0.0,0.0,"{""0"": 1.524569647210893e-14, ""1"": 1.87114263043713e-14, ""2"": 2.7462418693861066e-14, ""3"": 2.6475275584245668e-14, ""4"": 0.33754957532593444, ""5"": 0.23825270989654296, ""6"": 0.1030220775395109, ""7"": 0.020663245514078228, ""8"": 0.010223024640916319, ""9"": 0.29028936708292924}","{""0"": 1.524569647210893e-14, ""1"": 1.87114263043713e-14, ""2"": 2.7462418693861066e-14, ""3"": 2.6475275584245668e-14, ""4"": 0.33754957532593444, ""5"": 0.23825270989654296, ""6"": 0.1030220775395109, ""7"": 0.020663245514078228, ""8"": 0.010223024640916319, ""9"": 0.29028936708292924}",[],[],1,0,0,0,0.0,65eb3ff089535171dc4b3aacc473fc562208433e9662ec48afafc8aeaeae957d,8fe7ceb4d5a15bd40335c77d3535bac97563d12c09a6d735b8299537000c6e0f,"[""proposal_created"", ""proposal_committed"", ""v1_challenge_sampled"", ""audit_accepted"", ""committed_once""]"
26,trust_v1,1,A1,1,0,0,0,0,1,V1,71.95,0.0,0.1,285821680975372757773847473031338121739,553ff2866eba48cb8bcc4571065ee359726155b30920ebb851f1d4b716c204e4,1,"{""0"": ""34586a0069b66f56214eb8469b39c58847b589bc1706abb67ddc00acabecf3db"", ""1"": ""ccc85e23e504fbc8469ba75f66ab327eb93563eec96a8c99e27d34da3256eae9"", ""2"": ""f86386441c1774146b9ea8a8042308616bbc0e9f5abc1a0999364bf6e84d0fff"", ""3"": ""271edf4452f485efe9977539339f2cd7b68a4aa4ff7fcee82df2a974a5041ebf"", ""4"": ""b53520172dc8f61a2919fc95e8745fa24b809e37fc58c0e60cc3bf8cb61fb497"", ""5"": ""f3a263e6f95e4601caa170a6a253fe4b4fc7bbe1b960485df3adf8ddda62d837"", ""6"": ""d0d16396b31552fb536a9ca730c208303299a1a7c149ea42fe6061c0334f2bc3"", ""7"": ""854f842c489894f9972a0ef4d9ba50d2110beedb4100e342ea55e746fc5f20bc"", ""8"": ""a67d2dbc9377a440452bd1b4d9d66a2b1ed3596eb4c7a837cda022f8e31af571"", ""9"": ""26421f4f08cc813296ae6fcca5870b66d43e9bad1db8f16601fb468d20cf800f""}",d305078b1ebc6fcf831dfc88a934422739bf6275d2dce3ee5dcc389ea5e2b3c1,1,0,1,0,3.929614309282102,0.0,"{""0"": 0.75, ""1"": 0.75, ""2"": 0.75, ""3"": 0.75, ""4"": 0.8012648725977803, ""5"": 0.0714758129689629, ""6"": 0.030906623261853273, ""7"": 0.00619897365422347, ""8"": 0.003066907392274896, ""9"": 0.08708681012487879}","{""0"": 0.18750000000000122, ""1"": 0.18750000000000122, ""2"": 0.18750000000000122, ""3"": 0.18750000000000122, ""4"": 0.2003162181494464, ""5"": 0.017868953242240842, ""6"": 0.0077266558154633685, ""7"": 0.0015497434135558776, ""8"": 0.000766726848068729, ""9"": 0.02177170253121984}","[0, 1, 2, 3]",[],1,0,1,1,0.0,8fe7ceb4d5a15bd40335c77d3535bac97563d12c09a6d735b8299537000c6e0f,0dca7b28aab679df7f82a01e4c0dd5e368a6f2e8a04736fac7a24364089594f5,"[""proposal_created"", ""proposal_committed"", ""v1_challenge_sampled"", ""audit_rejected"", ""recovery_recomputed"", ""recovery_audited"", ""recovery_verified"", ""committed_once""]"
27,trust_v1,1,A2,0,1,0,0,0,1,V1,72.35,1.0706835207002705,0.1,191696053943804952131177304652530118821,dda476a5c56b4a2731e1076e127e9eae7f76c19637d8e0ef4ee1416514754117,1,"{""0"": ""4446d6abd4bb9ba2eded9285b1e02411bea8f20031b6eced900772dfcef50270"", ""1"": ""15dabb41decf6776190ca01fea3ae726c9e6722c4bb0715225b32b9c193b917a"", ""2"": ""8e256e34f69d0e3e7766591fd9229758719711eb9fde124664132fef97d48daf"", ""3"": ""8611d35bd415ee6c9b47ee0a56eb1302e9b11bfe363705542b049c05c73e2340"", ""4"": ""1482b3e58f8775efc6886fe4c14eda8c667ea9425f50f9e06e8907b8a85bda15"", ""5"": ""e5591f24a311fc96a554a1778c1ab65a0ebbd1da81c81b8642a492cc6f1abfda"", ""6"": ""fb5728caad86833e1dba2668d4e20a2af5a3bd98722452ea637c34819357108c"", ""7"": ""5440fddd712783f62ae25b08ad87c0f46900422215abf5a229a917de0b39274f"", ""8"": ""7d78f1576ff0d1dca9eab7f34f4e3120d0125ada25be4068fefb1a890e8b9635"", ""9"": ""19f06dcafff7f5f016cbab9d053db15db091f2d698e82392bd6d0c844e06f795""}",e93092523766d80a6ab823080c92a03d1c4d2b748b463534e949b899ffe2d1a2,1,0,1,0,2.470873859578124,0.0,"{""0"": 1.372112682489804e-15, ""1"": 1.6840283673934176e-15, ""2"": 2.4716176824474967e-15, ""3"": 2.3827748025821107e-15, ""4"": 0.24037946177933414, ""5"": 0.021442743890688874, ""6"": 0.018669474613040665, ""7"": 0.01194226496331702, ""8"": 0.0942307668354833, ""9"": 0.6133352879181281}","{""0"": 0.1250000000000007, ""1"": 0.12500000000000083, ""2"": 0.12500000000000125, ""3"": 0.1250000000000012, ""4"": 0.12018973088966707, ""5"": 0.010721371945344437, ""6"": 0.009334737306520333, ""7"": 0.00597113248165851, ""8"": 0.04711538341774165, ""9"": 0.30666764395906404}","[0, 1, 2, 3]",[],1,0,1,1,0.0,0dca7b28aab679df7f82a01e4c0dd5e368a6f2e8a04736fac7a24364089594f5,562f00b57e96aeebb596ad88cd97d48dda0e3634ba89ddb7770b43c561f41d74,"[""proposal_created"", ""proposal_committed"", ""v1_challenge_sampled"", ""audit_rejected"", ""recovery_recomputed"", ""recovery_audited"", ""recovery_verified"", ""committed_once""]"
28,trust_v1,0,none,0,0,0,0,1,0,,59.96,0.0,0.1,135705315620066886313006507517810433826,35a503404f739ecb60a681664cf7585ab3eeb323ac32a81853be0a2cfc29a0bf,1,"{""0"": ""66eed1face0b31bbd7dc06be1ce6ea62d1147db3d14b93c68847a6faac561db1"", ""1"": ""3e8a696a582812f5f7db1d0a9d4628775c350af7decd1ca7c355f3bb013bc52f"", ""2"": ""82a044422ee07a1f5b8b68b5a8402a92571afa351fec78ee86a4f15cc4370c38"", ""3"": ""01eb1c698201591b9c591f9a22843b2035203196320ac81de4e80b87614f43df"", ""4"": ""f4a6c8db4aa1294fd0254f6403884938c61a0d9ad420dfd2b95409046b4b8998"", ""5"": ""314e76e5bacb64ddc4588e5f421cb482487bf3b7219138db4c4c783aa1d0c1ed"", ""6"": ""86f71d98b6f8f81da6c4feadbfa122da748dab97a8934959d516b28e4fb6a09d"", ""7"": ""2ab7aa4a5140dd4410eec296211f44343735ada63b080f71b786ed35eda9fd6b"", ""8"": ""fcfed0c56ee35ea6746373bf19405ed71073932325d83d5ab3a507d951ed4511"", ""9"": ""c8951e01d387c75c586bda75f604e24dff92948a15db582a973437d4bdd14f74""}",,0,0,0,0,0.0,0.0,"{""0"": 4.1163380474694126e-16, ""1"": 5.052085102180253e-16, ""2"": 7.414853047342491e-16, ""3"": 7.148324407746333e-16, ""4"": 0.07211383853380025, ""5"": 0.7064328231672066, ""6"": 0.005600842383912201, ""7"": 0.003582679488995106, ""8"": 0.028269230050644995, ""9"": 0.18400058637543845}","{""0"": 4.1163380474694126e-16, ""1"": 5.052085102180253e-16, ""2"": 7.414853047342491e-16, ""3"": 7.148324407746333e-16, ""4"": 0.07211383853380025, ""5"": 0.7064328231672066, ""6"": 0.005600842383912201, ""7"": 0.003582679488995106, ""8"": 0.028269230050644995, ""9"": 0.18400058637543845}",[],[],1,0,0,0,0.0,562f00b57e96aeebb596ad88cd97d48dda0e3634ba89ddb7770b43c561f41d74,7136c9f58fed1b5a6e882a2beb3f632bd0c53a3f09afd9b61c4f083033b4ac9a,"[""proposal_created"", ""proposal_committed"", ""v1_challenge_sampled"", ""audit_accepted"", ""committed_once""]"
29,trust_v1,1,A2,0,1,0,0,0,1,V1,74.73,4.025042159927793,0.1,324202757568522001974438554966784996345,320d1651e50f7a929f40c9a31c331b239af537b32c62e2b4e8217e1def30102c,1,"{""0"": ""af9dc4e3e5949af808dfc294f20f638e7c29ecc91cb9a0ff08f8447ee085f00c"", ""1"": ""5fb7f9c5531a213d8e1859d49a279e320855b12d3e85482ac733ee09cf23ad64"", ""2"": ""5f82bd53f6e9f5faed8c39adccbbdc3c8048ffbd8998cc6fdc62bff6e3aa36f3"", ""3"": ""aa78c6506a9018be6c6b1c5c1fdea84bd7f927056557b32bf8834c801372f670"", ""4"": ""42bbb317809ed96bacb4453f0027e6df3aea1a47610215f35f479b04f97d54b7"", ""5"": ""6a4cc6365f1a0e18d06b4bdb3c25ee22778437205ed91d01ed31df111142a6b1"", ""6"": ""5b638f9cfadd0bcc41bb7c769afda11db4ba7a0a252367e4c9855c22e2cb5e2f"", ""7"": ""faab828bd57e1266dbe38c9a8ef933910585e55ca2a6aa6056277691d8a83177"", ""8"": ""7a654cb88b2cd414fd25a3638cd5ff8c27e3689440bf4304c3a01594cb4aaec4"", ""9"": ""62794f5f533626bbec33aeacd1a282c3fd84b7447c08df708a0ff9e93d13baca""}",3b1a482d709dd64849af72e2bdd377241624368896a378d7bf9d423422605934,1,0,1,0,2.4538843216816586,0.0,"{""0"": 1.2349014142408243e-16, ""1"": 1.5156255306540765e-16, ""2"": 2.2244559142027484e-16, ""3"": 2.1444973223239007e-16, ""4"": 0.04470185518247639, ""5"": 0.21192984695016207, ""6"": 0.22433633341580914, ""7"": 0.010038858122455821, ""8"": 0.23113684971582898, ""9"": 0.277856256613267}","{""0"": 0.12500000000000006, ""1"": 0.12500000000000008, ""2"": 0.1250000000000001, ""3"": 0.1250000000000001, ""4"": 0.022350927591238193, ""5"": 0.10596492347508103, ""6"": 0.11216816670790457, ""7"": 0.0050194290612279105, ""8"": 0.11556842485791449, ""9"": 0.1389281283066335}","[0, 1, 2, 3]",[],1,0,1,1,0.0,7136c9f58fed1b5a6e882a2beb3f632bd0c53a3f09afd9b61c4f083033b4ac9a,3b7b303a06f4c5bef7060eea80422c0957426a0b12112ac1287ca43c07b1034d,"[""proposal_created"", ""proposal_committed"", ""v1_challenge_sampled"", ""audit_rejected"", ""recovery_recomputed"", ""recovery_audited"", ""recovery_verified"", ""committed_once""]"
30,trust_v1,0,none,0,0,0,0,1,0,,74.88,0.0,0.1,200905187822010811771281312300147160711,ded020f0c9255388686b6bdbd129914ddcd555cfb7c41091053930f513d420bd,1,"{""0"": ""5b7391faf78e4057fc6ef73caf9ea154960d76f646409d2a5765785d621d8f3e"", ""1"": ""8a1ae652220d003cae370bb35ad41bc36fd5c17366427617c113871fa360b7f5"", ""2"": ""a8789a10905afe980e81f85f388ad854dcd03c3cb197fa5296b710bdf310b2c3"", ""3"": ""d55106d69595cbf89515661b51eb822bcb35388bc8d58fc8ae02d428f8e2d843"", ""4"": ""a9b0d83c8bec1076faebc0f51dcee23d9ee69ab898a660f27d12e499cfd1f766"", ""5"": ""e47a613bbed0e153bb6b5cc8d1860dce5ff3c173d6e2f855ea7380727956cb66"", ""6"": ""3230c119d53861aa2db7a751b011fd37cf0a941378438184145f60cae266d29b"", ""7"": ""d0c98cf5cb66e0bf9742f0ef2f0a227271541e2c4467bf303109bb8c04b68c3f"", ""8"": ""4636f895cb3d39b74937ac7fd7eceee7f27bfb735ccb79b4852fb4b2e8f28308"", ""9"": ""e4f7385d36056eaa6a8043c440694db976cad911028c5fa7dfc5c98cdb7b5d5c""}",,0,0,0,0,0.0,0.0,"{""0"": 3.7047042427224736e-17, ""1"": 4.54687659196223e-17, ""2"": 6.673367742608246e-17, ""3"": 6.433491966971703e-17, ""4"": 0.7134105565547428, ""5"": 0.06357895408504863, ""6"": 0.06730090002474275, ""7"": 0.0030116574367367466, ""8"": 0.0693410549147487, ""9"": 0.08335687698398012}","{""0"": 3.7047042427224736e-17, ""1"": 4.54687659196223e-17, ""2"": 6.673367742608246e-17, ""3"": 6.433491966971703e-17, ""4"": 0.7134105565547428, ""5"": 0.06357895408504863, ""6"": 0.06730090002474275, ""7"": 0.0030116574367367466, ""8"": 0.0693410549147487, ""9"": 0.08335687698398012}",[],[],1,0,0,0,0.0,3b7b303a06f4c5bef7060eea80422c0957426a0b12112ac1287ca43c07b1034d,3b08a217d9ac324361716bfb10288b40e4d2c567827aa45537440685ae564f6d,"[""proposal_created"", ""proposal_committed"", ""v1_challenge_sampled"", ""audit_accepted"", ""committed_once""]"
31,trust_v1,1,A2,0,1,0,0,0,1,V1,80.8,2.2475941739574816,0.1,293401379567234400131889887067969821959,c55026d31f64b273a6ff1af88ce8c972d87656986cbf59e90848cb2f3bb55fe6,1,"{""0"": ""b335422c55ec75de81b20c2bc5683d4c20be52c229cb14adccffd962a4228add"", ""1"": ""52be765a6766a2d169abe39070620ca21744e99dd20da5848b7cc30df30367e1"", ""2"": ""acaa2f13a209d7c60fe90cb76f31e9ca386a3482ae9d5b1c5c47c8033129ee95"", ""3"": ""3a1d7c4aaacbd5b4d3411c975ddea86afab1a8da147ac4e2d7dd86e67e6739cd"", ""4"": ""219578a3e7e5524a3d203ac8ca1519864225464016f526bddcba14d0a8ceaccd"", ""5"": ""4b0709f312c1a824f84c814b9f910386b44eeef66c2a3ccc73d8dc4e08f38834"", ""6"": ""c77156d65111626dc400b108e62962886bd051757bd6eb57f9422b309d838e0f"", ""7"": ""5ef9cc8a9006cfc0b223fdf957504e63b82a5d5981e121e21ec3542bf32b6c49"", ""8"": ""82f90ff373b6104d4cefccb1762695f5d0aea43e03b05fe6bf924cd374f7c9f5"", ""9"": ""8b1714f0c741f05b912467c54bc00fe60e1d7238396074e3de0b46f0f7d1afcb""}",fe7dea24b113fcc125d56ffc8eead54ffe7ae728f0aa12174f41e2219a97e8ba,1,0,1,0,3.805755765928362,0.0,"{""0"": 1.1114112728167422e-17, ""1"": 1.3640629775886693e-17, ""2"": 2.002010322782474e-17, ""3"": 1.9300475900915113e-17, ""4"": 0.21402316696642287, ""5"": 0.050293728245443654, ""6"": 0.020190270007422826, ""7"": 0.12673354180170276, ""8"": 0.29227727317911917, ""9"": 0.2964820197998886}","{""0"": 0.125, ""1"": 0.125, ""2"": 0.125, ""3"": 0.125, ""4"": 0.10701158348321144, ""5"": 0.025146864122721827, ""6"": 0.010095135003711413, ""7"": 0.06336677090085138, ""8"": 0.14613863658955958, ""9"": 0.1482410098999443}","[0, 1, 2, 3]",[],1,0,1,1,0.0,3b08a217d9ac324361716bfb10288b40e4d2c567827aa45537440685ae564f6d,7e1553e16150736fe8982e9656452610ddc9d79ca9ad665fa7e70f409d66bc1b,"[""proposal_created"", ""proposal_committed"", ""v1_challenge_sampled"", ""audit_rejected"", ""recovery_recomputed"", ""recovery_audited"", ""recovery_verified"", ""committed_once""]"
32,trust_v1,0,none,0,0,0,0,1,0,,78.85,0.0,0.1,6552595972252691478502627295663968688,33c811c459ef75fec3c097421113fbee621c5e92758bb50885b1c4e3a60b1ea3,1,"{""0"": ""bf1c42c46b6bb251f6be4a1909d7478d956d3439489b982ffd9d2f9be9b14aa9"", ""1"": ""7b25e942b7772458f43dec6164d8e15cc9dd8711dc45a9d2041828147b7e848a"", ""2"": ""e6e0f25c6216b9ef290be33e2d83fb384f27f8984720e098a400ac48771f4118"", ""3"": ""2722d33a803d3a574f1649326f545cd2a4b6539cb8e5197bb9cd6aaa554814a6"", ""4"": ""0f55907cc4898116ad3fb07cfe774328c1e2c7bcea2f92b75c1f8962a27009be"", ""5"": ""ce34797133075d2aa16b0b117cbd475411b80cc2c98841c2e728db031e4a2372"", ""6"": ""05b020f63c057c45cbb9f7f3976f0c8fd97a5032da6605ceabe78b5b59e56286"", ""7"": ""05fe288443c522641320b7c9516ae6ad27e96f5f825d0abf52072382ea8d1ef0"", ""8"": ""006898112b2e985fb374a702f1a3b035b63771bb850ae154334bcde24caef063"", ""9"": ""89256cb3514c8db99c3873d40e0712ea914e2f40e3601a10e238a57f0986c04d""}",,0,0,0,0,0.0,0.0,"{""0"": 0.06999999999999999, ""1"": 0.06999999999999999, ""2"": 0.06999999999999999, ""3"": 0.06999999999999999, ""4"": 0.13420695008992686, ""5"": 0.0850881184736331, ""6"": 0.07605708100222684, ""7"": 0.10802006254051082, ""8"": 0.15768318195373573, ""9"": 0.15894460593996657}","{""0"": 0.06999999999999999, ""1"": 0.06999999999999999, ""2"": 0.06999999999999999, ""3"": 0.06999999999999999, ""4"": 0.13420695008992686, ""5"": 0.0850881184736331, ""6"": 0.07605708100222684, ""7"": 0.10802006254051082, ""8"": 0.15768318195373573, ""9"": 0.15894460593996657}",[],[],1,0,0,0,0.0,7e1553e16150736fe8982e9656452610ddc9d79ca9ad665fa7e70f409d66bc1b,a59355b64e3f620694715157f7fb4ba6d0fd2f98b7fddd510d04014db59baae6,"[""proposal_created"", ""proposal_committed"", ""v1_challenge_sampled"", ""audit_accepted"", ""committed_once""]"
33,trust_v1,0,none,0,0,0,0,1,0,,74.06,0.0,0.1,65719198013819093831605470791685555478,3713d43dda887c8bc03c24436f324652523cf63ccae0c114eefaba6e9da7c069,1,"{""0"": ""fdbaaeeb02834deec956057cd404e12073ade6c348b8dfdbb31a8923679aecc7"", ""1"": ""10160bae3f95ec2a35a10f13c9c7fedded9d41f67dbbe4667689709255f610c4"", ""2"": ""b6043edc33e8bb7e85ff86747dbdf79a805e26bb91df24571cf356a7e2ce96bb"", ""3"": ""cc259ae57b0a03879b7ba6643376c84143a041916134cd72668dd22e597ece8b"", ""4"": ""5ed8aabcbd7682013710e2338768d2b5a477d0e13efddd66bc8338e5f9fa61f7"", ""5"": ""4dbc129f3c4a078e8f4a35054cd6e540a362cbf9a78e5b1dbdcaaa59e3364099"", ""6"": ""0df4d8ad6b3a093e9324c76b069a3e4604dab6e74905dd961bdabcef011fcf1a"", ""7"": ""eadab445bd0aed4f6cbcae4fa663dcb32e3879d2c7a558b3e315bff1be85b9c4"", ""8"": ""b36a512808481112abcdde38be4b036ae5c1def8b667a9df41882f45bfe1ea64"", ""9"": ""d0d9644d976bef933c7f5fdf42121fbc613892c689eaae3e2e61c4cfdd0a5cc2""}",,0,0,0,0,0.0,0.0,"{""0"": 0.09100000000000001, ""1"": 0.09100000000000001, ""2"": 0.09100000000000001, ""3"": 0.09100000000000001, ""4"": 0.11026208502697807, ""5"": 0.09552643554208994, ""6"": 0.09281712430066806, ""7"": 0.10240601876215326, ""8"": 0.11730495458612072, ""9"": 0.11768338178198998}","{""0"": 0.09100000000000001, ""1"": 0.09100000000000001, ""2"": 0.09100000000000001, ""3"": 0.09100000000000001, ""4"": 0.11026208502697807, ""5"": 0.09552643554208994, ""6"": 0.09281712430066806, ""7"": 0.10240601876215326, ""8"": 0.11730495458612072, ""9"": 0.11768338178198998}",[],[],1,0,0,0,0.0,a59355b64e3f620694715157f7fb4ba6d0fd2f98b7fddd510d04014db59baae6,db63a0378cdebe936863e6d6fa20fc7574d6ba34cca0e3f47d37ddbc5671d8c9,"[""proposal_created"", ""proposal_committed"", ""v1_challenge_sampled"", ""audit_accepted"", ""committed_once""]"
34,trust_v1,1,A2,0,0,0,0,1,0,,37.38,0.02486124043943662,0.1,29959460131503752999736137865978753824,6cd8394ec0c9560f7d9320ad12cbef347b1e33a3f0b087dfa225a2c7e51b646a,1,"{""0"": ""4d38dc5008af7dc3f97a571596c6edc38fb0e7c9406a1952d94f78c00882b5fa"", ""1"": ""131e0fe1d9f723fda0629a3ae091af33c3688171c7ba649978f790b3b855b5ec"", ""2"": ""a45f7e9274171322d1e198d4b9d664b293641f5033aff10106e3abb80ca86d18"", ""3"": ""2dcc3afcac1bd75c401c643b51b0e353541484f30ad2e5975a24434cf07cebb8"", ""4"": ""13d318ad562a562b520dd5e1e2c9201de0702024a40b9a456f70396fac2e503c"", ""5"": ""8eda633842f2ec84a9e26f998a763ea56b1d5fa79e368a25516e0c22bb6b6827"", ""6"": ""e797f7d8357b431d1e2630a9e76ddd5410f22110a03801e4ca92ce00fe06bd56"", ""7"": ""a947b0d1bcbe005e11a0fba148db4ebca2c8f66b00100e7d0651679fe4b2aa15"", ""8"": ""54518580a1ef8c04a7dbade0c936cb923bb5245f1a6865ab716638c7bfc9c507"", ""9"": ""1adda33dfe8b63b1d7df829b4a92cc8c2a6d45344f7c985f0306c96ad5e1d32c""}",,0,0,0,0,1.8703610891473432,1.8703610891473432,"{""0"": 0.02730000000000001, ""1"": 0.02730000000000001, ""2"": 0.02730000000000001, ""3"": 0.02730000000000001, ""4"": 0.2175855955422925, ""5"": 0.09503000618654445, ""6"": 0.06233419270197242, ""7"": 0.21522877566284507, ""8"": 0.08080944533754954, ""9"": 0.21981198456879608}","{""0"": 0.13864999999999997, ""1"": 0.13864999999999997, ""2"": 0.13864999999999997, ""3"": 0.13864999999999997, ""4"": 0.10879279777114623, ""5"": 0.04751500309327221, ""6"": 0.031167096350986204, ""7"": 0.1076143878314225, ""8"": 0.04040472266877476, ""9"": 0.10990599228439801}","[0, 1, 2, 3]",[],1,0,0,0,0.0,db63a0378cdebe936863e6d6fa20fc7574d6ba34cca0e3f47d37ddbc5671d8c9,85077546970e557810ddc053d96171c423f29252a1b974f4ee8aff66e82d188c,"[""proposal_created"", ""proposal_committed"", ""v1_challenge_sampled"", ""audit_accepted"", ""committed_once""]"
35,trust_v1,0,none,0,0,0,0,1,0,,77.78,0.0,0.1,167979019192941741421730249953668179679,db1d60dbaeb69e8b2208d76d495942d2742df45d86a4bde22285bf5ba9483472,1,"{""0"": ""67d8f923ef1a2017d401c9cdd743f9d6c05e7bff02d49662a9f8e8d47b7af559"", ""1"": ""e0a444ee3cfd1fe75af6429bf495caee524737cba28574d957b834b0d76c7703"", ""2"": ""7e930020a494c5728af8fd915f4b6dbfb6c5e817c93f99769b402d6d3a0b3543"", ""3"": ""83367b472da5785e8a1c2c76e436c115fe30536b8c68e7e8896d46b02f2298fa"", ""4"": ""a4740a2be2367621d109a55f80ab41f4ad8f56637b19efec5c6e900c17505cde"", ""5"": ""4afe6daade8c0a979248b2e9e4c7b0e7c5a028eeff00086fa1144ee0b738b489"", ""6"": ""be83c650e490cd7c27d8c4c7aa7b91a857a10e1e96ffe4227b2c9ffbce8292bb"", ""7"": ""10e0ed1d90814885bf730f9bb04c3dbaa0f153a1cddcafcd6354f184384a5b09"", ""8"": ""ecc61a903dafe3e14243850acb0f888eadbdbc0b36e3ef17e59642fd476efdd5"", ""9"": ""80bb73bae3e0d41fb83ffc924a114101ac9430c9db31ffc207e77cf6b12f2c0a""}",,0,0,0,0,0.0,0.0,"{""0"": 0.008190000000000003, ""1"": 0.008190000000000003, ""2"": 0.008190000000000003, ""3"": 0.008190000000000003, ""4"": 0.1979391789403872, ""5"": 0.13348905749148768, ""6"": 0.12499025344699202, ""7"": 0.19723213297655295, ""8"": 0.1237637316963885, ""9"": 0.18982564544819158}","{""0"": 0.008190000000000003, ""1"": 0.008190000000000003, ""2"": 0.008190000000000003, ""3"": 0.008190000000000003, ""4"": 0.1979391789403872, ""5"": 0.13348905749148768, ""6"": 0.12499025344699202, ""7"": 0.19723213297655295, ""8"": 0.1237637316963885, ""9"": 0.18982564544819158}",[],[],1,0,0,0,0.0,85077546970e557810ddc053d96171c423f29252a1b974f4ee8aff66e82d188c,7e14260f37acea6865655c402918374366a93f899ad8d427503def04a24f7887,"[""proposal_created"", ""proposal_committed"", ""v1_challenge_sampled"", ""audit_accepted"", ""committed_once""]"
36,trust_v1,1,A2,0,1,0,0,0,1,V1,71.52,3.432732108172035,0.1,260462354272316002357935816933470444507,48d5d3ded1a4178ad314e9bc18c36c7b420b7038e9f012a874e7e44a4ac60cb3,1,"{""0"": ""351d50b042ffd9f166a0b8724ca8ad019fc0b4b0a209a499904b1de7a4b94470"", ""1"": ""fe73addedff1a664bcebd82d3e7883e37689910cae5dd14facf02366ec111ccb"", ""2"": ""5d1d4d7d34074af57e1689da0f70d194bddc939ebbbe387ad5652211eeba1688"", ""3"": ""e73050342042b4b639ad4fbb61179b48c20c65cbd1a482aba77c0582a6fd4e2f"", ""4"": ""55ea0a5eb1ef656bc6e393e7be4d284913a9e2e457563a5196eddd3bcde17313"", ""5"": ""f9c22b3ad64631a001c3044e458e99f979ea4ec2cb45e9194db36734c3286ff5"", ""6"": ""f50d04c016e9776f3e5b5d7867cd7a98f4086d41564da181a9962eff2ac0b939"", ""7"": ""cd6aa7f56b08e6af6d011ded2eb36c438fcbfbed438bdbf195011f0673473d71"", ""8"": ""49f055ad05facba2fb328d62f3b58032effb927e9e69bdb7114ccdb484adf73e"", ""9"": ""19720f20ce67e5ff50eae255e13c01ebe581dc0294cfa6756bcc4f47a7c1642e""}",fc41eed757082203be146b1bb8085a4b9755b873898e91d573d6e188be47667f,1,0,1,0,2.618052333011543,0.0,"{""0"": 0.0024570000000000013, ""1"": 0.0024570000000000013, ""2"": 0.0024570000000000013, ""3"": 0.0024570000000000013, ""4"": 0.2797368749969848, ""5"": 0.2604018385623149, ""6"": 0.03749707603409761, ""7"": 0.27952476120783454, ""8"": 0.05138944936846344, ""9"": 0.08162199983030474}","{""0"": 0.1262285, ""1"": 0.1262285, ""2"": 0.1262285, ""3"": 0.1262285, ""4"": 0.1398684374984924, ""5"": 0.13020091928115746, ""6"": 0.018748538017048805, ""7"": 0.13976238060391727, ""8"": 0.02569472468423172, ""9"": 0.04081099991515237}","[0, 1, 2, 3]",[],1,0,1,1,0.0,7e14260f37acea6865655c402918374366a93f899ad8d427503def04a24f7887,771fd92faf15ffe475ac487a464045ab2473050d4070b0144a78bb1833868f61,"[""proposal_created"", ""proposal_committed"", ""v1_challenge_sampled"", ""audit_rejected"", ""recovery_recomputed"", ""recovery_audited"", ""recovery_verified"", ""committed_once""]"
37,trust_v1,1,A2,0,1,0,0,0,1,V1,80.92,2.154867403300757,0.1,322598290981461803455372251219532910098,c51e9fa47dd103d633803d8452703a17dd294702b5bcb11f116384d8631dbef2,1,"{""0"": ""7bb4a311116bfe6c7cd4f6b4d9fce3fb910f1f7350212f60a88a65a8d93a4f13"", ""1"": ""631e315ee5c8f6bfa2e04c6e57b2e0a737c084e11453481795aa958307549316"", ""2"": ""de0bcbb43207b1f3a78908df14075460d7b71464cd6305a25275ffe119974dec"", ""3"": ""46d8fc9de7ad23d6180b8b09c603d6c3a86399ce208d4658f5aebca023adc7ba"", ""4"": ""b6cf6f040f7956a446bcda11fe04e16a07174dd05b011272f6aaab652ab5b314"", ""5"": ""2ac1195ef717035fe250bdc8d296acc1df3df935d464916ebf2da98441a5edaa"", ""6"": ""53d6aa749901a6e20bc16bea3bde50a3e9d30403f79614a1979d8a2c43d7a923"", ""7"": ""02d712f7656253311d46f2e97ace8b45572103fc1fc678cd26030299d2ded2fa"", ""8"": ""78e5d5b2f71e862d3621b53291b200d9f125b76168a069e27431445653cbb4dc"", ""9"": ""8dffd41cbc8fec0f0f79e99e34686253d671e31f4a3643a31f01b183a0744a6a""}",ba6f8d17bbba919282aa5f073650ca6a725d6a0be825eea9e9befc147dff686f,1,0,1,0,2.7492278373368735,0.0,"{""0"": 0.0007371000000000005, ""1"": 0.0007371000000000005, ""2"": 0.0007371000000000005, ""3"": 0.0007371000000000005, ""4"": 0.08392106249909545, ""5"": 0.07812055156869449, ""6"": 0.2570263135877314, ""7"": 0.08385742836235037, ""8"": 0.22386245325553467, ""9"": 0.27026379072659357}","{""0"": 0.12536855000000002, ""1"": 0.12536855000000002, ""2"": 0.12536855000000002, ""3"": 0.12536855000000002, ""4"": 0.04196053124954773, ""5"": 0.03906027578434725, ""6"": 0.12851315679386574, ""7"": 0.04192871418117519, ""8"": 0.11193122662776736, ""9"": 0.1351318953632968}","[0, 1, 2, 3]",[],1,0,1,1,0.0,771fd92faf15ffe475ac487a464045ab2473050d4070b0144a78bb1833868f61,fb66e630960376d3cc9b442c3812a5ed13188a5a9821de1795081f43177451c8,"[""proposal_created"", ""proposal_committed"", ""v1_challenge_sampled"", ""audit_rejected"", ""recovery_recomputed"", ""recovery_audited"", ""recovery_verified"", ""committed_once""]"
38,trust_v1,1,A2,0,1,0,0,0,1,V1,78.7,0.30237579456374647,0.1,34630510634583546519610652094744826623,ba00565204de887a3e5dce2b6a903456ded4984f40dc57e4c778d277406a02eb,1,"{""0"": ""7ce99a1914ca44f311da14585ab27f51888c5003c1dafd930f7276955b4a0c64"", ""1"": ""16cedb2bde94687b9edb57a417a58a6b6f6468e29593eb1ce7002a3441666301"", ""2"": ""93cf1a9a866a7514d322b7a2b360e0cac8d4f2b9deee922e56374de9c22a6b54"", ""3"": ""522437d4c3d41f775f3770811c4e7d90e0dfe4ec37e1d5d6b272ed38380fdb2e"", ""4"": ""a90f8db8db9a6a3d38dc9f039842ccc2dae49ae073dc78f0aaa75baec23c4f2d"", ""5"": ""0b845f7760e63d2c50895191bc6b72fdd4e38ae751062e30a0a8c029e39429bc"", ""6"": ""6cd5b719892073f890db1c0981bfd2917d5b21946511056750c009c99b9d4d3c"", ""7"": ""ea97dd4465299847d921a01bf42b93e06632d55e8cce18030145c2b9fa509fb3"", ""8"": ""c12fabea8f4374e420b922ac43ead11149451712eabd54b788bad5b4f105ee69"", ""9"": ""069193e7379c24ec50a73dee685206d222cbb83be5c5e79e218d8b9d026dcbca""}",4e55a08b8809a432ad30fb5ab1206de24d5d7f0fd403a60e81f5e58fdb064d7a,1,0,1,0,1.3162572993671913,0.0,"{""0"": 0.07022113, ""1"": 0.07022113, ""2"": 0.07022113, ""3"": 0.07022113, ""4"": 0.09517631874972865, ""5"": 0.09343616547060836, ""6"": 0.14710789407631944, ""7"": 0.09515722850870512, ""8"": 0.13715873597666042, ""9"": 0.15107913721797808}","{""0"": 0.160110565, ""1"": 0.160110565, ""2"": 0.160110565, ""3"": 0.160110565, ""4"": 0.047588159374864325, ""5"": 0.04671808273530418, ""6"": 0.07355394703815972, ""7"": 0.04757861425435256, ""8"": 0.06857936798833021, ""9"": 0.07553956860898904}","[0, 1, 2, 3]",[],1,0,1,1,0.0,fb66e630960376d3cc9b442c3812a5ed13188a5a9821de1795081f43177451c8,9994dc609bee48e78efadc212121b3927d92de37969e80536fa05d18a88520aa,"[""proposal_created"", ""proposal_committed"", ""v1_challenge_sampled"", ""audit_rejected"", ""recovery_recomputed"", ""recovery_audited"", ""recovery_verified"", ""committed_once""]"
39,trust_v1,0,none,0,0,0,0,1,0,,77.36,0.0,0.1,312055561246649197310187232143574427490,b3b2ac98956e376fa9a4556eec4ffadcb087d0fac70aeff47f3f9ed75b64d698,1,"{""0"": ""c24a90dd923a226c2830b0a1e82d963f16a9ece4b7d970f6996fb4d4e2b6e9e5"", ""1"": ""85d2d4bd5b4e99dfc0e7f03bbb35591489db4b83c39ba2328c71e4f08c5b6f74"", ""2"": ""560731195df2211cce0951c2cc71cb22f69e999cad3d958366cdb1eb31eef8c3"", ""3"": ""dacbb4217e365ac46aa8a6b4af3dadae9e828fdae691df82ba87800cfce45993"", ""4"": ""1b12ee1865ae59b4030f4cdabaee2839330bf0d8512331ac2c683d5267a9e6a0"", ""5"": ""ce7dcdbb26061fca9c14bb194179c0095ac4df8abeaad59705c96db199d4add0"", ""6"": ""59ae6ed25e393f30f33a0544391bceb91928afbf9ee131d65eb9cbca3da42b0a"", ""7"": ""9ebfc07c995f3cdd166ccee27694704f907883e437882daaa9136f3d38a1dad5"", ""8"": ""02ab46cefd5ad706a67ec73227e70d708078254d664f9b8499f9608d37f80eb9"", ""9"": ""95b78ea8d42a1505477d407eb09b04b48687b529f96a30ee8da3f051c4f8deab""}",,0,0,0,0,0.0,0.0,"{""0"": 0.021066339000000003, ""1"": 0.021066339000000003, ""2"": 0.021066339000000003, ""3"": 0.021066339000000003, ""4"": 0.23728255962573225, ""5"": 0.08380413125139714, ""6"": 0.04413236822289584, ""7"": 0.2372768325534252, ""8"": 0.05918534718034263, ""9"": 0.25405340516620706}","{""0"": 0.021066339000000003, ""1"": 0.021066339000000003, ""2"": 0.021066339000000003, ""3"": 0.021066339000000003, ""4"": 0.23728255962573225, ""5"": 0.08380413125139714, ""6"": 0.04413236822289584, ""7"": 0.2372768325534252, ""8"": 0.05918534718034263, ""9"": 0.25405340516620706}",[],[],1,0,0,0,0.0,9994dc609bee48e78efadc212121b3927d92de37969e80536fa05d18a88520aa,7e787daa12637ae20b945c316978145088cb8bc28e752be0aeef35869e375c76,"[""proposal_created"", ""proposal_committed"", ""v1_challenge_sampled"", ""audit_accepted"", ""committed_once""]"
40,trust_v1,1,A1,1,0,0,0,0,1,V1,69.8,0.0,0.1,86847964522736012685646518037340900402,6c62068d1078939e8deb51bdd43a9fb5a81c7162a56bd1e55822197c3e7a95fa,1,"{""0"": ""5b8e70c4a975a7716825fd4bbd1f10897234c5c019ed5c1c3f4a8c6cee8665a5"", ""1"": ""27f7b6baf8526be77a97af5f5f851fc5f9ef5e3f4e3057b7ce4c033a7912e919"", ""2"": ""6022a8ff8ae195a99cd0299b1409d60605a289a8bcde3e8e195d1c9bedb6d4fc"", ""3"": ""499e11dd597c023a26fb6b131a841035ef4853f05040596969175b9242aaccd4"", ""4"": ""2f6446551caa8e7a8f28b3754d8357a8178cf5b493bb61c4a3642b008c543580"", ""5"": ""0fbf1277d9e9337d8025b71b0cf3a0ec0b5a30de6e9d69971d3ec595b689716c"", ""6"": ""c17d8e3462c1a6f9beda3470f8c70804c7378442f8469dcf3dd09d7a9b55015b"", ""7"": ""10fc83df94f85b69f93307adffe209afe87627dc8f936e33cbe47db0a47243bc"", ""8"": ""409de432d8b957279544cb75e18d8e375ebc9f7d975e977e7ffce12d305683ab"", ""9"": ""89eea08ece814188bde758a035be482a0603746ace2e216b2f4f2df50a911189""}",b343d72799eb563eb02f103c6aa126d9be50b8f33d8d7a583fce18919144c8fc,1,0,1,0,1.960371277267241,0.0,"{""0"": 0.75, ""1"": 0.75, ""2"": 0.75, ""3"": 0.75, ""4"": 0.1411847678877197, ""5"": 0.09514123937541916, ""6"": 0.08323971046686876, ""7"": 0.14118304976602758, ""8"": 0.0877556041541028, ""9"": 0.14621602154986213}","{""0"": 0.2029923567099551, ""1"": 0.2029923567099551, ""2"": 0.2029923567099551, ""3"": 0.2029923567099551, ""4"": 0.03821257168676828, ""5"": 0.02575059253482975, ""6"": 0.02252936666603201, ""7"": 0.03821210666600642, ""8"": 0.023751622535663007, ""9"": 0.03957431307088013}","[0, 1, 2, 3]",[],1,0,1,1,0.0,7e787daa12637ae20b945c316978145088cb8bc28e752be0aeef35869e375c76,3d233dd5d2f69f6c9c34de20fdb4efe1b6522b1a362aad73d9176d9cac26274b,"[""proposal_created"", ""proposal_committed"", ""v1_challenge_sampled"", ""audit_rejected"", ""recovery_recomputed"", ""recovery_audited"", ""recovery_verified"", ""committed_once""]"
41,trust_v1,1,A2,0,1,0,0,0,1,V1,77.24,0.14137058657281665,0.1,185666564466278327907986613147525329566,98658132f6b38beb1b120e3fe8b0c43122a7eee3d78758dc4413fb1e09e5f3bc,1,"{""0"": ""992d1daeea179785e775141c51731dd462873667c0e4aef66d96c8df16baf519"", ""1"": ""1b27b70d3fc6ed28229b8a2cbf496d92a9b5dc8b2b5adb178e2e07f9e20618ec"", ""2"": ""7c75ee831fadb89df56da850615745b8d902c2f736fa58755cc3bd261937b5de"", ""3"": ""4ac441ca8c54fb7db80b98c778cc0ae7bb05e713227971e71d9998740f35b39c"", ""4"": ""df24466c5f30deb734d704e13d9eb5e412b32516d21f02a68729d3d3483e102f"", ""5"": ""bc376111ce04ce1a6c08d131c0d0063fb35e94335c5c225c682bb4689ab27163"", ""6"": ""fdf2a88ef3fc142da9b2bb74a4d274d03d8d9c740822daef11de22c218e83510"", ""7"": ""06acb6483ff27b51008fd53f54179a123da3763355019e995f3639e937595d52"", ""8"": ""0a101d5999849c757a7683deb52b0f28341287bdf4719497b5ff9c0737922f37"", ""9"": ""6a92ade42b9c27edbac343c54420b7e27feea1bc16ffbe0dc0cc06f4a03b62d8""}",2d9be89f8b7b5aa9e1a6fa0d9128a479ddc4e40eab0fe6f93969b9acc5fa7766,1,0,1,0,1.6998399381687015,0.0,"{""0"": 0.022895970510000002, ""1"": 0.022895970510000002, ""2"": 0.022895970510000002, ""3"": 0.022895970510000002, ""4"": 0.1830692340050589, ""5"": 0.09368777717876013, ""6"": 0.03209631878153364, ""7"": 0.25762876755357816, ""8"": 0.08279536135234052, ""9"": 0.2591386590887286}","{""0"": 0.13644798525500001, ""1"": 0.13644798525500001, ""2"": 0.13644798525500001, ""3"": 0.13644798525500001, ""4"": 0.09153461700252945, ""5"": 0.046843888589380066, ""6"": 0.01604815939076682, ""7"": 0.12881438377678908, ""8"": 0.04139768067617026, ""9"": 0.1295693295443643}","[0, 1, 2, 3]",[],1,0,1,1,0.0,3d233dd5d2f69f6c9c34de20fdb4efe1b6522b1a362aad73d9176d9cac26274b,3f8c912f55bc422c1be7da9ee5fadcbef9a5993ae6dc16b989cc9c5872f4e8db,"[""proposal_created"", ""proposal_committed"", ""v1_challenge_sampled"", ""audit_rejected"", ""recovery_recomputed"", ""recovery_audited"", ""recovery_verified"", ""committed_once""]"
42,trust_v1,1,A1,1,0,0,0,0,1,V1,69.65,0.0,0.1,246874483112983675827111932942007534560,57506df03b2651da71f5d71b3edafe105c6b1da55e20060bbb1db5504be4032c,1,"{""0"": ""942a92568f60b86703859fbd57df8f5b06ca1bdaab02ed0be52ec36680789bc8"", ""1"": ""6dac28c7ad773e728e34afbe8a786c8fe74c102cefc7daed4fea76d9d7f157d1"", ""2"": ""cbc3e6a6cfa2a4d70b96f8e58f5ee707b15755e51faf471d049e996f4daede21"", ""3"": ""189dbf96f5660c52cc586f49577120a58c245161d988a3a3a74b54800a8ab491"", ""4"": ""a48557c28ed1dafb6e8cb607473102ba04904fd1bbf491fc5b2ad6f5682eb88f"", ""5"": ""a32baf1147aef63fade21956a8088d3da360217a897a09e7c9ec0927b9d75545"", ""6"": ""81559e377631ad36fa6e22edd8393b8f699997be49c01caf23d3dc6650a2cfa6"", ""7"": ""4324e1ad83f721240410c5ee8216ac09bde78ccf5ed18bd9afe56fd026cf3e73"", ""8"": ""1f6b0603a760b0ecc0bdf7970d32f49bcafadd491a242d1fd6b7ce896ad469b8"", ""9"": ""9fc3040e79013624c50f9a0b8d9cef8e4caab0bb71630e5987837e2f8641c539""}",03a7ef7643c86cd2be23742b9476c77e397086e13ff9cc2ff3d7b52674611d9d,1,0,1,0,1.9545060013418765,0.0,"{""0"": 0.75, ""1"": 0.75, ""2"": 0.75, ""3"": 0.75, ""4"": 0.12492077020151768, ""5"": 0.09810633315362804, ""6"": 0.0796288956344601, ""7"": 0.14728863026607347, ""8"": 0.09483860840570216, ""9"": 0.1477415977266186}","{""0"": 0.20311305500567936, ""1"": 0.20311305500567936, ""2"": 0.20311305500567936, ""3"": 0.20311305500567936, ""4"": 0.033830719025723585, ""5"": 0.026568902722984476, ""6"": 0.021564891012058128, ""7"": 0.03988832488125887, ""8"": 0.025683945981025955, ""9"": 0.04001099635423151}","[0, 1, 2, 3]",[],1,0,1,1,0.0,3f8c912f55bc422c1be7da9ee5fadcbef9a5993ae6dc16b989cc9c5872f4e8db,2d7a6830ed5ba78c081cf2359c791466cecf4f46f290051260bda53a6dd6adb7,"[""proposal_created"", ""proposal_committed"", ""v1_challenge_sampled"", ""audit_rejected"", ""recovery_recomputed"", ""recovery_audited"", ""recovery_verified"", ""committed_once""]"
43,trust_v1,0,none,0,0,0,0,1,0,,81.71,0.0,0.1,205003539038844133991253365767077695882,9c7869377dc423a91fc7221ba754078398989f6240a87ff90a9cfd38e44fec7d,1,"{""0"": ""e3e6cb5af2b7d360379a79ec7c3a06fa6b5f61c76d8c2380958b0662c41ae078"", ""1"": ""34aa5c907313febce61dfa571185f1563e0b518e4d89b87165cf317b6bb338cf"", ""2"": ""32f476a99ba617aeec5bffd050a500d4204be76592435978ea4f5348b7a4d6cc"", ""3"": ""fe81f9f9b55ef64513d3e8cff4d0b8febbeeafc4c11bd20d61144709b5eff852"", ""4"": ""8876f89810f7a378292ea25f069709f41bf9eee604d3ae944d135b00c17dd996"", ""5"": ""5bed80501b0c4555d3508b7fd631e6e0992e4662a03bb8ad7f9f9010f8584fe8"", ""6"": ""1fae8dc33d961b6343a025468786ed7ed094ac2cc6e458b8e815344f4539f659"", ""7"": ""73a8113202bdf20ecde9ad05cc003c0acfa84d5028ad232cea89db995ed75a77"", ""8"": ""569e132af7f87a9832c02e00140ad5bac5fa2d49873cf66848acf76c70dc5d5e"", ""9"": ""90f3e2dde29c995e686c99523fcffd1ba146b2d8d3570836234973c6798cf4ec""}",,0,0,0,0,0.0,0.0,"{""0"": 0.023060637345900005, ""1"": 0.023060637345900005, ""2"": 0.023060637345900005, ""3"": 0.023060637345900005, ""4"": 0.20276048867153285, ""5"": 0.10037666339192212, ""6"": 0.11691728540684543, ""7"": 0.0843604360842483, ""8"": 0.1937358401327882, ""9"": 0.20960673692906312}","{""0"": 0.023060637345900005, ""1"": 0.023060637345900005, ""2"": 0.023060637345900005, ""3"": 0.023060637345900005, ""4"": 0.20276048867153285, ""5"": 0.10037666339192212, ""6"": 0.11691728540684543, ""7"": 0.0843604360842483, ""8"": 0.1937358401327882, ""9"": 0.20960673692906312}",[],[],1,0,0,0,0.0,2d7a6830ed5ba78c081cf2359c791466cecf4f46f290051260bda53a6dd6adb7,2fc06c2953f511636d00d2b73eb2125539ecf486c4531fce3a06585fc1da3432,"[""proposal_created"", ""proposal_committed"", ""v1_challenge_sampled"", ""audit_accepted"", ""committed_once""]"
44,trust_v1,0,none,0,0,0,0,1,0,,71.21,0.0,0.1,61214053056394654509813919097090020204,2f3d0aedab2a1ff77970eb73ff988999395ef540cd8a9fb3625cebe1871742eb,1,"{""0"": ""374c76e57b41ef6fe949ed67294a0ae25268802dfa4307007776bd9ae3e3e81f"", ""1"": ""879780f279da5ab1b33a119bea77a01b35a4c2f7be7e06398330278ea125c865"", ""2"": ""88f4c29df67e35fa3821324ccfd27de445d1ca69d8e7c18025b03d09c5c7a529"", ""3"": ""76d321a5af61ea4290423dad326c695aef969faedc1e8bc04dd393a7f2c7724c"", ""4"": ""1de1f3ee123e2f65691b55a025d4d96b0973655093985abd471d1ef7799ddb27"", ""5"": ""617cf3fd283f5490d8be4247c0ba99b7e5ed5812fd06a7232ace0f005f36787c"", ""6"": ""f2704e03c48af66ae346c7e49fd755382bc9eb631a6028510ede765f2d61054c"", ""7"": ""fe6e387f3de95ef4c720f0a79a7cfe2f029e61dc62055922cf1b0cf8f5db9cb8"", ""8"": ""c790461799a4900e8d07ae66f1dadedcc320e62f691a6fe4079ff6caf4bb2358"", ""9"": ""854ee64ceb8c6ad13aa1819b1698d337766c204eece8cc616ad2636cf29017cc""}",,0,0,0,0,0.0,0.0,"{""0"": 0.07691819120377001, ""1"": 0.07691819120377001, ""2"": 0.07691819120377001, ""3"": 0.07691819120377001, ""4"": 0.13082814660145986, ""5"": 0.10011299901757664, ""6"": 0.10507518562205365, ""7"": 0.0953081308252745, ""8"": 0.12812075203983647, ""9"": 0.13288202107871894}","{""0"": 0.07691819120377001, ""1"": 0.07691819120377001, ""2"": 0.07691819120377001, ""3"": 0.07691819120377001, ""4"": 0.13082814660145986, ""5"": 0.10011299901757664, ""6"": 0.10507518562205365, ""7"": 0.0953081308252745, ""8"": 0.12812075203983647, ""9"": 0.13288202107871894}",[],[],1,0,0,0,0.0,2fc06c2953f511636d00d2b73eb2125539ecf486c4531fce3a06585fc1da3432,a083cd1b784d93902e3297547b5209f4acdec2841c545d0e046fc2e290198deb,"[""proposal_created"", ""proposal_committed"", ""v1_challenge_sampled"", ""audit_accepted"", ""committed_once""]"
45,trust_v1,1,A2,0,1,0,0,0,1,V1,74.79,1.0775636554131833,0.1,298002990985716392063231697263037104439,dae36d104092d86e7a71750281557db59f8b6b39db6306e8d4079f18e7c5fccc,1,"{""0"": ""92a928dc00c0f76f9c91861a629f864604a125f8208da64242e9cdf7f01f18d6"", ""1"": ""f86ecfbffd4d379b5b797af38cddaaea025530e7abcd327fe0992c9831d7c11b"", ""2"": ""cc9c62e7549f8f7c59ead2a3218dd3398e5a3add2099671a20b54c64e2d726dd"", ""3"": ""c4dca7b5cf141ded95be0b33180a4de1aab660f1ff8b4e2df76dade36db903a4"", ""4"": ""52bdd2103bbccac568d72d0425ad9d823d514e87989b21924791858dfdcd2892"", ""5"": ""1a325f79fd966f38e5031fb842c20137fe644d3dae39a5dc55eb91318ef39a68"", ""6"": ""d7cb52519b5bd2cc156c0c1019f85506c41cc4099567836d859c43fb26a9aa7b"", ""7"": ""88fa7f07b6d6d532b7ad56f44e315192fd80de4bbe9eece3dc7840a34f19835d"", ""8"": ""0d868b9d2b5d55fac6363d03b3a9a22351d231ad1d698f01a2c3cb272114605c"", ""9"": ""5b2b447972d7933cf23a09aa439cd14ddfc99456fdb335ea012b222e302fde5c""}",05a3135b69d1f5879f9f572a13e85ae931dec7fc549b592f50e1d4b6a9eb0e7a,1,0,1,0,1.6736209821932266,0.0,"{""0"": 0.023075457361131008, ""1"": 0.023075457361131008, ""2"": 0.023075457361131008, ""3"": 0.023075457361131008, ""4"": 0.12351085541712745, ""5"": 0.1593371178298077, ""6"": 0.08354504059758291, ""7"": 0.1328891125009093, ""8"": 0.20349383174919197, ""9"": 0.2049222124608567}","{""0"": 0.13653772868056552, ""1"": 0.13653772868056552, ""2"": 0.13653772868056552, ""3"": 0.13653772868056552, ""4"": 0.06175542770856372, ""5"": 0.07966855891490385, ""6"": 0.04177252029879146, ""7"": 0.06644455625045464, ""8"": 0.10174691587459599, ""9"": 0.10246110623042835}","[0, 1, 2, 3]",[],1,0,1,1,0.0,a083cd1b784d93902e3297547b5209f4acdec2841c545d0e046fc2e290198deb,4419f96395eb481e184e0fa1a9431bed00d43baf5635398bd455a0d1601056b6,"[""proposal_created"", ""proposal_committed"", ""v1_challenge_sampled"", ""audit_rejected"", ""recovery_recomputed"", ""recovery_audited"", ""recovery_verified"", ""committed_once""]"
46,trust_v1,1,A2,0,1,0,0,0,1,V1,81.02,3.2837405616179893,0.1,268418180363419617358184490470918087257,a09abb2aef2d03bd5cc55ca0888006ddca852db505cb330297899d10bea44c16,1,"{""0"": ""ce683d89ec6893ecfefc2fd4b12a5b642c339e314e23baaf5a7d3e87a6ee470d"", ""1"": ""031b9d518def1f46b49949382647bbf2ddf6bc1c66fca0f4871bc764ac504d19"", ""2"": ""80a2330afb455df4e58d385744fc9cb0880350900d65439828b8fa0f0c72486c"", ""3"": ""0cfffd841cbb7c8ee4267cc4c8c62a167125b646dc450fce0ff558123dd3c701"", ""4"": ""1f683e34a2a435391daa90688916d12e569e70b57a92b626465f70258285f2da"", ""5"": ""b449753ac2389feaab9f62623f9f4eb8307b2237136edfa944ddc296f25c1843"", ""6"": ""807d335c104200594ca3bf96675d00980a8b925d93864558741680fb498f2dbf"", ""7"": ""de39dac63b13f405f8a95f562e672c91f7dfdbb4d72060ae8b8807f3c1279940"", ""8"": ""ea54d83d5211eb2890db27804fffb7bf56e0d6cfc55b12261b5cba91ab187f93"", ""9"": ""101a6439bd7fb9ab87dd93edbeb6d0fbfd7e61cc8f6107072361370b91a87191""}",98de511f5d2b781bff63739507617e210bbfe8a6f8f80e3c77cdcd589739a69e,1,0,1,0,2.505225254978213,0.0,"{""0"": 0.006922637208339305, ""1"": 0.006922637208339305, ""2"": 0.006922637208339305, ""3"": 0.006922637208339305, ""4"": 0.18663185619363945, ""5"": 0.04780113534894233, ""6"": 0.3002742123950243, ""7"": 0.31507743396602217, ""8"": 0.061048149524757615, ""9"": 0.06147666373825703}","{""0"": 0.12846131860416965, ""1"": 0.12846131860416965, ""2"": 0.12846131860416965, ""3"": 0.12846131860416965, ""4"": 0.09331592809681973, ""5"": 0.023900567674471164, ""6"": 0.15013710619751214, ""7"": 0.15753871698301108, ""8"": 0.030524074762378808, ""9"": 0.030738331869128516}","[0, 1, 2, 3]",[],1,0,1,1,0.0,4419f96395eb481e184e0fa1a9431bed00d43baf5635398bd455a0d1601056b6,d95a80cb207a3080da23a406187ea1a83779e704ac9160b2b0a7f24ed3bd39e8,"[""proposal_created"", ""proposal_committed"", ""v1_challenge_sampled"", ""audit_rejected"", ""recovery_recomputed"", ""recovery_audited"", ""recovery_verified"", ""committed_once""]"
47,trust_v1,1,A1,1,0,0,0,0,1,V1,65.69,0.0,0.1,76182927652081204489292391294156112862,e4f444b4b15e8e97443378a1ff81fe8a4d709614ce27d8e4606b2829675edca9,1,"{""0"": ""de276fa2cfab9a1076ce0ce86f4550c9660b47dc91b8e6d6e8fcec695350a049"", ""1"": ""25b4c1f029f95e126b5dca4af506c212022763e978064f85361953fcebd3fb6f"", ""2"": ""5afc326969fb7f91ccbea982205d56cd163fb8164bfc827fa9a7f4e6fa360cb8"", ""3"": ""d3e096392a74b4142d1147cae86f829f19da19144fd7ec3b8d998c8636c00e24"", ""4"": ""474e839b723c7e651e0671db346ccce6d103a6f47e8779bfa6b849f04925c1be"", ""5"": ""82de415920ab49d34092c1fb432a1e57417deb7290fa096bfb25fb60ca2894c3"", ""6"": ""76416063e7b77972e2e93734ab9a6d1bbae2d38c3e728c2593926daa37d78278"", ""7"": ""6db5a709fb6f92c1c7216323c70e3de7fe560742d99e01d0c6f75aaf6dfde795"", ""8"": ""36bc98cd82f30ea2262d6d6c710da776136bf40cc6c90fbbe7343be81123f21f"", ""9"": ""71374c39250a51d86ce582c8a4e26b1ed68405f52207efdfbd37fea218f2bca0""}",fbbc395e5c47e4bfffb1f93002da41b52a42b312615d3df1175baa48570b6558,1,0,1,0,2.5875293205648604,0.0,"{""0"": 0.75, ""1"": 0.75, ""2"": 0.75, ""3"": 0.75, ""4"": 0.05598955685809184, ""5"": 0.0143403406046827, ""6"": 0.09008226371850729, ""7"": 0.09452323018980667, ""8"": 0.018314444857427288, ""9"": 0.718442999121477}","{""0"": 0.1878902087250007, ""1"": 0.1878902087250007, ""2"": 0.1878902087250007, ""3"": 0.1878902087250007, ""4"": 0.014026519365982894, ""5"": 0.003592546119201914, ""6"": 0.022567433776654523, ""7"": 0.023679985932965417, ""8"": 0.0045881398225927055, ""9"": 0.17998454008259976}","[0, 1, 2, 3]",[],1,0,1,1,0.0,d95a80cb207a3080da23a406187ea1a83779e704ac9160b2b0a7f24ed3bd39e8,e491a31f32515fb1e146403c9d12702eee5d319028ab07163f7b3a4d22a87295,"[""proposal_created"", ""proposal_committed"", ""v1_challenge_sampled"", ""audit_rejected"", ""recovery_recomputed"", ""recovery_audited"", ""recovery_verified"", ""committed_once""]"
48,trust_v1,1,A1,1,0,0,0,0,1,V1,69.14,0.0,0.1,86925588665607380839760501758207997828,3ad04dcacc122dbe11119e66e83e3632d061975b513cfe926472873d63088b06,1,"{""0"": ""ce2db4eb4d4a114b207a8b3fae7380690ecc38b7a9f5e5c4ed1e633fb5a940be"", ""1"": ""ad4f300129c68a059ff0cf661743bfb48c76c57c65a12857ff35352361cd25df"", ""2"": ""94e95805ffe7bdacef11c69ef56c510021a517e008dda921dbb283294d073980"", ""3"": ""3b1ca320cc5bcfed32d752bf287108a736351b31f82204d28a107d864dad250c"", ""4"": ""f6635506c65b5a84779131694857bdbf1c47be7625d35afb39e9d14f3b143ff4"", ""5"": ""0bc648fe50f1163e12ccaa3e01038bb9458785e3c2567339de63772016bddeff"", ""6"": ""1fc64c2d0360bea66f2ca7b8b65bceb6b00f8f60cf21225f816e806abed2218b"", ""7"": ""452d79317722013eb14daf5225738cea1d56ec49a7c765aac99399c57b7050b9"", ""8"": ""e01c91558cfd61ce540c2551700da850669d2adc250ecffe22db42d5d927aa1e"", ""9"": ""b2435d254a4a1cb020f5de43dfae8ed9b1ad707bbf73b8bd46f5f5bfcb8d95a4""}",a5a358f7640d54e95d788d0297f3be071662e743e101e9eef6d4e694790fbb96,1,0,1,0,1.4597954931332358,0.0,"{""0"": 0.75, ""1"": 0.75, ""2"": 0.75, ""3"": 0.75, ""4"": 0.31649345295002945, ""5"": 0.07691526445779938, ""6"": 0.0270246791155522, ""7"": 0.05635063499534371, ""8"": 0.005494333457228188, ""9"": 0.21553289973644318}","{""0"": 0.20282268247628712, ""1"": 0.20282268247628712, ""2"": 0.20282268247628712, ""3"": 0.20282268247628712, ""4"": 0.08558940148467672, ""5"": 0.02080021368093853, ""6"": 0.00730829054836959, ""7"": 0.015238915931997, ""8"": 0.0014858339336189783, ""9"": 0.05828661451525073}","[0, 1, 2, 3]",[],1,0,1,1,0.0,e491a31f32515fb1e146403c9d12702eee5d319028ab07163f7b3a4d22a87295,57a34c06371bcb6d010c7f17a49f2ea436b15c0b3adabed6614f60e38484ca80,"[""proposal_created"", ""proposal_committed"", ""v1_challenge_sampled"", ""audit_rejected"", ""recovery_recomputed"", ""recovery_audited"", ""recovery_verified"", ""committed_once""]"
49,trust_v1,0,none,0,0,0,0,1,0,,79.04,0.0,0.1,10519304926707290442213119481316033420,cbbb03fce66682f7cd3ad4cb2ad0f0176db9687ab79357a47260e9ac5f3e9536,1,"{""0"": ""a90aa2c7eea5e71870f5afbf789335ce11e1df573a9f37a73c86fa7012beda50"", ""1"": ""971a889ff343f579237251fc1c27bc4025a6d0201f259dacb9217412bbc97ba3"", ""2"": ""8d815e1ecde561d8dfc5110beadb67fb3e2a9d3830f51019b502c9d777e8b5f9"", ""3"": ""c88675da860fea200efd89e39ec66813d39addd8aff81926bd791c67b25f3c81"", ""4"": ""59b2379a96cf3d7988a5e06b759d2109f21acfd1e3451bf2dd6553cf8b5a96b8"", ""5"": ""9ce9dfbb3d65378c3468ae134551a47c26f7d8be54e4688f8fa72c2ea6ebddeb"", ""6"": ""27c358556e97f6d277798346ad5703a39b6b459407152ec15f30fe4d65801f6e"", ""7"": ""918d719c80ae7715f507c8bc8406d6076c8d8fe369e22375db069334e29112ff"", ""8"": ""ba2d7f3e05bc672e44df6bb326f1af3690b5029a1990ff0802faaf8596da93ad"", ""9"": ""dada8d8644e1f411dbacb1e9dc530392c70da287562b9c1a0609899eb6048143""}",,0,0,0,0,0.0,0.0,"{""0"": 0.09009588697240574, ""1"": 0.00018691120462516132, ""2"": 0.00018691120462516132, ""3"": 0.00018691120462516132, ""4"": 0.5374205160545917, ""5"": 0.03675906827506192, ""6"": 0.023217464047015725, ""7"": 0.17219520006637393, ""8"": 0.058425421186183324, ""9"": 0.08132570978449222}","{""0"": 0.09009588697240574, ""1"": 0.00018691120462516132, ""2"": 0.00018691120462516132, ""3"": 0.00018691120462516132, ""4"": 0.5374205160545917, ""5"": 0.03675906827506192, ""6"": 0.023217464047015725, ""7"": 0.17219520006637393, ""8"": 0.058425421186183324, ""9"": 0.08132570978449222}",[],[],1,0,0,0,0.0,57a34c06371bcb6d010c7f17a49f2ea436b15c0b3adabed6614f60e38484ca80,3d973be7cc48ea7e844bfecbeeac030ba12b46a71703c798f0229981266d2639,"[""proposal_created"", ""proposal_committed"", ""v1_challenge_sampled"", ""audit_accepted"", ""committed_once""]"
50,trust_v1,0,none,0,0,0,0,1,0,,80.21,0.0,0.1,25449004171399914505810516234468694108,e228f48939f61a46aa8a89fdac6f24cbbb04276313c45c7246d3fe69d6e090df,1,"{""0"": ""21961a8cc8257f9ba91c59dc459bd3a665c9da98c3407608f06f1dc3d014e8eb"", ""1"": ""f32ab5147c18b6b9d6bae2906e031bb18910d3246e0507417e82aaa2d5f89e1b"", ""2"": ""b0148aaad3eae6aa370163b18d25c1e1fe76a9703b01da8373859ee8d45eb47e"", ""3"": ""a183c49b46f4101ac2541404f24f2ca5811761c56a8b7d4a24181e69e291e19c"", ""4"": ""5991d3ab7f30fba15dbadffdf55889bfaf85b1cceaac3736bcdb269e1e17dc8a"", ""5"": ""7b7dab8a7e075b4085c3421a1ed65e7861ab9380ee8be94175979cca61bd83eb"", ""6"": ""5b1c56ccf6a28a68ec414ba499d338f459ea45b20f2a339ce1812ed44594f0ec"", ""7"": ""4f3130cc90f3ff7366774c8dcf02ff75f099da6ed301cff6cf79efa2f9bf5303"", ""8"": ""2c64a647fb43f9d5034a13af56479a0bb7d6e51aa8588caec28ff30b58bf9e09"", ""9"": ""29d3e5c711f9339dc85cdaa4ad8bcddcacfc6f025bfbef8feb02926de92699ac""}",,0,0,0,0,0.0,0.0,"{""0"": 0.02702876609172173, ""1"": 5.607336138754841e-05, ""2"": 5.607336138754841e-05, ""3"": 5.607336138754841e-05, ""4"": 0.16122615481637756, ""5"": 0.22247106762248914, ""6"": 0.18012097631228238, ""7"": 0.1556161286417934, ""8"": 0.22897097349582557, ""9"": 0.024397712935347673}","{""0"": 0.02702876609172173, ""1"": 5.607336138754841e-05, ""2"": 5.607336138754841e-05, ""3"": 5.607336138754841e-05, ""4"": 0.16122615481637756, ""5"": 0.22247106762248914, ""6"": 0.18012097631228238, ""7"": 0.1556161286417934, ""8"": 0.22897097349582557, ""9"": 0.024397712935347673}",[],[],1,0,0,0,0.0,3d973be7cc48ea7e844bfecbeeac030ba12b46a71703c798f0229981266d2639,667e53f04e8e9faccb784048a4875d4cb9bde30fe562c302888b00750153366a,"[""proposal_created"", ""proposal_committed"", ""v1_challenge_sampled"", ""audit_accepted"", ""committed_once""]"
1,trust_v2,0,none,0,0,0,0,1,0,,30.7,,0.1,,7f6673357cc3921907640bede5051c65258bccf3975c3d110389d3f4d45f4b90,1,"{""0"": ""9d09c657bac04e140a204cddbfe3f8f858f938baf5c4b559469089c8fe848ceb"", ""1"": ""f9fddf76475fbdef02396fc6963e2cdea2a4c53bad3c1c3b4de5ef210ca9e9ed"", ""2"": ""6c45ded6556cb568f3fe373924682c9c68637cf68a08ae7cddf19f7bb1f9dd85"", ""3"": ""cdc1b9ce851fcaaac5d78dadb8d22e3031725c9792c24d10a0240489bacbde34"", ""4"": ""2ed28e432dce212e8c849a612d59ad1cbcb668e1d2b72baefdbc9e26ccdcaaec"", ""5"": ""de8cad319941873656d9a1c2c83e0a36e700e80d8cf83c19fe6eb7129bd00bf9"", ""6"": ""9b5060c8d424d746e9cc0dfed5cafdc080c6bfce8513f0bf14baccb6c7eb2f10"", ""7"": ""d4b349b0e0cf24819aca36bed141f7586f5e2086a4dcb54d543a6b6b98957162"", ""8"": ""fe5928571910924591dbbcdb1f8f1cf998ef290cf809de37b20cc73f6c3e3ddc"", ""9"": ""3474c1f30c6edd3d751b34ac5d2fdca1c5778bd88c3bbb63e9eac1c23e304412""}",,0,0,0,0,0.0,0.0,"{""0"": 0.05373079274862037, ""1"": 0.06625166240581928, ""2"": 0.09723635507828143, ""3"": 0.09333077203048484, ""4"": 0.15801666435096368, ""5"": 0.1221493970136788, ""6"": 0.15801666435096368, ""7"": 0.14103313120479347, ""8"": 0.030000000000000006, ""9"": 0.08023456081639446}","{""0"": 0.05373079274862037, ""1"": 0.06625166240581928, ""2"": 0.09723635507828143, ""3"": 0.09333077203048484, ""4"": 0.15801666435096368, ""5"": 0.1221493970136788, ""6"": 0.15801666435096368, ""7"": 0.14103313120479347, ""8"": 0.030000000000000006, ""9"": 0.08023456081639446}",[],[],1,0,0,0,0.0,b3220bfac175afe1cedb4598a5691b69b53fa9091468290c805398577190d670,2cc687c0918f6a49218b0685f799fe850fe93e237230b3d98e639e28d5b6111a,"[""proposal_created"", ""proposal_committed"", ""audit_accepted"", ""committed_once""]"
2,trust_v2,1,A2,0,0,0,1,0,1,V2,38.84,,0.1,,c60db7c0fa9e7f46a6b3d0f15d2070f4ac167a0a4a38f6997db33d3a69533cc7,1,"{""0"": ""5a0b506ba47b133dec4c4ac04b5135b4c8f87267dde331c9a9d25355bc605ef3"", ""1"": ""b17a205e06ec4eeaf33e93c7a4e2e76ec181d3cbff1a13e68546f061ef868d6e"", ""2"": ""29ea4a26a3462f0594899b1502a426428abac04ba4c682f9dc29c5b92b68f500"", ""3"": ""88fa5a18d18d2f599778e38ec541227bb43c956bb98cb0283195908b12ea339c"", ""4"": ""094dac9096fb93ca04905e4569e1b2626769185590d5b78a0f3ba91dc3b7e5f7"", ""5"": ""5e1f089da529507a2899b401c31ef188d06e936fc3952d5e4b2c9f9494a945dd"", ""6"": ""ecf1fe45579c3d3fb06e456e9446b2ccf2dd251cdb44351fc11da036fb21dbac"", ""7"": ""da5bf4c5f82151cdc070effd52521ddeb1b5d8a42d36a90018b201c9521cdb09"", ""8"": ""923d6fb81328dfcec7ad286fae021789247b289242660e7c9bd3bfddbfcd5b49"", ""9"": ""6fc9e85e3ca86ae71573061d7a5c64f8b207e971fa2f922e1433bbfbf0eac6fe""}",ec9799e4057db2c70cb46c9a226ef852d71cd15c301aab5ccaaa6aec0f493bac,0,1,1,0,0.739442850777199,0.0,"{""0"": 0.016194159430419033, ""1"": 0.01987549872174579, ""2"": 0.02917090652348444, ""3"": 0.02812235141634344, ""4"": 0.2008301493142076, ""5"": 0.19006996911302212, ""6"": 0.18496118960921923, ""7"": 0.19573508937035652, ""8"": 0.009000000000000005, ""9"": 0.126040686501202}","{""0"": 0.13309707971520954, ""1"": 0.1349377493608729, ""2"": 0.13958545326174224, ""3"": 0.13906117570817175, ""4"": 0.10041507465710381, ""5"": 0.09503498455651108, ""6"": 0.09248059480460963, ""7"": 0.09786754468517828, ""8"": 0.004500000000000003, ""9"": 0.06302034325060102}","[0, 1, 2, 3]",[],1,0,1,1,0.0,2cc687c0918f6a49218b0685f799fe850fe93e237230b3d98e639e28d5b6111a,15896938f753f9893cc53c829adb8d6caac74594572b077f3edf8caf3ec3f2df,"[""proposal_created"", ""proposal_committed"", ""audit_rejected"", ""recovery_recomputed"", ""recovery_audited"", ""recovery_verified"", ""committed_once""]"
3,trust_v2,0,none,0,0,0,0,1,0,,53.81,,0.1,,ed5b01ca45ca021e4ce563aa190a200e668d6f5a168068398c098727aad11b3d,1,"{""0"": ""6acec3fc38ded82528243ec1166c32dc0b0112cf51d5698b04ca3f489aaf4ac7"", ""1"": ""066526610f46e998108c995613896429ef53d87f82ba2155e1654f64398f500d"", ""2"": ""f9af22cab50ac4caa1a8666f3cb6383e520e9843aa1aac570a693cd833985d71"", ""3"": ""2751565629e8a3c5069c6de7ab69cdedd0655d3011f57daebfa244653808c3aa"", ""4"": ""fbd887da5c2acd447fa348023f5030f6c89a173ee1ec73442e6ad81e600a61f1"", ""5"": ""2dca71192935798ef210243f73d49459b1472e54a27b4d35276a0143532e05bf"", ""6"": ""803bc9cb0793a886c18d968c1e6d4121e5ee101f6a65465c51481ae17bf42755"", ""7"": ""337c16e3058b76fb02742d5892ea096ae1133c15db5fa1bedd0f3577ce4ef3a6"", ""8"": ""6b0aca6c1991b9af9c125a4a180cce8d4478ad1bcaf63625cd9f4b6a0b9f22c3"", ""9"": ""9b898ba45d59bf8f918cbea556ab035dbf110dde0082959be8b7ba13fb6b9c04""}",,0,0,0,0,0.0,0.0,"{""0"": 0.00485824782912571, ""1"": 0.005962649616523738, ""2"": 0.008751271957045333, ""3"": 0.008436705424903034, ""4"": 0.25338326459268146, ""5"": 0.13843831073914617, ""6"": 0.1651855329939534, ""7"": 0.2518547466095261, ""8"": 0.002700000000000002, ""9"": 0.1604292702370952}","{""0"": 0.00485824782912571, ""1"": 0.005962649616523738, ""2"": 0.008751271957045333, ""3"": 0.008436705424903034, ""4"": 0.25338326459268146, ""5"": 0.13843831073914617, ""6"": 0.1651855329939534, ""7"": 0.2518547466095261, ""8"": 0.002700000000000002, ""9"": 0.1604292702370952}",[],[],1,0,0,0,0.0,15896938f753f9893cc53c829adb8d6caac74594572b077f3edf8caf3ec3f2df,42bf5c039bbbcc47771b6610e3be6df86ed19b6cd85c8de504e45531e6a6aed6,"[""proposal_created"", ""proposal_committed"", ""audit_accepted"", ""committed_once""]"
4,trust_v2,0,none,0,0,0,0,1,0,,59.89,,0.1,,fbf64f08e8ac9f72f0c009e2f007efcdf997f3ad91b4d5da333609561a9734c1,1,"{""0"": ""4de4c8757ade7d836a71d0d9b1083ec24cd89e3b5dfe19f5cd55f7245f3e3a6b"", ""1"": ""63128c5a96c382a84eab351288bb759cd803bb091a816f85bae4b437399a727e"", ""2"": ""da44694ffbfb5a69f029e92dc8d1fa5f4fef175b219f68599d8a7a0adeae56fb"", ""3"": ""a130e2f8a0d6e6bab53caf07a48d40200fb1471c80f2ee9a464f075c5529e261"", ""4"": ""cf919992853e3d6cb94525f1df2620ce943ac3ee61304c262050ae4e83f953c7"", ""5"": ""1a94cef358f7590c92c70ce50570bfe92cee11aec5df1cd3f3bcd453e0455fbc"", ""6"": ""d5efb20b395568e729604090ab084f92fc8645dc45d7da48dddfec0b0642e269"", ""7"": ""80d02dc8867cae76301ef14f6e692c40c2f2d8c728cf19982a5ce00e0a85a715"", ""8"": ""9a0c104892c4e1108b53882302d4709b10c36d8c0f6902d56eed4f7f9a3062ff"", ""9"": ""dcb878c752ed52049f436d676630e99b9987a4f143e0acb0ac6d3984fd2cf4c9""}",,0,0,0,0,0.0,0.0,"{""0"": 0.0014574743487377132, ""1"": 0.0017887948849571217, ""2"": 0.0026253815871136003, ""3"": 0.0025310116274709104, ""4"": 0.24508681776915003, ""5"": 0.11691232111549846, ""6"": 0.21862749828953162, ""7"": 0.24462826237420343, ""8"": 0.0008100000000000007, ""9"": 0.16553243800333706}","{""0"": 0.0014574743487377132, ""1"": 0.0017887948849571217, ""2"": 0.0026253815871136003, ""3"": 0.0025310116274709104, ""4"": 0.24508681776915003, ""5"": 0.11691232111549846, ""6"": 0.21862749828953162, ""7"": 0.24462826237420343, ""8"": 0.0008100000000000007, ""9"": 0.16553243800333706}",[],[],1,0,0,0,0.0,42bf5c039bbbcc47771b6610e3be6df86ed19b6cd85c8de504e45531e6a6aed6,82cad2ee1fe684313d4056084b9ebc6e135c4842c4eb923533cd2a6d5877fb7a,"[""proposal_created"", ""proposal_committed"", ""audit_accepted"", ""committed_once""]"
5,trust_v2,1,A1,0,0,1,0,0,1,V2,58.51,,0.1,,70a5097c18f96bbca616ee3030dee52e391514dabbe3c61f96072b5cb358a06b,1,"{""0"": ""565beb1d4213c0270ea2a3ebf77b43785bbe89d3a39d951c70488cd66e466140"", ""1"": ""75c025443b7677daca753ca88b1d13f2df08e193cd3f6ff47b7101b3faa2e8a2"", ""2"": ""2d5d7fd102dc2915b6c6e1c14ed87682a5b5a2e0223c12c2aaad084530d906e5"", ""3"": ""797002ffcf7ff1555456a38ea7ef8c96c875214ebc42ec7b21277249fbd4181f"", ""4"": ""e3319212a967457bb2d178fabdd7234185a649e00e99ea6d3bb39b800f15aa78"", ""5"": ""996aa9fcc4ff6fae54236c71f99f5886eab5f7ed9637c57af40ae07d87758e30"", ""6"": ""0160363c8b5fc14a5f625a1f95bde2f4e2c02c4e7eb198488d718e2f77c27201"", ""7"": ""0048993c308fcf851e57a0bb98996107c1f1eebabd86f24ac508ca6f21731629"", ""8"": ""bcf1ddcf20480b9fc94605ac8e8a307daa36f68bf3f05e39cd532064b0295794"", ""9"": ""398257372532788a7e427b4f4b8cdc888992907af6491146465a71eabe4cfeb8""}",b6f8ea9ff92f58db47bcf8348312904ac46e5f334c3881c6acf8839edd439924,0,1,1,0,2.4898564549311435,0.0,"{""0"": 0.75, ""1"": 0.75, ""2"": 0.75, ""3"": 0.75, ""4"": 0.1806252622739503, ""5"": 0.0772016702432874, ""6"": 0.2825494574790286, ""7"": 0.2903496867044301, ""8"": 0.00024300000000000027, ""9"": 0.1665101245648199}","{""0"": 0.18761823695356963, ""1"": 0.18761823695356963, ""2"": 0.18761823695356963, ""3"": 0.18761823695356963, ""4"": 0.04518479100948622, ""5"": 0.019312588347888588, ""6"": 0.07068190808587058, ""7"": 0.0726331950926753, ""8"": 6.078830877295663e-05, ""9"": 0.0416537813410277}","[0, 1, 2, 3]",[],1,0,1,1,0.0,82cad2ee1fe684313d4056084b9ebc6e135c4842c4eb923533cd2a6d5877fb7a,9aae28f3fbaa6dcaee8b9bc8be1ae70463bbfa90c0655f2b4f0e0df57b0e2025,"[""proposal_created"", ""proposal_committed"", ""audit_rejected"", ""recovery_recomputed"", ""recovery_audited"", ""recovery_verified"", ""committed_once""]"
6,trust_v2,1,A2,0,0,0,1,0,1,V2,60.53,,0.1,,1a7511ee046525834c21ad1c87ed570c3f6b02a8eedd653c30409d2fcc5bab10,1,"{""0"": ""45f8377072a58d5ccaaef5dfe13cb890b11573da6292508b4b1782ca0f010363"", ""1"": ""089689ee9b7157c60a6360270e135f558e879711c076886c498098f5b584260b"", ""2"": ""2c90faa3b40bf4a4ec0071b6d6f6a9f41af8cd17fe907710d0d21fa391ec27b9"", ""3"": ""3bf28cea1466624a586be08916ef25d01961b07905fd1ee405b0c6443590e3ad"", ""4"": ""8016ecce5b64940d91c3c63d797ea7e7b40af9b6ec147400a7a614a0ac1d0a5e"", ""5"": ""a265809fd5eda86191338cac96056eef207f10adacf9255fe016a0813935ba01"", ""6"": ""564b1a6974918386d12cfaaaa98509a6b717d73eddcbe0255bd35777bbefa9c6"", ""7"": ""ec82482880300f4cd2ec0955ed10a32488bab4a3e08b50455e31a33757617a67"", ""8"": ""6edeb6c927ee473b3aef4e9999560d2b7ce0b42f5134d933ff2fb84a11e2035b"", ""9"": ""c6e2131b651437e637154d567eed3de417028bea53641c3f220b901f97659095""}",b820309716a361741a2e6bcbb72d9846dbd03931db0132ecb24811c822103959,0,1,1,0,1.9352897334502164,0.0,"{""0"": 0.00013117269138639425, ""1"": 0.000160991539646141, ""2"": 0.00023628434284022414, ""3"": 0.00022779104647238204, ""4"": 0.24638532075424047, ""5"": 0.10863182534219082, ""6"": 0.16790374290942625, ""7"": 0.2667985664119544, ""8"": 0.0006322812452623705, ""9"": 0.20889202371658064}","{""0"": 0.12506558634569323, ""1"": 0.1250804957698231, ""2"": 0.12511814217142014, ""3"": 0.1251138955232362, ""4"": 0.12319266037712025, ""5"": 0.054315912671095416, ""6"": 0.08395187145471314, ""7"": 0.13339928320597721, ""8"": 0.0003161406226311853, ""9"": 0.10444601185829033}","[0, 1, 2, 3]",[],1,0,1,1,0.0,9aae28f3fbaa6dcaee8b9bc8be1ae70463bbfa90c0655f2b4f0e0df57b0e2025,3fd07048f43e1f9c863021528b5f5a68092fb332059fe25fddeb8bbae0a8e97a,"[""proposal_created"", ""proposal_committed"", ""audit_rejected"", ""recovery_recomputed"", ""recovery_audited"", ""recovery_verified"", ""committed_once""]"
7,trust_v2,0,none,0,0,0,0,1,0,,68.38,,0.1,,d0857b5291843f09b06d8f642aaf5509e377a949e165b9196166aa68eb7e0063,1,"{""0"": ""5dde39e8e030a32d1c692a0da1eb0d37384d848a4fbc793e3f96fca7126a25a8"", ""1"": ""e1bbbf7dd06d91b88afb72e2b1bdce49d6618a039f5c1cf814b34d78038a5508"", ""2"": ""d2e6be69d84560a07b753af070594e3a1b7102bf8fdb18f3d026c9f9bfb95129"", ""3"": ""c4410c98ce3d98b674fb5b48161d7ea7359672794f083186fa165cbe294c9fe7"", ""4"": ""f009293b0d46b75366574a3c4cae6767f24c5bcc31adfe457b2433bde543d13b"", ""5"": ""248a2bc9fd244680301a804bee76b41a3cc0fcf689b2470fb0edea9e26e2b1c1"", ""6"": ""6e5a24307e53d4af6ebc40012301528bf2b9775e92d0e0f473e67b17160b213f"", ""7"": ""4f73c5d8124b23126dde47143c8c0ade6941eb5961c5fbb373e72864ebc2d2db"", ""8"": ""aa89516c499f307f5559efc1814a14d636ba89a3de354c7438d50ca3da4d4aa6"", ""9"": ""7560284a2faf81821b03fee22c08e2e5b8c1814b7ceddd16cd651805615b5b34""}",,0,0,0,0,0.0,0.0,"{""0"": 3.935180741591828e-05, ""1"": 4.829746189384231e-05, ""2"": 7.088530285206725e-05, ""3"": 6.833731394171462e-05, ""4"": 0.18563612894480647, ""5"": 0.20309253411022157, ""6"": 0.2208741093803922, ""7"": 0.156810077682359, ""8"": 0.00018968437357871117, ""9"": 0.2331705936225385}","{""0"": 3.935180741591828e-05, ""1"": 4.829746189384231e-05, ""2"": 7.088530285206725e-05, ""3"": 6.833731394171462e-05, ""4"": 0.18563612894480647, ""5"": 0.20309253411022157, ""6"": 0.2208741093803922, ""7"": 0.156810077682359, ""8"": 0.00018968437357871117, ""9"": 0.2331705936225385}",[],[],1,0,0,0,0.0,3fd07048f43e1f9c863021528b5f5a68092fb332059fe25fddeb8bbae0a8e97a,0a5dc29e6ebaaf8fe00f009c45913c7e694c7083c02a52c517ce591b9920bc60,"[""proposal_created"", ""proposal_committed"", ""audit_accepted"", ""committed_once""]"
8,trust_v2,1,A1,0,0,1,0,0,1,V2,64.28,,0.1,,01130af98045f50122b0f1f19f6d76f201fc47d6d550ddf516b84e19c5f4886a,1,"{""0"": ""55ded400b5ab248e0da5eba7b569d8fa4f611ca74c5d2835b1b3ec013a76f623"", ""1"": ""dd2b0044234e3800ffc7cec9b3b33a98cd8cd5a72c463fcce8e52c32cd320d80"", ""2"": ""c591da9ccd78bf90a304ad0644f4d1a6128d3e2e148e4c1f63e7c55ac0822133"", ""3"": ""32d84f329ce4362cb2668bbfa839c0583001a5e182a711ff61a0a1c4274a5917"", ""4"": ""690d42455f7ca140508a01d2cb64bc8a118e04f7fbddc43dd2f1ebd0df3c05b5"", ""5"": ""4f1d4f97b36e6be09cb4fb754d6b43e2e0ef469d974211f5f41a37b2a3db9643"", ""6"": ""9767e8b43fd5451ccda10d472eb49d21ee0c376b9a113f0944c58b2f87fc932b"", ""7"": ""32607b5578c05a1028772851a38b1c88296289796c15328a752be83ee98d8225"", ""8"": ""401611a1d73d48987da69a7182fdfb4316f4c81acae9c8261b4beecf623fa455"", ""9"": ""799dc778c1b193d3d7f7af337b57619dedafc22f457d2e11b7f0cb83649d8735""}",773fdb56d44544ccef2fb50af726974a73767e45792036627eb1b459675eed05,0,1,1,0,3.698191369194013,0.0,"{""0"": 0.75, ""1"": 0.75, ""2"": 0.75, ""3"": 0.75, ""4"": 0.11314848796480208, ""5"": 0.22156334791272642, ""6"": 0.2268978204937776, ""7"": 0.20767861098436763, ""8"": 5.690531207361336e-05, ""9"": 0.2305867657664215}","{""0"": 0.18750319044018493, ""1"": 0.18750319044018493, ""2"": 0.18750319044018493, ""3"": 0.18750319044018493, ""4"": 0.02828760331584434, ""5"": 0.055391779490993186, ""6"": 0.056725420328676904, ""7"": 0.05192053619433996, ""8"": 1.4226570089062507e-05, ""9"": 0.05764767233931686}","[0, 1, 2, 3]",[],1,0,1,1,0.0,0a5dc29e6ebaaf8fe00f009c45913c7e694c7083c02a52c517ce591b9920bc60,aac1ce200e84c84e1587a512ae0d83c2afb2e0656c5fb9111c6f6856fe1619f4,"[""proposal_created"", ""proposal_committed"", ""audit_rejected"", ""recovery_recomputed"", ""recovery_audited"", ""recovery_verified"", ""committed_once""]"
9,trust_v2,1,A1,0,0,1,0,0,1,V2,67.7,,0.1,,f7dab21e68a6bc0577bf85715b69209ef98a11af262b5d7032fb12a2298b1fd8,1,"{""0"": ""f7a587ecadd3f055e3314119295bfc3900c618cca03cfd8c54e803ad37883163"", ""1"": ""ffe46f829c3fe5643d452d4d91214794eef9e41ae28c2e7ac025ef5b877cd819"", ""2"": ""57e96428d7da7da2dbf9243cf6495ad3ef10ab232611c2ec0782fcd429a054ab"", ""3"": ""be455a950203002fcea65ef01bd44f08c89423cdefc1fd8f5ad1842ed27c8ca4"", ""4"": ""9b4843df78ff33ddb28d0ffe87a85b7b04bf3a717e52fcc98aa1eeb04fd17c36"", ""5"": ""385a2fbf75afb1a11a7a0b196d190cfe52405489f215c9bdda6e4b783469ea46"", ""6"": ""8c628f54f96d452337f64a3c3344acdfa150b9e6b872e3cf8d7a8b5f77708494"", ""7"": ""9cd9b31611d99061fba21f9fdaa45def0fa6eb4862b29cab440b8701d75e742b"", ""8"": ""b0eb83d4f82f564c645fe5755c830daca6abf19bdeaebf1503b71de7d1e557b3"", ""9"": ""48ae25288d7ee53c443716466592670a2d329d82fab9e1b51db00391089be89c""}",affd681179629faba040ee3b39b1c061d754c906eb33d6aee4064a8d8227de06,0,1,1,0,3.823332719558515,0.0,"{""0"": 0.75, ""1"": 0.75, ""2"": 0.75, ""3"": 0.75, ""4"": 0.24580588946909923, ""5"": 0.2783303474534765, ""6"": 0.2532196595596726, ""7"": 0.12326944387516409, ""8"": 0.0008625488248706385, ""9"": 0.09849169234796759}","{""0"": 0.18750095712065523, ""1"": 0.18750095712065523, ""2"": 0.18750095712065523, ""3"": 0.18750095712065523, ""4"": 0.06145178605513346, ""5"": 0.06958294205766849, ""6"": 0.06330523803894013, ""7"": 0.03081751828043221, ""8"": 0.00021563830696872153, ""9"": 0.02462304877823605}","[0, 1, 2, 3]",[],1,0,1,1,0.0,aac1ce200e84c84e1587a512ae0d83c2afb2e0656c5fb9111c6f6856fe1619f4,6db8a1e5c88d54c26605f25e2806db1462943a644e78bf7e7208fbd456239a8d,"[""proposal_created"", ""proposal_committed"", ""audit_rejected"", ""recovery_recomputed"", ""recovery_audited"", ""recovery_verified"", ""committed_once""]"
10,trust_v2,1,A2,0,0,0,1,0,1,V2,69.65,,0.1,,123b346f70c0796a03fa55b4bfe213fd6351b3bc28b936fe0c539876f34b76e3,1,"{""0"": ""39601443edb9625bacd725a8ce72aa99ec6aff3f3d7f2284de5e102569e303d5"", ""1"": ""3a7479172fe659958314b2dd2f4d8a0266e2002b0b5751c6d71c228cca9e0222"", ""2"": ""09acdf0d407e053185ec06d67e0720c3b643420d7bfa511e2089b8663058f2dd"", ""3"": ""9d3ed2e90d2701311d0dd58dc3e1a106882cc47744e3974e345e75ceed78b9f6"", ""4"": ""e69720a6b106fd89088d419f0f5afd49190e871faebc6799a447b0a16595ee36"", ""5"": ""d0e0db008c18da18dc4b3ce2d75b253be021c70b01b90a6f0bb1ced2ebd9aa70"", ""6"": ""7aa5ce5c4a42333fa816c78b36bd8adc72d0c56d60a4e611604e38cef19a128e"", ""7"": ""e52e5f1a4a647ea00682be3fe23139fe9725f9176a9757504f3f9dfbe0409240"", ""8"": ""2372443b562ad44c1dc7983a55ca2b3e19d2613814bf9f9f4589c4a3f0971366"", ""9"": ""f9c6c3edc9c18be6efdc10ff9a87ccc0319194952b2e87b8095ceb9ec6400981""}",621b124ec6efa109c77d4bfb7c5a92b1b0676aa100790f1501f45109149f5d06,0,1,1,0,2.7880324065576345,0.0,"{""0"": 1.0624988002297938e-06, ""1"": 1.3040314711337427e-06, ""2"": 1.913903177005816e-06, ""3"": 1.8451074764262949e-06, ""4"": 0.2613755265264028, ""5"": 0.2711328639217159, ""6"": 0.2635996575535748, ""7"": 0.12862775076916413, ""8"": 0.0002587646474611915, ""9"": 0.07499931104075627}","{""0"": 0.1250005312494001, ""1"": 0.12500065201573557, ""2"": 0.1250009569515885, ""3"": 0.1250009225537382, ""4"": 0.1306877632632014, ""5"": 0.13556643196085796, ""6"": 0.1317998287767874, ""7"": 0.06431387538458207, ""8"": 0.00012938232373059576, ""9"": 0.037499655520378136}","[0, 1, 2, 3]",[],1,0,1,1,0.0,6db8a1e5c88d54c26605f25e2806db1462943a644e78bf7e7208fbd456239a8d,5bfe3b639e88257551faf7f6b3b736af05d24cc0f6e249f9c76fa00bd9782d35,"[""proposal_created"", ""proposal_committed"", ""audit_rejected"", ""recovery_recomputed"", ""recovery_audited"", ""recovery_verified"", ""committed_once""]"
11,trust_v2,1,A2,0,0,0,1,0,1,V2,67.36,,0.1,,77203c6d557f5d5bb9d01cf14753d15531da94df6385a4867f620ea9e92f9b17,1,"{""0"": ""51e3cc36af4373e755c8bd0b29da449f8c3d10f3e73519c273eab3b3b4e8e29f"", ""1"": ""9fca7b3c2a8e69693b2d50c2fbf67acb37ca60baf1c7478515f93a0d772b56c1"", ""2"": ""aeb93e407b54f2e074ec0e2e6894e672896f647ace65b3ca4dcf31e6eff28b94"", ""3"": ""6ae93b49eaeb2349302910178a657cb729536968619ee0953d5e2af1f80b6855"", ""4"": ""3837ef12e0d8572fe2f3a8dc635cdff7c08c9f029e9dcc19e4a544b48efa3341"", ""5"": ""84aea0767307e6d22415a2b32b5ff896f04e50cd3c76fa0b02e6612a96e257bd"", ""6"": ""77c49e7eb3cd69986da8acb366be0c2cd256ceb9d7d1ac3f20a9f781aff188b8"", ""7"": ""0ba3a0c0cb647fa0e0801f5863ecb84fc18c43c5ee36b60ea536cd8cb96163c5"", ""8"": ""cec831a31e21b283adf82e42ef68e933a5836989b4978153ec5f0e062d22e681"", ""9"": ""2a1b24ebbfd9c6e113a874b98eb3165f3ab190aafa090afd275d255d1cce506a""}",6b058ef263d883985922c93a996dc4a644605b248e4f981970f18d6b8ea2f9e7,0,1,1,0,2.8203231481428386,0.0,"{""0"": 3.187496400689382e-07, ""1"": 3.9120944134012285e-07, ""2"": 5.741709531017449e-07, ""3"": 5.535322429278885e-07, ""4"": 0.28284265411653664, ""5"": 0.28576985533513055, ""6"": 0.21690260982201504, ""7"": 0.12378949825552556, ""8"": 7.762939423835747e-05, ""9"": 0.09061591541427645}","{""0"": 0.12500015937482004, ""1"": 0.12500019560472067, ""2"": 0.12500028708547656, ""3"": 0.12500027676612147, ""4"": 0.14142132705826832, ""5"": 0.14288492766756528, ""6"": 0.10845130491100752, ""7"": 0.06189474912776278, ""8"": 3.881469711917873e-05, ""9"": 0.045307957707138226}","[0, 1, 2, 3]",[],1,0,1,1,0.0,5bfe3b639e88257551faf7f6b3b736af05d24cc0f6e249f9c76fa00bd9782d35,912cf6b1ecec332f53562f22fc22ea9f66ede6957db7c126a192e877b06c1128,"[""proposal_created"", ""proposal_committed"", ""audit_rejected"", ""recovery_recomputed"", ""recovery_audited"", ""recovery_verified"", ""committed_once""]"
12,trust_v2,1,A2,0,0,0,1,0,1,V2,63.35,,0.1,,c98804b60204fe89fcf6bac3e5b7717a0ed6464633116dbe0d3c3eec1abdf3e8,1,"{""0"": ""58305087f45ec064bed92d417ecc46e3b355031ef93b3ee8b0ec96e61a219b10"", ""1"": ""7e5afda653377c60b359cee310679b55cb55de6fbb2c1c85101dacd83f261fba"", ""2"": ""8548e4e5bfcc9819a9ddf408cb503ba821ad49174fb639087e41a693d6360708"", ""3"": ""b10cc484633e88ab0d5534a77607dcad799855c70cf92b447e219619f3610245"", ""4"": ""b284e3dbf3cad3226cf4c4f2aafe28f07bdcb3e641e7b8d4aaae9e114d5660e7"", ""5"": ""829d0b1321ce3156e1fdba7547538a148c4fda61a0d423d69a6f9e1953d8d75b"", ""6"": ""104353d22c32fc8f4160c32e917c3524aa0d8b37162698003b764d4fb6a763b6"", ""7"": ""45cd4aa52b1b3b1d6dc3f8daaa72248dfe753af79f2d0e751f4a3298a900c0fe"", ""8"": ""3215176e994d885d22d4a5d5bfac9887882fa16cb0a3c82bcac56786d8855fdd"", ""9"": ""76cdeeb5668db6e538d668ea99552019c9059f3ccbf5ac67f8217df597df1740""}",9e32b28a0f1928309dff44d9978ea53d53ce916b99a0c71cdf30b23fe9bc77ea,0,1,1,0,2.87812696476063,0.0,"{""0"": 9.562489202068148e-08, ""1"": 1.1736283240203687e-07, ""2"": 1.722512859305235e-07, ""3"": 1.660596728783666e-07, ""4"": 0.20957870442283724, ""5"": 0.2876955264600893, ""6"": 0.11077199668114775, ""7"": 0.162780587835138, ""8"": 2.3288818271507242e-05, ""9"": 0.229149344483833}","{""0"": 0.125000047812446, ""1"": 0.1250000586814162, ""2"": 0.12500008612564298, ""3"": 0.12500008302983645, ""4"": 0.10478935221141862, ""5"": 0.14384776323004464, ""6"": 0.05538599834057387, ""7"": 0.081390293917569, ""8"": 1.1644409135753621e-05, ""9"": 0.1145746722419165}","[0, 1, 2, 3]",[],1,0,1,1,0.0,912cf6b1ecec332f53562f22fc22ea9f66ede6957db7c126a192e877b06c1128,b4b5e76491fb7ff5e94e9087df6d818c17f11d124facb9a6a6aea8e4e79d6ac5,"[""proposal_created"", ""proposal_committed"", ""audit_rejected"", ""recovery_recomputed"", ""recovery_audited"", ""recovery_verified"", ""committed_once""]"
13,trust_v2,0,none,0,0,0,0,1,0,,62.2,,0.1,,b2b4058f0162fb103d112a487a987192700d680828464ed38f125d9ff9a23a47,1,"{""0"": ""16f40ebab1e628e61de80c0ad911d675b1a65bd84df519acfc5f34d4337962b3"", ""1"": ""d7fd96e9bec7702fe9f439e9bc4045df04c62ab5c777f7700c4a5990ee923331"", ""2"": ""22bdef5fec8081fd32e2f59d75fe31c74c00f2bb871b1876799738e199dcd108"", ""3"": ""f8916c915d731e590a43cfe14573e931a971b04d901952b177f8ff4a72e1ce58"", ""4"": ""22662a6992e9ec3fa25e4405b54f9187cf4d1b995eaa98d72504c1eb21b70aae"", ""5"": ""3bed23362b7c1b05129c4344b3e75476a9dfe943f120cdbd19d8381858e7c0f0"", ""6"": ""2753130c6d14d362c45d1653fc2ac4126fbcce348ec283d9087a8e63e0ae4331"", ""7"": ""3e159fcf6a6808dbd3ea9bc5b473081ba71e377bd74c58d8d106508459d5fb53"", ""8"": ""12ade7141742f356820fd3db80cff9fc16284ffcd7f310cee63fdaae3ae0b601"", ""9"": ""945f3b995eeb7e5c9402c0828bdba1ceb58eddcb3a6fcfe8dce026bbde0e682d""}",,0,0,0,0,0.0,0.0,"{""0"": 2.8687467606204448e-08, ""1"": 3.5208849720611066e-08, ""2"": 5.167538577915706e-08, ""3"": 4.981790186350999e-08, ""4"": 0.23395647349262458, ""5"": 0.2573915201038002, ""6"": 0.0716611216349865, ""7"": 0.19715606722257906, ""8"": 6.986645481452174e-06, ""9"": 0.23982766551092333}","{""0"": 2.8687467606204448e-08, ""1"": 3.5208849720611066e-08, ""2"": 5.167538577915706e-08, ""3"": 4.981790186350999e-08, ""4"": 0.23395647349262458, ""5"": 0.2573915201038002, ""6"": 0.0716611216349865, ""7"": 0.19715606722257906, ""8"": 6.986645481452174e-06, ""9"": 0.23982766551092333}",[],[],1,0,0,0,0.0,b4b5e76491fb7ff5e94e9087df6d818c17f11d124facb9a6a6aea8e4e79d6ac5,9268a9541c0b0b5e2b68fef2c84671064cfb4eb1e4032dddeebac3537f7604b6,"[""proposal_created"", ""proposal_committed"", ""audit_accepted"", ""committed_once""]"
14,trust_v2,1,A2,0,0,0,1,0,1,V2,63.58,,0.1,,92a5a65c1f008a233a767ec4d427c12be758f6aef39a805519bb38d663b32ca0,1,"{""0"": ""f680d4b584d392cc842a12a34443c60356e66651ef515e14e4693df5a2e92cc7"", ""1"": ""867fd4fc06c4a0da3e2d04d99939f8d0bb0e3b06a7634ca0ab911a611405c9ee"", ""2"": ""03a45e8b356827467e4ea3b5af94182fde7f1537cb9b4c7b42e1f6e3eadb682b"", ""3"": ""3fdd6cddd0e1788d9fcdabcd7c95125979340e5e644d4d10c8daf59560ee9874"", ""4"": ""f549fb53bdabc63714c7061664d98305c3be8a3e2ef8ca51888fe5b397e4a1d4"", ""5"": ""3188829df11a48bba7760bd3872818eb8aed76c6fe4a055ac03289e70b4017b3"", ""6"": ""6ab94b65e3ec8c6eafada4bb718007d464845bb65cc8f2d162ff4a01bd3cadea"", ""7"": ""cfdf8ed427cfe005b4862fe5eed4cd7e11222515237c87b5d65927e08c023324"", ""8"": ""29ac6442158c3379f163f1d1d236a4a5c17d9d6239b84aceafe477b08ad7150f"", ""9"": ""60f0c168928bdf651cbaed1c3951e9f52019bff200cd4dff56c7b7af4a11fa86""}",b703b9d1d057230d8b64ad59c95c15bd2581cf095441b3a105ee3fdff5bcafdd,0,1,1,0,2.708624990530385,0.0,"{""0"": 8.606240281861337e-09, ""1"": 1.0562654916183323e-08, ""2"": 1.5502615733747124e-08, ""3"": 1.4945370559053003e-08, ""4"": 0.3024083043478431, ""5"": 0.3094388183311958, ""6"": 0.11052592303407856, ""7"": 0.19518518987398092, ""8"": 2.095993644435653e-06, ""9"": 0.0824396188023758}","{""0"": 0.12500000430312014, ""1"": 0.12500000528132746, ""2"": 0.12500000775130787, ""3"": 0.12500000747268528, ""4"": 0.15120415217392155, ""5"": 0.1547194091655979, ""6"": 0.05526296151703928, ""7"": 0.09759259493699046, ""8"": 1.0479968222178265e-06, ""9"": 0.0412198094011879}","[0, 1, 2, 3]",[],1,0,1,1,0.0,9268a9541c0b0b5e2b68fef2c84671064cfb4eb1e4032dddeebac3537f7604b6,add318f379787515b4fea92fbdf78bcfec29d46916c90d801096b62dcced9a0d,"[""proposal_created"", ""proposal_committed"", ""audit_rejected"", ""recovery_recomputed"", ""recovery_audited"", ""recovery_verified"", ""committed_once""]"
15,trust_v2,1,A1,0,0,1,0,0,1,V2,68.24,,0.1,,d5a64ccd1f8ee94468e67274d01d6d991e1cc703fdab253fd04a8b79cbc02947,1,"{""0"": ""39ec77900859b619a265f0b312bb33496d000d3dfab92afc1e986ffb9bee3bc0"", ""1"": ""5bc949622f80491e73f5a9097e6eb63f4837dae0a56e29063c1c85dabd9b793f"", ""2"": ""ae628f2503d138cfd3f70d568de05533b12ffc2ae19bd54641a8aa4ae61d85c4"", ""3"": ""b497b02006c5c9a6dd4f931ff42a4c6f820d74f8968880b316864fd20bb2763f"", ""4"": ""c02611814c181d7468e7ed702f22093a26e49ad127f23506ff71f0177b832749"", ""5"": ""37539ceeb86605f9bf74993c98d5477f0df1c2ab08e29a209097336bda0ac778"", ""6"": ""cd2499da49949b8931411320a9919a02376f9a8ed869be0fa784a716b0557edb"", ""7"": ""e142a052fc3cff165f692b4ce2043c904cc3bdcec413dab19338c33652765fa5"", ""8"": ""dc726492f61b4b92a25bb0345d927813e5d1ec2858a4caf86b3f5dd40e2566c3"", ""9"": ""5a034192e13cc9c473cebc30b4110773b77a6206061fb1655a3ce4852f00d35c""}",1ef610d9d997d64b0f9899acddc744c71d9c944b76e1676511b179aed18d5283,0,1,1,0,4.361219096474975,0.0,"{""0"": 0.75, ""1"": 0.75, ""2"": 0.75, ""3"": 0.75, ""4"": 0.32348354768570964, ""5"": 0.32559270188071543, ""6"": 0.1494751804090577, ""7"": 0.11429859379665286, ""8"": 6.287980933306959e-07, ""9"": 0.08714933254470658}","{""0"": 0.1875000006977374, ""1"": 0.1875000006977374, ""2"": 0.1875000006977374, ""3"": 0.1875000006977374, ""4"": 0.0808708872223695, ""5"": 0.08139817577308313, ""6"": 0.03736879524132365, ""7"": 0.028574648555497083, ""8"": 1.5719952391765524e-07, ""9"": 0.02178733321725311}","[0, 1, 2, 3]",[],1,0,1,1,0.0,add318f379787515b4fea92fbdf78bcfec29d46916c90d801096b62dcced9a0d,b5bb6809c51f7eb9aa18c64a964715530f10f84a0ebdac823071dff1690a1902,"[""proposal_created"", ""proposal_committed"", ""audit_rejected"", ""recovery_recomputed"", ""recovery_audited"", ""recovery_verified"", ""committed_once""]"
16,trust_v2,0,none,0,0,0,0,1,0,,70.76,,0.1,,2298cd55f97166f8199883c8d61e79a754110a08493da0026b2b4d8973cbad05,1,"{""0"": ""5e1b6f570ad8f81014ed3576f6fec953ef684986a18135efce6601ffff737be5"", ""1"": ""90dccfb2bdebf1c7e15edc202627a2cb8a1e14e16d922e5950ee3c4be94b2ffe"", ""2"": ""1ae2d23220a66b6a8135e921a8d5dfc1b0cd4208022af09c7e17807261c179cc"", ""3"": ""e8061153b003c3e819056387e912b967df6f19d3d82e640ee57e2144808e6f4e"", ""4"": ""86b729cd4f82f99241434453b600b50c7945916a058865b0b3f7aeb167dd691b"", ""5"": ""7d7fc5485b49e016037f6dd4cc3787568d0a7a100565aa432b242d64e53460f1"", ""6"": ""4711c7c81af9d1c11c825d75d3489292d0e2f0e948881648250b05d65c335816"", ""7"": ""0a8a05a07a5a241b51c8fab91021a7d96338bb3a435cb9a287b1e36998db223c"", ""8"": ""118a826d2bdbda5fa0a48386b83763e5678b700e6deda15e230a2e61efad3782"", ""9"": ""d211db2f56b768661f9bfbcd963bc869a7008141471cb8d1237ae8656e43e1fb""}",,0,0,0,0,0.0,0.0,"{""0"": 7.745616253675206e-10, ""1"": 9.506389424564995e-10, ""2"": 1.3952354160372417e-09, ""3"": 1.3450833503147709e-09, ""4"": 0.29087189431330884, ""5"": 0.2915046405718106, ""6"": 0.1871684699739097, ""7"": 0.05355368742331736, ""8"": 1.8863942799920883e-07, ""9"": 0.17690111461270633}","{""0"": 7.745616253675206e-10, ""1"": 9.506389424564995e-10, ""2"": 1.3952354160372417e-09, ""3"": 1.3450833503147709e-09, ""4"": 0.29087189431330884, ""5"": 0.2915046405718106, ""6"": 0.1871684699739097, ""7"": 0.05355368742331736, ""8"": 1.8863942799920883e-07, ""9"": 0.17690111461270633}",[],[],1,0,0,0,0.0,b5bb6809c51f7eb9aa18c64a964715530f10f84a0ebdac823071dff1690a1902,4ecfd8af3b015181b29b9865dc7a8b12e2fa6877f9ea69c81d84c74d5ddf55e8,"[""proposal_created"", ""proposal_committed"", ""audit_accepted"", ""committed_once""]"
17,trust_v2,1,A2,0,0,0,1,0,1,V2,72.87,,0.1,,b032883e23c9ca2037a0a0169259e867e74d950a2f5d22a9f86cfff31eb6fc33,1,"{""0"": ""95481919262e535c55b4a8a420664d75c3c94f0059c019c362af0b6bec6886fc"", ""1"": ""e80bb3fedc359156ff13315a301ceec8a023eb8e59cfbe87df89b97b0f7eb52e"", ""2"": ""870ac1866930fbce191c6a2fb8b5cd97f7615222fd6d1fa01f7ff04a6a3174b8"", ""3"": ""5cd64fceb0c87b9d6d2d4523ee75615d98ccdc2b61c3a9f1b4283be148bd506e"", ""4"": ""a11c2efe4d4168bcceafb38121684e9b4377189ec3db92094b4bfa1e1e0ecad9"", ""5"": ""c4dabd833f82335520de4319f2f6eb83a86be04d8800d0763d1f32bdf0dfcbd9"", ""6"": ""ad7373839868b698bd133f3db74e173329a9e73b5495eccf5bf524d63f29a404"", ""7"": ""df6994df7e7e2060443c3daf20e97365845b7205e4040322d027a528e8fb8106"", ""8"": ""5984b576f3aaa7d6a83d6ded9ffe628b7f72b4475e8d0bbab866e8f79c4b318c"", ""9"": ""c22b2c0b73ff70ea41d1a8fe5b13b475c8891f89a437e046a5ae7a45c5d18401""}",21201fdd72bd766cb8c471a2a6a7a443ddf63dec495d31862fd2b9944017a8fe,0,1,1,0,3.4136536599769163,0.0,"{""0"": 2.3236848761025617e-10, ""1"": 2.8519168273694984e-10, ""2"": 4.185706248111725e-10, ""3"": 4.0352500509443123e-10, ""4"": 0.24009891903036867, ""5"": 0.24028874290791918, ""6"": 0.20898789172854892, ""7"": 0.1063552477977255, ""8"": 5.6591828399762645e-08, ""9"": 0.2042691406039534}","{""0"": 0.12500000011618426, ""1"": 0.12500000014259585, ""2"": 0.1250000002092853, ""3"": 0.1250000002017625, ""4"": 0.12004945951518434, ""5"": 0.12014437145395959, ""6"": 0.10449394586427446, ""7"": 0.05317762389886275, ""8"": 2.8295914199881323e-08, ""9"": 0.1021345703019767}","[0, 1, 2, 3]",[],1,0,1,1,0.0,4ecfd8af3b015181b29b9865dc7a8b12e2fa6877f9ea69c81d84c74d5ddf55e8,9de01d8f371c27218c48d46e60894fcead5f5d91a70987f5d35337f8d4a53893,"[""proposal_created"", ""proposal_committed"", ""audit_rejected"", ""recovery_recomputed"", ""recovery_audited"", ""recovery_verified"", ""committed_once""]"
18,trust_v2,0,none,0,0,0,0,1,0,,75.53,,0.1,,657877d85925e7f62458f83e45a2b39125ab90a540132b79e904b0d43eb4cb59,1,"{""0"": ""f943159a06a062a40fd7ae6c0330c4dac24ad9336f58058b7e3af8d323eb2917"", ""1"": ""8442ff9909a3bbb9e3da25023db644c1b3b2964fc20e4528929cf188b641ef58"", ""2"": ""02ae1e7426898f3dfe00b7701db6667f05e179b133400ea7bdc74d36997ead5a"", ""3"": ""c007d0328e3c921739b8d4968e5234547f9b25f168356f8b00f8166ccf679166"", ""4"": ""6ee7234b0767a7138a10e024c11e1dd3ac16f149e8e83d0ca95d2f222161726c"", ""5"": ""71e3df9a3b5da800b0ebbd725ebdbb3295ec267ab59bcd25f1f7f3084ded06d9"", ""6"": ""ed5ead5b2984745511eeba1bc8fec47d899e972226cbc8e745740651a1c66338"", ""7"": ""13505264e938f3efc34464cdfeec8f8868e06e0674a1b8f600256d02a2349d6f"", ""8"": ""8fa47dd20410174611de5a31822edcc42bf95e341b21c9536f92e760639430ac"", ""9"": ""005856ec2dae971484c78deccea8c637b3a94804c53e09978ff6de4c13408fa7""}",,0,0,0,0,0.0,0.0,"{""0"": 6.971054628307687e-11, ""1"": 8.555750482108498e-11, ""2"": 1.2557118744335178e-10, ""3"": 1.210575015283294e-10, ""4"": 0.2689735335374895, ""5"": 0.2690304807007547, ""6"": 0.181097012007197, ""7"": 0.11181328407021301, ""8"": 0.02233063190075312, ""9"": 0.14675505738169609}","{""0"": 6.971054628307687e-11, ""1"": 8.555750482108498e-11, ""2"": 1.2557118744335178e-10, ""3"": 1.210575015283294e-10, ""4"": 0.2689735335374895, ""5"": 0.2690304807007547, ""6"": 0.181097012007197, ""7"": 0.11181328407021301, ""8"": 0.02233063190075312, ""9"": 0.14675505738169609}",[],[],1,0,0,0,0.0,9de01d8f371c27218c48d46e60894fcead5f5d91a70987f5d35337f8d4a53893,cc31cf280dd10f12ba35cd087782e899771b1dd73b909ee8b8dd262405fcdd82,"[""proposal_created"", ""proposal_committed"", ""audit_accepted"", ""committed_once""]"
19,trust_v2,0,none,0,0,0,0,1,0,,74.5,,0.1,,e8a49b4800635e348c4bf51af93400777c8d5ff353e38709c7244c73e91a1cc8,1,"{""0"": ""abd1650abaa668a37f8f9cbd60c805b660d598678a285bfeb092430bdb120d62"", ""1"": ""8a0dcf597e740238d467b13ccf837055f112fdf626b15dc5d32f49c34bd88f78"", ""2"": ""42b7966540023c939cf69786f1d4f07f9ae64b014202b356ea9c96157ca6c93a"", ""3"": ""ef8dfb904778af22b84c166b965e00e2b706e3b5bf575d7a4f2a4a9d18816792"", ""4"": ""2b639a3fce540a2f95bd992b57fd81c6b97324889dfda4eeebacd49573fc7316"", ""5"": ""63758e96c4d9d7acec1650a660af641727beaa323d6c18f51c53b02f23b1cb71"", ""6"": ""ac1a417c9ad6de1247a04fc1065d2f9b9e58f1f6547cbf3a70fa9a5f821048f3"", ""7"": ""b7ad53c2736494640986d19faa3ea7f53b7a46d501f1f299a2a433ad7db8650f"", ""8"": ""398507f20d988b57d6cf437e054f672c569417fedef8c750e6c4c223eba5b6e1"", ""9"": ""1ff6fc91447770b7edd45c780bcd401895943e2142bee62bb5b23f81c1df2c01""}",,0,0,0,0,0.0,0.0,"{""0"": 2.0913163884923066e-11, ""1"": 2.5667251446325497e-11, ""2"": 3.767135623300554e-11, ""3"": 3.6317250458498826e-11, ""4"": 0.2903642445531197, ""5"": 0.29038132870209926, ""6"": 0.19799974223346317, ""7"": 0.10861372757769783, ""8"": 0.006699189570225937, ""9"": 0.10594176724282503}","{""0"": 2.0913163884923066e-11, ""1"": 2.5667251446325497e-11, ""2"": 3.767135623300554e-11, ""3"": 3.6317250458498826e-11, ""4"": 0.2903642445531197, ""5"": 0.29038132870209926, ""6"": 0.19799974223346317, ""7"": 0.10861372757769783, ""8"": 0.006699189570225937, ""9"": 0.10594176724282503}",[],[],1,0,0,0,0.0,cc31cf280dd10f12ba35cd087782e899771b1dd73b909ee8b8dd262405fcdd82,a5a71d2762e9a43e268adb66c0e62b3501f6e44a56a71fc71528a975235c4b82,"[""proposal_created"", ""proposal_committed"", ""audit_accepted"", ""committed_once""]"
20,trust_v2,1,A2,0,0,0,1,0,1,V2,66.64,,0.1,,5145be0986eee8ffa0535237cc7c6f3890d13a6edef8db3d0a95e5905e1ec82a,1,"{""0"": ""952230dadcd9d453d122b4c75543f21220c60f82c5dbf76b9150d88570fe17a6"", ""1"": ""185f5d47007da922d19d0c48f2a678e0cffb820e458e43807a86dfe24bdcf801"", ""2"": ""42116af9f653c4b53218245cc6b3e8239be7859b327c337483b89c5d70662225"", ""3"": ""70c9a14fe3c97fe077b8bf032f1d69f1909b9038b6c0689e8bec100eead436ab"", ""4"": ""0034a277c56c7d38a116e6afa842c25867edcfa888aee0a843997904a8455076"", ""5"": ""d53d3b086a5631514a8dc0942b0416e2736d27eff7a1e29d96e591bc16bd0ee4"", ""6"": ""f9a94b5b94a471acee3f17841e8d54f84c4ec67ca52c1c36b6e97c35b1a66d77"", ""7"": ""2363b63b542d8c015b3c4e3b2eaefbe4e787dabd88d930b128f22aa6e763fe5a"", ""8"": ""955baaf4a688131e07c7b2cef0441f899f5b8c46827c63b1966e06ba0b4b4bd8"", ""9"": ""22386568f01402b81b4d8c410b285c87c3e2385a7e303fbed5372b72656e2602""}",8c70eb1388b8f3278aa9bb70c54ecc54f1483c2c212175caaa60e538564cb81b,0,1,1,0,2.8504028621024324,0.0,"{""0"": 6.2739491654769215e-12, ""1"": 7.700175433897652e-12, ""2"": 1.1301406869901665e-11, ""3"": 1.0895175137549651e-11, ""4"": 0.37998057261503676, ""5"": 0.37998569785973063, ""6"": 0.08070578419130342, ""7"": 0.1048264550532987, ""8"": 0.002009756871067782, ""9"": 0.052491733373392115}","{""0"": 0.12500000000313696, ""1"": 0.1250000000038501, ""2"": 0.1250000000056507, ""3"": 0.1250000000054476, ""4"": 0.18999028630751838, ""5"": 0.18999284892986532, ""6"": 0.04035289209565171, ""7"": 0.05241322752664935, ""8"": 0.001004878435533891, ""9"": 0.026245866686696057}","[0, 1, 2, 3]",[],1,0,1,1,0.0,a5a71d2762e9a43e268adb66c0e62b3501f6e44a56a71fc71528a975235c4b82,4e73f83e0051ea1acb8ab8d4ea59c781a801ff0b32ef9546ba8349f75b881fe6,"[""proposal_created"", ""proposal_committed"", ""audit_rejected"", ""recovery_recomputed"", ""recovery_audited"", ""recovery_verified"", ""committed_once""]"
21,trust_v2,1,A1,0,0,1,0,0,1,V2,65.71,,0.1,,202a4331d4caec21a7c98854a61c63794acfeed4c7bb7d5d0e593a59ab5f7138,1,"{""0"": ""23a19c2c3175f6bce84ea2b7e3afb9b9d5d6d11cd2d7700cfa62fc56de4087be"", ""1"": ""f1a9df8e03fef652d1fb04094e80c40f898a8f839e1e485077f2548508e04634"", ""2"": ""eb75ee1199058be443d13b69d5fc662200cf70e8eb854d152b6b2dfd22c32c42"", ""3"": ""190c2757f6a9e35db5db90f9d4ca07c6ba5a2a8585d215bcd8788ee650a353db"", ""4"": ""b0371a9dba94ea191062ce396afbba619248eb34d68de4037bee64815a44276a"", ""5"": ""1efde69f264206a3b36a1cd40a823f042cfba1d2b9d12c5886ae834ec92ef92c"", ""6"": ""ae0dca9829b180aa57e36404e1e741e69ed233328ae94b30e54372be74d6817b"", ""7"": ""c7df78843c7a2d15559ed8cdd99a708851252606d8698b4bf2b8b16ddcf4b350"", ""8"": ""56a3e9540999f2f56cf31f3278c04fd153ce5147955f20b29e7e3e907d60dc64"", ""9"": ""c28f93e6c2f4e9cc6e4865cae56d1e61b55d484d232f168ba0e24c15c388a97c""}",035fa6e92611a5b3bd46fb24e6809ba02b8f273ad9c37e58f2531302eda3bd08,0,1,1,0,4.781010491874006,0.0,"{""0"": 0.75, ""1"": 0.75, ""2"": 0.75, ""3"": 0.75, ""4"": 0.34116010664486357, ""5"": 0.3411616442182717, ""6"": 0.024211735257391023, ""7"": 0.2586138713763421, ""8"": 0.0006029270613203345, ""9"": 0.034249715430959914}","{""0"": 0.18750000000050865, ""1"": 0.18750000000050865, ""2"": 0.18750000000050865, ""3"": 0.18750000000050865, ""4"": 0.08529002666144726, ""5"": 0.08529041105479931, ""6"": 0.006052933814364177, ""7"": 0.06465346784426092, ""8"": 0.00015073176533049253, ""9"": 0.008562428857763206}","[0, 1, 2, 3]",[],1,0,1,1,0.0,4e73f83e0051ea1acb8ab8d4ea59c781a801ff0b32ef9546ba8349f75b881fe6,ad43d476b81207a6e27eef32a4bc0872fddce73d888f70b2a2478b418ef8034c,"[""proposal_created"", ""proposal_committed"", ""audit_rejected"", ""recovery_recomputed"", ""recovery_audited"", ""recovery_verified"", ""committed_once""]"
22,trust_v2,1,A2,0,0,0,1,0,1,V2,70.13,,0.1,,0dc9c9ad748cd0fd89acb9d1e8dd82860d1fb6127e494c87d1617678db0579a7,1,"{""0"": ""b5bc8d6f3d6e04f69950c776be1708d4b987dd37ba7a6b0f7d0f1d1103a7fe4f"", ""1"": ""e3a2ccc46c5d5b25588ac3d608a810c707af65f0bff9f16cb152e9e218f850c2"", ""2"": ""7cf83166125487e26f892008f61070ed91f41a18cbfe89835f761a5417a97619"", ""3"": ""7c8abb1d065633d9446bb9256c03cc3503e57faccf3e7af8540783962d11f73b"", ""4"": ""4cd3a4cf40ba90e69cbaf2b3aa2197eb541780eb1aed016f725238253ffdc2f7"", ""5"": ""290f6b2aa4bed00ee8ed343fcc26a53bbbd03dc5cdb1eb00c8a61cb4cb97313b"", ""6"": ""2998d0525bb0eca963ae3084b27bfe4be16c90780269638327406e4ff9500d0a"", ""7"": ""738b01d2c3d6e8ea6d6e576647157b7c063c56edaba364400af2503f817fad82"", ""8"": ""e5fb4e2bdec4704c3e27e7e0d0f5d7a8234845ca3ffcb7bd7701c9b7fd910af5"", ""9"": ""7638ffd69b68b0047dcba016075206009b6a1ffc61d344c619bbb6d305c0d7fe""}",88dba6c0d2cdad56371af41a43521e25d570861d106eadf217433c82a895d80f,0,1,1,0,3.5490519095726016,0.0,"{""0"": 5.646554248929229e-13, ""1"": 6.930157890507889e-13, ""2"": 1.01712661829115e-12, ""3"": 9.805657623794688e-13, ""4"": 0.2974225803654686, ""5"": 0.297423041637491, ""6"": 0.040168903315100035, ""7"": 0.27265870978491213, ""8"": 0.019541020056842842, ""9"": 0.07278574483693}","{""0"": 0.12500000000028233, ""1"": 0.1250000000003465, ""2"": 0.12500000000050857, ""3"": 0.12500000000049027, ""4"": 0.1487112901827343, ""5"": 0.1487115208187455, ""6"": 0.020084451657550018, ""7"": 0.13632935489245607, ""8"": 0.009770510028421421, ""9"": 0.036392872418465}","[0, 1, 2, 3]",[],1,0,1,1,0.0,ad43d476b81207a6e27eef32a4bc0872fddce73d888f70b2a2478b418ef8034c,f1014ab96ee68652324fe8053911fb1f786230c652ddef194473ba13b4be7266,"[""proposal_created"", ""proposal_committed"", ""audit_rejected"", ""recovery_recomputed"", ""recovery_audited"", ""recovery_verified"", ""committed_once""]"
23,trust_v2,1,A2,0,0,0,1,0,1,V2,78.38,,0.1,,e51eb559b38daef163621c552a5efe48e39fc0cfb371f3121f176e58ece71e29,1,"{""0"": ""2fe16e362a21c9771c4cf795104cea815ff618c7593cc9b1cece6480d64e41dc"", ""1"": ""797714a5e6aefb5afcfb55bc7dbd24dc7a21e39e487082cc2839c393b514a0ee"", ""2"": ""84e9fd83023a37747b0b0914ac23f74ef6f2fcf3a9521238e3f79d4c5f159b4b"", ""3"": ""565b58e1f366ed8c5a18d87538e52e747363398f1552e3dddb1fdb754ac862c1"", ""4"": ""a37ffc66423d1b34bc32d967e05b4ef708ee4295832c018e245c9bf1adda3bae"", ""5"": ""6a127622513c7d19bc6458a4331eaf1b6af52ff0123505abd449a09f6ae6a0af"", ""6"": ""79c9712bf28b3081170a2c835a09f7f2a3b01001616d15217998ddffbe89b632"", ""7"": ""4aec1b8a88ab6fbd837b555577bbcabbba8d5f22d81fc663acbe1a6e0be23ef8"", ""8"": ""33f5fd4e6f8461bcab2fe9789d5aea4cad177bc46ef916649adfc517a9f755d5"", ""9"": ""1c7d1c91a46274647bfedf2d462a873d2bdef9fbd4d54d657281f372b2e852ff""}",8b5e13b83994cbf1b229e09ef6784f958d22dcc6826cff056a44f829f86e08fe,0,1,1,0,3.410480304145004,0.0,"{""0"": 1.693966274678769e-13, ""1"": 2.079047367152367e-13, ""2"": 3.0513798548734507e-13, ""3"": 2.941697287138407e-13, ""4"": 0.2774350973246941, ""5"": 0.16520914730931424, ""6"": 0.20025899420958354, ""7"": 0.14119040847224607, ""8"": 0.005862306017052853, ""9"": 0.21004404666613255}","{""0"": 0.1250000000000847, ""1"": 0.12500000000010394, ""2"": 0.12500000000015257, ""3"": 0.12500000000014708, ""4"": 0.13871754866234706, ""5"": 0.08260457365465712, ""6"": 0.10012949710479177, ""7"": 0.07059520423612303, ""8"": 0.0029311530085264267, ""9"": 0.10502202333306628}","[0, 1, 2, 3]",[],1,0,1,1,0.0,f1014ab96ee68652324fe8053911fb1f786230c652ddef194473ba13b4be7266,ae6bd3704b60091c991fa79688885cd12d3e3219e64380f5c08a869bfa393c2c,"[""proposal_created"", ""proposal_committed"", ""audit_rejected"", ""recovery_recomputed"", ""recovery_audited"", ""recovery_verified"", ""committed_once""]"
24,trust_v2,0,none,0,0,0,0,1,0,,77.31,,0.1,,148d62f26b5a4f1847a6010e81a2c9651e3a0e9d2b93a72fb7679da7370de078,1,"{""0"": ""70c6a0502b295daae4347f16f54f1b05855ea668d3abd42d04059111d376db8b"", ""1"": ""0efdd1c494309bbb14994a337a041ebe6ccf45507950cbfb024eb46ee5aa5242"", ""2"": ""04f4d38b57ab0d926f358c0020ca377b81b3b346fa7d21855a460b4ae48b1e75"", ""3"": ""7196dab1dcc23c9826180e82566a9b92fabe5aeb3f2eef7122783d3d23b15c97"", ""4"": ""f001ba049059fdfe3eb2f47bb9de6ccbec4e40114636ad979754a1f4c61fcf7c"", ""5"": ""1ac80ba79ed862056b259d948ecdaea88aab98c829b37b9e239b2d918339bafb"", ""6"": ""b3994c66434f9ca979df99dbe9f6266a34d141ba4a6a56064c219ee0fc031ad2"", ""7"": ""fa3b3a5113db254540e0473dd7f0bcb37cf93be1aa70b1e8b1616d02b1315c5a"", ""8"": ""5af7fd084ebad196dcb0242e53788da182cd25da3c9de85627853bdd5bda4f83"", ""9"": ""855d94c7ea267ac390ef77f67d2a9b9ce2f872f2d9e84f5611e747caece577b4""}",,0,0,0,0,0.0,0.0,"{""0"": 5.081898824036308e-14, ""1"": 6.237142101457101e-14, ""2"": 9.154139564620353e-14, ""3"": 8.825091861415222e-14, ""4"": 0.3465136467621115, ""5"": 0.04956274419279428, ""6"": 0.3233608158275783, ""7"": 0.06926524516466913, ""8"": 0.0017586918051158563, ""9"": 0.209538856247438}","{""0"": 5.081898824036308e-14, ""1"": 6.237142101457101e-14, ""2"": 9.154139564620353e-14, ""3"": 8.825091861415222e-14, ""4"": 0.3465136467621115, ""5"": 0.04956274419279428, ""6"": 0.3233608158275783, ""7"": 0.06926524516466913, ""8"": 0.0017586918051158563, ""9"": 0.209538856247438}",[],[],1,0,0,0,0.0,ae6bd3704b60091c991fa79688885cd12d3e3219e64380f5c08a869bfa393c2c,e3ed2c600481e705335c9ec0ba7b264fc772ab855c5f3b7a8617ca428a2d473a,"[""proposal_created"", ""proposal_committed"", ""audit_accepted"", ""committed_once""]"
25,trust_v2,0,none,0,0,0,0,1,0,,69.99,,0.1,,6ecc6500ffabaa1354c0d514f35d5d9765c36a90a20f0abb35ac8e8dc9bb558a,1,"{""0"": ""7b45d97fe09987d6a865d6b09aecd76f6de4784863ee4438ad1b4b44918dfc42"", ""1"": ""127a5b3899d708358bb27a8c014a1db5aa073fae186baa3da2729fbe519c6ae1"", ""2"": ""7ef54f5e1a01caaac429f1ecb6b9abf63fac2c545b239fcc02f8a7008f9d5272"", ""3"": ""a04b5b80c4f68f0087410a08d254f80ab4022abdf05e1b9c8a5f1aaa28d4851e"", ""4"": ""02a76ed2a2490e1215b1c9e323bdb4b10bf42c7da9b8f68d5f458a7277ee0b80"", ""5"": ""1b3db8921e46f2b64157e76f370f2a110258110c936c3a352c41b09305f9b2f6"", ""6"": ""eba12d4e157d58488c6f79a971f99ed47c8bb2266081247c97c7f6a73bbed894"", ""7"": ""81f75c2922bc0d2c460295f1d99bee4237770fd8c54be7caa2d79c47920267f3"", ""8"": ""49f5086c241ca0e8d2233c34eb085a1d86f599ba4953a02c6964dfd15f119292"", ""9"": ""cee54d0101a19446903c6416262997ac544edc5c1eb84892d08575da23919227""}",,0,0,0,0,0.0,0.0,"{""0"": 1.5245696472108923e-14, ""1"": 1.8711426304371304e-14, ""2"": 2.7462418693861057e-14, ""3"": 2.6475275584245665e-14, ""4"": 0.25138749059901716, ""5"": 0.2762654981867713, ""6"": 0.09700824474827348, ""7"": 0.047777731794062354, ""8"": 0.003302702868623182, ""9"": 0.32425833180316443}","{""0"": 1.5245696472108923e-14, ""1"": 1.8711426304371304e-14, ""2"": 2.7462418693861057e-14, ""3"": 2.6475275584245665e-14, ""4"": 0.25138749059901716, ""5"": 0.2762654981867713, ""6"": 0.09700824474827348, ""7"": 0.047777731794062354, ""8"": 0.003302702868623182, ""9"": 0.32425833180316443}",[],[],1,0,0,0,0.0,e3ed2c600481e705335c9ec0ba7b264fc772ab855c5f3b7a8617ca428a2d473a,cdd2be4429dffe895885f829e9e8d9257e29ea6c007627ea377b00b2eeab7057,"[""proposal_created"", ""proposal_committed"", ""audit_accepted"", ""committed_once""]"
26,trust_v2,1,A1,0,0,1,0,0,1,V2,79.56,,0.1,,08b4c7fb5aaf2fd664d187e2f5879ea30b777ff54a2dba7fb630fa330d5e13e0,1,"{""0"": ""f4fa8a6383a1857228f91d2177b7b6516250e5f2dd38eacc05835ab0f5bf3e1c"", ""1"": ""4e05e3ec4cf3d6ccba472aa8d2a54098adb26ec116c8543e2168cf42c2956b0b"", ""2"": ""d2eb6f27abcf61bd02acfe9504b93ada1e6f6bc7e69144ab76c9790158656e57"", ""3"": ""ec2b2e328100fa104f0e5c9ce00430a7b98a6a33d045c1ca33f0d9901bb8a74b"", ""4"": ""dac570fdaacb0b6ea53949f58ed3da0c85e8e29c30fa3ebb276e8c32a6ef81c2"", ""5"": ""ea3db828508b2f15aadff1487a30c2496c90d870e296f623b6b91272fbd66609"", ""6"": ""9cccef2b08ee40033906f5a10715d6b0650facea5027f886605ef0f84fe57f0e"", ""7"": ""da79a08e20fab09d12b312ee3e0954d007bbd5a37ecc991d3d1482d8bcdf2e00"", ""8"": ""af1791f90f11039a1a2814f01997e661bb233b065d8bdc4c683b4d8957fec76d"", ""9"": ""a553015e5079494031bacd5c4f1d7fbb98441881d9792e72ebe6b78f19db998a""}",34d62267f7d14f4dd1bc9572497799190ed270e1b20c85d5f730b69b60253482,0,1,1,0,4.885352535458899,0.0,"{""0"": 0.75, ""1"": 0.75, ""2"": 0.75, ""3"": 0.75, ""4"": 0.30874958051303847, ""5"": 0.0828796494560314, ""6"": 0.26243580675781536, ""7"": 0.014333319538218708, ""8"": 0.0009908108605869547, ""9"": 0.33061083287428267}","{""0"": 0.18750000000000128, ""1"": 0.18750000000000128, ""2"": 0.18750000000000128, ""3"": 0.18750000000000128, ""4"": 0.07718739512826014, ""5"": 0.02071991236400799, ""6"": 0.06560895168945428, ""7"": 0.0035833298845547013, ""8"": 0.00024770271514674036, ""9"": 0.08265270821857122}","[0, 1, 2, 3]",[],1,0,1,1,0.0,cdd2be4429dffe895885f829e9e8d9257e29ea6c007627ea377b00b2eeab7057,54ddfbb5fe5ea58d0cf9fc6bfa80675332e71f3434899f6e30e9f7cd3efa26c4,"[""proposal_created"", ""proposal_committed"", ""audit_rejected"", ""recovery_recomputed"", ""recovery_audited"", ""recovery_verified"", ""committed_once""]"
27,trust_v2,1,A2,0,0,0,1,0,1,V2,69.95,,0.1,,ea873245bf69d2af537cd457676c190a625389bbc157dbaf83eb273642c90ff5,1,"{""0"": ""0dc4c248fdfb8d4a6a8b1f13c6b16a26dcba4b6767aaba64d2cdf959ffcbb4e4"", ""1"": ""556768e92e2d10715d2f24db18b944843e7cf3df6267ad75815d4ba8557af5e8"", ""2"": ""789af710e366e499551e1250ed205132337b8faf64d6fe474798173e7fd63a63"", ""3"": ""6900304c1eabff92c5a9cb9a226bf98b6dc5ae61d76f27874ea90329cef5668d"", ""4"": ""651161792ea79afc93a17f8cb99dce32cb8d7c297f0ea3e8147f864079916c75"", ""5"": ""017c6e86f9ef87fd30da04c7ba4dc3c8f935233cd5cb9bd54fe029142622a512"", ""6"": ""c6cc16551e172dcedab3e3f87e06c7276f2ee64ad68c27acaf0adf1e8ebafe4c"", ""7"": ""959f7758e5c8d96b551e00f4f28764d333b89bbd7a0f6ae08fc59f53dadbf3ed"", ""8"": ""70faf15f13376a6576c9369d0ec8e8e0914e189c7c7f4f5c0d87183c2c12366c"", ""9"": ""5d1e3d6e7aa9dfb155cf016328c02529063a5d1ac8a24bf4cb1efa6aea63be97""}",c81668ea9973f349cb19ebc20466e3aede59dfb22efa44c027c2709fe0784616,0,1,1,0,3.109426577532435,0.0,"{""0"": 1.372112682489804e-15, ""1"": 1.6840283673934182e-15, ""2"": 2.4716176824474963e-15, ""3"": 2.3827748025821107e-15, ""4"": 0.09262487415391157, ""5"": 0.282797447172028, ""6"": 0.07873074202734463, ""7"": 0.18843289119102857, ""8"": 0.0002972432581760865, ""9"": 0.35711680219750336}","{""0"": 0.12500000000000067, ""1"": 0.1250000000000008, ""2"": 0.12500000000000122, ""3"": 0.12500000000000117, ""4"": 0.04631243707695578, ""5"": 0.14139872358601396, ""6"": 0.03936537101367231, ""7"": 0.09421644559551426, ""8"": 0.00014862162908804323, ""9"": 0.17855840109875165}","[0, 1, 2, 3]",[],1,0,1,1,0.0,54ddfbb5fe5ea58d0cf9fc6bfa80675332e71f3434899f6e30e9f7cd3efa26c4,100a9d4b43f4771133b35b6e018fa3149a59648fd0ac35c213e591958ba80a10,"[""proposal_created"", ""proposal_committed"", ""audit_rejected"", ""recovery_recomputed"", ""recovery_audited"", ""recovery_verified"", ""committed_once""]"
28,trust_v2,0,none,0,0,0,0,1,0,,74.1,,0.1,,03b1cdff9089ad5c029b83d2248f1dc719f03b0b5825f857cff322b66217d040,1,"{""0"": ""aa7a40cc90e62ca95fd27a4c9b094af78c5772eb139e0c0c0a69859ec2a5c807"", ""1"": ""7f148997340b9840ea63f54cc7a19447cf6ab10827c1badce96ee4aeeb8f4dd8"", ""2"": ""6db7cb5b4f5b73c1b9895d5b910540ea8113a07484be5db89c3f5c86b8e98684"", ""3"": ""f5732bcdada7ca77260d2ddf440f43e2bb04ba8a79ff49efc7d0d1257fe25374"", ""4"": ""4a44edce159418c101440bd3c9151f9993fe471a4998935454d1716379c03dc8"", ""5"": ""4f721d253706e4dd8a740713ac9bb56963529a7cc3039e96414a6df75dc50941"", ""6"": ""d2506889ec801f80fc0eb4b4b522eeb7623716728e3e3ba3e09f9379e81f2657"", ""7"": ""3afb6ff7f8142cb0f37c7d07e78bea86192f0db0f7f475650502a785c3b265da"", ""8"": ""c17994cd9d7cce114bd413450160f7588a28824b80836daf600501038af72126"", ""9"": ""bef3541d1f834e308ef9dcafcc28ce0d412f2f03e724b54dd6a436bf8d6f0510""}",,0,0,0,0,0.0,0.0,"{""0"": 0.07000000000000041, ""1"": 0.07000000000000049, ""2"": 0.07000000000000073, ""3"": 0.07000000000000071, ""4"": 0.09778746224617346, ""5"": 0.15483923415160838, ""6"": 0.09361922260820339, ""7"": 0.12652986735730856, ""8"": 0.07008917297745282, ""9"": 0.177135040659251}","{""0"": 0.07000000000000041, ""1"": 0.07000000000000049, ""2"": 0.07000000000000073, ""3"": 0.07000000000000071, ""4"": 0.09778746224617346, ""5"": 0.15483923415160838, ""6"": 0.09361922260820339, ""7"": 0.12652986735730856, ""8"": 0.07008917297745282, ""9"": 0.177135040659251}",[],[],1,0,0,0,0.0,100a9d4b43f4771133b35b6e018fa3149a59648fd0ac35c213e591958ba80a10,7a9c4749cab3dca6a4f47b36be74b47c7e0a32848be8f495d2b90f729b75cb03,"[""proposal_created"", ""proposal_committed"", ""audit_accepted"", ""committed_once""]"
29,trust_v2,1,A2,0,0,0,1,0,1,V2,71.06,,0.1,,a2ae899b7a867c2bd7a06d83514d9c9e12c887e5055b769eb4914f7f4c0414ae,1,"{""0"": ""85bcb6297c13879693cfd0df08c66e91b8c0ac7302136c607981ba86f1ae14e1"", ""1"": ""e607be910c9d5bbbf7e07eac75c48f10991e95747a463a9d1ce0ab96d38126d8"", ""2"": ""abd679418bf2d8ec138fd3aadd5df83474d93727b5a05aeea4539de0eca29e6d"", ""3"": ""e565e74261b3e00020eb3ee879395d5c3a043688e6758e71275b9de2880155be"", ""4"": ""8c9ad57db651887840b1e0ce5b5f2c1eb6e450fa2d74405a67449d70c12f1bd3"", ""5"": ""40a42125e003f2e320d0533d2d0c6f0f4a0ce8b6f2a8a90388be730f35d87aab"", ""6"": ""50e9cf717e6bd9b96c7d0e1400934bff102a4a7364769b3488bbe4bc15a5a6a6"", ""7"": ""87dabb45fbce1e2157243ef84c974f98e7b6336593d74a36038aa2687f6b8e73"", ""8"": ""cffef09a7575a25e8fe50b596c997f5fc1fd08b48e262847114c26ee2ee22b02"", ""9"": ""51f262d64f1e43ab8b3f74bed551470078f3223918e9fd643be65c7d5af408d4""}",297f3d96a5fb6173784ab463c9aea3d95de7f0482b7c92ead0313fd23333ff3e,0,1,1,0,1.0875774936183435,0.0,"{""0"": 0.09100000000000014, ""1"": 0.09100000000000016, ""2"": 0.09100000000000022, ""3"": 0.09100000000000022, ""4"": 0.09933623867385205, ""5"": 0.11645177024548253, ""6"": 0.09808576678246103, ""7"": 0.10795896020719259, ""8"": 0.09102675189323586, ""9"": 0.12314051219777532}","{""0"": 0.17050000000000004, ""1"": 0.17050000000000007, ""2"": 0.17050000000000007, ""3"": 0.17050000000000007, ""4"": 0.04966811933692601, ""5"": 0.05822588512274125, ""6"": 0.0490428833912305, ""7"": 0.05397948010359628, ""8"": 0.045513375946617925, ""9"": 0.061570256098887645}","[0, 1, 2, 3]",[],1,0,1,1,0.0,7a9c4749cab3dca6a4f47b36be74b47c7e0a32848be8f495d2b90f729b75cb03,7bcd97c4694eb702cf92f237caa5e3200b0a65b4c77566b6bb40b59cdbd1b6fe,"[""proposal_created"", ""proposal_committed"", ""audit_rejected"", ""recovery_recomputed"", ""recovery_audited"", ""recovery_verified"", ""committed_once""]"
30,trust_v2,0,none,0,0,0,0,1,0,,76.28,,0.1,,c3a6563ce1718a9b2884a758a7e30347d6303a3324c9f3c301db80cb5becb3e4,1,"{""0"": ""2fdade4395c282d8ddae6074b9a4a491e5981c7563d8b0447fd79a6a94675242"", ""1"": ""72879a1e8ea4e613e49e4bf5536a1e7c4c7f0844469c5d784102086d63c803ca"", ""2"": ""d5e837f44fa391ea185fbae506eff8bf6ff72919c5b3bf165290fb198515b288"", ""3"": ""1b000e9cadf3e9afbca4b2ffa070b22674eb29e8e1362484135955cad6262fed"", ""4"": ""10d1ce90aa5ac4fe84d7ec7263f9073d849885c5ac612f34705af2f71f98f691"", ""5"": ""52a8a62a2ada76c4bb446d65d3489a66b5c534381123677b63cdcc89cedcc66f"", ""6"": ""d5e2484a498eb4b956bdc0f2dd49aee75526ac5b98e27a9b488e8c60a3c2233d"", ""7"": ""e3e77f68a1974989e54063f8ed53a54c12becd763c566a77f731714ffd6c216a"", ""8"": ""f2453ef85fd859385734f0b8c70ddde83f26f7a522adaa0c83514691f4621ca6"", ""9"": ""28c5e2659d243da6ef16931855d6a7ee7538cb29578d5fae244dd2781c7cd45f""}",,0,0,0,0,0.0,0.0,"{""0"": 0.027300000000000046, ""1"": 0.027300000000000053, ""2"": 0.02730000000000007, ""3"": 0.02730000000000007, ""4"": 0.23239560088256586, ""5"": 0.07971116861833225, ""6"": 0.05943429850769929, ""7"": 0.23498241734256803, ""8"": 0.09133553609645956, ""9"": 0.19294097855237485}","{""0"": 0.027300000000000046, ""1"": 0.027300000000000053, ""2"": 0.02730000000000007, ""3"": 0.02730000000000007, ""4"": 0.23239560088256586, ""5"": 0.07971116861833225, ""6"": 0.05943429850769929, ""7"": 0.23498241734256803, ""8"": 0.09133553609645956, ""9"": 0.19294097855237485}",[],[],1,0,0,0,0.0,7bcd97c4694eb702cf92f237caa5e3200b0a65b4c77566b6bb40b59cdbd1b6fe,aa0884f8050e3536c622d217492c4a3a1918f47c39f6fd782f14c17985f75774,"[""proposal_created"", ""proposal_committed"", ""audit_accepted"", ""committed_once""]"
31,trust_v2,1,A2,0,0,0,1,0,1,V2,74.42,,0.1,,006404c5eae69da0ed4e8581372e16f21a46fdbcddcd151015467f0a7d161c84,1,"{""0"": ""857ca44fc401defe293fc58dbe3d90083b55ca748b7b666d46e5081bfb54bd04"", ""1"": ""6a49405c350421564ee108e78205c8783ee1f106e17d364cca1ff76d78d3e849"", ""2"": ""06601113d6254ca6868c9e5f31a632a3a57c641a8532b61613963190744f8375"", ""3"": ""ea6d260b1bb6084c1f2ebc47fdee9446fc36d148807d621f795dec9e7fd69566"", ""4"": ""7fd8db75cfd671336cf1eaa8a53e6386627f124a83c1e4bf2733243742100cd3"", ""5"": ""d34ecbbe28099ef78ba0148d504400f2bad79495fdf2126c5511641608844104"", ""6"": ""1ffa8794d730af67f4a9bacc6b70113a4ea116a20d061ac90a1b9a956005464a"", ""7"": ""092e244e9ddac2373a4d325c94654faf6434794138411f1a764be90535dfdffe"", ""8"": ""caa710b6ec15fc0989155d2843e6be74544fa05887a4a1ed5c0727e4fc0190f1"", ""9"": ""b72f8d7efeacc7fa4c8751e2e5da89893782274718f9e886b77cc1150c8d924f""}",055274cb209308f4e563b2115e9e54fd838c3ca9326882a4f750bc6b79eeee2c,0,1,1,0,3.1665830946886033,0.0,"{""0"": 0.008190000000000015, ""1"": 0.008190000000000017, ""2"": 0.008190000000000022, ""3"": 0.008190000000000022, ""4"": 0.26995454168934696, ""5"": 0.222346997377318, ""6"": 0.07475001895043812, ""7"": 0.2707305866273476, ""8"": 0.02740066082893787, ""9"": 0.10205719452661133}","{""0"": 0.12909500000000002, ""1"": 0.12909500000000002, ""2"": 0.12909500000000002, ""3"": 0.12909500000000002, ""4"": 0.13497727084467348, ""5"": 0.111173498688659, ""6"": 0.03737500947521906, ""7"": 0.1353652933136738, ""8"": 0.013700330414468935, ""9"": 0.051028597263305664}","[0, 1, 2, 3]",[],1,0,1,1,0.0,aa0884f8050e3536c622d217492c4a3a1918f47c39f6fd782f14c17985f75774,18dbdc810df428ba0136eed5365243c56abad197696fe36943d2f01a6c88b574,"[""proposal_created"", ""proposal_committed"", ""audit_rejected"", ""recovery_recomputed"", ""recovery_audited"", ""recovery_verified"", ""committed_once""]"
32,trust_v2,0,none,0,0,0,0,1,0,,82.07,,0.1,,158318d4b20c83348a9bb3d4851d7be63c26c397365f161e119ab784320c24c3,1,"{""0"": ""2e34634407e1849e859c4685f7636fefe49d9e04db9bac2647c7c979a1a2cbb7"", ""1"": ""fbf9004098b5138f6b885a26ce9fc7bbc59f3fea366d0a2b3503202335d84d09"", ""2"": ""8256a8c9b1c7125f318e43a7f131fdbdeb7e8c5a1565b59c5dfa3137314bfcb2"", ""3"": ""b948dc52c089ebdd666a72d44a1c0ade9d967bbb688f1255dc3cd5f506f76013"", ""4"": ""bc39a07a9756e9c28dff33a976f14a411a6300eeba4ffb85bc5c243cec9116a4"", ""5"": ""963858a22ba2ea0681f67ebc682592ea6158146723446fd9277a3d1bae41dd32"", ""6"": ""d296413c09c20663d3173a857379e2340245b7154bd80ccbc6aa0e65acc1fbca"", ""7"": ""9e640c6d300a6db63150a6efc10df5512dbaf7a998abc0878738e14c2ca04c3e"", ""8"": ""467f358718acbb5dcfb61bbbcc3265b6cd3c8a8fcede609f4a7e775221741ace"", ""9"": ""2d63b311acfae1a2fc7d22dee33ac492b1290f1eb6eb4e105a15be1ae0379143""}",,0,0,0,0,0.0,0.0,"{""0"": 0.0024570000000000048, ""1"": 0.002457000000000005, ""2"": 0.002457000000000007, ""3"": 0.002457000000000007, ""4"": 0.3143196958401374, ""5"": 0.06670409921319541, ""6"": 0.2557583390184648, ""7"": 0.0812191759882043, ""8"": 0.008220198248681362, ""9"": 0.26395049169131674}","{""0"": 0.0024570000000000048, ""1"": 0.002457000000000005, ""2"": 0.002457000000000007, ""3"": 0.002457000000000007, ""4"": 0.3143196958401374, ""5"": 0.06670409921319541, ""6"": 0.2557583390184648, ""7"": 0.0812191759882043, ""8"": 0.008220198248681362, ""9"": 0.26395049169131674}",[],[],1,0,0,0,0.0,18dbdc810df428ba0136eed5365243c56abad197696fe36943d2f01a6c88b574,3c3ef4be1b76535fa90117f0167c69998e2a2d94b9f4a6f587378a561ee7b0ba,"[""proposal_created"", ""proposal_committed"", ""audit_accepted"", ""committed_once""]"
33,trust_v2,0,none,0,0,0,0,1,0,,64.2,,0.1,,7d88396e08f9b8f1ac86eedd2d15280d45a59724ad7843a8885765fa442e2e8b,1,"{""0"": ""4aba1387728f13495d5d795bd030915ab110cb4fd252a20627fe232b93df384f"", ""1"": ""d55af6b1f2b16f1ded21316b1d92aba1d7085b67701c49941a05b031883e45ad"", ""2"": ""db6396c163fc08f045e1ec17a21ead5f5e3c0c5835fd55ddf77818273ad9c6e1"", ""3"": ""0a00ea6f0c4015fa50a955b7d4ee2f0998189c1da4c26dbd9bddbee96252037c"", ""4"": ""dc93929332d1be434a723d18036d647156a087bfedc25f10900ba792f697dda7"", ""5"": ""96dc50407ac2dc2b9707e04e519228935f4cd9e3590bc31692465a5bd91d1f27"", ""6"": ""17fb16921f8abf3ae449ae70aaf5689f9fa9a58fd13409e9c9e8325b9d1fd339"", ""7"": ""0ec4f49e9c34f904b789277ba7df2375552ff2457fa61446a6057262be3b2d74"", ""8"": ""c07a522ef0e3a269416e726e1a5842d99a1daf2824203216779c09a33f913e37"", ""9"": ""9fe8bd40d9647ef1509a26bd740ab7cd9d5d091bfcbdb8f0ec5d3a805b29608b""}",,0,0,0,0,0.0,0.0,"{""0"": 0.0007371000000000015, ""1"": 0.0007371000000000017, ""2"": 0.0007371000000000021, ""3"": 0.0007371000000000021, ""4"": 0.09429590875204123, ""5"": 0.7200112297639586, ""6"": 0.07672750170553945, ""7"": 0.024365752796461294, ""8"": 0.0024660594746044088, ""9"": 0.07918514750739503}","{""0"": 0.0007371000000000015, ""1"": 0.0007371000000000017, ""2"": 0.0007371000000000021, ""3"": 0.0007371000000000021, ""4"": 0.09429590875204123, ""5"": 0.7200112297639586, ""6"": 0.07672750170553945, ""7"": 0.024365752796461294, ""8"": 0.0024660594746044088, ""9"": 0.07918514750739503}",[],[],1,0,0,0,0.0,3c3ef4be1b76535fa90117f0167c69998e2a2d94b9f4a6f587378a561ee7b0ba,376c07dd73df4605a3729e488e1a2778ae453e3b0ffda3d5dc485f77da61dc1f,"[""proposal_created"", ""proposal_committed"", ""audit_accepted"", ""committed_once""]"
34,trust_v2,1,A2,0,0,0,1,0,1,V2,78.23,,0.1,,ec88c14c33ac74cb287b8fb3ffd492cb1f2904624e330f457ed778dee622e273,1,"{""0"": ""2e4045a0e0702edd645a9e66bfa170a61f67f600947d2e1cd507d39b124c0e53"", ""1"": ""ed90ca1579237f5b28a6918e633c5a8f982be095be0d759c7962910da18aa5bb"", ""2"": ""0f4a560d1cdb50a2a4dc67d5cb31c6c498700e8bb6a09f3777289655e1cf111e"", ""3"": ""6946d549bf5ab8cc2e87cfe5af5b2358c9a58ff587560c5632a5506b0341f65e"", ""4"": ""1add1e3cba5c180c5a2b826fa1d22bd3c0bce93c3c90989a456ca0a313c25bf0"", ""5"": ""a9418fbbedb0d12766540c2d4a9c0c0fbcfa9ecad546b506a12ddc368a6ab931"", ""6"": ""fd42717c300d6022131da8ff0b408e4fd77474112ab8185f97f067abf3224e4f"", ""7"": ""f9f950cbf4e2c5cd7f447f78b9f6ffa724f66c4166a7f26ce5255ce80d11309f"", ""8"": ""6ed8306907d21f1a7bae109485acb3e93ab311c869423b1e7a417d75503c3f49"", ""9"": ""96ef71d4dc108f0d741ed3955c47ef55564af2253dd9343978883cf1882d63b5""}",5efdfdaa027efa675f4738078ce52093221cde795d80fa64929c8f4484100e13,0,1,1,0,2.5280338596893204,0.0,"{""0"": 0.00022113000000000048, ""1"": 0.00022113000000000053, ""2"": 0.00022113000000000067, ""3"": 0.00022113000000000067, ""4"": 0.04092037525556835, ""5"": 0.21600336892918762, ""6"": 0.342598637069647, ""7"": 0.017158528843006622, ""8"": 0.32032020440036646, ""9"": 0.06211436550222392}","{""0"": 0.125110565, ""1"": 0.125110565, ""2"": 0.125110565, ""3"": 0.125110565, ""4"": 0.020460187627784177, ""5"": 0.10800168446459381, ""6"": 0.1712993185348235, ""7"": 0.008579264421503311, ""8"": 0.16016010220018323, ""9"": 0.03105718275111196}","[0, 1, 2, 3]",[],1,0,1,1,0.0,376c07dd73df4605a3729e488e1a2778ae453e3b0ffda3d5dc485f77da61dc1f,7bdba23d9f7ca5a247b544e5d2927f812181d02440b2549f4d9256d29fda6f1d,"[""proposal_created"", ""proposal_committed"", ""audit_rejected"", ""recovery_recomputed"", ""recovery_audited"", ""recovery_verified"", ""committed_once""]"
35,trust_v2,0,none,0,0,0,0,1,0,,74.28,,0.1,,52165106d9d24d8681f2747adb992dc6b6d416d9d0c4633dc9fabd4ac189dec3,1,"{""0"": ""6bc3f61a52884a4e1660ec07ac6d6a7c324b00ece462f9942f7fe304670bc433"", ""1"": ""ac0171ff02e1f4d29c14dc58ba57c7fe6a1cf92066f3997fc78c3c051ccd905e"", ""2"": ""e62dce30080a748b8bb5ec57efc4506711e6918af72e52c9e9f563abda37f8ea"", ""3"": ""873b58d1fcc12ca7858d3eae1780eb268fd970715397847255f7730a203303bf"", ""4"": ""19b80c16df085120a34705af2f4d2a46655d257f9545854fd10d54af4f157883"", ""5"": ""e4d3377ac7b159657410e3ef774865f8e768f2a3536ed936cbef62bb6579d9dc"", ""6"": ""55da23a288dd56862b7d0f42748545c19a5e8c77335843df53465f8fb957517e"", ""7"": ""973af6c09016b6b5ef766e2ebdc6329d06b0bdb1e31343c58082d3d75736f1e0"", ""8"": ""18df9f37651363e701e05e7f6ecddcaee1b018a554bc9a2fc435f31d6b536553"", ""9"": ""a662c3de7705be77c7176d4551e33c3df255f57567dd9dc2db75cc18c89f8bef""}",,0,0,0,0,0.0,0.0,"{""0"": 0.07006633899999999, ""1"": 0.07006633899999999, ""2"": 0.07006633899999999, ""3"": 0.07006633899999999, ""4"": 0.0822761125766705, ""5"": 0.13480101067875627, ""6"": 0.1727795911208941, ""7"": 0.07514755865290199, ""8"": 0.16609606132010993, ""9"": 0.08863430965066717}","{""0"": 0.07006633899999999, ""1"": 0.07006633899999999, ""2"": 0.07006633899999999, ""3"": 0.07006633899999999, ""4"": 0.0822761125766705, ""5"": 0.13480101067875627, ""6"": 0.1727795911208941, ""7"": 0.07514755865290199, ""8"": 0.16609606132010993, ""9"": 0.08863430965066717}",[],[],1,0,0,0,0.0,7bdba23d9f7ca5a247b544e5d2927f812181d02440b2549f4d9256d29fda6f1d,124b79d0fc06f1a29a2c8d9fffe5081519d6f40632f273351410e3927292063b,"[""proposal_created"", ""proposal_committed"", ""audit_accepted"", ""committed_once""]"
36,trust_v2,1,A2,0,0,0,1,0,1,V2,77.77,,0.1,,dbb0e03fb232286e23dcc40bb5a9c81c2b406dbdea987d219c11b11a673ee5cd,1,"{""0"": ""41e2bdbfd4235d20b7ae9d0428f470a5ede5cfbc9534a177506be5661baf719d"", ""1"": ""823451eee4e1834538c239bb977aba21b2c16cece7ca31945586b351915e5dcc"", ""2"": ""e228fa38addc6775bfb109dd1d65d07241eac50b6ddb06d4c3c8997d4595767c"", ""3"": ""dd6449a0c0aff95746e4829f7eb0530372ccbf2ed40750ca3d3819bc2dbd2550"", ""4"": ""c079f677dc8df03ab1b7ed5354908f3f1ec09305b6c46d57a85f0fac1e4cbd61"", ""5"": ""0995c8f23a8a72485f410aaf810a0e538e6ceff7f8c1d97a444442423b9d6f79"", ""6"": ""ab7ea9b895cdb9771b92643909e822a5c55e7a0e34b7cc8ba7d981d66606fdae"", ""7"": ""f57f66bebc3a7d772df981ba84302e14590b322e4e943f69ac64106747af3b30"", ""8"": ""6e27864acad1959950fdd35d01ccd4f806b1a51357377376936c7066ee338036"", ""9"": ""253bb49c4b2b2e591f50a206286b16996a3f37829abd3ca4b8f25d7324685737""}",b27fd3a5f78b99e132aefe5d1c8a57a90a5dcf589b29913fa48e42bdcd907ff7,0,1,1,0,2.1436507924729846,0.0,"{""0"": 0.021019901700000003, ""1"": 0.021019901700000003, ""2"": 0.021019901700000003, ""3"": 0.021019901700000003, ""4"": 0.21239338674995534, ""5"": 0.05969408551878764, ""6"": 0.05183387733626825, ""7"": 0.2102548205728248, ""8"": 0.21309954896152367, ""9"": 0.16864467406064032}","{""0"": 0.13550995085, ""1"": 0.13550995085, ""2"": 0.13550995085, ""3"": 0.13550995085, ""4"": 0.10619669337497767, ""5"": 0.02984704275939382, ""6"": 0.025916938668134125, ""7"": 0.1051274102864124, ""8"": 0.10654977448076183, ""9"": 0.08432233703032016}","[0, 1, 2, 3]",[],1,0,1,1,0.0,124b79d0fc06f1a29a2c8d9fffe5081519d6f40632f273351410e3927292063b,3486ff68767d0f589551dc8f130ca93a57e5ed754d4797c7143071789171ddbf,"[""proposal_created"", ""proposal_committed"", ""audit_rejected"", ""recovery_recomputed"", ""recovery_audited"", ""recovery_verified"", ""committed_once""]"
37,trust_v2,1,A2,0,0,0,1,0,1,V2,74.17,,0.1,,848771b9d9104078e518a26141169040e3c400bca6a2c7d64675b062ca1c8aff,1,"{""0"": ""8acdd5f1e553381d39e5362307d41f49d3ce507843114a4895cb9e875b27d24f"", ""1"": ""9da4f0a542ed71bfbf73152d37e83815ae8ab4483ff5c5f2e75383d537d6e935"", ""2"": ""eb625823230fb1964095237f2418bc4502eb2e0c71b50129435ef6d470c48184"", ""3"": ""729f13aeb434b681b7aa4392c13b6457fead0bd605c2921a12280f42f4dc7c4b"", ""4"": ""c467a51a3d4b1d4c4cc7604e313760cd6ee5a458e3348b441113e72991b29ba1"", ""5"": ""9e965d879fd288173c738471d24f1f288b961ae52c8f4ef37e0794569f0bcde2"", ""6"": ""93ea2767756a0e44b3233441ea7cf486a05d5f073499fcb1717999d866493f82"", ""7"": ""db4b3035a6d2f067cbfb26009a2f7e1fead68355ec73487e36221ea9157db37a"", ""8"": ""143e53b533b58966a97ece05ebb44a1c8aa247b7db407749f84ba50ea0257947"", ""9"": ""f5cf4740e06b6ad10822b7fc7448bf5503bb185bb9a350f309ecf0113a2b60b6""}",c585fe37570b0d83401a58f9051df8f0793f395591af5e6d7da20e5c75b340f3,0,1,1,0,1.3465224958018593,0.0,"{""0"": 0.07630597051, ""1"": 0.07630597051, ""2"": 0.07630597051, ""3"": 0.07630597051, ""4"": 0.1337180160249866, ""5"": 0.08790822565563629, ""6"": 0.08555016320088048, ""7"": 0.1330764461718474, ""8"": 0.1339298646884571, ""9"": 0.12059340221819209}","{""0"": 0.16315298525500002, ""1"": 0.16315298525500002, ""2"": 0.16315298525500002, ""3"": 0.16315298525500002, ""4"": 0.06685900801249331, ""5"": 0.04395411282781815, ""6"": 0.042775081600440246, ""7"": 0.06653822308592372, ""8"": 0.06696493234422857, ""9"": 0.06029670110909605}","[0, 1, 2, 3]",[],1,0,1,1,0.0,3486ff68767d0f589551dc8f130ca93a57e5ed754d4797c7143071789171ddbf,f615f089fcc2a0342914a47946264d1d490a6d20d8de6f187313532d51743f90,"[""proposal_created"", ""proposal_committed"", ""audit_rejected"", ""recovery_recomputed"", ""recovery_audited"", ""recovery_verified"", ""committed_once""]"
38,trust_v2,1,A2,0,0,0,1,0,1,V2,78.24,,0.1,,c03c1e8ea6554fc8d310b16942c6e8028685990e5adc07eb9283f2bfc6e2df51,1,"{""0"": ""45c342fd092df638de9582182be141600462a6483d7a29903ad082e5c8a04e0d"", ""1"": ""af707e28e780d0436e9d401b9dcbe9dc601f02cd91468ebfadc4de76628cee52"", ""2"": ""453043d806dbc1cbfb04e8c524735f2d520a4f6aa9388a6655c0131f600d4b5f"", ""3"": ""7e02289fc0afecb8c7c58caa51bbf461a6936ec88297574026f15062a4bffdd8"", ""4"": ""71e63b46160a851cdf67f6160e572d2dfbad0a7da374f16b366788f73d9d4a89"", ""5"": ""fb2b356131c7622b8d7c4ef4ff19a7ac9962d27a5dffc938d877297a62f3d86f"", ""6"": ""221c2c9e04e821fb07d1d048978ce85ca95dd8f894f600cd881b5281bb679b07"", ""7"": ""eba5ab7290d8494c3073f1ce677137c0212a222fb4631ffae6289c5ba950d75a"", ""8"": ""89c936dfcfaf45e7eb0aa72b316dc68f1141c4fd608cff314a41f8402a8e0661"", ""9"": ""fe47886bbace012768876e7b736f08e9fa60ef8f209d7df8ff64523cd182d1ca""}",ba7e19780ebb17fb308ed19a70b6bfed8c4d0e93fc64665d5b824e9bde888159,0,1,1,0,1.868914273622569,0.0,"{""0"": 0.022891791153000003, ""1"": 0.022891791153000003, ""2"": 0.022891791153000003, ""3"": 0.022891791153000003, ""4"": 0.25459356622150986, ""5"": 0.06420663794809608, ""6"": 0.029534572958045055, ""7"": 0.2544010952655681, ""8"": 0.055040780915309465, ""9"": 0.2506561820794715}","{""0"": 0.1364458955765, ""1"": 0.1364458955765, ""2"": 0.1364458955765, ""3"": 0.1364458955765, ""4"": 0.12729678311075493, ""5"": 0.03210331897404804, ""6"": 0.014767286479022528, ""7"": 0.12720054763278404, ""8"": 0.027520390457654732, ""9"": 0.12532809103973575}","[0, 1, 2, 3]",[],1,0,1,1,0.0,f615f089fcc2a0342914a47946264d1d490a6d20d8de6f187313532d51743f90,e27f02fce5eea63f4004593d342f996606f5d668e04da073740fa2a5c9fd2ac6,"[""proposal_created"", ""proposal_committed"", ""audit_rejected"", ""recovery_recomputed"", ""recovery_audited"", ""recovery_verified"", ""committed_once""]"
39,trust_v2,0,none,0,0,0,0,1,0,,73.86,,0.1,,f34795b566b1cdff8d8aea8ef16bcf379b4645fa53f71ea5d86a7c1501d60b41,1,"{""0"": ""20036dbad295805748307118bbdd2ac003eb330187c5bfb3a0031832b34c6f5c"", ""1"": ""5cd051f079db51b00a974104ed2ed9ca6c1f9c1af753c511d41d0250fd56085c"", ""2"": ""b8e61819fabf3083579eb3b64d3af5be7b3c6cfeeedff0f6d32918404f710987"", ""3"": ""a8073b2af21399825f489a67fdc238e18ae85de74a4939ef75e7cbcacafcea6a"", ""4"": ""1375a0aebbacc1d50ae14071fcde9e3e78e2d239cf028299737412930a12d1f3"", ""5"": ""6ed12424168b700f9523079963c814f0a2ecdc711c4334144be7c55b3a97e457"", ""6"": ""2eb0632e6c45ac3bf2e564706d72e92b304f66a25fe6a945d22333544f8c802c"", ""7"": ""54ad3d554569cda8e29009e2a41c726d4f1e920629033e974577cac185bf4be0"", ""8"": ""532a4d453d0c1f6ffbd22a29401b470276f2ecb30d19801f814971dd208e1e49"", ""9"": ""d3b875d52c07dc9725ab5e964ff90a1e3478049e58e0594728031e33a37abfe2""}",,0,0,0,0,0.0,0.0,"{""0"": 0.07686753734589999, ""1"": 0.07686753734589999, ""2"": 0.07686753734589999, ""3"": 0.07686753734589999, ""4"": 0.14637806986645294, ""5"": 0.08926199138442882, ""6"": 0.07886037188741352, ""7"": 0.14632032857967042, ""8"": 0.08651223427459283, ""9"": 0.14519685462384144}","{""0"": 0.07686753734589999, ""1"": 0.07686753734589999, ""2"": 0.07686753734589999, ""3"": 0.07686753734589999, ""4"": 0.14637806986645294, ""5"": 0.08926199138442882, ""6"": 0.07886037188741352, ""7"": 0.14632032857967042, ""8"": 0.08651223427459283, ""9"": 0.14519685462384144}",[],[],1,0,0,0,0.0,e27f02fce5eea63f4004593d342f996606f5d668e04da073740fa2a5c9fd2ac6,bf84b0cc94ce6979d9be460f5df23eeb61f4deaf1338acda76de94f1d7f11941,"[""proposal_created"", ""proposal_committed"", ""audit_accepted"", ""committed_once""]"
40,trust_v2,1,A1,0,0,1,0,0,1,V2,76.19,,0.1,,311de2280edc2ed1dc4fb6291d79950bc47e7809eab4f4c6c59c9de8f12318f0,1,"{""0"": ""3b2f851784955e8233abda65047e0d9d42df65f998df982236ee85261ba0ab79"", ""1"": ""542ffffd2eed841edc0e7e291b167f191e5069a02153dc9e25bde094f70dd248"", ""2"": ""acd2912ae29d7771706774dd0142bd92877b3f4bb8425ec877f174f4c429ba84"", ""3"": ""e77c16ec745fd5590ad2804a5d015fd19f6ae967692093f65211b1f1b0440202"", ""4"": ""1e04403dbc43c4d1fd42fdf40b9e6ef9c6c438d4b6025736565f16f94bd85e56"", ""5"": ""bf4b083fea51290487bfb1ceeb7eb2ddfdc1c2a05e0d8d8b4f26651dbfb3a3ad"", ""6"": ""706f011c3b8a55f9c03f40d77abd458a8b659f464dde8d56ed88b661fb69f53d"", ""7"": ""d543a1f4ca5591706c7d401d6178b9371ea229b533367f7e67926b224f87fd60"", ""8"": ""cd8a8c10adb0c4ffe31540c8f55b0174ba79b6e11ed9463b783ab165fe3bd892"", ""9"": ""8da44829258eb59f919a4819e40d1f747ade3d776a5d8dabcbe08ecb58b25d71""}",07cd2e98dd2ee006f7ab71a2f4a70eb79f15bff0554a08395f2aef8b13bb6adb,0,1,1,0,2.8234888459718195,0.0,"{""0"": 0.75, ""1"": 0.75, ""2"": 0.75, ""3"": 0.75, ""4"": 0.19205103624260647, ""5"": 0.0942132082245006, ""6"": 0.06367303962636978, ""7"": 0.19203371385657172, ""8"": 0.17409128556504844, ""9"": 0.19169667166982302}","{""0"": 0.19192586047429558, ""1"": 0.19192586047429558, ""2"": 0.19192586047429558, ""3"": 0.19192586047429558, ""4"": 0.0491460805144565, ""5"": 0.02410926807537501, ""6"": 0.016294003892406584, ""7"": 0.04914164769599625, ""8"": 0.04455015971086431, ""9"": 0.04905539821371907}","[0, 1, 2, 3]",[],1,0,1,1,0.0,bf84b0cc94ce6979d9be460f5df23eeb61f4deaf1338acda76de94f1d7f11941,1c2ab8e859a9f72b1f3b7a52b26cfaf9ada70084a92ed88b7f084d5faa9b60df,"[""proposal_created"", ""proposal_committed"", ""audit_rejected"", ""recovery_recomputed"", ""recovery_audited"", ""recovery_verified"", ""committed_once""]"
41,trust_v2,1,A2,0,0,0,1,0,1,V2,76.95,,0.1,,6282d91c5541e74420d07d051201439246ea0f7164138892ee97141b91e52ace,1,"{""0"": ""e85879afa6654937295d6cb12ca8868fa5a4f66b3f31128f0054430eede8a65b"", ""1"": ""8528c45ec10e32d89be93c7b042948bde04d0e41b52417fc9d3e539e50b5b947"", ""2"": ""025e62d5951f717f1b95574272623d1158e89fa19e92843ecd09e5564673741f"", ""3"": ""a7a421670d1461202e0bf9a710b35086c10c5d412f15433e69143a0dd11585c3"", ""4"": ""6e3e332d25eb7cae405b266badda54b8dae4972a944fe56c98b4544d4c796914"", ""5"": ""d667db1500a6ac3ef70dfad61fb00aed3b0b3e1fc5e4fa22d6154047a281e75b"", ""6"": ""d391a8af176382500d27ffdfd90a58b2f8ecfa46db7173b536150eaf45c7cfc2"", ""7"": ""29395efa911587ba87fe8130b9bacb85913533ed39e9f962116ff627e9704d79"", ""8"": ""945d9034bc00d6993f1ce478de528d1d72b3e6926c2afb5d70942cb330ca1f6c"", ""9"": ""3e2f47544f088c25b1c5d9a7913415d94a6ce1dbb57c1716ac8577d728e6b181""}",96923b3c6bf800d7bfba064482dfb32c7fb165c79b5ca0b3ab63d0d905e30235,0,1,1,0,3.487249785745719,0.0,"{""0"": 0.006918078361131002, ""1"": 0.006918078361131002, ""2"": 0.006918078361131002, ""3"": 0.006918078361131002, ""4"": 0.22456005794246048, ""5"": 0.1952087095370287, ""6"": 0.05431667098419361, ""7"": 0.22455486122665003, ""8"": 0.07485076548732324, ""9"": 0.19883662137782}","{""0"": 0.1284590391805655, ""1"": 0.1284590391805655, ""2"": 0.1284590391805655, ""3"": 0.1284590391805655, ""4"": 0.11228002897123024, ""5"": 0.09760435476851435, ""6"": 0.027158335492096806, ""7"": 0.11227743061332501, ""8"": 0.03742538274366162, ""9"": 0.09941831068891}","[0, 1, 2, 3]",[],1,0,1,1,0.0,1c2ab8e859a9f72b1f3b7a52b26cfaf9ada70084a92ed88b7f084d5faa9b60df,edc6d680fe5abe66a34c77a336c8138f192bb36f8b06afc9232342474f4ee851,"[""proposal_created"", ""proposal_committed"", ""audit_rejected"", ""recovery_recomputed"", ""recovery_audited"", ""recovery_verified"", ""committed_once""]"
42,trust_v2,1,A1,0,0,1,0,0,1,V2,73.27,,0.1,,151ab59f6c116ba1df802e02222461cd4140c0635fdea2463128e61dccb7a57b,1,"{""0"": ""3af42c9dd27085137077d129d379c3147c256d4721e7d5b9c44e36598b020041"", ""1"": ""0a46cb7738be5f1750c65a3dda8c3e7d3a07b4bae0b75ae20b4e5221666bf026"", ""2"": ""7b20245263f064e2704d63c96dbfcaf929013533e924fec30425a6a47a9b9a13"", ""3"": ""9ddd07c68f6e7b18422e18bf6a286c584baf8596f715dd56d52383cb02ed2bb9"", ""4"": ""777d7a37588c3b65048a6f91ca5c9cc83149571da6885e4da022a7580d59a775"", ""5"": ""696e5746069d167f10398a1ae895398d7ff28a6edf3ba0a5a758edc50cdb6c42"", ""6"": ""0ca293b5917b9b1704eb88304bbcfe9dbf1426ea566f00fd69d2ac629839531a"", ""7"": ""5c37fc0feec36ea5de4c6defae82259fd0762f510ee917c519f513274d1e7f66"", ""8"": ""3a7d9729914a51771b63735e0ba1ac9d88d1e163ccec6660b2dcbe7359495133"", ""9"": ""739addf5b8612e57be97b4be722e9e08333f5cbe831fe463c29d846837148e26""}",8764b4d2da9ac15f929c6773bcc05ed4241ef8c73b385595edd03f245ce096bd,0,1,1,0,1.91425895826212,0.0,"{""0"": 0.75, ""1"": 0.75, ""2"": 0.75, ""3"": 0.75, ""4"": 0.13736801738273813, ""5"": 0.1285626128611086, ""6"": 0.08629500129525808, ""7"": 0.137366458367995, ""8"": 0.09245522964619697, ""9"": 0.129650986413346}","{""0"": 0.2020638365985612, ""1"": 0.2020638365985612, ""2"": 0.2020638365985612, ""3"": 0.2020638365985612, ""4"": 0.03700947815772521, ""5"": 0.03463713973046817, ""6"": 0.02324946538799687, ""7"": 0.037009058130391466, ""8"": 0.024909144554548793, ""9"": 0.03493036764462483}","[0, 1, 2, 3]",[],1,0,1,1,0.0,edc6d680fe5abe66a34c77a336c8138f192bb36f8b06afc9232342474f4ee851,fd3d72e17f821122b356098570dc5cbf13e8d87b8f7ebb41f5ba2978b9f67ca8,"[""proposal_created"", ""proposal_committed"", ""audit_rejected"", ""recovery_recomputed"", ""recovery_audited"", ""recovery_verified"", ""committed_once""]"
43,trust_v2,0,none,0,0,0,0,1,0,,80.02,,0.1,,f02f9c2373bf2c0a80b45c17e5842f894dd9a5209c9afd14463c751020a4587a,1,"{""0"": ""abdde35d1e4c9846b7de32f1518b037c02a083b464fdfa48665b53a66d471528"", ""1"": ""fb8b80d6cf0013ce434391a9ff814e882a860b2544a7ebefcc31c3efa9b623cc"", ""2"": ""81f8e48e9694c31f68deef4583f5b2d80cfa3af04c7cf1e183f3ea5e89498b18"", ""3"": ""028fbd981ffaa917440d97b7f9f53321f6724a177054cc91e5e20bddf6ba2314"", ""4"": ""f6e162708211adf73acfae55f0fcc4f096f745692f186a64caa537f7cdf885cc"", ""5"": ""b5a2abb0ff3e8b9364bb9dcae59927f014eb05c9c26f5f821b261a5577fb84fb"", ""6"": ""ead42b0cac1cf64cc2c0833bf6174cc37947b083a8b09e4b272ffa742c73f853"", ""7"": ""51e50a5c6cf476086bb09da8f7940c1ec70a2cddd0ddc23b0ea2b2fc0ae7d211"", ""8"": ""0e18675145d13530a670bef22f67e2e58f0ea8c6d67b484aa8959c5d238aaf50"", ""9"": ""0a3957d7d9dfa3a12011ef341454ed6132ad08f1941856f23bf9fbb8e2932dac""}",,0,0,0,0,0.0,0.0,"{""0"": 0.021622627052501793, ""1"": 0.021622627052501793, ""2"": 0.021622627052501793, ""3"": 0.021622627052501793, ""4"": 0.26358561580523143, ""5"": 0.07765734595670334, ""6"": 0.03325200550172732, ""7"": 0.18637317848783658, ""8"": 0.0913708395240804, ""9"": 0.26127050651441375}","{""0"": 0.021622627052501793, ""1"": 0.021622627052501793, ""2"": 0.021622627052501793, ""3"": 0.021622627052501793, ""4"": 0.26358561580523143, ""5"": 0.07765734595670334, ""6"": 0.03325200550172732, ""7"": 0.18637317848783658, ""8"": 0.0913708395240804, ""9"": 0.26127050651441375}",[],[],1,0,0,0,0.0,fd3d72e17f821122b356098570dc5cbf13e8d87b8f7ebb41f5ba2978b9f67ca8,21eb06a66443aa168258c48158c68b83162ca08e2c8ddeb9ada31fc5fd22f4c5,"[""proposal_created"", ""proposal_committed"", ""audit_accepted"", ""committed_once""]"
44,trust_v2,0,none,0,0,0,0,1,0,,70.99,,0.1,,83923167a98470715aacba04b5bb03d091690e5a5ad16ae35726c79aabdcfb84,1,"{""0"": ""04f8fe01f6d73dbf2bb6ddd43980174894c51d28f633087b34803ac6df8ba251"", ""1"": ""5b790c5c1f432800a4ce4af27d2575a3cf95000ac5975873324fad2da2cc236b"", ""2"": ""2c57803420edc0a09e0fc1404512089d8de49ec1a5de08cca2d0f232bcdcdb73"", ""3"": ""aa41e5c8270dbd56e4037bcb57bfe9e24a87352dc60dfab4c82b5b817376110b"", ""4"": ""e525d1e95c67120ed68439cd3b90b11bc57abf471329361888d01a5c6f4704a3"", ""5"": ""2010ad7a25a9e8fe33a79a3744be120021a796f7bb7e360f895288806a23ab45"", ""6"": ""1a73fd4a6432f87d95fc419b766887dc41f625c24a24815608c684fe39a6e92c"", ""7"": ""b1be6fb73bdfc04ca91ee2d197de1003c5210d9fde86a298a8158363f88fa494"", ""8"": ""7eec85bda5015007dddbbbad571288dfec52e9820afd773a63f787dda96a2f1e"", ""9"": ""a0f645514ebed13345f8b28151bd5c466f0f67b7dabf352cc01091d866c2dfca""}",,0,0,0,0,0.0,0.0,"{""0"": 0.07648678811575053, ""1"": 0.07648678811575053, ""2"": 0.07648678811575053, ""3"": 0.07648678811575053, ""4"": 0.14907568474156943, ""5"": 0.093297203787011, ""6"": 0.07997560165051819, ""7"": 0.12591195354635096, ""8"": 0.0974112518572241, ""9"": 0.1483811519543241}","{""0"": 0.07648678811575053, ""1"": 0.07648678811575053, ""2"": 0.07648678811575053, ""3"": 0.07648678811575053, ""4"": 0.14907568474156943, ""5"": 0.093297203787011, ""6"": 0.07997560165051819, ""7"": 0.12591195354635096, ""8"": 0.0974112518572241, ""9"": 0.1483811519543241}",[],[],1,0,0,0,0.0,21eb06a66443aa168258c48158c68b83162ca08e2c8ddeb9ada31fc5fd22f4c5,89c8e62b854be9114693bc9ee46f443ad868df718300e1fcc7dd142473e13ede,"[""proposal_created"", ""proposal_committed"", ""audit_accepted"", ""committed_once""]"
45,trust_v2,1,A2,0,0,0,1,0,1,V2,76.96,,0.1,,bfc50e92f7f38632890cc1b9f6aec8bd1d7c5a12a76536ee1e088bd2c089947f,1,"{""0"": ""6ee9ec19f8a4279f8b3fd64da89cc13be9955f652c29215b37933243f56b5e04"", ""1"": ""97b8164aa39105717fa892f75aa8bcc9dbb35eb70414c3125a4ad396f9556468"", ""2"": ""4a736310273148e276cdebb7a418570991780d8c41023dcfda6a0b09e664abe8"", ""3"": ""9d27e7d04f64762d1c70e936217aac9c0de8227db255bc28d8e963c0bbfe7748"", ""4"": ""083aa6fd27f8b5b41f940ac46776881fccdf3039eaee1535c1fc2d8bb9047f73"", ""5"": ""f8a7dff019ad6e30c62ed207fee7fef0e36de8e06f9e2d83c59614434fad7e4d"", ""6"": ""44f07889458d0163eebdc422362a0cc409dbf8b358571577673ce1ec64975d4b"", ""7"": ""6f4979818e5b1195ba8a0a0f8447b54a5413e2a915f30321a562c14769740aa4"", ""8"": ""92944382b643e868a0989954484d0caea21e53359f815394101290edcdc2c3cc"", ""9"": ""15b7b1228949a0285f8e04773c7ce2af7fef359562fea7d85d6090fc32db0877""}",35955365c39cc277cbad64f6c82f43b9ec62151528ec8830b6afd358dfff468e,0,1,1,0,1.75028582604151,0.0,"{""0"": 0.022946036434725165, ""1"": 0.022946036434725165, ""2"": 0.022946036434725165, ""3"": 0.022946036434725165, ""4"": 0.22117023263895202, ""5"": 0.0857020409930862, ""6"": 0.08005598195673985, ""7"": 0.09465482309589446, ""8"": 0.2056709027736484, ""9"": 0.22096187280277843}","{""0"": 0.13647301821736257, ""1"": 0.13647301821736257, ""2"": 0.13647301821736257, ""3"": 0.13647301821736257, ""4"": 0.11058511631947601, ""5"": 0.0428510204965431, ""6"": 0.040027990978369926, ""7"": 0.04732741154794723, ""8"": 0.1028354513868242, ""9"": 0.11048093640138922}","[0, 1, 2, 3]",[],1,0,1,1,0.0,89c8e62b854be9114693bc9ee46f443ad868df718300e1fcc7dd142473e13ede,535b1c24c75173af97a4ada81801921d4f42253647ed64a1feb3a07c9680c97b,"[""proposal_created"", ""proposal_committed"", ""audit_rejected"", ""recovery_recomputed"", ""recovery_audited"", ""recovery_verified"", ""committed_once""]"
46,trust_v2,1,A2,0,0,0,1,0,1,V2,66.11,,0.1,,af091c3afa2809ee8f7159235687b435fb55b3fac43dd1062243843d3dfe13c5,1,"{""0"": ""59b81c5061ceec45be5e0fe1692bbcffa5105c1be80359096c4a8ec073dfabcb"", ""1"": ""bbe1735d890c3a3f84ee6309a7fad3be5ef322186847987d361eeaf3d88774f2"", ""2"": ""c4ad7383eae45c05794fa53ab0f8ae5d0e7bcc21789f6b8d7762e08e508e7d92"", ""3"": ""7fcaf5d7d97579183204903167b0b2e517311a40e99781f89a95640d0081d655"", ""4"": ""5d38cceb066448548205080e756ba6f431f2f1a024f9be6c0805be20852e39b3"", ""5"": ""c47576ac0316a2486e98b47ba751354cc0bf497af554e045162393b855703861"", ""6"": ""3e8e0f530f48bf679bc7d39a1780fc3e5289978c5c1b6b98ef499ec1de72b9ce"", ""7"": ""f431b538c825ba688c5905851ec21046d621a01edb7cfdab0ad383c4f7a27519"", ""8"": ""9403c1478cdc75403fc861feee47fb805c336bb6815de79a96c1122be4932f7a"", ""9"": ""43875e0c42b1b080dede284a45f2cc9d0d8a5550082bbb1956b057e342684f6f""}",c4349c9cfab2c560509ccf0b043a6524e59aa211cec45a7245efec87aa6459f9,0,1,1,0,1.3706780710330972,0.0,"{""0"": 0.07688381093041755, ""1"": 0.07688381093041755, ""2"": 0.07688381093041755, ""3"": 0.07688381093041755, ""4"": 0.1363510697916856, ""5"": 0.09571061229792585, ""6"": 0.09401679458702195, ""7"": 0.09839644692876832, ""8"": 0.1317012708320945, ""9"": 0.13628856184083352}","{""0"": 0.16344190546520876, ""1"": 0.16344190546520876, ""2"": 0.16344190546520876, ""3"": 0.16344190546520876, ""4"": 0.0681755348958428, ""5"": 0.047855306148962926, ""6"": 0.04700839729351097, ""7"": 0.04919822346438416, ""8"": 0.06585063541604726, ""9"": 0.06814428092041676}","[0, 1, 2, 3]",[],1,0,1,1,0.0,535b1c24c75173af97a4ada81801921d4f42253647ed64a1feb3a07c9680c97b,dd4ab42258a83ced5f6076cf8879dc8724e18a43a78debf68d0d0d8e5e37e2b5,"[""proposal_created"", ""proposal_committed"", ""audit_rejected"", ""recovery_recomputed"", ""recovery_audited"", ""recovery_verified"", ""committed_once""]"
47,trust_v2,1,A1,0,0,0,0,1,0,,10.25,,0.1,,d441170b4aeb18c67252064f371db6caf7a811066394b38f142873c8992898fe,1,"{""0"": ""8e22e1e98d8f9f3ad99889539538eaa15e50b6f26e39fc98ee6db151e6af9b5b"", ""1"": ""cdd27f8283dc5d636de22d2d522b1d8bc41151dd5f6e990838496442b3070c4e"", ""2"": ""6528abc28b28a531a4ed06733fff923b616ed802ca0c3f42b5e8ba7639dddeb0"", ""3"": ""02594c12d29232841b3f134f4773890e5d95dc27157e1760a47850b787905538"", ""4"": ""6ad6685183c40564a1baa53d922f47c0fe8bf9f84106b1dcb4707ea788be427e"", ""5"": ""9d6f20ae713a761674b95f26fface358d67dec5d43c708e110e33c3cb045ec3e"", ""6"": ""8f8320c8a1af277ca2b3502d1e4a73b700052e5817bcd0ffb91ef12e4b5af81e"", ""7"": ""59c81f1a9f61877fa7cc9654fa5ba6c05c6140f0b3779fdfe4bf3645f25a8593"", ""8"": ""41778b197eeae60860c4c13eb4290c3ef9d2b0fcd29cc8564ba10a267ced373c"", ""9"": ""23f99f8fd05232d288be81298e69ff3c347ee2197fe941752dfc60f429258664""}",,0,0,0,0,2.4434846072193657,2.4434846072193657,"{""0"": 0.75, ""1"": 0.75, ""2"": 0.75, ""3"": 0.75, ""4"": 0.11689880962994817, ""5"": 0.10986387591993632, ""6"": 0.14061809792162133, ""7"": 0.1910717047693778, ""8"": 0.20106315194037566, ""9"": 0.1482237867022395}","{""0"": 0.1919268195930198, ""1"": 0.1919268195930198, ""2"": 0.1919268195930198, ""3"": 0.1919268195930198, ""4"": 0.029914688995314437, ""5"": 0.02811443239130071, ""6"": 0.035984512415088814, ""7"": 0.04889571281413748, ""8"": 0.05145254838568588, ""9"": 0.03793082662639329}","[0, 1, 2, 3]",[],1,0,0,0,0.0,dd4ab42258a83ced5f6076cf8879dc8724e18a43a78debf68d0d0d8e5e37e2b5,24bd107d04b4d30faca6fdb43241277da1a5537fbab5940211d34ba8a98a21af,"[""proposal_created"", ""proposal_committed"", ""audit_accepted"", ""committed_once""]"
48,trust_v2,1,A1,0,0,1,0,0,1,V2,79.05,,0.1,,ada3b0fc1752d64f0d4ba6b850efe4599f0bde0d9c9a1db856672f507f862cdf,1,"{""0"": ""9ccfe5e781a2ecf291ffdfdcbe9e5fd70266b6dad5ece54e750c7a9a988a4b3b"", ""1"": ""4dabcca137c6f23fb407328f7d583074644c2a96e4d634c8adf83977d86412c1"", ""2"": ""8d77f92db1c25b267bf453024ca1e2961a04ef7f4cea01db7ff182c81b187f27"", ""3"": ""c763e98436883215d3b8123eac0bf73f1372e5f1857f815cf98b208878793727"", ""4"": ""ef202c0827ee5d062583c949ac64882e154036472fbb5d98b027c3c56166bbee"", ""5"": ""6d2f795459acb14081aefc7f7b96d4d6687f24c3d85b4c659ab5b626b1754fc2"", ""6"": ""6ca3ddaf66233be29915e3fe6cc219fe22282c0f38231f1360eb4c996db23f5f"", ""7"": ""95686ce9ea01fe35b28d378e89ad038ffc2ef7ec074cd2fc128562aa3a9a7251"", ""8"": ""d7190d38ba2abcda616aa99b9a239c130077e09201788baffab932aee385c047"", ""9"": ""073837fc4c39afb455ca254b0bdce6da78dd1b9ab8e2ac82665a3fba9e24bac6""}",6721981ee441da507752b9021d9ac3531a04c47ac90968bfd0f03bdb90399b21,0,1,1,0,1.0022876420779048,0.0,"{""0"": 0.75, ""1"": 0.75, ""2"": 0.75, ""3"": 0.75, ""4"": 0.174920521329928, ""5"": 0.09061297665286672, ""6"": 0.140877841075489, ""7"": 0.1971723898717569, ""8"": 0.18442008468339363, ""9"": 0.18431801445161541}","{""0"": 0.18880645437666646, ""1"": 0.18880645437666646, ""2"": 0.18880645437666646, ""3"": 0.18880645437666646, ""4"": 0.04403483124002902, ""5"": 0.022811086456457897, ""6"": 0.03546486089827011, ""7"": 0.04963655977688022, ""8"": 0.04642626973988817, ""9"": 0.046400574381808904}","[0, 1, 2, 3]",[],1,0,1,1,0.0,24bd107d04b4d30faca6fdb43241277da1a5537fbab5940211d34ba8a98a21af,357d8a18a4b37337bfb4778af7b9cc8af1bfe99ea840745075fc990a36d1e91d,"[""proposal_created"", ""proposal_committed"", ""audit_rejected"", ""recovery_recomputed"", ""recovery_audited"", ""recovery_verified"", ""committed_once""]"
49,trust_v2,0,none,0,0,0,0,1,0,,71.69,,0.1,,ad765e44b8a9c0437f666025f5a6e55ffc8fafd5360a88f5c9c41a8fdb542c5f,1,"{""0"": ""5410c4233963c3c28436c8e923ff51f5234234e0ad8dbacff0031ac2779cc244"", ""1"": ""f77b74e1a48d6fa7c2f40f0f461d63ea7dfa2a41b06309d980dd72f65fab1a00"", ""2"": ""9248f9fc07e53f767847ea7119abdbe53e22c3f391fbd7f2db091a7a81375651"", ""3"": ""d111638017ef9d2a7fd37fa1e5f2306481237963bd4a356dab87904d472b663c"", ""4"": ""a22e5826753b871cf22bf7057269e494644952086bd24f74b46ecf4fbc9af663"", ""5"": ""6fd04369abf6d9a88d75204b4c50abea8de65468ac3284b924da76b91804f690"", ""6"": ""ca160ed3b7f0e9db61f77ddfda510fa279c7502d0718b8fbd5c140c2ffb85753"", ""7"": ""41f90f7356a5f95dd5945fee682027c5faabb783cea4eeb52337f3f65418c723"", ""8"": ""32f93a28d75f950d2a4add70b362f86053f1b3ff509d211ee59adaef7f647eeb"", ""9"": ""9db62acde40eb46fdbcdf30c453331d541e578f1eb02d4bc679cde2ecf1cea13""}",,0,0,0,0,0.0,0.0,"{""0"": 0.0020758628951212748, ""1"": 0.0020758628951212748, ""2"": 0.0020758628951212748, ""3"": 0.0020758628951212748, ""4"": 0.05247615639897841, ""5"": 0.02718389299586002, ""6"": 0.04226335232264671, ""7"": 0.7591517169615271, ""8"": 0.055326025405018096, ""9"": 0.05529540433548463}","{""0"": 0.0020758628951212748, ""1"": 0.0020758628951212748, ""2"": 0.0020758628951212748, ""3"": 0.0020758628951212748, ""4"": 0.05247615639897841, ""5"": 0.02718389299586002, ""6"": 0.04226335232264671, ""7"": 0.7591517169615271, ""8"": 0.055326025405018096, ""9"": 0.05529540433548463}",[],[],1,0,0,0,0.0,357d8a18a4b37337bfb4778af7b9cc8af1bfe99ea840745075fc990a36d1e91d,29c3e7df90ddb4996a263c2e0a39d078009c451e6deb0712573dd226d821b8f4,"[""proposal_created"", ""proposal_committed"", ""audit_accepted"", ""committed_once""]"
50,trust_v2,0,none,0,0,0,0,1,0,,80.12,,0.1,,6e7268007fa6d73ac59865bc27a05ab2d76b9088eb6ef9b1a1ed6954f057d72e,1,"{""0"": ""7a214621d2cd15f60fcf3b304116dbb692507caa621fd8c432d0de8038b6e413"", ""1"": ""5517590ed00c3928884c25d875ee9bfaee7d2bb1e43de3dd8c14d4e1e5ee68b1"", ""2"": ""c72ea6c5276584152220dffd50a0d27782d039fab9e92cefdbd785c561db060c"", ""3"": ""7212e836600cdbb753b9e0d9acc215f8f0c1f8c6a1304809f46c5f520b9b4952"", ""4"": ""b93d6592afddb32d59f19a6066b44dc82fecb100411bae5ee73a864c76906f8e"", ""5"": ""18e83774e0413b3728e4c29fde4f89078155de8496ea53d7498fe6d66b0fa742"", ""6"": ""d2bfb47fa91c1ef168bb0d430fd60d408b8e8b45532457763dc53920ecc4c29e"", ""7"": ""66ecac3cde3c998ff1cf19157b855ebf032bd88fe793d517d8063bb9a100b541"", ""8"": ""0a674dae46c8551482ff005336e213d4663da6f9127d1ffcad8a6fa69b508e38"", ""9"": ""447ace82ced8b3f7c20159f8417b677d6c36262c4fb12a2d41c63e39b91795a9""}",,0,0,0,0,0.0,0.0,"{""0"": 0.0006227588685363825, ""1"": 0.0006227588685363825, ""2"": 0.0006227588685363825, ""3"": 0.0006227588685363825, ""4"": 0.03281058067424286, ""5"": 0.17973993623396586, ""6"": 0.08196859116469603, ""7"": 0.22774551508845814, ""8"": 0.20562615447917124, ""9"": 0.2696181868853203}","{""0"": 0.0006227588685363825, ""1"": 0.0006227588685363825, ""2"": 0.0006227588685363825, ""3"": 0.0006227588685363825, ""4"": 0.03281058067424286, ""5"": 0.17973993623396586, ""6"": 0.08196859116469603, ""7"": 0.22774551508845814, ""8"": 0.20562615447917124, ""9"": 0.2696181868853203}",[],[],1,0,0,0,0.0,29c3e7df90ddb4996a263c2e0a39d078009c451e6deb0712573dd226d821b8f4,8c91cd9ec6ad656114b03c6e11a83d04d67a02c33e2a89e7fc9ab7850ccde2eb,"[""proposal_created"", ""proposal_committed"", ""audit_accepted"", ""committed_once""]"
