round,group,attack_active,attack_type,v1_trust,v1_agg,v2_trust,v2_agg,consensus_passed,healed_applied,heal_source,accuracy,v1_projection_residual,v1_projection_tolerance,v1_challenge_seed,proposal_commitment,proposal_binding_valid,update_hashes,recovery_commitment,recovery_v1_endorsed,recovery_v2_endorsed,recovery_endorsed,skipped,proposal_relative_error,committed_relative_error,published_weights,used_weights,attack_targets,excluded_clients,audit_executed,honest_rejection,recovery_attempted,recovery_consistent,recovery_relative_error,parent_hash,state_hash,events
1,noexecutor,0,none,0,0,0,0,1,0,,40.89,,0.1,,69ac14c26faf72211ddc4da6ce1447907082d2d9a76069be42050c4dc6711ac2,1,"{""0"": ""e4ace80ac6cd3cb2ffb6e5a0ea311911f163a9ca0aa590a5c6af2eea07b16957"", ""1"": ""db838b8fcb2476faeef37a2be916418f2ff4dee3862d7853dfc243c493a32962"", ""2"": ""2ee0255a3740e1c735661bd48fdc62978da5844d3fbfaaba231cfbd720e7a6c7"", ""3"": ""dfb22756e9356c0d23cb09a51ec2d825dd98b4945f7e39385381630c99ebaed9"", ""4"": ""2ed28e432dce212e8c849a612d59ad1cbcb668e1d2b72baefdbc9e26ccdcaaec"", ""5"": ""de8cad319941873656d9a1c2c83e0a36e700e80d8cf83c19fe6eb7129bd00bf9"", ""6"": ""9b5060c8d424d746e9cc0dfed5cafdc080c6bfce8513f0bf14baccb6c7eb2f10"", ""7"": ""d4b349b0e0cf24819aca36bed141f7586f5e2086a4dcb54d543a6b6b98957162"", ""8"": ""fe5928571910924591dbbcdb1f8f1cf998ef290cf809de37b20cc73f6c3e3ddc"", ""9"": ""3474c1f30c6edd3d751b34ac5d2fdca1c5778bd88c3bbb63e9eac1c23e304412""}",,0,0,0,0,0.0,0.0,"{""0"": 0.030000000000000006, ""1"": 0.030000000000000006, ""2"": 0.030000000000000006, ""3"": 0.030000000000000006, ""4"": 0.20802280259755013, ""5"": 0.10950553799654339, ""6"": 0.20802280259755013, ""7"": 0.20802280259755013, ""8"": 0.030000000000000006, ""9"": 0.11642605421080623}","{""0"": 0.030000000000000006, ""1"": 0.030000000000000006, ""2"": 0.030000000000000006, ""3"": 0.030000000000000006, ""4"": 0.20802280259755013, ""5"": 0.10950553799654339, ""6"": 0.20802280259755013, ""7"": 0.20802280259755013, ""8"": 0.030000000000000006, ""9"": 0.11642605421080623}",[],[],0,0,0,0,0.0,b3220bfac175afe1cedb4598a5691b69b53fa9091468290c805398577190d670,ef599615ee6cb235f2f2b3d5eaa8bf80a7b51e8a8bc2957d46ed492666d5c276,"[""proposal_created"", ""proposal_committed"", ""audit_accepted"", ""committed_once""]"
2,noexecutor,0,none,0,0,0,0,1,0,,55.19,,0.1,,f7c2630c582275711a38522bb691707652f468810de14a3f2ccd11ab656efcb0,1,"{""0"": ""186207b51e6d118ed3b32b679e3eb48830c6ba8171a9661e46ee2fdfecba5075"", ""1"": ""1fdcd18b683b561660297f6ceb3eaef8eaa535409a877f71cb740f6ef420bc21"", ""2"": ""d5cbd8857f71df16ca6e92817bf206ef0792320178a182a1061816403e86fa26"", ""3"": ""a47117629a0e26a3e28dcfe1e67c277a02e377cf74efc66d4bb819c27e74be84"", ""4"": ""3a47a521ce66062047cce9fb8e6c57ef70fc9f5dc67f293f49d58d83050d5330"", ""5"": ""66feab5e2856e29e0bcb58e21ad3e5f44a67d8379274c2578de95fc6bb9306e1"", ""6"": ""8ebc94ea50730748ec899f52cfdceff2833b6f9a44f0e838d4a1bbec0f009e10"", ""7"": ""afe05a74dbc8807dff5feec44a48eeabff81e4c903b1cf64bdf509c34469c30a"", ""8"": ""b7b7a62ba07fac150ed234c8dba1b36088d9eb8ce96f179d5d22a61ce582fc95"", ""9"": ""1bd0d2d7609f4952ba08587794429aa56eda7256d488f4523e122e8d3966a7d5""}",,0,0,0,0,0.0,0.0,"{""0"": 0.009000000000000005, ""1"": 0.009000000000000005, ""2"": 0.009000000000000005, ""3"": 0.009000000000000005, ""4"": 0.25745856378652154, ""5"": 0.08832955314168188, ""6"": 0.25745856378652154, ""7"": 0.25745856378652154, ""8"": 0.009000000000000005, ""9"": 0.09429475549875367}","{""0"": 0.009000000000000005, ""1"": 0.009000000000000005, ""2"": 0.009000000000000005, ""3"": 0.009000000000000005, ""4"": 0.25745856378652154, ""5"": 0.08832955314168188, ""6"": 0.25745856378652154, ""7"": 0.25745856378652154, ""8"": 0.009000000000000005, ""9"": 0.09429475549875367}",[],[],0,0,0,0,0.0,ef599615ee6cb235f2f2b3d5eaa8bf80a7b51e8a8bc2957d46ed492666d5c276,8f6dfd70dc29a615a8aea836901cb2da57dc7de3945a9c1c6ab7671f45eff401,"[""proposal_created"", ""proposal_committed"", ""audit_accepted"", ""committed_once""]"
3,noexecutor,0,none,0,0,0,0,1,0,,60.24,,0.1,,e2a33b4ce2d3952f88b4ad4c2596b511b678fe602afd08f003292c1a57b2f8c8,1,"{""0"": ""025863913c9db8158c220d1afd8a5cb67067e3f9552d7516c7bdcbb441122451"", ""1"": ""7f94db48a999429ac6a2d595a1ad284506d1687fb08ce5bb0b33e664558101c8"", ""2"": ""1a030da5892417719e17062cd40a4ae4e90aecc2166adc863fe885d829ab6966"", ""3"": ""b1a44b34f78a95c32bc0d8c29abf421a0ea469716b478bb429478ecce4ca7b95"", ""4"": ""511b9af477325541b3967ffa744fb11661a5878c13e169167a9524752ba6ff87"", ""5"": ""d04e254510d014c17dbb09c5ca2f35944638313e495a043e8f5056dfe8163720"", ""6"": ""415805e933404d32b7c79b7004ca1f6dc764f22124cb1ea377ca451c72f8df42"", ""7"": ""b8f14da9aa66356530f8b66ad22f39ea73c9986719c040348809ff17c3c87c6e"", ""8"": ""854ccb23e013cce03bdd1486920de8a6e4ed6d563f7eec4f06d8f2c676b342d6"", ""9"": ""9bdc6b4920714d770fcf82c001964715642b18e44d27ebb95e6c145cd19a69a8""}",,0,0,0,0,0.0,0.0,"{""0"": 0.002700000000000002, ""1"": 0.002700000000000002, ""2"": 0.002700000000000002, ""3"": 0.002700000000000002, ""4"": 0.28945893451683374, ""5"": 0.07984497972122506, ""6"": 0.23473425957858268, ""7"": 0.28945893451683374, ""8"": 0.002700000000000002, ""9"": 0.09300289166652487}","{""0"": 0.002700000000000002, ""1"": 0.002700000000000002, ""2"": 0.002700000000000002, ""3"": 0.002700000000000002, ""4"": 0.28945893451683374, ""5"": 0.07984497972122506, ""6"": 0.23473425957858268, ""7"": 0.28945893451683374, ""8"": 0.002700000000000002, ""9"": 0.09300289166652487}",[],[],0,0,0,0,0.0,8f6dfd70dc29a615a8aea836901cb2da57dc7de3945a9c1c6ab7671f45eff401,38525633ba53906df7f4a0e6916484a9cd05b3893a490bb53fc989b11a87dbc4,"[""proposal_created"", ""proposal_committed"", ""audit_accepted"", ""committed_once""]"
4,noexecutor,0,none,0,0,0,0,1,0,,63.05,,0.1,,83e933eeca8e209c58c432cbef4aceb14325abd583bc747662f4bf0bdadb5b34,1,"{""0"": ""2ad22dcbbb67c933d47150e3006a12416b7dca0916c064ee44eb0f318ba180f2"", ""1"": ""5a6b8adfaf861fb5fdf0f6caff6ebe8a75dc55b5061dacf97fc6ed7e4689d52a"", ""2"": ""7dd1b73cb23311bd833f23ce1d082a40a3c87b1bfeff4696c63f335c6e6fb05f"", ""3"": ""3ec76c7c9ffe4d13b612186c72e603d7b6027a0424a18c143aaf7976100d5087"", ""4"": ""b701124cc80242af68ec43d383bdc00f70c71360aba83db2090674e461cb7ee5"", ""5"": ""d71184d46fde1ad54eeb9ff84ac50951a918c12008f99dd62dcb457ec75a9ae9"", ""6"": ""df6ff770534c9ef331bd386707816bef54e00ca18c0f73d329ca0fe2e9814f30"", ""7"": ""9349eb14037e4ca3e79a5cfdeff5728c8c9479602af63fa1edf8e546280f7988"", ""8"": ""b46da201686c08d071dc3b7e49a2fd2fcc6c9902a301189c284f9606e765fa2c"", ""9"": ""3cb8e1bdc7831b37145caa2f70c7cdf1f4946029485ac6ff08403fa058c53fec""}",,0,0,0,0,0.0,0.0,"{""0"": 0.0008100000000000007, ""1"": 0.0008100000000000007, ""2"": 0.0008100000000000007, ""3"": 0.0008100000000000007, ""4"": 0.2856098323273116, ""5"": 0.10158050283002795, ""6"": 0.24060258542872293, ""7"": 0.2856098323273116, ""8"": 0.0008100000000000007, ""9"": 0.08254724708662595}","{""0"": 0.0008100000000000007, ""1"": 0.0008100000000000007, ""2"": 0.0008100000000000007, ""3"": 0.0008100000000000007, ""4"": 0.2856098323273116, ""5"": 0.10158050283002795, ""6"": 0.24060258542872293, ""7"": 0.2856098323273116, ""8"": 0.0008100000000000007, ""9"": 0.08254724708662595}",[],[],0,0,0,0,0.0,38525633ba53906df7f4a0e6916484a9cd05b3893a490bb53fc989b11a87dbc4,71ecbf6e7a0db819a6b23c8f17970aff5f7b9f67f7459d291ad6f0e3eb26425e,"[""proposal_created"", ""proposal_committed"", ""audit_accepted"", ""committed_once""]"
5,noexecutor,0,none,0,0,0,0,1,0,,61.67,,0.1,,cca42db968cf5342a45f62d28da72c6428698a81238f60fd0cba9c48f6704452,1,"{""0"": ""2000ebf22a63c14538e0c0bc57e4f9b70a81e841584626750729fb7f23fcab7f"", ""1"": ""aa797324d27760de6b5d2e4b137c30781b1f8cf4103ddcf13cd8f6a97cf12c3e"", ""2"": ""7c1f6208fcd21142e9b6ecb9a8224eb3ec94e7d150f687d7a4321c863617f8fb"", ""3"": ""b387be849a8c27dc9208d9840029a742df569e082505862d4d3ca1695c58bfe5"", ""4"": ""7029155061f8205bf579d046321a8bfc844f560d9a313f21e069daccf441b335"", ""5"": ""60bc887f405e9ba106cd57813dba99f55c4e63bc46cc91e1fb5ed49032a6a505"", ""6"": ""072bc79f8c1933d0aef0d69c6c4b732a19e780af9a917877216e81b5ae241abc"", ""7"": ""5dfae7657b1ecdee3e61695a406d6bbcc2c8645b0575b32e6b7b9551ca562763"", ""8"": ""6515351883595be5b570bebb4665a03c2906bcb1fa93fec97a41816197fdff40"", ""9"": ""ce3ce781c36724f848a2e3ea3c1f4731e845d08afd788a92e53c4fde4fe37922""}",,0,0,0,0,0.0,0.0,"{""0"": 0.00024300000000000027, ""1"": 0.00024300000000000027, ""2"": 0.00024300000000000027, ""3"": 0.00024300000000000027, ""4"": 0.2410121132917745, ""5"": 0.12275231160231063, ""6"": 0.2275099392221979, ""7"": 0.2410121132917745, ""8"": 0.00024300000000000027, ""9"": 0.1664985225919426}","{""0"": 0.00024300000000000027, ""1"": 0.00024300000000000027, ""2"": 0.00024300000000000027, ""3"": 0.00024300000000000027, ""4"": 0.2410121132917745, ""5"": 0.12275231160231063, ""6"": 0.2275099392221979, ""7"": 0.2410121132917745, ""8"": 0.00024300000000000027, ""9"": 0.1664985225919426}",[],[],0,0,0,0,0.0,71ecbf6e7a0db819a6b23c8f17970aff5f7b9f67f7459d291ad6f0e3eb26425e,5861e359ca19f8060ca3e43f4ea136de28ee2ca9e52259d226ba5658d793d2b0,"[""proposal_created"", ""proposal_committed"", ""audit_accepted"", ""committed_once""]"
6,noexecutor,0,none,0,0,0,0,1,0,,59.68,,0.1,,7ec9d8d0a8064b20652cb75ae8fb1c5188645d7fa4799d877b307c43e441d38e,1,"{""0"": ""99506b759c82e49f0fc8c8e1c7be0597c1deaea25787607f47f1e5a719ba8102"", ""1"": ""86696b8d740aeb69196af5ad491b2264dd3447ffefaf67fd40b9c7ac8570bc1b"", ""2"": ""001ba19d941f8f26bd9c8ba7a474ece6e101917846fa153618e7f9b411f1f8a4"", ""3"": ""39ad4d0b8220fae5010914cfa0c15522188235536ce24a115f60598e59470f98"", ""4"": ""8d7c0e75634a9c5608078c98f38a357bbe3d8554640075aff99e246f15812c0c"", ""5"": ""d2f75981e3cc8576a311f3c5c2d7be760c0e1757e367df3d2910abac67603cee"", ""6"": ""8db1cabb4b5202768843a24573d6e729749f4cba4bc80a452175156ce28a8241"", ""7"": ""5e3552bf165432c295b763d5b532627c1d2a54ac3b7d7325539885a29d29b000"", ""8"": ""4650935f354fef94826a622a562a079e6dbcde45cd77b2ea9dee3f63560cbd5e"", ""9"": ""410c9f5e3ced218a9c1e7cec80f79d2906dd52df45c982de0c3594a0a27f6d2f""}",,0,0,0,0,0.0,0.0,"{""0"": 7.290000000000009e-05, ""1"": 7.290000000000009e-05, ""2"": 7.290000000000009e-05, ""3"": 7.290000000000009e-05, ""4"": 0.23830203243763753, ""5"": 0.1780224693898371, ""6"": 0.12906101050719998, ""7"": 0.23830203243763753, ""8"": 7.290000000000009e-05, ""9"": 0.21594795522768795}","{""0"": 7.290000000000009e-05, ""1"": 7.290000000000009e-05, ""2"": 7.290000000000009e-05, ""3"": 7.290000000000009e-05, ""4"": 0.23830203243763753, ""5"": 0.1780224693898371, ""6"": 0.12906101050719998, ""7"": 0.23830203243763753, ""8"": 7.290000000000009e-05, ""9"": 0.21594795522768795}",[],[],0,0,0,0,0.0,5861e359ca19f8060ca3e43f4ea136de28ee2ca9e52259d226ba5658d793d2b0,c3f8135dc40a11073aa4968e03cd4e9f60ad4b865156a3fce69dea8945dc4ca2,"[""proposal_created"", ""proposal_committed"", ""audit_accepted"", ""committed_once""]"
7,noexecutor,0,none,0,0,0,0,1,0,,68.37,,0.1,,8d7ece1c90324152695e578159c267048fd8404434e2c064d9a79163e5b49f67,1,"{""0"": ""c7620e044504ade55f9220365a4a8159eeae613f8e8d0d2934360ad69da88d31"", ""1"": ""b1dcc045a6c7410f4a802d0cc072fd9fb2526779d065462cc81ff634cde9e429"", ""2"": ""bdc5b20b0e180f2745a6c9be833a27a960e48108eca6c3266f81a4e0a297659e"", ""3"": ""d0c5a41c80d3611767554e06c9c56184a89ba63a024602d558c8264cb4ce2ad2"", ""4"": ""bc76c22e62858565ebcdc9383054e87aab13f5db134a5e752247473b1b514afb"", ""5"": ""618a574ae7ec1bdecd0deaa5257d1a5499a9114b10c44d76c71b4520d71b3249"", ""6"": ""89adba71aaa948478d4746662693a017b77e596ee212d94d6bbe288e54c23257"", ""7"": ""480ca29c5ad5d25358872d11f3ba77ffbebfe9c073102aba33872fe07a6f0606"", ""8"": ""a20c542eb264703e73d13936096741b17470d491fdcd92f7881ef5785b905fb2"", ""9"": ""9b250896b6840014259f77ea121b5caf272abaa456394de04a7e7dcb7d604195""}",,0,0,0,0,0.0,0.0,"{""0"": 2.187000000000003e-05, ""1"": 2.187000000000003e-05, ""2"": 2.187000000000003e-05, ""3"": 2.187000000000003e-05, ""4"": 0.21149060973129125, ""5"": 0.19340674081695114, ""6"": 0.17871830315215997, ""7"": 0.21149060973129125, ""8"": 2.187000000000003e-05, ""9"": 0.2047843865683064}","{""0"": 2.187000000000003e-05, ""1"": 2.187000000000003e-05, ""2"": 2.187000000000003e-05, ""3"": 2.187000000000003e-05, ""4"": 0.21149060973129125, ""5"": 0.19340674081695114, ""6"": 0.17871830315215997, ""7"": 0.21149060973129125, ""8"": 2.187000000000003e-05, ""9"": 0.2047843865683064}",[],[],0,0,0,0,0.0,c3f8135dc40a11073aa4968e03cd4e9f60ad4b865156a3fce69dea8945dc4ca2,574adeb2f9e008c5db33f3450d4e12746a17a67b9740a801f5a072122d126693,"[""proposal_created"", ""proposal_committed"", ""audit_accepted"", ""committed_once""]"
8,noexecutor,0,none,0,0,0,0,1,0,,67.42,,0.1,,66eb9a64b9d48a84835b15b201a6959e9b2f14fb38d99ee40925cb659150ea5a,1,"{""0"": ""83e7e4b2deb9bf80b4e47006f77e30c63d3c312b95adb3d2393ad91e7fa09d1b"", ""1"": ""2f2aced90787a3f381716d4b06c3fb6c055c96f91e1ad82f106a7c4b49bbdca8"", ""2"": ""5148c6f5255848828582afbf373806ae7bef4628a9d648337f1705e1f7092efc"", ""3"": ""ae862d9e02faced7813d338d00942b43465f013e8563ddb083b3df28c70de76b"", ""4"": ""8cce59cb7ba2ac12588a6b853c8adf9d0e1df752df733d01401fbd6bdbf21445"", ""5"": ""cd267899e60885ddde826313841580ce8b0ef349e8ac7facb3824f98d47b74ec"", ""6"": ""23d8b41f754ee444588428c6997f501ae37783df8428fec14adf023b78a23fa7"", ""7"": ""aeb341cc18f88c5a049c27a3c256f57deafc29e5d7689e1f19069c7404aa129c"", ""8"": ""5994d0342799774ccbce9f090e5dcce51ee8db9d0b6e48b48a830be181596891"", ""9"": ""f0f0abd4f9307486bea36bf9acf91e460dc2b4f94cc42ca4a9d6ecb9c8195088""}",,0,0,0,0,0.0,0.0,"{""0"": 6.56100000000001e-06, ""1"": 6.56100000000001e-06, ""2"": 6.56100000000001e-06, ""3"": 6.56100000000001e-06, ""4"": 0.23801823696622426, ""5"": 0.12686285802163103, ""6"": 0.2281865449924849, ""7"": 0.17089318500233103, ""8"": 6.56100000000001e-06, ""9"": 0.23600637001732883}","{""0"": 6.56100000000001e-06, ""1"": 6.56100000000001e-06, ""2"": 6.56100000000001e-06, ""3"": 6.56100000000001e-06, ""4"": 0.23801823696622426, ""5"": 0.12686285802163103, ""6"": 0.2281865449924849, ""7"": 0.17089318500233103, ""8"": 6.56100000000001e-06, ""9"": 0.23600637001732883}",[],[],0,0,0,0,0.0,574adeb2f9e008c5db33f3450d4e12746a17a67b9740a801f5a072122d126693,72a86264a601c351eb8376afdc4c048aa4c333e3285bbb924f42c29a68a7cb39,"[""proposal_created"", ""proposal_committed"", ""audit_accepted"", ""committed_once""]"
9,noexecutor,0,none,0,0,0,0,1,0,,67.65,,0.1,,92f97a4f2ca33b01a65eeca42ff202d1b6a9c1f02f1e845b92e63844f37b3c29,1,"{""0"": ""62905ba07844ab5951f25c9b7ecbb427bfc78253a20cc73b5dabe933c0ef337f"", ""1"": ""7b5f9c0a77806f06842be024e4d3274283734616bf18ed606cb2891b066680f4"", ""2"": ""86c679565f0eac01c3d1b0dafe8d939df24e14f629a3b3e105de9b5ed9c60b27"", ""3"": ""f98999bc4099c089bbf8da7499b1b9b71d38a4cd78d54a7e595884009dfa994f"", ""4"": ""571479a8398ee0db97f0ab1d7e9892700ed7dee7e7ba1369a74c4c2992a852ae"", ""5"": ""9565ed147653ad4007aac64ffb75527f6b3fcb219d018f148dcb2047293c7fa5"", ""6"": ""ab8459990ca17c78aeffe5f8757c619f5bcff8755ae997053304e30b2ed87431"", ""7"": ""91d25babccbf4383572c5f30a995c61566b39dfff0c5da72085d173750187900"", ""8"": ""dd631643d7094d6f75d560e0dca1389b4390ea8ee4b9d52675edf1aacbc95e3b"", ""9"": ""c79a257abc9e08e70b1e81ca555bca43ee5ec4bd1f18a475482ba55adc45faa1""}",,0,0,0,0,0.0,0.0,"{""0"": 1.9683000000000032e-06, ""1"": 1.9683000000000032e-06, ""2"": 1.9683000000000032e-06, ""3"": 1.9683000000000032e-06, ""4"": 0.2465403672684936, ""5"": 0.13915129062660325, ""6"": 0.20807473344699617, ""7"": 0.16028695997408202, ""8"": 1.9683000000000032e-06, ""9"": 0.245936807183825}","{""0"": 1.9683000000000032e-06, ""1"": 1.9683000000000032e-06, ""2"": 1.9683000000000032e-06, ""3"": 1.9683000000000032e-06, ""4"": 0.2465403672684936, ""5"": 0.13915129062660325, ""6"": 0.20807473344699617, ""7"": 0.16028695997408202, ""8"": 1.9683000000000032e-06, ""9"": 0.245936807183825}",[],[],0,0,0,0,0.0,72a86264a601c351eb8376afdc4c048aa4c333e3285bbb924f42c29a68a7cb39,851a6a0c87b766c16a91706da958ed6f73d371e7e3971e3b5d8c42d544d5e32f,"[""proposal_created"", ""proposal_committed"", ""audit_accepted"", ""committed_once""]"
10,noexecutor,0,none,0,0,0,0,1,0,,66.92,,0.1,,deaeb53674c730fd9892d07e7a55c4523c53020e6ae34703f5c36f7203d9e515,1,"{""0"": ""fecd888f225f5f45f90ac011028f5cd007d2820e6c31a6edd70ab56064fc510b"", ""1"": ""c424c81dec96d7178376e4e7d068e22a266c5b432e871112e17193ed86c5cde5"", ""2"": ""2ee04a26468ce8bf87f7a53aaa325e679192fa0ba469d6d3167a5accf40fd5e3"", ""3"": ""1170256de42a36151beb7b999ec9afb708655f76b40b92b20f66e00b7262fcdc"", ""4"": ""ff91b616e4bec49056a9d3ad40d0cb5a2ebdabad168325f701225f2798acc961"", ""5"": ""524080eeadb4cc06c33f452b81cbd1479ad150a0c5efce4107407061aac89744"", ""6"": ""ae6aa40f2d7d4022efcd858f61c0882044346856fd850312ca0713b05921e7b1"", ""7"": ""a846dd17c13a768ab9dc0062b89e338727a44051789faf7cc1b047ed14f834c2"", ""8"": ""556a8a58bd8bc880fd02dada3132ac8a07583444b44e4336f404429749fc269c"", ""9"": ""58bb73fda23c98163d669ace588d547d03321de126a2b49f8704bb4eb3f744e4""}",,0,0,0,0,0.0,0.0,"{""0"": 5.904900000000011e-07, ""1"": 5.904900000000011e-07, ""2"": 5.904900000000011e-07, ""3"": 5.904900000000011e-07, ""4"": 0.24078616084319548, ""5"": 0.2085694378506284, ""6"": 0.14304994904906476, ""7"": 0.16721929567660082, ""8"": 5.904900000000011e-07, ""9"": 0.24037220413051053}","{""0"": 5.904900000000011e-07, ""1"": 5.904900000000011e-07, ""2"": 5.904900000000011e-07, ""3"": 5.904900000000011e-07, ""4"": 0.24078616084319548, ""5"": 0.2085694378506284, ""6"": 0.14304994904906476, ""7"": 0.16721929567660082, ""8"": 5.904900000000011e-07, ""9"": 0.24037220413051053}",[],[],0,0,0,0,0.0,851a6a0c87b766c16a91706da958ed6f73d371e7e3971e3b5d8c42d544d5e32f,0e15cfb22c6e1c044aa9f5bacf68243f9db78254ba6f6f8f2f6e0be5b04fd996,"[""proposal_created"", ""proposal_committed"", ""audit_accepted"", ""committed_once""]"
11,noexecutor,0,none,0,0,0,0,1,0,,68.68,,0.1,,9d4f67366801f9887805e30415ce6a42d7a500282cd0d860ae566faacf7079ca,1,"{""0"": ""b8106154b0751c9c64ffdf542d31460a487fd1fb7ea6c3922df4844bdd0e8a85"", ""1"": ""79f4e9c23b5a2fe896b3afe5da6eb7c0158c31bd6002486be04152e56f994105"", ""2"": ""783157fabc877eb892357f65bb61557a2ec9272ddd843841a0c45a966c5e247d"", ""3"": ""9b06768fcef9a88b6f06fe748601164e493d42096d39d4705a51e7301a0bde3e"", ""4"": ""b09e364f5eecb0e286ad6523e1af08b4d467de2bf1bcc180b8caf45926e2b3bb"", ""5"": ""6fcf55442c96948b8b1102dba5a2729467c19aac3c4fe9204a71e93fd8910c01"", ""6"": ""dc9fb53d02877d08faa6f1a66433004e07b8d26a74ba99acef9650f90119666a"", ""7"": ""4853a640b3094943d8ceb5d0729d877a3f235a4dc81018ff5426d8f11dcdcf5b"", ""8"": ""bf93125e8292f2fd0010b10d4b5f2829a26c9b64277d20cd8e741268a28188b2"", ""9"": ""6ac97d2c7903d73acf8a1e6e7e541682d77c9aaa311131e3e38e79d86439e3b6""}",,0,0,0,0,0.0,0.0,"{""0"": 1.771470000000004e-07, ""1"": 1.771470000000004e-07, ""2"": 1.771470000000004e-07, ""3"": 1.771470000000004e-07, ""4"": 0.2378964761112465, ""5"": 0.22823145921347635, ""6"": 0.12025237033706611, ""7"": 0.17584651950577007, ""8"": 1.771470000000004e-07, ""9"": 0.237772289097441}","{""0"": 1.771470000000004e-07, ""1"": 1.771470000000004e-07, ""2"": 1.771470000000004e-07, ""3"": 1.771470000000004e-07, ""4"": 0.2378964761112465, ""5"": 0.22823145921347635, ""6"": 0.12025237033706611, ""7"": 0.17584651950577007, ""8"": 1.771470000000004e-07, ""9"": 0.237772289097441}",[],[],0,0,0,0,0.0,0e15cfb22c6e1c044aa9f5bacf68243f9db78254ba6f6f8f2f6e0be5b04fd996,8b293a16695a9b47b05c8b9de0e1e1e2ada1f65164960f238ed7ea1e59584cda,"[""proposal_created"", ""proposal_committed"", ""audit_accepted"", ""committed_once""]"
12,noexecutor,0,none,0,0,0,0,1,0,,65.0,,0.1,,4f76b7649962d2453b1561e4de41e20caeb2e1b544763e2ba6784024c118c559,1,"{""0"": ""f1186b6eeafd42c8e7717f7d267951d54344d2e1e14b74768a86b1fce6a92f67"", ""1"": ""c33d57a1f525f9ec3f70f709f5fcca7b1fe8b871fe093dfdc979d31d4c0f91f9"", ""2"": ""2f6c1022dc9413331ded2bf26f4a6fe73a3c4a19ef52fd05dd4e860bff36307a"", ""3"": ""c437ece92be2f8a40eb3aa1bcbf3ac1278dfdeb20f3db657b0dc70ac8b643e4e"", ""4"": ""1c1e095b5ac7dd532d35ca101f9b92e8318879380f8abbf02b7e1c45bf605345"", ""5"": ""f7a8d305045aa70c1148b95efc45861be7d2a5bc994b5eebc713bdfe4b44cc78"", ""6"": ""84cc9a9218e9fc6412a6dd97e5c64b4cbfede6b722e3ff4ee734b6198ad75764"", ""7"": ""1ab723f5bf807f9a6b6184260ec7d2190427dc2f6cb40b8a504d0b6bcd39a0c5"", ""8"": ""1edab168a74ef8ff444bf995b18bb198f2140e81f3223b71ce71a37baad36905"", ""9"": ""116852dc30bb82ece17b5e6036eb781f0abc64418392afe3705e8289856894ef""}",,0,0,0,0,0.0,0.0,"{""0"": 5.314410000000013e-08, ""1"": 5.314410000000013e-08, ""2"": 5.314410000000013e-08, ""3"": 5.314410000000013e-08, ""4"": 0.2398087203993563, ""5"": 0.23690921533002524, ""6"": 0.11984841581632577, ""7"": 0.1636619184385781, ""8"": 5.314410000000013e-08, ""9"": 0.23977146429521462}","{""0"": 5.314410000000013e-08, ""1"": 5.314410000000013e-08, ""2"": 5.314410000000013e-08, ""3"": 5.314410000000013e-08, ""4"": 0.2398087203993563, ""5"": 0.23690921533002524, ""6"": 0.11984841581632577, ""7"": 0.1636619184385781, ""8"": 5.314410000000013e-08, ""9"": 0.23977146429521462}",[],[],0,0,0,0,0.0,8b293a16695a9b47b05c8b9de0e1e1e2ada1f65164960f238ed7ea1e59584cda,65430a7dd8a77d8013288c2538c26fb352b9f7d6437f7a2774ed27c2ab05ca3d,"[""proposal_created"", ""proposal_committed"", ""audit_accepted"", ""committed_once""]"
13,noexecutor,0,none,0,0,0,0,1,0,,74.2,,0.1,,dbb9c415fe44ba3a9df3dfd95202b452c1a8b5806addd72443893e6af70e2be0,1,"{""0"": ""367f68ec0c7d8e458faa76f5b3eafd86ba8ccf1fbf472c38b20dc6fac025e41f"", ""1"": ""e2a7dd819afdf6b9b09c4939db1a048cf2b465e8568670d37219d480d302c66c"", ""2"": ""5b7b733876d0b844ccd42d722a9251fd730bf62752c8676d9e288aa46b6ce564"", ""3"": ""074275f9090800a518943022cbded221d5dfc40d3db57f4edf3a7b0d4d1f4799"", ""4"": ""f226a2b4a0364e784af34e4d89364ef188639ac6470fa2c4772a0b354f49fef0"", ""5"": ""157b3796cd6258fdb33270b152cbc7e9e242d0bc65d4655366a8a114d4c582e3"", ""6"": ""0563dbaf15f3c68b50997240db218d55d543527b7bc8f4a329e8ece43786e4bd"", ""7"": ""ae33f5f4ce4c9f857deda4ec6494e9d2656baadefaaef10a7364ec6ae26fbfae"", ""8"": ""918155671b9887994412231316cc3614d9cef7e0c02e9db1aefcd4ebf03eaa28"", ""9"": ""91f596973693939a317744bb1ecddb90e9435d678517872f9f8295a963c36cd5""}",,0,0,0,0,0.0,0.0,"{""0"": 1.594323000000004e-08, ""1"": 1.594323000000004e-08, ""2"": 1.594323000000004e-08, ""3"": 1.594323000000004e-08, ""4"": 0.260939257827687, ""5"": 0.10365255023438401, ""6"": 0.22495116645277788, ""7"": 0.14952886477255656, ""8"": 1.594323000000004e-08, ""9"": 0.26092808099644454}","{""0"": 1.594323000000004e-08, ""1"": 1.594323000000004e-08, ""2"": 1.594323000000004e-08, ""3"": 1.594323000000004e-08, ""4"": 0.260939257827687, ""5"": 0.10365255023438401, ""6"": 0.22495116645277788, ""7"": 0.14952886477255656, ""8"": 1.594323000000004e-08, ""9"": 0.26092808099644454}",[],[],0,0,0,0,0.0,65430a7dd8a77d8013288c2538c26fb352b9f7d6437f7a2774ed27c2ab05ca3d,c1983fd7d1c0494edfda2c78b88f449a646cfd3b4e639f6db5954c1fe9fa0408,"[""proposal_created"", ""proposal_committed"", ""audit_accepted"", ""committed_once""]"
14,noexecutor,0,none,0,0,0,0,1,0,,66.79,,0.1,,bba106b09d04cc4ca46925a1cc339c03e73fdf9d15537fa792a7bb363c5df76b,1,"{""0"": ""b183e30300d92f615278423dd6612ec8e6557a610152f44f3def09f49be7b162"", ""1"": ""8c91064a7bee7bb4a5c625b8ac048ddc110b2e638071ee95928e664e98ea0174"", ""2"": ""748d1331d27e7354443de717dca1427a8f1b3209bde2397ea355126703783ad9"", ""3"": ""5dea43c69f0bcbe22c8a3dca97a6761f1b71eb7dbe1a4ca44c11e08502b42bb5"", ""4"": ""a0fdf9cbc9d2f48b878a302e353d0ccb6f6bacc36bfcddd5c0489dc3e58fbf96"", ""5"": ""8b3912f172bfae31e525a4cf048fb33aeba1d6294171ec244944709221201e80"", ""6"": ""3b133c4a3333f2a426ca48aee856a7dff138ec31cbdc1f26a9547f1b36cf0220"", ""7"": ""e3c007d0d7d98b24dee6598c3aa110c95b6b58113b8048e59186112d5f31128b"", ""8"": ""3efe0c29c1672487dfbd268f2ce46cf473a114dfc0d7dba1e95e0aca5b56e59e"", ""9"": ""0d699d0d8305e3db6b505feade92e469f1eff83bb4dcc170d4db9ad18c0fa780""}",,0,0,0,0,0.0,0.0,"{""0"": 4.782969000000012e-09, ""1"": 4.782969000000012e-09, ""2"": 4.782969000000012e-09, ""3"": 4.782969000000012e-09, ""4"": 0.33615836982634517, ""5"": 0.19699348270978123, ""6"": 0.16337895767569477, ""7"": 0.18965417381211008, ""8"": 4.782969000000012e-09, ""9"": 0.11381499206122378}","{""0"": 4.782969000000012e-09, ""1"": 4.782969000000012e-09, ""2"": 4.782969000000012e-09, ""3"": 4.782969000000012e-09, ""4"": 0.33615836982634517, ""5"": 0.19699348270978123, ""6"": 0.16337895767569477, ""7"": 0.18965417381211008, ""8"": 4.782969000000012e-09, ""9"": 0.11381499206122378}",[],[],0,0,0,0,0.0,c1983fd7d1c0494edfda2c78b88f449a646cfd3b4e639f6db5954c1fe9fa0408,e74a2fc8e064b6b6d8370cbf120cbe4b04ca7fa620c1d3eb06c733f37a068b15,"[""proposal_created"", ""proposal_committed"", ""audit_accepted"", ""committed_once""]"
15,noexecutor,0,none,0,0,0,0,1,0,,66.66,,0.1,,73df83812cf8d00241162ca3c90556d02a96a7146b8ddfdddcd3f46799fa4aa8,1,"{""0"": ""aa33de2fb5bca7282ee64e60945abfed8889dcd7555d8b7601c5314062418d82"", ""1"": ""2210a80465f0e78116af0c73705178637a47eae367794facba9a770b2590f30a"", ""2"": ""b62db210de8e78fb4a87b538924ddbff8e727b383dfcbee6f4369fc13a85f302"", ""3"": ""f552bce419d20f91c6c8f68c47f34b4eee7482d4dee2233c1b86081d1d8a2573"", ""4"": ""3297d9b934a9385a1b6ca81beb51b5cd9117a17c170556d30fd857cdde180c29"", ""5"": ""ddaf638ecefa4cb27c25eaf9330037daa669f6318e9a9462466128b188f56673"", ""6"": ""9141137e9a390f328e062ea457db5fcfc2d159d5d4b13f3822314090667f9fe2"", ""7"": ""f1265affa700629b45f22480e00a82ba77ccce579c550297b2a9e13884aecb13"", ""8"": ""f2e5e0b43bc80b27f7d2aef466d4693bdc5687792f059c14e0577d56c5183a72"", ""9"": ""56d4b0e97f7ccf5d56c8dd56bdd77f09001100f69e9cfe634be347eec8505a04""}",,0,0,0,0,0.0,0.0,"{""0"": 1.4348907000000041e-09, ""1"": 1.4348907000000041e-09, ""2"": 1.4348907000000041e-09, ""3"": 1.4348907000000041e-09, ""4"": 0.3401522301357955, ""5"": 0.29840276400082627, ""6"": 0.07390948080731029, ""7"": 0.15233008668401174, ""8"": 1.4348907000000041e-09, ""9"": 0.1352054311976028}","{""0"": 1.4348907000000041e-09, ""1"": 1.4348907000000041e-09, ""2"": 1.4348907000000041e-09, ""3"": 1.4348907000000041e-09, ""4"": 0.3401522301357955, ""5"": 0.29840276400082627, ""6"": 0.07390948080731029, ""7"": 0.15233008668401174, ""8"": 1.4348907000000041e-09, ""9"": 0.1352054311976028}",[],[],0,0,0,0,0.0,e74a2fc8e064b6b6d8370cbf120cbe4b04ca7fa620c1d3eb06c733f37a068b15,a0306463eae6d696e10f09de59981720a325ac84b56e78e10b760a195c6f5e35,"[""proposal_created"", ""proposal_committed"", ""audit_accepted"", ""committed_once""]"
16,noexecutor,0,none,0,0,0,0,1,0,,67.47,,0.1,,784e1b0fd2ec60fb56a2e725d7c19be9444268f04f18638490d13d6eb014dd66,1,"{""0"": ""2f99fda339d983a68b540be743abdee0aa8e7b2f53ed626926e7880e492e5b3e"", ""1"": ""bf6edc10ff2eea5dd3def8c5dffb214de89c28b8b06701c651d246bd4b813550"", ""2"": ""1300d8c8614b8011b5bfd660259d0cc45f81c986daf8dcab8a2d8f06eb129ac6"", ""3"": ""ff8e5d3491ddcb6b9f87f58fcf8ae82a7fa5f448c2acf2178c83dbd476d4489f"", ""4"": ""7d34d38610db6f9343e3c54ff72d03a9e497c728407b21ee6857a86c1a4e3140"", ""5"": ""26ee06b143b75c20bcb123cbd9dc5d1398dc0f8393d4f72d07325cd436a59c01"", ""6"": ""3d63066b2297a02bac6931e27a667a5fbdd9cf578e6e91398b8d4ee40b811e16"", ""7"": ""b9ab04bba9538dd5668be53a927ead1ee718b1407462a435db9c456f7e454be2"", ""8"": ""d3fd0f79b9d11d8b19fa7c8494093d8bd1a2f5224938edcefa06ad3e6f7bacb0"", ""9"": ""3e03849c9dc9b637ac2f379271a1ffb78ac26b02e091fdbd53d0a7ccaa517031""}",,0,0,0,0,0.0,0.0,"{""0"": 4.304672100000013e-10, ""1"": 4.304672100000013e-10, ""2"": 4.304672100000013e-10, ""3"": 4.304672100000013e-10, ""4"": 0.2892104281802879, ""5"": 0.2766855883397972, ""6"": 0.10832580349858512, ""7"": 0.09759478679858985, ""8"": 0.0004570029620409988, ""9"": 0.22772638849883012}","{""0"": 4.304672100000013e-10, ""1"": 4.304672100000013e-10, ""2"": 4.304672100000013e-10, ""3"": 4.304672100000013e-10, ""4"": 0.2892104281802879, ""5"": 0.2766855883397972, ""6"": 0.10832580349858512, ""7"": 0.09759478679858985, ""8"": 0.0004570029620409988, ""9"": 0.22772638849883012}",[],[],0,0,0,0,0.0,a0306463eae6d696e10f09de59981720a325ac84b56e78e10b760a195c6f5e35,27699091db3a4e2ed5b05f1ecbcc62e55ab4d71f67242201ec5145e78beb369e,"[""proposal_created"", ""proposal_committed"", ""audit_accepted"", ""committed_once""]"
17,noexecutor,0,none,0,0,0,0,1,0,,73.95,,0.1,,225b568b5380f70e5c33f2826e9127825bceed080f788b9049582e17d4d22e23,1,"{""0"": ""ffe856bb7208331f6b32d9a5f166c2c29138a8e643ff77a45f00ae212ab2e43b"", ""1"": ""380fe2d5d36440a9e7d75909b21075d8c903401cf7c56b66bd9e51716267da37"", ""2"": ""25e800edd0ad49f8aefdfc707534bdb7a49a60250ff048abb4084f99dfde575c"", ""3"": ""2f72051836d020498fd758d3a607cefa7c8f25b06455cd15c9bf7996de075ef7"", ""4"": ""0ae2578f5692b55a25c43241c6a5bba282cebb3a63860212ac0e6c6589157d7b"", ""5"": ""620ccdd69067c425b925579d7e053a23409415a5620eaa1347cd518b98fe6c8a"", ""6"": ""f58c67b123fdff2d975cff44f0c5679412088aa9b613d96db173da9c4a000852"", ""7"": ""664c7776fec42e5c3db736e8eba7eada316b76fed02900cc98e7c86a9005d8ce"", ""8"": ""a0b060a498d7b98bb9796e86ced5de620826169bfa76383b3f08030ffadf1215"", ""9"": ""b1c7ccf39b3766f6bb702afa4addd07eed2c0458bd3cbd7eef143fb606e3f3fe""}",,0,0,0,0,0.0,0.0,"{""0"": 1.2914016300000042e-10, ""1"": 1.2914016300000042e-10, ""2"": 1.2914016300000042e-10, ""3"": 1.2914016300000042e-10, ""4"": 0.27049191880962425, ""5"": 0.13250932629470544, ""6"": 0.2162265314051134, ""7"": 0.12858841518019698, ""8"": 0.00013710088861229965, ""9"": 0.2520467069051869}","{""0"": 1.2914016300000042e-10, ""1"": 1.2914016300000042e-10, ""2"": 1.2914016300000042e-10, ""3"": 1.2914016300000042e-10, ""4"": 0.27049191880962425, ""5"": 0.13250932629470544, ""6"": 0.2162265314051134, ""7"": 0.12858841518019698, ""8"": 0.00013710088861229965, ""9"": 0.2520467069051869}",[],[],0,0,0,0,0.0,27699091db3a4e2ed5b05f1ecbcc62e55ab4d71f67242201ec5145e78beb369e,58929d76ece183a7435792619ee1a12508c86aff9110702f7afa2cdab19cc082,"[""proposal_created"", ""proposal_committed"", ""audit_accepted"", ""committed_once""]"
18,noexecutor,0,none,0,0,0,0,1,0,,77.43,,0.1,,5618c81fe6fb94f98c8752b5c3097022c009498d0de8a7d4bd3212f0e070d72e,1,"{""0"": ""b2fbb7e64c1bcc7671f792c081eb710a32193ebdb3632a4cf63cc1344f55e6ae"", ""1"": ""6502a9ad7855dd6b44ea5db4cc2acc2c753976d770638cf907e6897c0d185331"", ""2"": ""b154e5be93fa9792d81a2fffce87e38460f94100431296023009726ddc5a05e8"", ""3"": ""8eecb1176d510904c5a4fd872cd6b0460ff3b265c0c0f3bd35c85c4ec36a76ba"", ""4"": ""e056607bd465021177f356ab4a2e6df1f5c820d3be877f297600214de6120aed"", ""5"": ""3b2e3ed4e3f1878e08820bd7860d13a2e632811777184b44baf7612e7d16829f"", ""6"": ""68d3fd467cb7169657a19495158eb7a8a9ee539448e36ebaa6b7d023d489ca34"", ""7"": ""0ad1d0c49140d37bd22ebf7044176bc525ce776e0db94e0abfc973d4490955ae"", ""8"": ""d3fa64c65cf4b37c775f6452aed14bd2fce6a15cc09614bed188be1d7f372c7c"", ""9"": ""afee7ee6ce4f0080ad738ddb5a4f469748f5a98a43aa2c2bdcf33355a07e9b68""}",,0,0,0,0,0.0,0.0,"{""0"": 3.874204890000014e-11, ""1"": 3.874204890000014e-11, ""2"": 3.874204890000014e-11, ""3"": 3.874204890000014e-11, ""4"": 0.2941250770146871, ""5"": 0.14104857979564656, ""6"": 0.15068287055241733, ""7"": 0.12462316294505761, ""8"": 0.0009287960938673859, ""9"": 0.28859151344335593}","{""0"": 3.874204890000014e-11, ""1"": 3.874204890000014e-11, ""2"": 3.874204890000014e-11, ""3"": 3.874204890000014e-11, ""4"": 0.2941250770146871, ""5"": 0.14104857979564656, ""6"": 0.15068287055241733, ""7"": 0.12462316294505761, ""8"": 0.0009287960938673859, ""9"": 0.28859151344335593}",[],[],0,0,0,0,0.0,58929d76ece183a7435792619ee1a12508c86aff9110702f7afa2cdab19cc082,3ad62b6e87a2d70a548881da96fdd943315cb0b6f94cabbfb525fb546e26f2e8,"[""proposal_created"", ""proposal_committed"", ""audit_accepted"", ""committed_once""]"
19,noexecutor,0,none,0,0,0,0,1,0,,77.5,,0.1,,76ebeb232280b2b5a4ab400848fc89ed05eafa5ef156a405909b2f7fe425bbea,1,"{""0"": ""d0d224d4824dcff1d8003d339066b4a632f1704643fcf5d43d21fc2266837a09"", ""1"": ""99bea8d397c1e1d873826c51fa39c8279617c3fef4197df4d68760458f091808"", ""2"": ""237504ddf2a59665b742360aa421e382fde3a3082d467870fae851f71ef9e3d3"", ""3"": ""0b9c42e0b19ffde31033cc456905706d494f354f56bacbe350bb8f60d4980dd2"", ""4"": ""b9a4cda44574a2b38f66c8c5d64e5529a77338d86030e42c5eb2919605283a15"", ""5"": ""1d077e675a076a297a8dcba66dc98e84ee049e77d0d46255e9b5f5ed48067a65"", ""6"": ""fa3ed8a929074992ef4ad103aa2c293460cc21c0b0dd789518240acf1ef14c46"", ""7"": ""1f7fa2460209e0da70bec2d7ff4a7d546b9e7cae390b93c0f6738d06c63a0598"", ""8"": ""cbd4afbabeafee9c0989577951e2f93330094ee06af61d1db69357aaa1d198b9"", ""9"": ""6b6b7fab1d2c082a025e11e588bbe8703ee37a1f2c813ca0251edc888bd4cd00""}",,0,0,0,0,0.0,0.0,"{""0"": 1.1622614670000043e-11, ""1"": 1.1622614670000043e-11, ""2"": 1.1622614670000043e-11, ""3"": 1.1622614670000043e-11, ""4"": 0.27607350362811195, ""5"": 0.16101977238118845, ""6"": 0.2018381790840999, ""7"": 0.08637647147523646, ""8"": 0.0002786388281602158, ""9"": 0.2744134345567126}","{""0"": 1.1622614670000043e-11, ""1"": 1.1622614670000043e-11, ""2"": 1.1622614670000043e-11, ""3"": 1.1622614670000043e-11, ""4"": 0.27607350362811195, ""5"": 0.16101977238118845, ""6"": 0.2018381790840999, ""7"": 0.08637647147523646, ""8"": 0.0002786388281602158, ""9"": 0.2744134345567126}",[],[],0,0,0,0,0.0,3ad62b6e87a2d70a548881da96fdd943315cb0b6f94cabbfb525fb546e26f2e8,fbe6c07bcd180417d59b1f6d92be6cab19de99deb9c3eef469cd9298838ce027,"[""proposal_created"", ""proposal_committed"", ""audit_accepted"", ""committed_once""]"
20,noexecutor,0,none,0,0,0,0,1,0,,67.26,,0.1,,6d7de41722f41acd3eabd9c6ea6293034de18b52c7df31a9f80e5bc0c2d35303,1,"{""0"": ""8b9ea0c00edfa1003c318ce305c265a2a03c4092d8177c7a93eba9370a9efec6"", ""1"": ""b198a20074cf6ba011b2ddc3248838ea807d366aa19c7397856a97bb1f8fbc14"", ""2"": ""8d91bd74931e440d605dac1ebaa64dc4cb25ed5adda692b1aaeb97dfc18791f2"", ""3"": ""7ae2b5b37e7acdf38f1a70f03cb11a077472e858a66cf3d2d4ac7e868270674c"", ""4"": ""6fc0c42b24e48225adf3c8dfb22941bc473eeb4ae95ecebc3d50e9990e42286e"", ""5"": ""b4d6f8f638003cb400fa6833c485f9df121a56226c6b5e941fb9b02d8b44a3d3"", ""6"": ""f6504be843164bce891e1d11f7d64726d92d4589f998c681d2449b88b0b21e90"", ""7"": ""de2d9a33e748c05d96dd00568394bc9e664f53e508dfd8dceaa4d41c377b4691"", ""8"": ""8517fa7c9031fea0fcc3c824d0ff410adda851d488ab9dcda128b255863891bf"", ""9"": ""2b76902b6fe5d48e2e4762258f4c8e928b2865a6d87b0999e7c8ce7213c8e2ab""}",,0,0,0,0,0.0,0.0,"{""0"": 3.4867844010000132e-12, ""1"": 3.4867844010000132e-12, ""2"": 3.4867844010000132e-12, ""3"": 3.4867844010000132e-12, ""4"": 0.32838702663875025, ""5"": 0.2938709072646732, ""6"": 0.0716553102643194, ""7"": 0.20022845196465563, ""8"": 8.359164844806475e-05, ""9"": 0.10577471220520628}","{""0"": 3.4867844010000132e-12, ""1"": 3.4867844010000132e-12, ""2"": 3.4867844010000132e-12, ""3"": 3.4867844010000132e-12, ""4"": 0.32838702663875025, ""5"": 0.2938709072646732, ""6"": 0.0716553102643194, ""7"": 0.20022845196465563, ""8"": 8.359164844806475e-05, ""9"": 0.10577471220520628}",[],[],0,0,0,0,0.0,fbe6c07bcd180417d59b1f6d92be6cab19de99deb9c3eef469cd9298838ce027,4794055c55e6f6936e6ccd0e4e527cb722580cdcdb45fc1f1f3d69d4e720e8d2,"[""proposal_created"", ""proposal_committed"", ""audit_accepted"", ""committed_once""]"
21,noexecutor,0,none,0,0,0,0,1,0,,68.15,,0.1,,da1fcd8e6a21dadfb700d631b8fc60239d5426a7c1544fd05890bb55ed2e7523,1,"{""0"": ""254b986101caf53b2f8ddaca97d4525bfc08b44f85d30f36aecc2ae79c62b688"", ""1"": ""1e31580c826912a2a9b241f15c31e42492bde7054085d285dac241e0cffba1dd"", ""2"": ""62ddfe098fe16f449cfde150f7858a6bc89829452bb9af490aad7063ddb62e4c"", ""3"": ""63932df9cb2caa45108e1aff3dd21197f6b878218d069833dddc5d6cfe5303e5"", ""4"": ""7178e4278b5a6a91bcbd962b6d51ca31c79f609382ad01cb50c84b4b882f0bb7"", ""5"": ""62d2e9393c874ebd6f4b2353f948d316a45cbeef681150ed189d84e435df0f57"", ""6"": ""6dfc6e38be44142b41b29a0311acf54161de41de93e077636d83510cc8bbed3a"", ""7"": ""c10f1ff18048b0c7d63641a13c4c1aacc356a408b0d26f65550f631cf5170bcd"", ""8"": ""3744c3a7a686c5fc58d72a0e9fbbe0ec98747271e0672fa57ba1811b5c3fe936"", ""9"": ""2685508315676951e12d5051f9b518691862379f2a8c68051e780a33dff8d6e9""}",,0,0,0,0,0.0,0.0,"{""0"": 1.0460353203000044e-12, ""1"": 1.0460353203000044e-12, ""2"": 1.0460353203000044e-12, ""3"": 1.0460353203000044e-12, ""4"": 0.2872579204832428, ""5"": 0.27690308467101965, ""6"": 0.05165816674135262, ""7"": 0.24881034808101435, ""8"": 2.5077494534419435e-05, ""9"": 0.13534540252465216}","{""0"": 1.0460353203000044e-12, ""1"": 1.0460353203000044e-12, ""2"": 1.0460353203000044e-12, ""3"": 1.0460353203000044e-12, ""4"": 0.2872579204832428, ""5"": 0.27690308467101965, ""6"": 0.05165816674135262, ""7"": 0.24881034808101435, ""8"": 2.5077494534419435e-05, ""9"": 0.13534540252465216}",[],[],0,0,0,0,0.0,4794055c55e6f6936e6ccd0e4e527cb722580cdcdb45fc1f1f3d69d4e720e8d2,ef4bafdd1bd02e2523c169d41713bf246eaf0d03bdeb7219b3c474e7d2b71e50,"[""proposal_created"", ""proposal_committed"", ""audit_accepted"", ""committed_once""]"
22,noexecutor,0,none,0,0,0,0,1,0,,77.33,,0.1,,49f62a23b6344bdbb831b6e03d649051072d61c071e791031b125790c579246d,1,"{""0"": ""189a0936aa31f700175d013f11f4979daf2294675cf7fc7b8973afa762063018"", ""1"": ""a20f393b925fae3e751ead05e1e1f33c5cb0657a238f8e89457716cc07040dfe"", ""2"": ""d8a63ec1b244c96264fca9d5312b9ae4dfdd4c6f94e4f13222a694cc6c6fd6d0"", ""3"": ""9f9216356c745e377bfc158306f680260c047ceedd89a718690cb2b761098a2e"", ""4"": ""f043e7bf36a5953b4b46a25d0cf8b0bbb6773c909b23cac29cf8da6d93b53435"", ""5"": ""c1b0de7460a1ef7d8dc891b3d167de649ad3a42c8923d7bb12eb26ad23b10098"", ""6"": ""0bc65508da9dc8e50e5259569d518b38088bb524a7541af8e67df247f8795a31"", ""7"": ""7572b04e00b5e32efb33d97ccacafa5192dd6bb6840585ee832ad3daf4043c48"", ""8"": ""a9754ffe422c03815df4e199ccf9a08927095ec6e0e734b3b74118af0023e730"", ""9"": ""f5010e2c0e7a413bcb1a2debf74f0b17e2a541d94291ba6fa9357ee31b26879a""}",,0,0,0,0,0.0,0.0,"{""0"": 3.1381059609000135e-13, ""1"": 3.1381059609000135e-13, ""2"": 3.1381059609000135e-13, ""3"": 3.1381059609000135e-13, ""4"": 0.21776857950041134, ""5"": 0.12351354321896776, ""6"": 0.2648458745302403, ""7"": 0.1011569637583622, ""8"": 0.0027629937255330026, ""9"": 0.28995204526523016}","{""0"": 3.1381059609000135e-13, ""1"": 3.1381059609000135e-13, ""2"": 3.1381059609000135e-13, ""3"": 3.1381059609000135e-13, ""4"": 0.21776857950041134, ""5"": 0.12351354321896776, ""6"": 0.2648458745302403, ""7"": 0.1011569637583622, ""8"": 0.0027629937255330026, ""9"": 0.28995204526523016}",[],[],0,0,0,0,0.0,ef4bafdd1bd02e2523c169d41713bf246eaf0d03bdeb7219b3c474e7d2b71e50,411acb365b301d27504e8728341d4e20f143dc2fc0e268aadcca0636de5c9dfa,"[""proposal_created"", ""proposal_committed"", ""audit_accepted"", ""committed_once""]"
23,noexecutor,0,none,0,0,0,0,1,0,,79.85,,0.1,,d26028236eec557c5f2e6c1e5e3ac1a275e3ffa1f05c269a7127bc6360bcf142,1,"{""0"": ""4f8a4a95145cfce651aa02b8dd834ed2366c59ba59e3613eced08b767d8c97bc"", ""1"": ""dda8ebfebdda6221f7eca1fceae0c4a28e44eb8f3699c9610ed14fbac9e01a26"", ""2"": ""f51ed5e1980a5d0b5ec693cf9267d63875cb4cebe631379c05b4b0e7aea8c820"", ""3"": ""d1e0a03ee01f800a7ff3d0605159347442554b95d6e2120610b3706791f4a683"", ""4"": ""0b6e7bc75a853d7d9bede1874a0cdaff59899eec2c952b55991fa6b7f35761a0"", ""5"": ""10eaf5021fd164483b5e7f8a5a4e5780cedecc498da135152ccc6d33fa69c946"", ""6"": ""85328e1d6989245fcbb55da419ed547d8af40aaaea1000676aacd872e4543eae"", ""7"": ""edec288cf7aa916a0f3d86fdb9532ef53c9db5ff7a25356c90f80c07f04885b5"", ""8"": ""8a3c33cd5102eb46235c7f6dbc154410c4d8b003e13a1c376369ac024e5641ae"", ""9"": ""b3250cbbc2b4f516e8d59f697613a0d142afb6afd7b609f3fa78970c5f373fe9""}",,0,0,0,0,0.0,0.0,"{""0"": 9.414317882700042e-14, ""1"": 9.414317882700042e-14, ""2"": 9.414317882700042e-14, ""3"": 9.414317882700042e-14, ""4"": 0.2838157120262953, ""5"": 0.16100299198366708, ""6"": 0.29793890053524397, ""7"": 0.030347089127508664, ""8"": 0.0008288981176599009, ""9"": 0.22606640820924861}","{""0"": 9.414317882700042e-14, ""1"": 9.414317882700042e-14, ""2"": 9.414317882700042e-14, ""3"": 9.414317882700042e-14, ""4"": 0.2838157120262953, ""5"": 0.16100299198366708, ""6"": 0.29793890053524397, ""7"": 0.030347089127508664, ""8"": 0.0008288981176599009, ""9"": 0.22606640820924861}",[],[],0,0,0,0,0.0,411acb365b301d27504e8728341d4e20f143dc2fc0e268aadcca0636de5c9dfa,534f2705aabfaee7017a0ef05478fd16ad1bba089db1df15c39a780c2d121c4d,"[""proposal_created"", ""proposal_committed"", ""audit_accepted"", ""committed_once""]"
24,noexecutor,0,none,0,0,0,0,1,0,,69.06,,0.1,,fd08fe31ee8729f86251ddb4868dde47eb5892b81bc0c384f0d955f0946dcb00,1,"{""0"": ""04550023a3b29c9b872f097365c2a6b609f6c61de192ca080574480c7a56b867"", ""1"": ""72d5140ca8ddd913538011d8e3dfaf5da9d9ac0cb892e46ec65d3a550184d6a4"", ""2"": ""36f84ff5bd2a4dc49398b05571822d4e540d9a73038179a097661bdfe30a9855"", ""3"": ""e1b81072bb72c54a441cbb96811edb5df0c9c7f5bec96831a29a1be3514bfa27"", ""4"": ""30be8c6b341680bc37dd13f3ec9d4bf74ca5481ac559f2e5047234d511481c9b"", ""5"": ""3a7d849b78a339b56c2be7b506ef8f57db6573b555edfe5df9672aea58b27715"", ""6"": ""77071170896af7b4324588c804a93d111b071a7157d3cd9b0953430d655682b9"", ""7"": ""eaed1a8a82d04562e04a264ad3fa67153067dfb5d936f71892a79065f57303eb"", ""8"": ""fdbc0f9a578f225d7a39d32509e7669a24fb22ecba0a6e158cf16d65524fc62e"", ""9"": ""9a644e7dbc807873eabc932cb0276ed33a95f2a66ea5aae74a4ef93cc560c9ee""}",,0,0,0,0,0.0,0.0,"{""0"": 2.824295364810013e-14, ""1"": 2.824295364810013e-14, ""2"": 2.824295364810013e-14, ""3"": 2.824295364810013e-14, ""4"": 0.2841770764697734, ""5"": 0.24733326045698495, ""6"": 0.0893816701605732, ""7"": 0.14031601790274983, ""8"": 0.00024866943529797033, ""9"": 0.23854330557450762}","{""0"": 2.824295364810013e-14, ""1"": 2.824295364810013e-14, ""2"": 2.824295364810013e-14, ""3"": 2.824295364810013e-14, ""4"": 0.2841770764697734, ""5"": 0.24733326045698495, ""6"": 0.0893816701605732, ""7"": 0.14031601790274983, ""8"": 0.00024866943529797033, ""9"": 0.23854330557450762}",[],[],0,0,0,0,0.0,534f2705aabfaee7017a0ef05478fd16ad1bba089db1df15c39a780c2d121c4d,a08740b19e4092dab5b0857b23abd58e69b187b45675d5bf61c52f2d0057a1a0,"[""proposal_created"", ""proposal_committed"", ""audit_accepted"", ""committed_once""]"
25,noexecutor,0,none,0,0,0,0,1,0,,68.9,,0.1,,73236d60ac671eb58550f90f8eb08b98d30e269659db58ddb2f28f2016c6a35a,1,"{""0"": ""644d32a808e2b8ded12f6677e3cd2db60e64a297e3e3f2b831d54489bc32b74f"", ""1"": ""b0bc1d79ecec8a79a128c830b6e46e99296e473383adb70d011ced55c4e3de54"", ""2"": ""977564e6c9fc90730bedde0bbc40985ecd506f0a727b0e5806255b4b3886ac30"", ""3"": ""2122143e445f908db21ec587698a76f11a0745ef412e0e608d2a61d288abeb31"", ""4"": ""fdeec8e7c1ac6a45a3adf88c1a6dff6d99c19c73d1e9134d216cc315c7176a51"", ""5"": ""3d84a4433eefd0edd6dc694bfffb34fd3a95e9c75b82c17133c5513fd3948ee7"", ""6"": ""eead52aefdf1366c80b3655d94c3b289cafa2094ba4a1cb2e0858140bb741c72"", ""7"": ""72bfbb1b1509cd6e5acadb9595b132b42ecbfd88f5378606efaadf30a5d5572c"", ""8"": ""3e0430ca52c0ea7d6f561168ec670251a2fb3bee6b4ea4b057ce8a70a0a52068"", ""9"": ""6bfe388f2a5b9584ef7dfd72f7a7dfc445e90672f4c18e85634b7ecc0bda7013""}",,0,0,0,0,0.0,0.0,"{""0"": 8.472886094430041e-15, ""1"": 8.472886094430041e-15, ""2"": 8.472886094430041e-15, ""3"": 8.472886094430041e-15, ""4"": 0.2822889962965484, ""5"": 0.2712358514927119, ""6"": 0.026814501048171964, ""7"": 0.15098718530397584, ""8"": 7.460083058939111e-05, ""9"": 0.26859886502796865}","{""0"": 8.472886094430041e-15, ""1"": 8.472886094430041e-15, ""2"": 8.472886094430041e-15, ""3"": 8.472886094430041e-15, ""4"": 0.2822889962965484, ""5"": 0.2712358514927119, ""6"": 0.026814501048171964, ""7"": 0.15098718530397584, ""8"": 7.460083058939111e-05, ""9"": 0.26859886502796865}",[],[],0,0,0,0,0.0,a08740b19e4092dab5b0857b23abd58e69b187b45675d5bf61c52f2d0057a1a0,01692fcb5b9eb238122d9f523f6e775ad17fd8725bd52a3c833ba15ee041d3f8,"[""proposal_created"", ""proposal_committed"", ""audit_accepted"", ""committed_once""]"
26,noexecutor,0,none,0,0,0,0,1,0,,77.56,,0.1,,716c5574de381da47c62a7ceb2cc3cb1ed32d7b1403fc0add03f60fdaf9892b9,1,"{""0"": ""84d1fbf6bc45bad198dea200ee32e641bb2b0de09441950fb671c8385d2ed2c3"", ""1"": ""18774f50b513ce2c1f2c4a2b8c5b34e2bb7570a0135f20c52c260a21267ece53"", ""2"": ""e25c0dbc090924b9fdd6521a3f465d9f66bdd1c99909f4a95ad4a2f66ddd2903"", ""3"": ""081dfa7bb2626aea72958464363321aac3cfac34d4e77c0e0489d1adfc489165"", ""4"": ""cc8946be37a98283d2b65c86a16491ef24b54a2de54ec3282c44953d4c6c340a"", ""5"": ""904afb5289b5ac8e652729ba2e74c72ed535dce6580bb1963710ccf3f072aedd"", ""6"": ""1ce2f59bb2981ab2f81a69b0045b8737aee3bb0af61890f0004fa1d029cfde2c"", ""7"": ""2f658844e800366ee9d8ef394d2587f445e684fe7217afee54e6a897692d7d2e"", ""8"": ""f1a68c7742fbcfa5b1887fdbc4236413152952a0284734f5e2b7e6cb925223a2"", ""9"": ""5f89f8e80974271d1c13e2f8a213436c41566366f32d4e7a620a5aefca4ecf99""}",,0,0,0,0,0.0,0.0,"{""0"": 2.5418658283290127e-15, ""1"": 2.5418658283290127e-15, ""2"": 2.5418658283290127e-15, ""3"": 2.5418658283290127e-15, ""4"": 0.35759477004284224, ""5"": 0.09216707657272849, ""6"": 0.1295420586186596, ""7"": 0.06694352296277924, ""8"": 0.00026484114071197786, ""9"": 0.35348773066226835}","{""0"": 2.5418658283290127e-15, ""1"": 2.5418658283290127e-15, ""2"": 2.5418658283290127e-15, ""3"": 2.5418658283290127e-15, ""4"": 0.35759477004284224, ""5"": 0.09216707657272849, ""6"": 0.1295420586186596, ""7"": 0.06694352296277924, ""8"": 0.00026484114071197786, ""9"": 0.35348773066226835}",[],[],0,0,0,0,0.0,01692fcb5b9eb238122d9f523f6e775ad17fd8725bd52a3c833ba15ee041d3f8,e235f61fefa3eb9396f5ce313e05c09bbc3b8da09255f34332d532b19c568abb,"[""proposal_created"", ""proposal_committed"", ""audit_accepted"", ""committed_once""]"
27,noexecutor,0,none,0,0,0,0,1,0,,73.63,,0.1,,2a356bc52f87e6b651205901c9a401fbafe96848ca569dda312d1399abedb9fa,1,"{""0"": ""9ffd7953c464cfdb734867ceffc4156e93dbb4ceddf94d54b0459f1f8d7a0c6e"", ""1"": ""14f45dc0a35f8d5ed64195b0262d4d44b4e846163b9e1a5db0d6a39e9407a24a"", ""2"": ""590682b4e1bb8a5e6a4168169620e84fa85df14173ea1c359f89548b3dcc8bab"", ""3"": ""160c90bd517d9c8d1a035b0ec8868575153efa49175877416b88e8df59a45253"", ""4"": ""2feb68e200059810518b1d4ad53f463efaf38b3066527c74c0ae46489e17bd41"", ""5"": ""ac2b38200ef4287713f443348209f8a79004a35618dd9c7d9728711b4b976ba2"", ""6"": ""129a919b95aeb9535f764273c35cabdf5d2fc0ce3b2eb44ea87ae562239c7eb9"", ""7"": ""773288967397272e36f3564ab72b2f7cfc64f674805c0ef76aec19f2e3733d8f"", ""8"": ""59af77b6d2b9e4f494f7985b5cfcddbda6ceaae1887c9621276319607a93511e"", ""9"": ""d5e2742afe323a38b903d84e952bc16f72fcf10356e8dee25e3c8c28da7492e6""}",,0,0,0,0,0.0,0.0,"{""0"": 7.62559748498704e-16, ""1"": 7.62559748498704e-16, ""2"": 7.62559748498704e-16, ""3"": 7.62559748498704e-16, ""4"": 0.13219396258439747, ""5"": 0.027650122971818552, ""6"": 0.37640485179982547, ""7"": 0.020083056888833772, ""8"": 7.945234221359337e-05, ""9"": 0.4435885534129081}","{""0"": 7.62559748498704e-16, ""1"": 7.62559748498704e-16, ""2"": 7.62559748498704e-16, ""3"": 7.62559748498704e-16, ""4"": 0.13219396258439747, ""5"": 0.027650122971818552, ""6"": 0.37640485179982547, ""7"": 0.020083056888833772, ""8"": 7.945234221359337e-05, ""9"": 0.4435885534129081}",[],[],0,0,0,0,0.0,e235f61fefa3eb9396f5ce313e05c09bbc3b8da09255f34332d532b19c568abb,e96c9d4b182277902e80abb41d87ff9c47624164addf3ba38ff1c1d1bccc96c7,"[""proposal_created"", ""proposal_committed"", ""audit_accepted"", ""committed_once""]"
28,noexecutor,0,none,0,0,0,0,1,0,,72.75,,0.1,,6bccf4b8172a1dcafbd8b3eaafd487babd506b3623a2d8b2463ede24de8e7f46,1,"{""0"": ""072934b902497089033c4334da9494397156a4da285ad542d6046a1d5850941c"", ""1"": ""7e954ffbc7e72bfe125ca8a8b513f51334476bc42b2e67ddc28ec1ff49bdd3ca"", ""2"": ""a491f2b93880d070992923ff9abcb6318a946b4392479e77838ec25984a05d91"", ""3"": ""3d7acb2e8919e7d956728e0069bff4b326a639da5c177b26e358cb29025f1a93"", ""4"": ""b3cef02c3b8ad930b7e642e9c4e098da53d7f2ff55a2cfc4718a3a586c2b7bd3"", ""5"": ""819e2645696614756589ae743a390c2bf18fbc0f279829967f337940a2df42e5"", ""6"": ""bd33998ec0818a83029037435754ea1998ce1fdff27bc8f70a593d5f1f8c75ec"", ""7"": ""525a74a10682164f620740d593e882f02c47726e5ea5b0c024afee86c2f123c3"", ""8"": ""61c6f2d60297e2678755039ef302dda94260c9d320500a911a42e83bae49981d"", ""9"": ""0fda20df81e880c1d9f561af5f6d667602ca40f358b05df5e2594ef8f120ea1e""}",,0,0,0,0,0.0,0.0,"{""0"": 2.2876792454961125e-16, ""1"": 2.2876792454961125e-16, ""2"": 2.2876792454961125e-16, ""3"": 2.2876792454961125e-16, ""4"": 0.24930501302146252, ""5"": 0.21794186113768885, ""6"": 0.11292145553994769, ""7"": 0.2156717413127934, ""8"": 2.383570266407802e-05, ""9"": 0.2041360932854427}","{""0"": 2.2876792454961125e-16, ""1"": 2.2876792454961125e-16, ""2"": 2.2876792454961125e-16, ""3"": 2.2876792454961125e-16, ""4"": 0.24930501302146252, ""5"": 0.21794186113768885, ""6"": 0.11292145553994769, ""7"": 0.2156717413127934, ""8"": 2.383570266407802e-05, ""9"": 0.2041360932854427}",[],[],0,0,0,0,0.0,e96c9d4b182277902e80abb41d87ff9c47624164addf3ba38ff1c1d1bccc96c7,a17fe33230f772e42290152d37471d67cce6d6f7f38df1da289fa94a26504edc,"[""proposal_created"", ""proposal_committed"", ""audit_accepted"", ""committed_once""]"
29,noexecutor,0,none,0,0,0,0,1,0,,77.12,,0.1,,0ad9bc45f5afb2284e2a07bf6ce543ba73039c47d6a6965c56b15f76b4ae7367,1,"{""0"": ""0b04700d5ca1ee109982288cced065c11d0080e738c45eee7f36d555408a234f"", ""1"": ""dd91a7a4c312c46089c9748dd01c40de4c2b4b1cfb10cd6c36ed791b77a20f4e"", ""2"": ""8c7235b8bf606051c8811931a843aef5755e1e0468a5e27b5f6abeb92a3fb98f"", ""3"": ""951f2cae3a81abb5e37d9d3a35086d21e361ee1022b675e80b956eb5fd8be609"", ""4"": ""c3c95b763d9717ad864a8b3a2227f003cc13d557578074395d2030c430e61f38"", ""5"": ""63204d4a3ad56b63b6258c126caef71fbcac4e8ed6694949cdb20407cb7ed542"", ""6"": ""217454faa7735f03bc7f51333bd966017a1a50a47305890530ca018df9addd85"", ""7"": ""1b04903e4e1306417bb10b2a76a67229064e5a3122c1a683d7d0decee7a68034"", ""8"": ""a944ac9bffb7e672392fc1776da3865a1d9a287fbdcbfa3eb86c40e1b1f1d52e"", ""9"": ""ffd7bb2b7175a1a9cde71f945ff2722d0f6ea8268410d3f9165fa9163f6a911e""}",,0,0,0,0,0.0,0.0,"{""0"": 6.863037736488339e-17, ""1"": 6.863037736488339e-17, ""2"": 6.863037736488339e-17, ""3"": 6.863037736488339e-17, ""4"": 0.2322049077899923, ""5"": 0.06538255834130666, ""6"": 0.4324021541541207, ""7"": 0.08496342608322033, ""8"": 0.04037073090706764, ""9"": 0.14467622272429215}","{""0"": 6.863037736488339e-17, ""1"": 6.863037736488339e-17, ""2"": 6.863037736488339e-17, ""3"": 6.863037736488339e-17, ""4"": 0.2322049077899923, ""5"": 0.06538255834130666, ""6"": 0.4324021541541207, ""7"": 0.08496342608322033, ""8"": 0.04037073090706764, ""9"": 0.14467622272429215}",[],[],0,0,0,0,0.0,a17fe33230f772e42290152d37471d67cce6d6f7f38df1da289fa94a26504edc,71aff189f49a48d7920efa4b201cf1d6be4fecbb48d0fd589e45f955ddf9ea7e,"[""proposal_created"", ""proposal_committed"", ""audit_accepted"", ""committed_once""]"
30,noexecutor,0,none,0,0,0,0,1,0,,77.93,,0.1,,74811cff0028a3f7f7e10c399ab32ece63586c627468be722245c886a2d47467,1,"{""0"": ""b8264c53e5a07b8f3923da2726608d2ba3ce343bea1fa729d9e633b19736bf68"", ""1"": ""dcbd7f637f080496492eee7a407dd838a9578fba7e833d5926491d8d1bcbebbc"", ""2"": ""ca44a8a2122e84aa76142f559d1b10fdffd8a231d7175a8ba134f9f9073f1146"", ""3"": ""ea6cdd12dc2263bb751396fdbacaa5e5d859fc17aad3c3cf2f12def090226866"", ""4"": ""f022cbabdeb9ea83a43dca5f099c73674dc40d2f482b8e0d9c5dfceff55f80eb"", ""5"": ""877612d9ee58f5aaada4ea47983b11e548e14cda0af5b4c0c652d2bf3e7b74b7"", ""6"": ""5571dd7c85d9d8cccc8c5059f13b853bf4456094fdbb2cb5a6ffdd69f9b265f9"", ""7"": ""1099949043ebc5f75f353e2b7c2ac255afc15e9f61989bcd786e4f9e0e328450"", ""8"": ""1e73e216cc0e369e7d6ab6709ecdb0ba7796016e48165cdd23cb8cfb96248706"", ""9"": ""5c25c082b66d275eea904dec8932cc276899db55a57d149ca3247c3f956fab0e""}",,0,0,0,0,0.0,0.0,"{""0"": 2.0589113209465018e-17, ""1"": 2.0589113209465018e-17, ""2"": 2.0589113209465018e-17, ""3"": 2.0589113209465018e-17, ""4"": 0.15037786862990393, ""5"": 0.2583622542475033, ""6"": 0.12972064624623622, ""7"": 0.1611682996205313, ""8"": 0.032450136520747366, ""9"": 0.26792079473507785}","{""0"": 2.0589113209465018e-17, ""1"": 2.0589113209465018e-17, ""2"": 2.0589113209465018e-17, ""3"": 2.0589113209465018e-17, ""4"": 0.15037786862990393, ""5"": 0.2583622542475033, ""6"": 0.12972064624623622, ""7"": 0.1611682996205313, ""8"": 0.032450136520747366, ""9"": 0.26792079473507785}",[],[],0,0,0,0,0.0,71aff189f49a48d7920efa4b201cf1d6be4fecbb48d0fd589e45f955ddf9ea7e,a6d99da1827c99f6d2851cb7049271ebeb92637b8373f193f5cc9079e1863fec,"[""proposal_created"", ""proposal_committed"", ""audit_accepted"", ""committed_once""]"
31,noexecutor,0,none,0,0,0,0,1,0,,64.55,,0.1,,4fcc4dfd68e56e21245c2bbe4cfac208394fd200e1c32e461b542b6c88402e03,1,"{""0"": ""94d33fa5d7449a12fa9f7fcacc9e949ae9f35584adc4dd180719686c4aafb0c2"", ""1"": ""0c3ebd1d85b47d8e9b7967f77bb687cd664ece51483761f8132bc664d6b3c3ba"", ""2"": ""dda2fd1969f225761fe9ab007b2b6edf06a6d828bbdf6b5115cbf45ce67ab205"", ""3"": ""54ad25540648167e80260c60a16282e362950c4383752fa17f745e86db16cd35"", ""4"": ""b855d753f05ee748b4aef5f8c0d16e73000518f4e381b21ea7b4379bf63c095d"", ""5"": ""1d7b0992a5cae3f2b9c3bfa0c93e14b52dba016d43189dc00a7e37bd547d198b"", ""6"": ""01d88347d3b0c7ca4574476eb18bc1c17ecd3c8bf0470961aced6c36738fded7"", ""7"": ""42aa704b07f5d87ec7669c1319681b9d16a2918c4768ccd82a648ebbe2b5ef9d"", ""8"": ""0a73d2f08d66fe208c2a5db25fc3da23cf3b33a1723764e68a74623f81b9b5e4"", ""9"": ""2bb09625cdb4c60bd05188ce750bd67b11bd32766672d72a6e2bfb082f9a1192""}",,0,0,0,0,0.0,0.0,"{""0"": 6.1767339628395045e-18, ""1"": 6.1767339628395045e-18, ""2"": 6.1767339628395045e-18, ""3"": 6.1767339628395045e-18, ""4"": 0.07593263279654536, ""5"": 0.6907320906639064, ""6"": 0.038916193873870866, ""7"": 0.07077435409961227, ""8"": 0.00973504095622421, ""9"": 0.1139096876098408}","{""0"": 6.1767339628395045e-18, ""1"": 6.1767339628395045e-18, ""2"": 6.1767339628395045e-18, ""3"": 6.1767339628395045e-18, ""4"": 0.07593263279654536, ""5"": 0.6907320906639064, ""6"": 0.038916193873870866, ""7"": 0.07077435409961227, ""8"": 0.00973504095622421, ""9"": 0.1139096876098408}",[],[],0,0,0,0,0.0,a6d99da1827c99f6d2851cb7049271ebeb92637b8373f193f5cc9079e1863fec,cc023314233768fd2dae0fe89ce58a3b444df570143992944da0b6870271a174,"[""proposal_created"", ""proposal_committed"", ""audit_accepted"", ""committed_once""]"
32,noexecutor,0,none,0,0,0,0,1,0,,81.73,,0.1,,62cbd5f349595e510297436f971eb0874d3984841a481fceb1ef0821b07ef7a8,1,"{""0"": ""048e50ea69deebd8ec74eddafdc49fb3b5aa0eab4e165d3b1864e177326f5970"", ""1"": ""fa7f3ef1c41c6a74180cce4139fdec6da767ffef9f7dc5b40b0e2c754b656ad7"", ""2"": ""17ff143a9aac30f8771b7894e738fcd80f101139ff1a224a7451a9c2a347f8a7"", ""3"": ""a0912ef54d839d7a7d0287352cc0b164d482203dc283eb2707f10dbd8c695e14"", ""4"": ""96bca2c2e8e90759a1961fd257c6aaca03b4e825359cdfb8c12a422f41c21135"", ""5"": ""9202e864fd773c3a5044f8010b5f794ee044c480608ba933501495e0e80294b8"", ""6"": ""9bca79abc15a433c93285f0f95efec2d7b7b2d6633d8eeab9c4a4d8971c1b90d"", ""7"": ""379dcb323280bb44e091c19482a897384024190d07225a100c0f021e4e522630"", ""8"": ""533311e149afe223976d040dfca5ee277a8341f4e174a5e21a44ede9ddc20a80"", ""9"": ""fc9ce4988a51800b3df719546b38ba9e34bfa8500006b40ebe5c5b39a8232a28""}",,0,0,0,0,0.0,0.0,"{""0"": 1.853020188851852e-18, ""1"": 1.853020188851852e-18, ""2"": 1.853020188851852e-18, ""3"": 1.853020188851852e-18, ""4"": 0.24228416404731543, ""5"": 0.20721962719917197, ""6"": 0.2135882805043128, ""7"": 0.07515721868405023, ""8"": 0.008073429073845532, ""9"": 0.25367728049130406}","{""0"": 1.853020188851852e-18, ""1"": 1.853020188851852e-18, ""2"": 1.853020188851852e-18, ""3"": 1.853020188851852e-18, ""4"": 0.24228416404731543, ""5"": 0.20721962719917197, ""6"": 0.2135882805043128, ""7"": 0.07515721868405023, ""8"": 0.008073429073845532, ""9"": 0.25367728049130406}",[],[],0,0,0,0,0.0,cc023314233768fd2dae0fe89ce58a3b444df570143992944da0b6870271a174,17e22955eb2c5d5355b1f78462e1a563c750cc1cdbfb128e36983366c3b9e80c,"[""proposal_created"", ""proposal_committed"", ""audit_accepted"", ""committed_once""]"
33,noexecutor,0,none,0,0,0,0,1,0,,74.94,,0.1,,a13a1da1a5c13c7e7e42af5ef06bde599953a9962517a2a39b522e81f99f8907,1,"{""0"": ""998dfd9e056a21da337cccae2452150c747ca24b4efd61ffee7da18f33ec7261"", ""1"": ""504a647fc3c546930d5127307c980e6d7266087f2cdd71457bb41dfbc1014bdd"", ""2"": ""18c3583a8d117160bc702f20fd15a592e6ec24e936e12e1a0a8033923443bfc9"", ""3"": ""0412e1c6d92e3c03bc943a0164da00ee7a91c87bd8273cece7d9a284c99de816"", ""4"": ""bb97cb540f9661524e4477b8719803f2e7211f09e6e7233561b9719bd2a0fe80"", ""5"": ""e288aa3b72579a4333d89134c1ab187746d2ee16e2c7320dbfe081d5a837b965"", ""6"": ""9fe9680f7d22603794f6d5d2432cfccec1dba9a866894fb4d2ef149401cf23e3"", ""7"": ""904581d57f2d3a0f5235fe6dcb5ce712a6eca6a4ec6ff069b8678d1276cb1387"", ""8"": ""80b9884ff5f5281c610b4e6a1282a8ab63971e7c32a0808136c5dfb612ef602e"", ""9"": ""4f034adc2f5d3d4e2345247b52fc374f164c39ede1566efc7824b6221f0564dd""}",,0,0,0,0,0.0,0.0,"{""0"": 5.5590605665555565e-19, ""1"": 5.5590605665555565e-19, ""2"": 5.5590605665555565e-19, ""3"": 5.5590605665555565e-19, ""4"": 0.159078485640121, ""5"": 0.0621658881597516, ""6"": 0.6508737788254737, ""7"": 0.022547165605215073, ""8"": 0.00242202872215366, ""9"": 0.102912653047285}","{""0"": 5.5590605665555565e-19, ""1"": 5.5590605665555565e-19, ""2"": 5.5590605665555565e-19, ""3"": 5.5590605665555565e-19, ""4"": 0.159078485640121, ""5"": 0.0621658881597516, ""6"": 0.6508737788254737, ""7"": 0.022547165605215073, ""8"": 0.00242202872215366, ""9"": 0.102912653047285}",[],[],0,0,0,0,0.0,17e22955eb2c5d5355b1f78462e1a563c750cc1cdbfb128e36983366c3b9e80c,b1a4dd498bb18a3f5c6d1f1f06d35a147ab0907748b6faa4e4815de4954efbe3,"[""proposal_created"", ""proposal_committed"", ""audit_accepted"", ""committed_once""]"
34,noexecutor,0,none,0,0,0,0,1,0,,81.21,,0.1,,259a05d04e680f6272f7214c3f9bfa35a3cdceda885f0ef673c2925a471fa0d3,1,"{""0"": ""7bbdf2f26b94d4e1027ee9891f0cb8edf452f3317e89f15d1040d363db41a7a5"", ""1"": ""63273111770e0c609a69eb057fb70b78e420864439c7ffde803baa46baee5b62"", ""2"": ""d824ad8c3b545932058ad31dbb79d39dd53fc15e01429d8c457a6763227ab078"", ""3"": ""4a7a871f29a78bc4dde5f51e9d879ed361df179db0a5825a9c327323eb9f8f88"", ""4"": ""def12c98b055c43a70b7ae13ff37e5515b9d23e52758b5205cce0b5556201609"", ""5"": ""7e69dd53685aa23e867e2d04d784ae5540199be45ca3117982bdff39e5f94815"", ""6"": ""bf80eea98f170611435dba5087e21890153d4c497fa1225ff65e086a06e5f926"", ""7"": ""5f0f9ff188b3f8561c0f473098ab564363ea4b493bfa5934f066b0b9dbc61ac7"", ""8"": ""baea2b96e24d5ee9599024a4e868ef215a60ce421aa248b425e4ba118782aee8"", ""9"": ""012339bd966e7f101e30349ac5becb2fc1a00b9969351f69cf35c5a1865c770c""}",,0,0,0,0,0.0,0.0,"{""0"": 1.6677181699666674e-19, ""1"": 1.6677181699666674e-19, ""2"": 1.6677181699666674e-19, ""3"": 1.6677181699666674e-19, ""4"": 0.24361878622684172, ""5"": 0.13096404484350918, ""6"": 0.19526213364764217, ""7"": 0.20265939021636994, ""8"": 0.0007266086166460982, ""9"": 0.22676903644899093}","{""0"": 1.6677181699666674e-19, ""1"": 1.6677181699666674e-19, ""2"": 1.6677181699666674e-19, ""3"": 1.6677181699666674e-19, ""4"": 0.24361878622684172, ""5"": 0.13096404484350918, ""6"": 0.19526213364764217, ""7"": 0.20265939021636994, ""8"": 0.0007266086166460982, ""9"": 0.22676903644899093}",[],[],0,0,0,0,0.0,b1a4dd498bb18a3f5c6d1f1f06d35a147ab0907748b6faa4e4815de4954efbe3,1d55c777a6b739200597245c0a1518a8827f8a3b7850d2d595e0db78b222994c,"[""proposal_created"", ""proposal_committed"", ""audit_accepted"", ""committed_once""]"
35,noexecutor,0,none,0,0,0,0,1,0,,70.73,,0.1,,687e5f0ae156273b4a2d6c71918d6346178f0b21f2fdfab17551da127d8dd075,1,"{""0"": ""8e2e06b0ea31bfcb4771af65e47cc3a9a94cb77cc54d9654025a21f37e73710c"", ""1"": ""259e684586054e75c6315fcfacf7ddba0203d41091c4d7ef9f30e93757d8b72b"", ""2"": ""1418ae245bf2d24b7649b2071dc409181b2c4075d81394c9a3be14d9d018c8b2"", ""3"": ""dc7cb30e70b0f079b601a0802055a11060ccb8547c65a78b4e710f250a4ea863"", ""4"": ""2cab4182e6f1e9964a34570c2b11ddd178b55a74d0b4f5706fa6cf5057a97f82"", ""5"": ""5591d6b9cf3b6a5e0a2f5479b11d0a9bd447621d199ec5e2cea3069ad32550e7"", ""6"": ""c39d6ae7c4f61b39bf7c9433aacc04da50a9ae2d2bb46349a3c3ed4f9cf932df"", ""7"": ""eec53584dd335c04f90c18d0d9de5f90949c082200a1a57644aa7664759c305d"", ""8"": ""746ff0348896b2797f3be14b5121c891018da7540dd9843469caeef93ba1d7d8"", ""9"": ""4a57214a841a142715283b797737d81cf1fdcb474efcddab4987b9e3f2bc4d1a""}",,0,0,0,0,0.0,0.0,"{""0"": 5.003154509900003e-20, ""1"": 5.003154509900003e-20, ""2"": 5.003154509900003e-20, ""3"": 5.003154509900003e-20, ""4"": 0.14462723220996743, ""5"": 0.4558201443468985, ""6"": 0.05857864009429266, ""7"": 0.21902268755679677, ""8"": 0.0002179825849938295, ""9"": 0.12173331320705087}","{""0"": 5.003154509900003e-20, ""1"": 5.003154509900003e-20, ""2"": 5.003154509900003e-20, ""3"": 5.003154509900003e-20, ""4"": 0.14462723220996743, ""5"": 0.4558201443468985, ""6"": 0.05857864009429266, ""7"": 0.21902268755679677, ""8"": 0.0002179825849938295, ""9"": 0.12173331320705087}",[],[],0,0,0,0,0.0,1d55c777a6b739200597245c0a1518a8827f8a3b7850d2d595e0db78b222994c,5785d494398c1b4b511bdd36c1631c51bf3d222d8fdb4ad8ea6736265d34e682,"[""proposal_created"", ""proposal_committed"", ""audit_accepted"", ""committed_once""]"
36,noexecutor,0,none,0,0,0,0,1,0,,83.04,,0.1,,dbae3c40cf056ba3f3dd66bdc8db5ef0b4b5d161741f8783e98c8a8160ae8739,1,"{""0"": ""b263b60d4ab61bba80748a41613e4da257faf3906bab6ffca53138ee80d7f9d7"", ""1"": ""18ab0d4175c035fd0416559f4e024f18c0bcd2ec1d922a89020dfbf98565aade"", ""2"": ""a8c408fba27e5794f6415e26b298b72ebfc30c73a19703d2d74a63ef207751a9"", ""3"": ""625d04a3f2a401c1ea7e48dc1aebb6018c79745a80dba6208ac48fb77da85020"", ""4"": ""6057e3fbaad9f9d3e518bf8a75590c7b2d0da518f248667e5d0a2c3cd8fcabd8"", ""5"": ""449308b7114830b72e4aba1ef6b7f06c5d122d12f14aa92f725cc1a5884dc154"", ""6"": ""bb2a9a5ca4e199b7ab621bdb3eb12a8006affc2887304e49382f0fd346f3561b"", ""7"": ""62310266707688b5ce1ca48c312add05c8eaf8ffa1d7aa72b8b2b77fdc9633c9"", ""8"": ""b687ef0df3f7f055198816c2fb0510e51264c0f4528fbb2d244e0f9f69baca41"", ""9"": ""ff6c71a0787734e881018ea834c7d850a8a1c12b4eca6546f1506b8c9e8b4cda""}",,0,0,0,0,0.0,0.0,"{""0"": 1.5009463529700012e-20, ""1"": 1.5009463529700012e-20, ""2"": 1.5009463529700012e-20, ""3"": 1.5009463529700012e-20, ""4"": 0.27869644190303844, ""5"": 0.13674604330406956, ""6"": 0.25288186426833603, ""7"": 0.10906474222644763, ""8"": 0.002995093338958246, ""9"": 0.21961581495915009}","{""0"": 1.5009463529700012e-20, ""1"": 1.5009463529700012e-20, ""2"": 1.5009463529700012e-20, ""3"": 1.5009463529700012e-20, ""4"": 0.27869644190303844, ""5"": 0.13674604330406956, ""6"": 0.25288186426833603, ""7"": 0.10906474222644763, ""8"": 0.002995093338958246, ""9"": 0.21961581495915009}",[],[],0,0,0,0,0.0,5785d494398c1b4b511bdd36c1631c51bf3d222d8fdb4ad8ea6736265d34e682,91f4101255ad8464ad68e19ce51979570a1f37e0b755b59f96f0ec2a5843d8d0,"[""proposal_created"", ""proposal_committed"", ""audit_accepted"", ""committed_once""]"
37,noexecutor,0,none,0,0,0,0,1,0,,81.58,,0.1,,9a2161b77be0ec52ed9614ef1e015ff722c7d0cdadbdc438986d07e5b5d0fe2b,1,"{""0"": ""b218484d6cde4c381a88943d66ad083d7daffc2146d77c08572552ac6df41af5"", ""1"": ""2d98fd2f9c969b2a4cb73d1d18cf4fc2f0f6123378d86c57764102f842b3143f"", ""2"": ""96cc1c66306ffecb478324fccdf744298bff7ffa8ecb0add9929ad135c80dde5"", ""3"": ""adad9806f107a49329a1728d68d317a2d2cb0552925879788c067cc277f9e736"", ""4"": ""5cb94354e3eda8e791abcdeb9e980bfa4bf288c90c16eea17296c339daff6b21"", ""5"": ""bb3afc68095151d939f5e544a93b5131de2526c8933ebc185b7a4cddcd37da5f"", ""6"": ""9f1f7c64f3cd38f65a7743928ab5d9d6cd9fcc75781f1b7105e92f4a76a27926"", ""7"": ""cd221dd3256ca9797db68eba7cb95c2ca2dfab9858bb6b35f4d5e1d06e2f2de6"", ""8"": ""ed32aa5de831a866293dd8981a4154716ff7f85060d5e0e068f300d0f23634ec"", ""9"": ""65fb130fdedf46984095e44c3bd4a1f046d38d888e2f903944f242c2431b8671""}",,0,0,0,0,0.0,0.0,"{""0"": 4.5028390589100045e-21, ""1"": 4.5028390589100045e-21, ""2"": 4.5028390589100045e-21, ""3"": 4.5028390589100045e-21, ""4"": 0.35261439006158135, ""5"": 0.041023812991220876, ""6"": 0.3568175599766883, ""7"": 0.032719422667934296, ""8"": 0.0008985280016874739, ""9"": 0.2159262863008877}","{""0"": 4.5028390589100045e-21, ""1"": 4.5028390589100045e-21, ""2"": 4.5028390589100045e-21, ""3"": 4.5028390589100045e-21, ""4"": 0.35261439006158135, ""5"": 0.041023812991220876, ""6"": 0.3568175599766883, ""7"": 0.032719422667934296, ""8"": 0.0008985280016874739, ""9"": 0.2159262863008877}",[],[],0,0,0,0,0.0,91f4101255ad8464ad68e19ce51979570a1f37e0b755b59f96f0ec2a5843d8d0,ef1dcf09b5f1f8ec7357abe98231ac9e6a5be4c9a2fb4514dae85132dc143dde,"[""proposal_created"", ""proposal_committed"", ""audit_accepted"", ""committed_once""]"
38,noexecutor,0,none,0,0,0,0,1,0,,79.64,,0.1,,01c9e6892f93043bf92f5c9cca4e16500c83a027a1ae4b18657db08ba3e0480f,1,"{""0"": ""2e269ac1a963b8ce615f26fadadccb3c9d07776f7231b9b76b59f0bb6cbe52ca"", ""1"": ""09dacfa2de856cb66bf7150bebef5ed1b39d27fb9d1d74754d42a81c06536660"", ""2"": ""d1e009d8010ccd5c88780cfd909ff717b068ea511ade19c7beb50b524402305c"", ""3"": ""d2764fc796f14f5a66ada8093e4a271c4c9aec82961dfdb72ffd05eff6f56a2c"", ""4"": ""a707aef89620f71e64334ce53e10cc88a9221cbe98e23fffa0d9f5236662425f"", ""5"": ""cbe025726e6e0dba5de88a13ae50f72bd7e8fa1c8266c38dc466eeb7328d3722"", ""6"": ""cbb156213e1d2f8d7aa5dcf2fb524a5c52358cad98d80a03646a8d763864d811"", ""7"": ""1ab3a0a183b16a827729c11698d2873be5da8f69aa5d01080bf8d6a779adc703"", ""8"": ""c4d6828fb5b73b2966684a5c585b40d4b0b7a0ec15e4b2bca5bdc932daa80e84"", ""9"": ""9d233a2bde6431891ff191a3377de51b20bc2972bdc140b28846b3d772a66457""}",,0,0,0,0,0.0,0.0,"{""0"": 1.3508517176730015e-21, ""1"": 1.3508517176730015e-21, ""2"": 1.3508517176730015e-21, ""3"": 1.3508517176730015e-21, ""4"": 0.13940052352927473, ""5"": 0.2887352887056917, ""6"": 0.10704526799300651, ""7"": 0.0883891274018031, ""8"": 0.03522376167163225, ""9"": 0.3412060306985918}","{""0"": 1.3508517176730015e-21, ""1"": 1.3508517176730015e-21, ""2"": 1.3508517176730015e-21, ""3"": 1.3508517176730015e-21, ""4"": 0.13940052352927473, ""5"": 0.2887352887056917, ""6"": 0.10704526799300651, ""7"": 0.0883891274018031, ""8"": 0.03522376167163225, ""9"": 0.3412060306985918}",[],[],0,0,0,0,0.0,ef1dcf09b5f1f8ec7357abe98231ac9e6a5be4c9a2fb4514dae85132dc143dde,9e8efc781f198e54270551ba9493aed7bf8cb418be735b95ae6e464d02924fa3,"[""proposal_created"", ""proposal_committed"", ""audit_accepted"", ""committed_once""]"
39,noexecutor,0,none,0,0,0,0,1,0,,82.41,,0.1,,7cbd488405a2392ee6be80f5dd4684e4a88af8cd9211c270971ae3b0f851ea04,1,"{""0"": ""c05c509bef406ed7d9f35ffe49fd2232282657dc100ec63fe4fa82cdb57e4b34"", ""1"": ""d0815ea66361308a5021d37a6045e53df2dd40efb6492148c24fa0f460f17f0b"", ""2"": ""518803fe4f437f70479520d69b3010b3e5c40af0bdae4e379fb9408aa5d7ee61"", ""3"": ""94e5e0f4a915ed56735d50d2401ebaf121a5089f7060ad9370a9a17d0587f18e"", ""4"": ""c7124192a9335529e8904ace88211c8b7e05ee394ba2ad2f573c8dd75a0c37bd"", ""5"": ""1a0524b13ba484ea3c6773f36852f40df040472c8bcaca2f0bffa7eb317c857d"", ""6"": ""509fd566bfcc12beeeee7e4727c22ff04db9947b8c253b49b9c5886260610c30"", ""7"": ""f95e585b824a4995bc8e1a95f2a18b7f6b72897a0a130c2485e30c6d6a881942"", ""8"": ""1e7cbf120d4981f876e5c31070e146bbf52cac0134f5575ec10c98f8bbf3fba2"", ""9"": ""0429e6edb744087cfd01a90dfc1f13efccca79dfeb4e2592746dd7cbffb11a09""}",,0,0,0,0,0.0,0.0,"{""0"": 4.052555153019005e-22, ""1"": 4.052555153019005e-22, ""2"": 4.052555153019005e-22, ""3"": 4.052555153019005e-22, ""4"": 0.3203997233453666, ""5"": 0.08662058661170753, ""6"": 0.3106931466844861, ""7"": 0.11360962273383564, ""8"": 0.03595204220880962, ""9"": 0.13272487841579458}","{""0"": 4.052555153019005e-22, ""1"": 4.052555153019005e-22, ""2"": 4.052555153019005e-22, ""3"": 4.052555153019005e-22, ""4"": 0.3203997233453666, ""5"": 0.08662058661170753, ""6"": 0.3106931466844861, ""7"": 0.11360962273383564, ""8"": 0.03595204220880962, ""9"": 0.13272487841579458}",[],[],0,0,0,0,0.0,9e8efc781f198e54270551ba9493aed7bf8cb418be735b95ae6e464d02924fa3,3cde1ee5d25a57f4016c6ade7a0453d924a4a5f7c1707e1b7ca02e7cbd8d982b,"[""proposal_created"", ""proposal_committed"", ""audit_accepted"", ""committed_once""]"
40,noexecutor,0,none,0,0,0,0,1,0,,73.12,,0.1,,79308a014ef91c91c72bf591df3e3aad987288dec441b6c75111d5d07dfbbcc7,1,"{""0"": ""d3daa32c89320121c599f6a36bc819c8414d9018eac5a3922275ec7b3a61ab99"", ""1"": ""ce1f2d76287e67eeb6f0be0dad2fa24f29433ff831f5a8a77d3c5993ed95a9eb"", ""2"": ""8e73b79e3857edf6e2d6a91ecae586d2593b5506d1e345811fce1721c2f3e7cc"", ""3"": ""709b6a0a0f4db543114d3c6122acf65ae40fc865a2f60fca55c3a177daa07ceb"", ""4"": ""557ba5e4904effc0526a78107f232ce6882af1929360617fde17a2fcad3fb074"", ""5"": ""5f2467c503e57b605dc59bc8c0ed8ab1a7700625f0751eddfba25fc6752d6f01"", ""6"": ""d6ffb6991b0d021bbf473fa02ed6d8d7f076923cd4a4af2693dc4c50a146de94"", ""7"": ""62158335c6d3415253eb2dc59b550fe2ad054ba783eb73b5bdd793e66df7aabe"", ""8"": ""148c5c564c7e364f223728eef8242cce33ee0d7bd85b94677ec87b0adabf2791"", ""9"": ""cc6374a5b8e05f700048eab8461188581e0b1539bf5503b805a171a913ed7d7a""}",,0,0,0,0,0.0,0.0,"{""0"": 1.2157665459057016e-22, ""1"": 1.2157665459057016e-22, ""2"": 1.2157665459057016e-22, ""3"": 1.2157665459057016e-22, ""4"": 0.10391504007971157, ""5"": 0.3201529331236738, ""6"": 0.09320794400534585, ""7"": 0.1017376149552664, ""8"": 0.04700224717110247, ""9"": 0.3339842206648999}","{""0"": 1.2157665459057016e-22, ""1"": 1.2157665459057016e-22, ""2"": 1.2157665459057016e-22, ""3"": 1.2157665459057016e-22, ""4"": 0.10391504007971157, ""5"": 0.3201529331236738, ""6"": 0.09320794400534585, ""7"": 0.1017376149552664, ""8"": 0.04700224717110247, ""9"": 0.3339842206648999}",[],[],0,0,0,0,0.0,3cde1ee5d25a57f4016c6ade7a0453d924a4a5f7c1707e1b7ca02e7cbd8d982b,97862689d055beeaeb15bc96bdb4473297196ef908fa1868afd0928e3b42f840,"[""proposal_created"", ""proposal_committed"", ""audit_accepted"", ""committed_once""]"
41,noexecutor,0,none,0,0,0,0,1,0,,77.02,,0.1,,4aeb19758a9f1adb0d01c4ee001037df8499d315f5734b1a903fda99269d7ee4,1,"{""0"": ""53c771a5763ff3998cef55bf6b49fbee786953dc1f999c35c65d3aca35775186"", ""1"": ""8feb3d3db92c1fe25b97fc70dbe8685eb4eec1774ba095bde7f4906d54c367bb"", ""2"": ""697aa67949a22dcc3dad9e0e2af883fe1e81a9167d422f22a235373067c16e70"", ""3"": ""96b7352bdd4b1a128aa0c740b0ba5bdb704d0e0dea62dd7eb095cf402e30889f"", ""4"": ""d34f94ed28a4953eb1d1bb68ab8ec274d8617fafbd8566a852ee1c90aaa80640"", ""5"": ""84de3c552c8ba6078613578861cc8f887951f97d0c3c7553cb24c9f6305bd502"", ""6"": ""cc507d60a66e0f9e6132f2274e9a602e8f80164ef3fbb5702ffe81518e461e95"", ""7"": ""bd7b2bc226fb1b92c6ed62de67922d9bc427ae3074659037c6c852cb79225d06"", ""8"": ""d198631e714589b80b4a0d5e4ce1fabfcf072d0068b0f7fc93d884c1167c3a12"", ""9"": ""cd8b84667da18c1ca86187e364d0cf1974354677af137c4443dc91005556582a""}",,0,0,0,0,0.0,0.0,"{""0"": 3.6472996377171054e-23, ""1"": 3.6472996377171054e-23, ""2"": 3.6472996377171054e-23, ""3"": 3.6472996377171054e-23, ""4"": 0.07415354088335685, ""5"": 0.09604587993710216, ""6"": 0.6099785746360978, ""7"": 0.033511998391965385, ""8"": 0.02973448002133105, ""9"": 0.15657552613014666}","{""0"": 3.6472996377171054e-23, ""1"": 3.6472996377171054e-23, ""2"": 3.6472996377171054e-23, ""3"": 3.6472996377171054e-23, ""4"": 0.07415354088335685, ""5"": 0.09604587993710216, ""6"": 0.6099785746360978, ""7"": 0.033511998391965385, ""8"": 0.02973448002133105, ""9"": 0.15657552613014666}",[],[],0,0,0,0,0.0,97862689d055beeaeb15bc96bdb4473297196ef908fa1868afd0928e3b42f840,434a076c49702143c9874ed470b70f5c9a0f3156d08b06b9e24312f3551140af,"[""proposal_created"", ""proposal_committed"", ""audit_accepted"", ""committed_once""]"
42,noexecutor,0,none,0,0,0,0,1,0,,79.48,,0.1,,3974256f76d7b3d1b65506ea9daef1b9fb474a5e5d417d663885112f409342ca,1,"{""0"": ""8ed79928e2248a47479aa9e49299301c556aac1a8e9fc92aa7ea8d47d76e9399"", ""1"": ""15eda761ee6f6ac68b6a08ed37aae9f7d864630f128887696760dee04e7245d8"", ""2"": ""457ed5fb13ac6d2f912b7532ce1389d0b58e9929478c6a7fd121869ff66dd8fd"", ""3"": ""cf01675d28a7e3ac2229ee27bc894d93e3eddc882edc71dae7616fc048f27edf"", ""4"": ""897964b084181f4cf30caabd9675f17b0c8f52616b9220fd0f39cd5365f0a753"", ""5"": ""61fede759cbcbdaac967e481235e66ff51ae1d27c97020a4bae113629eecd45d"", ""6"": ""61a92e45353d6762cb7e095e7a4014e2328949c0dca91a8f121588ddbeb0bf1e"", ""7"": ""c5d67df2a4a1b3e8a6133971e1a01501bee478f05d47d3c0c780d5e52a093b4b"", ""8"": ""8be8c841a46342b6f1ad14bfe096194a4beeeaf3622239c5de4d9ba5eca9c9ef"", ""9"": ""a120e0677f611b61cb38394631079ad1ee99de60d935fe8aae4fe18ea431911d""}",,0,0,0,0,0.0,0.0,"{""0"": 1.0941898913151318e-23, ""1"": 1.0941898913151318e-23, ""2"": 1.0941898913151318e-23, ""3"": 1.0941898913151318e-23, ""4"": 0.2579831726396893, ""5"": 0.26455087435581287, ""6"": 0.1829935723908294, ""7"": 0.042776566945012195, ""8"": 0.009098142276712837, ""9"": 0.24259767139194344}","{""0"": 1.0941898913151318e-23, ""1"": 1.0941898913151318e-23, ""2"": 1.0941898913151318e-23, ""3"": 1.0941898913151318e-23, ""4"": 0.2579831726396893, ""5"": 0.26455087435581287, ""6"": 0.1829935723908294, ""7"": 0.042776566945012195, ""8"": 0.009098142276712837, ""9"": 0.24259767139194344}",[],[],0,0,0,0,0.0,434a076c49702143c9874ed470b70f5c9a0f3156d08b06b9e24312f3551140af,63ca49d6a760a8c6929326f36d240da1994c0c41728d1a3afacd2d7f00cef7d0,"[""proposal_created"", ""proposal_committed"", ""audit_accepted"", ""committed_once""]"
43,noexecutor,0,none,0,0,0,0,1,0,,82.48,,0.1,,0a5879cb0ee6937a1e12a0e7d637871ec9d1ac978fab6148dfdca326f875574a,1,"{""0"": ""60587fb78a7099838f666804ab9ce2e9f4f5a42e4ef99d7aca0a5e4f453279ce"", ""1"": ""4ac047f30fba4e4112430750cd35340f0cd68c1f9a04966997d765ac7b56d81c"", ""2"": ""7e156176c644a90784b13fba66cbb2288e56f1723a628e91fbd98b221201b70a"", ""3"": ""2551cde8957a21cab57432ac5f3996bf9551fc008bca238868f8e8f3f7868ce1"", ""4"": ""1049a2fb7da1d47e02d4a4f635b09ca650eb3a077ba4bb37dfde95157b3a401d"", ""5"": ""8922b24e51f53ee45e341e59600fb3972f91c5bc165053b05569950f1fc8402a"", ""6"": ""54923669830a1994b9c8135c4754b2508dc665c3bfc7e026b90097731b41e9dc"", ""7"": ""192ef196dae69b40ce6fa08ea14e4aa527b47c6ecbe29ad3ef9d7d2c21880f72"", ""8"": ""5160ec2b52bbddc110590a1979e171a3d91d621085a91eb2859f7ca368ac618f"", ""9"": ""2d5887f57b9875879b055b59e67d6e0ca68bb011ea3c07ac34d5da65221b7d6e""}",,0,0,0,0,0.0,0.0,"{""0"": 3.282569673945396e-24, ""1"": 3.282569673945396e-24, ""2"": 3.282569673945396e-24, ""3"": 3.282569673945396e-24, ""4"": 0.18571394568597355, ""5"": 0.07936526230674389, ""6"": 0.29726142074560796, ""7"": 0.26465299209628135, ""8"": 0.045965749691377206, ""9"": 0.1270406294740162}","{""0"": 3.282569673945396e-24, ""1"": 3.282569673945396e-24, ""2"": 3.282569673945396e-24, ""3"": 3.282569673945396e-24, ""4"": 0.18571394568597355, ""5"": 0.07936526230674389, ""6"": 0.29726142074560796, ""7"": 0.26465299209628135, ""8"": 0.045965749691377206, ""9"": 0.1270406294740162}",[],[],0,0,0,0,0.0,63ca49d6a760a8c6929326f36d240da1994c0c41728d1a3afacd2d7f00cef7d0,fb34f4aee90e79c85f24c0c993b1eb361020003fdb00c8976610a4a18285f258,"[""proposal_created"", ""proposal_committed"", ""audit_accepted"", ""committed_once""]"
44,noexecutor,0,none,0,0,0,0,1,0,,75.42,,0.1,,d5e091debc53c0f7d6d59b01dde9e41649cc49f61d844d482bd7b35c7bb92b7e,1,"{""0"": ""6f7251af03d4d92fa6c0a956287657a4c76f4b0042d63d2405540d9ee97e6b19"", ""1"": ""2c1fc3be2978a77d1af22bb78ef87e76ef745b46ac3df1b71bb6e8a60db0dedf"", ""2"": ""fd0854046f6ac403df02600601467e7161c616b79d0296a9bb5066529aaa2160"", ""3"": ""c2dfaf79c4b78c70fba5eba1592096432b44f478b192ac66437f9b73f27e8a6d"", ""4"": ""7282fb77b8abcd99fdc8018cf21f981d9c490e30309b873f4a51c4a563b7ddb5"", ""5"": ""8620eb23d12ecb6a36a017296d07c6cf6296bb54e6aafe595cded758e4c74ebd"", ""6"": ""453a7d877299b76a78602c0d8f846e9499e67546754f63688e8368135c493d3a"", ""7"": ""ff95bcd2a097c9721de2c9ea841eb1a2983023c9fd730ff397e13e97974dc62a"", ""8"": ""6381b39aed9d1509adbe029383740bb8db6f488c7e05b99bf88b093d68a85aad"", ""9"": ""e0fce9a4c64cd373ab289e65ed4ca17f9bfcc77c2305b72d28cb129d2ce7d9fb""}",,0,0,0,0,0.0,0.0,"{""0"": 9.84770902183619e-25, ""1"": 9.84770902183619e-25, ""2"": 9.84770902183619e-25, ""3"": 9.84770902183619e-25, ""4"": 0.38453793224794763, ""5"": 0.02380957869202317, ""6"": 0.13153092913937126, ""7"": 0.40821964617104, ""8"": 0.013789724907413163, ""9"": 0.03811218884220487}","{""0"": 9.84770902183619e-25, ""1"": 9.84770902183619e-25, ""2"": 9.84770902183619e-25, ""3"": 9.84770902183619e-25, ""4"": 0.38453793224794763, ""5"": 0.02380957869202317, ""6"": 0.13153092913937126, ""7"": 0.40821964617104, ""8"": 0.013789724907413163, ""9"": 0.03811218884220487}",[],[],0,0,0,0,0.0,fb34f4aee90e79c85f24c0c993b1eb361020003fdb00c8976610a4a18285f258,5e35c9920cb2ded0e7cef3959e72270c13a526d5c05436fea130cefecdccee1d,"[""proposal_created"", ""proposal_committed"", ""audit_accepted"", ""committed_once""]"
45,noexecutor,0,none,0,0,0,0,1,0,,75.15,,0.1,,237d2df59381aa7de8a5ca166c31b35307e7d2250b7c52fe169556b78fbdfa90,1,"{""0"": ""25432cccf13a77ba9fca4cdad4969acea160cc2a5f472467ce5d107f3a5232d4"", ""1"": ""c8eb01767942379d6214abc4b84adbd88a99a71ca8fa9b6f1c0ed9d59516ead4"", ""2"": ""f7c15b5698c16d77764ce89e291556cee045af3428f6d7649209fbac40bdee47"", ""3"": ""c408c2f5349978b0841209c493a7c1fa9b3a48bd9ee6728ca33968c1e4d74e98"", ""4"": ""c9f60e36fa218acbfcebca16ea61dfe15038add77fddd7ca52a30fcc5bf2b337"", ""5"": ""a704e046afacdb2d0816603886e53037d26df0a4a3cde4a9e3523c0b358bdf37"", ""6"": ""5e910b25350eb6ccb599ad0fd81d55ea23512764835f8e95929112a78a181367"", ""7"": ""53bc7dd7abb980f56e83d54062546e71025c4a22d94f4cc0c31c0f96c6980467"", ""8"": ""6c73f4278337081decc2690e839ec041f59a5400ff4c57d2ef6fb1633a39a6fb"", ""9"": ""de12ee4f8f8733cd58b769fc3f5cd3d095a2d15d86e80090b3ed3ac7e3876883""}",,0,0,0,0,0.0,0.0,"{""0"": 2.954312706550857e-25, ""1"": 2.954312706550857e-25, ""2"": 2.954312706550857e-25, ""3"": 2.954312706550857e-25, ""4"": 0.11536137967438431, ""5"": 0.1823420393984335, ""6"": 0.0604604373887065, ""7"": 0.14737518252972082, ""8"": 0.24358211091415866, ""9"": 0.25087885009459615}","{""0"": 2.954312706550857e-25, ""1"": 2.954312706550857e-25, ""2"": 2.954312706550857e-25, ""3"": 2.954312706550857e-25, ""4"": 0.11536137967438431, ""5"": 0.1823420393984335, ""6"": 0.0604604373887065, ""7"": 0.14737518252972082, ""8"": 0.24358211091415866, ""9"": 0.25087885009459615}",[],[],0,0,0,0,0.0,5e35c9920cb2ded0e7cef3959e72270c13a526d5c05436fea130cefecdccee1d,4a49e54f6ac6ad661c4dec14c6a5287c425c5d43d6833e5fc1335d79881fcd70,"[""proposal_created"", ""proposal_committed"", ""audit_accepted"", ""committed_once""]"
46,noexecutor,0,none,0,0,0,0,1,0,,77.56,,0.1,,c1a43b686276d154e1257dc7fa44e200fbd23e62af6970750bf000a2a880d1da,1,"{""0"": ""6f8b0accd1fa8e181576a29ed4a34499a971defaaf5c26ce754bb2988a79e087"", ""1"": ""03fc031345391115ada1f3e6e8f69dfef5b88a8c1688e807d70b9111669e906c"", ""2"": ""30e66382fb8194d79634d0e356f86a23626393ebdb1521781a1ffab6d8db015a"", ""3"": ""4379e65ec67d1624571d6614567271041f9e54c85cdb891084cad40678023262"", ""4"": ""a822170027113932786f61947c417f05a0f79d57cbe98c81a41b05a8bb433884"", ""5"": ""c8b3de07e402f41b3a9e1a501fd8a8a5c01b48565d3d33e2182a42e0cb988678"", ""6"": ""2e909f2bd1573cea857d1b701c0ecb853354465dc9ff20f143531a30b60fda1d"", ""7"": ""511984ba70a2b4a082a601245662c3512af1d0eab5f3d88e5c7dd169396b61ef"", ""8"": ""88002f6dc4f1e7289d0d79cc5e7d18313f28b5f090e5db2ecc06dcccaa4be2c7"", ""9"": ""bd02592ab95709100d3c964dc0d2805a4b16dac4a2d16d9f894faed51e52cce6""}",,0,0,0,0,0.0,0.0,"{""0"": 8.862938119652572e-26, ""1"": 8.862938119652572e-26, ""2"": 8.862938119652572e-26, ""3"": 8.862938119652572e-26, ""4"": 0.035761709716148095, ""5"": 0.05470261181953005, ""6"": 0.3675614833096955, ""7"": 0.04421255475891625, ""8"": 0.07307463327424761, ""9"": 0.4246870071214624}","{""0"": 8.862938119652572e-26, ""1"": 8.862938119652572e-26, ""2"": 8.862938119652572e-26, ""3"": 8.862938119652572e-26, ""4"": 0.035761709716148095, ""5"": 0.05470261181953005, ""6"": 0.3675614833096955, ""7"": 0.04421255475891625, ""8"": 0.07307463327424761, ""9"": 0.4246870071214624}",[],[],0,0,0,0,0.0,4a49e54f6ac6ad661c4dec14c6a5287c425c5d43d6833e5fc1335d79881fcd70,d88f97aad6f55608b658d354975ea2764d932a2dc71c13378d7ad5acb6a34935,"[""proposal_created"", ""proposal_committed"", ""audit_accepted"", ""committed_once""]"
47,noexecutor,0,none,0,0,0,0,1,0,,76.16,,0.1,,7c0abe3adcf27087e28d18762d55872cd49efbbfc5940f39734feb75b739053a,1,"{""0"": ""03f4c8e4d07b157099f2c4f83dd036aefdae692800892fd13a3ddca77280ee9d"", ""1"": ""c51f62aa1311884c33d300d4fadc176ab268a8469baffef4b24f15a5046e19dc"", ""2"": ""4d956b93e16cc0d2e6548cf3af21f4d2937f4f1ed9ae2b18743286fe1adbbbb8"", ""3"": ""7cbfa8da003acdc8099ee51f1ad975ad6bb6545ae8d478d344e392848247aa70"", ""4"": ""046d468010cc8a6df7f8256026b5b724dfec625133b7eae5521abb073b75c552"", ""5"": ""7e02ced6dc5c7f6b00c1572eeff9b40092720410e4f716b97463de855f816f06"", ""6"": ""4b6c6059bc2fa2c7634b62b7cda6a6b1895d729fa115dce39bd7ced680d174e5"", ""7"": ""e61e3366052bf7513c3baab9dfe17e55b61f0bb65a8821bfc094ae11d9d65f0e"", ""8"": ""d003ac1e9b7699265a5c76765bf33eabe538b63ea26ea3e7ff60e474ee6daf7a"", ""9"": ""0d34f41aa1c5fb3fcfc76534c6352c2adf03b9ab5a702685bcc1148346b93638""}",,0,0,0,0,0.0,0.0,"{""0"": 2.658881435895772e-26, ""1"": 2.658881435895772e-26, ""2"": 2.658881435895772e-26, ""3"": 2.658881435895772e-26, ""4"": 0.1572393654183858, ""5"": 0.30540988694194654, ""6"": 0.11026844499290867, ""7"": 0.027969924607221475, ""8"": 0.021922389982274287, ""9"": 0.3771899880572632}","{""0"": 2.658881435895772e-26, ""1"": 2.658881435895772e-26, ""2"": 2.658881435895772e-26, ""3"": 2.658881435895772e-26, ""4"": 0.1572393654183858, ""5"": 0.30540988694194654, ""6"": 0.11026844499290867, ""7"": 0.027969924607221475, ""8"": 0.021922389982274287, ""9"": 0.3771899880572632}",[],[],0,0,0,0,0.0,d88f97aad6f55608b658d354975ea2764d932a2dc71c13378d7ad5acb6a34935,06809adb336fa55acbf4566e3f40d747ee7ad27e55986f34597645082110c7bf,"[""proposal_created"", ""proposal_committed"", ""audit_accepted"", ""committed_once""]"
48,noexecutor,0,none,0,0,0,0,1,0,,83.05,,0.1,,5106b4d32b879adde473fc65609a75271293125ba749a9b2a074327980a30f18,1,"{""0"": ""826bb5a45535c9dcaebf62539e2d85756c2259cf83a6524da91d0284885f0f89"", ""1"": ""77af92b033f89abb97caddeaa6470a60bf7ff777d712077d3d9be280ee16be64"", ""2"": ""eee6f2b2ca21216422086bde6a914421f97093d9633593de067d56d3cccc9581"", ""3"": ""ca6e836c4ec8baa88e32915e924e387acad38a7c17ac4acef3e5b5edc04a3487"", ""4"": ""c883a92400a468bbc64703b72657cd0b9b907720c91823daf11e2beab00bf4f3"", ""5"": ""63a43cedb1c6a0b8b03ecf010be19121bb3f655fbcd8ee52cadde4512a25b555"", ""6"": ""4d8b3b5740c07583847ab2c17ff0488e3b9e2cb04987c809863fee2e72611715"", ""7"": ""8434f32e0119332441818fe42ca3f81a938186c9b270a997e4d728c03db51857"", ""8"": ""6073fb3b26f1635317be5524ce7c6f6009d2bd44edd2723a41b045656c2a8338"", ""9"": ""2a0a6e6b5114472c31f6f73331608442a785a9bb39c2c87d90d050d84e519dbf""}",,0,0,0,0,0.0,0.0,"{""0"": 7.976644307687316e-27, ""1"": 7.976644307687316e-27, ""2"": 7.976644307687316e-27, ""3"": 7.976644307687316e-27, ""4"": 0.3952115306116048, ""5"": 0.09162296608258397, ""6"": 0.37980751447297406, ""7"": 0.013624275420975725, ""8"": 0.006576716994682285, ""9"": 0.11315699641717895}","{""0"": 7.976644307687316e-27, ""1"": 7.976644307687316e-27, ""2"": 7.976644307687316e-27, ""3"": 7.976644307687316e-27, ""4"": 0.3952115306116048, ""5"": 0.09162296608258397, ""6"": 0.37980751447297406, ""7"": 0.013624275420975725, ""8"": 0.006576716994682285, ""9"": 0.11315699641717895}",[],[],0,0,0,0,0.0,06809adb336fa55acbf4566e3f40d747ee7ad27e55986f34597645082110c7bf,7244175aac3e0e01d567caf9f5b06146af53d375767578d8f6a33db3018a2873,"[""proposal_created"", ""proposal_committed"", ""audit_accepted"", ""committed_once""]"
49,noexecutor,0,none,0,0,0,0,1,0,,78.66,,0.1,,7e9d19577021c9bede54985daf267747597870171e10c418e76ffecd909b29f1,1,"{""0"": ""40469cb8d868788f34c502dbe638a33458e6004007085096c7a71ee78a271bef"", ""1"": ""054c8e8eb1cdf16744b4f20c0022b7e94f3d0a9fa3cc35815470c959e9e29db7"", ""2"": ""b8f8b693a516b303384fded9b7b972aa07094eae6b2b4d9f58dfd297eccb3a5b"", ""3"": ""f6f0655721e965d092494284dc712b57b4167ffd6199138b9da09062d51903d3"", ""4"": ""307397a7264cee0f46e03ca7ff7521bd5010efc1013594035338392d55d8c41e"", ""5"": ""237e0751d7a57348927b2e3f9d7acd9170ff4d40199bd9ec917696f71dbbda58"", ""6"": ""3f7a80c9ddd5e15a3e2336ed0e78ba323ac5734d2ea70a0d80c8f108334cb026"", ""7"": ""42509a55d308ee71865159e8c6a81b660859e414f6a0d0a429d37799bfb2bb9f"", ""8"": ""a6bce4e6ad923b6d6e0d92141ac62c7e424ae10517bb09d646bce309082eaf2c"", ""9"": ""ae1a0c86068e5aec175b7dcb544a2b26367d061a4f91d3bb3bf5939cd0ebf02a""}",,0,0,0,0,0.0,0.0,"{""0"": 2.392993292306195e-27, ""1"": 2.392993292306195e-27, ""2"": 2.392993292306195e-27, ""3"": 2.392993292306195e-27, ""4"": 0.3723057283522472, ""5"": 0.3911057303311076, ""6"": 0.11394225434189223, ""7"": 0.07531117449024115, ""8"": 0.007817843311835992, ""9"": 0.03951726917267586}","{""0"": 2.392993292306195e-27, ""1"": 2.392993292306195e-27, ""2"": 2.392993292306195e-27, ""3"": 2.392993292306195e-27, ""4"": 0.3723057283522472, ""5"": 0.3911057303311076, ""6"": 0.11394225434189223, ""7"": 0.07531117449024115, ""8"": 0.007817843311835992, ""9"": 0.03951726917267586}",[],[],0,0,0,0,0.0,7244175aac3e0e01d567caf9f5b06146af53d375767578d8f6a33db3018a2873,2ca528dd02cf8ccab58dc66000cd1af638df2ee663ca1fd6d39cbf492d305234,"[""proposal_created"", ""proposal_committed"", ""audit_accepted"", ""committed_once""]"
50,noexecutor,0,none,0,0,0,0,1,0,,78.77,,0.1,,fe0e8fa7799ab6fa968836983b04ac2f9f38f6a6cd3d84a94b6d11ea23d0bafb,1,"{""0"": ""cc0ca4fa4fc356f1a5d139b179706b5b72b657ac90ffc40346dbf86b66f07f3a"", ""1"": ""4db5e31ba425a1389c15b54195bed3c1b39d186b3e5a25113f0ff853f1b2f931"", ""2"": ""0ae7f7d0f620e4f4cfb58e3e00f88800fdd1e7d5c9b35fd9ffd279f0db7afa42"", ""3"": ""5e507ae779d5b9eae85fc781a7c930813662e80c8034f4893504adb9407fd531"", ""4"": ""c6330e10ff7440db16da55c07d0b510c31fb7bd6f0d496a27b26746a6fa2b446"", ""5"": ""8d85dc8758619b33462d3f97de2bc2af21c0fffbf8ceeef2c09a99b2cbeb2a41"", ""6"": ""cce7510c8e6495f8581157dbe642f3ee70ac1aec9a0e369d401e9fe189b2d3d3"", ""7"": ""409529212c8beb6a319b972d01fcec32a5f9932310401c92b00196bd7412c8e4"", ""8"": ""61dd42537259babb8eb5092d32fc41c5c39a2e91e6144d2686f15372aea50aa6"", ""9"": ""8ec8360ab1dc9ede29329c7efcdccb3e62754d37f4c0868d91b8eb50fec29714""}",,0,0,0,0,0.0,0.0,"{""0"": 7.178979876918587e-28, ""1"": 7.178979876918587e-28, ""2"": 7.178979876918587e-28, ""3"": 7.178979876918587e-28, ""4"": 0.11451250573523263, ""5"": 0.11733171909933232, ""6"": 0.5690561852766307, ""7"": 0.030151046145013856, ""8"": 0.11318996408912352, ""9"": 0.055758579654667045}","{""0"": 7.178979876918587e-28, ""1"": 7.178979876918587e-28, ""2"": 7.178979876918587e-28, ""3"": 7.178979876918587e-28, ""4"": 0.11451250573523263, ""5"": 0.11733171909933232, ""6"": 0.5690561852766307, ""7"": 0.030151046145013856, ""8"": 0.11318996408912352, ""9"": 0.055758579654667045}",[],[],0,0,0,0,0.0,2ca528dd02cf8ccab58dc66000cd1af638df2ee663ca1fd6d39cbf492d305234,2b8f8c383b20f3b580e5d21477f7f2f4bfc8679557b4cfecc7d7231b4926d4f9,"[""proposal_created"", ""proposal_committed"", ""audit_accepted"", ""committed_once""]"
1,trust_v1v2,0,none,0,0,0,0,1,0,,40.89,0.0,0.1,117634270419132917280556934821421879937,69ac14c26faf72211ddc4da6ce1447907082d2d9a76069be42050c4dc6711ac2,1,"{""0"": ""e4ace80ac6cd3cb2ffb6e5a0ea311911f163a9ca0aa590a5c6af2eea07b16957"", ""1"": ""db838b8fcb2476faeef37a2be916418f2ff4dee3862d7853dfc243c493a32962"", ""2"": ""2ee0255a3740e1c735661bd48fdc62978da5844d3fbfaaba231cfbd720e7a6c7"", ""3"": ""dfb22756e9356c0d23cb09a51ec2d825dd98b4945f7e39385381630c99ebaed9"", ""4"": ""2ed28e432dce212e8c849a612d59ad1cbcb668e1d2b72baefdbc9e26ccdcaaec"", ""5"": ""de8cad319941873656d9a1c2c83e0a36e700e80d8cf83c19fe6eb7129bd00bf9"", ""6"": ""9b5060c8d424d746e9cc0dfed5cafdc080c6bfce8513f0bf14baccb6c7eb2f10"", ""7"": ""d4b349b0e0cf24819aca36bed141f7586f5e2086a4dcb54d543a6b6b98957162"", ""8"": ""fe5928571910924591dbbcdb1f8f1cf998ef290cf809de37b20cc73f6c3e3ddc"", ""9"": ""3474c1f30c6edd3d751b34ac5d2fdca1c5778bd88c3bbb63e9eac1c23e304412""}",,0,0,0,0,0.0,0.0,"{""0"": 0.030000000000000006, ""1"": 0.030000000000000006, ""2"": 0.030000000000000006, ""3"": 0.030000000000000006, ""4"": 0.20802280259755013, ""5"": 0.10950553799654339, ""6"": 0.20802280259755013, ""7"": 0.20802280259755013, ""8"": 0.030000000000000006, ""9"": 0.11642605421080623}","{""0"": 0.030000000000000006, ""1"": 0.030000000000000006, ""2"": 0.030000000000000006, ""3"": 0.030000000000000006, ""4"": 0.20802280259755013, ""5"": 0.10950553799654339, ""6"": 0.20802280259755013, ""7"": 0.20802280259755013, ""8"": 0.030000000000000006, ""9"": 0.11642605421080623}",[],[],1,0,0,0,0.0,b3220bfac175afe1cedb4598a5691b69b53fa9091468290c805398577190d670,ef599615ee6cb235f2f2b3d5eaa8bf80a7b51e8a8bc2957d46ed492666d5c276,"[""proposal_created"", ""proposal_committed"", ""v1_challenge_sampled"", ""audit_accepted"", ""committed_once""]"
2,trust_v1v2,1,A2,0,1,0,1,0,1,V1+V2,55.19,2.798266105524208,0.1,117759859755226729265852005529026890319,4b3de80d5a0f49062b858e656dc005c73be9942fddd7f5b8fde7c64ce9dce90a,1,"{""0"": ""186207b51e6d118ed3b32b679e3eb48830c6ba8171a9661e46ee2fdfecba5075"", ""1"": ""1fdcd18b683b561660297f6ceb3eaef8eaa535409a877f71cb740f6ef420bc21"", ""2"": ""d5cbd8857f71df16ca6e92817bf206ef0792320178a182a1061816403e86fa26"", ""3"": ""a47117629a0e26a3e28dcfe1e67c277a02e377cf74efc66d4bb819c27e74be84"", ""4"": ""3a47a521ce66062047cce9fb8e6c57ef70fc9f5dc67f293f49d58d83050d5330"", ""5"": ""66feab5e2856e29e0bcb58e21ad3e5f44a67d8379274c2578de95fc6bb9306e1"", ""6"": ""8ebc94ea50730748ec899f52cfdceff2833b6f9a44f0e838d4a1bbec0f009e10"", ""7"": ""afe05a74dbc8807dff5feec44a48eeabff81e4c903b1cf64bdf509c34469c30a"", ""8"": ""b7b7a62ba07fac150ed234c8dba1b36088d9eb8ce96f179d5d22a61ce582fc95"", ""9"": ""1bd0d2d7609f4952ba08587794429aa56eda7256d488f4523e122e8d3966a7d5""}",f7c2630c582275711a38522bb691707652f468810de14a3f2ccd11ab656efcb0,1,1,1,0,1.7202444891019975,0.0,"{""0"": 0.009000000000000005, ""1"": 0.009000000000000005, ""2"": 0.009000000000000005, ""3"": 0.009000000000000005, ""4"": 0.25745856378652154, ""5"": 0.08832955314168188, ""6"": 0.25745856378652154, ""7"": 0.25745856378652154, ""8"": 0.009000000000000005, ""9"": 0.09429475549875367}","{""0"": 0.12949999999999998, ""1"": 0.12949999999999998, ""2"": 0.12949999999999998, ""3"": 0.12949999999999998, ""4"": 0.12872928189326074, ""5"": 0.04416477657084093, ""6"": 0.12872928189326074, ""7"": 0.12872928189326074, ""8"": 0.004500000000000001, ""9"": 0.04714737774937682}","[0, 1, 2, 3]",[],1,0,1,1,0.0,ef599615ee6cb235f2f2b3d5eaa8bf80a7b51e8a8bc2957d46ed492666d5c276,8f6dfd70dc29a615a8aea836901cb2da57dc7de3945a9c1c6ab7671f45eff401,"[""proposal_created"", ""proposal_committed"", ""v1_challenge_sampled"", ""audit_rejected"", ""recovery_recomputed"", ""recovery_audited"", ""recovery_verified"", ""committed_once""]"
3,trust_v1v2,0,none,0,0,0,0,1,0,,60.24,0.0,0.1,168552111281358820760586470751901943064,e2a33b4ce2d3952f88b4ad4c2596b511b678fe602afd08f003292c1a57b2f8c8,1,"{""0"": ""025863913c9db8158c220d1afd8a5cb67067e3f9552d7516c7bdcbb441122451"", ""1"": ""7f94db48a999429ac6a2d595a1ad284506d1687fb08ce5bb0b33e664558101c8"", ""2"": ""1a030da5892417719e17062cd40a4ae4e90aecc2166adc863fe885d829ab6966"", ""3"": ""b1a44b34f78a95c32bc0d8c29abf421a0ea469716b478bb429478ecce4ca7b95"", ""4"": ""511b9af477325541b3967ffa744fb11661a5878c13e169167a9524752ba6ff87"", ""5"": ""d04e254510d014c17dbb09c5ca2f35944638313e495a043e8f5056dfe8163720"", ""6"": ""415805e933404d32b7c79b7004ca1f6dc764f22124cb1ea377ca451c72f8df42"", ""7"": ""b8f14da9aa66356530f8b66ad22f39ea73c9986719c040348809ff17c3c87c6e"", ""8"": ""854ccb23e013cce03bdd1486920de8a6e4ed6d563f7eec4f06d8f2c676b342d6"", ""9"": ""9bdc6b4920714d770fcf82c001964715642b18e44d27ebb95e6c145cd19a69a8""}",,0,0,0,0,0.0,0.0,"{""0"": 0.002700000000000002, ""1"": 0.002700000000000002, ""2"": 0.002700000000000002, ""3"": 0.002700000000000002, ""4"": 0.28945893451683374, ""5"": 0.07984497972122506, ""6"": 0.23473425957858268, ""7"": 0.28945893451683374, ""8"": 0.002700000000000002, ""9"": 0.09300289166652487}","{""0"": 0.002700000000000002, ""1"": 0.002700000000000002, ""2"": 0.002700000000000002, ""3"": 0.002700000000000002, ""4"": 0.28945893451683374, ""5"": 0.07984497972122506, ""6"": 0.23473425957858268, ""7"": 0.28945893451683374, ""8"": 0.002700000000000002, ""9"": 0.09300289166652487}",[],[],1,0,0,0,0.0,8f6dfd70dc29a615a8aea836901cb2da57dc7de3945a9c1c6ab7671f45eff401,38525633ba53906df7f4a0e6916484a9cd05b3893a490bb53fc989b11a87dbc4,"[""proposal_created"", ""proposal_committed"", ""v1_challenge_sampled"", ""audit_accepted"", ""committed_once""]"
4,trust_v1v2,0,none,0,0,0,0,1,0,,63.05,0.0,0.1,221027294061041464198198226564248398728,83e933eeca8e209c58c432cbef4aceb14325abd583bc747662f4bf0bdadb5b34,1,"{""0"": ""2ad22dcbbb67c933d47150e3006a12416b7dca0916c064ee44eb0f318ba180f2"", ""1"": ""5a6b8adfaf861fb5fdf0f6caff6ebe8a75dc55b5061dacf97fc6ed7e4689d52a"", ""2"": ""7dd1b73cb23311bd833f23ce1d082a40a3c87b1bfeff4696c63f335c6e6fb05f"", ""3"": ""3ec76c7c9ffe4d13b612186c72e603d7b6027a0424a18c143aaf7976100d5087"", ""4"": ""b701124cc80242af68ec43d383bdc00f70c71360aba83db2090674e461cb7ee5"", ""5"": ""d71184d46fde1ad54eeb9ff84ac50951a918c12008f99dd62dcb457ec75a9ae9"", ""6"": ""df6ff770534c9ef331bd386707816bef54e00ca18c0f73d329ca0fe2e9814f30"", ""7"": ""9349eb14037e4ca3e79a5cfdeff5728c8c9479602af63fa1edf8e546280f7988"", ""8"": ""b46da201686c08d071dc3b7e49a2fd2fcc6c9902a301189c284f9606e765fa2c"", ""9"": ""3cb8e1bdc7831b37145caa2f70c7cdf1f4946029485ac6ff08403fa058c53fec""}",,0,0,0,0,0.0,0.0,"{""0"": 0.0008100000000000007, ""1"": 0.0008100000000000007, ""2"": 0.0008100000000000007, ""3"": 0.0008100000000000007, ""4"": 0.2856098323273116, ""5"": 0.10158050283002795, ""6"": 0.24060258542872293, ""7"": 0.2856098323273116, ""8"": 0.0008100000000000007, ""9"": 0.08254724708662595}","{""0"": 0.0008100000000000007, ""1"": 0.0008100000000000007, ""2"": 0.0008100000000000007, ""3"": 0.0008100000000000007, ""4"": 0.2856098323273116, ""5"": 0.10158050283002795, ""6"": 0.24060258542872293, ""7"": 0.2856098323273116, ""8"": 0.0008100000000000007, ""9"": 0.08254724708662595}",[],[],1,0,0,0,0.0,38525633ba53906df7f4a0e6916484a9cd05b3893a490bb53fc989b11a87dbc4,71ecbf6e7a0db819a6b23c8f17970aff5f7b9f67f7459d291ad6f0e3eb26425e,"[""proposal_created"", ""proposal_committed"", ""v1_challenge_sampled"", ""audit_accepted"", ""committed_once""]"
5,trust_v1v2,1,A1,1,0,1,0,0,1,V1+V2,61.67,0.0,0.1,171802196723371029647800816790855895587,4a453a27413826440c56a8ae156af638cf9e3b5250055a4d27c6295f8236387a,1,"{""0"": ""2000ebf22a63c14538e0c0bc57e4f9b70a81e841584626750729fb7f23fcab7f"", ""1"": ""aa797324d27760de6b5d2e4b137c30781b1f8cf4103ddcf13cd8f6a97cf12c3e"", ""2"": ""7c1f6208fcd21142e9b6ecb9a8224eb3ec94e7d150f687d7a4321c863617f8fb"", ""3"": ""b387be849a8c27dc9208d9840029a742df569e082505862d4d3ca1695c58bfe5"", ""4"": ""7029155061f8205bf579d046321a8bfc844f560d9a313f21e069daccf441b335"", ""5"": ""60bc887f405e9ba106cd57813dba99f55c4e63bc46cc91e1fb5ed49032a6a505"", ""6"": ""072bc79f8c1933d0aef0d69c6c4b732a19e780af9a917877216e81b5ae241abc"", ""7"": ""5dfae7657b1ecdee3e61695a406d6bbcc2c8645b0575b32e6b7b9551ca562763"", ""8"": ""6515351883595be5b570bebb4665a03c2906bcb1fa93fec97a41816197fdff40"", ""9"": ""ce3ce781c36724f848a2e3ea3c1f4731e845d08afd788a92e53c4fde4fe37922""}",cca42db968cf5342a45f62d28da72c6428698a81238f60fd0cba9c48f6704452,1,1,1,0,5.043287688226547,0.0,"{""0"": 0.75, ""1"": 0.75, ""2"": 0.75, ""3"": 0.75, ""4"": 0.2410121132917745, ""5"": 0.12275231160231063, ""6"": 0.2275099392221979, ""7"": 0.2410121132917745, ""8"": 0.00024300000000000027, ""9"": 0.1664985225919426}","{""0"": 0.18754557357437857, ""1"": 0.18754557357437857, ""2"": 0.18754557357437857, ""3"": 0.18754557357437857, ""4"": 0.06026767336757194, ""5"": 0.030695536916048254, ""6"": 0.056891309393732145, ""7"": 0.06026767336757194, ""8"": 6.076476583809872e-05, ""9"": 0.041634747891723334}","[0, 1, 2, 3]",[],1,0,1,1,0.0,71ecbf6e7a0db819a6b23c8f17970aff5f7b9f67f7459d291ad6f0e3eb26425e,5861e359ca19f8060ca3e43f4ea136de28ee2ca9e52259d226ba5658d793d2b0,"[""proposal_created"", ""proposal_committed"", ""v1_challenge_sampled"", ""audit_rejected"", ""recovery_recomputed"", ""recovery_audited"", ""recovery_verified"", ""committed_once""]"
6,trust_v1v2,1,A2,0,1,0,1,0,1,V1+V2,59.68,1.0865814091622064,0.1,323402757812913257682713564058934706039,e5e181ccda98c98ad4181109e41a6fbfba9df9e87fb033addc0faaf9543feaca,1,"{""0"": ""99506b759c82e49f0fc8c8e1c7be0597c1deaea25787607f47f1e5a719ba8102"", ""1"": ""86696b8d740aeb69196af5ad491b2264dd3447ffefaf67fd40b9c7ac8570bc1b"", ""2"": ""001ba19d941f8f26bd9c8ba7a474ece6e101917846fa153618e7f9b411f1f8a4"", ""3"": ""39ad4d0b8220fae5010914cfa0c15522188235536ce24a115f60598e59470f98"", ""4"": ""8d7c0e75634a9c5608078c98f38a357bbe3d8554640075aff99e246f15812c0c"", ""5"": ""d2f75981e3cc8576a311f3c5c2d7be760c0e1757e367df3d2910abac67603cee"", ""6"": ""8db1cabb4b5202768843a24573d6e729749f4cba4bc80a452175156ce28a8241"", ""7"": ""5e3552bf165432c295b763d5b532627c1d2a54ac3b7d7325539885a29d29b000"", ""8"": ""4650935f354fef94826a622a562a079e6dbcde45cd77b2ea9dee3f63560cbd5e"", ""9"": ""410c9f5e3ced218a9c1e7cec80f79d2906dd52df45c982de0c3594a0a27f6d2f""}",7ec9d8d0a8064b20652cb75ae8fb1c5188645d7fa4799d877b307c43e441d38e,1,1,1,0,3.6162682274831566,0.0,"{""0"": 7.290000000000009e-05, ""1"": 7.290000000000009e-05, ""2"": 7.290000000000009e-05, ""3"": 7.290000000000009e-05, ""4"": 0.23830203243763753, ""5"": 0.1780224693898371, ""6"": 0.12906101050719998, ""7"": 0.23830203243763753, ""8"": 7.290000000000009e-05, ""9"": 0.21594795522768795}","{""0"": 0.12503645000000002, ""1"": 0.12503645000000002, ""2"": 0.12503645000000002, ""3"": 0.12503645000000002, ""4"": 0.11915101621881878, ""5"": 0.08901123469491856, ""6"": 0.0645305052536, ""7"": 0.11915101621881878, ""8"": 3.645000000000005e-05, ""9"": 0.10797397761384399}","[0, 1, 2, 3]",[],1,0,1,1,0.0,5861e359ca19f8060ca3e43f4ea136de28ee2ca9e52259d226ba5658d793d2b0,c3f8135dc40a11073aa4968e03cd4e9f60ad4b865156a3fce69dea8945dc4ca2,"[""proposal_created"", ""proposal_committed"", ""v1_challenge_sampled"", ""audit_rejected"", ""recovery_recomputed"", ""recovery_audited"", ""recovery_verified"", ""committed_once""]"
7,trust_v1v2,0,none,0,0,0,0,1,0,,68.37,0.0,0.1,202160905504113156931787064717390395929,8d7ece1c90324152695e578159c267048fd8404434e2c064d9a79163e5b49f67,1,"{""0"": ""c7620e044504ade55f9220365a4a8159eeae613f8e8d0d2934360ad69da88d31"", ""1"": ""b1dcc045a6c7410f4a802d0cc072fd9fb2526779d065462cc81ff634cde9e429"", ""2"": ""bdc5b20b0e180f2745a6c9be833a27a960e48108eca6c3266f81a4e0a297659e"", ""3"": ""d0c5a41c80d3611767554e06c9c56184a89ba63a024602d558c8264cb4ce2ad2"", ""4"": ""bc76c22e62858565ebcdc9383054e87aab13f5db134a5e752247473b1b514afb"", ""5"": ""618a574ae7ec1bdecd0deaa5257d1a5499a9114b10c44d76c71b4520d71b3249"", ""6"": ""89adba71aaa948478d4746662693a017b77e596ee212d94d6bbe288e54c23257"", ""7"": ""480ca29c5ad5d25358872d11f3ba77ffbebfe9c073102aba33872fe07a6f0606"", ""8"": ""a20c542eb264703e73d13936096741b17470d491fdcd92f7881ef5785b905fb2"", ""9"": ""9b250896b6840014259f77ea121b5caf272abaa456394de04a7e7dcb7d604195""}",,0,0,0,0,0.0,0.0,"{""0"": 2.187000000000003e-05, ""1"": 2.187000000000003e-05, ""2"": 2.187000000000003e-05, ""3"": 2.187000000000003e-05, ""4"": 0.21149060973129125, ""5"": 0.19340674081695114, ""6"": 0.17871830315215997, ""7"": 0.21149060973129125, ""8"": 2.187000000000003e-05, ""9"": 0.2047843865683064}","{""0"": 2.187000000000003e-05, ""1"": 2.187000000000003e-05, ""2"": 2.187000000000003e-05, ""3"": 2.187000000000003e-05, ""4"": 0.21149060973129125, ""5"": 0.19340674081695114, ""6"": 0.17871830315215997, ""7"": 0.21149060973129125, ""8"": 2.187000000000003e-05, ""9"": 0.2047843865683064}",[],[],1,0,0,0,0.0,c3f8135dc40a11073aa4968e03cd4e9f60ad4b865156a3fce69dea8945dc4ca2,574adeb2f9e008c5db33f3450d4e12746a17a67b9740a801f5a072122d126693,"[""proposal_created"", ""proposal_committed"", ""v1_challenge_sampled"", ""audit_accepted"", ""committed_once""]"
8,trust_v1v2,1,A1,1,0,1,0,0,1,V1+V2,67.42,0.0,0.1,235623167754534891308381304613837021938,fb7b7ba932b271a0eee2d6e0e514d69cdc525a2f40978f38f5b7a38181f3a4b9,1,"{""0"": ""83e7e4b2deb9bf80b4e47006f77e30c63d3c312b95adb3d2393ad91e7fa09d1b"", ""1"": ""2f2aced90787a3f381716d4b06c3fb6c055c96f91e1ad82f106a7c4b49bbdca8"", ""2"": ""5148c6f5255848828582afbf373806ae7bef4628a9d648337f1705e1f7092efc"", ""3"": ""ae862d9e02faced7813d338d00942b43465f013e8563ddb083b3df28c70de76b"", ""4"": ""8cce59cb7ba2ac12588a6b853c8adf9d0e1df752df733d01401fbd6bdbf21445"", ""5"": ""cd267899e60885ddde826313841580ce8b0ef349e8ac7facb3824f98d47b74ec"", ""6"": ""23d8b41f754ee444588428c6997f501ae37783df8428fec14adf023b78a23fa7"", ""7"": ""aeb341cc18f88c5a049c27a3c256f57deafc29e5d7689e1f19069c7404aa129c"", ""8"": ""5994d0342799774ccbce9f090e5dcce51ee8db9d0b6e48b48a830be181596891"", ""9"": ""f0f0abd4f9307486bea36bf9acf91e460dc2b4f94cc42ca4a9d6ecb9c8195088""}",66eb9a64b9d48a84835b15b201a6959e9b2f14fb38d99ee40925cb659150ea5a,1,1,1,0,5.7092217485839845,0.0,"{""0"": 0.75, ""1"": 0.75, ""2"": 0.75, ""3"": 0.75, ""4"": 0.23801823696622426, ""5"": 0.12686285802163103, ""6"": 0.2281865449924849, ""7"": 0.17089318500233103, ""8"": 6.56100000000001e-06, ""9"": 0.23600637001732883}","{""0"": 0.18750123019557127, ""1"": 0.18750123019557127, ""2"": 0.18750123019557127, ""3"": 0.18750123019557127, ""4"": 0.05950494965353073, ""5"": 0.03171592259357589, ""6"": 0.057047010533557325, ""7"": 0.042723576559968564, ""8"": 1.64026076175086e-06, ""9"": 0.05900197961632046}","[0, 1, 2, 3]",[],1,0,1,1,0.0,574adeb2f9e008c5db33f3450d4e12746a17a67b9740a801f5a072122d126693,72a86264a601c351eb8376afdc4c048aa4c333e3285bbb924f42c29a68a7cb39,"[""proposal_created"", ""proposal_committed"", ""v1_challenge_sampled"", ""audit_rejected"", ""recovery_recomputed"", ""recovery_audited"", ""recovery_verified"", ""committed_once""]"
9,trust_v1v2,1,A1,1,0,1,0,0,1,V1+V2,67.65,0.0,0.1,60957880163485608801899402511392898842,c1ec2d86476c4221a2b7fa6fe485c9c8a7a1dbe2e6b6a231ed62d92f4721af1b,1,"{""0"": ""62905ba07844ab5951f25c9b7ecbb427bfc78253a20cc73b5dabe933c0ef337f"", ""1"": ""7b5f9c0a77806f06842be024e4d3274283734616bf18ed606cb2891b066680f4"", ""2"": ""86c679565f0eac01c3d1b0dafe8d939df24e14f629a3b3e105de9b5ed9c60b27"", ""3"": ""f98999bc4099c089bbf8da7499b1b9b71d38a4cd78d54a7e595884009dfa994f"", ""4"": ""571479a8398ee0db97f0ab1d7e9892700ed7dee7e7ba1369a74c4c2992a852ae"", ""5"": ""9565ed147653ad4007aac64ffb75527f6b3fcb219d018f148dcb2047293c7fa5"", ""6"": ""ab8459990ca17c78aeffe5f8757c619f5bcff8755ae997053304e30b2ed87431"", ""7"": ""91d25babccbf4383572c5f30a995c61566b39dfff0c5da72085d173750187900"", ""8"": ""dd631643d7094d6f75d560e0dca1389b4390ea8ee4b9d52675edf1aacbc95e3b"", ""9"": ""c79a257abc9e08e70b1e81ca555bca43ee5ec4bd1f18a475482ba55adc45faa1""}",92f97a4f2ca33b01a65eeca42ff202d1b6a9c1f02f1e845b92e63844f37b3c29,1,1,1,0,5.91161792094279,0.0,"{""0"": 0.75, ""1"": 0.75, ""2"": 0.75, ""3"": 0.75, ""4"": 0.2465403672684936, ""5"": 0.13915129062660325, ""6"": 0.20807473344699617, ""7"": 0.16028695997408202, ""8"": 1.9683000000000032e-06, ""9"": 0.245936807183825}","{""0"": 0.18750036905697642, ""1"": 0.18750036905697642, ""2"": 0.18750036905697642, ""3"": 0.18750036905697642, ""4"": 0.06163521313371341, ""5"": 0.034787891129656925, ""6"": 0.052018785750325036, ""7"": 0.04007181886688158, ""8"": 4.920759685531298e-07, ""9"": 0.061484322815548845}","[0, 1, 2, 3]",[],1,0,1,1,0.0,72a86264a601c351eb8376afdc4c048aa4c333e3285bbb924f42c29a68a7cb39,851a6a0c87b766c16a91706da958ed6f73d371e7e3971e3b5d8c42d544d5e32f,"[""proposal_created"", ""proposal_committed"", ""v1_challenge_sampled"", ""audit_rejected"", ""recovery_recomputed"", ""recovery_audited"", ""recovery_verified"", ""committed_once""]"
10,trust_v1v2,1,A2,0,1,0,1,0,1,V1+V2,66.92,2.181915074888807,0.1,202325481056069964871946950961917277581,3094f23bb479a6ba48f48891e064e481d72f7de9d21fe5b928f0c34611526b85,1,"{""0"": ""fecd888f225f5f45f90ac011028f5cd007d2820e6c31a6edd70ab56064fc510b"", ""1"": ""c424c81dec96d7178376e4e7d068e22a266c5b432e871112e17193ed86c5cde5"", ""2"": ""2ee04a26468ce8bf87f7a53aaa325e679192fa0ba469d6d3167a5accf40fd5e3"", ""3"": ""1170256de42a36151beb7b999ec9afb708655f76b40b92b20f66e00b7262fcdc"", ""4"": ""ff91b616e4bec49056a9d3ad40d0cb5a2ebdabad168325f701225f2798acc961"", ""5"": ""524080eeadb4cc06c33f452b81cbd1479ad150a0c5efce4107407061aac89744"", ""6"": ""ae6aa40f2d7d4022efcd858f61c0882044346856fd850312ca0713b05921e7b1"", ""7"": ""a846dd17c13a768ab9dc0062b89e338727a44051789faf7cc1b047ed14f834c2"", ""8"": ""556a8a58bd8bc880fd02dada3132ac8a07583444b44e4336f404429749fc269c"", ""9"": ""58bb73fda23c98163d669ace588d547d03321de126a2b49f8704bb4eb3f744e4""}",deaeb53674c730fd9892d07e7a55c4523c53020e6ae34703f5c36f7203d9e515,1,1,1,0,3.870970460482407,0.0,"{""0"": 5.904900000000011e-07, ""1"": 5.904900000000011e-07, ""2"": 5.904900000000011e-07, ""3"": 5.904900000000011e-07, ""4"": 0.24078616084319548, ""5"": 0.2085694378506284, ""6"": 0.14304994904906476, ""7"": 0.16721929567660082, ""8"": 5.904900000000011e-07, ""9"": 0.24037220413051053}","{""0"": 0.125000295245, ""1"": 0.125000295245, ""2"": 0.125000295245, ""3"": 0.125000295245, ""4"": 0.12039308042159774, ""5"": 0.1042847189253142, ""6"": 0.07152497452453238, ""7"": 0.08360964783830041, ""8"": 2.9524500000000055e-07, ""9"": 0.12018610206525526}","[0, 1, 2, 3]",[],1,0,1,1,0.0,851a6a0c87b766c16a91706da958ed6f73d371e7e3971e3b5d8c42d544d5e32f,0e15cfb22c6e1c044aa9f5bacf68243f9db78254ba6f6f8f2f6e0be5b04fd996,"[""proposal_created"", ""proposal_committed"", ""v1_challenge_sampled"", ""audit_rejected"", ""recovery_recomputed"", ""recovery_audited"", ""recovery_verified"", ""committed_once""]"
11,trust_v1v2,1,A2,0,1,0,1,0,1,V1+V2,68.68,10.048313741712615,0.1,10054663476793087516853343004866687095,49e8ae8582e002641de7cb3438908d61777b2c91d808009fb18785fc6810920d,1,"{""0"": ""b8106154b0751c9c64ffdf542d31460a487fd1fb7ea6c3922df4844bdd0e8a85"", ""1"": ""79f4e9c23b5a2fe896b3afe5da6eb7c0158c31bd6002486be04152e56f994105"", ""2"": ""783157fabc877eb892357f65bb61557a2ec9272ddd843841a0c45a966c5e247d"", ""3"": ""9b06768fcef9a88b6f06fe748601164e493d42096d39d4705a51e7301a0bde3e"", ""4"": ""b09e364f5eecb0e286ad6523e1af08b4d467de2bf1bcc180b8caf45926e2b3bb"", ""5"": ""6fcf55442c96948b8b1102dba5a2729467c19aac3c4fe9204a71e93fd8910c01"", ""6"": ""dc9fb53d02877d08faa6f1a66433004e07b8d26a74ba99acef9650f90119666a"", ""7"": ""4853a640b3094943d8ceb5d0729d877a3f235a4dc81018ff5426d8f11dcdcf5b"", ""8"": ""bf93125e8292f2fd0010b10d4b5f2829a26c9b64277d20cd8e741268a28188b2"", ""9"": ""6ac97d2c7903d73acf8a1e6e7e541682d77c9aaa311131e3e38e79d86439e3b6""}",9d4f67366801f9887805e30415ce6a42d7a500282cd0d860ae566faacf7079ca,1,1,1,0,3.8728403107387632,0.0,"{""0"": 1.771470000000004e-07, ""1"": 1.771470000000004e-07, ""2"": 1.771470000000004e-07, ""3"": 1.771470000000004e-07, ""4"": 0.2378964761112465, ""5"": 0.22823145921347635, ""6"": 0.12025237033706611, ""7"": 0.17584651950577007, ""8"": 1.771470000000004e-07, ""9"": 0.237772289097441}","{""0"": 0.12500008857349998, ""1"": 0.12500008857349998, ""2"": 0.12500008857349998, ""3"": 0.12500008857349998, ""4"": 0.11894823805562323, ""5"": 0.11411572960673814, ""6"": 0.06012618516853304, ""7"": 0.08792325975288502, ""8"": 8.857350000000018e-08, ""9"": 0.11888614454872047}","[0, 1, 2, 3]",[],1,0,1,1,0.0,0e15cfb22c6e1c044aa9f5bacf68243f9db78254ba6f6f8f2f6e0be5b04fd996,8b293a16695a9b47b05c8b9de0e1e1e2ada1f65164960f238ed7ea1e59584cda,"[""proposal_created"", ""proposal_committed"", ""v1_challenge_sampled"", ""audit_rejected"", ""recovery_recomputed"", ""recovery_audited"", ""recovery_verified"", ""committed_once""]"
12,trust_v1v2,1,A2,0,1,0,1,0,1,V1+V2,65.0,3.7850380893432436,0.1,286420135576231857034291379455917790696,8a5855fb4d176eb0c8a3a3f42e02998b48221ea824d39eb4e444d49313a0feb1,1,"{""0"": ""f1186b6eeafd42c8e7717f7d267951d54344d2e1e14b74768a86b1fce6a92f67"", ""1"": ""c33d57a1f525f9ec3f70f709f5fcca7b1fe8b871fe093dfdc979d31d4c0f91f9"", ""2"": ""2f6c1022dc9413331ded2bf26f4a6fe73a3c4a19ef52fd05dd4e860bff36307a"", ""3"": ""c437ece92be2f8a40eb3aa1bcbf3ac1278dfdeb20f3db657b0dc70ac8b643e4e"", ""4"": ""1c1e095b5ac7dd532d35ca101f9b92e8318879380f8abbf02b7e1c45bf605345"", ""5"": ""f7a8d305045aa70c1148b95efc45861be7d2a5bc994b5eebc713bdfe4b44cc78"", ""6"": ""84cc9a9218e9fc6412a6dd97e5c64b4cbfede6b722e3ff4ee734b6198ad75764"", ""7"": ""1ab723f5bf807f9a6b6184260ec7d2190427dc2f6cb40b8a504d0b6bcd39a0c5"", ""8"": ""1edab168a74ef8ff444bf995b18bb198f2140e81f3223b71ce71a37baad36905"", ""9"": ""116852dc30bb82ece17b5e6036eb781f0abc64418392afe3705e8289856894ef""}",4f76b7649962d2453b1561e4de41e20caeb2e1b544763e2ba6784024c118c559,1,1,1,0,3.941985909586508,0.0,"{""0"": 5.314410000000013e-08, ""1"": 5.314410000000013e-08, ""2"": 5.314410000000013e-08, ""3"": 5.314410000000013e-08, ""4"": 0.2398087203993563, ""5"": 0.23690921533002524, ""6"": 0.11984841581632577, ""7"": 0.1636619184385781, ""8"": 5.314410000000013e-08, ""9"": 0.23977146429521462}","{""0"": 0.12500002657205, ""1"": 0.12500002657205, ""2"": 0.12500002657205, ""3"": 0.12500002657205, ""4"": 0.11990436019967815, ""5"": 0.11845460766501262, ""6"": 0.059924207908162885, ""7"": 0.08183095921928905, ""8"": 2.6572050000000064e-08, ""9"": 0.11988573214760731}","[0, 1, 2, 3]",[],1,0,1,1,0.0,8b293a16695a9b47b05c8b9de0e1e1e2ada1f65164960f238ed7ea1e59584cda,65430a7dd8a77d8013288c2538c26fb352b9f7d6437f7a2774ed27c2ab05ca3d,"[""proposal_created"", ""proposal_committed"", ""v1_challenge_sampled"", ""audit_rejected"", ""recovery_recomputed"", ""recovery_audited"", ""recovery_verified"", ""committed_once""]"
13,trust_v1v2,0,none,0,0,0,0,1,0,,74.2,0.0,0.1,157623029134881111731369885118783403820,dbb9c415fe44ba3a9df3dfd95202b452c1a8b5806addd72443893e6af70e2be0,1,"{""0"": ""367f68ec0c7d8e458faa76f5b3eafd86ba8ccf1fbf472c38b20dc6fac025e41f"", ""1"": ""e2a7dd819afdf6b9b09c4939db1a048cf2b465e8568670d37219d480d302c66c"", ""2"": ""5b7b733876d0b844ccd42d722a9251fd730bf62752c8676d9e288aa46b6ce564"", ""3"": ""074275f9090800a518943022cbded221d5dfc40d3db57f4edf3a7b0d4d1f4799"", ""4"": ""f226a2b4a0364e784af34e4d89364ef188639ac6470fa2c4772a0b354f49fef0"", ""5"": ""157b3796cd6258fdb33270b152cbc7e9e242d0bc65d4655366a8a114d4c582e3"", ""6"": ""0563dbaf15f3c68b50997240db218d55d543527b7bc8f4a329e8ece43786e4bd"", ""7"": ""ae33f5f4ce4c9f857deda4ec6494e9d2656baadefaaef10a7364ec6ae26fbfae"", ""8"": ""918155671b9887994412231316cc3614d9cef7e0c02e9db1aefcd4ebf03eaa28"", ""9"": ""91f596973693939a317744bb1ecddb90e9435d678517872f9f8295a963c36cd5""}",,0,0,0,0,0.0,0.0,"{""0"": 1.594323000000004e-08, ""1"": 1.594323000000004e-08, ""2"": 1.594323000000004e-08, ""3"": 1.594323000000004e-08, ""4"": 0.260939257827687, ""5"": 0.10365255023438401, ""6"": 0.22495116645277788, ""7"": 0.14952886477255656, ""8"": 1.594323000000004e-08, ""9"": 0.26092808099644454}","{""0"": 1.594323000000004e-08, ""1"": 1.594323000000004e-08, ""2"": 1.594323000000004e-08, ""3"": 1.594323000000004e-08, ""4"": 0.260939257827687, ""5"": 0.10365255023438401, ""6"": 0.22495116645277788, ""7"": 0.14952886477255656, ""8"": 1.594323000000004e-08, ""9"": 0.26092808099644454}",[],[],1,0,0,0,0.0,65430a7dd8a77d8013288c2538c26fb352b9f7d6437f7a2774ed27c2ab05ca3d,c1983fd7d1c0494edfda2c78b88f449a646cfd3b4e639f6db5954c1fe9fa0408,"[""proposal_created"", ""proposal_committed"", ""v1_challenge_sampled"", ""audit_accepted"", ""committed_once""]"
14,trust_v1v2,1,A2,0,1,0,1,0,1,V1+V2,66.79,1.8342816551384347,0.1,253397319074500301634122571827290454031,c950922836d4c1b6bea60f636aa3654afca51bd110991ba5896a89ebe8a2d450,1,"{""0"": ""b183e30300d92f615278423dd6612ec8e6557a610152f44f3def09f49be7b162"", ""1"": ""8c91064a7bee7bb4a5c625b8ac048ddc110b2e638071ee95928e664e98ea0174"", ""2"": ""748d1331d27e7354443de717dca1427a8f1b3209bde2397ea355126703783ad9"", ""3"": ""5dea43c69f0bcbe22c8a3dca97a6761f1b71eb7dbe1a4ca44c11e08502b42bb5"", ""4"": ""a0fdf9cbc9d2f48b878a302e353d0ccb6f6bacc36bfcddd5c0489dc3e58fbf96"", ""5"": ""8b3912f172bfae31e525a4cf048fb33aeba1d6294171ec244944709221201e80"", ""6"": ""3b133c4a3333f2a426ca48aee856a7dff138ec31cbdc1f26a9547f1b36cf0220"", ""7"": ""e3c007d0d7d98b24dee6598c3aa110c95b6b58113b8048e59186112d5f31128b"", ""8"": ""3efe0c29c1672487dfbd268f2ce46cf473a114dfc0d7dba1e95e0aca5b56e59e"", ""9"": ""0d699d0d8305e3db6b505feade92e469f1eff83bb4dcc170d4db9ad18c0fa780""}",bba106b09d04cc4ca46925a1cc339c03e73fdf9d15537fa792a7bb363c5df76b,1,1,1,0,3.2397234071038836,0.0,"{""0"": 4.782969000000012e-09, ""1"": 4.782969000000012e-09, ""2"": 4.782969000000012e-09, ""3"": 4.782969000000012e-09, ""4"": 0.33615836982634517, ""5"": 0.19699348270978123, ""6"": 0.16337895767569477, ""7"": 0.18965417381211008, ""8"": 4.782969000000012e-09, ""9"": 0.11381499206122378}","{""0"": 0.1250000023914845, ""1"": 0.1250000023914845, ""2"": 0.1250000023914845, ""3"": 0.1250000023914845, ""4"": 0.16807918491317259, ""5"": 0.09849674135489062, ""6"": 0.08168947883784738, ""7"": 0.09482708690605504, ""8"": 2.391484500000006e-09, ""9"": 0.05690749603061189}","[0, 1, 2, 3]",[],1,0,1,1,0.0,c1983fd7d1c0494edfda2c78b88f449a646cfd3b4e639f6db5954c1fe9fa0408,e74a2fc8e064b6b6d8370cbf120cbe4b04ca7fa620c1d3eb06c733f37a068b15,"[""proposal_created"", ""proposal_committed"", ""v1_challenge_sampled"", ""audit_rejected"", ""recovery_recomputed"", ""recovery_audited"", ""recovery_verified"", ""committed_once""]"
15,trust_v1v2,1,A1,1,0,1,0,0,1,V1+V2,66.66,0.0,0.1,145469083505790985784257132659235741954,406d77b3af670793f56f3e650b3c1eafc648df7d367efbe73d1bbb195987b16c,1,"{""0"": ""aa33de2fb5bca7282ee64e60945abfed8889dcd7555d8b7601c5314062418d82"", ""1"": ""2210a80465f0e78116af0c73705178637a47eae367794facba9a770b2590f30a"", ""2"": ""b62db210de8e78fb4a87b538924ddbff8e727b383dfcbee6f4369fc13a85f302"", ""3"": ""f552bce419d20f91c6c8f68c47f34b4eee7482d4dee2233c1b86081d1d8a2573"", ""4"": ""3297d9b934a9385a1b6ca81beb51b5cd9117a17c170556d30fd857cdde180c29"", ""5"": ""ddaf638ecefa4cb27c25eaf9330037daa669f6318e9a9462466128b188f56673"", ""6"": ""9141137e9a390f328e062ea457db5fcfc2d159d5d4b13f3822314090667f9fe2"", ""7"": ""f1265affa700629b45f22480e00a82ba77ccce579c550297b2a9e13884aecb13"", ""8"": ""f2e5e0b43bc80b27f7d2aef466d4693bdc5687792f059c14e0577d56c5183a72"", ""9"": ""56d4b0e97f7ccf5d56c8dd56bdd77f09001100f69e9cfe634be347eec8505a04""}",73df83812cf8d00241162ca3c90556d02a96a7146b8ddfdddcd3f46799fa4aa8,1,1,1,0,5.206228492776198,0.0,"{""0"": 0.75, ""1"": 0.75, ""2"": 0.75, ""3"": 0.75, ""4"": 0.3401522301357955, ""5"": 0.29840276400082627, ""6"": 0.07390948080731029, ""7"": 0.15233008668401174, ""8"": 1.4348907000000041e-09, ""9"": 0.1352054311976028}","{""0"": 0.18750000026904198, ""1"": 0.18750000026904198, ""2"": 0.18750000026904198, ""3"": 0.18750000026904198, ""4"": 0.08503805765596918, ""5"": 0.0746006911072504, ""6"": 0.018477370228340576, ""7"": 0.03808252172564718, ""8"": 3.587226755147288e-10, ""9"": 0.033801357847901954}","[0, 1, 2, 3]",[],1,0,1,1,0.0,e74a2fc8e064b6b6d8370cbf120cbe4b04ca7fa620c1d3eb06c733f37a068b15,a0306463eae6d696e10f09de59981720a325ac84b56e78e10b760a195c6f5e35,"[""proposal_created"", ""proposal_committed"", ""v1_challenge_sampled"", ""audit_rejected"", ""recovery_recomputed"", ""recovery_audited"", ""recovery_verified"", ""committed_once""]"
16,trust_v1v2,0,none,0,0,0,0,1,0,,67.47,0.0,0.1,111461093112022567547507598528482582495,784e1b0fd2ec60fb56a2e725d7c19be9444268f04f18638490d13d6eb014dd66,1,"{""0"": ""2f99fda339d983a68b540be743abdee0aa8e7b2f53ed626926e7880e492e5b3e"", ""1"": ""bf6edc10ff2eea5dd3def8c5dffb214de89c28b8b06701c651d246bd4b813550"", ""2"": ""1300d8c8614b8011b5bfd660259d0cc45f81c986daf8dcab8a2d8f06eb129ac6"", ""3"": ""ff8e5d3491ddcb6b9f87f58fcf8ae82a7fa5f448c2acf2178c83dbd476d4489f"", ""4"": ""7d34d38610db6f9343e3c54ff72d03a9e497c728407b21ee6857a86c1a4e3140"", ""5"": ""26ee06b143b75c20bcb123cbd9dc5d1398dc0f8393d4f72d07325cd436a59c01"", ""6"": ""3d63066b2297a02bac6931e27a667a5fbdd9cf578e6e91398b8d4ee40b811e16"", ""7"": ""b9ab04bba9538dd5668be53a927ead1ee718b1407462a435db9c456f7e454be2"", ""8"": ""d3fd0f79b9d11d8b19fa7c8494093d8bd1a2f5224938edcefa06ad3e6f7bacb0"", ""9"": ""3e03849c9dc9b637ac2f379271a1ffb78ac26b02e091fdbd53d0a7ccaa517031""}",,0,0,0,0,0.0,0.0,"{""0"": 4.304672100000013e-10, ""1"": 4.304672100000013e-10, ""2"": 4.304672100000013e-10, ""3"": 4.304672100000013e-10, ""4"": 0.2892104281802879, ""5"": 0.2766855883397972, ""6"": 0.10832580349858512, ""7"": 0.09759478679858985, ""8"": 0.0004570029620409988, ""9"": 0.22772638849883012}","{""0"": 4.304672100000013e-10, ""1"": 4.304672100000013e-10, ""2"": 4.304672100000013e-10, ""3"": 4.304672100000013e-10, ""4"": 0.2892104281802879, ""5"": 0.2766855883397972, ""6"": 0.10832580349858512, ""7"": 0.09759478679858985, ""8"": 0.0004570029620409988, ""9"": 0.22772638849883012}",[],[],1,0,0,0,0.0,a0306463eae6d696e10f09de59981720a325ac84b56e78e10b760a195c6f5e35,27699091db3a4e2ed5b05f1ecbcc62e55ab4d71f67242201ec5145e78beb369e,"[""proposal_created"", ""proposal_committed"", ""v1_challenge_sampled"", ""audit_accepted"", ""committed_once""]"
17,trust_v1v2,1,A2,0,1,0,1,0,1,V1+V2,73.95,5.94894350427318,0.1,146123526298194032779582233389459518045,f5cdc370cabb04f53b74597c86668f602ac617b3302912e69f0a67a32887aecf,1,"{""0"": ""ffe856bb7208331f6b32d9a5f166c2c29138a8e643ff77a45f00ae212ab2e43b"", ""1"": ""380fe2d5d36440a9e7d75909b21075d8c903401cf7c56b66bd9e51716267da37"", ""2"": ""25e800edd0ad49f8aefdfc707534bdb7a49a60250ff048abb4084f99dfde575c"", ""3"": ""2f72051836d020498fd758d3a607cefa7c8f25b06455cd15c9bf7996de075ef7"", ""4"": ""0ae2578f5692b55a25c43241c6a5bba282cebb3a63860212ac0e6c6589157d7b"", ""5"": ""620ccdd69067c425b925579d7e053a23409415a5620eaa1347cd518b98fe6c8a"", ""6"": ""f58c67b123fdff2d975cff44f0c5679412088aa9b613d96db173da9c4a000852"", ""7"": ""664c7776fec42e5c3db736e8eba7eada316b76fed02900cc98e7c86a9005d8ce"", ""8"": ""a0b060a498d7b98bb9796e86ced5de620826169bfa76383b3f08030ffadf1215"", ""9"": ""b1c7ccf39b3766f6bb702afa4addd07eed2c0458bd3cbd7eef143fb606e3f3fe""}",225b568b5380f70e5c33f2826e9127825bceed080f788b9049582e17d4d22e23,1,1,1,0,4.05084506624172,0.0,"{""0"": 1.2914016300000042e-10, ""1"": 1.2914016300000042e-10, ""2"": 1.2914016300000042e-10, ""3"": 1.2914016300000042e-10, ""4"": 0.27049191880962425, ""5"": 0.13250932629470544, ""6"": 0.2162265314051134, ""7"": 0.12858841518019698, ""8"": 0.00013710088861229965, ""9"": 0.2520467069051869}","{""0"": 0.1250000000645701, ""1"": 0.1250000000645701, ""2"": 0.1250000000645701, ""3"": 0.1250000000645701, ""4"": 0.13524595940481215, ""5"": 0.06625466314735273, ""6"": 0.10811326570255671, ""7"": 0.0642942075900985, ""8"": 6.855044430614984e-05, ""9"": 0.12602335345259347}","[0, 1, 2, 3]",[],1,0,1,1,0.0,27699091db3a4e2ed5b05f1ecbcc62e55ab4d71f67242201ec5145e78beb369e,58929d76ece183a7435792619ee1a12508c86aff9110702f7afa2cdab19cc082,"[""proposal_created"", ""proposal_committed"", ""v1_challenge_sampled"", ""audit_rejected"", ""recovery_recomputed"", ""recovery_audited"", ""recovery_verified"", ""committed_once""]"
18,trust_v1v2,0,none,0,0,0,0,1,0,,77.43,0.0,0.1,18287534792644173872585822353625265300,5618c81fe6fb94f98c8752b5c3097022c009498d0de8a7d4bd3212f0e070d72e,1,"{""0"": ""b2fbb7e64c1bcc7671f792c081eb710a32193ebdb3632a4cf63cc1344f55e6ae"", ""1"": ""6502a9ad7855dd6b44ea5db4cc2acc2c753976d770638cf907e6897c0d185331"", ""2"": ""b154e5be93fa9792d81a2fffce87e38460f94100431296023009726ddc5a05e8"", ""3"": ""8eecb1176d510904c5a4fd872cd6b0460ff3b265c0c0f3bd35c85c4ec36a76ba"", ""4"": ""e056607bd465021177f356ab4a2e6df1f5c820d3be877f297600214de6120aed"", ""5"": ""3b2e3ed4e3f1878e08820bd7860d13a2e632811777184b44baf7612e7d16829f"", ""6"": ""68d3fd467cb7169657a19495158eb7a8a9ee539448e36ebaa6b7d023d489ca34"", ""7"": ""0ad1d0c49140d37bd22ebf7044176bc525ce776e0db94e0abfc973d4490955ae"", ""8"": ""d3fa64c65cf4b37c775f6452aed14bd2fce6a15cc09614bed188be1d7f372c7c"", ""9"": ""afee7ee6ce4f0080ad738ddb5a4f469748f5a98a43aa2c2bdcf33355a07e9b68""}",,0,0,0,0,0.0,0.0,"{""0"": 3.874204890000014e-11, ""1"": 3.874204890000014e-11, ""2"": 3.874204890000014e-11, ""3"": 3.874204890000014e-11, ""4"": 0.2941250770146871, ""5"": 0.14104857979564656, ""6"": 0.15068287055241733, ""7"": 0.12462316294505761, ""8"": 0.0009287960938673859, ""9"": 0.28859151344335593}","{""0"": 3.874204890000014e-11, ""1"": 3.874204890000014e-11, ""2"": 3.874204890000014e-11, ""3"": 3.874204890000014e-11, ""4"": 0.2941250770146871, ""5"": 0.14104857979564656, ""6"": 0.15068287055241733, ""7"": 0.12462316294505761, ""8"": 0.0009287960938673859, ""9"": 0.28859151344335593}",[],[],1,0,0,0,0.0,58929d76ece183a7435792619ee1a12508c86aff9110702f7afa2cdab19cc082,3ad62b6e87a2d70a548881da96fdd943315cb0b6f94cabbfb525fb546e26f2e8,"[""proposal_created"", ""proposal_committed"", ""v1_challenge_sampled"", ""audit_accepted"", ""committed_once""]"
19,trust_v1v2,0,none,0,0,0,0,1,0,,77.5,0.0,0.1,139955497768959338073520212759507938587,76ebeb232280b2b5a4ab400848fc89ed05eafa5ef156a405909b2f7fe425bbea,1,"{""0"": ""d0d224d4824dcff1d8003d339066b4a632f1704643fcf5d43d21fc2266837a09"", ""1"": ""99bea8d397c1e1d873826c51fa39c8279617c3fef4197df4d68760458f091808"", ""2"": ""237504ddf2a59665b742360aa421e382fde3a3082d467870fae851f71ef9e3d3"", ""3"": ""0b9c42e0b19ffde31033cc456905706d494f354f56bacbe350bb8f60d4980dd2"", ""4"": ""b9a4cda44574a2b38f66c8c5d64e5529a77338d86030e42c5eb2919605283a15"", ""5"": ""1d077e675a076a297a8dcba66dc98e84ee049e77d0d46255e9b5f5ed48067a65"", ""6"": ""fa3ed8a929074992ef4ad103aa2c293460cc21c0b0dd789518240acf1ef14c46"", ""7"": ""1f7fa2460209e0da70bec2d7ff4a7d546b9e7cae390b93c0f6738d06c63a0598"", ""8"": ""cbd4afbabeafee9c0989577951e2f93330094ee06af61d1db69357aaa1d198b9"", ""9"": ""6b6b7fab1d2c082a025e11e588bbe8703ee37a1f2c813ca0251edc888bd4cd00""}",,0,0,0,0,0.0,0.0,"{""0"": 1.1622614670000043e-11, ""1"": 1.1622614670000043e-11, ""2"": 1.1622614670000043e-11, ""3"": 1.1622614670000043e-11, ""4"": 0.27607350362811195, ""5"": 0.16101977238118845, ""6"": 0.2018381790840999, ""7"": 0.08637647147523646, ""8"": 0.0002786388281602158, ""9"": 0.2744134345567126}","{""0"": 1.1622614670000043e-11, ""1"": 1.1622614670000043e-11, ""2"": 1.1622614670000043e-11, ""3"": 1.1622614670000043e-11, ""4"": 0.27607350362811195, ""5"": 0.16101977238118845, ""6"": 0.2018381790840999, ""7"": 0.08637647147523646, ""8"": 0.0002786388281602158, ""9"": 0.2744134345567126}",[],[],1,0,0,0,0.0,3ad62b6e87a2d70a548881da96fdd943315cb0b6f94cabbfb525fb546e26f2e8,fbe6c07bcd180417d59b1f6d92be6cab19de99deb9c3eef469cd9298838ce027,"[""proposal_created"", ""proposal_committed"", ""v1_challenge_sampled"", ""audit_accepted"", ""committed_once""]"
20,trust_v1v2,1,A2,0,1,0,1,0,1,V1+V2,67.26,1.112706702195202,0.1,313928099889007655955022371431962685097,e7d24c0a1ed75d968512c3073723616f597da35a8130f6b8796190a4fc5a46f4,1,"{""0"": ""8b9ea0c00edfa1003c318ce305c265a2a03c4092d8177c7a93eba9370a9efec6"", ""1"": ""b198a20074cf6ba011b2ddc3248838ea807d366aa19c7397856a97bb1f8fbc14"", ""2"": ""8d91bd74931e440d605dac1ebaa64dc4cb25ed5adda692b1aaeb97dfc18791f2"", ""3"": ""7ae2b5b37e7acdf38f1a70f03cb11a077472e858a66cf3d2d4ac7e868270674c"", ""4"": ""6fc0c42b24e48225adf3c8dfb22941bc473eeb4ae95ecebc3d50e9990e42286e"", ""5"": ""b4d6f8f638003cb400fa6833c485f9df121a56226c6b5e941fb9b02d8b44a3d3"", ""6"": ""f6504be843164bce891e1d11f7d64726d92d4589f998c681d2449b88b0b21e90"", ""7"": ""de2d9a33e748c05d96dd00568394bc9e664f53e508dfd8dceaa4d41c377b4691"", ""8"": ""8517fa7c9031fea0fcc3c824d0ff410adda851d488ab9dcda128b255863891bf"", ""9"": ""2b76902b6fe5d48e2e4762258f4c8e928b2865a6d87b0999e7c8ce7213c8e2ab""}",6d7de41722f41acd3eabd9c6ea6293034de18b52c7df31a9f80e5bc0c2d35303,1,1,1,0,2.8038719038687443,0.0,"{""0"": 3.4867844010000132e-12, ""1"": 3.4867844010000132e-12, ""2"": 3.4867844010000132e-12, ""3"": 3.4867844010000132e-12, ""4"": 0.32838702663875025, ""5"": 0.2938709072646732, ""6"": 0.0716553102643194, ""7"": 0.20022845196465563, ""8"": 8.359164844806475e-05, ""9"": 0.10577471220520628}","{""0"": 0.1250000000017434, ""1"": 0.1250000000017434, ""2"": 0.1250000000017434, ""3"": 0.1250000000017434, ""4"": 0.16419351331937515, ""5"": 0.14693545363233662, ""6"": 0.03582765513215971, ""7"": 0.10011422598232783, ""8"": 4.1795824224032384e-05, ""9"": 0.052887356102603145}","[0, 1, 2, 3]",[],1,0,1,1,0.0,fbe6c07bcd180417d59b1f6d92be6cab19de99deb9c3eef469cd9298838ce027,4794055c55e6f6936e6ccd0e4e527cb722580cdcdb45fc1f1f3d69d4e720e8d2,"[""proposal_created"", ""proposal_committed"", ""v1_challenge_sampled"", ""audit_rejected"", ""recovery_recomputed"", ""recovery_audited"", ""recovery_verified"", ""committed_once""]"
21,trust_v1v2,1,A1,1,0,1,0,0,1,V1+V2,68.15,0.0,0.1,331726761772975149825225239344253921419,073ff4a294128ab8aae4b806304e7b3c16e8895a3a19e1c28e26a0c5bbead653,1,"{""0"": ""254b986101caf53b2f8ddaca97d4525bfc08b44f85d30f36aecc2ae79c62b688"", ""1"": ""1e31580c826912a2a9b241f15c31e42492bde7054085d285dac241e0cffba1dd"", ""2"": ""62ddfe098fe16f449cfde150f7858a6bc89829452bb9af490aad7063ddb62e4c"", ""3"": ""63932df9cb2caa45108e1aff3dd21197f6b878218d069833dddc5d6cfe5303e5"", ""4"": ""7178e4278b5a6a91bcbd962b6d51ca31c79f609382ad01cb50c84b4b882f0bb7"", ""5"": ""62d2e9393c874ebd6f4b2353f948d316a45cbeef681150ed189d84e435df0f57"", ""6"": ""6dfc6e38be44142b41b29a0311acf54161de41de93e077636d83510cc8bbed3a"", ""7"": ""c10f1ff18048b0c7d63641a13c4c1aacc356a408b0d26f65550f631cf5170bcd"", ""8"": ""3744c3a7a686c5fc58d72a0e9fbbe0ec98747271e0672fa57ba1811b5c3fe936"", ""9"": ""2685508315676951e12d5051f9b518691862379f2a8c68051e780a33dff8d6e9""}",da1fcd8e6a21dadfb700d631b8fc60239d5426a7c1544fd05890bb55ed2e7523,1,1,1,0,6.511726517325182,0.0,"{""0"": 0.75, ""1"": 0.75, ""2"": 0.75, ""3"": 0.75, ""4"": 0.2872579204832428, ""5"": 0.27690308467101965, ""6"": 0.05165816674135262, ""7"": 0.24881034808101435, ""8"": 2.5077494534419435e-05, ""9"": 0.13534540252465216}","{""0"": 0.18750000000019615, ""1"": 0.18750000000019615, ""2"": 0.18750000000019615, ""3"": 0.18750000000019615, ""4"": 0.07181448012088582, ""5"": 0.06922577116782733, ""6"": 0.012914541685351664, ""7"": 0.06220258702031865, ""8"": 6.269373633611416e-06, ""9"": 0.033836350631198435}","[0, 1, 2, 3]",[],1,0,1,1,0.0,4794055c55e6f6936e6ccd0e4e527cb722580cdcdb45fc1f1f3d69d4e720e8d2,ef4bafdd1bd02e2523c169d41713bf246eaf0d03bdeb7219b3c474e7d2b71e50,"[""proposal_created"", ""proposal_committed"", ""v1_challenge_sampled"", ""audit_rejected"", ""recovery_recomputed"", ""recovery_audited"", ""recovery_verified"", ""committed_once""]"
22,trust_v1v2,1,A2,0,1,0,1,0,1,V1+V2,77.33,8.150985643128877,0.1,323073344740547940298817276840005436422,726f982f0e86d3b289beb0cc933a7dee99613fffaba4b9b5deda728ec8376158,1,"{""0"": ""189a0936aa31f700175d013f11f4979daf2294675cf7fc7b8973afa762063018"", ""1"": ""a20f393b925fae3e751ead05e1e1f33c5cb0657a238f8e89457716cc07040dfe"", ""2"": ""d8a63ec1b244c96264fca9d5312b9ae4dfdd4c6f94e4f13222a694cc6c6fd6d0"", ""3"": ""9f9216356c745e377bfc158306f680260c047ceedd89a718690cb2b761098a2e"", ""4"": ""f043e7bf36a5953b4b46a25d0cf8b0bbb6773c909b23cac29cf8da6d93b53435"", ""5"": ""c1b0de7460a1ef7d8dc891b3d167de649ad3a42c8923d7bb12eb26ad23b10098"", ""6"": ""0bc65508da9dc8e50e5259569d518b38088bb524a7541af8e67df247f8795a31"", ""7"": ""7572b04e00b5e32efb33d97ccacafa5192dd6bb6840585ee832ad3daf4043c48"", ""8"": ""a9754ffe422c03815df4e199ccf9a08927095ec6e0e734b3b74118af0023e730"", ""9"": ""f5010e2c0e7a413bcb1a2debf74f0b17e2a541d94291ba6fa9357ee31b26879a""}",49f62a23b6344bdbb831b6e03d649051072d61c071e791031b125790c579246d,1,1,1,0,3.7520571152748734,0.0,"{""0"": 3.1381059609000135e-13, ""1"": 3.1381059609000135e-13, ""2"": 3.1381059609000135e-13, ""3"": 3.1381059609000135e-13, ""4"": 0.21776857950041134, ""5"": 0.12351354321896776, ""6"": 0.2648458745302403, ""7"": 0.1011569637583622, ""8"": 0.0027629937255330026, ""9"": 0.28995204526523016}","{""0"": 0.1250000000001569, ""1"": 0.1250000000001569, ""2"": 0.1250000000001569, ""3"": 0.1250000000001569, ""4"": 0.10888428975020567, ""5"": 0.06175677160948388, ""6"": 0.13242293726512014, ""7"": 0.0505784818791811, ""8"": 0.0013814968627665013, ""9"": 0.14497602263261508}","[0, 1, 2, 3]",[],1,0,1,1,0.0,ef4bafdd1bd02e2523c169d41713bf246eaf0d03bdeb7219b3c474e7d2b71e50,411acb365b301d27504e8728341d4e20f143dc2fc0e268aadcca0636de5c9dfa,"[""proposal_created"", ""proposal_committed"", ""v1_challenge_sampled"", ""audit_rejected"", ""recovery_recomputed"", ""recovery_audited"", ""recovery_verified"", ""committed_once""]"
23,trust_v1v2,1,A2,0,1,0,1,0,1,V1+V2,79.85,4.412085622307059,0.1,258394784842849751468859100569041364099,3cdf26135682ef002ac596b1ad4f27f3360e6f25c6b38cac1df33fc51ed01883,1,"{""0"": ""4f8a4a95145cfce651aa02b8dd834ed2366c59ba59e3613eced08b767d8c97bc"", ""1"": ""dda8ebfebdda6221f7eca1fceae0c4a28e44eb8f3699c9610ed14fbac9e01a26"", ""2"": ""f51ed5e1980a5d0b5ec693cf9267d63875cb4cebe631379c05b4b0e7aea8c820"", ""3"": ""d1e0a03ee01f800a7ff3d0605159347442554b95d6e2120610b3706791f4a683"", ""4"": ""0b6e7bc75a853d7d9bede1874a0cdaff59899eec2c952b55991fa6b7f35761a0"", ""5"": ""10eaf5021fd164483b5e7f8a5a4e5780cedecc498da135152ccc6d33fa69c946"", ""6"": ""85328e1d6989245fcbb55da419ed547d8af40aaaea1000676aacd872e4543eae"", ""7"": ""edec288cf7aa916a0f3d86fdb9532ef53c9db5ff7a25356c90f80c07f04885b5"", ""8"": ""8a3c33cd5102eb46235c7f6dbc154410c4d8b003e13a1c376369ac024e5641ae"", ""9"": ""b3250cbbc2b4f516e8d59f697613a0d142afb6afd7b609f3fa78970c5f373fe9""}",d26028236eec557c5f2e6c1e5e3ac1a275e3ffa1f05c269a7127bc6360bcf142,1,1,1,0,3.420193591076895,0.0,"{""0"": 9.414317882700042e-14, ""1"": 9.414317882700042e-14, ""2"": 9.414317882700042e-14, ""3"": 9.414317882700042e-14, ""4"": 0.2838157120262953, ""5"": 0.16100299198366708, ""6"": 0.29793890053524397, ""7"": 0.030347089127508664, ""8"": 0.0008288981176599009, ""9"": 0.22606640820924861}","{""0"": 0.12500000000004707, ""1"": 0.12500000000004707, ""2"": 0.12500000000004707, ""3"": 0.12500000000004707, ""4"": 0.14190785601314765, ""5"": 0.08050149599183354, ""6"": 0.14896945026762198, ""7"": 0.015173544563754332, ""8"": 0.00041444905882995046, ""9"": 0.11303320410462431}","[0, 1, 2, 3]",[],1,0,1,1,0.0,411acb365b301d27504e8728341d4e20f143dc2fc0e268aadcca0636de5c9dfa,534f2705aabfaee7017a0ef05478fd16ad1bba089db1df15c39a780c2d121c4d,"[""proposal_created"", ""proposal_committed"", ""v1_challenge_sampled"", ""audit_rejected"", ""recovery_recomputed"", ""recovery_audited"", ""recovery_verified"", ""committed_once""]"
24,trust_v1v2,0,none,0,0,0,0,1,0,,69.06,0.0,0.1,227645920966499972827761468444940197694,fd08fe31ee8729f86251ddb4868dde47eb5892b81bc0c384f0d955f0946dcb00,1,"{""0"": ""04550023a3b29c9b872f097365c2a6b609f6c61de192ca080574480c7a56b867"", ""1"": ""72d5140ca8ddd913538011d8e3dfaf5da9d9ac0cb892e46ec65d3a550184d6a4"", ""2"": ""36f84ff5bd2a4dc49398b05571822d4e540d9a73038179a097661bdfe30a9855"", ""3"": ""e1b81072bb72c54a441cbb96811edb5df0c9c7f5bec96831a29a1be3514bfa27"", ""4"": ""30be8c6b341680bc37dd13f3ec9d4bf74ca5481ac559f2e5047234d511481c9b"", ""5"": ""3a7d849b78a339b56c2be7b506ef8f57db6573b555edfe5df9672aea58b27715"", ""6"": ""77071170896af7b4324588c804a93d111b071a7157d3cd9b0953430d655682b9"", ""7"": ""eaed1a8a82d04562e04a264ad3fa67153067dfb5d936f71892a79065f57303eb"", ""8"": ""fdbc0f9a578f225d7a39d32509e7669a24fb22ecba0a6e158cf16d65524fc62e"", ""9"": ""9a644e7dbc807873eabc932cb0276ed33a95f2a66ea5aae74a4ef93cc560c9ee""}",,0,0,0,0,0.0,0.0,"{""0"": 2.824295364810013e-14, ""1"": 2.824295364810013e-14, ""2"": 2.824295364810013e-14, ""3"": 2.824295364810013e-14, ""4"": 0.2841770764697734, ""5"": 0.24733326045698495, ""6"": 0.0893816701605732, ""7"": 0.14031601790274983, ""8"": 0.00024866943529797033, ""9"": 0.23854330557450762}","{""0"": 2.824295364810013e-14, ""1"": 2.824295364810013e-14, ""2"": 2.824295364810013e-14, ""3"": 2.824295364810013e-14, ""4"": 0.2841770764697734, ""5"": 0.24733326045698495, ""6"": 0.0893816701605732, ""7"": 0.14031601790274983, ""8"": 0.00024866943529797033, ""9"": 0.23854330557450762}",[],[],1,0,0,0,0.0,534f2705aabfaee7017a0ef05478fd16ad1bba089db1df15c39a780c2d121c4d,a08740b19e4092dab5b0857b23abd58e69b187b45675d5bf61c52f2d0057a1a0,"[""proposal_created"", ""proposal_committed"", ""v1_challenge_sampled"", ""audit_accepted"", ""committed_once""]"
25,trust_v1v2,0,none,0,0,0,0,1,0,,68.9,0.0,0.1,95085206404316380154106125075586558868,73236d60ac671eb58550f90f8eb08b98d30e269659db58ddb2f28f2016c6a35a,1,"{""0"": ""644d32a808e2b8ded12f6677e3cd2db60e64a297e3e3f2b831d54489bc32b74f"", ""1"": ""b0bc1d79ecec8a79a128c830b6e46e99296e473383adb70d011ced55c4e3de54"", ""2"": ""977564e6c9fc90730bedde0bbc40985ecd506f0a727b0e5806255b4b3886ac30"", ""3"": ""2122143e445f908db21ec587698a76f11a0745ef412e0e608d2a61d288abeb31"", ""4"": ""fdeec8e7c1ac6a45a3adf88c1a6dff6d99c19c73d1e9134d216cc315c7176a51"", ""5"": ""3d84a4433eefd0edd6dc694bfffb34fd3a95e9c75b82c17133c5513fd3948ee7"", ""6"": ""eead52aefdf1366c80b3655d94c3b289cafa2094ba4a1cb2e0858140bb741c72"", ""7"": ""72bfbb1b1509cd6e5acadb9595b132b42ecbfd88f5378606efaadf30a5d5572c"", ""8"": ""3e0430ca52c0ea7d6f561168ec670251a2fb3bee6b4ea4b057ce8a70a0a52068"", ""9"": ""6bfe388f2a5b9584ef7dfd72f7a7dfc445e90672f4c18e85634b7ecc0bda7013""}",,0,0,0,0,0.0,0.0,"{""0"": 8.472886094430041e-15, ""1"": 8.472886094430041e-15, ""2"": 8.472886094430041e-15, ""3"": 8.472886094430041e-15, ""4"": 0.2822889962965484, ""5"": 0.2712358514927119, ""6"": 0.026814501048171964, ""7"": 0.15098718530397584, ""8"": 7.460083058939111e-05, ""9"": 0.26859886502796865}","{""0"": 8.472886094430041e-15, ""1"": 8.472886094430041e-15, ""2"": 8.472886094430041e-15, ""3"": 8.472886094430041e-15, ""4"": 0.2822889962965484, ""5"": 0.2712358514927119, ""6"": 0.026814501048171964, ""7"": 0.15098718530397584, ""8"": 7.460083058939111e-05, ""9"": 0.26859886502796865}",[],[],1,0,0,0,0.0,a08740b19e4092dab5b0857b23abd58e69b187b45675d5bf61c52f2d0057a1a0,01692fcb5b9eb238122d9f523f6e775ad17fd8725bd52a3c833ba15ee041d3f8,"[""proposal_created"", ""proposal_committed"", ""v1_challenge_sampled"", ""audit_accepted"", ""committed_once""]"
26,trust_v1v2,1,A1,1,0,1,0,0,1,V1+V2,77.56,0.0,0.1,186553459841628751704975474349015883189,ac8a4b2b8c78d29a94c6f9b2431f24d2937292c1ebe138ffd2b2cd5b2c6c1131,1,"{""0"": ""84d1fbf6bc45bad198dea200ee32e641bb2b0de09441950fb671c8385d2ed2c3"", ""1"": ""18774f50b513ce2c1f2c4a2b8c5b34e2bb7570a0135f20c52c260a21267ece53"", ""2"": ""e25c0dbc090924b9fdd6521a3f465d9f66bdd1c99909f4a95ad4a2f66ddd2903"", ""3"": ""081dfa7bb2626aea72958464363321aac3cfac34d4e77c0e0489d1adfc489165"", ""4"": ""cc8946be37a98283d2b65c86a16491ef24b54a2de54ec3282c44953d4c6c340a"", ""5"": ""904afb5289b5ac8e652729ba2e74c72ed535dce6580bb1963710ccf3f072aedd"", ""6"": ""1ce2f59bb2981ab2f81a69b0045b8737aee3bb0af61890f0004fa1d029cfde2c"", ""7"": ""2f658844e800366ee9d8ef394d2587f445e684fe7217afee54e6a897692d7d2e"", ""8"": ""f1a68c7742fbcfa5b1887fdbc4236413152952a0284734f5e2b7e6cb925223a2"", ""9"": ""5f89f8e80974271d1c13e2f8a213436c41566366f32d4e7a620a5aefca4ecf99""}",716c5574de381da47c62a7ceb2cc3cb1ed32d7b1403fc0add03f60fdaf9892b9,1,1,1,0,5.702159452292483,0.0,"{""0"": 0.75, ""1"": 0.75, ""2"": 0.75, ""3"": 0.75, ""4"": 0.35759477004284224, ""5"": 0.09216707657272849, ""6"": 0.1295420586186596, ""7"": 0.06694352296277924, ""8"": 0.00026484114071197786, ""9"": 0.35348773066226835}","{""0"": 0.1875000000000005, ""1"": 0.1875000000000005, ""2"": 0.1875000000000005, ""3"": 0.1875000000000005, ""4"": 0.0893986925107108, ""5"": 0.023041769143182185, ""6"": 0.032385514654664986, ""7"": 0.016735880740694854, ""8"": 6.621028517799464e-05, ""9"": 0.08837193266556732}","[0, 1, 2, 3]",[],1,0,1,1,0.0,01692fcb5b9eb238122d9f523f6e775ad17fd8725bd52a3c833ba15ee041d3f8,e235f61fefa3eb9396f5ce313e05c09bbc3b8da09255f34332d532b19c568abb,"[""proposal_created"", ""proposal_committed"", ""v1_challenge_sampled"", ""audit_rejected"", ""recovery_recomputed"", ""recovery_audited"", ""recovery_verified"", ""committed_once""]"
27,trust_v1v2,1,A2,0,1,0,1,0,1,V1+V2,73.63,20.561879805707573,0.1,58123703516673912513331866295399344222,c00cbb9f9c07cfb28bfc5a6eee564c3a7413860956b7ac5b69e069b24efbf8b9,1,"{""0"": ""9ffd7953c464cfdb734867ceffc4156e93dbb4ceddf94d54b0459f1f8d7a0c6e"", ""1"": ""14f45dc0a35f8d5ed64195b0262d4d44b4e846163b9e1a5db0d6a39e9407a24a"", ""2"": ""590682b4e1bb8a5e6a4168169620e84fa85df14173ea1c359f89548b3dcc8bab"", ""3"": ""160c90bd517d9c8d1a035b0ec8868575153efa49175877416b88e8df59a45253"", ""4"": ""2feb68e200059810518b1d4ad53f463efaf38b3066527c74c0ae46489e17bd41"", ""5"": ""ac2b38200ef4287713f443348209f8a79004a35618dd9c7d9728711b4b976ba2"", ""6"": ""129a919b95aeb9535f764273c35cabdf5d2fc0ce3b2eb44ea87ae562239c7eb9"", ""7"": ""773288967397272e36f3564ab72b2f7cfc64f674805c0ef76aec19f2e3733d8f"", ""8"": ""59af77b6d2b9e4f494f7985b5cfcddbda6ceaae1887c9621276319607a93511e"", ""9"": ""d5e2742afe323a38b903d84e952bc16f72fcf10356e8dee25e3c8c28da7492e6""}",2a356bc52f87e6b651205901c9a401fbafe96848ca569dda312d1399abedb9fa,1,1,1,0,2.993790711071705,0.0,"{""0"": 7.62559748498704e-16, ""1"": 7.62559748498704e-16, ""2"": 7.62559748498704e-16, ""3"": 7.62559748498704e-16, ""4"": 0.13219396258439747, ""5"": 0.027650122971818552, ""6"": 0.37640485179982547, ""7"": 0.020083056888833772, ""8"": 7.945234221359337e-05, ""9"": 0.4435885534129081}","{""0"": 0.1250000000000004, ""1"": 0.1250000000000004, ""2"": 0.1250000000000004, ""3"": 0.1250000000000004, ""4"": 0.06609698129219874, ""5"": 0.013825061485909276, ""6"": 0.18820242589991273, ""7"": 0.010041528444416886, ""8"": 3.9726171106796685e-05, ""9"": 0.22179427670645405}","[0, 1, 2, 3]",[],1,0,1,1,0.0,e235f61fefa3eb9396f5ce313e05c09bbc3b8da09255f34332d532b19c568abb,e96c9d4b182277902e80abb41d87ff9c47624164addf3ba38ff1c1d1bccc96c7,"[""proposal_created"", ""proposal_committed"", ""v1_challenge_sampled"", ""audit_rejected"", ""recovery_recomputed"", ""recovery_audited"", ""recovery_verified"", ""committed_once""]"
28,trust_v1v2,0,none,0,0,0,0,1,0,,72.75,0.0,0.1,76569192642464152875519263932744950620,6bccf4b8172a1dcafbd8b3eaafd487babd506b3623a2d8b2463ede24de8e7f46,1,"{""0"": ""072934b902497089033c4334da9494397156a4da285ad542d6046a1d5850941c"", ""1"": ""7e954ffbc7e72bfe125ca8a8b513f51334476bc42b2e67ddc28ec1ff49bdd3ca"", ""2"": ""a491f2b93880d070992923ff9abcb6318a946b4392479e77838ec25984a05d91"", ""3"": ""3d7acb2e8919e7d956728e0069bff4b326a639da5c177b26e358cb29025f1a93"", ""4"": ""b3cef02c3b8ad930b7e642e9c4e098da53d7f2ff55a2cfc4718a3a586c2b7bd3"", ""5"": ""819e2645696614756589ae743a390c2bf18fbc0f279829967f337940a2df42e5"", ""6"": ""bd33998ec0818a83029037435754ea1998ce1fdff27bc8f70a593d5f1f8c75ec"", ""7"": ""525a74a10682164f620740d593e882f02c47726e5ea5b0c024afee86c2f123c3"", ""8"": ""61c6f2d60297e2678755039ef302dda94260c9d320500a911a42e83bae49981d"", ""9"": ""0fda20df81e880c1d9f561af5f6d667602ca40f358b05df5e2594ef8f120ea1e""}",,0,0,0,0,0.0,0.0,"{""0"": 2.2876792454961125e-16, ""1"": 2.2876792454961125e-16, ""2"": 2.2876792454961125e-16, ""3"": 2.2876792454961125e-16, ""4"": 0.24930501302146252, ""5"": 0.21794186113768885, ""6"": 0.11292145553994769, ""7"": 0.2156717413127934, ""8"": 2.383570266407802e-05, ""9"": 0.2041360932854427}","{""0"": 2.2876792454961125e-16, ""1"": 2.2876792454961125e-16, ""2"": 2.2876792454961125e-16, ""3"": 2.2876792454961125e-16, ""4"": 0.24930501302146252, ""5"": 0.21794186113768885, ""6"": 0.11292145553994769, ""7"": 0.2156717413127934, ""8"": 2.383570266407802e-05, ""9"": 0.2041360932854427}",[],[],1,0,0,0,0.0,e96c9d4b182277902e80abb41d87ff9c47624164addf3ba38ff1c1d1bccc96c7,a17fe33230f772e42290152d37471d67cce6d6f7f38df1da289fa94a26504edc,"[""proposal_created"", ""proposal_committed"", ""v1_challenge_sampled"", ""audit_accepted"", ""committed_once""]"
29,trust_v1v2,1,A2,0,1,0,1,0,1,V1+V2,77.12,0.811091129465152,0.1,241866220360959442961131823141131397789,192cb011ed545b076626be00ace8026f6cda6960b55d5ce2b8d20cd3e0b20a49,1,"{""0"": ""0b04700d5ca1ee109982288cced065c11d0080e738c45eee7f36d555408a234f"", ""1"": ""dd91a7a4c312c46089c9748dd01c40de4c2b4b1cfb10cd6c36ed791b77a20f4e"", ""2"": ""8c7235b8bf606051c8811931a843aef5755e1e0468a5e27b5f6abeb92a3fb98f"", ""3"": ""951f2cae3a81abb5e37d9d3a35086d21e361ee1022b675e80b956eb5fd8be609"", ""4"": ""c3c95b763d9717ad864a8b3a2227f003cc13d557578074395d2030c430e61f38"", ""5"": ""63204d4a3ad56b63b6258c126caef71fbcac4e8ed6694949cdb20407cb7ed542"", ""6"": ""217454faa7735f03bc7f51333bd966017a1a50a47305890530ca018df9addd85"", ""7"": ""1b04903e4e1306417bb10b2a76a67229064e5a3122c1a683d7d0decee7a68034"", ""8"": ""a944ac9bffb7e672392fc1776da3865a1d9a287fbdcbfa3eb86c40e1b1f1d52e"", ""9"": ""ffd7bb2b7175a1a9cde71f945ff2722d0f6ea8268410d3f9165fa9163f6a911e""}",0ad9bc45f5afb2284e2a07bf6ce543ba73039c47d6a6965c56b15f76b4ae7367,1,1,1,0,2.8916094611881893,0.0,"{""0"": 6.863037736488339e-17, ""1"": 6.863037736488339e-17, ""2"": 6.863037736488339e-17, ""3"": 6.863037736488339e-17, ""4"": 0.2322049077899923, ""5"": 0.06538255834130666, ""6"": 0.4324021541541207, ""7"": 0.08496342608322033, ""8"": 0.04037073090706764, ""9"": 0.14467622272429215}","{""0"": 0.12500000000000003, ""1"": 0.12500000000000003, ""2"": 0.12500000000000003, ""3"": 0.12500000000000003, ""4"": 0.11610245389499615, ""5"": 0.03269127917065333, ""6"": 0.21620107707706035, ""7"": 0.042481713041610164, ""8"": 0.02018536545353382, ""9"": 0.07233811136214607}","[0, 1, 2, 3]",[],1,0,1,1,0.0,a17fe33230f772e42290152d37471d67cce6d6f7f38df1da289fa94a26504edc,71aff189f49a48d7920efa4b201cf1d6be4fecbb48d0fd589e45f955ddf9ea7e,"[""proposal_created"", ""proposal_committed"", ""v1_challenge_sampled"", ""audit_rejected"", ""recovery_recomputed"", ""recovery_audited"", ""recovery_verified"", ""committed_once""]"
30,trust_v1v2,0,none,0,0,0,0,1,0,,77.93,0.0,0.1,87706877073043036708252523877303060090,74811cff0028a3f7f7e10c399ab32ece63586c627468be722245c886a2d47467,1,"{""0"": ""b8264c53e5a07b8f3923da2726608d2ba3ce343bea1fa729d9e633b19736bf68"", ""1"": ""dcbd7f637f080496492eee7a407dd838a9578fba7e833d5926491d8d1bcbebbc"", ""2"": ""ca44a8a2122e84aa76142f559d1b10fdffd8a231d7175a8ba134f9f9073f1146"", ""3"": ""ea6cdd12dc2263bb751396fdbacaa5e5d859fc17aad3c3cf2f12def090226866"", ""4"": ""f022cbabdeb9ea83a43dca5f099c73674dc40d2f482b8e0d9c5dfceff55f80eb"", ""5"": ""877612d9ee58f5aaada4ea47983b11e548e14cda0af5b4c0c652d2bf3e7b74b7"", ""6"": ""5571dd7c85d9d8cccc8c5059f13b853bf4456094fdbb2cb5a6ffdd69f9b265f9"", ""7"": ""1099949043ebc5f75f353e2b7c2ac255afc15e9f61989bcd786e4f9e0e328450"", ""8"": ""1e73e216cc0e369e7d6ab6709ecdb0ba7796016e48165cdd23cb8cfb96248706"", ""9"": ""5c25c082b66d275eea904dec8932cc276899db55a57d149ca3247c3f956fab0e""}",,0,0,0,0,0.0,0.0,"{""0"": 2.0589113209465018e-17, ""1"": 2.0589113209465018e-17, ""2"": 2.0589113209465018e-17, ""3"": 2.0589113209465018e-17, ""4"": 0.15037786862990393, ""5"": 0.2583622542475033, ""6"": 0.12972064624623622, ""7"": 0.1611682996205313, ""8"": 0.032450136520747366, ""9"": 0.26792079473507785}","{""0"": 2.0589113209465018e-17, ""1"": 2.0589113209465018e-17, ""2"": 2.0589113209465018e-17, ""3"": 2.0589113209465018e-17, ""4"": 0.15037786862990393, ""5"": 0.2583622542475033, ""6"": 0.12972064624623622, ""7"": 0.1611682996205313, ""8"": 0.032450136520747366, ""9"": 0.26792079473507785}",[],[],1,0,0,0,0.0,71aff189f49a48d7920efa4b201cf1d6be4fecbb48d0fd589e45f955ddf9ea7e,a6d99da1827c99f6d2851cb7049271ebeb92637b8373f193f5cc9079e1863fec,"[""proposal_created"", ""proposal_committed"", ""v1_challenge_sampled"", ""audit_accepted"", ""committed_once""]"
31,trust_v1v2,1,A2,0,1,0,1,0,1,V1+V2,64.55,0.7172722139054208,0.1,190272187001917566772518595741957537363,53047f2591524bde508914b9d59d2a938fa11a74d8411439e2657c93b959a712,1,"{""0"": ""94d33fa5d7449a12fa9f7fcacc9e949ae9f35584adc4dd180719686c4aafb0c2"", ""1"": ""0c3ebd1d85b47d8e9b7967f77bb687cd664ece51483761f8132bc664d6b3c3ba"", ""2"": ""dda2fd1969f225761fe9ab007b2b6edf06a6d828bbdf6b5115cbf45ce67ab205"", ""3"": ""54ad25540648167e80260c60a16282e362950c4383752fa17f745e86db16cd35"", ""4"": ""b855d753f05ee748b4aef5f8c0d16e73000518f4e381b21ea7b4379bf63c095d"", ""5"": ""1d7b0992a5cae3f2b9c3bfa0c93e14b52dba016d43189dc00a7e37bd547d198b"", ""6"": ""01d88347d3b0c7ca4574476eb18bc1c17ecd3c8bf0470961aced6c36738fded7"", ""7"": ""42aa704b07f5d87ec7669c1319681b9d16a2918c4768ccd82a648ebbe2b5ef9d"", ""8"": ""0a73d2f08d66fe208c2a5db25fc3da23cf3b33a1723764e68a74623f81b9b5e4"", ""9"": ""2bb09625cdb4c60bd05188ce750bd67b11bd32766672d72a6e2bfb082f9a1192""}",4fcc4dfd68e56e21245c2bbe4cfac208394fd200e1c32e461b542b6c88402e03,1,1,1,0,2.149843313828755,0.0,"{""0"": 6.1767339628395045e-18, ""1"": 6.1767339628395045e-18, ""2"": 6.1767339628395045e-18, ""3"": 6.1767339628395045e-18, ""4"": 0.07593263279654536, ""5"": 0.6907320906639064, ""6"": 0.038916193873870866, ""7"": 0.07077435409961227, ""8"": 0.00973504095622421, ""9"": 0.1139096876098408}","{""0"": 0.12500000000000003, ""1"": 0.12500000000000003, ""2"": 0.12500000000000003, ""3"": 0.12500000000000003, ""4"": 0.037966316398272686, ""5"": 0.34536604533195325, ""6"": 0.019458096936935437, ""7"": 0.035387177049806144, ""8"": 0.004867520478112106, ""9"": 0.056954843804920406}","[0, 1, 2, 3]",[],1,0,1,1,0.0,a6d99da1827c99f6d2851cb7049271ebeb92637b8373f193f5cc9079e1863fec,cc023314233768fd2dae0fe89ce58a3b444df570143992944da0b6870271a174,"[""proposal_created"", ""proposal_committed"", ""v1_challenge_sampled"", ""audit_rejected"", ""recovery_recomputed"", ""recovery_audited"", ""recovery_verified"", ""committed_once""]"
32,trust_v1v2,0,none,0,0,0,0,1,0,,81.73,0.0,0.1,249800664321503581577561175624448806378,62cbd5f349595e510297436f971eb0874d3984841a481fceb1ef0821b07ef7a8,1,"{""0"": ""048e50ea69deebd8ec74eddafdc49fb3b5aa0eab4e165d3b1864e177326f5970"", ""1"": ""fa7f3ef1c41c6a74180cce4139fdec6da767ffef9f7dc5b40b0e2c754b656ad7"", ""2"": ""17ff143a9aac30f8771b7894e738fcd80f101139ff1a224a7451a9c2a347f8a7"", ""3"": ""a0912ef54d839d7a7d0287352cc0b164d482203dc283eb2707f10dbd8c695e14"", ""4"": ""96bca2c2e8e90759a1961fd257c6aaca03b4e825359cdfb8c12a422f41c21135"", ""5"": ""9202e864fd773c3a5044f8010b5f794ee044c480608ba933501495e0e80294b8"", ""6"": ""9bca79abc15a433c93285f0f95efec2d7b7b2d6633d8eeab9c4a4d8971c1b90d"", ""7"": ""379dcb323280bb44e091c19482a897384024190d07225a100c0f021e4e522630"", ""8"": ""533311e149afe223976d040dfca5ee277a8341f4e174a5e21a44ede9ddc20a80"", ""9"": ""fc9ce4988a51800b3df719546b38ba9e34bfa8500006b40ebe5c5b39a8232a28""}",,0,0,0,0,0.0,0.0,"{""0"": 1.853020188851852e-18, ""1"": 1.853020188851852e-18, ""2"": 1.853020188851852e-18, ""3"": 1.853020188851852e-18, ""4"": 0.24228416404731543, ""5"": 0.20721962719917197, ""6"": 0.2135882805043128, ""7"": 0.07515721868405023, ""8"": 0.008073429073845532, ""9"": 0.25367728049130406}","{""0"": 1.853020188851852e-18, ""1"": 1.853020188851852e-18, ""2"": 1.853020188851852e-18, ""3"": 1.853020188851852e-18, ""4"": 0.24228416404731543, ""5"": 0.20721962719917197, ""6"": 0.2135882805043128, ""7"": 0.07515721868405023, ""8"": 0.008073429073845532, ""9"": 0.25367728049130406}",[],[],1,0,0,0,0.0,cc023314233768fd2dae0fe89ce58a3b444df570143992944da0b6870271a174,17e22955eb2c5d5355b1f78462e1a563c750cc1cdbfb128e36983366c3b9e80c,"[""proposal_created"", ""proposal_committed"", ""v1_challenge_sampled"", ""audit_accepted"", ""committed_once""]"
33,trust_v1v2,0,none,0,0,0,0,1,0,,74.94,0.0,0.1,50561123838557064509229002024599205501,a13a1da1a5c13c7e7e42af5ef06bde599953a9962517a2a39b522e81f99f8907,1,"{""0"": ""998dfd9e056a21da337cccae2452150c747ca24b4efd61ffee7da18f33ec7261"", ""1"": ""504a647fc3c546930d5127307c980e6d7266087f2cdd71457bb41dfbc1014bdd"", ""2"": ""18c3583a8d117160bc702f20fd15a592e6ec24e936e12e1a0a8033923443bfc9"", ""3"": ""0412e1c6d92e3c03bc943a0164da00ee7a91c87bd8273cece7d9a284c99de816"", ""4"": ""bb97cb540f9661524e4477b8719803f2e7211f09e6e7233561b9719bd2a0fe80"", ""5"": ""e288aa3b72579a4333d89134c1ab187746d2ee16e2c7320dbfe081d5a837b965"", ""6"": ""9fe9680f7d22603794f6d5d2432cfccec1dba9a866894fb4d2ef149401cf23e3"", ""7"": ""904581d57f2d3a0f5235fe6dcb5ce712a6eca6a4ec6ff069b8678d1276cb1387"", ""8"": ""80b9884ff5f5281c610b4e6a1282a8ab63971e7c32a0808136c5dfb612ef602e"", ""9"": ""4f034adc2f5d3d4e2345247b52fc374f164c39ede1566efc7824b6221f0564dd""}",,0,0,0,0,0.0,0.0,"{""0"": 5.5590605665555565e-19, ""1"": 5.5590605665555565e-19, ""2"": 5.5590605665555565e-19, ""3"": 5.5590605665555565e-19, ""4"": 0.159078485640121, ""5"": 0.0621658881597516, ""6"": 0.6508737788254737, ""7"": 0.022547165605215073, ""8"": 0.00242202872215366, ""9"": 0.102912653047285}","{""0"": 5.5590605665555565e-19, ""1"": 5.5590605665555565e-19, ""2"": 5.5590605665555565e-19, ""3"": 5.5590605665555565e-19, ""4"": 0.159078485640121, ""5"": 0.0621658881597516, ""6"": 0.6508737788254737, ""7"": 0.022547165605215073, ""8"": 0.00242202872215366, ""9"": 0.102912653047285}",[],[],1,0,0,0,0.0,17e22955eb2c5d5355b1f78462e1a563c750cc1cdbfb128e36983366c3b9e80c,b1a4dd498bb18a3f5c6d1f1f06d35a147ab0907748b6faa4e4815de4954efbe3,"[""proposal_created"", ""proposal_committed"", ""v1_challenge_sampled"", ""audit_accepted"", ""committed_once""]"
34,trust_v1v2,1,A2,0,1,0,1,0,1,V1+V2,81.21,6.89044293207911,0.1,10161968186788551361638378087882500788,abb7cf60969e74b73fc2ec33f5159bef13865f3cb855cd6995c4c6bcf782d669,1,"{""0"": ""7bbdf2f26b94d4e1027ee9891f0cb8edf452f3317e89f15d1040d363db41a7a5"", ""1"": ""63273111770e0c609a69eb057fb70b78e420864439c7ffde803baa46baee5b62"", ""2"": ""d824ad8c3b545932058ad31dbb79d39dd53fc15e01429d8c457a6763227ab078"", ""3"": ""4a7a871f29a78bc4dde5f51e9d879ed361df179db0a5825a9c327323eb9f8f88"", ""4"": ""def12c98b055c43a70b7ae13ff37e5515b9d23e52758b5205cce0b5556201609"", ""5"": ""7e69dd53685aa23e867e2d04d784ae5540199be45ca3117982bdff39e5f94815"", ""6"": ""bf80eea98f170611435dba5087e21890153d4c497fa1225ff65e086a06e5f926"", ""7"": ""5f0f9ff188b3f8561c0f473098ab564363ea4b493bfa5934f066b0b9dbc61ac7"", ""8"": ""baea2b96e24d5ee9599024a4e868ef215a60ce421aa248b425e4ba118782aee8"", ""9"": ""012339bd966e7f101e30349ac5becb2fc1a00b9969351f69cf35c5a1865c770c""}",259a05d04e680f6272f7214c3f9bfa35a3cdceda885f0ef673c2925a471fa0d3,1,1,1,0,2.9870803555867096,0.0,"{""0"": 1.6677181699666674e-19, ""1"": 1.6677181699666674e-19, ""2"": 1.6677181699666674e-19, ""3"": 1.6677181699666674e-19, ""4"": 0.24361878622684172, ""5"": 0.13096404484350918, ""6"": 0.19526213364764217, ""7"": 0.20265939021636994, ""8"": 0.0007266086166460982, ""9"": 0.22676903644899093}","{""0"": 0.125, ""1"": 0.125, ""2"": 0.125, ""3"": 0.125, ""4"": 0.12180939311342086, ""5"": 0.06548202242175459, ""6"": 0.09763106682382108, ""7"": 0.10132969510818497, ""8"": 0.0003633043083230491, ""9"": 0.11338451822449547}","[0, 1, 2, 3]",[],1,0,1,1,0.0,b1a4dd498bb18a3f5c6d1f1f06d35a147ab0907748b6faa4e4815de4954efbe3,1d55c777a6b739200597245c0a1518a8827f8a3b7850d2d595e0db78b222994c,"[""proposal_created"", ""proposal_committed"", ""v1_challenge_sampled"", ""audit_rejected"", ""recovery_recomputed"", ""recovery_audited"", ""recovery_verified"", ""committed_once""]"
35,trust_v1v2,0,none,0,0,0,0,1,0,,70.73,0.0,0.1,210211025322063625267942218812058653756,687e5f0ae156273b4a2d6c71918d6346178f0b21f2fdfab17551da127d8dd075,1,"{""0"": ""8e2e06b0ea31bfcb4771af65e47cc3a9a94cb77cc54d9654025a21f37e73710c"", ""1"": ""259e684586054e75c6315fcfacf7ddba0203d41091c4d7ef9f30e93757d8b72b"", ""2"": ""1418ae245bf2d24b7649b2071dc409181b2c4075d81394c9a3be14d9d018c8b2"", ""3"": ""dc7cb30e70b0f079b601a0802055a11060ccb8547c65a78b4e710f250a4ea863"", ""4"": ""2cab4182e6f1e9964a34570c2b11ddd178b55a74d0b4f5706fa6cf5057a97f82"", ""5"": ""5591d6b9cf3b6a5e0a2f5479b11d0a9bd447621d199ec5e2cea3069ad32550e7"", ""6"": ""c39d6ae7c4f61b39bf7c9433aacc04da50a9ae2d2bb46349a3c3ed4f9cf932df"", ""7"": ""eec53584dd335c04f90c18d0d9de5f90949c082200a1a57644aa7664759c305d"", ""8"": ""746ff0348896b2797f3be14b5121c891018da7540dd9843469caeef93ba1d7d8"", ""9"": ""4a57214a841a142715283b797737d81cf1fdcb474efcddab4987b9e3f2bc4d1a""}",,0,0,0,0,0.0,0.0,"{""0"": 5.003154509900003e-20, ""1"": 5.003154509900003e-20, ""2"": 5.003154509900003e-20, ""3"": 5.003154509900003e-20, ""4"": 0.14462723220996743, ""5"": 0.4558201443468985, ""6"": 0.05857864009429266, ""7"": 0.21902268755679677, ""8"": 0.0002179825849938295, ""9"": 0.12173331320705087}","{""0"": 5.003154509900003e-20, ""1"": 5.003154509900003e-20, ""2"": 5.003154509900003e-20, ""3"": 5.003154509900003e-20, ""4"": 0.14462723220996743, ""5"": 0.4558201443468985, ""6"": 0.05857864009429266, ""7"": 0.21902268755679677, ""8"": 0.0002179825849938295, ""9"": 0.12173331320705087}",[],[],1,0,0,0,0.0,1d55c777a6b739200597245c0a1518a8827f8a3b7850d2d595e0db78b222994c,5785d494398c1b4b511bdd36c1631c51bf3d222d8fdb4ad8ea6736265d34e682,"[""proposal_created"", ""proposal_committed"", ""v1_challenge_sampled"", ""audit_accepted"", ""committed_once""]"
36,trust_v1v2,1,A2,0,1,0,1,0,1,V1+V2,83.04,1.8202890484317709,0.1,212871484560206647473997443495518829980,4600332d7121dfc87c8bf57b81b2683349562ac0c9ca65fde3bea56378d64835,1,"{""0"": ""b263b60d4ab61bba80748a41613e4da257faf3906bab6ffca53138ee80d7f9d7"", ""1"": ""18ab0d4175c035fd0416559f4e024f18c0bcd2ec1d922a89020dfbf98565aade"", ""2"": ""a8c408fba27e5794f6415e26b298b72ebfc30c73a19703d2d74a63ef207751a9"", ""3"": ""625d04a3f2a401c1ea7e48dc1aebb6018c79745a80dba6208ac48fb77da85020"", ""4"": ""6057e3fbaad9f9d3e518bf8a75590c7b2d0da518f248667e5d0a2c3cd8fcabd8"", ""5"": ""449308b7114830b72e4aba1ef6b7f06c5d122d12f14aa92f725cc1a5884dc154"", ""6"": ""bb2a9a5ca4e199b7ab621bdb3eb12a8006affc2887304e49382f0fd346f3561b"", ""7"": ""62310266707688b5ce1ca48c312add05c8eaf8ffa1d7aa72b8b2b77fdc9633c9"", ""8"": ""b687ef0df3f7f055198816c2fb0510e51264c0f4528fbb2d244e0f9f69baca41"", ""9"": ""ff6c71a0787734e881018ea834c7d850a8a1c12b4eca6546f1506b8c9e8b4cda""}",dbae3c40cf056ba3f3dd66bdc8db5ef0b4b5d161741f8783e98c8a8160ae8739,1,1,1,0,3.81582346003943,0.0,"{""0"": 1.5009463529700012e-20, ""1"": 1.5009463529700012e-20, ""2"": 1.5009463529700012e-20, ""3"": 1.5009463529700012e-20, ""4"": 0.27869644190303844, ""5"": 0.13674604330406956, ""6"": 0.25288186426833603, ""7"": 0.10906474222644763, ""8"": 0.002995093338958246, ""9"": 0.21961581495915009}","{""0"": 0.12500000000000003, ""1"": 0.12500000000000003, ""2"": 0.12500000000000003, ""3"": 0.12500000000000003, ""4"": 0.13934822095151925, ""5"": 0.0683730216520348, ""6"": 0.12644093213416804, ""7"": 0.05453237111322382, ""8"": 0.0014975466694791232, ""9"": 0.10980790747957506}","[0, 1, 2, 3]",[],1,0,1,1,0.0,5785d494398c1b4b511bdd36c1631c51bf3d222d8fdb4ad8ea6736265d34e682,91f4101255ad8464ad68e19ce51979570a1f37e0b755b59f96f0ec2a5843d8d0,"[""proposal_created"", ""proposal_committed"", ""v1_challenge_sampled"", ""audit_rejected"", ""recovery_recomputed"", ""recovery_audited"", ""recovery_verified"", ""committed_once""]"
37,trust_v1v2,1,A2,0,1,0,1,0,1,V1+V2,81.58,4.137618196064619,0.1,223324012600771565099120286045159756864,5e3545c2ea7d743cb6153a4f0569d29f26608ef16c8cb5f243988a5a253bb5cd,1,"{""0"": ""b218484d6cde4c381a88943d66ad083d7daffc2146d77c08572552ac6df41af5"", ""1"": ""2d98fd2f9c969b2a4cb73d1d18cf4fc2f0f6123378d86c57764102f842b3143f"", ""2"": ""96cc1c66306ffecb478324fccdf744298bff7ffa8ecb0add9929ad135c80dde5"", ""3"": ""adad9806f107a49329a1728d68d317a2d2cb0552925879788c067cc277f9e736"", ""4"": ""5cb94354e3eda8e791abcdeb9e980bfa4bf288c90c16eea17296c339daff6b21"", ""5"": ""bb3afc68095151d939f5e544a93b5131de2526c8933ebc185b7a4cddcd37da5f"", ""6"": ""9f1f7c64f3cd38f65a7743928ab5d9d6cd9fcc75781f1b7105e92f4a76a27926"", ""7"": ""cd221dd3256ca9797db68eba7cb95c2ca2dfab9858bb6b35f4d5e1d06e2f2de6"", ""8"": ""ed32aa5de831a866293dd8981a4154716ff7f85060d5e0e068f300d0f23634ec"", ""9"": ""65fb130fdedf46984095e44c3bd4a1f046d38d888e2f903944f242c2431b8671""}",9a2161b77be0ec52ed9614ef1e015ff722c7d0cdadbdc438986d07e5b5d0fe2b,1,1,1,0,3.3145234570565316,0.0,"{""0"": 4.5028390589100045e-21, ""1"": 4.5028390589100045e-21, ""2"": 4.5028390589100045e-21, ""3"": 4.5028390589100045e-21, ""4"": 0.35261439006158135, ""5"": 0.041023812991220876, ""6"": 0.3568175599766883, ""7"": 0.032719422667934296, ""8"": 0.0008985280016874739, ""9"": 0.2159262863008877}","{""0"": 0.125, ""1"": 0.125, ""2"": 0.125, ""3"": 0.125, ""4"": 0.17630719503079068, ""5"": 0.020511906495610438, ""6"": 0.17840877998834415, ""7"": 0.016359711333967148, ""8"": 0.00044926400084373697, ""9"": 0.10796314315044385}","[0, 1, 2, 3]",[],1,0,1,1,0.0,91f4101255ad8464ad68e19ce51979570a1f37e0b755b59f96f0ec2a5843d8d0,ef1dcf09b5f1f8ec7357abe98231ac9e6a5be4c9a2fb4514dae85132dc143dde,"[""proposal_created"", ""proposal_committed"", ""v1_challenge_sampled"", ""audit_rejected"", ""recovery_recomputed"", ""recovery_audited"", ""recovery_verified"", ""committed_once""]"
38,trust_v1v2,1,A2,0,1,0,1,0,1,V1+V2,79.64,9.130872556412687,0.1,47301079581801266135778725932187854994,843204aec3b2d980c114161edd1ba9d06f4e4b48f079db42670c6927aaf4dc0c,1,"{""0"": ""2e269ac1a963b8ce615f26fadadccb3c9d07776f7231b9b76b59f0bb6cbe52ca"", ""1"": ""09dacfa2de856cb66bf7150bebef5ed1b39d27fb9d1d74754d42a81c06536660"", ""2"": ""d1e009d8010ccd5c88780cfd909ff717b068ea511ade19c7beb50b524402305c"", ""3"": ""d2764fc796f14f5a66ada8093e4a271c4c9aec82961dfdb72ffd05eff6f56a2c"", ""4"": ""a707aef89620f71e64334ce53e10cc88a9221cbe98e23fffa0d9f5236662425f"", ""5"": ""cbe025726e6e0dba5de88a13ae50f72bd7e8fa1c8266c38dc466eeb7328d3722"", ""6"": ""cbb156213e1d2f8d7aa5dcf2fb524a5c52358cad98d80a03646a8d763864d811"", ""7"": ""1ab3a0a183b16a827729c11698d2873be5da8f69aa5d01080bf8d6a779adc703"", ""8"": ""c4d6828fb5b73b2966684a5c585b40d4b0b7a0ec15e4b2bca5bdc932daa80e84"", ""9"": ""9d233a2bde6431891ff191a3377de51b20bc2972bdc140b28846b3d772a66457""}",01c9e6892f93043bf92f5c9cca4e16500c83a027a1ae4b18657db08ba3e0480f,1,1,1,0,2.6538831188292638,0.0,"{""0"": 1.3508517176730015e-21, ""1"": 1.3508517176730015e-21, ""2"": 1.3508517176730015e-21, ""3"": 1.3508517176730015e-21, ""4"": 0.13940052352927473, ""5"": 0.2887352887056917, ""6"": 0.10704526799300651, ""7"": 0.0883891274018031, ""8"": 0.03522376167163225, ""9"": 0.3412060306985918}","{""0"": 0.125, ""1"": 0.125, ""2"": 0.125, ""3"": 0.125, ""4"": 0.06970026176463737, ""5"": 0.14436764435284585, ""6"": 0.053522633996503255, ""7"": 0.04419456370090155, ""8"": 0.017611880835816125, ""9"": 0.1706030153492959}","[0, 1, 2, 3]",[],1,0,1,1,0.0,ef1dcf09b5f1f8ec7357abe98231ac9e6a5be4c9a2fb4514dae85132dc143dde,9e8efc781f198e54270551ba9493aed7bf8cb418be735b95ae6e464d02924fa3,"[""proposal_created"", ""proposal_committed"", ""v1_challenge_sampled"", ""audit_rejected"", ""recovery_recomputed"", ""recovery_audited"", ""recovery_verified"", ""committed_once""]"
39,trust_v1v2,0,none,0,0,0,0,1,0,,82.41,0.0,0.1,273520620284844446340131776550407863194,7cbd488405a2392ee6be80f5dd4684e4a88af8cd9211c270971ae3b0f851ea04,1,"{""0"": ""c05c509bef406ed7d9f35ffe49fd2232282657dc100ec63fe4fa82cdb57e4b34"", ""1"": ""d0815ea66361308a5021d37a6045e53df2dd40efb6492148c24fa0f460f17f0b"", ""2"": ""518803fe4f437f70479520d69b3010b3e5c40af0bdae4e379fb9408aa5d7ee61"", ""3"": ""94e5e0f4a915ed56735d50d2401ebaf121a5089f7060ad9370a9a17d0587f18e"", ""4"": ""c7124192a9335529e8904ace88211c8b7e05ee394ba2ad2f573c8dd75a0c37bd"", ""5"": ""1a0524b13ba484ea3c6773f36852f40df040472c8bcaca2f0bffa7eb317c857d"", ""6"": ""509fd566bfcc12beeeee7e4727c22ff04db9947b8c253b49b9c5886260610c30"", ""7"": ""f95e585b824a4995bc8e1a95f2a18b7f6b72897a0a130c2485e30c6d6a881942"", ""8"": ""1e7cbf120d4981f876e5c31070e146bbf52cac0134f5575ec10c98f8bbf3fba2"", ""9"": ""0429e6edb744087cfd01a90dfc1f13efccca79dfeb4e2592746dd7cbffb11a09""}",,0,0,0,0,0.0,0.0,"{""0"": 4.052555153019005e-22, ""1"": 4.052555153019005e-22, ""2"": 4.052555153019005e-22, ""3"": 4.052555153019005e-22, ""4"": 0.3203997233453666, ""5"": 0.08662058661170753, ""6"": 0.3106931466844861, ""7"": 0.11360962273383564, ""8"": 0.03595204220880962, ""9"": 0.13272487841579458}","{""0"": 4.052555153019005e-22, ""1"": 4.052555153019005e-22, ""2"": 4.052555153019005e-22, ""3"": 4.052555153019005e-22, ""4"": 0.3203997233453666, ""5"": 0.08662058661170753, ""6"": 0.3106931466844861, ""7"": 0.11360962273383564, ""8"": 0.03595204220880962, ""9"": 0.13272487841579458}",[],[],1,0,0,0,0.0,9e8efc781f198e54270551ba9493aed7bf8cb418be735b95ae6e464d02924fa3,3cde1ee5d25a57f4016c6ade7a0453d924a4a5f7c1707e1b7ca02e7cbd8d982b,"[""proposal_created"", ""proposal_committed"", ""v1_challenge_sampled"", ""audit_accepted"", ""committed_once""]"
40,trust_v1v2,1,A1,1,0,1,0,0,1,V1+V2,73.12,0.0,0.1,252875739843647498354691961603644841998,3d85440c803e371f7762e2563fdc2ef436d2ca9d9c72e9be56526ff34c1043ca,1,"{""0"": ""d3daa32c89320121c599f6a36bc819c8414d9018eac5a3922275ec7b3a61ab99"", ""1"": ""ce1f2d76287e67eeb6f0be0dad2fa24f29433ff831f5a8a77d3c5993ed95a9eb"", ""2"": ""8e73b79e3857edf6e2d6a91ecae586d2593b5506d1e345811fce1721c2f3e7cc"", ""3"": ""709b6a0a0f4db543114d3c6122acf65ae40fc865a2f60fca55c3a177daa07ceb"", ""4"": ""557ba5e4904effc0526a78107f232ce6882af1929360617fde17a2fcad3fb074"", ""5"": ""5f2467c503e57b605dc59bc8c0ed8ab1a7700625f0751eddfba25fc6752d6f01"", ""6"": ""d6ffb6991b0d021bbf473fa02ed6d8d7f076923cd4a4af2693dc4c50a146de94"", ""7"": ""62158335c6d3415253eb2dc59b550fe2ad054ba783eb73b5bdd793e66df7aabe"", ""8"": ""148c5c564c7e364f223728eef8242cce33ee0d7bd85b94677ec87b0adabf2791"", ""9"": ""cc6374a5b8e05f700048eab8461188581e0b1539bf5503b805a171a913ed7d7a""}",79308a014ef91c91c72bf591df3e3aad987288dec441b6c75111d5d07dfbbcc7,1,1,1,0,3.9900595906274896,0.0,"{""0"": 0.75, ""1"": 0.75, ""2"": 0.75, ""3"": 0.75, ""4"": 0.10391504007971157, ""5"": 0.3201529331236738, ""6"": 0.09320794400534585, ""7"": 0.1017376149552664, ""8"": 0.04700224717110247, ""9"": 0.3339842206648999}","{""0"": 0.1875, ""1"": 0.1875, ""2"": 0.1875, ""3"": 0.1875, ""4"": 0.025978760019927893, ""5"": 0.08003823328091846, ""6"": 0.023301986001336462, ""7"": 0.0254344037388166, ""8"": 0.011750561792775617, ""9"": 0.08349605516622498}","[0, 1, 2, 3]",[],1,0,1,1,0.0,3cde1ee5d25a57f4016c6ade7a0453d924a4a5f7c1707e1b7ca02e7cbd8d982b,97862689d055beeaeb15bc96bdb4473297196ef908fa1868afd0928e3b42f840,"[""proposal_created"", ""proposal_committed"", ""v1_challenge_sampled"", ""audit_rejected"", ""recovery_recomputed"", ""recovery_audited"", ""recovery_verified"", ""committed_once""]"
41,trust_v1v2,1,A2,0,1,0,1,0,1,V1+V2,77.02,13.597073561959721,0.1,119245220758222309268462517170764313782,38850b964ea8d85ae280ee356bfae6b2b5ca57d93a4cd49a8ad5974ac13d8517,1,"{""0"": ""53c771a5763ff3998cef55bf6b49fbee786953dc1f999c35c65d3aca35775186"", ""1"": ""8feb3d3db92c1fe25b97fc70dbe8685eb4eec1774ba095bde7f4906d54c367bb"", ""2"": ""697aa67949a22dcc3dad9e0e2af883fe1e81a9167d422f22a235373067c16e70"", ""3"": ""96b7352bdd4b1a128aa0c740b0ba5bdb704d0e0dea62dd7eb095cf402e30889f"", ""4"": ""d34f94ed28a4953eb1d1bb68ab8ec274d8617fafbd8566a852ee1c90aaa80640"", ""5"": ""84de3c552c8ba6078613578861cc8f887951f97d0c3c7553cb24c9f6305bd502"", ""6"": ""cc507d60a66e0f9e6132f2274e9a602e8f80164ef3fbb5702ffe81518e461e95"", ""7"": ""bd7b2bc226fb1b92c6ed62de67922d9bc427ae3074659037c6c852cb79225d06"", ""8"": ""d198631e714589b80b4a0d5e4ce1fabfcf072d0068b0f7fc93d884c1167c3a12"", ""9"": ""cd8b84667da18c1ca86187e364d0cf1974354677af137c4443dc91005556582a""}",4aeb19758a9f1adb0d01c4ee001037df8499d315f5734b1a903fda99269d7ee4,1,1,1,0,2.4569585823602815,0.0,"{""0"": 3.6472996377171054e-23, ""1"": 3.6472996377171054e-23, ""2"": 3.6472996377171054e-23, ""3"": 3.6472996377171054e-23, ""4"": 0.07415354088335685, ""5"": 0.09604587993710216, ""6"": 0.6099785746360978, ""7"": 0.033511998391965385, ""8"": 0.02973448002133105, ""9"": 0.15657552613014666}","{""0"": 0.125, ""1"": 0.125, ""2"": 0.125, ""3"": 0.125, ""4"": 0.037076770441678425, ""5"": 0.04802293996855108, ""6"": 0.3049892873180489, ""7"": 0.016755999195982692, ""8"": 0.014867240010665524, ""9"": 0.07828776306507333}","[0, 1, 2, 3]",[],1,0,1,1,0.0,97862689d055beeaeb15bc96bdb4473297196ef908fa1868afd0928e3b42f840,434a076c49702143c9874ed470b70f5c9a0f3156d08b06b9e24312f3551140af,"[""proposal_created"", ""proposal_committed"", ""v1_challenge_sampled"", ""audit_rejected"", ""recovery_recomputed"", ""recovery_audited"", ""recovery_verified"", ""committed_once""]"
42,trust_v1v2,1,A1,1,0,1,0,0,1,V1+V2,79.48,0.0,0.1,76415239626806938344199431641062366554,18de8cff4578d7d5531dfb016a5d40365f561ca6410c79a50d78bb50a395f5f3,1,"{""0"": ""8ed79928e2248a47479aa9e49299301c556aac1a8e9fc92aa7ea8d47d76e9399"", ""1"": ""15eda761ee6f6ac68b6a08ed37aae9f7d864630f128887696760dee04e7245d8"", ""2"": ""457ed5fb13ac6d2f912b7532ce1389d0b58e9929478c6a7fd121869ff66dd8fd"", ""3"": ""cf01675d28a7e3ac2229ee27bc894d93e3eddc882edc71dae7616fc048f27edf"", ""4"": ""897964b084181f4cf30caabd9675f17b0c8f52616b9220fd0f39cd5365f0a753"", ""5"": ""61fede759cbcbdaac967e481235e66ff51ae1d27c97020a4bae113629eecd45d"", ""6"": ""61a92e45353d6762cb7e095e7a4014e2328949c0dca91a8f121588ddbeb0bf1e"", ""7"": ""c5d67df2a4a1b3e8a6133971e1a01501bee478f05d47d3c0c780d5e52a093b4b"", ""8"": ""8be8c841a46342b6f1ad14bfe096194a4beeeaf3622239c5de4d9ba5eca9c9ef"", ""9"": ""a120e0677f611b61cb38394631079ad1ee99de60d935fe8aae4fe18ea431911d""}",3974256f76d7b3d1b65506ea9daef1b9fb474a5e5d417d663885112f409342ca,1,1,1,0,3.5267724810252212,0.0,"{""0"": 0.75, ""1"": 0.75, ""2"": 0.75, ""3"": 0.75, ""4"": 0.2579831726396893, ""5"": 0.26455087435581287, ""6"": 0.1829935723908294, ""7"": 0.042776566945012195, ""8"": 0.009098142276712837, ""9"": 0.24259767139194344}","{""0"": 0.18749999999999997, ""1"": 0.18749999999999997, ""2"": 0.18749999999999997, ""3"": 0.18749999999999997, ""4"": 0.06449579315992231, ""5"": 0.0661377185889532, ""6"": 0.04574839309770734, ""7"": 0.010694141736253047, ""8"": 0.0022745355691782087, ""9"": 0.060649417847985845}","[0, 1, 2, 3]",[],1,0,1,1,0.0,434a076c49702143c9874ed470b70f5c9a0f3156d08b06b9e24312f3551140af,63ca49d6a760a8c6929326f36d240da1994c0c41728d1a3afacd2d7f00cef7d0,"[""proposal_created"", ""proposal_committed"", ""v1_challenge_sampled"", ""audit_rejected"", ""recovery_recomputed"", ""recovery_audited"", ""recovery_verified"", ""committed_once""]"
43,trust_v1v2,0,none,0,0,0,0,1,0,,82.48,0.0,0.1,85959078902255581257809128087884107362,0a5879cb0ee6937a1e12a0e7d637871ec9d1ac978fab6148dfdca326f875574a,1,"{""0"": ""60587fb78a7099838f666804ab9ce2e9f4f5a42e4ef99d7aca0a5e4f453279ce"", ""1"": ""4ac047f30fba4e4112430750cd35340f0cd68c1f9a04966997d765ac7b56d81c"", ""2"": ""7e156176c644a90784b13fba66cbb2288e56f1723a628e91fbd98b221201b70a"", ""3"": ""2551cde8957a21cab57432ac5f3996bf9551fc008bca238868f8e8f3f7868ce1"", ""4"": ""1049a2fb7da1d47e02d4a4f635b09ca650eb3a077ba4bb37dfde95157b3a401d"", ""5"": ""8922b24e51f53ee45e341e59600fb3972f91c5bc165053b05569950f1fc8402a"", ""6"": ""54923669830a1994b9c8135c4754b2508dc665c3bfc7e026b90097731b41e9dc"", ""7"": ""192ef196dae69b40ce6fa08ea14e4aa527b47c6ecbe29ad3ef9d7d2c21880f72"", ""8"": ""5160ec2b52bbddc110590a1979e171a3d91d621085a91eb2859f7ca368ac618f"", ""9"": ""2d5887f57b9875879b055b59e67d6e0ca68bb011ea3c07ac34d5da65221b7d6e""}",,0,0,0,0,0.0,0.0,"{""0"": 3.282569673945396e-24, ""1"": 3.282569673945396e-24, ""2"": 3.282569673945396e-24, ""3"": 3.282569673945396e-24, ""4"": 0.18571394568597355, ""5"": 0.07936526230674389, ""6"": 0.29726142074560796, ""7"": 0.26465299209628135, ""8"": 0.045965749691377206, ""9"": 0.1270406294740162}","{""0"": 3.282569673945396e-24, ""1"": 3.282569673945396e-24, ""2"": 3.282569673945396e-24, ""3"": 3.282569673945396e-24, ""4"": 0.18571394568597355, ""5"": 0.07936526230674389, ""6"": 0.29726142074560796, ""7"": 0.26465299209628135, ""8"": 0.045965749691377206, ""9"": 0.1270406294740162}",[],[],1,0,0,0,0.0,63ca49d6a760a8c6929326f36d240da1994c0c41728d1a3afacd2d7f00cef7d0,fb34f4aee90e79c85f24c0c993b1eb361020003fdb00c8976610a4a18285f258,"[""proposal_created"", ""proposal_committed"", ""v1_challenge_sampled"", ""audit_accepted"", ""committed_once""]"
44,trust_v1v2,0,none,0,0,0,0,1,0,,75.42,0.0,0.1,177388977751320747577592371250767741256,d5e091debc53c0f7d6d59b01dde9e41649cc49f61d844d482bd7b35c7bb92b7e,1,"{""0"": ""6f7251af03d4d92fa6c0a956287657a4c76f4b0042d63d2405540d9ee97e6b19"", ""1"": ""2c1fc3be2978a77d1af22bb78ef87e76ef745b46ac3df1b71bb6e8a60db0dedf"", ""2"": ""fd0854046f6ac403df02600601467e7161c616b79d0296a9bb5066529aaa2160"", ""3"": ""c2dfaf79c4b78c70fba5eba1592096432b44f478b192ac66437f9b73f27e8a6d"", ""4"": ""7282fb77b8abcd99fdc8018cf21f981d9c490e30309b873f4a51c4a563b7ddb5"", ""5"": ""8620eb23d12ecb6a36a017296d07c6cf6296bb54e6aafe595cded758e4c74ebd"", ""6"": ""453a7d877299b76a78602c0d8f846e9499e67546754f63688e8368135c493d3a"", ""7"": ""ff95bcd2a097c9721de2c9ea841eb1a2983023c9fd730ff397e13e97974dc62a"", ""8"": ""6381b39aed9d1509adbe029383740bb8db6f488c7e05b99bf88b093d68a85aad"", ""9"": ""e0fce9a4c64cd373ab289e65ed4ca17f9bfcc77c2305b72d28cb129d2ce7d9fb""}",,0,0,0,0,0.0,0.0,"{""0"": 9.84770902183619e-25, ""1"": 9.84770902183619e-25, ""2"": 9.84770902183619e-25, ""3"": 9.84770902183619e-25, ""4"": 0.38453793224794763, ""5"": 0.02380957869202317, ""6"": 0.13153092913937126, ""7"": 0.40821964617104, ""8"": 0.013789724907413163, ""9"": 0.03811218884220487}","{""0"": 9.84770902183619e-25, ""1"": 9.84770902183619e-25, ""2"": 9.84770902183619e-25, ""3"": 9.84770902183619e-25, ""4"": 0.38453793224794763, ""5"": 0.02380957869202317, ""6"": 0.13153092913937126, ""7"": 0.40821964617104, ""8"": 0.013789724907413163, ""9"": 0.03811218884220487}",[],[],1,0,0,0,0.0,fb34f4aee90e79c85f24c0c993b1eb361020003fdb00c8976610a4a18285f258,5e35c9920cb2ded0e7cef3959e72270c13a526d5c05436fea130cefecdccee1d,"[""proposal_created"", ""proposal_committed"", ""v1_challenge_sampled"", ""audit_accepted"", ""committed_once""]"
45,trust_v1v2,1,A2,0,1,0,1,0,1,V1+V2,75.15,3.842278193037348,0.1,305207807782292780643520491397828864197,9663a483b3dd54629720a56d12a484f04476e87e1999320c2ef7776c0702aefc,1,"{""0"": ""25432cccf13a77ba9fca4cdad4969acea160cc2a5f472467ce5d107f3a5232d4"", ""1"": ""c8eb01767942379d6214abc4b84adbd88a99a71ca8fa9b6f1c0ed9d59516ead4"", ""2"": ""f7c15b5698c16d77764ce89e291556cee045af3428f6d7649209fbac40bdee47"", ""3"": ""c408c2f5349978b0841209c493a7c1fa9b3a48bd9ee6728ca33968c1e4d74e98"", ""4"": ""c9f60e36fa218acbfcebca16ea61dfe15038add77fddd7ca52a30fcc5bf2b337"", ""5"": ""a704e046afacdb2d0816603886e53037d26df0a4a3cde4a9e3523c0b358bdf37"", ""6"": ""5e910b25350eb6ccb599ad0fd81d55ea23512764835f8e95929112a78a181367"", ""7"": ""53bc7dd7abb980f56e83d54062546e71025c4a22d94f4cc0c31c0f96c6980467"", ""8"": ""6c73f4278337081decc2690e839ec041f59a5400ff4c57d2ef6fb1633a39a6fb"", ""9"": ""de12ee4f8f8733cd58b769fc3f5cd3d095a2d15d86e80090b3ed3ac7e3876883""}",237d2df59381aa7de8a5ca166c31b35307e7d2250b7c52fe169556b78fbdfa90,1,1,1,0,3.975787145027954,0.0,"{""0"": 2.954312706550857e-25, ""1"": 2.954312706550857e-25, ""2"": 2.954312706550857e-25, ""3"": 2.954312706550857e-25, ""4"": 0.11536137967438431, ""5"": 0.1823420393984335, ""6"": 0.0604604373887065, ""7"": 0.14737518252972082, ""8"": 0.24358211091415866, ""9"": 0.25087885009459615}","{""0"": 0.125, ""1"": 0.125, ""2"": 0.125, ""3"": 0.125, ""4"": 0.057680689837192156, ""5"": 0.09117101969921675, ""6"": 0.03023021869435325, ""7"": 0.07368759126486041, ""8"": 0.12179105545707933, ""9"": 0.12543942504729808}","[0, 1, 2, 3]",[],1,0,1,1,0.0,5e35c9920cb2ded0e7cef3959e72270c13a526d5c05436fea130cefecdccee1d,4a49e54f6ac6ad661c4dec14c6a5287c425c5d43d6833e5fc1335d79881fcd70,"[""proposal_created"", ""proposal_committed"", ""v1_challenge_sampled"", ""audit_rejected"", ""recovery_recomputed"", ""recovery_audited"", ""recovery_verified"", ""committed_once""]"
46,trust_v1v2,1,A2,0,1,0,1,0,1,V1+V2,77.56,11.858539143610441,0.1,311136198498913355719301056347695688866,9a03f2c7034c89e0ccc4cb3e2c22153cb36c56b6ba425bf3ea1392a10ca249af,1,"{""0"": ""6f8b0accd1fa8e181576a29ed4a34499a971defaaf5c26ce754bb2988a79e087"", ""1"": ""03fc031345391115ada1f3e6e8f69dfef5b88a8c1688e807d70b9111669e906c"", ""2"": ""30e66382fb8194d79634d0e356f86a23626393ebdb1521781a1ffab6d8db015a"", ""3"": ""4379e65ec67d1624571d6614567271041f9e54c85cdb891084cad40678023262"", ""4"": ""a822170027113932786f61947c417f05a0f79d57cbe98c81a41b05a8bb433884"", ""5"": ""c8b3de07e402f41b3a9e1a501fd8a8a5c01b48565d3d33e2182a42e0cb988678"", ""6"": ""2e909f2bd1573cea857d1b701c0ecb853354465dc9ff20f143531a30b60fda1d"", ""7"": ""511984ba70a2b4a082a601245662c3512af1d0eab5f3d88e5c7dd169396b61ef"", ""8"": ""88002f6dc4f1e7289d0d79cc5e7d18313f28b5f090e5db2ecc06dcccaa4be2c7"", ""9"": ""bd02592ab95709100d3c964dc0d2805a4b16dac4a2d16d9f894faed51e52cce6""}",c1a43b686276d154e1257dc7fa44e200fbd23e62af6970750bf000a2a880d1da,1,1,1,0,2.7102145325116225,0.0,"{""0"": 8.862938119652572e-26, ""1"": 8.862938119652572e-26, ""2"": 8.862938119652572e-26, ""3"": 8.862938119652572e-26, ""4"": 0.035761709716148095, ""5"": 0.05470261181953005, ""6"": 0.3675614833096955, ""7"": 0.04421255475891625, ""8"": 0.07307463327424761, ""9"": 0.4246870071214624}","{""0"": 0.12500000000000003, ""1"": 0.12500000000000003, ""2"": 0.12500000000000003, ""3"": 0.12500000000000003, ""4"": 0.01788085485807405, ""5"": 0.02735130590976503, ""6"": 0.18378074165484778, ""7"": 0.02210627737945813, ""8"": 0.03653731663712381, ""9"": 0.21234350356073123}","[0, 1, 2, 3]",[],1,0,1,1,0.0,4a49e54f6ac6ad661c4dec14c6a5287c425c5d43d6833e5fc1335d79881fcd70,d88f97aad6f55608b658d354975ea2764d932a2dc71c13378d7ad5acb6a34935,"[""proposal_created"", ""proposal_committed"", ""v1_challenge_sampled"", ""audit_rejected"", ""recovery_recomputed"", ""recovery_audited"", ""recovery_verified"", ""committed_once""]"
47,trust_v1v2,1,A1,1,0,0,0,0,1,V1,76.16,0.0,0.1,25776628313778963091129680385355551266,3a8c1b019e0fc037064d280819263ac0fcb5b798e7f7d7896b2e9b23a827ba8c,1,"{""0"": ""03f4c8e4d07b157099f2c4f83dd036aefdae692800892fd13a3ddca77280ee9d"", ""1"": ""c51f62aa1311884c33d300d4fadc176ab268a8469baffef4b24f15a5046e19dc"", ""2"": ""4d956b93e16cc0d2e6548cf3af21f4d2937f4f1ed9ae2b18743286fe1adbbbb8"", ""3"": ""7cbfa8da003acdc8099ee51f1ad975ad6bb6545ae8d478d344e392848247aa70"", ""4"": ""046d468010cc8a6df7f8256026b5b724dfec625133b7eae5521abb073b75c552"", ""5"": ""7e02ced6dc5c7f6b00c1572eeff9b40092720410e4f716b97463de855f816f06"", ""6"": ""4b6c6059bc2fa2c7634b62b7cda6a6b1895d729fa115dce39bd7ced680d174e5"", ""7"": ""e61e3366052bf7513c3baab9dfe17e55b61f0bb65a8821bfc094ae11d9d65f0e"", ""8"": ""d003ac1e9b7699265a5c76765bf33eabe538b63ea26ea3e7ff60e474ee6daf7a"", ""9"": ""0d34f41aa1c5fb3fcfc76534c6352c2adf03b9ab5a702685bcc1148346b93638""}",7c0abe3adcf27087e28d18762d55872cd49efbbfc5940f39734feb75b739053a,1,1,1,0,3.7301646480689112,0.0,"{""0"": 0.75, ""1"": 0.75, ""2"": 0.75, ""3"": 0.75, ""4"": 0.1572393654183858, ""5"": 0.30540988694194654, ""6"": 0.11026844499290867, ""7"": 0.027969924607221475, ""8"": 0.021922389982274287, ""9"": 0.3771899880572632}","{""0"": 0.18749999999999997, ""1"": 0.18749999999999997, ""2"": 0.18749999999999997, ""3"": 0.18749999999999997, ""4"": 0.03930984135459644, ""5"": 0.07635247173548662, ""6"": 0.02756711124822716, ""7"": 0.006992481151805367, ""8"": 0.005480597495568571, ""9"": 0.09429749701431578}","[0, 1, 2, 3]",[],1,0,1,1,0.0,d88f97aad6f55608b658d354975ea2764d932a2dc71c13378d7ad5acb6a34935,06809adb336fa55acbf4566e3f40d747ee7ad27e55986f34597645082110c7bf,"[""proposal_created"", ""proposal_committed"", ""v1_challenge_sampled"", ""audit_rejected"", ""recovery_recomputed"", ""recovery_audited"", ""recovery_verified"", ""committed_once""]"
48,trust_v1v2,1,A1,1,0,1,0,0,1,V1+V2,83.05,0.0,0.1,120568866197907907936061407167405422785,62044c8f4421765f8c7355d1780fa99d0e63d65a0c3be52ae4a2dbfd66cfed2d,1,"{""0"": ""826bb5a45535c9dcaebf62539e2d85756c2259cf83a6524da91d0284885f0f89"", ""1"": ""77af92b033f89abb97caddeaa6470a60bf7ff777d712077d3d9be280ee16be64"", ""2"": ""eee6f2b2ca21216422086bde6a914421f97093d9633593de067d56d3cccc9581"", ""3"": ""ca6e836c4ec8baa88e32915e924e387acad38a7c17ac4acef3e5b5edc04a3487"", ""4"": ""c883a92400a468bbc64703b72657cd0b9b907720c91823daf11e2beab00bf4f3"", ""5"": ""63a43cedb1c6a0b8b03ecf010be19121bb3f655fbcd8ee52cadde4512a25b555"", ""6"": ""4d8b3b5740c07583847ab2c17ff0488e3b9e2cb04987c809863fee2e72611715"", ""7"": ""8434f32e0119332441818fe42ca3f81a938186c9b270a997e4d728c03db51857"", ""8"": ""6073fb3b26f1635317be5524ce7c6f6009d2bd44edd2723a41b045656c2a8338"", ""9"": ""2a0a6e6b5114472c31f6f73331608442a785a9bb39c2c87d90d050d84e519dbf""}",5106b4d32b879adde473fc65609a75271293125ba749a9b2a074327980a30f18,1,1,1,0,4.294498653293618,0.0,"{""0"": 0.75, ""1"": 0.75, ""2"": 0.75, ""3"": 0.75, ""4"": 0.3952115306116048, ""5"": 0.09162296608258397, ""6"": 0.37980751447297406, ""7"": 0.013624275420975725, ""8"": 0.006576716994682285, ""9"": 0.11315699641717895}","{""0"": 0.18750000000000003, ""1"": 0.18750000000000003, ""2"": 0.18750000000000003, ""3"": 0.18750000000000003, ""4"": 0.09880288265290121, ""5"": 0.022905741520645995, ""6"": 0.09495187861824353, ""7"": 0.0034060688552439316, ""8"": 0.0016441792486705715, ""9"": 0.028289249104294742}","[0, 1, 2, 3]",[],1,0,1,1,0.0,06809adb336fa55acbf4566e3f40d747ee7ad27e55986f34597645082110c7bf,7244175aac3e0e01d567caf9f5b06146af53d375767578d8f6a33db3018a2873,"[""proposal_created"", ""proposal_committed"", ""v1_challenge_sampled"", ""audit_rejected"", ""recovery_recomputed"", ""recovery_audited"", ""recovery_verified"", ""committed_once""]"
49,trust_v1v2,0,none,0,0,0,0,1,0,,78.66,0.0,0.1,278670161782295402476257595356402883301,7e9d19577021c9bede54985daf267747597870171e10c418e76ffecd909b29f1,1,"{""0"": ""40469cb8d868788f34c502dbe638a33458e6004007085096c7a71ee78a271bef"", ""1"": ""054c8e8eb1cdf16744b4f20c0022b7e94f3d0a9fa3cc35815470c959e9e29db7"", ""2"": ""b8f8b693a516b303384fded9b7b972aa07094eae6b2b4d9f58dfd297eccb3a5b"", ""3"": ""f6f0655721e965d092494284dc712b57b4167ffd6199138b9da09062d51903d3"", ""4"": ""307397a7264cee0f46e03ca7ff7521bd5010efc1013594035338392d55d8c41e"", ""5"": ""237e0751d7a57348927b2e3f9d7acd9170ff4d40199bd9ec917696f71dbbda58"", ""6"": ""3f7a80c9ddd5e15a3e2336ed0e78ba323ac5734d2ea70a0d80c8f108334cb026"", ""7"": ""42509a55d308ee71865159e8c6a81b660859e414f6a0d0a429d37799bfb2bb9f"", ""8"": ""a6bce4e6ad923b6d6e0d92141ac62c7e424ae10517bb09d646bce309082eaf2c"", ""9"": ""ae1a0c86068e5aec175b7dcb544a2b26367d061a4f91d3bb3bf5939cd0ebf02a""}",,0,0,0,0,0.0,0.0,"{""0"": 2.392993292306195e-27, ""1"": 2.392993292306195e-27, ""2"": 2.392993292306195e-27, ""3"": 2.392993292306195e-27, ""4"": 0.3723057283522472, ""5"": 0.3911057303311076, ""6"": 0.11394225434189223, ""7"": 0.07531117449024115, ""8"": 0.007817843311835992, ""9"": 0.03951726917267586}","{""0"": 2.392993292306195e-27, ""1"": 2.392993292306195e-27, ""2"": 2.392993292306195e-27, ""3"": 2.392993292306195e-27, ""4"": 0.3723057283522472, ""5"": 0.3911057303311076, ""6"": 0.11394225434189223, ""7"": 0.07531117449024115, ""8"": 0.007817843311835992, ""9"": 0.03951726917267586}",[],[],1,0,0,0,0.0,7244175aac3e0e01d567caf9f5b06146af53d375767578d8f6a33db3018a2873,2ca528dd02cf8ccab58dc66000cd1af638df2ee663ca1fd6d39cbf492d305234,"[""proposal_created"", ""proposal_committed"", ""v1_challenge_sampled"", ""audit_accepted"", ""committed_once""]"
50,trust_v1v2,0,none,0,0,0,0,1,0,,78.77,0.0,0.1,42382730863207243407769958697057402778,fe0e8fa7799ab6fa968836983b04ac2f9f38f6a6cd3d84a94b6d11ea23d0bafb,1,"{""0"": ""cc0ca4fa4fc356f1a5d139b179706b5b72b657ac90ffc40346dbf86b66f07f3a"", ""1"": ""4db5e31ba425a1389c15b54195bed3c1b39d186b3e5a25113f0ff853f1b2f931"", ""2"": ""0ae7f7d0f620e4f4cfb58e3e00f88800fdd1e7d5c9b35fd9ffd279f0db7afa42"", ""3"": ""5e507ae779d5b9eae85fc781a7c930813662e80c8034f4893504adb9407fd531"", ""4"": ""c6330e10ff7440db16da55c07d0b510c31fb7bd6f0d496a27b26746a6fa2b446"", ""5"": ""8d85dc8758619b33462d3f97de2bc2af21c0fffbf8ceeef2c09a99b2cbeb2a41"", ""6"": ""cce7510c8e6495f8581157dbe642f3ee70ac1aec9a0e369d401e9fe189b2d3d3"", ""7"": ""409529212c8beb6a319b972d01fcec32a5f9932310401c92b00196bd7412c8e4"", ""8"": ""61dd42537259babb8eb5092d32fc41c5c39a2e91e6144d2686f15372aea50aa6"", ""9"": ""8ec8360ab1dc9ede29329c7efcdccb3e62754d37f4c0868d91b8eb50fec29714""}",,0,0,0,0,0.0,0.0,"{""0"": 7.178979876918587e-28, ""1"": 7.178979876918587e-28, ""2"": 7.178979876918587e-28, ""3"": 7.178979876918587e-28, ""4"": 0.11451250573523263, ""5"": 0.11733171909933232, ""6"": 0.5690561852766307, ""7"": 0.030151046145013856, ""8"": 0.11318996408912352, ""9"": 0.055758579654667045}","{""0"": 7.178979876918587e-28, ""1"": 7.178979876918587e-28, ""2"": 7.178979876918587e-28, ""3"": 7.178979876918587e-28, ""4"": 0.11451250573523263, ""5"": 0.11733171909933232, ""6"": 0.5690561852766307, ""7"": 0.030151046145013856, ""8"": 0.11318996408912352, ""9"": 0.055758579654667045}",[],[],1,0,0,0,0.0,2ca528dd02cf8ccab58dc66000cd1af638df2ee663ca1fd6d39cbf492d305234,2b8f8c383b20f3b580e5d21477f7f2f4bfc8679557b4cfecc7d7231b4926d4f9,"[""proposal_created"", ""proposal_committed"", ""v1_challenge_sampled"", ""audit_accepted"", ""committed_once""]"
