round,group,attack_active,attack_type,v1_trust,v1_agg,v2_trust,v2_agg,consensus_passed,healed_applied,heal_source,accuracy,v1_projection_residual,v1_projection_tolerance,v1_challenge_seed,proposal_commitment,proposal_binding_valid,update_hashes,recovery_commitment,recovery_v1_endorsed,recovery_v2_endorsed,recovery_endorsed,skipped,proposal_relative_error,committed_relative_error,published_weights,used_weights,attack_targets,excluded_clients,audit_executed,honest_rejection,recovery_attempted,recovery_consistent,recovery_relative_error,parent_hash,state_hash,events
1,noexecutor,0,none,0,0,0,0,1,0,,10.15,,0.1,,b5856a37d0e28fda9fadddce678ef2b9be8c2faab17bdb55aa1167fa211ab71f,1,"{""0"": ""3965107826a00f10ffad36b484d78869e1cd8aa13e3ae961528c34131e642631"", ""1"": ""cbc9800658ba0970f9d076cfc05306b4b138eb9f0c2e2e8c427aa58d889e87aa"", ""2"": ""b1d66404542935a8a8c56fe90a0cd6deaba146eef39aa05c6b86841ed66714de"", ""3"": ""866f090d947416e541ac534fff0f809896b05e2e7369f481209d9f437cdfc175"", ""4"": ""0802b55be6a175bf548e6aaf9157a85b5ead22f6bd2c6386646e6d74672f0227"", ""5"": ""91fd8d0e6cf1a5c3056f302bd27120d1e648107668dc2fed57b02d04875df233"", ""6"": ""423f60e998ed4fc50be00bcb84da6841b1a3dab286478fcc7f50bc950ecfaabb"", ""7"": ""e04d2a5ad83283581455d898773425a7bc7c01b416965767a0f63566c1378e3d"", ""8"": ""f4f4a089a5f9cbc385c3aa49a8c3e52cd9f74f0b0b9a302e140f5ffb3365ef68"", ""9"": ""c494cfb8e356c6311d3b35cc5bdda203d1faae645016c79a63432a32e46bf967""}",,0,0,0,0,0.0,0.0,"{""0"": 0.09015904745022747, ""1"": 0.12933189859688116, ""2"": 0.14641930571624226, ""3"": 0.07370418591722641, ""4"": 0.08855411493041687, ""5"": 0.13331309105118486, ""6"": 0.10358517058375188, ""7"": 0.04550416957703336, ""8"": 0.09912340309471668, ""9"": 0.0903056130823191}","{""0"": 0.09015904745022747, ""1"": 0.12933189859688116, ""2"": 0.14641930571624226, ""3"": 0.07370418591722641, ""4"": 0.08855411493041687, ""5"": 0.13331309105118486, ""6"": 0.10358517058375188, ""7"": 0.04550416957703336, ""8"": 0.09912340309471668, ""9"": 0.0903056130823191}",[],[],0,0,0,0,0.0,8b617e77902b0a0335989e80269b498633be37dde526eb036aca22383a8f5956,2c2c507257570f65c8c780e2ac43c96663da8257dc4bbd20d9a595f2e7954945,"[""proposal_created"", ""proposal_committed"", ""audit_accepted"", ""committed_once""]"
2,noexecutor,0,none,0,0,0,0,1,0,,31.03,,0.1,,728226b69737e2d8afc680c9b35b42169b22ae2477a110191383a0b24e3c3f70,1,"{""0"": ""253a17d979634d0d27a8eb866bf434f120fb690048d086ff1e42c04fddc61af1"", ""1"": ""8afd3c397f2ffd9269acd5b9448e39b5741ed1187bc172c77fbbae547761c6ac"", ""2"": ""3df338de3b25f2314dbed35d7e6bc1489fa4c0c90d66f5ecd9e06f9b0fc99b4d"", ""3"": ""98033778c65447c826ba923aefd6cf7baef35108efac88135c0e80181476091e"", ""4"": ""404b050a567079b6d98136b93c5e02c5d7018f346fe1c4fa36df64c444df528a"", ""5"": ""a0102b74369fcf558377bd273439a9cea61635a2bae6f7ba78e267a0d648864a"", ""6"": ""805eaaab618c730f7ad0dd1809f05d1a500fbdb11a06f60e7239e4b8dc3dd706"", ""7"": ""e93873296f8d3179cac12d1cd05a35c5cf4f04d30919b668f81d42226befb92f"", ""8"": ""336724ab95d27ac5659c3b52fcf521fb7d6fd9531984da764e86bdb1b8f6234f"", ""9"": ""e88f5894a40996ad567b18a483a64827c0cfb6b017f25c1d1f5d5c1e2bebe405""}",,0,0,0,0,0.0,0.0,"{""0"": 0.035401746512733014, ""1"": 0.0737345017550137, ""2"": 0.09078058539979665, ""3"": 0.022111255775167926, ""4"": 0.16475753285111797, ""5"": 0.17818522568734835, ""6"": 0.16926684954711846, ""7"": 0.013651250873110012, ""8"": 0.1679283193004079, ""9"": 0.08418273229818592}","{""0"": 0.035401746512733014, ""1"": 0.0737345017550137, ""2"": 0.09078058539979665, ""3"": 0.022111255775167926, ""4"": 0.16475753285111797, ""5"": 0.17818522568734835, ""6"": 0.16926684954711846, ""7"": 0.013651250873110012, ""8"": 0.1679283193004079, ""9"": 0.08418273229818592}",[],[],0,0,0,0,0.0,2c2c507257570f65c8c780e2ac43c96663da8257dc4bbd20d9a595f2e7954945,7c8ddf4a58735c7dc44bd55f4ad5a6523af696c7b902d1718cfda4ee3f498aac,"[""proposal_created"", ""proposal_committed"", ""audit_accepted"", ""committed_once""]"
3,noexecutor,0,none,0,0,0,0,1,0,,42.11,,0.1,,7e098c58cf5e61e42e08436f6f6b53070cbd96593070542ee387301496130a0f,1,"{""0"": ""1c7fc9799615b5a0b7969ead5725c2f09b205acce42a5d92799499a654a5bb5a"", ""1"": ""2568ea74c8b566968132a375aa6678e2a51a61d7b3ef763de277433ebd112d7f"", ""2"": ""3ec678a5c051e3874e861b648a0b900a18906c03b43168dfddd6446ff9261889"", ""3"": ""4d3df93bd8796ad0e94d31795d4dbdf28ed54241ca6a161f7b924ce6532c0a42"", ""4"": ""0598d4cbe2d52448d3fb0e72479e12533efd6e4d070bd4042e8da707d63c27ba"", ""5"": ""53c253d7880eab04ef5afe8a6afad6c750441290e7c643bd0a7f0be51d6d54b4"", ""6"": ""f0940c03e9198ed41cc2b84b1300e948cbbb1ad9d40a78850f05d00d8e36d10e"", ""7"": ""61b60dea3ca0f06c7aade57cda4e09860a1c250e03b2bbdb5f94a7f8a771fbbe"", ""8"": ""3b4a933ce759aa9ff362d54485510f06f46454c1252dfd22f5cad99b394081ae"", ""9"": ""d925d34c1a118b99c777537e3791111e5072877b3e95d4b9a8ecd372fb8d8522""}",,0,0,0,0,0.0,0.0,"{""0"": 0.010620523953819908, ""1"": 0.02217964244000642, ""2"": 0.027234175619939002, ""3"": 0.00663337673255038, ""4"": 0.21408990920478668, ""5"": 0.21811821705565582, ""6"": 0.18277891098519608, ""7"": 0.010218546101718266, ""8"": 0.21504114513957368, ""9"": 0.09308555276675384}","{""0"": 0.010620523953819908, ""1"": 0.02217964244000642, ""2"": 0.027234175619939002, ""3"": 0.00663337673255038, ""4"": 0.21408990920478668, ""5"": 0.21811821705565582, ""6"": 0.18277891098519608, ""7"": 0.010218546101718266, ""8"": 0.21504114513957368, ""9"": 0.09308555276675384}",[],[],0,0,0,0,0.0,7c8ddf4a58735c7dc44bd55f4ad5a6523af696c7b902d1718cfda4ee3f498aac,3b2da62476e48fcaf43a6aa7e5c62d750ef8ed67e6b9eeedf18d7be97dcb948f,"[""proposal_created"", ""proposal_committed"", ""audit_accepted"", ""committed_once""]"
4,noexecutor,0,none,0,0,0,0,1,0,,44.04,,0.1,,336c6123121d5ae9e5be4e97b97ad52478775b1a4a5db0f77b8addcae6e4200b,1,"{""0"": ""f26f6a3848d2eea999b0c50de30123558ffad162fa4fbc1bf7e4385525a84f1b"", ""1"": ""6d16f1afdc5b967b98ec4235b46da0439ca72e206dfde28a89bfdfad163b66e0"", ""2"": ""edbb93e4387997fa7d32a7575908aba7fe30f5f46527d584a1fca6f6e2335028"", ""3"": ""c252ffbf23d130ffa49e856131d2cd420d21dee65192157852d85d874f425830"", ""4"": ""b54e6c30ef535e03e9ed34ee6f61aca24dc9a3e89bb37c121969168d5657b8f9"", ""5"": ""8a3112c1c825b4f8ca862cc1e23edc867b45286fc13aeae63e615263e1ccb40f"", ""6"": ""d07d4709b36c0aa5c965d1c02075c1bb9ea61d67c7aba0509b1f09908b08cd28"", ""7"": ""519a91f00629904682ccb84cb4ff8877ac6dbd714b164bd58f191de1e9b39435"", ""8"": ""8c65faba099e173210ea376d7ec3e4e2985245277c34044ec4fda6cb93961f4b"", ""9"": ""4f889c34bd143d3a417ef43fcc2eadce1dfe97a3464b7eff358ee57712431118""}",,0,0,0,0,0.0,0.0,"{""0"": 0.003186157186145973, ""1"": 0.006653892732001927, ""2"": 0.008170252685981701, ""3"": 0.001990013019765114, ""4"": 0.2851804333964191, ""5"": 0.2863889257516798, ""6"": 0.059561575228649535, ""7"": 0.025098662574708528, ""8"": 0.2854658041768552, ""9"": 0.038304283247793065}","{""0"": 0.003186157186145973, ""1"": 0.006653892732001927, ""2"": 0.008170252685981701, ""3"": 0.001990013019765114, ""4"": 0.2851804333964191, ""5"": 0.2863889257516798, ""6"": 0.059561575228649535, ""7"": 0.025098662574708528, ""8"": 0.2854658041768552, ""9"": 0.038304283247793065}",[],[],0,0,0,0,0.0,3b2da62476e48fcaf43a6aa7e5c62d750ef8ed67e6b9eeedf18d7be97dcb948f,85269a2c4f5d748d48db86e7f8086d387103c89aa9d07662ac22360143881fc8,"[""proposal_created"", ""proposal_committed"", ""audit_accepted"", ""committed_once""]"
5,noexecutor,0,none,0,0,0,0,1,0,,48.39,,0.1,,b8eb952f855359ceebd61153e1f731eb38e6cd611082ed3ff9d273d25b873445,1,"{""0"": ""5cefca277782c2bea9bf185cae2715c28874747e7b210f712e62507fc5ac462e"", ""1"": ""1d061f8efa717a09b7810f9c9cf5adf6eada893905067210d3d7a51f5d76dfc7"", ""2"": ""40a6d547053597051f164fec36a56407154eabec21942aa69fe57a09c86b5fec"", ""3"": ""624561bfc21cb25896bcc52eecadaee55bd68f7306b53814b61c6603a76745de"", ""4"": ""5e9648c0d8729136b287c0d3e5f6d4e319dbddc644ea1be56ed4a19d53f003a7"", ""5"": ""e120a59161ed11a8c65f5ac5fadcbbb633c46c176c6c2d8c9adb3e3856210915"", ""6"": ""a74a4cec928b07aba14f8679a3b8e6da1d714a1ef9dbb26a1cf02f538f506624"", ""7"": ""1a4e2035cba8687499d140aeaab3a84f3bfa9af28fd276481ee912d7a4fc79ae"", ""8"": ""93788d21f38d71f0d70804bc88d01eeeba26cef510e198fabb3ebfc3c2eee312"", ""9"": ""959637122e91de8e1629201b5762b77d6329367b1af7c43eccae7d40cb1ca189""}",,0,0,0,0,0.0,0.0,"{""0"": 0.0009558471558437922, ""1"": 0.001996167819600579, ""2"": 0.002451075805794511, ""3"": 0.0005970039059295344, ""4"": 0.3060739036710406, ""5"": 0.22978491642798607, ""6"": 0.01928976409526933, ""7"": 0.05372978086760823, ""8"": 0.3061595149051714, ""9"": 0.07896202534575605}","{""0"": 0.0009558471558437922, ""1"": 0.001996167819600579, ""2"": 0.002451075805794511, ""3"": 0.0005970039059295344, ""4"": 0.3060739036710406, ""5"": 0.22978491642798607, ""6"": 0.01928976409526933, ""7"": 0.05372978086760823, ""8"": 0.3061595149051714, ""9"": 0.07896202534575605}",[],[],0,0,0,0,0.0,85269a2c4f5d748d48db86e7f8086d387103c89aa9d07662ac22360143881fc8,8d4440b49d262620c6a881db5300ab4041276c3ef4924fee7abfedec05a96257,"[""proposal_created"", ""proposal_committed"", ""audit_accepted"", ""committed_once""]"
6,noexecutor,0,none,0,0,0,0,1,0,,55.65,,0.1,,ccd26128cff7f4238811438cd1f78bb07d6162f67559e89df3960b8b9c7b5ddb,1,"{""0"": ""eaf425e4f65dbc6108056ca9133c7d5312ff902b71afaddf70d0c5a9321e571c"", ""1"": ""83420b9edd38aa40f381adcc22c75281410f129a0bc3811796b37bd753b6f45e"", ""2"": ""d8cac46d64d90dd164ce38386438d94fdff992dcf8350192d31227b01005a826"", ""3"": ""9f392b622b2819cce7d0dc9492910263bebfed91cc55a8379d259813f1bada4e"", ""4"": ""574cc0a23163f7c7970eed3d6a5a8f6d1ad20c70fd0c0604d5d564f3628ab35a"", ""5"": ""66ff4930a9b1dc218235d657d5456c0060538be730adf298f2e879c48b37ce7d"", ""6"": ""1799acaae627478d7ae629b0bb5402eb422c8e57dbd048994e2b45f370a807a6"", ""7"": ""8b66d7a04a797cb74ae7c5e569eb01c1ed668d04132981d17e4c772eeef034d7"", ""8"": ""54f6a3125a7a9a48f092b8fcbb4b9e5069a5d4c28bb658d823066d65fc818991"", ""9"": ""b7b862c836e076dded77f4c5ab836f1aac903eb8904b2a8a03d5867a43705d7f""}",,0,0,0,0,0.0,0.0,"{""0"": 0.00028675414675313776, ""1"": 0.0008764690948719888, ""2"": 0.0007353227417383536, ""3"": 0.0003495226457210312, ""4"": 0.35149173325328575, ""5"": 0.14331018860661643, ""6"": 0.006299801121426261, ""7"": 0.06950208973328971, ""8"": 0.1437899489005971, ""9"": 0.2833581697557004}","{""0"": 0.00028675414675313776, ""1"": 0.0008764690948719888, ""2"": 0.0007353227417383536, ""3"": 0.0003495226457210312, ""4"": 0.35149173325328575, ""5"": 0.14331018860661643, ""6"": 0.006299801121426261, ""7"": 0.06950208973328971, ""8"": 0.1437899489005971, ""9"": 0.2833581697557004}",[],[],0,0,0,0,0.0,8d4440b49d262620c6a881db5300ab4041276c3ef4924fee7abfedec05a96257,1c5296c850d1ae8d50fcdbcc23b1189e6213860be4a0193568c9127837a5a34f,"[""proposal_created"", ""proposal_committed"", ""audit_accepted"", ""committed_once""]"
7,noexecutor,0,none,0,0,0,0,1,0,,57.93,,0.1,,e5aa96cc7b79ccfd2feb7b3c9ff1d0e51e19a19f3bdb382bccde6dac945331e2,1,"{""0"": ""edcd37ac73cf888ce565c3cc6c24d04372248df50a13de68a1cf6c1b0c6eb9cd"", ""1"": ""b3861104f0d81872f3e017b65f3122f69b087f6011d80843fd36d867b175ad32"", ""2"": ""75f13f88d39b785917c9185700cef185e7ac28cc480cefb32519f356812e92ba"", ""3"": ""c519f871949321e917f3f999b925095bf4c89fe6049be0fef630db695cffb6eb"", ""4"": ""3f2232585ecd3776bffa273a03f61afaf787c089794b32c7ddc22b09fb001e3f"", ""5"": ""4ba4b99dce4e9f72dfd2d515dbef463dd82c54a6be9e8d2dd5c6ec83264fe54f"", ""6"": ""6674fedb376f0baf02937544769f33d6a781f34ea93d681ce52cfa39db9f5cf6"", ""7"": ""e5d4baddff5ab40d3fbc1f53bbec43fe5c91b3076bbb5a80a74ed1c50ec93235"", ""8"": ""60267c697c98ac26e161b0337c3be7a47eee77554f6732e26e8f0440bd8f90b8"", ""9"": ""40ba85c82de4e8aad8ba7111f8432090d6c54a7f279f8fda11583e60a8c3c400""}",,0,0,0,0,0.0,0.0,"{""0"": 0.0004123841786570016, ""1"": 0.0013711815487065045, ""2"": 0.0007172316843214836, ""3"": 0.00030711388718946553, ""4"": 0.4222456977158011, ""5"": 0.04409951579452342, ""6"": 0.0018899403364278787, ""7"": 0.08014041866131252, ""8"": 0.04701088752653511, ""9"": 0.4018056286665255}","{""0"": 0.0004123841786570016, ""1"": 0.0013711815487065045, ""2"": 0.0007172316843214836, ""3"": 0.00030711388718946553, ""4"": 0.4222456977158011, ""5"": 0.04409951579452342, ""6"": 0.0018899403364278787, ""7"": 0.08014041866131252, ""8"": 0.04701088752653511, ""9"": 0.4018056286665255}",[],[],0,0,0,0,0.0,1c5296c850d1ae8d50fcdbcc23b1189e6213860be4a0193568c9127837a5a34f,fba0bad69ccdd0d88bf0e7aac0dfa3ad5cf5861ae3b6bebc4296977b9a6dd617,"[""proposal_created"", ""proposal_committed"", ""audit_accepted"", ""committed_once""]"
8,noexecutor,0,none,0,0,0,0,1,0,,55.88,,0.1,,453337335228d75d614b9509626177b9e1449ca32e2c516923e7571c21d33353,1,"{""0"": ""89b45b579ebe813dacd6e963db38f5e73d68bcbb21e740960e5ee20fedd9105f"", ""1"": ""0ce3c4570de711284810da109ace73b500e647d65a2d7b3d36f1bd3eed25676d"", ""2"": ""cd5da3e601f913a369ed53bcaa6461ded9910ba3295efcc042c5482d0383fe39"", ""3"": ""77804459387464674228bfccdbbdb66a37334fb665f1b61bd8de2ea9fbc038d9"", ""4"": ""f13deb4a73472d2e6732a84341cbaa92abdaac4b4aa5a42ce402fa21e1a45ecf"", ""5"": ""b4f7f08850b051919c6e1dc9342bdc95359794f19f6d8d3b114c9ae5e94af9d8"", ""6"": ""96891e8c8ee85423c7dff002e09cc047faf0b4bac181fcf39a2441d3af81c45b"", ""7"": ""c13cecac47225c7a7bf7a0f17ffb1792795b6703a432052af1b75b5d85e557be"", ""8"": ""2805c666bafb567545d2c66266af721504086a3fd1107558c2be922c5b2107ec"", ""9"": ""fdd13f2b5f3c724c4a327013bc9c11cb296040fabbd027526412c0f4d752fa95""}",,0,0,0,0,0.0,0.0,"{""0"": 0.0007131527721403112, ""1"": 0.017838756597109685, ""2"": 0.0005301410803429125, ""3"": 0.0006413319046904497, ""4"": 0.4583056345593701, ""5"": 0.014027187894484351, ""6"": 0.0005669821009283637, ""7"": 0.04109993298838566, ""8"": 0.014103266257960535, ""9"": 0.4521736138445875}","{""0"": 0.0007131527721403112, ""1"": 0.017838756597109685, ""2"": 0.0005301410803429125, ""3"": 0.0006413319046904497, ""4"": 0.4583056345593701, ""5"": 0.014027187894484351, ""6"": 0.0005669821009283637, ""7"": 0.04109993298838566, ""8"": 0.014103266257960535, ""9"": 0.4521736138445875}",[],[],0,0,0,0,0.0,fba0bad69ccdd0d88bf0e7aac0dfa3ad5cf5861ae3b6bebc4296977b9a6dd617,ca9e2686a797e6d485f09d4276b93d34c7a3f4180c4cd012362ba91296f419e1,"[""proposal_created"", ""proposal_committed"", ""audit_accepted"", ""committed_once""]"
9,noexecutor,0,none,0,0,0,0,1,0,,56.33,,0.1,,1ce0af27e27e9527b728c8454111dcc501fa3cbc6d82844b2764451542b8a415,1,"{""0"": ""081b15218f2f9ca8a686824f5cc779d663c470199140d38e6ddcc2ae278416b0"", ""1"": ""550d9bab28859b648d98129d5032a5c229f3b52bffc1f08a94d6b5d052fa4b4d"", ""2"": ""ea449c3e83729fe242f27e0525b2bef7d315cb5eba11af9b8549069bef052c10"", ""3"": ""28250139c86f06e766832ffcff3205b75ab57283b9a05e667d644e6f055d5cd2"", ""4"": ""07aa2ab2d4d2c8b7254a269c794faf4d1a9b753e8dae0689c1da5a7c3889cb5f"", ""5"": ""32e9029ece15c203b7d85e5e04b67685e9533e109880e311727656e9e4f0aa14"", ""6"": ""46a66499b9e82145a6ab337e46892908bb3e2fb7de01a6d8f98b5b01724f8dd7"", ""7"": ""84efaab54e111d7e1e3598739e8ac1197e7fedad32aa97ec926ad19ce28de01f"", ""8"": ""4005cf116d53f01bba695e6ef69618c4039b493565b3890bedc03e6be3cdbf01"", ""9"": ""a019ec873a867355144acf5f8ebf157aa28261e917c96b2947317d029b235cf9""}",,0,0,0,0,0.0,0.0,"{""0"": 0.0036714742265260636, ""1"": 0.07570989020872046, ""2"": 0.0024130049880397254, ""3"": 0.001299914170257701, ""4"": 0.4434631116799696, ""5"": 0.004976959791340323, ""6"": 0.002187560832108187, ""7"": 0.07340830097712739, ""8"": 0.004230979877388162, ""9"": 0.38863880324852246}","{""0"": 0.0036714742265260636, ""1"": 0.07570989020872046, ""2"": 0.0024130049880397254, ""3"": 0.001299914170257701, ""4"": 0.4434631116799696, ""5"": 0.004976959791340323, ""6"": 0.002187560832108187, ""7"": 0.07340830097712739, ""8"": 0.004230979877388162, ""9"": 0.38863880324852246}",[],[],0,0,0,0,0.0,ca9e2686a797e6d485f09d4276b93d34c7a3f4180c4cd012362ba91296f419e1,2d7758b51cc3f16e1ef5f691482e35526ebe912342e74c0fee2b1879697e9e1e,"[""proposal_created"", ""proposal_committed"", ""audit_accepted"", ""committed_once""]"
10,noexecutor,0,none,0,0,0,0,1,0,,54.56,,0.1,,2e34e95c2d263e89ca8db9863a8a9fa82588d67161febbba1dcb7a9cdb554311,1,"{""0"": ""4c940b9c178c4340e0db911f97f394cc1fbdf84f3616178a76a9e58f51c5e097"", ""1"": ""ad492829aab6237ddf59f0fc4ea1738ffce6738b9665f689ec49eac26d1035da"", ""2"": ""5c3123787c4eb425cbf65789416378ecd950a7b7f1f7fbdc08921e2874044a7e"", ""3"": ""7973bd1651882108048e9d6daac0da991a2700dc4cc46fdae2e318b055050332"", ""4"": ""ac28f2b3c084a3e84bc0c372a40fadbc65d53bf995d629d6580c79572bf4be5a"", ""5"": ""0bd758ea30d756119189269504f6372b9bb9164731e24949427197b3e3205e69"", ""6"": ""2b229c8032f1fc9f5ff65c7029c7f87d228b878410e6c4e3de988ba0cf0ac5a5"", ""7"": ""7ff5c3d3efcba65352e11a2d2a472d1302abbad76e9ddbd1932a6c0bf5e24ab3"", ""8"": ""0f3087808e280110a48ae51a33beae2840d39f40c30f87adfc4c45722c7e6867"", ""9"": ""cdfe88d4111b74cfaf74b1b34bc1a5f8361bd98205912205cfeec87e1f2df993""}",,0,0,0,0,0.0,0.0,"{""0"": 0.03697396834629814, ""1"": 0.11787884569934513, ""2"": 0.044845606015698584, ""3"": 0.003198137140008043, ""4"": 0.5493032791298252, ""5"": 0.006688519487372406, ""6"": 0.0025278936899720693, ""7"": 0.04224189173304826, ""8"": 0.0019617104390494693, ""9"": 0.19438014831938266}","{""0"": 0.03697396834629814, ""1"": 0.11787884569934513, ""2"": 0.044845606015698584, ""3"": 0.003198137140008043, ""4"": 0.5493032791298252, ""5"": 0.006688519487372406, ""6"": 0.0025278936899720693, ""7"": 0.04224189173304826, ""8"": 0.0019617104390494693, ""9"": 0.19438014831938266}",[],[],0,0,0,0,0.0,2d7758b51cc3f16e1ef5f691482e35526ebe912342e74c0fee2b1879697e9e1e,8053c4e931899152d4b4bd9a1401c857fff3ad750cac48ddd4525a0680ef18af,"[""proposal_created"", ""proposal_committed"", ""audit_accepted"", ""committed_once""]"
11,noexecutor,0,none,0,0,0,0,1,0,,30.28,,0.1,,fd6d126550a4e0eac0cc0a464b521d024dcf98f05e9d778b8aa31e98f627b866,1,"{""0"": ""b33c76a05e4ab555333019626f4f87be973e4957d785a9041a6c5348ac494706"", ""1"": ""91e5486b0876689cf62e7e97ffca1417e3abd8bbcf1bbc40120459b61c030728"", ""2"": ""6e20204439fdb62add80f021cea5c09c0951c1a25fd0d59c82bf77be3269f573"", ""3"": ""1840f81966ddba3aa8d2d612ea99ff7d86a5e0711f1ef117ec029d17c926d33d"", ""4"": ""62d7dfe6411a7b23f6665f099ccb99f7c2a11508e5ae0573a6216ee3520c2987"", ""5"": ""bc2905d3472b9a028c2cf9b929f270f6ae8e58524f1b888bd84dae355674b40a"", ""6"": ""c3fbb88150ae6dd2b70a777e4c20dc4ccd7cc403605f13365671c988d9640092"", ""7"": ""98ce675c1e363ce0157eeb89da24855b1d2ca8e43bad9c4542ead5864f403d15"", ""8"": ""04d25f4bab01a8ccb17c32c36d4d310d9c58eaffa1f34be2ce9c9b3fa6e23aca"", ""9"": ""0fda41e072c3593d9548ae639f2ea0ee9af50d39a3682212c690cd9b2c05c635""}",,0,0,0,0,0.0,0.0,"{""0"": 0.10503136257318843, ""1"": 0.2333501814980077, ""2"": 0.09974995385728076, ""3"": 0.04926663488389371, ""4"": 0.39550622948791403, ""5"": 0.004549254959935763, ""6"": 0.03930696507607317, ""7"": 0.013092851855051303, ""8"": 0.0018325213128403742, ""9"": 0.058314044495814815}","{""0"": 0.10503136257318843, ""1"": 0.2333501814980077, ""2"": 0.09974995385728076, ""3"": 0.04926663488389371, ""4"": 0.39550622948791403, ""5"": 0.004549254959935763, ""6"": 0.03930696507607317, ""7"": 0.013092851855051303, ""8"": 0.0018325213128403742, ""9"": 0.058314044495814815}",[],[],0,0,0,0,0.0,8053c4e931899152d4b4bd9a1401c857fff3ad750cac48ddd4525a0680ef18af,bd9494fda1e4aa45b8414c55310b4d185874850fb748656a0cca711bf0f5ace3,"[""proposal_created"", ""proposal_committed"", ""audit_accepted"", ""committed_once""]"
12,noexecutor,0,none,0,0,0,0,1,0,,59.81,,0.1,,965dcdb0536b8c47f47aad871816c7867c95a70857b53418ff73b1add84c81a0,1,"{""0"": ""c33ad6b5995604dfe334f20ac5b4420a31461817e259e6bd75220f0bd7ca3c83"", ""1"": ""c27a9e4afef8f1a5617da3ccc029aad9b182bd92a4cd03c1f0cd7007d4f4aaec"", ""2"": ""3bc274fbb4bb66a785bb6cc62bdaad1584cefcbfc837d31748ff33556fbdc0bf"", ""3"": ""64f27930c08b2c1313b309ffdfb281890da8e901a600bc8469a880ac69adaa29"", ""4"": ""8052f4b1a40adf9a35c3831ff4c29b6ad6ec040ed9609f1f2d7a5c69d84eb51b"", ""5"": ""30a32c34f98c08525ef003f7f94e29d04cdf094c9180a4898ef0283850a2e024"", ""6"": ""014d19c83faa6d0a902f33776cff23383ac0fea0a59f84071b66a5c38409f078"", ""7"": ""b765a04d958bd115c257548ee05c508dba55564c7a36638e859921ff37f0bd5b"", ""8"": ""ad19969bdc6fd9b1fe14f512c657cd410069d01c4f6ddbb32182aebed8f8fa2c"", ""9"": ""431934f0924234ef40ecc05c02823cdd172a941d8b2e5462519387c79aa2c1fc""}",,0,0,0,0,0.0,0.0,"{""0"": 0.03150940877195654, ""1"": 0.07000505444940233, ""2"": 0.029924986157184235, ""3"": 0.014779990465168117, ""4"": 0.31990692694689765, ""5"": 0.13383586742250683, ""6"": 0.21304714762334537, ""7"": 0.01105104104338, ""8"": 0.07738181606042774, ""9"": 0.09855776105973124}","{""0"": 0.03150940877195654, ""1"": 0.07000505444940233, ""2"": 0.029924986157184235, ""3"": 0.014779990465168117, ""4"": 0.31990692694689765, ""5"": 0.13383586742250683, ""6"": 0.21304714762334537, ""7"": 0.01105104104338, ""8"": 0.07738181606042774, ""9"": 0.09855776105973124}",[],[],0,0,0,0,0.0,bd9494fda1e4aa45b8414c55310b4d185874850fb748656a0cca711bf0f5ace3,2d08e120c4b4dff888f0fbc6c1b0282e6e121967c73d61a575359588de9e852a,"[""proposal_created"", ""proposal_committed"", ""audit_accepted"", ""committed_once""]"
13,noexecutor,0,none,0,0,0,0,1,0,,64.03,,0.1,,ab341f3141130accf201ef6454954d18811cdf6bfa19fea31d6e57ffaed2e177,1,"{""0"": ""855672b5e624289e1cd84b0591411e09636c96cf4b80a07f44a4707aea689a55"", ""1"": ""7e795c808a6092ba6fa8d69fb3d71c2eeb2670462f7477a6d1b248c5e75adb68"", ""2"": ""88a1cdc703a08e098fe048fb7d27f4b14f95501d4902f22bdd33e905abbeb0e5"", ""3"": ""127b3b946a7d33ef04e6e471c8c10a636640828d37f792305d4a31ffc9bb6f98"", ""4"": ""9f228d4a3933440def19d20ca1ad742057e15d1ed1b0a625ddab0c69db3b3844"", ""5"": ""436d08ac48d920e2d0356df524b6cce662b964fc7163f72411911314cc991750"", ""6"": ""2f225b3f9effbcaa07eae620515b90fc99533597cc3ebfc1e6446eecd0b4a06e"", ""7"": ""dcd17aa8af624e50314a9f66bcb4ce074b073760fedbc32945fcbfc5c9ea7332"", ""8"": ""33427d206126732c4612a8275e5aca09e5eb79f24d0d4c55b9d97966cd05029a"", ""9"": ""d7db945ed0931029a202d0a08b35d5c733cd8cdfb46fce077667d0001ca83ce6""}",,0,0,0,0,0.0,0.0,"{""0"": 0.009452822631586965, ""1"": 0.021001516334820704, ""2"": 0.008977495847155272, ""3"": 0.004433997139550436, ""4"": 0.1773818766221883, ""5"": 0.23631059638446156, ""6"": 0.2600739804447131, ""7"": 0.02197779276308539, ""8"": 0.2193743809758378, ""9"": 0.04101554085660043}","{""0"": 0.009452822631586965, ""1"": 0.021001516334820704, ""2"": 0.008977495847155272, ""3"": 0.004433997139550436, ""4"": 0.1773818766221883, ""5"": 0.23631059638446156, ""6"": 0.2600739804447131, ""7"": 0.02197779276308539, ""8"": 0.2193743809758378, ""9"": 0.04101554085660043}",[],[],0,0,0,0,0.0,2d08e120c4b4dff888f0fbc6c1b0282e6e121967c73d61a575359588de9e852a,de02c660fe5ee985c83a937d5daadc7f6492e7c775aca3d8e00597ee22dbec78,"[""proposal_created"", ""proposal_committed"", ""audit_accepted"", ""committed_once""]"
14,noexecutor,0,none,0,0,0,0,1,0,,19.42,,0.1,,7c393e64d4e29a566daae07a9cebc2588a79dc8753f20abb1ef602ca43140ee9,1,"{""0"": ""5d529a05f2974b394ad49f090c4e6434c10d0b68845db9d3edc95076d7084297"", ""1"": ""9be2687e2497072e3a459bcaaf5cddc6528bf872fd349481992f041d4b8e414a"", ""2"": ""8f79da8ef4af9403568bf137aa0fbed222aa17272fea1311684effd800e6bb15"", ""3"": ""35b69999a5834e035076d5d4c5d4103c3d3f4c88855f2751ae1b26f7e50b54a0"", ""4"": ""44c1bb7e65a8a8719c4386ebf67f8787d38734cf2ba2ed9e4ebf8d758a07bcc9"", ""5"": ""940a02e4d4954d853716ec2775e72307eb51997d369c9b579dbcb813281dc015"", ""6"": ""4cf8195937ef7ee5c7db56a41acee03fdbef358ad99a9449d3424684d80ae366"", ""7"": ""0398be5c99fda9cf9ed58fc48705a61e0935ced69ac1482dea5b720ea1f60375"", ""8"": ""d2e75948a3f87678ae6c199108cbf478fa3050e367c1a77d5229db02e30de120"", ""9"": ""9b0bad4650678e49ffe50dcdf96cc765e7cc404320c72f310a2f28e6d975465b""}",,0,0,0,0,0.0,0.0,"{""0"": 0.1499992703750295, ""1"": 0.18224137518135325, ""2"": 0.17863416903505364, ""3"": 0.17727111942277218, ""4"": 0.07099280398679711, ""5"": 0.07089317891533849, ""6"": 0.07802219413341395, ""7"": 0.0065933378289256194, ""8"": 0.06581231429275136, ""9"": 0.01954023682856493}","{""0"": 0.1499992703750295, ""1"": 0.18224137518135325, ""2"": 0.17863416903505364, ""3"": 0.17727111942277218, ""4"": 0.07099280398679711, ""5"": 0.07089317891533849, ""6"": 0.07802219413341395, ""7"": 0.0065933378289256194, ""8"": 0.06581231429275136, ""9"": 0.01954023682856493}",[],[],0,0,0,0,0.0,de02c660fe5ee985c83a937d5daadc7f6492e7c775aca3d8e00597ee22dbec78,fd595ae8f60c3dd52a359d103159f97dc9ac26b7a3315e09be64527c40d884f6,"[""proposal_created"", ""proposal_committed"", ""audit_accepted"", ""committed_once""]"
15,noexecutor,0,none,0,0,0,0,1,0,,67.56,,0.1,,2084f445a7441b31044f5b2315b005304616d503b93a00befd72019b6b05afc1,1,"{""0"": ""67caa9c158071dc9c6338fae2efc2b89f97e03d8e1a96a646da2d099d75ac4eb"", ""1"": ""90361ff31ad04e295fda4556ea5e2d523760654160631e0d2caa1fe4d2e47efa"", ""2"": ""eb02f369ddb34f30dc4eb7f5ad18a4c3ac0fb3b6b71a07fb0b2ad6467edc8e41"", ""3"": ""5098c86e8dae93f520b0f7f142f6295d5a375557493efc6f6616ce663f8bf223"", ""4"": ""4a687f2adb5e1ca16c84cd8030d9f7e69250b55d32d7ee5a37e88e60782294aa"", ""5"": ""940dcacdb5ee7ac343805124c6bed8dd184da6c90b7096427da3c43eca8d7985"", ""6"": ""f0720e70c184000b0c9321ef75da85982c0cd2ff6a9fb79afa5d1b1c91b16639"", ""7"": ""e00a0cc68e96b105f7fa6993c01500e80dcfd61147fe61729de8295b1498b824"", ""8"": ""aa2325263893976d99b87b5f74b70c365eb5e8b14e228438e7094187403782e9"", ""9"": ""913a18932be67553fc6401379f95febb173da207627840221f4ae53bda494ca0""}",,0,0,0,0,0.0,0.0,"{""0"": 0.04499978111250886, ""1"": 0.05467241255440598, ""2"": 0.053590250710516096, ""3"": 0.05318133582683166, ""4"": 0.17768604670100654, ""5"": 0.17765615917956895, ""6"": 0.16535910897037098, ""7"": 0.08073103925939495, ""8"": 0.1761318997927928, ""9"": 0.015991965892603096}","{""0"": 0.04499978111250886, ""1"": 0.05467241255440598, ""2"": 0.053590250710516096, ""3"": 0.05318133582683166, ""4"": 0.17768604670100654, ""5"": 0.17765615917956895, ""6"": 0.16535910897037098, ""7"": 0.08073103925939495, ""8"": 0.1761318997927928, ""9"": 0.015991965892603096}",[],[],0,0,0,0,0.0,fd595ae8f60c3dd52a359d103159f97dc9ac26b7a3315e09be64527c40d884f6,71a7f548f54ea9b9b909fbd6cbdb503702cfdf3e7bdd723d21ebac42665f2aed,"[""proposal_created"", ""proposal_committed"", ""audit_accepted"", ""committed_once""]"
16,noexecutor,0,none,0,0,0,0,1,0,,70.43,,0.1,,cb7c8ba09e606c5ee824b8ab79136cf237de012be5e296c443a8e7df21553bbf,1,"{""0"": ""88ad5bda357c686c9fdd8182c8850a36cdcf0b8d69feff99344364a800c738ee"", ""1"": ""3fea56175d711461baded989e999c8c982404e0368cb4499934dcbda6357f86f"", ""2"": ""e8c6a9e14f13b7d9c93d4354aeeb2f95d98de151e1757158129af5c07fffe4de"", ""3"": ""5768c6189eecb3cd5b4a1d3c845dfe889842ca163b0db67a9f3d6df846be012d"", ""4"": ""c1001814f4a528fc1502535eb57fe3634d469151699c3daa5b8d571111359245"", ""5"": ""a5000609e61d110641b210f21f7143bdb888e63b3616f97a58826bbd5f23f51f"", ""6"": ""7ec8259cdae1b75b161ed9317fa35e3c3678c1c46a9c956c28a5b1a0e475160c"", ""7"": ""9d8a6ae706873285dd6c0500b971df31056c827814b8f1e9ab1bed43f018bc3c"", ""8"": ""06702314da22445999d702c005b234d8b524245baa19d7e7cf097ad9b864ffd4"", ""9"": ""9bbe76afc2df5270b2e1401dac30ca7bec6cbfd8065567aba8caeceb33d803b8""}",,0,0,0,0,0.0,0.0,"{""0"": 0.013499934333752659, ""1"": 0.016401723766321798, ""2"": 0.01607707521315483, ""3"": 0.0159544007480495, ""4"": 0.2114783210079237, ""5"": 0.28166712576983777, ""6"": 0.09018759276595548, ""7"": 0.055368182338044435, ""8"": 0.2812098479538049, ""9"": 0.01815579610315508}","{""0"": 0.013499934333752659, ""1"": 0.016401723766321798, ""2"": 0.01607707521315483, ""3"": 0.0159544007480495, ""4"": 0.2114783210079237, ""5"": 0.28166712576983777, ""6"": 0.09018759276595548, ""7"": 0.055368182338044435, ""8"": 0.2812098479538049, ""9"": 0.01815579610315508}",[],[],0,0,0,0,0.0,71a7f548f54ea9b9b909fbd6cbdb503702cfdf3e7bdd723d21ebac42665f2aed,babd44ed4218235f70c467e947dc5813eabce90a50b045666dab2608320c25c7,"[""proposal_created"", ""proposal_committed"", ""audit_accepted"", ""committed_once""]"
17,noexecutor,0,none,0,0,0,0,1,0,,22.45,,0.1,,eaf39c14a1cd5a3aaa560c0165d035c04355dca3fdf51115c9206c7dd4918da4,1,"{""0"": ""f92cab37a288f5a88adc821bd6c7a9e300db1cbf7c9a9eb336a0e34ece089cfd"", ""1"": ""677f5494ca52342a8a9d26a450102472e183e874c0a8c0efc4407238c06402a3"", ""2"": ""2fb1f7d7b5c78713fc4b5f3151147390ed748bc077f6e75e5c05deaf4cac0ef6"", ""3"": ""3b994669129c402d937832e3f7eb97092d6b950538a94cdf34eb311a63050fa5"", ""4"": ""fae4a7e770ad58dfa92646febc212764d10a360d34dd7b416a274456d8142104"", ""5"": ""40c65adbf9168052a1e5cd6f46a2d5503cf9684b4d7f60a2f3b9a7f312fef4d4"", ""6"": ""2a59c3481bb277c7f5d778061a4aeed44ef6d0dfcd76c9dae296fcca0b4618ac"", ""7"": ""997a111a2b06747ff91462cec52377e4fe921c418ef081fbfac7747095d60406"", ""8"": ""0bd699ef31bd7ba31bbf29a55ac5aba1ee7c461edca9c6940ad0c0efdcecf90a"", ""9"": ""047053e41948032c6f23d86e02b13e273db4f50d45b18a5b1bc918ef210cd1c5""}",,0,0,0,0,0.0,0.0,"{""0"": 0.1633688087357396, ""1"": 0.16423934556551037, ""2"": 0.16414195099956028, ""3"": 0.16410514866002868, ""4"": 0.12616818255992188, ""5"": 0.08450013773095136, ""6"": 0.02705627782978665, ""7"": 0.016610454701413337, ""8"": 0.08436295438614148, ""9"": 0.005446738830946526}","{""0"": 0.1633688087357396, ""1"": 0.16423934556551037, ""2"": 0.16414195099956028, ""3"": 0.16410514866002868, ""4"": 0.12616818255992188, ""5"": 0.08450013773095136, ""6"": 0.02705627782978665, ""7"": 0.016610454701413337, ""8"": 0.08436295438614148, ""9"": 0.005446738830946526}",[],[],0,0,0,0,0.0,babd44ed4218235f70c467e947dc5813eabce90a50b045666dab2608320c25c7,ba2875492aab145b5f7b04e2ef93849888372550dd359b485c2912be097e0b45,"[""proposal_created"", ""proposal_committed"", ""audit_accepted"", ""committed_once""]"
18,noexecutor,0,none,0,0,0,0,1,0,,70.52,,0.1,,79e4d2927978410a048bb53eced6cf528f5c98380099bb4ed5da427b74b2cbb2,1,"{""0"": ""f17f616ea967c8f64111038e79373c1711d4514fa5bf6ead47ea00d1191294be"", ""1"": ""462d9e8668433854e531619b6e17d7f2d1fb2bc25723156d68c85e14efed4469"", ""2"": ""d4121748c9411bb3c6f90665fb22910d77f498fa4fb31eec6623576d66c7d92b"", ""3"": ""850e2b54c828257af771462d109adfb7e058befc652b2a1c449557becdfd98a1"", ""4"": ""7e66a4c1360dcf6e2b8517028018819f4a1fff5d95bc5bb57a45e7c008dc121a"", ""5"": ""777b57a915893328d5b05bb770cf409761192b3fcb31f6e243d17688eecb3ef3"", ""6"": ""1f04bd286849a149a0a5e5a928242e7983f2fbfa985388c1e5d42da493e56e08"", ""7"": ""18e1825db2eb0f2087a091abdd0190461e344f880b9ade81d08df5869de4f1d1"", ""8"": ""a64270741cb69ac574539ed378508554d4f222af70de7ac493499e1168b276db"", ""9"": ""beb7140302f09f1b1140ea1ae2075653f99035b315e26028958f843f9f3726dd""}",,0,0,0,0,0.0,0.0,"{""0"": 0.04901064262072189, ""1"": 0.04927180366965312, ""2"": 0.04924258529986809, ""3"": 0.04923154459800861, ""4"": 0.18464108783767935, ""5"": 0.1721406743889882, ""6"": 0.12569207915417546, ""7"": 0.053748011817203074, ""8"": 0.1720995193855452, ""9"": 0.09492205122815697}","{""0"": 0.04901064262072189, ""1"": 0.04927180366965312, ""2"": 0.04924258529986809, ""3"": 0.04923154459800861, ""4"": 0.18464108783767935, ""5"": 0.1721406743889882, ""6"": 0.12569207915417546, ""7"": 0.053748011817203074, ""8"": 0.1720995193855452, ""9"": 0.09492205122815697}",[],[],0,0,0,0,0.0,ba2875492aab145b5f7b04e2ef93849888372550dd359b485c2912be097e0b45,5bc71a6b219602db45ccbbbe519267f57e94c9deca27fd7c33bca93b6e4e884e,"[""proposal_created"", ""proposal_committed"", ""audit_accepted"", ""committed_once""]"
19,noexecutor,0,none,0,0,0,0,1,0,,72.1,,0.1,,0379a9d54fda31d9e08a5f91d8e8dbc16997a7f59f1f155f53a50a90cf5f9e46,1,"{""0"": ""14431622f5d9f85bd1a3e5180b541f138652644262925109bab2fa6c1632c76a"", ""1"": ""773fcda1e8146501f1bf05b8cf479a7bbb1d38b1b1376b6412dada1a81693e4e"", ""2"": ""db11959d4239159d723185d10d6e258dc16e490e5a373aa0204998f324c950b8"", ""3"": ""ec278cb78e2d2bb5e13c54e5b6f671606318734c93f3f4ae6f03ecf34d9f6da4"", ""4"": ""3ff4d3625807ab2d91c187de00899f94c4aee63c10072a16653ebff4942ab7a2"", ""5"": ""d02b1204de59fe8d87b6349833070eafd8ce07f8bcdd2ad40d571639b30e7a8a"", ""6"": ""aca1a4e46ef20160089a581244033066680c0c55a312dedc18008d5fedd2db83"", ""7"": ""4fd334aa57be9803c384b7f9e4141718e2c1683032d4247b5e154fcd09768601"", ""8"": ""6d44017d10efce8bc83419a31838f1fb4566c6550633efde767737c96bd31065"", ""9"": ""be1618722fca3ec9d75744e2e3e80f4dc3c4a13862c963bb323978eff12e0f6b""}",,0,0,0,0,0.0,0.0,"{""0"": 0.01470319278621657, ""1"": 0.014781541100895938, ""2"": 0.014772775589960428, ""3"": 0.014769463379402586, ""4"": 0.23165313001192928, ""5"": 0.27098069607959446, ""6"": 0.07204555791439372, ""7"": 0.03645839684349901, ""8"": 0.2709683495785616, ""9"": 0.058866896715546374}","{""0"": 0.01470319278621657, ""1"": 0.014781541100895938, ""2"": 0.014772775589960428, ""3"": 0.014769463379402586, ""4"": 0.23165313001192928, ""5"": 0.27098069607959446, ""6"": 0.07204555791439372, ""7"": 0.03645839684349901, ""8"": 0.2709683495785616, ""9"": 0.058866896715546374}",[],[],0,0,0,0,0.0,5bc71a6b219602db45ccbbbe519267f57e94c9deca27fd7c33bca93b6e4e884e,09d9f3b56380b1b3dbf7aebb0ba6609dfed744b4c37ab68c235326b1b5403a1e,"[""proposal_created"", ""proposal_committed"", ""audit_accepted"", ""committed_once""]"
20,noexecutor,0,none,0,0,0,0,1,0,,72.84,,0.1,,0df4250249f77acd15fe5d3c2adc0e121eeb9cd8e8a8026825c2244548eba947,1,"{""0"": ""53d528f9ab90d0767328b3022f692d0d9852480b23d85a1cd2a514e44eb3dbdc"", ""1"": ""17481275320e4c967428ea804950abb78db9dd78ba192ca16fd804dba0c1f000"", ""2"": ""c6b04e58f84b4b268c290fe5888b0f93e27ad05db65b5713a638c73945858630"", ""3"": ""458a045450c7538b74a5f56ab563afbb99203a7252bb7d918441f11fb43aaf62"", ""4"": ""503b6f41e2547df9ff4930e11359541e579c0f5add5d0b105107c10b2ccd5966"", ""5"": ""17a0c961bf43453601d1df012c433425302d5a92c915346df7c263e6d210fc02"", ""6"": ""91b6cd560612e05a8a71bd6c725e0d97153a0f3df35de58e65c1ee0c6696edf2"", ""7"": ""5fec41e8e2fbdf089ffbb8e399e697cd9c6e032a04747f184e02f8b9d1945b7a"", ""8"": ""8ec0ecf224724872ebd50e3b2df0dbec7522b63697ddc6922eabe4198761666c"", ""9"": ""79fce2a9ab2bb301c974ab72ba8b3cb96154462004b56a1f3f5d53b5b6b393d4""}",,0,0,0,0,0.0,0.0,"{""0"": 0.004410957835864973, ""1"": 0.004434462330268783, ""2"": 0.00443183267698813, ""3"": 0.004430839013820778, ""4"": 0.25848886211343985, ""5"": 0.2702871319337394, ""6"": 0.035186069210761936, ""7"": 0.06527003762399462, ""8"": 0.14640681513659662, ""9"": 0.20665299212452493}","{""0"": 0.004410957835864973, ""1"": 0.004434462330268783, ""2"": 0.00443183267698813, ""3"": 0.004430839013820778, ""4"": 0.25848886211343985, ""5"": 0.2702871319337394, ""6"": 0.035186069210761936, ""7"": 0.06527003762399462, ""8"": 0.14640681513659662, ""9"": 0.20665299212452493}",[],[],0,0,0,0,0.0,09d9f3b56380b1b3dbf7aebb0ba6609dfed744b4c37ab68c235326b1b5403a1e,4dc72780e87080719f15dcb9403f76e668ebd0811e66fcb01de9bdfd7f3d668b,"[""proposal_created"", ""proposal_committed"", ""audit_accepted"", ""committed_once""]"
21,noexecutor,0,none,0,0,0,0,1,0,,24.28,,0.1,,20350d07ff5a3b4aafd71219b8d67fc7fd014ca15a4520edd731beee042935bc,1,"{""0"": ""56a82687b16e77bc347a3feb7d111fc655efc3c348490ac266cc6bc6532343ea"", ""1"": ""f5b4e0b83ed285e0dfaf5c744e8f0d286c08050559eba1a550687ac2b56601bc"", ""2"": ""a636825b7d2dde4d25982475d5b3e035d143280d9e37b41a262cde216c95568e"", ""3"": ""296f499f85fac4171fe5ccc51b0084ff9016e3bb032fb6d4cac60d5d356a53af"", ""4"": ""16ce2c31dc41bd4dc6f91f639081712dbd4696d23ddc886df23d0722f0f6dff6"", ""5"": ""4c634abe999b2ed1732ac63668a28ed69b6617876349ff6a2f678cefd9f6c202"", ""6"": ""fd9f873d9a60562917618b0765ef021e448d7760049f544839080a86b22dfa8d"", ""7"": ""202106aec3ba61a8371ed1b5453a359c2cdee0d534e387a4ddeb7d85dd2adcd6"", ""8"": ""3da9e5a36d1f8a963845f09f09d334408166ec92220e815cd694e2b81a655822"", ""9"": ""300016e513b5c7db4763456206bbd6d15e4b7b21aeb2aa7f279a7324635c945c""}",,0,0,0,0,0.0,0.0,"{""0"": 0.15539535546790884, ""1"": 0.15540240681623, ""2"": 0.1554016179202458, ""3"": 0.1554013198212956, ""4"": 0.16125838616543456, ""5"": 0.08108613958012184, ""6"": 0.010555820763228585, ""7"": 0.019581011287198392, ""8"": 0.043922044540979, ""9"": 0.061995897637357494}","{""0"": 0.15539535546790884, ""1"": 0.15540240681623, ""2"": 0.1554016179202458, ""3"": 0.1554013198212956, ""4"": 0.16125838616543456, ""5"": 0.08108613958012184, ""6"": 0.010555820763228585, ""7"": 0.019581011287198392, ""8"": 0.043922044540979, ""9"": 0.061995897637357494}",[],[],0,0,0,0,0.0,4dc72780e87080719f15dcb9403f76e668ebd0811e66fcb01de9bdfd7f3d668b,a8fa0c7febb6937eba1263f6c8a90f865b69aa8fc4a46b35e7f47bf60b93d401,"[""proposal_created"", ""proposal_committed"", ""audit_accepted"", ""committed_once""]"
22,noexecutor,0,none,0,0,0,0,1,0,,74.24,,0.1,,91c526220e566fad34fca549a58bfcd7239933229238a81a63a1d8ebaa4f74e2,1,"{""0"": ""6ca5e4e90a6b11e362710094bab0b1abc04c32ec564c0a3c482cbe1974222b0b"", ""1"": ""31c058e3ff6ad2ab12e5c215fa9da80f13c16b555dc6f48fa6c01a91c28d9e2f"", ""2"": ""f3c9c9c49204aa657fc9b3325830aec13ccfef2bca6d2c0486824ee2aa384305"", ""3"": ""39294a7740ef257fc8316bc0de11d511e2d2c9bd2a694d92a3080b331ccd2729"", ""4"": ""becda4314a5c703d43567eb47afb0e39452c4e5f10fd5507bf578f164fdee92a"", ""5"": ""410679a1984d6c5b0707ab1474a722bc93db0256b39eaa8310641cb8339a63d5"", ""6"": ""596e964c13750b9acb5438ee38c2ee5d7ce1f91d8a50bafc71413851d22a6277"", ""7"": ""036e3c971ac8ce1062536ff38ccc446ad19e2a0b77c9615f5995ff979bba62c5"", ""8"": ""8ed3107371d96912d0809971d37d6c09320e1d9b9eeb5517ef09ca91ba8f9081"", ""9"": ""f14bde8b86d145b9e8750d73beeff281546f27ed49632fdcba894ae448803a0e""}",,0,0,0,0,0.0,0.0,"{""0"": 0.046618606640372665, ""1"": 0.046620722044869015, ""2"": 0.04662048537607375, ""3"": 0.04662039594638869, ""4"": 0.23004069566250862, ""5"": 0.2059890216869148, ""6"": 0.02921049704929507, ""7"": 0.05411920468403544, ""8"": 0.19483979317517194, ""9"": 0.09932057773437013}","{""0"": 0.046618606640372665, ""1"": 0.046620722044869015, ""2"": 0.04662048537607375, ""3"": 0.04662039594638869, ""4"": 0.23004069566250862, ""5"": 0.2059890216869148, ""6"": 0.02921049704929507, ""7"": 0.05411920468403544, ""8"": 0.19483979317517194, ""9"": 0.09932057773437013}",[],[],0,0,0,0,0.0,a8fa0c7febb6937eba1263f6c8a90f865b69aa8fc4a46b35e7f47bf60b93d401,72a554bd54eaf076ec3d262be41c97eb0b6a16f8fad073e14a060d23573adec5,"[""proposal_created"", ""proposal_committed"", ""audit_accepted"", ""committed_once""]"
23,noexecutor,0,none,0,0,0,0,1,0,,76.13,,0.1,,8634e034f80d8d066aff97ff0c75990779b9b7e0faa481075517c43b4e08af1c,1,"{""0"": ""04d2b7726bc77468438947f42d2fa95d31762d1cd10831eee8dd7b02c7974dd7"", ""1"": ""7668043aa6337a63637896690df080af2f3a61d795f44960526583df30f20961"", ""2"": ""dae759a3b7b341105be78aa69002395ea4878a28878b9950723bd752aec98bbe"", ""3"": ""2c7203da6599d356320bf08e3f65e1d2f20ebb57c90e26d9248c241d20704be3"", ""4"": ""1c04fd7c7476ce3474bb1149f54b3092393f3bce45744e7a2d7b42bccf17ebc0"", ""5"": ""fdba7798619ca735f6c88ea8321bff7b52f8652215945848e9097911869f8a76"", ""6"": ""c96dbf982703434fae9381180839640ae355b4339253b15e98cc34ee349b5545"", ""7"": ""9bb61600acd62030ed14e85ad7d4536a0e728c7324a14c70ed0cf33f8080b93c"", ""8"": ""a13d47e2cebdbc5c9818601f021a00527c5e75d28a0e5d358bc0dae5fda4886b"", ""9"": ""66d77edeb9895535f520d9c46a843e76e8639fcfcfac4b3892b92e0dd81193cc""}",,0,0,0,0,0.0,0.0,"{""0"": 0.013985581992111798, ""1"": 0.013986216613460703, ""2"": 0.013986145612822125, ""3"": 0.013986118783916606, ""4"": 0.16132742825477145, ""5"": 0.2455418896392045, ""6"": 0.11877984935621475, ""7"": 0.08452501281663265, ""8"": 0.24219712108568164, ""9"": 0.09168463584518363}","{""0"": 0.013985581992111798, ""1"": 0.013986216613460703, ""2"": 0.013986145612822125, ""3"": 0.013986118783916606, ""4"": 0.16132742825477145, ""5"": 0.2455418896392045, ""6"": 0.11877984935621475, ""7"": 0.08452501281663265, ""8"": 0.24219712108568164, ""9"": 0.09168463584518363}",[],[],0,0,0,0,0.0,72a554bd54eaf076ec3d262be41c97eb0b6a16f8fad073e14a060d23573adec5,af440a36dba28fa72fd254b521c9616f530b74a0094c40e3e25b1c7bf13d8a69,"[""proposal_created"", ""proposal_committed"", ""audit_accepted"", ""committed_once""]"
24,noexecutor,0,none,0,0,0,0,1,0,,19.4,,0.1,,32be5fd8c3586ea937637b9ef2c798598b120adfbf6e0b9825b6b17e036173db,1,"{""0"": ""cd6911e6292e7696f253d1212c91c0290694bf8a9df47eb59a8813c60412a135"", ""1"": ""182d814ea35117b0823094c787dcaac9e08e9a79a8527cba50f9ff76a9c91964"", ""2"": ""4af5c41a18f49e6a3dbad71499076fbd16b661390d3e869e1272ba886be70cf8"", ""3"": ""d447b99eb7edd8e0c51cb4b44f2722104a3c3791b7c5ccbda3a84ad5223b3213"", ""4"": ""710a191de1ad1fdb214560669b7c0870cacd486ea6c727ad5fbfa5fe766a6b77"", ""5"": ""fc2f0a61179585a4de77018db098ef9af9e877d77b3ec6bbc0d7e0c2f94a0e72"", ""6"": ""2fda27fe537877a2171cee37ca5495151bb9f72e54d551c62a9f7428299305c6"", ""7"": ""1b65cfd0feb1413d16fef49c0d0a24a2b5a978d8afa2e2dffe229e262b7991de"", ""8"": ""d1b7eb4140e3d83c8e0ac70568194d1676cf02a403e29b873e25d38d7f577092"", ""9"": ""ac70fdaa031c9ab3d00c98d2691963b20d94cde63b98d2b02443bb0adccc084f""}",,0,0,0,0,0.0,0.0,"{""0"": 0.17919567459763355, ""1"": 0.17919586498403822, ""2"": 0.17919584368384667, ""3"": 0.179195835635175, ""4"": 0.04839822847643145, ""5"": 0.07366256689176137, ""6"": 0.03563395480686444, ""7"": 0.0253575038449898, ""8"": 0.07265913632570452, ""9"": 0.027505390753555098}","{""0"": 0.17919567459763355, ""1"": 0.17919586498403822, ""2"": 0.17919584368384667, ""3"": 0.179195835635175, ""4"": 0.04839822847643145, ""5"": 0.07366256689176137, ""6"": 0.03563395480686444, ""7"": 0.0253575038449898, ""8"": 0.07265913632570452, ""9"": 0.027505390753555098}",[],[],0,0,0,0,0.0,af440a36dba28fa72fd254b521c9616f530b74a0094c40e3e25b1c7bf13d8a69,c48e8fcfbd95880cc209f544cd9d649179ea18c6a25ae0156205858b74404fdf,"[""proposal_created"", ""proposal_committed"", ""audit_accepted"", ""committed_once""]"
25,noexecutor,0,none,0,0,0,0,1,0,,73.12,,0.1,,023a5da7a416d11a938bcaa9f6621c8dbf6d60fd5131afb209134460cb8fa7aa,1,"{""0"": ""dc39c22ccd04a50b224ac400bb0704a39be6d3af8b2773ece88baa33838f825b"", ""1"": ""d893c30ff297682d38e82a446b8a9f57f877a233a3254403434c5283f913a852"", ""2"": ""ced08ac7bba2a93e24d98dabb813996c04f7285f43b40f2eb5b7c33358bd0c2e"", ""3"": ""4073ebce66e0f6a35cfb30dab9b032cfe313c8a80d8ba3eed9698e6c9025e52a"", ""4"": ""e01755cbe42c6ce17925587eb46e35860be36e2c0b3821a176c931f3f7e81626"", ""5"": ""54c11dee6334ee568a937ff271573fd034341ee15c81d20c327db66347904bb0"", ""6"": ""3a31741d7c59d8494e0241c9214a599231e778270509c041bf383df55345b7a6"", ""7"": ""639e5d244d68c7f73532747decbbabb063d504445af32093be381175d0437328"", ""8"": ""f317187e3dfb42b8e65c291cb6073b1b195a883a837768656853f476bc503b22"", ""9"": ""b2587981e3ecaccdb4c62c510519ec8d105a13af47fac9041c9b9aca2753c5d8""}",,0,0,0,0,0.0,0.0,"{""0"": 0.05375870237929008, ""1"": 0.05375875949521147, ""2"": 0.05375875310515401, ""3"": 0.053758750690552505, ""4"": 0.16109108765571475, ""5"": 0.16867038918031374, ""6"": 0.15694013091188913, ""7"": 0.04941579982624883, ""8"": 0.16836936001049668, ""9"": 0.08047826674512877}","{""0"": 0.05375870237929008, ""1"": 0.05375875949521147, ""2"": 0.05375875310515401, ""3"": 0.053758750690552505, ""4"": 0.16109108765571475, ""5"": 0.16867038918031374, ""6"": 0.15694013091188913, ""7"": 0.04941579982624883, ""8"": 0.16836936001049668, ""9"": 0.08047826674512877}",[],[],0,0,0,0,0.0,c48e8fcfbd95880cc209f544cd9d649179ea18c6a25ae0156205858b74404fdf,83746e4f38f266193afd3fcf19ba4ce9dd4842a831b9e02dfe7842569cd1e2db,"[""proposal_created"", ""proposal_committed"", ""audit_accepted"", ""committed_once""]"
26,noexecutor,0,none,0,0,0,0,1,0,,73.92,,0.1,,862ea63eb5db6784828c9a3c188886764cf2410d992cd92f29b8c8581dc206c3,1,"{""0"": ""b082820589a136905300046e143854dbf4247da54e8bef24fde5a8b7c7a6473c"", ""1"": ""fc8c7803a5f5f1aef2518b1c3154b37b47fc9642000b6c4638a3fec49c97b942"", ""2"": ""db8d9ac00a0eccc7bd4d0d83583cdde2df5b2558576b537197fa095ec06be98b"", ""3"": ""b12ed5bab1603d6e5d1721855e237355436309efdc32ca520e5d0381b3c98799"", ""4"": ""96c70192b4e8d413c7e9d66bc8229d5cb580c681ca6f7483103ff0fe917674d3"", ""5"": ""e01555c19b1f696ea8b55b94d6816bac417d234cd422b73d20b0f3cb82e56a39"", ""6"": ""d6226be7d19cbbfee3f1d638365fae9a474ee367da4d88c80801ee6b35f4757d"", ""7"": ""3eaee5600bd11aec703a3616329948ac6241ecbd106f39139b6140add1454c39"", ""8"": ""ed24f74fd4b3f0e6b9cd2955249d2bd824ba1255d2cfe0a85dde33cd611d4fce"", ""9"": ""984fd1cd418171ab36efc9aa4cee38c29111446d8566cf06298e14f2cd9bd22d""}",,0,0,0,0,0.0,0.0,"{""0"": 0.016127610713787027, ""1"": 0.016127627848563444, ""2"": 0.016127625931546204, ""3"": 0.016127625207165753, ""4"": 0.08614020004953304, ""5"": 0.34581062125358913, ""6"": 0.07396214633271933, ""7"": 0.036908761216050835, ""8"": 0.345720312502644, ""9"": 0.046947468944401285}","{""0"": 0.016127610713787027, ""1"": 0.016127627848563444, ""2"": 0.016127625931546204, ""3"": 0.016127625207165753, ""4"": 0.08614020004953304, ""5"": 0.34581062125358913, ""6"": 0.07396214633271933, ""7"": 0.036908761216050835, ""8"": 0.345720312502644, ""9"": 0.046947468944401285}",[],[],0,0,0,0,0.0,83746e4f38f266193afd3fcf19ba4ce9dd4842a831b9e02dfe7842569cd1e2db,9f66c4d54abe0cbccdbf56667196d01782dc8492313a8cbdd160ef2360a5ffdc,"[""proposal_created"", ""proposal_committed"", ""audit_accepted"", ""committed_once""]"
27,noexecutor,0,none,0,0,0,0,1,0,,63.28,,0.1,,3b5a5dd1e6b74a4264808cf8457169fc544cacb343a9384eebe25037bafdbb45,1,"{""0"": ""d6ea1109c1f7fc7fb15e90d09b338161112ac4315a149fd2165655181d06d8d4"", ""1"": ""3e1bb52ce64a3ea06b6156dc84c314597fb896ddcaefc0abe1d5be158504d7c2"", ""2"": ""e5a68ac200dca38b789eeef3b2fc3fff341aa3df3b977760ad5728cb720d7afe"", ""3"": ""e0bb1b820cb1020da478ca5768588b0f4f948eb1bac72aafcd9e91a35f3a1f09"", ""4"": ""091824fff225da29192da6df66ff3a74cc23e6209f55b3e78aba060ac1e2fc0c"", ""5"": ""79fa3dbf05488168719d91644323d2abc7e8b4122f3322e61500a9a5def74bba"", ""6"": ""caacd66c595e556be22c8b6840551fc96f1d9b3219b6e90a2aca3c686d5295be"", ""7"": ""b88a852ca2ea840216b6a4b0160fa04387eb3fb1b17da985e34bf61534b89a68"", ""8"": ""86c59d3d339e964ba144e641cf4752ea4b127347bff7eb5d575c744c0278702e"", ""9"": ""f1035feddbc89e8447408d0fa55f3d1f8ca1378b37671ddf0dc89eecfe68f938""}",,0,0,0,0,0.0,0.0,"{""0"": 0.07759048638634838, ""1"": 0.07970278387586104, ""2"": 0.06948061988888443, ""3"": 0.04890402971166013, ""4"": 0.23620266117819513, ""5"": 0.10374318637607675, ""6"": 0.022188643899815803, ""7"": 0.0340266530857095, ""8"": 0.10371609375079321, ""9"": 0.2244448418466556}","{""0"": 0.07759048638634838, ""1"": 0.07970278387586104, ""2"": 0.06948061988888443, ""3"": 0.04890402971166013, ""4"": 0.23620266117819513, ""5"": 0.10374318637607675, ""6"": 0.022188643899815803, ""7"": 0.0340266530857095, ""8"": 0.10371609375079321, ""9"": 0.2244448418466556}",[],[],0,0,0,0,0.0,9f66c4d54abe0cbccdbf56667196d01782dc8492313a8cbdd160ef2360a5ffdc,7bc34abf3794ab97754ee8ff3c20b031dd6827f55063ae5e170a5bb16f75245d,"[""proposal_created"", ""proposal_committed"", ""audit_accepted"", ""committed_once""]"
28,noexecutor,0,none,0,0,0,0,1,0,,78.01,,0.1,,fd245bbc86fdc99ae078691194cea0956f2dd032f111c20f005ffe4c7662ad46,1,"{""0"": ""171980db53bfeffefd6b38969e09bcd101f380c1e5ae355f69382b9ae5b688f7"", ""1"": ""6d2168660946a559367198dcf590dda62fd507026f9cf1aed2c5a074d7201afd"", ""2"": ""cf62e006e13d9631ede755ea2a1e3caab858b45e6fa5bccb024d78abb7572780"", ""3"": ""9e2603cd74bccbb357fab301a4adbdae76abf23f58fac811144cee8e90952507"", ""4"": ""04c36c19a5b727095c344553f7c04c9239fd6d3ac010ae0d2684bb6ee9a4a247"", ""5"": ""320dba41f9b060478d38ae53a53f3c1342965e6563a18332b6654902cdaa70e2"", ""6"": ""2207c059c615748858e06a330b90d6cb2e72702e8d3b97aa47c86688e29e0758"", ""7"": ""fd1332adc2798f8245b6543f9a81a39cbd70d43bb1cb6624709e854f7aaf4e1e"", ""8"": ""c68ca917974346ec737826959e91540f1d8332a325a8f02331b6421cafdef9d9"", ""9"": ""b59b43572b148c7aabb0501099f4cb8b76b4ad20ee81ab28069b660949353ac5""}",,0,0,0,0,0.0,0.0,"{""0"": 0.023277145915904518, ""1"": 0.023910835162758316, ""2"": 0.020844185966665332, ""3"": 0.014671208913498041, ""4"": 0.2718178309064054, ""5"": 0.23207998846576983, ""6"": 0.04704615371596948, ""7"": 0.049455805432005694, ""8"": 0.23207186067818478, ""9"": 0.08482498484283875}","{""0"": 0.023277145915904518, ""1"": 0.023910835162758316, ""2"": 0.020844185966665332, ""3"": 0.014671208913498041, ""4"": 0.2718178309064054, ""5"": 0.23207998846576983, ""6"": 0.04704615371596948, ""7"": 0.049455805432005694, ""8"": 0.23207186067818478, ""9"": 0.08482498484283875}",[],[],0,0,0,0,0.0,7bc34abf3794ab97754ee8ff3c20b031dd6827f55063ae5e170a5bb16f75245d,57950e57fa0e753dc89a989910ec2315bb80475f5873c4258d62b55747d484e4,"[""proposal_created"", ""proposal_committed"", ""audit_accepted"", ""committed_once""]"
29,noexecutor,0,none,0,0,0,0,1,0,,30.49,,0.1,,2fecf1fc23c5a690595b3ce8f7b3072a3b441fa39a9bd1fafb9f7e18e308da92,1,"{""0"": ""106fd5c2f604793becf52209e862af00a8fbd141e4dfe3239256022958c18ed8"", ""1"": ""607cd3cfa3ef45c0885c2930444c1948c06e83d1c1ca8f31a4ffbfb84ce8c0ab"", ""2"": ""dfc776d29f891478d7695368e29fdf1fbee0a30bf7b7917ab3a6ac2c44bc6e04"", ""3"": ""44f2f0b3ff5cdbd3d5eddecc82f43dd6887623c27b6f43d8616cdce4e43dd5f3"", ""4"": ""306f8ca90e40de8b4702a23c267416475f8cc3ee0fb7e2ab8aaa734e8588b639"", ""5"": ""9ffdc8c9b766807f026431d0124f37ebb6dcd85f2ecbda0864909a133789bc28"", ""6"": ""379a601e09a285adaffa222d96bb9c5359a2e5babefd0e1ec1654956fabb92cf"", ""7"": ""7d6dc0089b850a7ea4a6cc4745171bfbce3ecb2e412a2e8381ca2320ebcdfe3d"", ""8"": ""4b3d8d93757c8d92ffcd74d2ebf9db5f3db1c84cc12ee34abb2967098da88876"", ""9"": ""f243444791a707461712565e331b3b62384b5b7c2ca24c51b9c8e178eae56498""}",,0,0,0,0,0.0,0.0,"{""0"": 0.13803303343969736, ""1"": 0.1382231402137535, ""2"": 0.1373031454549256, ""3"": 0.13545125233897543, ""4"": 0.18871630745490275, ""5"": 0.06962399653973096, ""6"": 0.014113846114790846, ""7"": 0.04356006008678192, ""8"": 0.06962155820345545, ""9"": 0.06535366015298626}","{""0"": 0.13803303343969736, ""1"": 0.1382231402137535, ""2"": 0.1373031454549256, ""3"": 0.13545125233897543, ""4"": 0.18871630745490275, ""5"": 0.06962399653973096, ""6"": 0.014113846114790846, ""7"": 0.04356006008678192, ""8"": 0.06962155820345545, ""9"": 0.06535366015298626}",[],[],0,0,0,0,0.0,57950e57fa0e753dc89a989910ec2315bb80475f5873c4258d62b55747d484e4,6c551636ef4500f39ac5b73e17468370d744456d7ac1b69e5328cc165bbc311b,"[""proposal_created"", ""proposal_committed"", ""audit_accepted"", ""committed_once""]"
30,noexecutor,0,none,0,0,0,0,1,0,,76.05,,0.1,,937cc9bfa777d46289808b03f013c5d2ecf865656b30c6a12e557b1e77e1a1f8,1,"{""0"": ""25394f6666d7e7fd88e0ae37ce68750d9faaa897a9262288faf4be09ef70d040"", ""1"": ""bf751f8fa5de29f041e7da252a209fb0ffe1eb9975d17f2e1a87374eece1dbc2"", ""2"": ""b51b6359fac048efe596d5fc0e5f032919488633324e1674623196d4f8335d11"", ""3"": ""0a9946ca18afd696d4b2fc40bcaec8278fbaae9617814443e1f03d2b09f38721"", ""4"": ""20b62993afcea39d2dd7fdfc21b60b6f8a7035699be742bbd952f855f8098c7d"", ""5"": ""3fe9532f3f58bbda55d92fd1b9f08bfc7718d99de69bf94467941c5337704a3b"", ""6"": ""62f8045c69bb76c9d56258b5b6c86088b14e5c5de3d125e99fce0ffd826b596d"", ""7"": ""86346172a9508e9e9c1f51f0e5941f5d5da02901e70f7fcdff52f341e0292511"", ""8"": ""8c9848fd9109a50fc286b33c7781a06b5aa2dfaa3ca5df0d4f0284ca2b5134b8"", ""9"": ""4dfefe14e0f23c1dc598993a34c7edb122213c1bb65fd2fd00f0faa40246b882""}",,0,0,0,0,0.0,0.0,"{""0"": 0.041409910031909206, ""1"": 0.04146694206412605, ""2"": 0.041190943636477684, ""3"": 0.04063537570169263, ""4"": 0.2053193097912268, ""5"": 0.1695916165166753, ""6"": 0.1504912609046735, ""7"": 0.05427528685517801, ""8"": 0.16959088501579264, ""9"": 0.08602846948224808}","{""0"": 0.041409910031909206, ""1"": 0.04146694206412605, ""2"": 0.041190943636477684, ""3"": 0.04063537570169263, ""4"": 0.2053193097912268, ""5"": 0.1695916165166753, ""6"": 0.1504912609046735, ""7"": 0.05427528685517801, ""8"": 0.16959088501579264, ""9"": 0.08602846948224808}",[],[],0,0,0,0,0.0,6c551636ef4500f39ac5b73e17468370d744456d7ac1b69e5328cc165bbc311b,3f1754878de4b4142ba0f55511972ad6d68a2c9ad0080b201bc99d1ed86e903d,"[""proposal_created"", ""proposal_committed"", ""audit_accepted"", ""committed_once""]"
31,noexecutor,0,none,0,0,0,0,1,0,,78.57,,0.1,,720f1922a30c181ae3253cad0f2bd5cbc312d68b9477df9250dff48ae6e85874,1,"{""0"": ""ba90d8a26f5bd16164cf221deb7535f80a8dd640b8eab9b6d1483439f022bf1c"", ""1"": ""a435780e80e9ab47be45f87c649f337059f31d3d0ce71548b09a05ff33adcf16"", ""2"": ""34253e71675b7d3930375fb13145cf84aa9b1c1abf3390fc3466773e8d2b140e"", ""3"": ""34f708e3ca5581b31f38f70abc2fe6edf9e00b92ccba2b815afa69903c66c506"", ""4"": ""a0c755c47a7f0f06e09454dffb776433a463f06d115f4a86a597614ad7e9e214"", ""5"": ""51298b536d1e891446e5ab36ef185aa423fff8deeee68fd1e3889ffe37290e05"", ""6"": ""295655f87e5365495cbe3f47742b7d0737750e5e148a426965942a24a98bb89b"", ""7"": ""e374272d9f56f2e7ad268c11ea35525a334a95bff31b8ec86ce9a9e12db8bf0a"", ""8"": ""e98b9282b47b0dad872c80c78421c64debe45acc0910fddfa7cc79db3be5cc46"", ""9"": ""2cd67a9278754defcc0e05ca8874e1cf36a595c5022b5971e6aaad81695067cd""}",,0,0,0,0,0.0,0.0,"{""0"": 0.012422973009572767, ""1"": 0.01244008261923782, ""2"": 0.01235728309094331, ""3"": 0.012190612710507793, ""4"": 0.19931498331826183, ""5"": 0.20254327449977177, ""6"": 0.0817701297176842, ""7"": 0.0969247887376837, ""8"": 0.20254305504950698, ""9"": 0.16749281724682993}","{""0"": 0.012422973009572767, ""1"": 0.01244008261923782, ""2"": 0.01235728309094331, ""3"": 0.012190612710507793, ""4"": 0.19931498331826183, ""5"": 0.20254327449977177, ""6"": 0.0817701297176842, ""7"": 0.0969247887376837, ""8"": 0.20254305504950698, ""9"": 0.16749281724682993}",[],[],0,0,0,0,0.0,3f1754878de4b4142ba0f55511972ad6d68a2c9ad0080b201bc99d1ed86e903d,935d97187c1506b8ea807505b658e25a07e4c197fc43f231494e41a513bde56b,"[""proposal_created"", ""proposal_committed"", ""audit_accepted"", ""committed_once""]"
32,noexecutor,0,none,0,0,0,0,1,0,,14.97,,0.1,,53be9c802f582c572aa6117a2e96690aba1797220989456d6e373f9f6d5645a9,1,"{""0"": ""e5ea2eb7b152c2a0ade63c4fdae1157a96e72fefb9ee7c067e66a00fb884e37f"", ""1"": ""2d57811a149e1f7a3ac407bd4a8ecf1bf78ad267c6d3e4ceb6f4568b4d62d8ac"", ""2"": ""36cac18a1b88dfed7c69b79377d0ed5e2c6aeef769af25c080a1d1d986051570"", ""3"": ""7a445e9f8ce1d7025b74d3cf4133e71799f316e3a274d516ec82bbe404a810bf"", ""4"": ""3bad53ab51a08a88c0871f3ad1b6c26d7ef15c0ea29611f82f2b8d6322a57e53"", ""5"": ""b194ae515bd0b334e6730baa7b85304740cf2e6692af64619378f7561d99c7af"", ""6"": ""613ca3e0c7145d31fb5143eb4cd5a498c5a542c1ab2bf28ad5350a3c4c3ccc36"", ""7"": ""d656bf2c0cad0e2b9a9940e8dac05119cef6bfc015a6df53c79a4bcd6dc365c7"", ""8"": ""0e55b33d1c6d740580bc4246b48014168e6ae4b77b8393209b8c34d7fc5acc8d"", ""9"": ""fba2301bbd4d97dd5ef874e7ae5108be283d9981b548f2f241f09524bc953480""}",,0,0,0,0,0.0,0.0,"{""0"": 0.17872689190287183, ""1"": 0.17873202478577133, ""2"": 0.178707184927283, ""3"": 0.17865718381315232, ""4"": 0.05979449499547856, ""5"": 0.06076298234993154, ""6"": 0.024531038915305264, ""7"": 0.029077436621305117, ""8"": 0.060762916514852106, ""9"": 0.05024784517404899}","{""0"": 0.17872689190287183, ""1"": 0.17873202478577133, ""2"": 0.178707184927283, ""3"": 0.17865718381315232, ""4"": 0.05979449499547856, ""5"": 0.06076298234993154, ""6"": 0.024531038915305264, ""7"": 0.029077436621305117, ""8"": 0.060762916514852106, ""9"": 0.05024784517404899}",[],[],0,0,0,0,0.0,935d97187c1506b8ea807505b658e25a07e4c197fc43f231494e41a513bde56b,f8b03cd1839e9846409fcbefd384265f8741a5fa3dc63d1d9de2eef9dbf59e11,"[""proposal_created"", ""proposal_committed"", ""audit_accepted"", ""committed_once""]"
33,noexecutor,0,none,0,0,0,0,1,0,,76.63,,0.1,,d9f7905200682fa6698727de0f901b61c2e6419ccf256afd1dc311994c1e9908,1,"{""0"": ""81e2fea162923d4a67952516d2cfb1fa91da39c3f58140dc587553631a43dc51"", ""1"": ""b76bd6df235bfa564be74c506c02b5d3d3cb9b9f7b59d6e6c8decc00d1ce3892"", ""2"": ""b5ce25b4ec52767c9e8573da0068676c496fb70e48f0592bed295529663d1e46"", ""3"": ""6919527137ebfa30e7790386c7b7af2272e14819db210f4cfd4634f64d0acd57"", ""4"": ""af2fa993a44c955a25c1ed95fb539912b4399069acce3ea1f4eed4fb2a33e5ff"", ""5"": ""bc09993cd5ec092d405b76464f6d5f48b5b63f0727cf70d59b9d66b3b9e11a07"", ""6"": ""ccf32b721fd7f4bd0c9ce0e71ec213de7b52a877ae0c88081bb7e8edc4bf943f"", ""7"": ""b912198608b64eb42fa910882d0b597bf9b067e46ff5e6884501ff75158dd69b"", ""8"": ""36e1491590237abd827b82b6911a7dc522e7efd17728ddef5bd297d58dde65c5"", ""9"": ""d019eb6ac89e03814261987ade7c0b7567b21a0e0f9f3c552026863906fd1bf5""}",,0,0,0,0,0.0,0.0,"{""0"": 0.05361806757086156, ""1"": 0.05361960743573141, ""2"": 0.0536121554781849, ""3"": 0.0535971551439457, ""4"": 0.16158828695533925, ""5"": 0.16187883316167515, ""6"": 0.13034820078264994, ""7"": 0.0779568086602842, ""8"": 0.16187881341115132, ""9"": 0.09190207140017669}","{""0"": 0.05361806757086156, ""1"": 0.05361960743573141, ""2"": 0.0536121554781849, ""3"": 0.0535971551439457, ""4"": 0.16158828695533925, ""5"": 0.16187883316167515, ""6"": 0.13034820078264994, ""7"": 0.0779568086602842, ""8"": 0.16187881341115132, ""9"": 0.09190207140017669}",[],[],0,0,0,0,0.0,f8b03cd1839e9846409fcbefd384265f8741a5fa3dc63d1d9de2eef9dbf59e11,26f6a7991e02cac9dc477a2680bcd2c52ac3ea7abd55b95477851805552f03de,"[""proposal_created"", ""proposal_committed"", ""audit_accepted"", ""committed_once""]"
34,noexecutor,0,none,0,0,0,0,1,0,,75.54,,0.1,,a2162b38c86e2ff313c27f0095304d7fb2b78cbe5ebc0dcea888fd79951f3a78,1,"{""0"": ""6d0ff0f56716e0644bc5ef25ef243e1e1af99e27b39e3c16fd9adf543b6e03bc"", ""1"": ""e05e98aeb2ac8ab3ac708b7ed94990dc57b2368d5189ce37f12676ae8c28c2a3"", ""2"": ""7e83f6045757dac3abecae58573de54a39dcf004e4b089d824c5b7b78c8af556"", ""3"": ""9eacbf1fe566d24eb7cb05ff180aeb9d1edb696c457f11f6a34752c384618877"", ""4"": ""3e355451e2955b636c27ed65a98c0a5bb7c6b7d40f42a1010633302c5527d5c4"", ""5"": ""1d56414b4c83c36e26b4145c6f6dc8ea49cfdcfe0b5a4fd7d2516839898feb35"", ""6"": ""31f7986414cdaed5ad3a230aeb8b97ce970c33fac418c206a93cb5acaf5404ee"", ""7"": ""0b3dbff5407f090e3cf86bf61b0080a1e9a4c67d35f7abeff0b21bbec8f97873"", ""8"": ""7104958cfa2e43131a990f47575375ae7ed71c1e42c8570d3fe53f02789414d7"", ""9"": ""b8fee6c82b9923db104adc0d1ab95afb5e0a208c4add8d24f5bdcf160c0bd936""}",,0,0,0,0,0.0,0.0,"{""0"": 0.016085420271258467, ""1"": 0.016085882230719422, ""2"": 0.01608364664345547, ""3"": 0.01607914654318371, ""4"": 0.08887860693585332, ""5"": 0.2923136243967692, ""6"": 0.11206178215335949, ""7"": 0.0839367771329776, ""8"": 0.2923136184716121, ""9"": 0.06616149522081106}","{""0"": 0.016085420271258467, ""1"": 0.016085882230719422, ""2"": 0.01608364664345547, ""3"": 0.01607914654318371, ""4"": 0.08887860693585332, ""5"": 0.2923136243967692, ""6"": 0.11206178215335949, ""7"": 0.0839367771329776, ""8"": 0.2923136184716121, ""9"": 0.06616149522081106}",[],[],0,0,0,0,0.0,26f6a7991e02cac9dc477a2680bcd2c52ac3ea7abd55b95477851805552f03de,1621e85775e6fecddfeef2489b917455a70600795d86d0e9fab0fc96dd1380a6,"[""proposal_created"", ""proposal_committed"", ""audit_accepted"", ""committed_once""]"
35,noexecutor,0,none,0,0,0,0,1,0,,15.14,,0.1,,509bac9c33414d4a4fafcc780d77f21c4fabbf2c02e7dc84677f266e49c27a17,1,"{""0"": ""a3909d94039447a55bd0b99ea23ea4273ac8b644c6cc78e55cb6d13dafc2d245"", ""1"": ""4fe253e39a2ba4710702b96b69a2767ac6acea066da7b27d1d9d20318488fa26"", ""2"": ""79bb95cbca65c5db38683ae1e39c19034ca079246e75b8b45200d7b22165cd2f"", ""3"": ""3ef352db16b4cf2c489d5090862cf807d4a09fee05a3db34c9e53166d2bae6e6"", ""4"": ""d7ab1cedf0960d3d86e85201832afdcfffd501cca64d49dfdebb10080cdf33e8"", ""5"": ""86ba15e49979946ad199cdbda5769e2f2f667c0dd92aa1d511023c14f48c8c33"", ""6"": ""75425ab950e44e70082bedb9d670c8e6732621a69cca25c246a0eb0e5b3f2601"", ""7"": ""1e30bdb149c899ee219c5ac683ea0863d15146c156688af456f681d37fc5d15d"", ""8"": ""9034e6f069b3be44a14f09c32151c885589c0ec68a983a0d635e9f2c6a434ed5"", ""9"": ""34ba14c43e2497bb17258d161725f03f3ba382ffd796c6f7778c14df9a68c34a""}",,0,0,0,0,0.0,0.0,"{""0"": 0.17982562608137756, ""1"": 0.17982576466921585, ""2"": 0.17982509399303667, ""3"": 0.17982374396295514, ""4"": 0.026663582080756004, ""5"": 0.08769408731903079, ""6"": 0.03361853464600786, ""7"": 0.02518103313989329, ""8"": 0.08769408554148365, ""9"": 0.019848448566243324}","{""0"": 0.17982562608137756, ""1"": 0.17982576466921585, ""2"": 0.17982509399303667, ""3"": 0.17982374396295514, ""4"": 0.026663582080756004, ""5"": 0.08769408731903079, ""6"": 0.03361853464600786, ""7"": 0.02518103313989329, ""8"": 0.08769408554148365, ""9"": 0.019848448566243324}",[],[],0,0,0,0,0.0,1621e85775e6fecddfeef2489b917455a70600795d86d0e9fab0fc96dd1380a6,fe002b01f3cf6a9aa8cf349945c8f9c047bd0e64e406f60dc9bad20c72cb4730,"[""proposal_created"", ""proposal_committed"", ""audit_accepted"", ""committed_once""]"
36,noexecutor,0,none,0,0,0,0,1,0,,75.61,,0.1,,db182e6d7e896e14c53f4928399e20f6ff5d7102fd5a537a5d2fb5ab4cb8f21a,1,"{""0"": ""b9e3b874e3c24a5fc86814130288f454029969b0f7393b78021cc5a886286f05"", ""1"": ""097d29da3815842a97e1b58420532584e3200ca1ad069473baaca0d7cf051712"", ""2"": ""5849ec9901532e66348663eb3ddf5fb910e92163f59e527926ee5c0b2fdd2f0a"", ""3"": ""85e4ca54750112fbe78c3d617692f083819716c801ef3314ab702b96d049ec53"", ""4"": ""a59947222e2efa0429cd4e3dd85d078b83d3ab60f31ae3ac9c0a0df1a65e8309"", ""5"": ""6a453cda8bfd851c34c7068e8c137a318ac9cc1a00754e0ee5b1e96cbbf68629"", ""6"": ""68597dd5c28cee67b4213d881996e95dc4461253d42c5d2bd440cd1e1b607e99"", ""7"": ""8afbe68799c8afbe9d64acd978234ffa8f4ea541444215e40016169f239ec74b"", ""8"": ""0b1e8719b60b2dbc9040d5dd91fa0941e197d6640ec57d24790e8bb61264763c"", ""9"": ""a167306432629baedfccc6bfa4168f973ff9a6195c049777ff6d5d988d360e45""}",,0,0,0,0,0.0,0.0,"{""0"": 0.053947687824413275, ""1"": 0.05394772940076476, ""2"": 0.05394752819791101, ""3"": 0.05394712318888655, ""4"": 0.15343473062518193, ""5"": 0.17174388219666437, ""6"": 0.10842966500079601, ""7"": 0.06792843800815583, ""8"": 0.1717438816634002, ""9"": 0.11092933389382603}","{""0"": 0.053947687824413275, ""1"": 0.05394772940076476, ""2"": 0.05394752819791101, ""3"": 0.05394712318888655, ""4"": 0.15343473062518193, ""5"": 0.17174388219666437, ""6"": 0.10842966500079601, ""7"": 0.06792843800815583, ""8"": 0.1717438816634002, ""9"": 0.11092933389382603}",[],[],0,0,0,0,0.0,fe002b01f3cf6a9aa8cf349945c8f9c047bd0e64e406f60dc9bad20c72cb4730,aee92058081858266c495011726459ac6c2724d6e601420814d422b17d4e5c9a,"[""proposal_created"", ""proposal_committed"", ""audit_accepted"", ""committed_once""]"
37,noexecutor,0,none,0,0,0,0,1,0,,79.93,,0.1,,125c2116a55f5fb164434aaa096b9e0089cd12dca19c27d58454db4fa4bd106d,1,"{""0"": ""62352fc01fff959190b60937fb6919c8bd5da6a0e9162adb6a76821dd679148f"", ""1"": ""98d3eae12383a6d6effd675cab7cd87e270edb3ea896f07438a74cbd101aefc3"", ""2"": ""3657d2b98daaac78602953991fb9469eea19ec74de0cd3e7ca1b7c93f9929c13"", ""3"": ""56f3588bcbaf5c26b54b84f26b64260bb2762602e22c8ddabee359043ac30600"", ""4"": ""ca27d35d21168d88762a8e089a89abd187793848c87800e50519bd15ca570255"", ""5"": ""d2f1fb142b4255cf430e247d66610551887143a2abb5d50320df3a77d860f38e"", ""6"": ""b39da342c8a8a0ddbe7e5a6f08afea63b6ff8fec9b150edc07efcfa38b215839"", ""7"": ""98a60ff0378128c2a3f310c9c4a3d4076fa44c7d66b37187b18ad64d32b020cb"", ""8"": ""ca3af5421d4644a5783259e049ecae5cdaab07b7492131a25108f8a0e30d2017"", ""9"": ""3ac35eedacc6daab67ee98dcfcf6433d3da9bfbcc57040663275766c60a4e938""}",,0,0,0,0,0.0,0.0,"{""0"": 0.016184306347323988, ""1"": 0.016184318820229433, ""2"": 0.016184258459373307, ""3"": 0.01618413695666597, ""4"": 0.1730716067441085, ""5"": 0.22470825360391639, ""6"": 0.08669688128277968, ""7"": 0.10372277253582633, ""8"": 0.23532020644097515, ""9"": 0.11174325880880132}","{""0"": 0.016184306347323988, ""1"": 0.016184318820229433, ""2"": 0.016184258459373307, ""3"": 0.01618413695666597, ""4"": 0.1730716067441085, ""5"": 0.22470825360391639, ""6"": 0.08669688128277968, ""7"": 0.10372277253582633, ""8"": 0.23532020644097515, ""9"": 0.11174325880880132}",[],[],0,0,0,0,0.0,aee92058081858266c495011726459ac6c2724d6e601420814d422b17d4e5c9a,4a1ffa842deef25ef7d0786babd5da5859d256ce460bd1a5f7bf5e692c864483,"[""proposal_created"", ""proposal_committed"", ""audit_accepted"", ""committed_once""]"
38,noexecutor,0,none,0,0,0,0,1,0,,17.32,,0.1,,ac807775273a7d7261411ebebe9962763ee0db1e2fd3c8686bd3d34867ccf004,1,"{""0"": ""a3e82a646cedd44cd5784abc44e325b3a7d34c153518226b157baa29e749a5f0"", ""1"": ""2d94b550f5e295faab239505d4a4301ae54263bbc652c4896d36f31c706a27d8"", ""2"": ""acf2ff39a53899c4a84d24f0483c8ade1330cfbf1f8f031fc164023961ad1490"", ""3"": ""64689913fe7ce8f67da490fcb31eb662d93b766a31b050744ff246bbaff6d9f5"", ""4"": ""02d01e879eca8f0806b741591fba8ce5e668016c3c4153e4f60385155c5cc141"", ""5"": ""7bb3ce6807ae973b2b79d4a1190b5a3f557a987a5ef351f8f6ebd16be633ff8a"", ""6"": ""d1df94fbf5d97bf0308f285a20cbe339c0dbb801e41c7121eb958ba9cd768e2f"", ""7"": ""826bf214ecf6b489b7966c97774046dd70dd7b72fe6ebb60663208fe641dc33d"", ""8"": ""c30050b96d9df7f2545ea889c545b5662022b9d9d7d06630fd094d278a3c117b"", ""9"": ""b506ec8bf81010a1c669c1dcfdd868fce5c54bda7d37e60449d7c5ae846350d4""}",,0,0,0,0,0.0,0.0,"{""0"": 0.17547419648455076, ""1"": 0.17547420022642238, ""2"": 0.17547418211816554, ""3"": 0.17547414566735334, ""4"": 0.06944586370181834, ""5"": 0.06741247608117493, ""6"": 0.026009064384833906, ""7"": 0.031116831760747903, ""8"": 0.07059606193229255, ""9"": 0.0335229776426404}","{""0"": 0.17547419648455076, ""1"": 0.17547420022642238, ""2"": 0.17547418211816554, ""3"": 0.17547414566735334, ""4"": 0.06944586370181834, ""5"": 0.06741247608117493, ""6"": 0.026009064384833906, ""7"": 0.031116831760747903, ""8"": 0.07059606193229255, ""9"": 0.0335229776426404}",[],[],0,0,0,0,0.0,4a1ffa842deef25ef7d0786babd5da5859d256ce460bd1a5f7bf5e692c864483,f0b5fd68ce5c7a94058e5bc0370beef45619af7678d35ad60e6bcb2b191f7b77,"[""proposal_created"", ""proposal_committed"", ""audit_accepted"", ""committed_once""]"
39,noexecutor,0,none,0,0,0,0,1,0,,74.84,,0.1,,ac2f79c8c5c189f037f00fce780a74bf072e74d8be98399937ad1858b8caa437,1,"{""0"": ""be963cf758cb9651e0585ad523952ed47631d3f7206b07308cc6e29a3a335e51"", ""1"": ""cdc15d26fb6d123fa9f2e99e9db858afa99c39a0fcd20c47eb56c822fcf26688"", ""2"": ""6628581e45c1b9e0b4137e3e2b538ddfd04099b0ecc3efa2ee5321500651add5"", ""3"": ""07cb1be442a2bb3edd3368ecae51b0298f7d8d9cb36edd54544f25d57649ce4f"", ""4"": ""f79515db365262e7e252caffa0f788c9b136a3c4f5b41ecd49f002cb4c820884"", ""5"": ""6a04d9e91077559cd8c6d96942acef4778c800da5b7af456459481370f0a9533"", ""6"": ""054fe5a73b0e85c822506e4d75742ebe650d15d2ea5ba8f0d27ce3fdcf3a7d4b"", ""7"": ""1c5e33cf8a037af172649ff188f453fbf7be67237c402b6f82e025e64d0e533e"", ""8"": ""954156983bd21d4c1f5b4a20403f94c96b903b2fcec3b574f0d005e167a20368"", ""9"": ""24a2b305955e06baf2e0203b6c0764059cbf6220b1eabaa78d6252f5b0a3a60c""}",,0,0,0,0,0.0,0.0,"{""0"": 0.052642258945365235, ""1"": 0.05264226006792672, ""2"": 0.05264225463544967, ""3"": 0.05264224370020601, ""4"": 0.16587849258275367, ""5"": 0.16526847629656066, ""6"": 0.14396208801846608, ""7"": 0.06104964448981139, ""8"": 0.16622355205189593, ""9"": 0.08704872921156473}","{""0"": 0.052642258945365235, ""1"": 0.05264226006792672, ""2"": 0.05264225463544967, ""3"": 0.05264224370020601, ""4"": 0.16587849258275367, ""5"": 0.16526847629656066, ""6"": 0.14396208801846608, ""7"": 0.06104964448981139, ""8"": 0.16622355205189593, ""9"": 0.08704872921156473}",[],[],0,0,0,0,0.0,f0b5fd68ce5c7a94058e5bc0370beef45619af7678d35ad60e6bcb2b191f7b77,966d8737ed19203add5e830f7ca3f390db6715f880c3f71d1d85de95ae6d46d9,"[""proposal_created"", ""proposal_committed"", ""audit_accepted"", ""committed_once""]"
40,noexecutor,0,none,0,0,0,0,1,0,,77.77,,0.1,,52b0e0a96d375a171d4770535e89f3dc729b9eb883d60789e76155a7076a1f95,1,"{""0"": ""2ee43e3a6b1979f401b7c168afc3bd4c8804bc09fb72184b4e37cf10709b0373"", ""1"": ""75dcc1912aaebceeb4d9d587ac65edd2ead1610a3c9cec556e4fb23859c0faa8"", ""2"": ""41bb0caffca3a2443e77bac687ea25d95c80251246097b6b5ca0ef990368d5bc"", ""3"": ""5da562a633729bbdc204f7270b85401a9b8d5459b432918efed13404e3bca98a"", ""4"": ""7abdafdef866360a23c52dd139589a94bf0becf4a5ffd6dbf530cfd4511a4661"", ""5"": ""039566a98057f2aa62f98b74a3390b87e1646e4d9eaacecf54a9a369a376379d"", ""6"": ""404c9a5f24f4482bad39f9be5adc586450bd856bf7875d83e4b634f2b9e32b0c"", ""7"": ""adb4e131871838e09e515a9a629c7c14850f822f07ef5b23fe3dda7a3c2396e1"", ""8"": ""1ec2d30136694f74c12e1b3f3eb85eb3396e141ca18670ba3ac42f3373f2c267"", ""9"": ""607f1a1afcd950aded7a7457d3eb64f90a9c071c614271d5ffa7f82d06c88228""}",,0,0,0,0,0.0,0.0,"{""0"": 0.01579267768360957, ""1"": 0.015792678020378016, ""2"": 0.0157926763906349, ""3"": 0.0157926731100618, ""4"": 0.09331810229558792, ""5"": 0.1849886092384325, ""6"": 0.09840998757674271, ""7"": 0.06522125923617024, ""8"": 0.4372627619092091, ""9"": 0.05762857453917315}","{""0"": 0.01579267768360957, ""1"": 0.015792678020378016, ""2"": 0.0157926763906349, ""3"": 0.0157926731100618, ""4"": 0.09331810229558792, ""5"": 0.1849886092384325, ""6"": 0.09840998757674271, ""7"": 0.06522125923617024, ""8"": 0.4372627619092091, ""9"": 0.05762857453917315}",[],[],0,0,0,0,0.0,966d8737ed19203add5e830f7ca3f390db6715f880c3f71d1d85de95ae6d46d9,4cfd9ba36dac7834f4dde640b1ed7d30cda072e5f0dea709881cc0e07a227272,"[""proposal_created"", ""proposal_committed"", ""audit_accepted"", ""committed_once""]"
41,noexecutor,0,none,0,0,0,0,1,0,,17.78,,0.1,,64915c0f5a691242dd3deb03cac5c233bb4b13e6f648b845aa58a6c3ec3c6c39,1,"{""0"": ""b2b789c5ee2712c332cb845a621f3054ae0edb0e3a98a6c9a8183c68273e7b4c"", ""1"": ""b68621cadbc0c2d5c00bed56a899d0f2114d62e6a7bc7b8af32795432c3eaee8"", ""2"": ""9dd550d680de28d0f9a260a268a559944fc44bd87bea87066cd845aab311b424"", ""3"": ""e15e231e11b289ba89058bbc209a0d57c51ee45c40961ef3ff19e8b4fd1e30a1"", ""4"": ""3eaf4a4b0493c1ae7e82ccfdd82805c808f3fc246aabb1d341db2113912810e8"", ""5"": ""d5a799a7c28414cfac3faeb9b80308cdc526df553808944e84d299e61bfb3b2b"", ""6"": ""45d0dfb932745609cb051adfb0200c2648d381c1518b0722b96a0b6b62785dbd"", ""7"": ""2b3f9f8b10060aca94db6da99c929495340acd02ebeb6978f0bdce636f0ab385"", ""8"": ""fb3a153159022dfd601f7cc2e28c2582852c08365e8b658f66927c7b68fe1f96"", ""9"": ""dc6def3defe76768638890a2ba9b60687bbcd41a6480b34aa446039723c9d491""}",,0,0,0,0,0.0,0.0,"{""0"": 0.1395398894659089, ""1"": 0.2054120196897036, ""2"": 0.20541201920078067, ""3"": 0.1612737164151671, ""4"": 0.03154751444292576, ""5"": 0.05549658277152976, ""6"": 0.02952299627302282, ""7"": 0.019566377770851073, ""8"": 0.13117882857276275, ""9"": 0.021050055397347535}","{""0"": 0.1395398894659089, ""1"": 0.2054120196897036, ""2"": 0.20541201920078067, ""3"": 0.1612737164151671, ""4"": 0.03154751444292576, ""5"": 0.05549658277152976, ""6"": 0.02952299627302282, ""7"": 0.019566377770851073, ""8"": 0.13117882857276275, ""9"": 0.021050055397347535}",[],[],0,0,0,0,0.0,4cfd9ba36dac7834f4dde640b1ed7d30cda072e5f0dea709881cc0e07a227272,bfd1a33ee7b12c47afb52bc2596ab0bd8d21f148eaaf831b7fdc7fa3e9705ebd,"[""proposal_created"", ""proposal_committed"", ""audit_accepted"", ""committed_once""]"
42,noexecutor,0,none,0,0,0,0,1,0,,75.66,,0.1,,7dfeeb7c9c2796b876d4bcffa4209d5eb810c81cb373e2386a9ccf105998522e,1,"{""0"": ""9d0b083f34cbf243ad4d8265ac0da254a5b0e7aeefd1a0ba9869b76d721dfdcf"", ""1"": ""b913a6fb7e02c3b86f12cc17541c6d53a115be67bbb453f3f56cfa17cd8365f4"", ""2"": ""d7ac5183187eddc456cff5272bc9a016897e61d85f5af2bc10e3e00964d8de05"", ""3"": ""2fd5424663fe3834881993cfc7666d5c97aa9451df8acc908ae8f74c0a5671f5"", ""4"": ""53f2d4847cd7f6c265f1921d0b4cbd1cc7c355015018cdc98177f780da2b4032"", ""5"": ""bf2b5045acffb2d747154db6fd62b230e74a4c7671ce44c451d59bc728c931db"", ""6"": ""91bed73a4ffb2e5f175b7f885d6736484be7ad8b67510759894268442b82fb41"", ""7"": ""87159d7046ae9727c6bd6e013946c74c7fddafea2ecb6dde76192af8fb04d146"", ""8"": ""d7954eb509e18c259b3650afc4dcc99dafa3a6a9d7f01d1419c849a0eba02234"", ""9"": ""e51c2422844349c27596bbeff2b1781fa3a0e569b96caa04b5447f07a324e9ec""}",,0,0,0,0,0.0,0.0,"{""0"": 0.041861966839772675, ""1"": 0.06162360590691109, ""2"": 0.061623605760234214, ""3"": 0.04838211492455014, ""4"": 0.15637930391653934, ""5"": 0.16356402441512055, ""6"": 0.1091465616121847, ""7"": 0.07093137505629198, ""8"": 0.18626869815549044, ""9"": 0.1002187434129049}","{""0"": 0.041861966839772675, ""1"": 0.06162360590691109, ""2"": 0.061623605760234214, ""3"": 0.04838211492455014, ""4"": 0.15637930391653934, ""5"": 0.16356402441512055, ""6"": 0.1091465616121847, ""7"": 0.07093137505629198, ""8"": 0.18626869815549044, ""9"": 0.1002187434129049}",[],[],0,0,0,0,0.0,bfd1a33ee7b12c47afb52bc2596ab0bd8d21f148eaaf831b7fdc7fa3e9705ebd,2e2cadd18fa679d019f413e4dc3d58a4acd79c364d6980218d1ad579e571cadb,"[""proposal_created"", ""proposal_committed"", ""audit_accepted"", ""committed_once""]"
43,noexecutor,0,none,0,0,0,0,1,0,,78.0,,0.1,,d66c4c9c43f40e1133508620711621ec950a604a5b5a4a47fe02eaad02d8c8cd,1,"{""0"": ""78790df19f070ea249a4431fc144a25e7a09b21b2aa65f68c363741cc4bf6ca7"", ""1"": ""92e2100439fc98ef5a70dae24b869881eb58a7d048ddd24018bd20335254db44"", ""2"": ""220c35ff61abb962c7684fc8a7f8ed86e5ed99135efe984cd3d8e31735dbd906"", ""3"": ""7f3f356a1e48cad74e720b9e61c86527a6c178f9e0fd89fd7f3d0097860c4dc0"", ""4"": ""a5985208212d326e46c0fcc389a7d4c6da6f9227962c026c6419203dd291b93c"", ""5"": ""07e8bc991966ef123fb3b484f9d621a845e5e836f51e61d6cbdf1f997e331c10"", ""6"": ""d050895a2361de29b5f83385e2b66fdacce69a0c140eb7e99c2ee381c4389919"", ""7"": ""66feeb7732a149b1cf72da7f4412ef04f0130098ba08856ed5dfe2e3d0d3025b"", ""8"": ""012683a9dfd86110eee6c466160099540f615ceb51dfdbe9230b843791c502d2"", ""9"": ""fb6577ecf1989595926da8546f4cd954c4b39b77ec6e7bd467c4c80371736636""}",,0,0,0,0,0.0,0.0,"{""0"": 0.012558590051931804, ""1"": 0.01848708177207333, ""2"": 0.018487081728070266, ""3"": 0.014514634477365045, ""4"": 0.11280186228304576, ""5"": 0.3197104695896318, ""6"": 0.06702597822417246, ""7"": 0.06108440750333996, ""8"": 0.32652187171174274, ""9"": 0.04880802265862683}","{""0"": 0.012558590051931804, ""1"": 0.01848708177207333, ""2"": 0.018487081728070266, ""3"": 0.014514634477365045, ""4"": 0.11280186228304576, ""5"": 0.3197104695896318, ""6"": 0.06702597822417246, ""7"": 0.06108440750333996, ""8"": 0.32652187171174274, ""9"": 0.04880802265862683}",[],[],0,0,0,0,0.0,2e2cadd18fa679d019f413e4dc3d58a4acd79c364d6980218d1ad579e571cadb,40ace0a6429a7ba0da5dae4cd0a8f9c84d9d63e85aedea4b73c3bf0fff1d3633,"[""proposal_created"", ""proposal_committed"", ""audit_accepted"", ""committed_once""]"
44,noexecutor,0,none,0,0,0,0,1,0,,19.84,,0.1,,b2a12f3300392863522c72ad7291dcdd432ef258e94e87523d497d1ca9abdf40,1,"{""0"": ""4c26fb7130efce57d5a1ff063d4a307a84d7ce845b1b7fd1ff38d6b9aa0ed660"", ""1"": ""8005caf699fa3bd6753255b22eb6f7870c96ba4f22571b7bb654386a71cfa691"", ""2"": ""bc6f207c16fd787e88785c1cb5d574c8bb7b219c960866d2833fcd7815f96251"", ""3"": ""9f1b4451c917be2046ef28246a67fc07ef6cb39114f1d78548449ea60b29927b"", ""4"": ""dcf05f6677180f45489fbc33a88a288e9453e7ee38de8075ebdc98c0835759a9"", ""5"": ""307264b5bd7a3a7fda61d57001547215afa25994714b65e4fdbd9ca3546e9c0d"", ""6"": ""583010492ca92ce912398226a73b2e3daf60d6bb625d8ef23d5f2d4bbe59b601"", ""7"": ""868a1e357f12ee8706f3afa73c0c43001acc799324aeabdcc0946476941b2d14"", ""8"": ""7560b4d71aefe4bceb10f2cb6c22266c5607052ef52ae548359a1b6e71f8b0ea"", ""9"": ""81a878d5432f27bfccd91d2c344a853fa9389147acedfe025862c252e0374969""}",,0,0,0,0,0.0,0.0,"{""0"": 0.17062055604449702, ""1"": 0.1723991035605395, ""2"": 0.17239910354733856, ""3"": 0.171207369372127, ""4"": 0.06642864256924366, ""5"": 0.09591314087688955, ""6"": 0.02010779346725174, ""7"": 0.01832532225100199, ""8"": 0.09795656151352283, ""9"": 0.014642406797588051}","{""0"": 0.17062055604449702, ""1"": 0.1723991035605395, ""2"": 0.17239910354733856, ""3"": 0.171207369372127, ""4"": 0.06642864256924366, ""5"": 0.09591314087688955, ""6"": 0.02010779346725174, ""7"": 0.01832532225100199, ""8"": 0.09795656151352283, ""9"": 0.014642406797588051}",[],[],0,0,0,0,0.0,40ace0a6429a7ba0da5dae4cd0a8f9c84d9d63e85aedea4b73c3bf0fff1d3633,5377a45dd46251ded85f27df98bc06fdf52c69401d7422804cef5050ef7b1a3a,"[""proposal_created"", ""proposal_committed"", ""audit_accepted"", ""committed_once""]"
45,noexecutor,0,none,0,0,0,0,1,0,,76.54,,0.1,,3cd07aa0610b8a23721fc46b28e4dc8953f8451212847cb7711b3e159ecda79f,1,"{""0"": ""3bd43c743d373ec79f83e2654cdcfa8c5e62bd5db3d0205126743bbb7220fdca"", ""1"": ""97acc737ff28bed5ab460f7fb6499240ad3a48b1a9813684fb3637dc06e67a5e"", ""2"": ""a9802ffbc21377df09eaf69f52f2158af09333d0e866b8274fe5ad325337515b"", ""3"": ""85e13910aad6fcb44570368209f81d95ee689d3566e43a86558f6236c9e4312d"", ""4"": ""13a948754d0dfaf189057ac041c1d66a3805cd6b43d1da48faa2d6b4d2e64651"", ""5"": ""cb61b9ab4b30c8740e17db5f91d7d4059e4922dcb47b927587ef28bfef8dc24a"", ""6"": ""b0238421f7ae8bb5fa89dc7e2945096fadddffc01859e4fee07c52e7fb86b8e2"", ""7"": ""75cde798324b967c8aa3aeab0a1077e3cca70341bc04bc1741a46c0cd2778294"", ""8"": ""2d0e2d48b24ad8b39c447a1433df2231c12f59a2acf6af3e909a90735b054098"", ""9"": ""782f93da5aa72639a5e9c700795afe0b8897caf9afb7138a3cfc9fe33784d217""}",,0,0,0,0,0.0,0.0,"{""0"": 0.051186166813349115, ""1"": 0.051719731068161856, ""2"": 0.05171973106420158, ""3"": 0.0513622108116381, ""4"": 0.15476826617625314, ""5"": 0.1636136156685469, ""6"": 0.1225286163004815, ""7"": 0.08371694415310453, ""8"": 0.1642266418595369, ""9"": 0.1051580760847264}","{""0"": 0.051186166813349115, ""1"": 0.051719731068161856, ""2"": 0.05171973106420158, ""3"": 0.0513622108116381, ""4"": 0.15476826617625314, ""5"": 0.1636136156685469, ""6"": 0.1225286163004815, ""7"": 0.08371694415310453, ""8"": 0.1642266418595369, ""9"": 0.1051580760847264}",[],[],0,0,0,0,0.0,5377a45dd46251ded85f27df98bc06fdf52c69401d7422804cef5050ef7b1a3a,e2674650c7b04b2c67af41942158f69eb4a25096ea1c56a42880143cd23b2476,"[""proposal_created"", ""proposal_committed"", ""audit_accepted"", ""committed_once""]"
46,noexecutor,0,none,0,0,0,0,1,0,,78.69,,0.1,,b7038d82dc4754f26a5de1804ebc17d3b769c68e907e5315be59d8f437945f7f,1,"{""0"": ""bedcb3a1fdaa530e1759500fa7b7deb2fa7b07918b36ebdddb2d9def0eab39e9"", ""1"": ""a71fa6f3903fcd7361b4b1a84a21a35a625dde26a05bea448ddb726893b3ecfb"", ""2"": ""5d12cd457181623d04fb9f7146b60369339999d0be3bcd3d79ee5a3d510cd5f3"", ""3"": ""b7787fbb0501a3b5d24f9b78f8b2eaec5d5fa34d33a6b77a9997d6176cabba64"", ""4"": ""fc09d21eb02aaccbadd9af10ee13f00cd075a789aa0508ca06eff37016132d93"", ""5"": ""49557813844bd6e36e40700ed008e230c5cd8bd52d9de5fa6322703352d2e422"", ""6"": ""cc6b40d89956adc3e7fc04782b8263a61964401686a4747fc3cbe844fc1d3cf5"", ""7"": ""cd72374c8457dfe0f274ccb69bd4b05c58dd93faa6593ed1961f71dcc19d5e94"", ""8"": ""33e0032ef0e4c72deb5a354a4c7f9153f11ea3c7480ecf602cafc31ec56212c2"", ""9"": ""147fcd61516b7687bfcb01a0f31080cc42f555160608b7a088e324e76de91221""}",,0,0,0,0,0.0,0.0,"{""0"": 0.015355850044004736, ""1"": 0.01551591932044856, ""2"": 0.015515919319260477, ""3"": 0.015408663243491433, ""4"": 0.1684085897890959, ""5"": 0.2595642580768364, ""6"": 0.06381646780251057, ""7"": 0.0798160532954017, ""8"": 0.30430923743392646, ""9"": 0.06228904167502372}","{""0"": 0.015355850044004736, ""1"": 0.01551591932044856, ""2"": 0.015515919319260477, ""3"": 0.015408663243491433, ""4"": 0.1684085897890959, ""5"": 0.2595642580768364, ""6"": 0.06381646780251057, ""7"": 0.0798160532954017, ""8"": 0.30430923743392646, ""9"": 0.06228904167502372}",[],[],0,0,0,0,0.0,e2674650c7b04b2c67af41942158f69eb4a25096ea1c56a42880143cd23b2476,10af8a1cf1d0bc97130d82878e77affd8a0fae18f023381f693a25aca5b9a49b,"[""proposal_created"", ""proposal_committed"", ""audit_accepted"", ""committed_once""]"
47,noexecutor,0,none,0,0,0,0,1,0,,15.54,,0.1,,a7f631e1ffa7f6d0ecce1cdfa4031218355516118d4da96ad75e80353a6dca74,1,"{""0"": ""a8020b0094d55b79139dd51f1e6c19c336cac865973e297dab65fa6e82f0cbfb"", ""1"": ""c46a00c6f57fb24c04eb5235731d17bfbdc1ea78d9ed7998b8574bc52f8512bc"", ""2"": ""a59ce65fe326fb752b25756b248b0a1857e11ecc77593cba63f6b24867f9c891"", ""3"": ""be6bde6d23da921cc75992753ae18fef1927c20ed9ecd71900c04caf2f7ba428"", ""4"": ""a814bea9f0bc7c4de267d72f41a2b20d2b214e633f0c487a4d90e0bd4261db05"", ""5"": ""38ff3244b108c5565377bb8193790b5bbc71a1130b840154b0f3211f8084b835"", ""6"": ""be7f858eadc52c323ae68c2ae2ff6835f97ab5ec60c2a4cc282395f7e0ec9b9d"", ""7"": ""e7e3c0ae4be2b7bc25d6740cb35d303c23aaadc48f0fb7a41fe44fdc77585469"", ""8"": ""5df6feba69791b537046785c40b6ec9b2e0e7ba1f9333d288c7e1d10d09befc2"", ""9"": ""a0e2ebb3827801fe486ddb7eb3ea4a389ae111c2e28409eb41c41d761027c1ef""}",,0,0,0,0,0.0,0.0,"{""0"": 0.1796067550132014, ""1"": 0.17965477579613454, ""2"": 0.1796547757957781, ""3"": 0.1796225989730474, ""4"": 0.050522576936728764, ""5"": 0.07786927742305093, ""6"": 0.01914494034075317, ""7"": 0.023944815988620506, ""8"": 0.09129277123017794, ""9"": 0.018686712502507117}","{""0"": 0.1796067550132014, ""1"": 0.17965477579613454, ""2"": 0.1796547757957781, ""3"": 0.1796225989730474, ""4"": 0.050522576936728764, ""5"": 0.07786927742305093, ""6"": 0.01914494034075317, ""7"": 0.023944815988620506, ""8"": 0.09129277123017794, ""9"": 0.018686712502507117}",[],[],0,0,0,0,0.0,10af8a1cf1d0bc97130d82878e77affd8a0fae18f023381f693a25aca5b9a49b,f81d17b739747d0bffa84d976e5a27934d55b13ad59597a4213abb00885c9b49,"[""proposal_created"", ""proposal_committed"", ""audit_accepted"", ""committed_once""]"
48,noexecutor,0,none,0,0,0,0,1,0,,76.44,,0.1,,8a1a2148392e15f7f668f48ced5370e4540883077015dc7d05a6e98c2c42abbd,1,"{""0"": ""7781aeedc24a9e5c3ea0412b8a0b579c26d8263bdf516159eafd0e5a9f1b6457"", ""1"": ""3130675b6cb75709cb676d30ebae0038f1deafec19bfd60f0765888ac0d1cba9"", ""2"": ""74b3ee42f39089381443f58cbe964d3a481cac8d372b57355c61b4f142ef8aa4"", ""3"": ""07abff140df39ff72bbe36d357f7896ee78ac321e9b19f28454114b1e333add5"", ""4"": ""596eae1d15f64fe8cde1028d6bc0bd9d435a2d1451015eedb57a63a4a6cc92d3"", ""5"": ""3efe29971776bdb7df09c422598b35ee57ca9238057558170e2d5002c4c670ee"", ""6"": ""8c8facb9b6ee915337df43ef6f3acf4000fd02b2a6ad59daedcba10817b2d093"", ""7"": ""566ef2b14385d26feb24794f43822ca9023b865a9994bc5df7643205bf9dec14"", ""8"": ""75fd555b74ab931b056d5d8c55bc7199e2de2b6c0361eda0e40b03e58d6f823c"", ""9"": ""510a93e94922a1c4ef8f82ca0651381cfa8656ea29604d7c531a023c0cd8dcfa""}",,0,0,0,0,0.0,0.0,"{""0"": 0.05388202650396043, ""1"": 0.05389643273884037, ""2"": 0.05389643273873344, ""3"": 0.05388677969191422, ""4"": 0.151547686904236, ""5"": 0.15975169705013267, ""6"": 0.11285313671311013, ""7"": 0.08050051266754976, ""8"": 0.16377874519227076, ""9"": 0.11600654979925214}","{""0"": 0.05388202650396043, ""1"": 0.05389643273884037, ""2"": 0.05389643273873344, ""3"": 0.05388677969191422, ""4"": 0.151547686904236, ""5"": 0.15975169705013267, ""6"": 0.11285313671311013, ""7"": 0.08050051266754976, ""8"": 0.16377874519227076, ""9"": 0.11600654979925214}",[],[],0,0,0,0,0.0,f81d17b739747d0bffa84d976e5a27934d55b13ad59597a4213abb00885c9b49,b65aa0ee50435db425e7800dae654ebb15d49b1ae643380135fefcba48af8017,"[""proposal_created"", ""proposal_committed"", ""audit_accepted"", ""committed_once""]"
49,noexecutor,0,none,0,0,0,0,1,0,,79.62,,0.1,,5b3db0e859e0f24ed626787f88e21f0d61edaf4163d49e59a51ffd2628ec02e4,1,"{""0"": ""fb451f5a6a4aa0a12a811f56364a5b3585c6eef77728084bcc71b5d220e240fb"", ""1"": ""fb9adcfe2bfd73ee0cda24c10b09ed490a9000a162435c56143af16f09621f96"", ""2"": ""21778885696109365320b3481902512c1c63027396a140d3cb5456ffbdfc23a1"", ""3"": ""2c27841240cee83c9d2241e5649ba3fa792323e88a3fd692d01304eb946fb4a2"", ""4"": ""afa06749637e19d490ce67e4650b0455a692a93f057d323fc779a240427e93b4"", ""5"": ""df85adf5c21dd707663b3410b2223e80084f850f398d47d3a49abcc7f43b97f3"", ""6"": ""e0530d3839f683da975425302ebbf4bb57960d5a9e053a50666a4ffb813a7624"", ""7"": ""8600530d3a045cdebcdb370b89f6d95138641c383779722d7929231adbf2292c"", ""8"": ""774bc0b8b4bf79593b27cafcc5610f61408a528ec3933767d097453368a5d71c"", ""9"": ""9e895f7c3e6d08cc916aff2f4e140305797e09918da87342c36f035ca97fed56""}",,0,0,0,0,0.0,0.0,"{""0"": 0.016164607951188133, ""1"": 0.016168929821652116, ""2"": 0.016168929821620038, ""3"": 0.016166033907574272, ""4"": 0.1178309070182176, ""5"": 0.2910752823813396, ""6"": 0.06856766371302218, ""7"": 0.0934335573774053, ""8"": 0.2922833968239811, ""9"": 0.07214069118399973}","{""0"": 0.016164607951188133, ""1"": 0.016168929821652116, ""2"": 0.016168929821620038, ""3"": 0.016166033907574272, ""4"": 0.1178309070182176, ""5"": 0.2910752823813396, ""6"": 0.06856766371302218, ""7"": 0.0934335573774053, ""8"": 0.2922833968239811, ""9"": 0.07214069118399973}",[],[],0,0,0,0,0.0,b65aa0ee50435db425e7800dae654ebb15d49b1ae643380135fefcba48af8017,42b91bf3d9fc77909aedde716e956fb0c4cfd3075d148db96fbf177308e07ab6,"[""proposal_created"", ""proposal_committed"", ""audit_accepted"", ""committed_once""]"
50,noexecutor,0,none,0,0,0,0,1,0,,16.17,,0.1,,bc7c6694e155a2d06c8a007da220e6235dbe14eddae3cd7efe67eb8439034f42,1,"{""0"": ""7ef17da6372e2ebe73b6457c77f6b93e77dd4bd63069d1823ced2f1e6b039de2"", ""1"": ""6fe9dd15e5791df92cb36f089ab9751bd0556fcca75ede88b491e4b1c56ddb44"", ""2"": ""b518e70993801cde6df1237f723516e95a659394e152b9db938e6d95b0901899"", ""3"": ""c315e0a88a18cb1c466a65732d08d9f1998272a8c3932f5ca5e5983889d1f306"", ""4"": ""c454bb04608c79ad336b8ee748cb989e07c75c522c9647bb574f781aac749c19"", ""5"": ""825bb34d1b4c2541f514ba0b0252474b4aeeed748bebc54ff035120d9f6e6a2b"", ""6"": ""1fc6ca0054616e68d4f5850b7696b9e8abda723adf6ae1f41ebf5b3b7359bed0"", ""7"": ""76beb7e72bf2da1090c4658b6864012c682774d63419072896f3904bc2356b05"", ""8"": ""d2fd7dea7e67f7364b7009072a6ecb88e919073abea6665aabbbec63a6357f6b"", ""9"": ""2a2f7447af33863d5199ea2019534a3dcca13a330486adf27396451144f27fa9""}",,0,0,0,0,0.0,0.0,"{""0"": 0.17984938238535644, ""1"": 0.17985067894649565, ""2"": 0.17985067894648601, ""3"": 0.1798498101722723, ""4"": 0.0353492721054653, ""5"": 0.08732258471440191, ""6"": 0.020570299113906662, ""7"": 0.0280300672132216, ""8"": 0.08768501904719435, ""9"": 0.021642207355199925}","{""0"": 0.17984938238535644, ""1"": 0.17985067894649565, ""2"": 0.17985067894648601, ""3"": 0.1798498101722723, ""4"": 0.0353492721054653, ""5"": 0.08732258471440191, ""6"": 0.020570299113906662, ""7"": 0.0280300672132216, ""8"": 0.08768501904719435, ""9"": 0.021642207355199925}",[],[],0,0,0,0,0.0,42b91bf3d9fc77909aedde716e956fb0c4cfd3075d148db96fbf177308e07ab6,d5a9589633c897679cc5dd29aaea5cd6c693fde8d611966dafdf52a00be049df,"[""proposal_created"", ""proposal_committed"", ""audit_accepted"", ""committed_once""]"
1,trust_v1v2,0,none,0,0,0,0,1,0,,10.15,0.0,0.1,240788303141759688761333825726082698524,b5856a37d0e28fda9fadddce678ef2b9be8c2faab17bdb55aa1167fa211ab71f,1,"{""0"": ""3965107826a00f10ffad36b484d78869e1cd8aa13e3ae961528c34131e642631"", ""1"": ""cbc9800658ba0970f9d076cfc05306b4b138eb9f0c2e2e8c427aa58d889e87aa"", ""2"": ""b1d66404542935a8a8c56fe90a0cd6deaba146eef39aa05c6b86841ed66714de"", ""3"": ""866f090d947416e541ac534fff0f809896b05e2e7369f481209d9f437cdfc175"", ""4"": ""0802b55be6a175bf548e6aaf9157a85b5ead22f6bd2c6386646e6d74672f0227"", ""5"": ""91fd8d0e6cf1a5c3056f302bd27120d1e648107668dc2fed57b02d04875df233"", ""6"": ""423f60e998ed4fc50be00bcb84da6841b1a3dab286478fcc7f50bc950ecfaabb"", ""7"": ""e04d2a5ad83283581455d898773425a7bc7c01b416965767a0f63566c1378e3d"", ""8"": ""f4f4a089a5f9cbc385c3aa49a8c3e52cd9f74f0b0b9a302e140f5ffb3365ef68"", ""9"": ""c494cfb8e356c6311d3b35cc5bdda203d1faae645016c79a63432a32e46bf967""}",,0,0,0,0,0.0,0.0,"{""0"": 0.09015904745022747, ""1"": 0.12933189859688116, ""2"": 0.14641930571624226, ""3"": 0.07370418591722641, ""4"": 0.08855411493041687, ""5"": 0.13331309105118486, ""6"": 0.10358517058375188, ""7"": 0.04550416957703336, ""8"": 0.09912340309471668, ""9"": 0.0903056130823191}","{""0"": 0.09015904745022747, ""1"": 0.12933189859688116, ""2"": 0.14641930571624226, ""3"": 0.07370418591722641, ""4"": 0.08855411493041687, ""5"": 0.13331309105118486, ""6"": 0.10358517058375188, ""7"": 0.04550416957703336, ""8"": 0.09912340309471668, ""9"": 0.0903056130823191}",[],[],1,0,0,0,0.0,8b617e77902b0a0335989e80269b498633be37dde526eb036aca22383a8f5956,2c2c507257570f65c8c780e2ac43c96663da8257dc4bbd20d9a595f2e7954945,"[""proposal_created"", ""proposal_committed"", ""v1_challenge_sampled"", ""audit_accepted"", ""committed_once""]"
2,trust_v1v2,1,A2,0,1,0,1,0,1,V1+V2,31.03,1.6953076360082828,0.1,179220995827392353643677661965266229006,bffe88c17c19baaf22d46a552663264f161b0f817eefc6a3cc639d1a13840d39,1,"{""0"": ""253a17d979634d0d27a8eb866bf434f120fb690048d086ff1e42c04fddc61af1"", ""1"": ""8afd3c397f2ffd9269acd5b9448e39b5741ed1187bc172c77fbbae547761c6ac"", ""2"": ""3df338de3b25f2314dbed35d7e6bc1489fa4c0c90d66f5ecd9e06f9b0fc99b4d"", ""3"": ""98033778c65447c826ba923aefd6cf7baef35108efac88135c0e80181476091e"", ""4"": ""404b050a567079b6d98136b93c5e02c5d7018f346fe1c4fa36df64c444df528a"", ""5"": ""a0102b74369fcf558377bd273439a9cea61635a2bae6f7ba78e267a0d648864a"", ""6"": ""805eaaab618c730f7ad0dd1809f05d1a500fbdb11a06f60e7239e4b8dc3dd706"", ""7"": ""e93873296f8d3179cac12d1cd05a35c5cf4f04d30919b668f81d42226befb92f"", ""8"": ""336724ab95d27ac5659c3b52fcf521fb7d6fd9531984da764e86bdb1b8f6234f"", ""9"": ""e88f5894a40996ad567b18a483a64827c0cfb6b017f25c1d1f5d5c1e2bebe405""}",728226b69737e2d8afc680c9b35b42169b22ae2477a110191383a0b24e3c3f70,1,1,1,0,0.6393058837179888,0.0,"{""0"": 0.035401746512733014, ""1"": 0.0737345017550137, ""2"": 0.09078058539979665, ""3"": 0.022111255775167926, ""4"": 0.16475753285111797, ""5"": 0.17818522568734835, ""6"": 0.16926684954711846, ""7"": 0.013651250873110012, ""8"": 0.1679283193004079, ""9"": 0.08418273229818592}","{""0"": 0.14270087325636652, ""1"": 0.16186725087750686, ""2"": 0.17039029269989833, ""3"": 0.13605562788758396, ""4"": 0.08237876642555898, ""5"": 0.08909261284367417, ""6"": 0.08463342477355923, ""7"": 0.006825625436555006, ""8"": 0.08396415965020396, ""9"": 0.04209136614909296}","[0, 1, 2, 3]",[],1,0,1,1,0.0,2c2c507257570f65c8c780e2ac43c96663da8257dc4bbd20d9a595f2e7954945,7c8ddf4a58735c7dc44bd55f4ad5a6523af696c7b902d1718cfda4ee3f498aac,"[""proposal_created"", ""proposal_committed"", ""v1_challenge_sampled"", ""audit_rejected"", ""recovery_recomputed"", ""recovery_audited"", ""recovery_verified"", ""committed_once""]"
3,trust_v1v2,0,none,0,0,0,0,1,0,,42.11,0.0,0.1,1784251620172575048147760645860711724,7e098c58cf5e61e42e08436f6f6b53070cbd96593070542ee387301496130a0f,1,"{""0"": ""1c7fc9799615b5a0b7969ead5725c2f09b205acce42a5d92799499a654a5bb5a"", ""1"": ""2568ea74c8b566968132a375aa6678e2a51a61d7b3ef763de277433ebd112d7f"", ""2"": ""3ec678a5c051e3874e861b648a0b900a18906c03b43168dfddd6446ff9261889"", ""3"": ""4d3df93bd8796ad0e94d31795d4dbdf28ed54241ca6a161f7b924ce6532c0a42"", ""4"": ""0598d4cbe2d52448d3fb0e72479e12533efd6e4d070bd4042e8da707d63c27ba"", ""5"": ""53c253d7880eab04ef5afe8a6afad6c750441290e7c643bd0a7f0be51d6d54b4"", ""6"": ""f0940c03e9198ed41cc2b84b1300e948cbbb1ad9d40a78850f05d00d8e36d10e"", ""7"": ""61b60dea3ca0f06c7aade57cda4e09860a1c250e03b2bbdb5f94a7f8a771fbbe"", ""8"": ""3b4a933ce759aa9ff362d54485510f06f46454c1252dfd22f5cad99b394081ae"", ""9"": ""d925d34c1a118b99c777537e3791111e5072877b3e95d4b9a8ecd372fb8d8522""}",,0,0,0,0,0.0,0.0,"{""0"": 0.010620523953819908, ""1"": 0.02217964244000642, ""2"": 0.027234175619939002, ""3"": 0.00663337673255038, ""4"": 0.21408990920478668, ""5"": 0.21811821705565582, ""6"": 0.18277891098519608, ""7"": 0.010218546101718266, ""8"": 0.21504114513957368, ""9"": 0.09308555276675384}","{""0"": 0.010620523953819908, ""1"": 0.02217964244000642, ""2"": 0.027234175619939002, ""3"": 0.00663337673255038, ""4"": 0.21408990920478668, ""5"": 0.21811821705565582, ""6"": 0.18277891098519608, ""7"": 0.010218546101718266, ""8"": 0.21504114513957368, ""9"": 0.09308555276675384}",[],[],1,0,0,0,0.0,7c8ddf4a58735c7dc44bd55f4ad5a6523af696c7b902d1718cfda4ee3f498aac,3b2da62476e48fcaf43a6aa7e5c62d750ef8ed67e6b9eeedf18d7be97dcb948f,"[""proposal_created"", ""proposal_committed"", ""v1_challenge_sampled"", ""audit_accepted"", ""committed_once""]"
4,trust_v1v2,0,none,0,0,0,0,1,0,,44.04,0.0,0.1,162158055375787403004570239145572484759,336c6123121d5ae9e5be4e97b97ad52478775b1a4a5db0f77b8addcae6e4200b,1,"{""0"": ""f26f6a3848d2eea999b0c50de30123558ffad162fa4fbc1bf7e4385525a84f1b"", ""1"": ""6d16f1afdc5b967b98ec4235b46da0439ca72e206dfde28a89bfdfad163b66e0"", ""2"": ""edbb93e4387997fa7d32a7575908aba7fe30f5f46527d584a1fca6f6e2335028"", ""3"": ""c252ffbf23d130ffa49e856131d2cd420d21dee65192157852d85d874f425830"", ""4"": ""b54e6c30ef535e03e9ed34ee6f61aca24dc9a3e89bb37c121969168d5657b8f9"", ""5"": ""8a3112c1c825b4f8ca862cc1e23edc867b45286fc13aeae63e615263e1ccb40f"", ""6"": ""d07d4709b36c0aa5c965d1c02075c1bb9ea61d67c7aba0509b1f09908b08cd28"", ""7"": ""519a91f00629904682ccb84cb4ff8877ac6dbd714b164bd58f191de1e9b39435"", ""8"": ""8c65faba099e173210ea376d7ec3e4e2985245277c34044ec4fda6cb93961f4b"", ""9"": ""4f889c34bd143d3a417ef43fcc2eadce1dfe97a3464b7eff358ee57712431118""}",,0,0,0,0,0.0,0.0,"{""0"": 0.003186157186145973, ""1"": 0.006653892732001927, ""2"": 0.008170252685981701, ""3"": 0.001990013019765114, ""4"": 0.2851804333964191, ""5"": 0.2863889257516798, ""6"": 0.059561575228649535, ""7"": 0.025098662574708528, ""8"": 0.2854658041768552, ""9"": 0.038304283247793065}","{""0"": 0.003186157186145973, ""1"": 0.006653892732001927, ""2"": 0.008170252685981701, ""3"": 0.001990013019765114, ""4"": 0.2851804333964191, ""5"": 0.2863889257516798, ""6"": 0.059561575228649535, ""7"": 0.025098662574708528, ""8"": 0.2854658041768552, ""9"": 0.038304283247793065}",[],[],1,0,0,0,0.0,3b2da62476e48fcaf43a6aa7e5c62d750ef8ed67e6b9eeedf18d7be97dcb948f,85269a2c4f5d748d48db86e7f8086d387103c89aa9d07662ac22360143881fc8,"[""proposal_created"", ""proposal_committed"", ""v1_challenge_sampled"", ""audit_accepted"", ""committed_once""]"
5,trust_v1v2,1,A1,1,0,1,0,0,1,V1+V2,48.39,0.0,0.1,231053117639517881584885849840480691242,f867e55db280ccf88ac9640e88b0e63738ddf612b3c8bf931caa8081e4201ee2,1,"{""0"": ""5cefca277782c2bea9bf185cae2715c28874747e7b210f712e62507fc5ac462e"", ""1"": ""1d061f8efa717a09b7810f9c9cf5adf6eada893905067210d3d7a51f5d76dfc7"", ""2"": ""40a6d547053597051f164fec36a56407154eabec21942aa69fe57a09c86b5fec"", ""3"": ""624561bfc21cb25896bcc52eecadaee55bd68f7306b53814b61c6603a76745de"", ""4"": ""5e9648c0d8729136b287c0d3e5f6d4e319dbddc644ea1be56ed4a19d53f003a7"", ""5"": ""e120a59161ed11a8c65f5ac5fadcbbb633c46c176c6c2d8c9adb3e3856210915"", ""6"": ""a74a4cec928b07aba14f8679a3b8e6da1d714a1ef9dbb26a1cf02f538f506624"", ""7"": ""1a4e2035cba8687499d140aeaab3a84f3bfa9af28fd276481ee912d7a4fc79ae"", ""8"": ""93788d21f38d71f0d70804bc88d01eeeba26cef510e198fabb3ebfc3c2eee312"", ""9"": ""959637122e91de8e1629201b5762b77d6329367b1af7c43eccae7d40cb1ca189""}",b8eb952f855359ceebd61153e1f731eb38e6cd611082ed3ff9d273d25b873445,1,1,1,0,1.8466816433212665,0.0,"{""0"": 0.75, ""1"": 0.75, ""2"": 0.75, ""3"": 0.75, ""4"": 0.3060739036710406, ""5"": 0.22978491642798607, ""6"": 0.01928976409526933, ""7"": 0.05372978086760823, ""8"": 0.3061595149051714, ""9"": 0.07896202534575605}","{""0"": 0.1877816769605697, ""1"": 0.1877816769605697, ""2"": 0.1877816769605697, ""3"": 0.1877816769605697, ""4"": 0.07663342787362115, ""5"": 0.057532529262788776, ""6"": 0.004829685666644615, ""7"": 0.013452624472057875, ""8"": 0.07665486283510349, ""9"": 0.019770162047505438}","[0, 1, 2, 3]",[],1,0,1,1,0.0,85269a2c4f5d748d48db86e7f8086d387103c89aa9d07662ac22360143881fc8,8d4440b49d262620c6a881db5300ab4041276c3ef4924fee7abfedec05a96257,"[""proposal_created"", ""proposal_committed"", ""v1_challenge_sampled"", ""audit_rejected"", ""recovery_recomputed"", ""recovery_audited"", ""recovery_verified"", ""committed_once""]"
6,trust_v1v2,1,A2,0,1,0,1,0,1,V1+V2,55.65,1.0657046107882977,0.1,231345109639464093556554327707065978885,49762af1b3160fd92b5e88c8945a092590a0f35356a234318dcff1be4e3ed9da,1,"{""0"": ""eaf425e4f65dbc6108056ca9133c7d5312ff902b71afaddf70d0c5a9321e571c"", ""1"": ""83420b9edd38aa40f381adcc22c75281410f129a0bc3811796b37bd753b6f45e"", ""2"": ""d8cac46d64d90dd164ce38386438d94fdff992dcf8350192d31227b01005a826"", ""3"": ""9f392b622b2819cce7d0dc9492910263bebfed91cc55a8379d259813f1bada4e"", ""4"": ""574cc0a23163f7c7970eed3d6a5a8f6d1ad20c70fd0c0604d5d564f3628ab35a"", ""5"": ""66ff4930a9b1dc218235d657d5456c0060538be730adf298f2e879c48b37ce7d"", ""6"": ""1799acaae627478d7ae629b0bb5402eb422c8e57dbd048994e2b45f370a807a6"", ""7"": ""8b66d7a04a797cb74ae7c5e569eb01c1ed668d04132981d17e4c772eeef034d7"", ""8"": ""54f6a3125a7a9a48f092b8fcbb4b9e5069a5d4c28bb658d823066d65fc818991"", ""9"": ""b7b862c836e076dded77f4c5ab836f1aac903eb8904b2a8a03d5867a43705d7f""}",ccd26128cff7f4238811438cd1f78bb07d6162f67559e89df3960b8b9c7b5ddb,1,1,1,0,1.2084418700321893,0.0,"{""0"": 0.00028675414675313776, ""1"": 0.0008764690948719888, ""2"": 0.0007353227417383536, ""3"": 0.0003495226457210312, ""4"": 0.35149173325328575, ""5"": 0.14331018860661643, ""6"": 0.006299801121426261, ""7"": 0.06950208973328971, ""8"": 0.1437899489005971, ""9"": 0.2833581697557004}","{""0"": 0.12514337707337658, ""1"": 0.125438234547436, ""2"": 0.1253676613708692, ""3"": 0.1251747613228605, ""4"": 0.17574586662664288, ""5"": 0.07165509430330821, ""6"": 0.0031499005607131306, ""7"": 0.034751044866644855, ""8"": 0.07189497445029855, ""9"": 0.1416790848778502}","[0, 1, 2, 3]",[],1,0,1,1,0.0,8d4440b49d262620c6a881db5300ab4041276c3ef4924fee7abfedec05a96257,1c5296c850d1ae8d50fcdbcc23b1189e6213860be4a0193568c9127837a5a34f,"[""proposal_created"", ""proposal_committed"", ""v1_challenge_sampled"", ""audit_rejected"", ""recovery_recomputed"", ""recovery_audited"", ""recovery_verified"", ""committed_once""]"
7,trust_v1v2,0,none,0,0,0,0,1,0,,57.93,0.0,0.1,53847248848419812425578266622159169376,e5aa96cc7b79ccfd2feb7b3c9ff1d0e51e19a19f3bdb382bccde6dac945331e2,1,"{""0"": ""edcd37ac73cf888ce565c3cc6c24d04372248df50a13de68a1cf6c1b0c6eb9cd"", ""1"": ""b3861104f0d81872f3e017b65f3122f69b087f6011d80843fd36d867b175ad32"", ""2"": ""75f13f88d39b785917c9185700cef185e7ac28cc480cefb32519f356812e92ba"", ""3"": ""c519f871949321e917f3f999b925095bf4c89fe6049be0fef630db695cffb6eb"", ""4"": ""3f2232585ecd3776bffa273a03f61afaf787c089794b32c7ddc22b09fb001e3f"", ""5"": ""4ba4b99dce4e9f72dfd2d515dbef463dd82c54a6be9e8d2dd5c6ec83264fe54f"", ""6"": ""6674fedb376f0baf02937544769f33d6a781f34ea93d681ce52cfa39db9f5cf6"", ""7"": ""e5d4baddff5ab40d3fbc1f53bbec43fe5c91b3076bbb5a80a74ed1c50ec93235"", ""8"": ""60267c697c98ac26e161b0337c3be7a47eee77554f6732e26e8f0440bd8f90b8"", ""9"": ""40ba85c82de4e8aad8ba7111f8432090d6c54a7f279f8fda11583e60a8c3c400""}",,0,0,0,0,0.0,0.0,"{""0"": 0.0004123841786570016, ""1"": 0.0013711815487065045, ""2"": 0.0007172316843214836, ""3"": 0.00030711388718946553, ""4"": 0.4222456977158011, ""5"": 0.04409951579452342, ""6"": 0.0018899403364278787, ""7"": 0.08014041866131252, ""8"": 0.04701088752653511, ""9"": 0.4018056286665255}","{""0"": 0.0004123841786570016, ""1"": 0.0013711815487065045, ""2"": 0.0007172316843214836, ""3"": 0.00030711388718946553, ""4"": 0.4222456977158011, ""5"": 0.04409951579452342, ""6"": 0.0018899403364278787, ""7"": 0.08014041866131252, ""8"": 0.04701088752653511, ""9"": 0.4018056286665255}",[],[],1,0,0,0,0.0,1c5296c850d1ae8d50fcdbcc23b1189e6213860be4a0193568c9127837a5a34f,fba0bad69ccdd0d88bf0e7aac0dfa3ad5cf5861ae3b6bebc4296977b9a6dd617,"[""proposal_created"", ""proposal_committed"", ""v1_challenge_sampled"", ""audit_accepted"", ""committed_once""]"
8,trust_v1v2,1,A1,1,0,1,0,0,1,V1+V2,55.88,0.0,0.1,4046560071773217756403981568506136144,c1f5675a033790d3b6a42a15313b08ced479ff777b3d3b3e6e3d37c1b558fd42,1,"{""0"": ""89b45b579ebe813dacd6e963db38f5e73d68bcbb21e740960e5ee20fedd9105f"", ""1"": ""0ce3c4570de711284810da109ace73b500e647d65a2d7b3d36f1bd3eed25676d"", ""2"": ""cd5da3e601f913a369ed53bcaa6461ded9910ba3295efcc042c5482d0383fe39"", ""3"": ""77804459387464674228bfccdbbdb66a37334fb665f1b61bd8de2ea9fbc038d9"", ""4"": ""f13deb4a73472d2e6732a84341cbaa92abdaac4b4aa5a42ce402fa21e1a45ecf"", ""5"": ""b4f7f08850b051919c6e1dc9342bdc95359794f19f6d8d3b114c9ae5e94af9d8"", ""6"": ""96891e8c8ee85423c7dff002e09cc047faf0b4bac181fcf39a2441d3af81c45b"", ""7"": ""c13cecac47225c7a7bf7a0f17ffb1792795b6703a432052af1b75b5d85e557be"", ""8"": ""2805c666bafb567545d2c66266af721504086a3fd1107558c2be922c5b2107ec"", ""9"": ""fdd13f2b5f3c724c4a327013bc9c11cb296040fabbd027526412c0f4d752fa95""}",453337335228d75d614b9509626177b9e1449ca32e2c516923e7571c21d33353,1,1,1,0,2.2301245423102483,0.0,"{""0"": 0.75, ""1"": 0.75, ""2"": 0.75, ""3"": 0.75, ""4"": 0.4583056345593701, ""5"": 0.014027187894484351, ""6"": 0.0005669821009283637, ""7"": 0.04109993298838566, ""8"": 0.014103266257960535, ""9"": 0.4521736138445875}","{""0"": 0.18842911486981415, ""1"": 0.18842911486981415, ""2"": 0.18842911486981415, ""3"": 0.18842911486981415, ""4"": 0.11514416674649415, ""5"": 0.0035241741320936777, ""6"": 0.0001424479138999456, ""7"": 0.010325898658946913, ""8"": 0.003543287970347759, ""9"": 0.11360356509896101}","[0, 1, 2, 3]",[],1,0,1,1,0.0,fba0bad69ccdd0d88bf0e7aac0dfa3ad5cf5861ae3b6bebc4296977b9a6dd617,ca9e2686a797e6d485f09d4276b93d34c7a3f4180c4cd012362ba91296f419e1,"[""proposal_created"", ""proposal_committed"", ""v1_challenge_sampled"", ""audit_rejected"", ""recovery_recomputed"", ""recovery_audited"", ""recovery_verified"", ""committed_once""]"
9,trust_v1v2,1,A1,1,0,1,0,0,1,V1+V2,56.33,0.0,0.1,177265180151307775042526171922577760617,d116276c4ab297d7be1021e76e8689e3d514788c0aa0035bae1894d845cb3674,1,"{""0"": ""081b15218f2f9ca8a686824f5cc779d663c470199140d38e6ddcc2ae278416b0"", ""1"": ""550d9bab28859b648d98129d5032a5c229f3b52bffc1f08a94d6b5d052fa4b4d"", ""2"": ""ea449c3e83729fe242f27e0525b2bef7d315cb5eba11af9b8549069bef052c10"", ""3"": ""28250139c86f06e766832ffcff3205b75ab57283b9a05e667d644e6f055d5cd2"", ""4"": ""07aa2ab2d4d2c8b7254a269c794faf4d1a9b753e8dae0689c1da5a7c3889cb5f"", ""5"": ""32e9029ece15c203b7d85e5e04b67685e9533e109880e311727656e9e4f0aa14"", ""6"": ""46a66499b9e82145a6ab337e46892908bb3e2fb7de01a6d8f98b5b01724f8dd7"", ""7"": ""84efaab54e111d7e1e3598739e8ac1197e7fedad32aa97ec926ad19ce28de01f"", ""8"": ""4005cf116d53f01bba695e6ef69618c4039b493565b3890bedc03e6be3cdbf01"", ""9"": ""a019ec873a867355144acf5f8ebf157aa28261e917c96b2947317d029b235cf9""}",1ce0af27e27e9527b728c8454111dcc501fa3cbc6d82844b2764451542b8a415,1,1,1,0,2.4258111452831033,0.0,"{""0"": 0.75, ""1"": 0.75, ""2"": 0.75, ""3"": 0.75, ""4"": 0.4434631116799696, ""5"": 0.004976959791340323, ""6"": 0.002187560832108187, ""7"": 0.07340830097712739, ""8"": 0.004230979877388162, ""9"": 0.38863880324852246}","{""0"": 0.1914776750582813, ""1"": 0.1914776750582813, ""2"": 0.1914776750582813, ""3"": 0.1914776750582813, ""4"": 0.11321771413145539, ""5"": 0.001270635586272525, ""6"": 0.0005584920829075132, ""7"": 0.018741401068105217, ""8"": 0.0010801842535208767, ""9"": 0.09922087264461321}","[0, 1, 2, 3]",[],1,0,1,1,0.0,ca9e2686a797e6d485f09d4276b93d34c7a3f4180c4cd012362ba91296f419e1,2d7758b51cc3f16e1ef5f691482e35526ebe912342e74c0fee2b1879697e9e1e,"[""proposal_created"", ""proposal_committed"", ""v1_challenge_sampled"", ""audit_rejected"", ""recovery_recomputed"", ""recovery_audited"", ""recovery_verified"", ""committed_once""]"
10,trust_v1v2,1,A2,0,1,0,1,0,1,V1+V2,54.56,1.241054191357033,0.1,118173293545364041716379836111179851880,8173ec2f98b923040ead7d14cece63fe34e506d03aaa25bb0eb0e08bd8ca8e5a,1,"{""0"": ""4c940b9c178c4340e0db911f97f394cc1fbdf84f3616178a76a9e58f51c5e097"", ""1"": ""ad492829aab6237ddf59f0fc4ea1738ffce6738b9665f689ec49eac26d1035da"", ""2"": ""5c3123787c4eb425cbf65789416378ecd950a7b7f1f7fbdc08921e2874044a7e"", ""3"": ""7973bd1651882108048e9d6daac0da991a2700dc4cc46fdae2e318b055050332"", ""4"": ""ac28f2b3c084a3e84bc0c372a40fadbc65d53bf995d629d6580c79572bf4be5a"", ""5"": ""0bd758ea30d756119189269504f6372b9bb9164731e24949427197b3e3205e69"", ""6"": ""2b229c8032f1fc9f5ff65c7029c7f87d228b878410e6c4e3de988ba0cf0ac5a5"", ""7"": ""7ff5c3d3efcba65352e11a2d2a472d1302abbad76e9ddbd1932a6c0bf5e24ab3"", ""8"": ""0f3087808e280110a48ae51a33beae2840d39f40c30f87adfc4c45722c7e6867"", ""9"": ""cdfe88d4111b74cfaf74b1b34bc1a5f8361bd98205912205cfeec87e1f2df993""}",2e34e95c2d263e89ca8db9863a8a9fa82588d67161febbba1dcb7a9cdb554311,1,1,1,0,1.3803114938422585,0.0,"{""0"": 0.03697396834629814, ""1"": 0.11787884569934513, ""2"": 0.044845606015698584, ""3"": 0.003198137140008043, ""4"": 0.5493032791298252, ""5"": 0.006688519487372406, ""6"": 0.0025278936899720693, ""7"": 0.04224189173304826, ""8"": 0.0019617104390494693, ""9"": 0.19438014831938266}","{""0"": 0.14348698417314906, ""1"": 0.18393942284967257, ""2"": 0.1474228030078493, ""3"": 0.12659906857000403, ""4"": 0.2746516395649126, ""5"": 0.003344259743686203, ""6"": 0.0012639468449860347, ""7"": 0.02112094586652413, ""8"": 0.0009808552195247346, ""9"": 0.09719007415969133}","[0, 1, 2, 3]",[],1,0,1,1,0.0,2d7758b51cc3f16e1ef5f691482e35526ebe912342e74c0fee2b1879697e9e1e,8053c4e931899152d4b4bd9a1401c857fff3ad750cac48ddd4525a0680ef18af,"[""proposal_created"", ""proposal_committed"", ""v1_challenge_sampled"", ""audit_rejected"", ""recovery_recomputed"", ""recovery_audited"", ""recovery_verified"", ""committed_once""]"
11,trust_v1v2,1,A2,0,1,0,1,0,1,V1+V2,30.28,0.6955455239998611,0.1,116849673535336724168863534187771075606,13e78cbe4be2a38931a0186ecb5d577b7cc56f858bc36d6aa0a3bd6da6c82eec,1,"{""0"": ""b33c76a05e4ab555333019626f4f87be973e4957d785a9041a6c5348ac494706"", ""1"": ""91e5486b0876689cf62e7e97ffca1417e3abd8bbcf1bbc40120459b61c030728"", ""2"": ""6e20204439fdb62add80f021cea5c09c0951c1a25fd0d59c82bf77be3269f573"", ""3"": ""1840f81966ddba3aa8d2d612ea99ff7d86a5e0711f1ef117ec029d17c926d33d"", ""4"": ""62d7dfe6411a7b23f6665f099ccb99f7c2a11508e5ae0573a6216ee3520c2987"", ""5"": ""bc2905d3472b9a028c2cf9b929f270f6ae8e58524f1b888bd84dae355674b40a"", ""6"": ""c3fbb88150ae6dd2b70a777e4c20dc4ccd7cc403605f13365671c988d9640092"", ""7"": ""98ce675c1e363ce0157eeb89da24855b1d2ca8e43bad9c4542ead5864f403d15"", ""8"": ""04d25f4bab01a8ccb17c32c36d4d310d9c58eaffa1f34be2ce9c9b3fa6e23aca"", ""9"": ""0fda41e072c3593d9548ae639f2ea0ee9af50d39a3682212c690cd9b2c05c635""}",fd6d126550a4e0eac0cc0a464b521d024dcf98f05e9d778b8aa31e98f627b866,1,1,1,0,0.6464538710600476,0.0,"{""0"": 0.10503136257318843, ""1"": 0.2333501814980077, ""2"": 0.09974995385728076, ""3"": 0.04926663488389371, ""4"": 0.39550622948791403, ""5"": 0.004549254959935763, ""6"": 0.03930696507607317, ""7"": 0.013092851855051303, ""8"": 0.0018325213128403742, ""9"": 0.058314044495814815}","{""0"": 0.17751568128659423, ""1"": 0.24167509074900384, ""2"": 0.17487497692864037, ""3"": 0.14963331744194686, ""4"": 0.19775311474395701, ""5"": 0.0022746274799678814, ""6"": 0.019653482538036584, ""7"": 0.006546425927525652, ""8"": 0.0009162606564201871, ""9"": 0.029157022247907408}","[0, 1, 2, 3]",[],1,0,1,1,0.0,8053c4e931899152d4b4bd9a1401c857fff3ad750cac48ddd4525a0680ef18af,bd9494fda1e4aa45b8414c55310b4d185874850fb748656a0cca711bf0f5ace3,"[""proposal_created"", ""proposal_committed"", ""v1_challenge_sampled"", ""audit_rejected"", ""recovery_recomputed"", ""recovery_audited"", ""recovery_verified"", ""committed_once""]"
12,trust_v1v2,1,A2,0,1,0,1,0,1,V1+V2,59.81,0.13479082243610166,0.1,249156215432805410914642808443165695763,af82c82ea379cace73b46ba13ebd96d79fac3b99d9281672900461eae6fc6830,1,"{""0"": ""c33ad6b5995604dfe334f20ac5b4420a31461817e259e6bd75220f0bd7ca3c83"", ""1"": ""c27a9e4afef8f1a5617da3ccc029aad9b182bd92a4cd03c1f0cd7007d4f4aaec"", ""2"": ""3bc274fbb4bb66a785bb6cc62bdaad1584cefcbfc837d31748ff33556fbdc0bf"", ""3"": ""64f27930c08b2c1313b309ffdfb281890da8e901a600bc8469a880ac69adaa29"", ""4"": ""8052f4b1a40adf9a35c3831ff4c29b6ad6ec040ed9609f1f2d7a5c69d84eb51b"", ""5"": ""30a32c34f98c08525ef003f7f94e29d04cdf094c9180a4898ef0283850a2e024"", ""6"": ""014d19c83faa6d0a902f33776cff23383ac0fea0a59f84071b66a5c38409f078"", ""7"": ""b765a04d958bd115c257548ee05c508dba55564c7a36638e859921ff37f0bd5b"", ""8"": ""ad19969bdc6fd9b1fe14f512c657cd410069d01c4f6ddbb32182aebed8f8fa2c"", ""9"": ""431934f0924234ef40ecc05c02823cdd172a941d8b2e5462519387c79aa2c1fc""}",965dcdb0536b8c47f47aad871816c7867c95a70857b53418ff73b1add84c81a0,1,1,1,0,1.158940576353873,0.0,"{""0"": 0.03150940877195654, ""1"": 0.07000505444940233, ""2"": 0.029924986157184235, ""3"": 0.014779990465168117, ""4"": 0.31990692694689765, ""5"": 0.13383586742250683, ""6"": 0.21304714762334537, ""7"": 0.01105104104338, ""8"": 0.07738181606042774, ""9"": 0.09855776105973124}","{""0"": 0.14075470438597826, ""1"": 0.16000252722470115, ""2"": 0.13996249307859213, ""3"": 0.13238999523258405, ""4"": 0.15995346347344883, ""5"": 0.06691793371125342, ""6"": 0.10652357381167268, ""7"": 0.00552552052169, ""8"": 0.03869090803021387, ""9"": 0.04927888052986562}","[0, 1, 2, 3]",[],1,0,1,1,0.0,bd9494fda1e4aa45b8414c55310b4d185874850fb748656a0cca711bf0f5ace3,2d08e120c4b4dff888f0fbc6c1b0282e6e121967c73d61a575359588de9e852a,"[""proposal_created"", ""proposal_committed"", ""v1_challenge_sampled"", ""audit_rejected"", ""recovery_recomputed"", ""recovery_audited"", ""recovery_verified"", ""committed_once""]"
13,trust_v1v2,0,none,0,0,0,0,1,0,,64.03,0.0,0.1,305313081918078928922041110195147535007,ab341f3141130accf201ef6454954d18811cdf6bfa19fea31d6e57ffaed2e177,1,"{""0"": ""855672b5e624289e1cd84b0591411e09636c96cf4b80a07f44a4707aea689a55"", ""1"": ""7e795c808a6092ba6fa8d69fb3d71c2eeb2670462f7477a6d1b248c5e75adb68"", ""2"": ""88a1cdc703a08e098fe048fb7d27f4b14f95501d4902f22bdd33e905abbeb0e5"", ""3"": ""127b3b946a7d33ef04e6e471c8c10a636640828d37f792305d4a31ffc9bb6f98"", ""4"": ""9f228d4a3933440def19d20ca1ad742057e15d1ed1b0a625ddab0c69db3b3844"", ""5"": ""436d08ac48d920e2d0356df524b6cce662b964fc7163f72411911314cc991750"", ""6"": ""2f225b3f9effbcaa07eae620515b90fc99533597cc3ebfc1e6446eecd0b4a06e"", ""7"": ""dcd17aa8af624e50314a9f66bcb4ce074b073760fedbc32945fcbfc5c9ea7332"", ""8"": ""33427d206126732c4612a8275e5aca09e5eb79f24d0d4c55b9d97966cd05029a"", ""9"": ""d7db945ed0931029a202d0a08b35d5c733cd8cdfb46fce077667d0001ca83ce6""}",,0,0,0,0,0.0,0.0,"{""0"": 0.009452822631586965, ""1"": 0.021001516334820704, ""2"": 0.008977495847155272, ""3"": 0.004433997139550436, ""4"": 0.1773818766221883, ""5"": 0.23631059638446156, ""6"": 0.2600739804447131, ""7"": 0.02197779276308539, ""8"": 0.2193743809758378, ""9"": 0.04101554085660043}","{""0"": 0.009452822631586965, ""1"": 0.021001516334820704, ""2"": 0.008977495847155272, ""3"": 0.004433997139550436, ""4"": 0.1773818766221883, ""5"": 0.23631059638446156, ""6"": 0.2600739804447131, ""7"": 0.02197779276308539, ""8"": 0.2193743809758378, ""9"": 0.04101554085660043}",[],[],1,0,0,0,0.0,2d08e120c4b4dff888f0fbc6c1b0282e6e121967c73d61a575359588de9e852a,de02c660fe5ee985c83a937d5daadc7f6492e7c775aca3d8e00597ee22dbec78,"[""proposal_created"", ""proposal_committed"", ""v1_challenge_sampled"", ""audit_accepted"", ""committed_once""]"
14,trust_v1v2,1,A2,0,1,0,1,0,1,V1+V2,19.42,0.2014431754559909,0.1,194747718845328645774732145919208545640,bf7c4921a6641eaa8c50799e48c167288efde4fddee5b570587d27e457399149,1,"{""0"": ""5d529a05f2974b394ad49f090c4e6434c10d0b68845db9d3edc95076d7084297"", ""1"": ""9be2687e2497072e3a459bcaaf5cddc6528bf872fd349481992f041d4b8e414a"", ""2"": ""8f79da8ef4af9403568bf137aa0fbed222aa17272fea1311684effd800e6bb15"", ""3"": ""35b69999a5834e035076d5d4c5d4103c3d3f4c88855f2751ae1b26f7e50b54a0"", ""4"": ""44c1bb7e65a8a8719c4386ebf67f8787d38734cf2ba2ed9e4ebf8d758a07bcc9"", ""5"": ""940a02e4d4954d853716ec2775e72307eb51997d369c9b579dbcb813281dc015"", ""6"": ""4cf8195937ef7ee5c7db56a41acee03fdbef358ad99a9449d3424684d80ae366"", ""7"": ""0398be5c99fda9cf9ed58fc48705a61e0935ced69ac1482dea5b720ea1f60375"", ""8"": ""d2e75948a3f87678ae6c199108cbf478fa3050e367c1a77d5229db02e30de120"", ""9"": ""9b0bad4650678e49ffe50dcdf96cc765e7cc404320c72f310a2f28e6d975465b""}",7c393e64d4e29a566daae07a9cebc2588a79dc8753f20abb1ef602ca43140ee9,1,1,1,0,0.25055310110651535,0.0,"{""0"": 0.1499992703750295, ""1"": 0.18224137518135325, ""2"": 0.17863416903505364, ""3"": 0.17727111942277218, ""4"": 0.07099280398679711, ""5"": 0.07089317891533849, ""6"": 0.07802219413341395, ""7"": 0.0065933378289256194, ""8"": 0.06581231429275136, ""9"": 0.01954023682856493}","{""0"": 0.19999963518751473, ""1"": 0.21612068759067662, ""2"": 0.21431708451752682, ""3"": 0.2136355597113861, ""4"": 0.035496401993398555, ""5"": 0.03544658945766924, ""6"": 0.039011097066706975, ""7"": 0.0032966689144628097, ""8"": 0.03290615714637568, ""9"": 0.009770118414282465}","[0, 1, 2, 3]",[],1,0,1,1,0.0,de02c660fe5ee985c83a937d5daadc7f6492e7c775aca3d8e00597ee22dbec78,fd595ae8f60c3dd52a359d103159f97dc9ac26b7a3315e09be64527c40d884f6,"[""proposal_created"", ""proposal_committed"", ""v1_challenge_sampled"", ""audit_rejected"", ""recovery_recomputed"", ""recovery_audited"", ""recovery_verified"", ""committed_once""]"
15,trust_v1v2,1,A1,1,0,1,0,0,1,V1+V2,67.56,0.0,0.1,213281424625005870592216806726346035503,03a42aceaef004a7d9c817108e0f0c2b2924d49a5f7a925cdc296b1196506020,1,"{""0"": ""67caa9c158071dc9c6338fae2efc2b89f97e03d8e1a96a646da2d099d75ac4eb"", ""1"": ""90361ff31ad04e295fda4556ea5e2d523760654160631e0d2caa1fe4d2e47efa"", ""2"": ""eb02f369ddb34f30dc4eb7f5ad18a4c3ac0fb3b6b71a07fb0b2ad6467edc8e41"", ""3"": ""5098c86e8dae93f520b0f7f142f6295d5a375557493efc6f6616ce663f8bf223"", ""4"": ""4a687f2adb5e1ca16c84cd8030d9f7e69250b55d32d7ee5a37e88e60782294aa"", ""5"": ""940dcacdb5ee7ac343805124c6bed8dd184da6c90b7096427da3c43eca8d7985"", ""6"": ""f0720e70c184000b0c9321ef75da85982c0cd2ff6a9fb79afa5d1b1c91b16639"", ""7"": ""e00a0cc68e96b105f7fa6993c01500e80dcfd61147fe61729de8295b1498b824"", ""8"": ""aa2325263893976d99b87b5f74b70c365eb5e8b14e228438e7094187403782e9"", ""9"": ""913a18932be67553fc6401379f95febb173da207627840221f4ae53bda494ca0""}",2084f445a7441b31044f5b2315b005304616d503b93a00befd72019b6b05afc1,1,1,1,0,1.2238334878603776,0.0,"{""0"": 0.75, ""1"": 0.75, ""2"": 0.75, ""3"": 0.75, ""4"": 0.17768604670100654, ""5"": 0.17765615917956895, ""6"": 0.16535910897037098, ""7"": 0.08073103925939495, ""8"": 0.1761318997927928, ""9"": 0.015991965892603096}","{""0"": 0.19770367342556044, ""1"": 0.19770367342556044, ""2"": 0.19770367342556044, ""3"": 0.19770367342556044, ""4"": 0.04683891219900624, ""5"": 0.04683103370196917, ""6"": 0.04358947103709318, ""7"": 0.021281097361394025, ""8"": 0.04642923146194379, ""9"": 0.004215560536351871}","[0, 1, 2, 3]",[],1,0,1,1,0.0,fd595ae8f60c3dd52a359d103159f97dc9ac26b7a3315e09be64527c40d884f6,71a7f548f54ea9b9b909fbd6cbdb503702cfdf3e7bdd723d21ebac42665f2aed,"[""proposal_created"", ""proposal_committed"", ""v1_challenge_sampled"", ""audit_rejected"", ""recovery_recomputed"", ""recovery_audited"", ""recovery_verified"", ""committed_once""]"
16,trust_v1v2,0,none,0,0,0,0,1,0,,70.43,0.0,0.1,239677918951471931611738009590307114193,cb7c8ba09e606c5ee824b8ab79136cf237de012be5e296c443a8e7df21553bbf,1,"{""0"": ""88ad5bda357c686c9fdd8182c8850a36cdcf0b8d69feff99344364a800c738ee"", ""1"": ""3fea56175d711461baded989e999c8c982404e0368cb4499934dcbda6357f86f"", ""2"": ""e8c6a9e14f13b7d9c93d4354aeeb2f95d98de151e1757158129af5c07fffe4de"", ""3"": ""5768c6189eecb3cd5b4a1d3c845dfe889842ca163b0db67a9f3d6df846be012d"", ""4"": ""c1001814f4a528fc1502535eb57fe3634d469151699c3daa5b8d571111359245"", ""5"": ""a5000609e61d110641b210f21f7143bdb888e63b3616f97a58826bbd5f23f51f"", ""6"": ""7ec8259cdae1b75b161ed9317fa35e3c3678c1c46a9c956c28a5b1a0e475160c"", ""7"": ""9d8a6ae706873285dd6c0500b971df31056c827814b8f1e9ab1bed43f018bc3c"", ""8"": ""06702314da22445999d702c005b234d8b524245baa19d7e7cf097ad9b864ffd4"", ""9"": ""9bbe76afc2df5270b2e1401dac30ca7bec6cbfd8065567aba8caeceb33d803b8""}",,0,0,0,0,0.0,0.0,"{""0"": 0.013499934333752659, ""1"": 0.016401723766321798, ""2"": 0.01607707521315483, ""3"": 0.0159544007480495, ""4"": 0.2114783210079237, ""5"": 0.28166712576983777, ""6"": 0.09018759276595548, ""7"": 0.055368182338044435, ""8"": 0.2812098479538049, ""9"": 0.01815579610315508}","{""0"": 0.013499934333752659, ""1"": 0.016401723766321798, ""2"": 0.01607707521315483, ""3"": 0.0159544007480495, ""4"": 0.2114783210079237, ""5"": 0.28166712576983777, ""6"": 0.09018759276595548, ""7"": 0.055368182338044435, ""8"": 0.2812098479538049, ""9"": 0.01815579610315508}",[],[],1,0,0,0,0.0,71a7f548f54ea9b9b909fbd6cbdb503702cfdf3e7bdd723d21ebac42665f2aed,babd44ed4218235f70c467e947dc5813eabce90a50b045666dab2608320c25c7,"[""proposal_created"", ""proposal_committed"", ""v1_challenge_sampled"", ""audit_accepted"", ""committed_once""]"
17,trust_v1v2,1,A2,0,1,0,1,0,1,V1+V2,22.45,0.33403642095780106,0.1,46649586266418978579558194474908921956,cff31fff31b5b551fd1748b02486bce5fdee2f5d0c9645dc02bc6250e1e08bd5,1,"{""0"": ""f92cab37a288f5a88adc821bd6c7a9e300db1cbf7c9a9eb336a0e34ece089cfd"", ""1"": ""677f5494ca52342a8a9d26a450102472e183e874c0a8c0efc4407238c06402a3"", ""2"": ""2fb1f7d7b5c78713fc4b5f3151147390ed748bc077f6e75e5c05deaf4cac0ef6"", ""3"": ""3b994669129c402d937832e3f7eb97092d6b950538a94cdf34eb311a63050fa5"", ""4"": ""fae4a7e770ad58dfa92646febc212764d10a360d34dd7b416a274456d8142104"", ""5"": ""40c65adbf9168052a1e5cd6f46a2d5503cf9684b4d7f60a2f3b9a7f312fef4d4"", ""6"": ""2a59c3481bb277c7f5d778061a4aeed44ef6d0dfcd76c9dae296fcca0b4618ac"", ""7"": ""997a111a2b06747ff91462cec52377e4fe921c418ef081fbfac7747095d60406"", ""8"": ""0bd699ef31bd7ba31bbf29a55ac5aba1ee7c461edca9c6940ad0c0efdcecf90a"", ""9"": ""047053e41948032c6f23d86e02b13e273db4f50d45b18a5b1bc918ef210cd1c5""}",eaf39c14a1cd5a3aaa560c0165d035c04355dca3fdf51115c9206c7dd4918da4,1,1,1,0,0.29330275123614463,0.0,"{""0"": 0.1633688087357396, ""1"": 0.16423934556551037, ""2"": 0.16414195099956028, ""3"": 0.16410514866002868, ""4"": 0.12616818255992188, ""5"": 0.08450013773095136, ""6"": 0.02705627782978665, ""7"": 0.016610454701413337, ""8"": 0.08436295438614148, ""9"": 0.005446738830946526}","{""0"": 0.20668440436786975, ""1"": 0.20711967278275512, ""2"": 0.2070709754997801, ""3"": 0.20705257433001428, ""4"": 0.06308409127996092, ""5"": 0.04225006886547567, ""6"": 0.013528138914893321, ""7"": 0.008305227350706667, ""8"": 0.042181477193070735, ""9"": 0.0027233694154732624}","[0, 1, 2, 3]",[],1,0,1,1,0.0,babd44ed4218235f70c467e947dc5813eabce90a50b045666dab2608320c25c7,ba2875492aab145b5f7b04e2ef93849888372550dd359b485c2912be097e0b45,"[""proposal_created"", ""proposal_committed"", ""v1_challenge_sampled"", ""audit_rejected"", ""recovery_recomputed"", ""recovery_audited"", ""recovery_verified"", ""committed_once""]"
18,trust_v1v2,0,none,0,0,0,0,1,0,,70.52,0.0,0.1,1343805386517669265242499158633109334,79e4d2927978410a048bb53eced6cf528f5c98380099bb4ed5da427b74b2cbb2,1,"{""0"": ""f17f616ea967c8f64111038e79373c1711d4514fa5bf6ead47ea00d1191294be"", ""1"": ""462d9e8668433854e531619b6e17d7f2d1fb2bc25723156d68c85e14efed4469"", ""2"": ""d4121748c9411bb3c6f90665fb22910d77f498fa4fb31eec6623576d66c7d92b"", ""3"": ""850e2b54c828257af771462d109adfb7e058befc652b2a1c449557becdfd98a1"", ""4"": ""7e66a4c1360dcf6e2b8517028018819f4a1fff5d95bc5bb57a45e7c008dc121a"", ""5"": ""777b57a915893328d5b05bb770cf409761192b3fcb31f6e243d17688eecb3ef3"", ""6"": ""1f04bd286849a149a0a5e5a928242e7983f2fbfa985388c1e5d42da493e56e08"", ""7"": ""18e1825db2eb0f2087a091abdd0190461e344f880b9ade81d08df5869de4f1d1"", ""8"": ""a64270741cb69ac574539ed378508554d4f222af70de7ac493499e1168b276db"", ""9"": ""beb7140302f09f1b1140ea1ae2075653f99035b315e26028958f843f9f3726dd""}",,0,0,0,0,0.0,0.0,"{""0"": 0.04901064262072189, ""1"": 0.04927180366965312, ""2"": 0.04924258529986809, ""3"": 0.04923154459800861, ""4"": 0.18464108783767935, ""5"": 0.1721406743889882, ""6"": 0.12569207915417546, ""7"": 0.053748011817203074, ""8"": 0.1720995193855452, ""9"": 0.09492205122815697}","{""0"": 0.04901064262072189, ""1"": 0.04927180366965312, ""2"": 0.04924258529986809, ""3"": 0.04923154459800861, ""4"": 0.18464108783767935, ""5"": 0.1721406743889882, ""6"": 0.12569207915417546, ""7"": 0.053748011817203074, ""8"": 0.1720995193855452, ""9"": 0.09492205122815697}",[],[],1,0,0,0,0.0,ba2875492aab145b5f7b04e2ef93849888372550dd359b485c2912be097e0b45,5bc71a6b219602db45ccbbbe519267f57e94c9deca27fd7c33bca93b6e4e884e,"[""proposal_created"", ""proposal_committed"", ""v1_challenge_sampled"", ""audit_accepted"", ""committed_once""]"
19,trust_v1v2,0,none,0,0,0,0,1,0,,72.1,0.0,0.1,273404505793339142485310942687945462952,0379a9d54fda31d9e08a5f91d8e8dbc16997a7f59f1f155f53a50a90cf5f9e46,1,"{""0"": ""14431622f5d9f85bd1a3e5180b541f138652644262925109bab2fa6c1632c76a"", ""1"": ""773fcda1e8146501f1bf05b8cf479a7bbb1d38b1b1376b6412dada1a81693e4e"", ""2"": ""db11959d4239159d723185d10d6e258dc16e490e5a373aa0204998f324c950b8"", ""3"": ""ec278cb78e2d2bb5e13c54e5b6f671606318734c93f3f4ae6f03ecf34d9f6da4"", ""4"": ""3ff4d3625807ab2d91c187de00899f94c4aee63c10072a16653ebff4942ab7a2"", ""5"": ""d02b1204de59fe8d87b6349833070eafd8ce07f8bcdd2ad40d571639b30e7a8a"", ""6"": ""aca1a4e46ef20160089a581244033066680c0c55a312dedc18008d5fedd2db83"", ""7"": ""4fd334aa57be9803c384b7f9e4141718e2c1683032d4247b5e154fcd09768601"", ""8"": ""6d44017d10efce8bc83419a31838f1fb4566c6550633efde767737c96bd31065"", ""9"": ""be1618722fca3ec9d75744e2e3e80f4dc3c4a13862c963bb323978eff12e0f6b""}",,0,0,0,0,0.0,0.0,"{""0"": 0.01470319278621657, ""1"": 0.014781541100895938, ""2"": 0.014772775589960428, ""3"": 0.014769463379402586, ""4"": 0.23165313001192928, ""5"": 0.27098069607959446, ""6"": 0.07204555791439372, ""7"": 0.03645839684349901, ""8"": 0.2709683495785616, ""9"": 0.058866896715546374}","{""0"": 0.01470319278621657, ""1"": 0.014781541100895938, ""2"": 0.014772775589960428, ""3"": 0.014769463379402586, ""4"": 0.23165313001192928, ""5"": 0.27098069607959446, ""6"": 0.07204555791439372, ""7"": 0.03645839684349901, ""8"": 0.2709683495785616, ""9"": 0.058866896715546374}",[],[],1,0,0,0,0.0,5bc71a6b219602db45ccbbbe519267f57e94c9deca27fd7c33bca93b6e4e884e,09d9f3b56380b1b3dbf7aebb0ba6609dfed744b4c37ab68c235326b1b5403a1e,"[""proposal_created"", ""proposal_committed"", ""v1_challenge_sampled"", ""audit_accepted"", ""committed_once""]"
20,trust_v1v2,1,A2,0,0,0,1,0,1,V2,72.84,0.008748394483815128,0.1,172656487848361706129711523890116726443,424c00d353bf3128eb8c55da0520503c126672da3e7605b3ec1e4a45d23fbc14,1,"{""0"": ""53d528f9ab90d0767328b3022f692d0d9852480b23d85a1cd2a514e44eb3dbdc"", ""1"": ""17481275320e4c967428ea804950abb78db9dd78ba192ca16fd804dba0c1f000"", ""2"": ""c6b04e58f84b4b268c290fe5888b0f93e27ad05db65b5713a638c73945858630"", ""3"": ""458a045450c7538b74a5f56ab563afbb99203a7252bb7d918441f11fb43aaf62"", ""4"": ""503b6f41e2547df9ff4930e11359541e579c0f5add5d0b105107c10b2ccd5966"", ""5"": ""17a0c961bf43453601d1df012c433425302d5a92c915346df7c263e6d210fc02"", ""6"": ""91b6cd560612e05a8a71bd6c725e0d97153a0f3df35de58e65c1ee0c6696edf2"", ""7"": ""5fec41e8e2fbdf089ffbb8e399e697cd9c6e032a04747f184e02f8b9d1945b7a"", ""8"": ""8ec0ecf224724872ebd50e3b2df0dbec7522b63697ddc6922eabe4198761666c"", ""9"": ""79fce2a9ab2bb301c974ab72ba8b3cb96154462004b56a1f3f5d53b5b6b393d4""}",0df4250249f77acd15fe5d3c2adc0e121eeb9cd8e8a8026825c2244548eba947,1,1,1,0,2.1577655917919265,0.0,"{""0"": 0.004410957835864973, ""1"": 0.004434462330268783, ""2"": 0.00443183267698813, ""3"": 0.004430839013820778, ""4"": 0.25848886211343985, ""5"": 0.2702871319337394, ""6"": 0.035186069210761936, ""7"": 0.06527003762399462, ""8"": 0.14640681513659662, ""9"": 0.20665299212452493}","{""0"": 0.1272054789179325, ""1"": 0.1272172311651344, ""2"": 0.12721591633849408, ""3"": 0.1272154195069104, ""4"": 0.12924443105671993, ""5"": 0.1351435659668697, ""6"": 0.017593034605380968, ""7"": 0.03263501881199731, ""8"": 0.07320340756829831, ""9"": 0.10332649606226246}","[0, 1, 2, 3]",[],1,0,1,1,0.0,09d9f3b56380b1b3dbf7aebb0ba6609dfed744b4c37ab68c235326b1b5403a1e,4dc72780e87080719f15dcb9403f76e668ebd0811e66fcb01de9bdfd7f3d668b,"[""proposal_created"", ""proposal_committed"", ""v1_challenge_sampled"", ""audit_rejected"", ""recovery_recomputed"", ""recovery_audited"", ""recovery_verified"", ""committed_once""]"
21,trust_v1v2,1,A1,1,0,0,0,0,1,V1,24.28,0.0,0.1,179098607737170635228689616090883435065,63f2110c4b1c5df95c02fb66544dcf0f51bda828c55c4de0dc338b3776d6089e,1,"{""0"": ""56a82687b16e77bc347a3feb7d111fc655efc3c348490ac266cc6bc6532343ea"", ""1"": ""f5b4e0b83ed285e0dfaf5c744e8f0d286c08050559eba1a550687ac2b56601bc"", ""2"": ""a636825b7d2dde4d25982475d5b3e035d143280d9e37b41a262cde216c95568e"", ""3"": ""296f499f85fac4171fe5ccc51b0084ff9016e3bb032fb6d4cac60d5d356a53af"", ""4"": ""16ce2c31dc41bd4dc6f91f639081712dbd4696d23ddc886df23d0722f0f6dff6"", ""5"": ""4c634abe999b2ed1732ac63668a28ed69b6617876349ff6a2f678cefd9f6c202"", ""6"": ""fd9f873d9a60562917618b0765ef021e448d7760049f544839080a86b22dfa8d"", ""7"": ""202106aec3ba61a8371ed1b5453a359c2cdee0d534e387a4ddeb7d85dd2adcd6"", ""8"": ""3da9e5a36d1f8a963845f09f09d334408166ec92220e815cd694e2b81a655822"", ""9"": ""300016e513b5c7db4763456206bbd6d15e4b7b21aeb2aa7f279a7324635c945c""}",20350d07ff5a3b4aafd71219b8d67fc7fd014ca15a4520edd731beee042935bc,1,1,1,0,0.4531236675614519,0.0,"{""0"": 0.75, ""1"": 0.75, ""2"": 0.75, ""3"": 0.75, ""4"": 0.16125838616543456, ""5"": 0.08108613958012184, ""6"": 0.010555820763228585, ""7"": 0.019581011287198392, ""8"": 0.043922044540979, ""9"": 0.061995897637357494}","{""0"": 0.2219986252086013, ""1"": 0.2219986252086013, ""2"": 0.2219986252086013, ""3"": 0.2219986252086013, ""4"": 0.04773218670944561, ""5"": 0.024001348680346403, ""6"": 0.0031245035965135393, ""7"": 0.005795943447936197, ""8"": 0.01300084467259772, ""9"": 0.018350672058755384}","[0, 1, 2, 3]",[],1,0,1,1,0.0,4dc72780e87080719f15dcb9403f76e668ebd0811e66fcb01de9bdfd7f3d668b,a8fa0c7febb6937eba1263f6c8a90f865b69aa8fc4a46b35e7f47bf60b93d401,"[""proposal_created"", ""proposal_committed"", ""v1_challenge_sampled"", ""audit_rejected"", ""recovery_recomputed"", ""recovery_audited"", ""recovery_verified"", ""committed_once""]"
22,trust_v1v2,1,A2,0,1,0,1,0,1,V1+V2,74.24,1.8006622027724946,0.1,332724653105359235741808374399984860533,3b54ab0320a3adf47e8bd7aceb82ad0e2db7c2a339113d3e37ff4c067e704588,1,"{""0"": ""6ca5e4e90a6b11e362710094bab0b1abc04c32ec564c0a3c482cbe1974222b0b"", ""1"": ""31c058e3ff6ad2ab12e5c215fa9da80f13c16b555dc6f48fa6c01a91c28d9e2f"", ""2"": ""f3c9c9c49204aa657fc9b3325830aec13ccfef2bca6d2c0486824ee2aa384305"", ""3"": ""39294a7740ef257fc8316bc0de11d511e2d2c9bd2a694d92a3080b331ccd2729"", ""4"": ""becda4314a5c703d43567eb47afb0e39452c4e5f10fd5507bf578f164fdee92a"", ""5"": ""410679a1984d6c5b0707ab1474a722bc93db0256b39eaa8310641cb8339a63d5"", ""6"": ""596e964c13750b9acb5438ee38c2ee5d7ce1f91d8a50bafc71413851d22a6277"", ""7"": ""036e3c971ac8ce1062536ff38ccc446ad19e2a0b77c9615f5995ff979bba62c5"", ""8"": ""8ed3107371d96912d0809971d37d6c09320e1d9b9eeb5517ef09ca91ba8f9081"", ""9"": ""f14bde8b86d145b9e8750d73beeff281546f27ed49632fdcba894ae448803a0e""}",91c526220e566fad34fca549a58bfcd7239933229238a81a63a1d8ebaa4f74e2,1,1,1,0,0.867505818505888,0.0,"{""0"": 0.046618606640372665, ""1"": 0.046620722044869015, ""2"": 0.04662048537607375, ""3"": 0.04662039594638869, ""4"": 0.23004069566250862, ""5"": 0.2059890216869148, ""6"": 0.02921049704929507, ""7"": 0.05411920468403544, ""8"": 0.19483979317517194, ""9"": 0.09932057773437013}","{""0"": 0.14830930332018633, ""1"": 0.1483103610224345, ""2"": 0.1483102426880369, ""3"": 0.14831019797319434, ""4"": 0.11502034783125431, ""5"": 0.1029945108434574, ""6"": 0.014605248524647535, ""7"": 0.02705960234201772, ""8"": 0.09741989658758597, ""9"": 0.049660288867185064}","[0, 1, 2, 3]",[],1,0,1,1,0.0,a8fa0c7febb6937eba1263f6c8a90f865b69aa8fc4a46b35e7f47bf60b93d401,72a554bd54eaf076ec3d262be41c97eb0b6a16f8fad073e14a060d23573adec5,"[""proposal_created"", ""proposal_committed"", ""v1_challenge_sampled"", ""audit_rejected"", ""recovery_recomputed"", ""recovery_audited"", ""recovery_verified"", ""committed_once""]"
23,trust_v1v2,1,A2,0,1,0,1,0,1,V1+V2,76.13,1.175208594426658,0.1,14557173117139235576107480825810178117,3295afef28404294f109e0f6c668ef0f7c9b639e7ac455bf2c96da5a4f691c0f,1,"{""0"": ""04d2b7726bc77468438947f42d2fa95d31762d1cd10831eee8dd7b02c7974dd7"", ""1"": ""7668043aa6337a63637896690df080af2f3a61d795f44960526583df30f20961"", ""2"": ""dae759a3b7b341105be78aa69002395ea4878a28878b9950723bd752aec98bbe"", ""3"": ""2c7203da6599d356320bf08e3f65e1d2f20ebb57c90e26d9248c241d20704be3"", ""4"": ""1c04fd7c7476ce3474bb1149f54b3092393f3bce45744e7a2d7b42bccf17ebc0"", ""5"": ""fdba7798619ca735f6c88ea8321bff7b52f8652215945848e9097911869f8a76"", ""6"": ""c96dbf982703434fae9381180839640ae355b4339253b15e98cc34ee349b5545"", ""7"": ""9bb61600acd62030ed14e85ad7d4536a0e728c7324a14c70ed0cf33f8080b93c"", ""8"": ""a13d47e2cebdbc5c9818601f021a00527c5e75d28a0e5d358bc0dae5fda4886b"", ""9"": ""66d77edeb9895535f520d9c46a843e76e8639fcfcfac4b3892b92e0dd81193cc""}",8634e034f80d8d066aff97ff0c75990779b9b7e0faa481075517c43b4e08af1c,1,1,1,0,2.1050870474712027,0.0,"{""0"": 0.013985581992111798, ""1"": 0.013986216613460703, ""2"": 0.013986145612822125, ""3"": 0.013986118783916606, ""4"": 0.16132742825477145, ""5"": 0.2455418896392045, ""6"": 0.11877984935621475, ""7"": 0.08452501281663265, ""8"": 0.24219712108568164, ""9"": 0.09168463584518363}","{""0"": 0.13199279099605593, ""1"": 0.1319931083067304, ""2"": 0.1319930728064111, ""3"": 0.13199305939195832, ""4"": 0.08066371412738574, ""5"": 0.12277094481960227, ""6"": 0.05938992467810738, ""7"": 0.04226250640831633, ""8"": 0.12109856054284084, ""9"": 0.04584231792259182}","[0, 1, 2, 3]",[],1,0,1,1,0.0,72a554bd54eaf076ec3d262be41c97eb0b6a16f8fad073e14a060d23573adec5,af440a36dba28fa72fd254b521c9616f530b74a0094c40e3e25b1c7bf13d8a69,"[""proposal_created"", ""proposal_committed"", ""v1_challenge_sampled"", ""audit_rejected"", ""recovery_recomputed"", ""recovery_audited"", ""recovery_verified"", ""committed_once""]"
24,trust_v1v2,0,none,0,0,0,0,1,0,,19.4,0.0,0.1,293115092074424288566911990833185287876,32be5fd8c3586ea937637b9ef2c798598b120adfbf6e0b9825b6b17e036173db,1,"{""0"": ""cd6911e6292e7696f253d1212c91c0290694bf8a9df47eb59a8813c60412a135"", ""1"": ""182d814ea35117b0823094c787dcaac9e08e9a79a8527cba50f9ff76a9c91964"", ""2"": ""4af5c41a18f49e6a3dbad71499076fbd16b661390d3e869e1272ba886be70cf8"", ""3"": ""d447b99eb7edd8e0c51cb4b44f2722104a3c3791b7c5ccbda3a84ad5223b3213"", ""4"": ""710a191de1ad1fdb214560669b7c0870cacd486ea6c727ad5fbfa5fe766a6b77"", ""5"": ""fc2f0a61179585a4de77018db098ef9af9e877d77b3ec6bbc0d7e0c2f94a0e72"", ""6"": ""2fda27fe537877a2171cee37ca5495151bb9f72e54d551c62a9f7428299305c6"", ""7"": ""1b65cfd0feb1413d16fef49c0d0a24a2b5a978d8afa2e2dffe229e262b7991de"", ""8"": ""d1b7eb4140e3d83c8e0ac70568194d1676cf02a403e29b873e25d38d7f577092"", ""9"": ""ac70fdaa031c9ab3d00c98d2691963b20d94cde63b98d2b02443bb0adccc084f""}",,0,0,0,0,0.0,0.0,"{""0"": 0.17919567459763355, ""1"": 0.17919586498403822, ""2"": 0.17919584368384667, ""3"": 0.179195835635175, ""4"": 0.04839822847643145, ""5"": 0.07366256689176137, ""6"": 0.03563395480686444, ""7"": 0.0253575038449898, ""8"": 0.07265913632570452, ""9"": 0.027505390753555098}","{""0"": 0.17919567459763355, ""1"": 0.17919586498403822, ""2"": 0.17919584368384667, ""3"": 0.179195835635175, ""4"": 0.04839822847643145, ""5"": 0.07366256689176137, ""6"": 0.03563395480686444, ""7"": 0.0253575038449898, ""8"": 0.07265913632570452, ""9"": 0.027505390753555098}",[],[],1,0,0,0,0.0,af440a36dba28fa72fd254b521c9616f530b74a0094c40e3e25b1c7bf13d8a69,c48e8fcfbd95880cc209f544cd9d649179ea18c6a25ae0156205858b74404fdf,"[""proposal_created"", ""proposal_committed"", ""v1_challenge_sampled"", ""audit_accepted"", ""committed_once""]"
25,trust_v1v2,0,none,0,0,0,0,1,0,,73.12,0.0,0.1,47372392823824169055152745281379313421,023a5da7a416d11a938bcaa9f6621c8dbf6d60fd5131afb209134460cb8fa7aa,1,"{""0"": ""dc39c22ccd04a50b224ac400bb0704a39be6d3af8b2773ece88baa33838f825b"", ""1"": ""d893c30ff297682d38e82a446b8a9f57f877a233a3254403434c5283f913a852"", ""2"": ""ced08ac7bba2a93e24d98dabb813996c04f7285f43b40f2eb5b7c33358bd0c2e"", ""3"": ""4073ebce66e0f6a35cfb30dab9b032cfe313c8a80d8ba3eed9698e6c9025e52a"", ""4"": ""e01755cbe42c6ce17925587eb46e35860be36e2c0b3821a176c931f3f7e81626"", ""5"": ""54c11dee6334ee568a937ff271573fd034341ee15c81d20c327db66347904bb0"", ""6"": ""3a31741d7c59d8494e0241c9214a599231e778270509c041bf383df55345b7a6"", ""7"": ""639e5d244d68c7f73532747decbbabb063d504445af32093be381175d0437328"", ""8"": ""f317187e3dfb42b8e65c291cb6073b1b195a883a837768656853f476bc503b22"", ""9"": ""b2587981e3ecaccdb4c62c510519ec8d105a13af47fac9041c9b9aca2753c5d8""}",,0,0,0,0,0.0,0.0,"{""0"": 0.05375870237929008, ""1"": 0.05375875949521147, ""2"": 0.05375875310515401, ""3"": 0.053758750690552505, ""4"": 0.16109108765571475, ""5"": 0.16867038918031374, ""6"": 0.15694013091188913, ""7"": 0.04941579982624883, ""8"": 0.16836936001049668, ""9"": 0.08047826674512877}","{""0"": 0.05375870237929008, ""1"": 0.05375875949521147, ""2"": 0.05375875310515401, ""3"": 0.053758750690552505, ""4"": 0.16109108765571475, ""5"": 0.16867038918031374, ""6"": 0.15694013091188913, ""7"": 0.04941579982624883, ""8"": 0.16836936001049668, ""9"": 0.08047826674512877}",[],[],1,0,0,0,0.0,c48e8fcfbd95880cc209f544cd9d649179ea18c6a25ae0156205858b74404fdf,83746e4f38f266193afd3fcf19ba4ce9dd4842a831b9e02dfe7842569cd1e2db,"[""proposal_created"", ""proposal_committed"", ""v1_challenge_sampled"", ""audit_accepted"", ""committed_once""]"
26,trust_v1v2,1,A1,1,0,1,0,0,1,V1+V2,73.92,0.0,0.1,310713107624728116257380810415739202476,bea438108060921da2c351bf0c76822101fbf617c07e5d3ddfdb9bc9bdc50888,1,"{""0"": ""b082820589a136905300046e143854dbf4247da54e8bef24fde5a8b7c7a6473c"", ""1"": ""fc8c7803a5f5f1aef2518b1c3154b37b47fc9642000b6c4638a3fec49c97b942"", ""2"": ""db8d9ac00a0eccc7bd4d0d83583cdde2df5b2558576b537197fa095ec06be98b"", ""3"": ""b12ed5bab1603d6e5d1721855e237355436309efdc32ca520e5d0381b3c98799"", ""4"": ""96c70192b4e8d413c7e9d66bc8229d5cb580c681ca6f7483103ff0fe917674d3"", ""5"": ""e01555c19b1f696ea8b55b94d6816bac417d234cd422b73d20b0f3cb82e56a39"", ""6"": ""d6226be7d19cbbfee3f1d638365fae9a474ee367da4d88c80801ee6b35f4757d"", ""7"": ""3eaee5600bd11aec703a3616329948ac6241ecbd106f39139b6140add1454c39"", ""8"": ""ed24f74fd4b3f0e6b9cd2955249d2bd824ba1255d2cfe0a85dde33cd611d4fce"", ""9"": ""984fd1cd418171ab36efc9aa4cee38c29111446d8566cf06298e14f2cd9bd22d""}",862ea63eb5db6784828c9a3c188886764cf2410d992cd92f29b8c8581dc206c3,1,1,1,0,2.723220792116103,0.0,"{""0"": 0.75, ""1"": 0.75, ""2"": 0.75, ""3"": 0.75, ""4"": 0.08614020004953304, ""5"": 0.34581062125358913, ""6"": 0.07396214633271933, ""7"": 0.036908761216050835, ""8"": 0.345720312502644, ""9"": 0.046947468944401285}","{""0"": 0.19057349741049887, ""1"": 0.19057349741049887, ""2"": 0.19057349741049887, ""3"": 0.19057349741049887, ""4"": 0.021888052254772722, ""5"": 0.08786978604532517, ""6"": 0.018793633203484567, ""7"": 0.00937844228004238, ""8"": 0.08784683877263932, ""9"": 0.011929257801740445}","[0, 1, 2, 3]",[],1,0,1,1,0.0,83746e4f38f266193afd3fcf19ba4ce9dd4842a831b9e02dfe7842569cd1e2db,9f66c4d54abe0cbccdbf56667196d01782dc8492313a8cbdd160ef2360a5ffdc,"[""proposal_created"", ""proposal_committed"", ""v1_challenge_sampled"", ""audit_rejected"", ""recovery_recomputed"", ""recovery_audited"", ""recovery_verified"", ""committed_once""]"
27,trust_v1v2,1,A2,0,1,0,1,0,1,V1+V2,63.28,3.0771965697094386,0.1,337961710331159071035063957112393519232,1e1c18d10805782d86028641081ccc39b832f442f5ce4f1ec3af4bf0899f19d3,1,"{""0"": ""d6ea1109c1f7fc7fb15e90d09b338161112ac4315a149fd2165655181d06d8d4"", ""1"": ""3e1bb52ce64a3ea06b6156dc84c314597fb896ddcaefc0abe1d5be158504d7c2"", ""2"": ""e5a68ac200dca38b789eeef3b2fc3fff341aa3df3b977760ad5728cb720d7afe"", ""3"": ""e0bb1b820cb1020da478ca5768588b0f4f948eb1bac72aafcd9e91a35f3a1f09"", ""4"": ""091824fff225da29192da6df66ff3a74cc23e6209f55b3e78aba060ac1e2fc0c"", ""5"": ""79fa3dbf05488168719d91644323d2abc7e8b4122f3322e61500a9a5def74bba"", ""6"": ""caacd66c595e556be22c8b6840551fc96f1d9b3219b6e90a2aca3c686d5295be"", ""7"": ""b88a852ca2ea840216b6a4b0160fa04387eb3fb1b17da985e34bf61534b89a68"", ""8"": ""86c59d3d339e964ba144e641cf4752ea4b127347bff7eb5d575c744c0278702e"", ""9"": ""f1035feddbc89e8447408d0fa55f3d1f8ca1378b37671ddf0dc89eecfe68f938""}",3b5a5dd1e6b74a4264808cf8457169fc544cacb343a9384eebe25037bafdbb45,1,1,1,0,1.1862559837717062,0.0,"{""0"": 0.07759048638634838, ""1"": 0.07970278387586104, ""2"": 0.06948061988888443, ""3"": 0.04890402971166013, ""4"": 0.23620266117819513, ""5"": 0.10374318637607675, ""6"": 0.022188643899815803, ""7"": 0.0340266530857095, ""8"": 0.10371609375079321, ""9"": 0.2244448418466556}","{""0"": 0.1637952431931742, ""1"": 0.16485139193793055, ""2"": 0.15974030994444224, ""3"": 0.1494520148558301, ""4"": 0.11810133058909758, ""5"": 0.051871593188038384, ""6"": 0.011094321949907903, ""7"": 0.017013326542854753, ""8"": 0.051858046875396614, ""9"": 0.11222242092332782}","[0, 1, 2, 3]",[],1,0,1,1,0.0,9f66c4d54abe0cbccdbf56667196d01782dc8492313a8cbdd160ef2360a5ffdc,7bc34abf3794ab97754ee8ff3c20b031dd6827f55063ae5e170a5bb16f75245d,"[""proposal_created"", ""proposal_committed"", ""v1_challenge_sampled"", ""audit_rejected"", ""recovery_recomputed"", ""recovery_audited"", ""recovery_verified"", ""committed_once""]"
28,trust_v1v2,0,none,0,0,0,0,1,0,,78.01,0.0,0.1,144357669503827157518398716607955651628,fd245bbc86fdc99ae078691194cea0956f2dd032f111c20f005ffe4c7662ad46,1,"{""0"": ""171980db53bfeffefd6b38969e09bcd101f380c1e5ae355f69382b9ae5b688f7"", ""1"": ""6d2168660946a559367198dcf590dda62fd507026f9cf1aed2c5a074d7201afd"", ""2"": ""cf62e006e13d9631ede755ea2a1e3caab858b45e6fa5bccb024d78abb7572780"", ""3"": ""9e2603cd74bccbb357fab301a4adbdae76abf23f58fac811144cee8e90952507"", ""4"": ""04c36c19a5b727095c344553f7c04c9239fd6d3ac010ae0d2684bb6ee9a4a247"", ""5"": ""320dba41f9b060478d38ae53a53f3c1342965e6563a18332b6654902cdaa70e2"", ""6"": ""2207c059c615748858e06a330b90d6cb2e72702e8d3b97aa47c86688e29e0758"", ""7"": ""fd1332adc2798f8245b6543f9a81a39cbd70d43bb1cb6624709e854f7aaf4e1e"", ""8"": ""c68ca917974346ec737826959e91540f1d8332a325a8f02331b6421cafdef9d9"", ""9"": ""b59b43572b148c7aabb0501099f4cb8b76b4ad20ee81ab28069b660949353ac5""}",,0,0,0,0,0.0,0.0,"{""0"": 0.023277145915904518, ""1"": 0.023910835162758316, ""2"": 0.020844185966665332, ""3"": 0.014671208913498041, ""4"": 0.2718178309064054, ""5"": 0.23207998846576983, ""6"": 0.04704615371596948, ""7"": 0.049455805432005694, ""8"": 0.23207186067818478, ""9"": 0.08482498484283875}","{""0"": 0.023277145915904518, ""1"": 0.023910835162758316, ""2"": 0.020844185966665332, ""3"": 0.014671208913498041, ""4"": 0.2718178309064054, ""5"": 0.23207998846576983, ""6"": 0.04704615371596948, ""7"": 0.049455805432005694, ""8"": 0.23207186067818478, ""9"": 0.08482498484283875}",[],[],1,0,0,0,0.0,7bc34abf3794ab97754ee8ff3c20b031dd6827f55063ae5e170a5bb16f75245d,57950e57fa0e753dc89a989910ec2315bb80475f5873c4258d62b55747d484e4,"[""proposal_created"", ""proposal_committed"", ""v1_challenge_sampled"", ""audit_accepted"", ""committed_once""]"
29,trust_v1v2,1,A2,0,1,0,1,0,1,V1+V2,30.49,0.3887154268488434,0.1,171998246075912891707889659682283201403,d144e199c9389f7977085dcd06ec2f4f95bfe65be2a90ff308940c388fd69b45,1,"{""0"": ""106fd5c2f604793becf52209e862af00a8fbd141e4dfe3239256022958c18ed8"", ""1"": ""607cd3cfa3ef45c0885c2930444c1948c06e83d1c1ca8f31a4ffbfb84ce8c0ab"", ""2"": ""dfc776d29f891478d7695368e29fdf1fbee0a30bf7b7917ab3a6ac2c44bc6e04"", ""3"": ""44f2f0b3ff5cdbd3d5eddecc82f43dd6887623c27b6f43d8616cdce4e43dd5f3"", ""4"": ""306f8ca90e40de8b4702a23c267416475f8cc3ee0fb7e2ab8aaa734e8588b639"", ""5"": ""9ffdc8c9b766807f026431d0124f37ebb6dcd85f2ecbda0864909a133789bc28"", ""6"": ""379a601e09a285adaffa222d96bb9c5359a2e5babefd0e1ec1654956fabb92cf"", ""7"": ""7d6dc0089b850a7ea4a6cc4745171bfbce3ecb2e412a2e8381ca2320ebcdfe3d"", ""8"": ""4b3d8d93757c8d92ffcd74d2ebf9db5f3db1c84cc12ee34abb2967098da88876"", ""9"": ""f243444791a707461712565e331b3b62384b5b7c2ca24c51b9c8e178eae56498""}",2fecf1fc23c5a690595b3ce8f7b3072a3b441fa39a9bd1fafb9f7e18e308da92,1,1,1,0,0.48163440546394054,0.0,"{""0"": 0.13803303343969736, ""1"": 0.1382231402137535, ""2"": 0.1373031454549256, ""3"": 0.13545125233897543, ""4"": 0.18871630745490275, ""5"": 0.06962399653973096, ""6"": 0.014113846114790846, ""7"": 0.04356006008678192, ""8"": 0.06962155820345545, ""9"": 0.06535366015298626}","{""0"": 0.19401651671984868, ""1"": 0.19411157010687674, ""2"": 0.1936515727274628, ""3"": 0.1927256261694877, ""4"": 0.09435815372745138, ""5"": 0.03481199826986548, ""6"": 0.007056923057395423, ""7"": 0.02178003004339096, ""8"": 0.034810779101727723, ""9"": 0.03267683007649313}","[0, 1, 2, 3]",[],1,0,1,1,0.0,57950e57fa0e753dc89a989910ec2315bb80475f5873c4258d62b55747d484e4,6c551636ef4500f39ac5b73e17468370d744456d7ac1b69e5328cc165bbc311b,"[""proposal_created"", ""proposal_committed"", ""v1_challenge_sampled"", ""audit_rejected"", ""recovery_recomputed"", ""recovery_audited"", ""recovery_verified"", ""committed_once""]"
30,trust_v1v2,0,none,0,0,0,0,1,0,,76.05,0.0,0.1,152111167088245041891724917139848105414,937cc9bfa777d46289808b03f013c5d2ecf865656b30c6a12e557b1e77e1a1f8,1,"{""0"": ""25394f6666d7e7fd88e0ae37ce68750d9faaa897a9262288faf4be09ef70d040"", ""1"": ""bf751f8fa5de29f041e7da252a209fb0ffe1eb9975d17f2e1a87374eece1dbc2"", ""2"": ""b51b6359fac048efe596d5fc0e5f032919488633324e1674623196d4f8335d11"", ""3"": ""0a9946ca18afd696d4b2fc40bcaec8278fbaae9617814443e1f03d2b09f38721"", ""4"": ""20b62993afcea39d2dd7fdfc21b60b6f8a7035699be742bbd952f855f8098c7d"", ""5"": ""3fe9532f3f58bbda55d92fd1b9f08bfc7718d99de69bf94467941c5337704a3b"", ""6"": ""62f8045c69bb76c9d56258b5b6c86088b14e5c5de3d125e99fce0ffd826b596d"", ""7"": ""86346172a9508e9e9c1f51f0e5941f5d5da02901e70f7fcdff52f341e0292511"", ""8"": ""8c9848fd9109a50fc286b33c7781a06b5aa2dfaa3ca5df0d4f0284ca2b5134b8"", ""9"": ""4dfefe14e0f23c1dc598993a34c7edb122213c1bb65fd2fd00f0faa40246b882""}",,0,0,0,0,0.0,0.0,"{""0"": 0.041409910031909206, ""1"": 0.04146694206412605, ""2"": 0.041190943636477684, ""3"": 0.04063537570169263, ""4"": 0.2053193097912268, ""5"": 0.1695916165166753, ""6"": 0.1504912609046735, ""7"": 0.05427528685517801, ""8"": 0.16959088501579264, ""9"": 0.08602846948224808}","{""0"": 0.041409910031909206, ""1"": 0.04146694206412605, ""2"": 0.041190943636477684, ""3"": 0.04063537570169263, ""4"": 0.2053193097912268, ""5"": 0.1695916165166753, ""6"": 0.1504912609046735, ""7"": 0.05427528685517801, ""8"": 0.16959088501579264, ""9"": 0.08602846948224808}",[],[],1,0,0,0,0.0,6c551636ef4500f39ac5b73e17468370d744456d7ac1b69e5328cc165bbc311b,3f1754878de4b4142ba0f55511972ad6d68a2c9ad0080b201bc99d1ed86e903d,"[""proposal_created"", ""proposal_committed"", ""v1_challenge_sampled"", ""audit_accepted"", ""committed_once""]"
31,trust_v1v2,1,A2,0,1,0,1,0,1,V1+V2,78.57,2.6352659567828542,0.1,175227488900785694416801901211865565619,35d878704b6a8cc0d1fb5f4ece3950bff841901168785d25eb6bde6d65a09c39,1,"{""0"": ""ba90d8a26f5bd16164cf221deb7535f80a8dd640b8eab9b6d1483439f022bf1c"", ""1"": ""a435780e80e9ab47be45f87c649f337059f31d3d0ce71548b09a05ff33adcf16"", ""2"": ""34253e71675b7d3930375fb13145cf84aa9b1c1abf3390fc3466773e8d2b140e"", ""3"": ""34f708e3ca5581b31f38f70abc2fe6edf9e00b92ccba2b815afa69903c66c506"", ""4"": ""a0c755c47a7f0f06e09454dffb776433a463f06d115f4a86a597614ad7e9e214"", ""5"": ""51298b536d1e891446e5ab36ef185aa423fff8deeee68fd1e3889ffe37290e05"", ""6"": ""295655f87e5365495cbe3f47742b7d0737750e5e148a426965942a24a98bb89b"", ""7"": ""e374272d9f56f2e7ad268c11ea35525a334a95bff31b8ec86ce9a9e12db8bf0a"", ""8"": ""e98b9282b47b0dad872c80c78421c64debe45acc0910fddfa7cc79db3be5cc46"", ""9"": ""2cd67a9278754defcc0e05ca8874e1cf36a595c5022b5971e6aaad81695067cd""}",720f1922a30c181ae3253cad0f2bd5cbc312d68b9477df9250dff48ae6e85874,1,1,1,0,2.3013106005467776,0.0,"{""0"": 0.012422973009572767, ""1"": 0.01244008261923782, ""2"": 0.01235728309094331, ""3"": 0.012190612710507793, ""4"": 0.19931498331826183, ""5"": 0.20254327449977177, ""6"": 0.0817701297176842, ""7"": 0.0969247887376837, ""8"": 0.20254305504950698, ""9"": 0.16749281724682993}","{""0"": 0.1312114865047864, ""1"": 0.13122004130961892, ""2"": 0.13117864154547165, ""3"": 0.1310953063552539, ""4"": 0.09965749165913092, ""5"": 0.10127163724988589, ""6"": 0.0408850648588421, ""7"": 0.04846239436884185, ""8"": 0.10127152752475349, ""9"": 0.08374640862341497}","[0, 1, 2, 3]",[],1,0,1,1,0.0,3f1754878de4b4142ba0f55511972ad6d68a2c9ad0080b201bc99d1ed86e903d,935d97187c1506b8ea807505b658e25a07e4c197fc43f231494e41a513bde56b,"[""proposal_created"", ""proposal_committed"", ""v1_challenge_sampled"", ""audit_rejected"", ""recovery_recomputed"", ""recovery_audited"", ""recovery_verified"", ""committed_once""]"
32,trust_v1v2,0,none,0,0,0,0,1,0,,14.97,0.0,0.1,162858200529630062951614702448061099381,53be9c802f582c572aa6117a2e96690aba1797220989456d6e373f9f6d5645a9,1,"{""0"": ""e5ea2eb7b152c2a0ade63c4fdae1157a96e72fefb9ee7c067e66a00fb884e37f"", ""1"": ""2d57811a149e1f7a3ac407bd4a8ecf1bf78ad267c6d3e4ceb6f4568b4d62d8ac"", ""2"": ""36cac18a1b88dfed7c69b79377d0ed5e2c6aeef769af25c080a1d1d986051570"", ""3"": ""7a445e9f8ce1d7025b74d3cf4133e71799f316e3a274d516ec82bbe404a810bf"", ""4"": ""3bad53ab51a08a88c0871f3ad1b6c26d7ef15c0ea29611f82f2b8d6322a57e53"", ""5"": ""b194ae515bd0b334e6730baa7b85304740cf2e6692af64619378f7561d99c7af"", ""6"": ""613ca3e0c7145d31fb5143eb4cd5a498c5a542c1ab2bf28ad5350a3c4c3ccc36"", ""7"": ""d656bf2c0cad0e2b9a9940e8dac05119cef6bfc015a6df53c79a4bcd6dc365c7"", ""8"": ""0e55b33d1c6d740580bc4246b48014168e6ae4b77b8393209b8c34d7fc5acc8d"", ""9"": ""fba2301bbd4d97dd5ef874e7ae5108be283d9981b548f2f241f09524bc953480""}",,0,0,0,0,0.0,0.0,"{""0"": 0.17872689190287183, ""1"": 0.17873202478577133, ""2"": 0.178707184927283, ""3"": 0.17865718381315232, ""4"": 0.05979449499547856, ""5"": 0.06076298234993154, ""6"": 0.024531038915305264, ""7"": 0.029077436621305117, ""8"": 0.060762916514852106, ""9"": 0.05024784517404899}","{""0"": 0.17872689190287183, ""1"": 0.17873202478577133, ""2"": 0.178707184927283, ""3"": 0.17865718381315232, ""4"": 0.05979449499547856, ""5"": 0.06076298234993154, ""6"": 0.024531038915305264, ""7"": 0.029077436621305117, ""8"": 0.060762916514852106, ""9"": 0.05024784517404899}",[],[],1,0,0,0,0.0,935d97187c1506b8ea807505b658e25a07e4c197fc43f231494e41a513bde56b,f8b03cd1839e9846409fcbefd384265f8741a5fa3dc63d1d9de2eef9dbf59e11,"[""proposal_created"", ""proposal_committed"", ""v1_challenge_sampled"", ""audit_accepted"", ""committed_once""]"
33,trust_v1v2,0,none,0,0,0,0,1,0,,76.63,0.0,0.1,306117582685277093742922758324476843291,d9f7905200682fa6698727de0f901b61c2e6419ccf256afd1dc311994c1e9908,1,"{""0"": ""81e2fea162923d4a67952516d2cfb1fa91da39c3f58140dc587553631a43dc51"", ""1"": ""b76bd6df235bfa564be74c506c02b5d3d3cb9b9f7b59d6e6c8decc00d1ce3892"", ""2"": ""b5ce25b4ec52767c9e8573da0068676c496fb70e48f0592bed295529663d1e46"", ""3"": ""6919527137ebfa30e7790386c7b7af2272e14819db210f4cfd4634f64d0acd57"", ""4"": ""af2fa993a44c955a25c1ed95fb539912b4399069acce3ea1f4eed4fb2a33e5ff"", ""5"": ""bc09993cd5ec092d405b76464f6d5f48b5b63f0727cf70d59b9d66b3b9e11a07"", ""6"": ""ccf32b721fd7f4bd0c9ce0e71ec213de7b52a877ae0c88081bb7e8edc4bf943f"", ""7"": ""b912198608b64eb42fa910882d0b597bf9b067e46ff5e6884501ff75158dd69b"", ""8"": ""36e1491590237abd827b82b6911a7dc522e7efd17728ddef5bd297d58dde65c5"", ""9"": ""d019eb6ac89e03814261987ade7c0b7567b21a0e0f9f3c552026863906fd1bf5""}",,0,0,0,0,0.0,0.0,"{""0"": 0.05361806757086156, ""1"": 0.05361960743573141, ""2"": 0.0536121554781849, ""3"": 0.0535971551439457, ""4"": 0.16158828695533925, ""5"": 0.16187883316167515, ""6"": 0.13034820078264994, ""7"": 0.0779568086602842, ""8"": 0.16187881341115132, ""9"": 0.09190207140017669}","{""0"": 0.05361806757086156, ""1"": 0.05361960743573141, ""2"": 0.0536121554781849, ""3"": 0.0535971551439457, ""4"": 0.16158828695533925, ""5"": 0.16187883316167515, ""6"": 0.13034820078264994, ""7"": 0.0779568086602842, ""8"": 0.16187881341115132, ""9"": 0.09190207140017669}",[],[],1,0,0,0,0.0,f8b03cd1839e9846409fcbefd384265f8741a5fa3dc63d1d9de2eef9dbf59e11,26f6a7991e02cac9dc477a2680bcd2c52ac3ea7abd55b95477851805552f03de,"[""proposal_created"", ""proposal_committed"", ""v1_challenge_sampled"", ""audit_accepted"", ""committed_once""]"
34,trust_v1v2,1,A2,0,0,0,1,0,1,V2,75.54,0.045691526987853955,0.1,233331756517175750617667990994829450685,49a14ee8c24692e64c0619403a4d1448f451a4e72135993844f71e9db8394ac9,1,"{""0"": ""6d0ff0f56716e0644bc5ef25ef243e1e1af99e27b39e3c16fd9adf543b6e03bc"", ""1"": ""e05e98aeb2ac8ab3ac708b7ed94990dc57b2368d5189ce37f12676ae8c28c2a3"", ""2"": ""7e83f6045757dac3abecae58573de54a39dcf004e4b089d824c5b7b78c8af556"", ""3"": ""9eacbf1fe566d24eb7cb05ff180aeb9d1edb696c457f11f6a34752c384618877"", ""4"": ""3e355451e2955b636c27ed65a98c0a5bb7c6b7d40f42a1010633302c5527d5c4"", ""5"": ""1d56414b4c83c36e26b4145c6f6dc8ea49cfdcfe0b5a4fd7d2516839898feb35"", ""6"": ""31f7986414cdaed5ad3a230aeb8b97ce970c33fac418c206a93cb5acaf5404ee"", ""7"": ""0b3dbff5407f090e3cf86bf61b0080a1e9a4c67d35f7abeff0b21bbec8f97873"", ""8"": ""7104958cfa2e43131a990f47575375ae7ed71c1e42c8570d3fe53f02789414d7"", ""9"": ""b8fee6c82b9923db104adc0d1ab95afb5e0a208c4add8d24f5bdcf160c0bd936""}",a2162b38c86e2ff313c27f0095304d7fb2b78cbe5ebc0dcea888fd79951f3a78,1,1,1,0,1.975619750548949,0.0,"{""0"": 0.016085420271258467, ""1"": 0.016085882230719422, ""2"": 0.01608364664345547, ""3"": 0.01607914654318371, ""4"": 0.08887860693585332, ""5"": 0.2923136243967692, ""6"": 0.11206178215335949, ""7"": 0.0839367771329776, ""8"": 0.2923136184716121, ""9"": 0.06616149522081106}","{""0"": 0.13304271013562924, ""1"": 0.13304294111535972, ""2"": 0.13304182332172773, ""3"": 0.13303957327159185, ""4"": 0.04443930346792666, ""5"": 0.1461568121983846, ""6"": 0.056030891076679745, ""7"": 0.0419683885664888, ""8"": 0.14615680923580604, ""9"": 0.03308074761040553}","[0, 1, 2, 3]",[],1,0,1,1,0.0,26f6a7991e02cac9dc477a2680bcd2c52ac3ea7abd55b95477851805552f03de,1621e85775e6fecddfeef2489b917455a70600795d86d0e9fab0fc96dd1380a6,"[""proposal_created"", ""proposal_committed"", ""v1_challenge_sampled"", ""audit_rejected"", ""recovery_recomputed"", ""recovery_audited"", ""recovery_verified"", ""committed_once""]"
35,trust_v1v2,0,none,0,0,0,0,1,0,,15.14,0.0,0.1,100706192099285900295463302434784006918,509bac9c33414d4a4fafcc780d77f21c4fabbf2c02e7dc84677f266e49c27a17,1,"{""0"": ""a3909d94039447a55bd0b99ea23ea4273ac8b644c6cc78e55cb6d13dafc2d245"", ""1"": ""4fe253e39a2ba4710702b96b69a2767ac6acea066da7b27d1d9d20318488fa26"", ""2"": ""79bb95cbca65c5db38683ae1e39c19034ca079246e75b8b45200d7b22165cd2f"", ""3"": ""3ef352db16b4cf2c489d5090862cf807d4a09fee05a3db34c9e53166d2bae6e6"", ""4"": ""d7ab1cedf0960d3d86e85201832afdcfffd501cca64d49dfdebb10080cdf33e8"", ""5"": ""86ba15e49979946ad199cdbda5769e2f2f667c0dd92aa1d511023c14f48c8c33"", ""6"": ""75425ab950e44e70082bedb9d670c8e6732621a69cca25c246a0eb0e5b3f2601"", ""7"": ""1e30bdb149c899ee219c5ac683ea0863d15146c156688af456f681d37fc5d15d"", ""8"": ""9034e6f069b3be44a14f09c32151c885589c0ec68a983a0d635e9f2c6a434ed5"", ""9"": ""34ba14c43e2497bb17258d161725f03f3ba382ffd796c6f7778c14df9a68c34a""}",,0,0,0,0,0.0,0.0,"{""0"": 0.17982562608137756, ""1"": 0.17982576466921585, ""2"": 0.17982509399303667, ""3"": 0.17982374396295514, ""4"": 0.026663582080756004, ""5"": 0.08769408731903079, ""6"": 0.03361853464600786, ""7"": 0.02518103313989329, ""8"": 0.08769408554148365, ""9"": 0.019848448566243324}","{""0"": 0.17982562608137756, ""1"": 0.17982576466921585, ""2"": 0.17982509399303667, ""3"": 0.17982374396295514, ""4"": 0.026663582080756004, ""5"": 0.08769408731903079, ""6"": 0.03361853464600786, ""7"": 0.02518103313989329, ""8"": 0.08769408554148365, ""9"": 0.019848448566243324}",[],[],1,0,0,0,0.0,1621e85775e6fecddfeef2489b917455a70600795d86d0e9fab0fc96dd1380a6,fe002b01f3cf6a9aa8cf349945c8f9c047bd0e64e406f60dc9bad20c72cb4730,"[""proposal_created"", ""proposal_committed"", ""v1_challenge_sampled"", ""audit_accepted"", ""committed_once""]"
36,trust_v1v2,1,A2,0,1,0,1,0,1,V1+V2,75.61,0.24689800333353343,0.1,293628598542197283569866631761252795793,54a7f72fc320a14bdb491da7c4142038e47bab79fbc1e060bfcf63c09c81912b,1,"{""0"": ""b9e3b874e3c24a5fc86814130288f454029969b0f7393b78021cc5a886286f05"", ""1"": ""097d29da3815842a97e1b58420532584e3200ca1ad069473baaca0d7cf051712"", ""2"": ""5849ec9901532e66348663eb3ddf5fb910e92163f59e527926ee5c0b2fdd2f0a"", ""3"": ""85e4ca54750112fbe78c3d617692f083819716c801ef3314ab702b96d049ec53"", ""4"": ""a59947222e2efa0429cd4e3dd85d078b83d3ab60f31ae3ac9c0a0df1a65e8309"", ""5"": ""6a453cda8bfd851c34c7068e8c137a318ac9cc1a00754e0ee5b1e96cbbf68629"", ""6"": ""68597dd5c28cee67b4213d881996e95dc4461253d42c5d2bd440cd1e1b607e99"", ""7"": ""8afbe68799c8afbe9d64acd978234ffa8f4ea541444215e40016169f239ec74b"", ""8"": ""0b1e8719b60b2dbc9040d5dd91fa0941e197d6640ec57d24790e8bb61264763c"", ""9"": ""a167306432629baedfccc6bfa4168f973ff9a6195c049777ff6d5d988d360e45""}",db182e6d7e896e14c53f4928399e20f6ff5d7102fd5a537a5d2fb5ab4cb8f21a,1,1,1,0,0.7142688978096835,0.0,"{""0"": 0.053947687824413275, ""1"": 0.05394772940076476, ""2"": 0.05394752819791101, ""3"": 0.05394712318888655, ""4"": 0.15343473062518193, ""5"": 0.17174388219666437, ""6"": 0.10842966500079601, ""7"": 0.06792843800815583, ""8"": 0.1717438816634002, ""9"": 0.11092933389382603}","{""0"": 0.15197384391220664, ""1"": 0.15197386470038238, ""2"": 0.1519737640989555, ""3"": 0.15197356159444328, ""4"": 0.07671736531259096, ""5"": 0.08587194109833218, ""6"": 0.054214832500398005, ""7"": 0.033964219004077915, ""8"": 0.0858719408317001, ""9"": 0.055464666946913016}","[0, 1, 2, 3]",[],1,0,1,1,0.0,fe002b01f3cf6a9aa8cf349945c8f9c047bd0e64e406f60dc9bad20c72cb4730,aee92058081858266c495011726459ac6c2724d6e601420814d422b17d4e5c9a,"[""proposal_created"", ""proposal_committed"", ""v1_challenge_sampled"", ""audit_rejected"", ""recovery_recomputed"", ""recovery_audited"", ""recovery_verified"", ""committed_once""]"
37,trust_v1v2,1,A2,0,1,0,1,0,1,V1+V2,79.93,1.4704813888723611,0.1,282705466045690564660193239065718664944,273636af32073a2b2a64a23be60c5b2e1b0bd39e52a51eb696dc18fa30bcc891,1,"{""0"": ""62352fc01fff959190b60937fb6919c8bd5da6a0e9162adb6a76821dd679148f"", ""1"": ""98d3eae12383a6d6effd675cab7cd87e270edb3ea896f07438a74cbd101aefc3"", ""2"": ""3657d2b98daaac78602953991fb9469eea19ec74de0cd3e7ca1b7c93f9929c13"", ""3"": ""56f3588bcbaf5c26b54b84f26b64260bb2762602e22c8ddabee359043ac30600"", ""4"": ""ca27d35d21168d88762a8e089a89abd187793848c87800e50519bd15ca570255"", ""5"": ""d2f1fb142b4255cf430e247d66610551887143a2abb5d50320df3a77d860f38e"", ""6"": ""b39da342c8a8a0ddbe7e5a6f08afea63b6ff8fec9b150edc07efcfa38b215839"", ""7"": ""98a60ff0378128c2a3f310c9c4a3d4076fa44c7d66b37187b18ad64d32b020cb"", ""8"": ""ca3af5421d4644a5783259e049ecae5cdaab07b7492131a25108f8a0e30d2017"", ""9"": ""3ac35eedacc6daab67ee98dcfcf6433d3da9bfbcc57040663275766c60a4e938""}",125c2116a55f5fb164434aaa096b9e0089cd12dca19c27d58454db4fa4bd106d,1,1,1,0,2.0529740033483,0.0,"{""0"": 0.016184306347323988, ""1"": 0.016184318820229433, ""2"": 0.016184258459373307, ""3"": 0.01618413695666597, ""4"": 0.1730716067441085, ""5"": 0.22470825360391639, ""6"": 0.08669688128277968, ""7"": 0.10372277253582633, ""8"": 0.23532020644097515, ""9"": 0.11174325880880132}","{""0"": 0.133092153173662, ""1"": 0.1330921594101147, ""2"": 0.13309212922968666, ""3"": 0.133092068478333, ""4"": 0.08653580337205426, ""5"": 0.11235412680195819, ""6"": 0.04334844064138984, ""7"": 0.051861386267913166, ""8"": 0.11766010322048757, ""9"": 0.05587162940440066}","[0, 1, 2, 3]",[],1,0,1,1,0.0,aee92058081858266c495011726459ac6c2724d6e601420814d422b17d4e5c9a,4a1ffa842deef25ef7d0786babd5da5859d256ce460bd1a5f7bf5e692c864483,"[""proposal_created"", ""proposal_committed"", ""v1_challenge_sampled"", ""audit_rejected"", ""recovery_recomputed"", ""recovery_audited"", ""recovery_verified"", ""committed_once""]"
38,trust_v1v2,1,A2,0,1,0,1,0,1,V1+V2,17.32,0.3686365244692806,0.1,2068957768009316409824483056919948844,9c516d6710515f71809f0b98b15f6c8d96bfaa5568b43e6c7c6aba86167695c7,1,"{""0"": ""a3e82a646cedd44cd5784abc44e325b3a7d34c153518226b157baa29e749a5f0"", ""1"": ""2d94b550f5e295faab239505d4a4301ae54263bbc652c4896d36f31c706a27d8"", ""2"": ""acf2ff39a53899c4a84d24f0483c8ade1330cfbf1f8f031fc164023961ad1490"", ""3"": ""64689913fe7ce8f67da490fcb31eb662d93b766a31b050744ff246bbaff6d9f5"", ""4"": ""02d01e879eca8f0806b741591fba8ce5e668016c3c4153e4f60385155c5cc141"", ""5"": ""7bb3ce6807ae973b2b79d4a1190b5a3f557a987a5ef351f8f6ebd16be633ff8a"", ""6"": ""d1df94fbf5d97bf0308f285a20cbe339c0dbb801e41c7121eb958ba9cd768e2f"", ""7"": ""826bf214ecf6b489b7966c97774046dd70dd7b72fe6ebb60663208fe641dc33d"", ""8"": ""c30050b96d9df7f2545ea889c545b5662022b9d9d7d06630fd094d278a3c117b"", ""9"": ""b506ec8bf81010a1c669c1dcfdd868fce5c54bda7d37e60449d7c5ae846350d4""}",ac807775273a7d7261411ebebe9962763ee0db1e2fd3c8686bd3d34867ccf004,1,1,1,0,0.24119963084289586,0.0,"{""0"": 0.17547419648455076, ""1"": 0.17547420022642238, ""2"": 0.17547418211816554, ""3"": 0.17547414566735334, ""4"": 0.06944586370181834, ""5"": 0.06741247608117493, ""6"": 0.026009064384833906, ""7"": 0.031116831760747903, ""8"": 0.07059606193229255, ""9"": 0.0335229776426404}","{""0"": 0.2127370982422754, ""1"": 0.2127371001132112, ""2"": 0.2127370910590828, ""3"": 0.21273707283367668, ""4"": 0.034722931850909175, ""5"": 0.03370623804058747, ""6"": 0.013004532192416955, ""7"": 0.015558415880373953, ""8"": 0.03529803096614628, ""9"": 0.016761488821320204}","[0, 1, 2, 3]",[],1,0,1,1,0.0,4a1ffa842deef25ef7d0786babd5da5859d256ce460bd1a5f7bf5e692c864483,f0b5fd68ce5c7a94058e5bc0370beef45619af7678d35ad60e6bcb2b191f7b77,"[""proposal_created"", ""proposal_committed"", ""v1_challenge_sampled"", ""audit_rejected"", ""recovery_recomputed"", ""recovery_audited"", ""recovery_verified"", ""committed_once""]"
39,trust_v1v2,0,none,0,0,0,0,1,0,,74.84,0.0,0.1,214815830046513737332013904865777847747,ac2f79c8c5c189f037f00fce780a74bf072e74d8be98399937ad1858b8caa437,1,"{""0"": ""be963cf758cb9651e0585ad523952ed47631d3f7206b07308cc6e29a3a335e51"", ""1"": ""cdc15d26fb6d123fa9f2e99e9db858afa99c39a0fcd20c47eb56c822fcf26688"", ""2"": ""6628581e45c1b9e0b4137e3e2b538ddfd04099b0ecc3efa2ee5321500651add5"", ""3"": ""07cb1be442a2bb3edd3368ecae51b0298f7d8d9cb36edd54544f25d57649ce4f"", ""4"": ""f79515db365262e7e252caffa0f788c9b136a3c4f5b41ecd49f002cb4c820884"", ""5"": ""6a04d9e91077559cd8c6d96942acef4778c800da5b7af456459481370f0a9533"", ""6"": ""054fe5a73b0e85c822506e4d75742ebe650d15d2ea5ba8f0d27ce3fdcf3a7d4b"", ""7"": ""1c5e33cf8a037af172649ff188f453fbf7be67237c402b6f82e025e64d0e533e"", ""8"": ""954156983bd21d4c1f5b4a20403f94c96b903b2fcec3b574f0d005e167a20368"", ""9"": ""24a2b305955e06baf2e0203b6c0764059cbf6220b1eabaa78d6252f5b0a3a60c""}",,0,0,0,0,0.0,0.0,"{""0"": 0.052642258945365235, ""1"": 0.05264226006792672, ""2"": 0.05264225463544967, ""3"": 0.05264224370020601, ""4"": 0.16587849258275367, ""5"": 0.16526847629656066, ""6"": 0.14396208801846608, ""7"": 0.06104964448981139, ""8"": 0.16622355205189593, ""9"": 0.08704872921156473}","{""0"": 0.052642258945365235, ""1"": 0.05264226006792672, ""2"": 0.05264225463544967, ""3"": 0.05264224370020601, ""4"": 0.16587849258275367, ""5"": 0.16526847629656066, ""6"": 0.14396208801846608, ""7"": 0.06104964448981139, ""8"": 0.16622355205189593, ""9"": 0.08704872921156473}",[],[],1,0,0,0,0.0,f0b5fd68ce5c7a94058e5bc0370beef45619af7678d35ad60e6bcb2b191f7b77,966d8737ed19203add5e830f7ca3f390db6715f880c3f71d1d85de95ae6d46d9,"[""proposal_created"", ""proposal_committed"", ""v1_challenge_sampled"", ""audit_accepted"", ""committed_once""]"
40,trust_v1v2,1,A1,1,0,0,0,0,1,V1,77.77,0.0,0.1,299537469439541420181299798657236802799,f72c6bc2f65990a2e08a6ea4f1d2a3fd89cba2922be353738a0b174abc3f384e,1,"{""0"": ""2ee43e3a6b1979f401b7c168afc3bd4c8804bc09fb72184b4e37cf10709b0373"", ""1"": ""75dcc1912aaebceeb4d9d587ac65edd2ead1610a3c9cec556e4fb23859c0faa8"", ""2"": ""41bb0caffca3a2443e77bac687ea25d95c80251246097b6b5ca0ef990368d5bc"", ""3"": ""5da562a633729bbdc204f7270b85401a9b8d5459b432918efed13404e3bca98a"", ""4"": ""7abdafdef866360a23c52dd139589a94bf0becf4a5ffd6dbf530cfd4511a4661"", ""5"": ""039566a98057f2aa62f98b74a3390b87e1646e4d9eaacecf54a9a369a376379d"", ""6"": ""404c9a5f24f4482bad39f9be5adc586450bd856bf7875d83e4b634f2b9e32b0c"", ""7"": ""adb4e131871838e09e515a9a629c7c14850f822f07ef5b23fe3dda7a3c2396e1"", ""8"": ""1ec2d30136694f74c12e1b3f3eb85eb3396e141ca18670ba3ac42f3373f2c267"", ""9"": ""607f1a1afcd950aded7a7457d3eb64f90a9c071c614271d5ffa7f82d06c88228""}",52b0e0a96d375a171d4770535e89f3dc729b9eb883d60789e76155a7076a1f95,1,1,1,0,2.7291653421011555,0.0,"{""0"": 0.75, ""1"": 0.75, ""2"": 0.75, ""3"": 0.75, ""4"": 0.09331810229558792, ""5"": 0.1849886092384325, ""6"": 0.09840998757674271, ""7"": 0.06522125923617024, ""8"": 0.4372627619092091, ""9"": 0.05762857453917315}","{""0"": 0.19050864130470105, ""1"": 0.19050864130470105, ""2"": 0.19050864130470105, ""3"": 0.19050864130470105, ""4"": 0.02370387316995408, ""5"": 0.04698923813714673, ""6"": 0.024997270698743686, ""7"": 0.016566951308352635, ""8"": 0.11106977955261922, ""9"": 0.014638321914379422}","[0, 1, 2, 3]",[],1,0,1,1,0.0,966d8737ed19203add5e830f7ca3f390db6715f880c3f71d1d85de95ae6d46d9,4cfd9ba36dac7834f4dde640b1ed7d30cda072e5f0dea709881cc0e07a227272,"[""proposal_created"", ""proposal_committed"", ""v1_challenge_sampled"", ""audit_rejected"", ""recovery_recomputed"", ""recovery_audited"", ""recovery_verified"", ""committed_once""]"
41,trust_v1v2,1,A2,0,1,0,1,0,1,V1+V2,17.78,0.24671148904248663,0.1,293592044819481742500975319796552597899,aff4d94fd76090c697f05d7016471726aac9922609284ce84812f0be84f9b837,1,"{""0"": ""b2b789c5ee2712c332cb845a621f3054ae0edb0e3a98a6c9a8183c68273e7b4c"", ""1"": ""b68621cadbc0c2d5c00bed56a899d0f2114d62e6a7bc7b8af32795432c3eaee8"", ""2"": ""9dd550d680de28d0f9a260a268a559944fc44bd87bea87066cd845aab311b424"", ""3"": ""e15e231e11b289ba89058bbc209a0d57c51ee45c40961ef3ff19e8b4fd1e30a1"", ""4"": ""3eaf4a4b0493c1ae7e82ccfdd82805c808f3fc246aabb1d341db2113912810e8"", ""5"": ""d5a799a7c28414cfac3faeb9b80308cdc526df553808944e84d299e61bfb3b2b"", ""6"": ""45d0dfb932745609cb051adfb0200c2648d381c1518b0722b96a0b6b62785dbd"", ""7"": ""2b3f9f8b10060aca94db6da99c929495340acd02ebeb6978f0bdce636f0ab385"", ""8"": ""fb3a153159022dfd601f7cc2e28c2582852c08365e8b658f66927c7b68fe1f96"", ""9"": ""dc6def3defe76768638890a2ba9b60687bbcd41a6480b34aa446039723c9d491""}",64915c0f5a691242dd3deb03cac5c233bb4b13e6f648b845aa58a6c3ec3c6c39,1,1,1,0,0.22592945033943518,0.0,"{""0"": 0.1395398894659089, ""1"": 0.2054120196897036, ""2"": 0.20541201920078067, ""3"": 0.1612737164151671, ""4"": 0.03154751444292576, ""5"": 0.05549658277152976, ""6"": 0.02952299627302282, ""7"": 0.019566377770851073, ""8"": 0.13117882857276275, ""9"": 0.021050055397347535}","{""0"": 0.19476994473295448, ""1"": 0.22770600984485181, ""2"": 0.22770600960039036, ""3"": 0.20563685820758357, ""4"": 0.015773757221462882, ""5"": 0.027748291385764883, ""6"": 0.014761498136511411, ""7"": 0.009783188885425538, ""8"": 0.06558941428638139, ""9"": 0.01052502769867377}","[0, 1, 2, 3]",[],1,0,1,1,0.0,4cfd9ba36dac7834f4dde640b1ed7d30cda072e5f0dea709881cc0e07a227272,bfd1a33ee7b12c47afb52bc2596ab0bd8d21f148eaaf831b7fdc7fa3e9705ebd,"[""proposal_created"", ""proposal_committed"", ""v1_challenge_sampled"", ""audit_rejected"", ""recovery_recomputed"", ""recovery_audited"", ""recovery_verified"", ""committed_once""]"
42,trust_v1v2,1,A1,1,0,0,0,0,1,V1,75.66,0.0,0.1,159202163530803999742110490226804587806,a0c43377373feca1b21b9ba0eca4980cb23d4023259193bedb2fa0d8724ee68a,1,"{""0"": ""9d0b083f34cbf243ad4d8265ac0da254a5b0e7aeefd1a0ba9869b76d721dfdcf"", ""1"": ""b913a6fb7e02c3b86f12cc17541c6d53a115be67bbb453f3f56cfa17cd8365f4"", ""2"": ""d7ac5183187eddc456cff5272bc9a016897e61d85f5af2bc10e3e00964d8de05"", ""3"": ""2fd5424663fe3834881993cfc7666d5c97aa9451df8acc908ae8f74c0a5671f5"", ""4"": ""53f2d4847cd7f6c265f1921d0b4cbd1cc7c355015018cdc98177f780da2b4032"", ""5"": ""bf2b5045acffb2d747154db6fd62b230e74a4c7671ce44c451d59bc728c931db"", ""6"": ""91bed73a4ffb2e5f175b7f885d6736484be7ad8b67510759894268442b82fb41"", ""7"": ""87159d7046ae9727c6bd6e013946c74c7fddafea2ecb6dde76192af8fb04d146"", ""8"": ""d7954eb509e18c259b3650afc4dcc99dafa3a6a9d7f01d1419c849a0eba02234"", ""9"": ""e51c2422844349c27596bbeff2b1781fa3a0e569b96caa04b5447f07a324e9ec""}",7dfeeb7c9c2796b876d4bcffa4209d5eb810c81cb373e2386a9ccf105998522e,1,1,1,0,1.0678241439987457,0.0,"{""0"": 0.75, ""1"": 0.75, ""2"": 0.75, ""3"": 0.75, ""4"": 0.15637930391653934, ""5"": 0.16356402441512055, ""6"": 0.1091465616121847, ""7"": 0.07093137505629198, ""8"": 0.18626869815549044, ""9"": 0.1002187434129049}","{""0"": 0.19807164280355677, ""1"": 0.19807164280355677, ""2"": 0.19807164280355677, ""3"": 0.19807164280355677, ""4"": 0.041299074169634166, ""5"": 0.043196526692618656, ""6"": 0.028825118353180062, ""7"": 0.018732658644953305, ""8"": 0.04919272939538378, ""9"": 0.026467321530002943}","[0, 1, 2, 3]",[],1,0,1,1,0.0,bfd1a33ee7b12c47afb52bc2596ab0bd8d21f148eaaf831b7fdc7fa3e9705ebd,2e2cadd18fa679d019f413e4dc3d58a4acd79c364d6980218d1ad579e571cadb,"[""proposal_created"", ""proposal_committed"", ""v1_challenge_sampled"", ""audit_rejected"", ""recovery_recomputed"", ""recovery_audited"", ""recovery_verified"", ""committed_once""]"
43,trust_v1v2,0,none,0,0,0,0,1,0,,78.0,0.0,0.1,6997339246643235334853472713041547387,d66c4c9c43f40e1133508620711621ec950a604a5b5a4a47fe02eaad02d8c8cd,1,"{""0"": ""78790df19f070ea249a4431fc144a25e7a09b21b2aa65f68c363741cc4bf6ca7"", ""1"": ""92e2100439fc98ef5a70dae24b869881eb58a7d048ddd24018bd20335254db44"", ""2"": ""220c35ff61abb962c7684fc8a7f8ed86e5ed99135efe984cd3d8e31735dbd906"", ""3"": ""7f3f356a1e48cad74e720b9e61c86527a6c178f9e0fd89fd7f3d0097860c4dc0"", ""4"": ""a5985208212d326e46c0fcc389a7d4c6da6f9227962c026c6419203dd291b93c"", ""5"": ""07e8bc991966ef123fb3b484f9d621a845e5e836f51e61d6cbdf1f997e331c10"", ""6"": ""d050895a2361de29b5f83385e2b66fdacce69a0c140eb7e99c2ee381c4389919"", ""7"": ""66feeb7732a149b1cf72da7f4412ef04f0130098ba08856ed5dfe2e3d0d3025b"", ""8"": ""012683a9dfd86110eee6c466160099540f615ceb51dfdbe9230b843791c502d2"", ""9"": ""fb6577ecf1989595926da8546f4cd954c4b39b77ec6e7bd467c4c80371736636""}",,0,0,0,0,0.0,0.0,"{""0"": 0.012558590051931804, ""1"": 0.01848708177207333, ""2"": 0.018487081728070266, ""3"": 0.014514634477365045, ""4"": 0.11280186228304576, ""5"": 0.3197104695896318, ""6"": 0.06702597822417246, ""7"": 0.06108440750333996, ""8"": 0.32652187171174274, ""9"": 0.04880802265862683}","{""0"": 0.012558590051931804, ""1"": 0.01848708177207333, ""2"": 0.018487081728070266, ""3"": 0.014514634477365045, ""4"": 0.11280186228304576, ""5"": 0.3197104695896318, ""6"": 0.06702597822417246, ""7"": 0.06108440750333996, ""8"": 0.32652187171174274, ""9"": 0.04880802265862683}",[],[],1,0,0,0,0.0,2e2cadd18fa679d019f413e4dc3d58a4acd79c364d6980218d1ad579e571cadb,40ace0a6429a7ba0da5dae4cd0a8f9c84d9d63e85aedea4b73c3bf0fff1d3633,"[""proposal_created"", ""proposal_committed"", ""v1_challenge_sampled"", ""audit_accepted"", ""committed_once""]"
44,trust_v1v2,0,none,0,0,0,0,1,0,,19.84,0.0,0.1,331340125631901306365500030588438448937,b2a12f3300392863522c72ad7291dcdd432ef258e94e87523d497d1ca9abdf40,1,"{""0"": ""4c26fb7130efce57d5a1ff063d4a307a84d7ce845b1b7fd1ff38d6b9aa0ed660"", ""1"": ""8005caf699fa3bd6753255b22eb6f7870c96ba4f22571b7bb654386a71cfa691"", ""2"": ""bc6f207c16fd787e88785c1cb5d574c8bb7b219c960866d2833fcd7815f96251"", ""3"": ""9f1b4451c917be2046ef28246a67fc07ef6cb39114f1d78548449ea60b29927b"", ""4"": ""dcf05f6677180f45489fbc33a88a288e9453e7ee38de8075ebdc98c0835759a9"", ""5"": ""307264b5bd7a3a7fda61d57001547215afa25994714b65e4fdbd9ca3546e9c0d"", ""6"": ""583010492ca92ce912398226a73b2e3daf60d6bb625d8ef23d5f2d4bbe59b601"", ""7"": ""868a1e357f12ee8706f3afa73c0c43001acc799324aeabdcc0946476941b2d14"", ""8"": ""7560b4d71aefe4bceb10f2cb6c22266c5607052ef52ae548359a1b6e71f8b0ea"", ""9"": ""81a878d5432f27bfccd91d2c344a853fa9389147acedfe025862c252e0374969""}",,0,0,0,0,0.0,0.0,"{""0"": 0.17062055604449702, ""1"": 0.1723991035605395, ""2"": 0.17239910354733856, ""3"": 0.171207369372127, ""4"": 0.06642864256924366, ""5"": 0.09591314087688955, ""6"": 0.02010779346725174, ""7"": 0.01832532225100199, ""8"": 0.09795656151352283, ""9"": 0.014642406797588051}","{""0"": 0.17062055604449702, ""1"": 0.1723991035605395, ""2"": 0.17239910354733856, ""3"": 0.171207369372127, ""4"": 0.06642864256924366, ""5"": 0.09591314087688955, ""6"": 0.02010779346725174, ""7"": 0.01832532225100199, ""8"": 0.09795656151352283, ""9"": 0.014642406797588051}",[],[],1,0,0,0,0.0,40ace0a6429a7ba0da5dae4cd0a8f9c84d9d63e85aedea4b73c3bf0fff1d3633,5377a45dd46251ded85f27df98bc06fdf52c69401d7422804cef5050ef7b1a3a,"[""proposal_created"", ""proposal_committed"", ""v1_challenge_sampled"", ""audit_accepted"", ""committed_once""]"
45,trust_v1v2,1,A2,0,1,0,1,0,1,V1+V2,76.54,0.8437191769163497,0.1,232877579455316945100392851917263403621,c5ae9b1aeb666ca2cc7738975c16002bfb7b1822f355acbd11fc56d24fc98b75,1,"{""0"": ""3bd43c743d373ec79f83e2654cdcfa8c5e62bd5db3d0205126743bbb7220fdca"", ""1"": ""97acc737ff28bed5ab460f7fb6499240ad3a48b1a9813684fb3637dc06e67a5e"", ""2"": ""a9802ffbc21377df09eaf69f52f2158af09333d0e866b8274fe5ad325337515b"", ""3"": ""85e13910aad6fcb44570368209f81d95ee689d3566e43a86558f6236c9e4312d"", ""4"": ""13a948754d0dfaf189057ac041c1d66a3805cd6b43d1da48faa2d6b4d2e64651"", ""5"": ""cb61b9ab4b30c8740e17db5f91d7d4059e4922dcb47b927587ef28bfef8dc24a"", ""6"": ""b0238421f7ae8bb5fa89dc7e2945096fadddffc01859e4fee07c52e7fb86b8e2"", ""7"": ""75cde798324b967c8aa3aeab0a1077e3cca70341bc04bc1741a46c0cd2778294"", ""8"": ""2d0e2d48b24ad8b39c447a1433df2231c12f59a2acf6af3e909a90735b054098"", ""9"": ""782f93da5aa72639a5e9c700795afe0b8897caf9afb7138a3cfc9fe33784d217""}",3cd07aa0610b8a23721fc46b28e4dc8953f8451212847cb7711b3e159ecda79f,1,1,1,0,0.7714326778824462,0.0,"{""0"": 0.051186166813349115, ""1"": 0.051719731068161856, ""2"": 0.05171973106420158, ""3"": 0.0513622108116381, ""4"": 0.15476826617625314, ""5"": 0.1636136156685469, ""6"": 0.1225286163004815, ""7"": 0.08371694415310453, ""8"": 0.1642266418595369, ""9"": 0.1051580760847264}","{""0"": 0.15059308340667457, ""1"": 0.15085986553408096, ""2"": 0.15085986553210082, ""3"": 0.15068110540581908, ""4"": 0.07738413308812658, ""5"": 0.08180680783427347, ""6"": 0.061264308150240754, ""7"": 0.04185847207655227, ""8"": 0.08211332092976846, ""9"": 0.052579038042363205}","[0, 1, 2, 3]",[],1,0,1,1,0.0,5377a45dd46251ded85f27df98bc06fdf52c69401d7422804cef5050ef7b1a3a,e2674650c7b04b2c67af41942158f69eb4a25096ea1c56a42880143cd23b2476,"[""proposal_created"", ""proposal_committed"", ""v1_challenge_sampled"", ""audit_rejected"", ""recovery_recomputed"", ""recovery_audited"", ""recovery_verified"", ""committed_once""]"
46,trust_v1v2,1,A2,0,1,0,1,0,1,V1+V2,78.69,5.596781301557811,0.1,281276480793085323658186111640224156441,9ace0cdaf5963aaf8170a3f4bbb69d00d74db0109fd236a6718a8c3a649e0f9f,1,"{""0"": ""bedcb3a1fdaa530e1759500fa7b7deb2fa7b07918b36ebdddb2d9def0eab39e9"", ""1"": ""a71fa6f3903fcd7361b4b1a84a21a35a625dde26a05bea448ddb726893b3ecfb"", ""2"": ""5d12cd457181623d04fb9f7146b60369339999d0be3bcd3d79ee5a3d510cd5f3"", ""3"": ""b7787fbb0501a3b5d24f9b78f8b2eaec5d5fa34d33a6b77a9997d6176cabba64"", ""4"": ""fc09d21eb02aaccbadd9af10ee13f00cd075a789aa0508ca06eff37016132d93"", ""5"": ""49557813844bd6e36e40700ed008e230c5cd8bd52d9de5fa6322703352d2e422"", ""6"": ""cc6b40d89956adc3e7fc04782b8263a61964401686a4747fc3cbe844fc1d3cf5"", ""7"": ""cd72374c8457dfe0f274ccb69bd4b05c58dd93faa6593ed1961f71dcc19d5e94"", ""8"": ""33e0032ef0e4c72deb5a354a4c7f9153f11ea3c7480ecf602cafc31ec56212c2"", ""9"": ""147fcd61516b7687bfcb01a0f31080cc42f555160608b7a088e324e76de91221""}",b7038d82dc4754f26a5de1804ebc17d3b769c68e907e5315be59d8f437945f7f,1,1,1,0,2.1182305396016483,0.0,"{""0"": 0.015355850044004736, ""1"": 0.01551591932044856, ""2"": 0.015515919319260477, ""3"": 0.015408663243491433, ""4"": 0.1684085897890959, ""5"": 0.2595642580768364, ""6"": 0.06381646780251057, ""7"": 0.0798160532954017, ""8"": 0.30430923743392646, ""9"": 0.06228904167502372}","{""0"": 0.13267792502200235, ""1"": 0.13275795966022425, ""2"": 0.13275795965963022, ""3"": 0.1327043316217457, ""4"": 0.08420429489454793, ""5"": 0.12978212903841818, ""6"": 0.03190823390125528, ""7"": 0.039908026647700844, ""8"": 0.1521546187169632, ""9"": 0.031144520837511853}","[0, 1, 2, 3]",[],1,0,1,1,0.0,e2674650c7b04b2c67af41942158f69eb4a25096ea1c56a42880143cd23b2476,10af8a1cf1d0bc97130d82878e77affd8a0fae18f023381f693a25aca5b9a49b,"[""proposal_created"", ""proposal_committed"", ""v1_challenge_sampled"", ""audit_rejected"", ""recovery_recomputed"", ""recovery_audited"", ""recovery_verified"", ""committed_once""]"
47,trust_v1v2,1,A1,1,0,0,0,0,1,V1,15.54,0.0,0.1,71578525819350222958500524042107658810,99bef4041869ed7eaac17fccd0d3377c57decaa1c0d1b266eaea2c9a0bb478d9,1,"{""0"": ""a8020b0094d55b79139dd51f1e6c19c336cac865973e297dab65fa6e82f0cbfb"", ""1"": ""c46a00c6f57fb24c04eb5235731d17bfbdc1ea78d9ed7998b8574bc52f8512bc"", ""2"": ""a59ce65fe326fb752b25756b248b0a1857e11ecc77593cba63f6b24867f9c891"", ""3"": ""be6bde6d23da921cc75992753ae18fef1927c20ed9ecd71900c04caf2f7ba428"", ""4"": ""a814bea9f0bc7c4de267d72f41a2b20d2b214e633f0c487a4d90e0bd4261db05"", ""5"": ""38ff3244b108c5565377bb8193790b5bbc71a1130b840154b0f3211f8084b835"", ""6"": ""be7f858eadc52c323ae68c2ae2ff6835f97ab5ec60c2a4cc282395f7e0ec9b9d"", ""7"": ""e7e3c0ae4be2b7bc25d6740cb35d303c23aaadc48f0fb7a41fe44fdc77585469"", ""8"": ""5df6feba69791b537046785c40b6ec9b2e0e7ba1f9333d288c7e1d10d09befc2"", ""9"": ""a0e2ebb3827801fe486ddb7eb3ea4a389ae111c2e28409eb41c41d761027c1ef""}",a7f631e1ffa7f6d0ecce1cdfa4031218355516118d4da96ad75e80353a6dca74,1,1,1,0,0.30719718985889616,0.0,"{""0"": 0.75, ""1"": 0.75, ""2"": 0.75, ""3"": 0.75, ""4"": 0.050522576936728764, ""5"": 0.07786927742305093, ""6"": 0.01914494034075317, ""7"": 0.023944815988620506, ""8"": 0.09129277123017794, ""9"": 0.018686712502507117}","{""0"": 0.22855672470867516, ""1"": 0.22855672470867516, ""2"": 0.22855672470867516, ""3"": 0.22855672470867516, ""4"": 0.015396366278001037, ""5"": 0.02373006267099161, ""6"": 0.005834273145367377, ""7"": 0.007296998288148028, ""8"": 0.027820769042597122, ""9"": 0.005694631740194237}","[0, 1, 2, 3]",[],1,0,1,1,0.0,10af8a1cf1d0bc97130d82878e77affd8a0fae18f023381f693a25aca5b9a49b,f81d17b739747d0bffa84d976e5a27934d55b13ad59597a4213abb00885c9b49,"[""proposal_created"", ""proposal_committed"", ""v1_challenge_sampled"", ""audit_rejected"", ""recovery_recomputed"", ""recovery_audited"", ""recovery_verified"", ""committed_once""]"
48,trust_v1v2,1,A1,1,0,1,0,0,1,V1+V2,76.44,0.0,0.1,287261733922175646900696238038405907375,cc945c823d7ef9ba4f98d072e25b173791453aa5a245ec41d2f01e3800631f1b,1,"{""0"": ""7781aeedc24a9e5c3ea0412b8a0b579c26d8263bdf516159eafd0e5a9f1b6457"", ""1"": ""3130675b6cb75709cb676d30ebae0038f1deafec19bfd60f0765888ac0d1cba9"", ""2"": ""74b3ee42f39089381443f58cbe964d3a481cac8d372b57355c61b4f142ef8aa4"", ""3"": ""07abff140df39ff72bbe36d357f7896ee78ac321e9b19f28454114b1e333add5"", ""4"": ""596eae1d15f64fe8cde1028d6bc0bd9d435a2d1451015eedb57a63a4a6cc92d3"", ""5"": ""3efe29971776bdb7df09c422598b35ee57ca9238057558170e2d5002c4c670ee"", ""6"": ""8c8facb9b6ee915337df43ef6f3acf4000fd02b2a6ad59daedcba10817b2d093"", ""7"": ""566ef2b14385d26feb24794f43822ca9023b865a9994bc5df7643205bf9dec14"", ""8"": ""75fd555b74ab931b056d5d8c55bc7199e2de2b6c0361eda0e40b03e58d6f823c"", ""9"": ""510a93e94922a1c4ef8f82ca0651381cfa8656ea29604d7c531a023c0cd8dcfa""}",8a1a2148392e15f7f668f48ced5370e4540883077015dc7d05a6e98c2c42abbd,1,1,1,0,1.0645893011396217,0.0,"{""0"": 0.75, ""1"": 0.75, ""2"": 0.75, ""3"": 0.75, ""4"": 0.151547686904236, ""5"": 0.15975169705013267, ""6"": 0.11285313671311013, ""7"": 0.08050051266754976, ""8"": 0.16377874519227076, ""9"": 0.11600654979925214}","{""0"": 0.19818000319525464, ""1"": 0.19818000319525464, ""2"": 0.19818000319525464, ""3"": 0.19818000319525464, ""4"": 0.04004496143321992, ""5"": 0.04221278910912352, ""6"": 0.0298203133258649, ""7"": 0.021271455810232865, ""8"": 0.043276896327358684, ""9"": 0.030653571213181675}","[0, 1, 2, 3]",[],1,0,1,1,0.0,f81d17b739747d0bffa84d976e5a27934d55b13ad59597a4213abb00885c9b49,b65aa0ee50435db425e7800dae654ebb15d49b1ae643380135fefcba48af8017,"[""proposal_created"", ""proposal_committed"", ""v1_challenge_sampled"", ""audit_rejected"", ""recovery_recomputed"", ""recovery_audited"", ""recovery_verified"", ""committed_once""]"
49,trust_v1v2,0,none,0,0,0,0,1,0,,79.62,0.0,0.1,232253856447461340746902945593916076012,5b3db0e859e0f24ed626787f88e21f0d61edaf4163d49e59a51ffd2628ec02e4,1,"{""0"": ""fb451f5a6a4aa0a12a811f56364a5b3585c6eef77728084bcc71b5d220e240fb"", ""1"": ""fb9adcfe2bfd73ee0cda24c10b09ed490a9000a162435c56143af16f09621f96"", ""2"": ""21778885696109365320b3481902512c1c63027396a140d3cb5456ffbdfc23a1"", ""3"": ""2c27841240cee83c9d2241e5649ba3fa792323e88a3fd692d01304eb946fb4a2"", ""4"": ""afa06749637e19d490ce67e4650b0455a692a93f057d323fc779a240427e93b4"", ""5"": ""df85adf5c21dd707663b3410b2223e80084f850f398d47d3a49abcc7f43b97f3"", ""6"": ""e0530d3839f683da975425302ebbf4bb57960d5a9e053a50666a4ffb813a7624"", ""7"": ""8600530d3a045cdebcdb370b89f6d95138641c383779722d7929231adbf2292c"", ""8"": ""774bc0b8b4bf79593b27cafcc5610f61408a528ec3933767d097453368a5d71c"", ""9"": ""9e895f7c3e6d08cc916aff2f4e140305797e09918da87342c36f035ca97fed56""}",,0,0,0,0,0.0,0.0,"{""0"": 0.016164607951188133, ""1"": 0.016168929821652116, ""2"": 0.016168929821620038, ""3"": 0.016166033907574272, ""4"": 0.1178309070182176, ""5"": 0.2910752823813396, ""6"": 0.06856766371302218, ""7"": 0.0934335573774053, ""8"": 0.2922833968239811, ""9"": 0.07214069118399973}","{""0"": 0.016164607951188133, ""1"": 0.016168929821652116, ""2"": 0.016168929821620038, ""3"": 0.016166033907574272, ""4"": 0.1178309070182176, ""5"": 0.2910752823813396, ""6"": 0.06856766371302218, ""7"": 0.0934335573774053, ""8"": 0.2922833968239811, ""9"": 0.07214069118399973}",[],[],1,0,0,0,0.0,b65aa0ee50435db425e7800dae654ebb15d49b1ae643380135fefcba48af8017,42b91bf3d9fc77909aedde716e956fb0c4cfd3075d148db96fbf177308e07ab6,"[""proposal_created"", ""proposal_committed"", ""v1_challenge_sampled"", ""audit_accepted"", ""committed_once""]"
50,trust_v1v2,0,none,0,0,0,0,1,0,,16.17,0.0,0.1,234742035759432999695769490983638520888,bc7c6694e155a2d06c8a007da220e6235dbe14eddae3cd7efe67eb8439034f42,1,"{""0"": ""7ef17da6372e2ebe73b6457c77f6b93e77dd4bd63069d1823ced2f1e6b039de2"", ""1"": ""6fe9dd15e5791df92cb36f089ab9751bd0556fcca75ede88b491e4b1c56ddb44"", ""2"": ""b518e70993801cde6df1237f723516e95a659394e152b9db938e6d95b0901899"", ""3"": ""c315e0a88a18cb1c466a65732d08d9f1998272a8c3932f5ca5e5983889d1f306"", ""4"": ""c454bb04608c79ad336b8ee748cb989e07c75c522c9647bb574f781aac749c19"", ""5"": ""825bb34d1b4c2541f514ba0b0252474b4aeeed748bebc54ff035120d9f6e6a2b"", ""6"": ""1fc6ca0054616e68d4f5850b7696b9e8abda723adf6ae1f41ebf5b3b7359bed0"", ""7"": ""76beb7e72bf2da1090c4658b6864012c682774d63419072896f3904bc2356b05"", ""8"": ""d2fd7dea7e67f7364b7009072a6ecb88e919073abea6665aabbbec63a6357f6b"", ""9"": ""2a2f7447af33863d5199ea2019534a3dcca13a330486adf27396451144f27fa9""}",,0,0,0,0,0.0,0.0,"{""0"": 0.17984938238535644, ""1"": 0.17985067894649565, ""2"": 0.17985067894648601, ""3"": 0.1798498101722723, ""4"": 0.0353492721054653, ""5"": 0.08732258471440191, ""6"": 0.020570299113906662, ""7"": 0.0280300672132216, ""8"": 0.08768501904719435, ""9"": 0.021642207355199925}","{""0"": 0.17984938238535644, ""1"": 0.17985067894649565, ""2"": 0.17985067894648601, ""3"": 0.1798498101722723, ""4"": 0.0353492721054653, ""5"": 0.08732258471440191, ""6"": 0.020570299113906662, ""7"": 0.0280300672132216, ""8"": 0.08768501904719435, ""9"": 0.021642207355199925}",[],[],1,0,0,0,0.0,42b91bf3d9fc77909aedde716e956fb0c4cfd3075d148db96fbf177308e07ab6,d5a9589633c897679cc5dd29aaea5cd6c693fde8d611966dafdf52a00be049df,"[""proposal_created"", ""proposal_committed"", ""v1_challenge_sampled"", ""audit_accepted"", ""committed_once""]"
