round,group,attack_active,attack_type,v1_trust,v1_agg,v2_trust,v2_agg,consensus_passed,healed_applied,heal_source,accuracy,v1_projection_residual,v1_projection_tolerance,v1_challenge_seed,proposal_commitment,proposal_binding_valid,update_hashes,recovery_commitment,recovery_v1_endorsed,recovery_v2_endorsed,recovery_endorsed,skipped,proposal_relative_error,committed_relative_error,published_weights,used_weights,attack_targets,excluded_clients,audit_executed,honest_rejection,recovery_attempted,recovery_consistent,recovery_relative_error,parent_hash,state_hash,events
1,trust_v1,0,none,0,0,0,0,1,0,,16.78,0.0,0.1,142379073003165703334611292849029567154,231c5a0fcfc6af2b02f54e5f3562b78699f44753ebe6f5a3046555df4d661fbe,1,"{""0"": ""b7da1efd5adc21abbe4f9a294a435c0f295108eeba95e68415b42e5e41b2de28"", ""1"": ""6e4afeb23d1bce387e0d44ff12b0cfaff14afb1b4a894eba1308f5cf78c2aa97"", ""2"": ""eabc348ae64dc73e3b9dc2ab1969c85896915118e4f562e29b4fe48303820afa"", ""3"": ""c6556311d314f147ed9bafa8c0287432da6cd98fb2ba0394ff8c2eab79a7781c"", ""4"": ""5ad494a229899415ddd51ce3dd4002686809ed4ddd053b057fe9284d204bd0e5"", ""5"": ""6a7a7e361d4fa59e502f8dc91ed8e038509ca26d2acc2f96760aa8e5c149c0f9"", ""6"": ""466ac5a0a10fe78f1948eb1be77084c33d787825ef1023e548ad6e5dc597ae29"", ""7"": ""81e478663cc671921b28cc6929fa304f705fbd87e4bee2ccff7813818c1ed147"", ""8"": ""62c3f31c5bc8a9cb6e1bd6b7199f21a85db766eef2f62de8b6569df56c563754"", ""9"": ""fe5a8784a2127ceda03902c07028ebb8907679819b50ddf65c78d3adbf400e99""}",,0,0,0,0,0.0,0.0,"{""0"": 0.030000000000000006, ""1"": 0.047786246680399956, ""2"": 0.06766530910343663, ""3"": 0.030000000000000006, ""4"": 0.10104999628896694, ""5"": 0.1733746119817991, ""6"": 0.1733746119817991, ""7"": 0.1733746119817991, ""8"": 0.030000000000000006, ""9"": 0.1733746119817991}","{""0"": 0.030000000000000006, ""1"": 0.047786246680399956, ""2"": 0.06766530910343663, ""3"": 0.030000000000000006, ""4"": 0.10104999628896694, ""5"": 0.1733746119817991, ""6"": 0.1733746119817991, ""7"": 0.1733746119817991, ""8"": 0.030000000000000006, ""9"": 0.1733746119817991}",[],[],1,0,0,0,0.0,566ef52be86c337623dd190756347836a0854c8a6e2a24b09f433aa0db8608f8,59dbb3658f48b7edff3c0016e02010d2382c58d9fc65b583cefa0a54d6f9cb07,"[""proposal_created"", ""proposal_committed"", ""v1_challenge_sampled"", ""audit_accepted"", ""committed_once""]"
2,trust_v1,1,A2,0,1,0,0,0,1,V1,53.19,0.30001178354343966,0.1,262117138780342563556800675254742743097,cfd84a00c721a98406e98a06baec2cc1ea11ca9fbd7925b590c5326268af2a64,1,"{""0"": ""997e738ed1378b540a3d687cc66c80f476f9f9cc90bc502ba32a20e65c872a28"", ""1"": ""6d5ed66e05c4134deeb9b4158a780e01da7b0ca42979bd97d334c61a1619a799"", ""2"": ""cbbea581f60e5d7679ce0c9a70b5e4bbe4da40bf119c89a7848bb054a14a4ef2"", ""3"": ""7f4b50934ccdb6a758911e392f96dbb3f49e0ffee3c2df7c05da913293cdf52e"", ""4"": ""7f6144689de7345667b3d61fcb8687c4541bfd782616718c6f30207287acc47a"", ""5"": ""736406276f979ed4b9bb22422ee7088059387780ce9b107546048c82022c5ddc"", ""6"": ""ecf5ecc0ea866f5e1c0f86284af3170d025baa2f9677b27bb0899e1b539ccb55"", ""7"": ""02c4d23e8610d00131c746f347e3013786e07a757fb537a55efb845f775ba625"", ""8"": ""dc8139503b388ac46f5db26decd3719b8b6ef423faa6343c5fda2e048fc2e3d4"", ""9"": ""479b2f767f26c5c8c8b36c028d7c12416784a1ab4390fc47b46362aca3b965ea""}",8910600889443b573e098455e92bc62a85d07b915c3d6310540c11ffe6879108,1,0,1,0,1.2260517481912667,0.0,"{""0"": 0.009000000000000003, ""1"": 0.01433587400411999, ""2"": 0.02029959273103099, ""3"": 0.009000000000000003, ""4"": 0.04632165268431834, ""5"": 0.16182114855118537, ""6"": 0.24226670371336978, ""7"": 0.24226670371336978, ""8"": 0.0124216208892359, ""9"": 0.24226670371336978}","{""0"": 0.12950000000000003, ""1"": 0.13216793700206003, ""2"": 0.13514979636551552, ""3"": 0.12950000000000003, ""4"": 0.023160826342159175, ""5"": 0.0809105742755927, ""6"": 0.12113335185668492, ""7"": 0.12113335185668492, ""8"": 0.006210810444617952, ""9"": 0.12113335185668492}","[0, 1, 2, 3]",[],1,0,1,1,0.0,59dbb3658f48b7edff3c0016e02010d2382c58d9fc65b583cefa0a54d6f9cb07,3b2629936323a679120a57908eccf8e593ee1537ed2ef7b8011921b68a5093ff,"[""proposal_created"", ""proposal_committed"", ""v1_challenge_sampled"", ""audit_rejected"", ""recovery_recomputed"", ""recovery_audited"", ""recovery_verified"", ""committed_once""]"
3,trust_v1,0,none,0,0,0,0,1,0,,61.0,0.0,0.1,1536546219783007689499308062017938117,227ed1090d9585b0cceec5090a1e5a4d84c19f7ca5946614af05a19cf15f71d3,1,"{""0"": ""74840bbad7b094e26aae4e18708bd8639c9f939098220b22e8a14764a3e588ce"", ""1"": ""e6b23a5da900669b4f331914e73e5caa4e268a91e459081f983a366c8f5d24a4"", ""2"": ""4530c2a1579d5341eb7d72ddb730010c4ed65cbd0b364a854f9bbbe334983565"", ""3"": ""670c3e6bf064b6312514970b10665cf81405a8afaf43301495b68c68999567eb"", ""4"": ""be23507d6eb5bb7f9406dbd142b60e4b6883dd867c35176bff27a6dc4b050397"", ""5"": ""721c3196a186af178c292d41acd0a816f909c0ab5676bf272b0f4a850b12dfcc"", ""6"": ""ea434b20d8ee85bc1736be8d791fae7ce931811b26b19e9cc97a19e92cf3bb32"", ""7"": ""15ffdcd677c42d4d5a6970a57088ccfba0dcc1365ea822e1bb273725bb3f1be0"", ""8"": ""f6d8af05eacc6539feb65f812f8e7ff259038986c5e2c39c9ee2d3125b54ea85"", ""9"": ""3768a7bd89a39028130c472d0dcc8d547d620bb84c5d1c5b34dc9934efaa2865""}",,0,0,0,0,0.0,0.0,"{""0"": 0.0027000000000000014, ""1"": 0.009434742375469369, ""2"": 0.006089877819309298, ""3"": 0.0027000000000000014, ""4"": 0.089604913644704, ""5"": 0.20220920159441688, ""6"": 0.2263428681430722, ""7"": 0.2263428681430722, ""8"": 0.008232660136883688, ""9"": 0.2263428681430722}","{""0"": 0.0027000000000000014, ""1"": 0.009434742375469369, ""2"": 0.006089877819309298, ""3"": 0.0027000000000000014, ""4"": 0.089604913644704, ""5"": 0.20220920159441688, ""6"": 0.2263428681430722, ""7"": 0.2263428681430722, ""8"": 0.008232660136883688, ""9"": 0.2263428681430722}",[],[],1,0,0,0,0.0,3b2629936323a679120a57908eccf8e593ee1537ed2ef7b8011921b68a5093ff,157d49d2cfc66ba40ee5ae14939e05ed5819c07ec760b9ad9a3c938ff9c9edee,"[""proposal_created"", ""proposal_committed"", ""v1_challenge_sampled"", ""audit_accepted"", ""committed_once""]"
4,trust_v1,0,none,0,0,0,0,1,0,,63.25,0.0,0.1,71123545296995363322901296335278338117,03ec31d15eb1fe4ecac812a1b9d1ab7c86e4dfdb934b271defa90ca2469400b0,1,"{""0"": ""aaf66959a05db47a014bd7ce60551765450e68c7cbe581c1b5b668ce64434bad"", ""1"": ""5b6f924feb67c31ea3fbd91d72c0e99bba40d1e53890a5d773a0cf74dcb2e107"", ""2"": ""68598a911dfadc14f2de70a44c885b92818b91f546b545f2e6e4987c82757629"", ""3"": ""dbd01f7c11559db8a4625551b77442dace387363ff47bc4efef7ad39bd952c63"", ""4"": ""13435d0a512e57d6b69430cb74a7a0fd32deccd59a777866ce13b3e8e8fc8fea"", ""5"": ""bd48268e0b0335c3cf5a73f8c937213c5320a8e8916bf4fdcdef114e6ad27ce9"", ""6"": ""5afb528885df9f51833a035d406c8017b5e045745e7f7a77a9f6beb7d0e0df56"", ""7"": ""ffa6ea58b879ea814cbda93d6267bdeb4d8e1e742f4784902c261221b7c7dbf1"", ""8"": ""76366b4c859d875c5a9180d5e5ae8b8fa24502b203a90a173fe675c8212d02b2"", ""9"": ""69dbe3a70629482901b2240bcf3b697d76ebd98da932a8b52a0a00dfe0125983""}",,0,0,0,0,0.0,0.0,"{""0"": 0.0008100000000000007, ""1"": 0.012562349702886997, ""2"": 0.0018269633457927898, ""3"": 0.0008100000000000007, ""4"": 0.0481960603103972, ""5"": 0.22694109883828503, ""6"": 0.2341811988028816, ""7"": 0.2341811988028816, ""8"": 0.006309931393993186, ""9"": 0.2341811988028816}","{""0"": 0.0008100000000000007, ""1"": 0.012562349702886997, ""2"": 0.0018269633457927898, ""3"": 0.0008100000000000007, ""4"": 0.0481960603103972, ""5"": 0.22694109883828503, ""6"": 0.2341811988028816, ""7"": 0.2341811988028816, ""8"": 0.006309931393993186, ""9"": 0.2341811988028816}",[],[],1,0,0,0,0.0,157d49d2cfc66ba40ee5ae14939e05ed5819c07ec760b9ad9a3c938ff9c9edee,7b2f89a82bc14c87a8a6be658cfd52ecd9faa13c6126e356c35ab87b55943d3c,"[""proposal_created"", ""proposal_committed"", ""v1_challenge_sampled"", ""audit_accepted"", ""committed_once""]"
5,trust_v1,1,A1,1,0,0,0,0,1,V1,67.17,0.0,0.1,155838340070722698341946717990078747633,969b01cf5ef48e67bcd52d54c85fe7a48a10c09076d2c82f7d71dbdb494a472b,1,"{""0"": ""3a0252aeb4bd2c9027879affdcebe8a68e1b7e79aa539a84a281cb1fe741eae2"", ""1"": ""1c8f496267dbe33e63723b4bbb61b8941af045e322545082c55d1dd60b0ad26b"", ""2"": ""bcdda54594fa38344027afec827be950114217a78627a4f3da2f0e9b658fef38"", ""3"": ""937920f9fe9f762af660b19fed5cfd6ae8ba24fa1cda0c01afbc44c7a8ded2ff"", ""4"": ""601b288f06bc098cf727f87c6f0e307770f96ec79d8c47cf9488e4ad31bc217a"", ""5"": ""e6c7d54bc28c89dfed12ffd4956f9b4b7ecc79fba08725946d3ac53a833f1663"", ""6"": ""e87de7311f3ec993de82c5f31bacdb47873965f5f3bbf5202dc2d14137adb65e"", ""7"": ""6d0d34053917ab8fc4dbb700caca8a63536e188fd26359434d0e445567f51fc4"", ""8"": ""0b6ff76041a9cb30f76659d0711c7222a5713cd45985e3bd4fd838e94e70532d"", ""9"": ""95259246bb30dc76a45a6b517701510f544d2eca7c2ed8df6a8f8ad5bf7d4809""}",1960544c3e749acf9eeab5ad481f25b6848b6c8e0588200197e2f17c79f38d2a,1,0,1,0,3.0027200507610083,0.0,"{""0"": 0.75, ""1"": 0.75, ""2"": 0.75, ""3"": 0.75, ""4"": 0.09519171695933201, ""5"": 0.22321581628417886, ""6"": 0.22538784627355782, ""7"": 0.22538784627355782, ""8"": 0.011862043878193404, ""9"": 0.21313821467851046}","{""0"": 0.18777304621561564, ""1"": 0.18777304621561564, ""2"": 0.18777304621561564, ""3"": 0.18777304621561564, ""4"": 0.023832584890597936, ""5"": 0.05588521838291398, ""6"": 0.05642901663301712, ""7"": 0.05642901663301712, ""8"": 0.002969829484468894, ""9"": 0.053362149113522335}","[0, 1, 2, 3]",[],1,0,1,1,0.0,7b2f89a82bc14c87a8a6be658cfd52ecd9faa13c6126e356c35ab87b55943d3c,38eee1f6112293c9a237457f8cde7e133dad1ea08ccc654d3869f657fc8f4641,"[""proposal_created"", ""proposal_committed"", ""v1_challenge_sampled"", ""audit_rejected"", ""recovery_recomputed"", ""recovery_audited"", ""recovery_verified"", ""committed_once""]"
6,trust_v1,1,A2,0,1,0,0,0,1,V1,68.18,1.9133468495727755,0.1,115919908270830107647688249809003521165,0e18a766feb20b73321d1b2e86c16f6f8caa6fa5a3dbef273ee390e0384c193b,1,"{""0"": ""887a4f17460f07ccea8c5d6446a155a63ee8930271fcdbc488c8da5ccd68c651"", ""1"": ""12ab99b265107c0926993be52ffa28053c9b956a08feca66b02ca1561b310122"", ""2"": ""4c40d4b09136c933a55b79b04b38ec7c73155b14029ebd24ddf5748e4a15c43f"", ""3"": ""56dee5047c8334ba3b5c5cc26b2d225161c44fc9c3803964f1cd18d7b87a4327"", ""4"": ""79028fe4c647555faf9f0e6651c6b5028fbc3dd5b92a83ef0fbad7ca32e0cac2"", ""5"": ""5fe4b58fbbf8b20b8d045fb0ffd875767bcc41bc42afc12d0a974cfd7736dc14"", ""6"": ""9041493c2e5b3fe935fba4eee4dd3a52ac4cf90a97996f778bd1f6acd01fede8"", ""7"": ""1c418c555ab764d4c73eee60f167e40c3c6ebcbd9dd0744c2eae30f29bd07b80"", ""8"": ""2e652b8fee1879a0cd58a1e1d5a35177c9f72514c6676966e0178b6d550a30b2"", ""9"": ""c458cf2b1bb9979a414dc35031096ea370770c87080bfbe221bec81e1cdf71a8""}",2afb7776d031aa8267150eb0903506fda6a420a6468ebfbea00cec551d6b1ea8,1,0,1,0,2.172963026359245,0.0,"{""0"": 7.290000000000008e-05, ""1"": 0.0023615219140006205, ""2"": 0.00016442670112135115, ""3"": 7.290000000000008e-05, ""4"": 0.07092926996340296, ""5"": 0.23668673300831256, ""6"": 0.23733834200512624, ""7"": 0.23733834200512624, ""8"": 0.01376869760107934, ""9"": 0.20126686680183065}","{""0"": 0.12503645, ""1"": 0.12618076095700032, ""2"": 0.1250822133505607, ""3"": 0.12503645, ""4"": 0.03546463498170148, ""5"": 0.11834336650415628, ""6"": 0.11866917100256312, ""7"": 0.11866917100256312, ""8"": 0.00688434880053967, ""9"": 0.10063343340091532}","[0, 1, 2, 3]",[],1,0,1,1,0.0,38eee1f6112293c9a237457f8cde7e133dad1ea08ccc654d3869f657fc8f4641,39e1d93fe6ee35dd2e12a7318b487e573da43277b3112e7df5ee8b80798516e5,"[""proposal_created"", ""proposal_committed"", ""v1_challenge_sampled"", ""audit_rejected"", ""recovery_recomputed"", ""recovery_audited"", ""recovery_verified"", ""committed_once""]"
7,trust_v1,0,none,0,0,0,0,1,0,,69.28,0.0,0.1,161298463582145152172249177024436681501,09412be521b46168c3bcbd87cfb45e1cde32c6d733e9c986db388bd17bf8f10d,1,"{""0"": ""8cdfde3a7d56f37ece623d38941651f20ba94c79074aa6e584b39c66b13d124b"", ""1"": ""c11c97429ee829e3641c0c88b4d1c86e3d8fed5aed0949520c06ce129ebc9057"", ""2"": ""92cc1e001d9f838e9c461af971046778ff7591e9cc73e58812b4398045afaefa"", ""3"": ""a272059f1fe117b4f9382dad80f0fcb83df49912a589456ebc55373bd05c346d"", ""4"": ""d56b16c1f6afb4d87d4b2c76c440d08b326747dda913452989be4c6afe19a59f"", ""5"": ""2c33fa3f433e9eafdaa40aba0cd2ef2758d2c9ee649024ba6703f5de89938d4d"", ""6"": ""b8b6cf26020b13a094975d1e40827a7ac3c4e665e59c31a3d24f0253b48a71a5"", ""7"": ""d06da0aa58561c16b0010adcbb05d8a47f508e291323038c6e0fc5cef0a010fa"", ""8"": ""d84cb0db315d01614af661f5cf099ede028eb1f900160ad3318eadcbd7f2643e"", ""9"": ""a2f3e8b3978ae694f22b8a3172cb7c7bdcb9bc523e28e7cc2b26cce6b922b49e""}",,0,0,0,0,0.0,0.0,"{""0"": 2.1870000000000026e-05, ""1"": 0.0007084565742001863, ""2"": 4.932801033640535e-05, ""3"": 2.1870000000000026e-05, ""4"": 0.0600621991918941, ""5"": 0.11132183965589973, ""6"": 0.2831002641944512, ""7"": 0.2831002641944512, ""8"": 0.02674161155838697, ""9"": 0.23487229662038017}","{""0"": 2.1870000000000026e-05, ""1"": 0.0007084565742001863, ""2"": 4.932801033640535e-05, ""3"": 2.1870000000000026e-05, ""4"": 0.0600621991918941, ""5"": 0.11132183965589973, ""6"": 0.2831002641944512, ""7"": 0.2831002641944512, ""8"": 0.02674161155838697, ""9"": 0.23487229662038017}",[],[],1,0,0,0,0.0,39e1d93fe6ee35dd2e12a7318b487e573da43277b3112e7df5ee8b80798516e5,0a90a8d417af670a4444bb722ac012820a58bb111b10df48cbd0a56aebdc6907,"[""proposal_created"", ""proposal_committed"", ""v1_challenge_sampled"", ""audit_accepted"", ""committed_once""]"
8,trust_v1,1,A1,1,0,0,0,0,1,V1,70.07,0.0,0.1,109157883147419822816501328514117432,282a52c5e061410279979afbb8dbe3341eb1e3d978022c5faa3e35d7d9c6b0ad,1,"{""0"": ""a659e863ddf50c9ab35adf919e21a4e46ef3965437c1d41564b73676d6113abb"", ""1"": ""0b2ba7be3c2288f43f491621d7eb8b3ea18f69743253b8644b943bf34e9bc4ba"", ""2"": ""48adc8d5206feb42fa5c203e3fac7e73eaa695f9d8f3c01854a1be9670a0e06e"", ""3"": ""d7b88317f62e5712b9b8662f55de2fe6f1decfaacf1e65bd8ff0c459ae950770"", ""4"": ""ee641620d35ee67e450b15b9e8276c74014fadef10a405f841ccb6595f382880"", ""5"": ""d018f28c09e8d7cc8f0702e3e806acaf76e1993a7b9f55abe16a435706f03827"", ""6"": ""8f4a40eb16929713a04e567c90912c3236056d594d1aed2c464961743b2dcfe9"", ""7"": ""d93e4d952853e71924771fc05b841701a26cd75fda7b9b170ed907d5f5223bdb"", ""8"": ""92eff0467ba8b15cdff8c3d6803748bc6ebf89f39a4522fd89a9620a5a3f6a2f"", ""9"": ""8cd53390b2076e5b6a323b2175c38ee124334174eaea26dae42fa9f4070a3980""}",3833b3270b6abe86f4234a4132702b0714b8bf0fa0254a994ff7eae8dabce3ea,1,0,1,0,3.6064553725009394,0.0,"{""0"": 0.75, ""1"": 0.75, ""2"": 0.75, ""3"": 0.75, ""4"": 0.04506697008951885, ""5"": 0.15888131154335663, ""6"": 0.2852106281455541, ""7"": 0.2852106281455541, ""8"": 0.03238308869326018, ""9"": 0.19300691600739514}","{""0"": 0.187511272117086, ""1"": 0.187511272117086, ""2"": 0.187511272117086, ""3"": 0.187511272117086, ""4"": 0.011267419855931125, ""5"": 0.03972271579083448, ""6"": 0.07130694360651468, ""7"": 0.07130694360651468, ""8"": 0.008096258874604854, ""9"": 0.0482546297972563}","[0, 1, 2, 3]",[],1,0,1,1,0.0,0a90a8d417af670a4444bb722ac012820a58bb111b10df48cbd0a56aebdc6907,83105d316e5bfbf65dadec4e2d491836dbf5725ccd84de6e9ebadf9272436ed2,"[""proposal_created"", ""proposal_committed"", ""v1_challenge_sampled"", ""audit_rejected"", ""recovery_recomputed"", ""recovery_audited"", ""recovery_verified"", ""committed_once""]"
9,trust_v1,1,A1,1,0,0,0,0,1,V1,73.14,0.0,0.1,225140853446209094447834876053114107501,00e6d74bc06f050f2232479381ca6c375706548ad54742a24a37878edc05ce4d,1,"{""0"": ""e208440c4606ecb1b1f5bf61b7cf7b0ad5233027cb93b154f87223d74426cda7"", ""1"": ""b62d0cdffb16c7698c7ea8e58bc80bf3a4cba469360c0aba1b284e0fcaf1f114"", ""2"": ""96bd557c6aeaba261a45777d64880c93a9bc8261c2eff7d3cf127e3ab580c7ed"", ""3"": ""18394a892e162cb679f2c6e2a5138d3bf8281ecc1f25937ab1f6ff0700ab3afd"", ""4"": ""658de6bd12e74c04e65ee16608d61ad28a18d43da2a01af5768c63433c4c0368"", ""5"": ""ccd9ac7bb80c06fe8b7d3c148d7417e85ab42f670b9fcd32be5685b85f002485"", ""6"": ""2a3f06fa51e660c8aa9edf84aeeacf1fdcf68d781663fdf0d6c8913fdaec7b0b"", ""7"": ""7cee381e468774113bce7aa22b6c7e400960e7cf7161d5cf68669a26864ab226"", ""8"": ""629554b3f3de92511b22cfe8986011333ace7943fa81b84671a87eb7ca855c88"", ""9"": ""5785d712209e6d953105a75361952c3a514643d99b5c24750d2ea8229ca4acaa""}",4b60c9f367be896e7a390b4939762e1f91b6c12623576a7bcf18463f4222ee33,1,0,1,0,3.7887369330866583,0.0,"{""0"": 0.75, ""1"": 0.75, ""2"": 0.75, ""3"": 0.75, ""4"": 0.061908828136513716, ""5"": 0.14151027487891218, ""6"": 0.3136425521890075, ""7"": 0.3136425521890075, ""8"": 0.04099252144147714, ""9"": 0.1282311339524737}","{""0"": 0.18750338149282386, ""1"": 0.18750338149282386, ""2"": 0.18750338149282386, ""3"": 0.18750338149282386, ""4"": 0.015477486159805865, ""5"": 0.03537820674103338, ""6"": 0.07841205215397118, ""7"": 0.07841205215397118, ""8"": 0.010248315181592065, ""9"": 0.03205836163833077}","[0, 1, 2, 3]",[],1,0,1,1,0.0,83105d316e5bfbf65dadec4e2d491836dbf5725ccd84de6e9ebadf9272436ed2,1db66b66b701f5fffe3f5b0ad24b42618a145e7c80c6900a7b006c409bb62bc0,"[""proposal_created"", ""proposal_committed"", ""v1_challenge_sampled"", ""audit_rejected"", ""recovery_recomputed"", ""recovery_audited"", ""recovery_verified"", ""committed_once""]"
10,trust_v1,1,A2,0,1,0,0,0,1,V1,73.77,0.5259606830944018,0.1,8006515512716907490308977327165857129,2be7a826a1f17c44e8e886cf136abbf5944567455167684ceb7e9404964a43d6,1,"{""0"": ""8bc7e93f87e7f8c094b0fd07b5b25e4755f0412a215104cbd990f718c2bf7389"", ""1"": ""edcdff4510e14505a2dd61ad7f11eb2fd4ecac3f173f12360a5996f20702a857"", ""2"": ""18a6b04f10e9797ef8815953988b876712f7eec2354e7923354878dc7a86b2f2"", ""3"": ""708c0b581b679bf31fb220faf861d76c2458884fc144690647cc2cbfd2353d88"", ""4"": ""b782d70fb00e05606290b0e2bf1df4314d6adbc19e8443257f8d444369776b83"", ""5"": ""e8345d04c0b2687853fc768860d4892fba58c6601054d12699bdb3c7c830886d"", ""6"": ""291b0b3d972e06f25493ed956d0f2dc5a8f9f2a3dbca093e530fdb04827ea92c"", ""7"": ""edcbcb6672f386a7b735e8c31cf1f57109af6b4ed21b0ea4888c80f5f5be06b2"", ""8"": ""9394b5bb1e764d086900317e938f173cf308775cbba6eb204b75d35d1cb04209"", ""9"": ""cb76c84524f43daa68f5d39746779d148dc64e5a89921d325c1b963728ff1ff4""}",a779841c48f122c45b6d351fed5c0b4e854e9b512bf48634f7e68f1fd1627b4d,1,0,1,0,2.5307753901352106,0.0,"{""0"": 5.904900000000009e-07, ""1"": 1.9128327503405038e-05, ""2"": 1.3318562790829449e-06, ""3"": 5.904900000000009e-07, ""4"": 0.028289904986413685, ""5"": 0.09025992477829517, ""6"": 0.3716890691417747, ""7"": 0.3716890691417747, ""8"": 0.04147979858236994, ""9"": 0.09657059220558939}","{""0"": 0.125000295245, ""1"": 0.1250095641637517, ""2"": 0.12500066592813955, ""3"": 0.125000295245, ""4"": 0.014144952493206842, ""5"": 0.045129962389147585, ""6"": 0.18584453457088734, ""7"": 0.18584453457088734, ""8"": 0.02073989929118497, ""9"": 0.048285296102794695}","[0, 1, 2, 3]",[],1,0,1,1,0.0,1db66b66b701f5fffe3f5b0ad24b42618a145e7c80c6900a7b006c409bb62bc0,e879fd0c3346bad90e2d78284b72bf47d67c197f2b9b05df2a4bc40dc3d34ce1,"[""proposal_created"", ""proposal_committed"", ""v1_challenge_sampled"", ""audit_rejected"", ""recovery_recomputed"", ""recovery_audited"", ""recovery_verified"", ""committed_once""]"
11,trust_v1,1,A2,0,1,0,0,0,1,V1,73.85,14.068162983388639,0.1,337905231993250868161870251281534952536,2a908384bff3c77d4f96aecd43dedd579a14702d3b77388e6fb74bee6917bf0e,1,"{""0"": ""d620d8ce2645bc17967c6ceb402ddf93f3719b0c0e22fb7e88d99d3d41cf8479"", ""1"": ""e8df30687d7a421768689c029c04b3baf6ffc88f8fe74292e5b3ba44c314af60"", ""2"": ""8b496705c0b93939bbc81d14c90b30c5742947675303f5b287b62aa818f60aa1"", ""3"": ""ab6fbeddecf59bb14d7651e676991879526d37af1ff99a666480fdeae7091319"", ""4"": ""cdc4850884c619108adbf39bcdcba3220582da922067a8bcc9c58a3dc3b1be39"", ""5"": ""3c14118fc3cc5ba84b6d0df357e90b88944e1b5065a8538c882f409b6db100cd"", ""6"": ""972d58d7d9e73d82738a0b533a60008f09ecd7d21e9c0442f1ee9f8d3a21cc0d"", ""7"": ""ee9b48ac8ef5dc8c4385750100c3d9b693a36a8ffa1975bf22120d6cfd9d84bb"", ""8"": ""6542bad7828dd30293f4085d02fdb7be9cbcd55db432fa12ee42a4f4a2baf453"", ""9"": ""a097c87d7a8538ff3d1c44b8bb5fc3a381be228de7a602323ebfa5922189fe88""}",3ef65b4ca89946440309455807b9909ca98a0f0903e5a19c72e26e811a4c99ad,1,0,1,0,2.461472134902557,0.0,"{""0"": 1.7714700000000026e-07, ""1"": 9.036479977632807e-05, ""2"": 3.995568837248834e-07, ""3"": 1.7714700000000026e-07, ""4"": 0.040756420540504594, ""5"": 0.03917927268611389, ""6"": 0.41810580255415986, ""7"": 0.41810580255415986, ""8"": 0.02441476670932935, ""9"": 0.05934681630507222}","{""0"": 0.1250000885735, ""1"": 0.12504518239988816, ""2"": 0.12500019977844187, ""3"": 0.1250000885735, ""4"": 0.020378210270252297, ""5"": 0.019589636343056945, ""6"": 0.20905290127707993, ""7"": 0.20905290127707993, ""8"": 0.012207383354664675, ""9"": 0.02967340815253611}","[0, 1, 2, 3]",[],1,0,1,1,0.0,e879fd0c3346bad90e2d78284b72bf47d67c197f2b9b05df2a4bc40dc3d34ce1,e5cb3e377206ad05d242763aaf1d2e65bcf193fdcc77e87451d63e857ce9172b,"[""proposal_created"", ""proposal_committed"", ""v1_challenge_sampled"", ""audit_rejected"", ""recovery_recomputed"", ""recovery_audited"", ""recovery_verified"", ""committed_once""]"
12,trust_v1,1,A2,0,0,0,0,1,0,,53.27,0.0856010844184606,0.1,280393624255792200446049554910226552381,2d4ac887275f22e52442436172e84f906e06cbc750287d26063da83f1cf3472e,1,"{""0"": ""81a610b8875fcfbeecd784ded4e6585b0daf085d3854100736ad0fa86deb7da3"", ""1"": ""abccf099e97b665a68c01cbd4abe80ec715acdf5ad5d6befb8f2276bfe703320"", ""2"": ""b71555c791b3fc5be8bed4ed979cb494c59127d37d6e1ea8e9a786848e16e5a5"", ""3"": ""ef07a9a0d71d26233e1a1df2c881eb33684df1c7d85a02948360acc1dea16a62"", ""4"": ""4be61a13a25a8a686a131c0c64989e1107112ea13824f8d93ecbe145a96b4dce"", ""5"": ""5dfeea0cbba1f1869ae0ae75cb11d7d3333ada6f085e54febd92c6d94e869e47"", ""6"": ""49bbd6f3372c5822802e82cf2d4eef963351a1ed53093d326f1f5348b8d9cf79"", ""7"": ""c8439d4d5759d44351c9c9e2209eb3b5e518d24987653d16fb5af76d7b03e054"", ""8"": ""16b78cae830d355d60c605f213d29e3bfb9bbd2befabc8788f1597a1b0c67fd1"", ""9"": ""d637ed4e22d7a8f4102a792d859fa5caff07b1503b3b134bd5faf74b43e34417""}",,0,0,0,0,2.910223833783448,2.910223833783448,"{""0"": 5.314410000000009e-08, ""1"": 7.513008617084209e-05, ""2"": 1.1986706511746504e-07, ""3"": 5.314410000000009e-08, ""4"": 0.09755023657212554, ""5"": 0.01486104488355016, ""6"": 0.38000283222453635, ""7"": 0.38000283222453635, ""8"": 0.025189228991414854, ""9"": 0.10231846886240076}","{""0"": 0.12500002657205, ""1"": 0.1250375650430854, ""2"": 0.12500005993353255, ""3"": 0.12500002657205, ""4"": 0.04877511828606277, ""5"": 0.00743052244177508, ""6"": 0.19000141611226817, ""7"": 0.19000141611226817, ""8"": 0.012594614495707427, ""9"": 0.05115923443120038}","[0, 1, 2, 3]",[],1,0,0,0,0.0,e5cb3e377206ad05d242763aaf1d2e65bcf193fdcc77e87451d63e857ce9172b,f9c48ea580e21d2ff20a4ae932cd4d4f00a04ea88895576fbf4e15e73ef018b4,"[""proposal_created"", ""proposal_committed"", ""v1_challenge_sampled"", ""audit_accepted"", ""committed_once""]"
13,trust_v1,0,none,0,0,0,0,1,0,,75.0,0.0,0.1,196156925253340701234937042466884601715,eb06a0820ededc154e720bd1f44482d30a4c64d56574580516179db66658bab2,1,"{""0"": ""2f4e8c8dc507635b6498757ba382c993fdac916af8ee25143f2530a7e3f4d23a"", ""1"": ""8df6d00651f4341d340f17804346808888a7dd4147f760bb9ad0ee09f5b593f4"", ""2"": ""7e5ceb1145fc9dc993c80936696ea1eb762d21bc971b28679640b38e9baeb7f1"", ""3"": ""d112c467847007308fbbc6cdb7da5ac221d2b2d594a1ada5c2fd597e93e5d66e"", ""4"": ""e4c0e8205360c9eb6e19a88e494e0d58341e625c95f0d22861290f8661c3e0c9"", ""5"": ""7b3e26079cc2960898133395787ed7fd7e2f8e037ce6c841c9b437a2bf6922da"", ""6"": ""84ec2962b966d40d5e4600cc327f00f9f9d8dbb09d1a46d3204dd39e90084135"", ""7"": ""306e785375e3e84bda0f28559616a636b6b16d54c1f2608191fb2fcbbec6de2d"", ""8"": ""c7f9d7582c4ef5a378d2764ac26f42ddba973f802edb35022b90a730d5b982f8"", ""9"": ""a421c296d71b23ba693314fccef4b4d3a53dc70d2a7d3f5cd28a0421c9e0240f""}",,0,0,0,0,0.0,0.0,"{""0"": 1.594323000000003e-08, ""1"": 0.003849922884148311, ""2"": 0.0006812480095627268, ""3"": 1.594323000000003e-08, ""4"": 0.18440743333223764, ""5"": 0.15960067582566503, ""6"": 0.21755713667662313, ""7"": 0.2691432120279609, ""8"": 0.03762812952884928, ""9"": 0.12713220982849294}","{""0"": 1.594323000000003e-08, ""1"": 0.003849922884148311, ""2"": 0.0006812480095627268, ""3"": 1.594323000000003e-08, ""4"": 0.18440743333223764, ""5"": 0.15960067582566503, ""6"": 0.21755713667662313, ""7"": 0.2691432120279609, ""8"": 0.03762812952884928, ""9"": 0.12713220982849294}",[],[],1,0,0,0,0.0,f9c48ea580e21d2ff20a4ae932cd4d4f00a04ea88895576fbf4e15e73ef018b4,ad78f88d29ca2d5e6e6634c589e9db2857965f97b52c35d70d3bf80ab22d6b2c,"[""proposal_created"", ""proposal_committed"", ""v1_challenge_sampled"", ""audit_accepted"", ""committed_once""]"
14,trust_v1,1,A2,0,1,0,0,0,1,V1,75.63,40.02911602168013,0.1,209942354739414501519184454699983823903,ca7ee97e676407adf9d45ee2ac1593359cb091b6d810badc3ff0553d72de9835,1,"{""0"": ""1a4cce006fa1f1dee28ac7867f542df9e1be1d138a59e428dfb20f5a1d79283d"", ""1"": ""ab7f8bd870164526f21611eb08616bd089f1af66e0e3229cc647a4a5f54002c0"", ""2"": ""0cc9d999e8897f45ec3b5958c747abbb0fb5e3f8a621832b866ba9d51800c4eb"", ""3"": ""56f1893fe3a45353c679bb931adefa9e65d83dbb5e13b1c069bbd954780ee0fe"", ""4"": ""9d9bc82022151b56b8536e78a779bec1b2a33e03b1da282c91dece6e7b78f6b8"", ""5"": ""341bc065ffbd9cd828a71f8fe5134984e6d4dbec2cd2d39ad6548cf434bd05ca"", ""6"": ""c8fb98da0adca292476e4a5da8871252ef1c3eff56e6e5ab49e05eff602275fc"", ""7"": ""aec91e0eeac9eff64a12860fae5987f24977a6deaec1eb2c41dd2f5762b7bd3f"", ""8"": ""339dfc2a8a3644da44f929e622ca1ef416a50f570125b11474f2b63450157614"", ""9"": ""a13a47ecbf4e64af279b18f0379ef21d39dd32c6fe82780a951e3d62afab0481""}",25ec6435130871787d63c92d708889d66874e0f6c21600deb51a41655176d960,1,0,1,0,2.450102983476342,0.0,"{""0"": 4.78296900000001e-09, ""1"": 0.0011549768652444935, ""2"": 0.00020437440286881806, ""3"": 4.78296900000001e-09, ""4"": 0.0553222299996713, ""5"": 0.19935376239065525, ""6"": 0.3280720023681768, ""7"": 0.3664645426002427, ""8"": 0.011288438858654786, ""9"": 0.038139662948547884}","{""0"": 0.1250000023914845, ""1"": 0.12557748843262226, ""2"": 0.1251021872014344, ""3"": 0.1250000023914845, ""4"": 0.02766111499983565, ""5"": 0.09967688119532762, ""6"": 0.1640360011840884, ""7"": 0.18323227130012135, ""8"": 0.005644219429327393, ""9"": 0.019069831474273942}","[0, 1, 2, 3]",[],1,0,1,1,0.0,ad78f88d29ca2d5e6e6634c589e9db2857965f97b52c35d70d3bf80ab22d6b2c,e2b5812d21d7375712921d332a183b0af69c74f0762532ddbff740b937a808d9,"[""proposal_created"", ""proposal_committed"", ""v1_challenge_sampled"", ""audit_rejected"", ""recovery_recomputed"", ""recovery_audited"", ""recovery_verified"", ""committed_once""]"
15,trust_v1,1,A1,1,0,0,0,0,1,V1,75.13,0.0,0.1,199790955472479216460821871359755800462,25d8f9549a9802d95a0b54437335becc65eeaa9f9f1399446e21a51e6a78fcee,1,"{""0"": ""568a1e075fe55922819f38d4110eb7307d9745ea28d369f1f43d4d963bc79c95"", ""1"": ""b7818751a0a8149a2d12b0f8fb8d68b8cea852bd54d95f177f7197d46f05afd5"", ""2"": ""fbab6198f523282b13d83ad31e7c92104ba3de53ded84ec6275c63ea3d20e2cb"", ""3"": ""403d5231d3023b299cd10d72d4b53ef7cd16016b55e20ae4cfa07817974d4eb6"", ""4"": ""a4e3146afa00601623db60b8181db9aa3e692f5c7c03b705bad0251b213a08b7"", ""5"": ""02a2557ddbff814534bfce9afa98e0920eca17b7e6a1c2b82ec9310f98089560"", ""6"": ""a1c1f249f55edd73dbd645bed640762305932aa50097443aec80087915db5e5a"", ""7"": ""f79e0f5ac5524341e7417b36a5e3564cba137836bfa551fe7ddcaff59533fea1"", ""8"": ""1224523aa7518cf7711e8ff373489dfa8b478428c3006de86699a8ceee7cc61a"", ""9"": ""ddea5d0f646fa6567f38395f3f24ce7829540314989e100fd49a2286f1b5f3f0""}",bab05d8de2fd52cc4e1e9fe116b42366eedf727021268c4399c1ce1153156ad8,1,0,1,0,4.192142157335831,0.0,"{""0"": 0.75, ""1"": 0.75, ""2"": 0.75, ""3"": 0.75, ""4"": 0.03255073944361325, ""5"": 0.12361172585444537, ""6"": 0.25456307581252147, ""7"": 0.40102734557125913, ""8"": 0.028931539243957045, ""9"": 0.15890776582398833}","{""0"": 0.1875191179608444, ""1"": 0.1875191179608444, ""2"": 0.1875191179608444, ""3"": 0.1875191179608444, ""4"": 0.008138514599252833, ""5"": 0.030906082402457735, ""6"": 0.06364725792235146, ""7"": 0.10026705882626834, ""8"": 0.00723362229370184, ""9"": 0.03973099211259028}","[0, 1, 2, 3]",[],1,0,1,1,0.0,e2b5812d21d7375712921d332a183b0af69c74f0762532ddbff740b937a808d9,29a715a3dea1611447c2389c897db3624f661a672c866dfa3b3f3061e80511a2,"[""proposal_created"", ""proposal_committed"", ""v1_challenge_sampled"", ""audit_rejected"", ""recovery_recomputed"", ""recovery_audited"", ""recovery_verified"", ""committed_once""]"
16,trust_v1,0,none,0,0,0,0,1,0,,74.71,0.0,0.1,1005324383253876056737543534772801007,2b53eb420276cbb60bd6e164702d53c4a6bfa0da80d578a0d76eca9639154cd2,1,"{""0"": ""1c83467f430ed55074a9b1f763fad65a4583c2f4a8cdbdaea7b63c51987038ca"", ""1"": ""bda20efce682e62f7229377ac952007be6b798e1e6d000341e21b43093529127"", ""2"": ""5e4030d04c1cd3e37bdf92fb978156f46b4e24bce1ad47d5f208c6e6956b19ae"", ""3"": ""5fa6ab84f80c81d2ec4af34f4d30cc59d9adcc129b690e894e8dcc1ade8a0e0d"", ""4"": ""6526c42884bbc02dbb00ec1f30475191ef097c446dc19f726ae8d4ce0fe819cf"", ""5"": ""8e153b9a1fd151d2e81b9f5c1dcbd89991cd4c2dfec5e2147e3caf14147aa426"", ""6"": ""40a80a81744ea5ed4287c311f10481b4d615daa76d070504535144232cf4406b"", ""7"": ""aefb47a9691850fba8417c3cb52f5056cdfaf5aabf89bf61dc736fc99fbb7b4f"", ""8"": ""ea9864799a319044606422309f5c8f2661738d2168fd957282490e1deedf1cdc"", ""9"": ""f2152b282a324a9a541666a57044351e88b30f829f76cdca3d813d80ff2e83f1""}",,0,0,0,0,0.0,0.0,"{""0"": 4.304672100000011e-10, ""1"": 0.00010394791787200448, ""2"": 1.8393696258193632e-05, ""3"": 4.304672100000011e-10, ""4"": 0.011757040080003223, ""5"": 0.08036624175212402, ""6"": 0.31201773517660164, ""7"": 0.30308779120729834, ""8"": 0.009327707128866583, ""9"": 0.2833211421800417}","{""0"": 4.304672100000011e-10, ""1"": 0.00010394791787200448, ""2"": 1.8393696258193632e-05, ""3"": 4.304672100000011e-10, ""4"": 0.011757040080003223, ""5"": 0.08036624175212402, ""6"": 0.31201773517660164, ""7"": 0.30308779120729834, ""8"": 0.009327707128866583, ""9"": 0.2833211421800417}",[],[],1,0,0,0,0.0,29a715a3dea1611447c2389c897db3624f661a672c866dfa3b3f3061e80511a2,3f34628bf6bf6f9b7d80720eb4755527d5891f8e9cfe6ec1e7bc7c0b4ed081e9,"[""proposal_created"", ""proposal_committed"", ""v1_challenge_sampled"", ""audit_accepted"", ""committed_once""]"
17,trust_v1,1,A2,0,1,0,0,0,1,V1,76.58,9.875272022099667,0.1,168165154349705061968489780413860732637,f1dd6a28eb8c1d4dbd6337acf8d46dbb44c5a1c22067dbb3b0a62b257c665a74,1,"{""0"": ""28097072a8d5596deaf3177c0260f4c9b4505ac67bceb013f62a008168236a3a"", ""1"": ""0a9c9c2eb408732d6958ac16688064ce4966bfdd526347517490cb163ca4c58f"", ""2"": ""a239da2b668cb8c1018311b255433a35e95e9a8944eebb0bd9951e20cc61abdb"", ""3"": ""7a6e53a854beee3c5729af0c440311fb0cee6e3acf3c6d98ba469969328500de"", ""4"": ""60f14dc1f9678569e3bdcb52562c6cd3f6734dc0d0b1f35bed37070b02e86bce"", ""5"": ""5e53c7bcc3a269c63e74974c35de99f5ea3b1197344aaac8169e3a6b2721beae"", ""6"": ""13e87395b4bd67439e794b4de25c8766e23ad127a6dc82a0c0ba5d3e8af9481f"", ""7"": ""62d76a1ee814e82a89c9c8c88b95c75bf3eece022342c848ccc3ad923ba1a6e6"", ""8"": ""91720aca82f5e02ed114a2f291f82150f2f670e9b8fa34f607ca4e37f6cf1350"", ""9"": ""b93dace44d8d83292ba1c3bab00804ef7bb309b690c61adba3ea24e4fbaa90b1""}",7d8ee252b2c8cfada484de2a7e2b1eb8dcbd29e7f2dbe7b3a2d5a5fd667127b1,1,0,1,0,2.8484222066862146,0.0,"{""0"": 1.2914016300000036e-10, ""1"": 0.0002718582483697266, ""2"": 5.518108877458091e-06, ""3"": 1.2914016300000036e-10, ""4"": 0.0100536008898617, ""5"": 0.25373548598751183, ""6"": 0.32323093401485514, ""7"": 0.3205519508240641, ""8"": 0.0049424604248064176, ""9"": 0.08720819124337346}","{""0"": 0.12500000006457007, ""1"": 0.12513592912418486, ""2"": 0.12500275905443872, ""3"": 0.12500000006457007, ""4"": 0.00502680044493085, ""5"": 0.12686774299375592, ""6"": 0.16161546700742757, ""7"": 0.16027597541203206, ""8"": 0.0024712302124032088, ""9"": 0.04360409562168673}","[0, 1, 2, 3]",[],1,0,1,1,0.0,3f34628bf6bf6f9b7d80720eb4755527d5891f8e9cfe6ec1e7bc7c0b4ed081e9,2f42b620dba1ce2789f43fe6b3b255a6149f744136cd1286766a6c6e8ae7208e,"[""proposal_created"", ""proposal_committed"", ""v1_challenge_sampled"", ""audit_rejected"", ""recovery_recomputed"", ""recovery_audited"", ""recovery_verified"", ""committed_once""]"
18,trust_v1,0,none,0,0,0,0,1,0,,74.6,0.0,0.1,66352029352901852916267526320598513472,e35e38b8818f503b5a401f1aab35232731bb41509df4c7171a9049d082526073,1,"{""0"": ""e588b5348ccec10b695595324430efc989bc68ac7e4feac8bab361ab6d297963"", ""1"": ""19eed367433c7a3442caa44b4ab37c8d347c3b9e421a6158603a99c7ce5b8640"", ""2"": ""a49d295c319ccbcecea3e0a8d935a80b887e2c6aca3989778de46f3e344b5c62"", ""3"": ""41d9a356d0c87d97d4215521bf379b951b901de4e88032269ea296b960c9e6eb"", ""4"": ""ecdf8b79caf9920e098add8b2a491f4939534a32cacaf02af642a98657312f70"", ""5"": ""cb5e49bace14a113b08f504092002e8a5962e529be36fd03a980645dfe39877a"", ""6"": ""7be87516a544e078d2f8eb735846b4adb9d3463747675f69e5e7a4c931a02445"", ""7"": ""7aca253c39db6f07a3a89c1cb03f8a38ef4b6e8e2705c2a281453c8cb0a75620"", ""8"": ""8153cae1a15abc7b737828a04a8358a2cbeb67f3ddac0b3763918fc380c40c06"", ""9"": ""acc65d50e2d1c8f611fec40dc6af584f79135a8db11b8b485a91a62c64d6dbec""}",,0,0,0,0,0.0,0.0,"{""0"": 3.874204890000011e-11, ""1"": 8.155747451091799e-05, ""2"": 1.6554326632374272e-06, ""3"": 3.874204890000011e-11, ""4"": 0.041201570053103556, ""5"": 0.29434672450103666, ""6"": 0.3151953589092396, ""7"": 0.2563786141716562, ""8"": 0.0032946977744128325, ""9"": 0.08949982160589286}","{""0"": 3.874204890000011e-11, ""1"": 8.155747451091799e-05, ""2"": 1.6554326632374272e-06, ""3"": 3.874204890000011e-11, ""4"": 0.041201570053103556, ""5"": 0.29434672450103666, ""6"": 0.3151953589092396, ""7"": 0.2563786141716562, ""8"": 0.0032946977744128325, ""9"": 0.08949982160589286}",[],[],1,0,0,0,0.0,2f42b620dba1ce2789f43fe6b3b255a6149f744136cd1286766a6c6e8ae7208e,613345cf20c3a5647be415ff872e16969e0c55e6248a8875fc1030a3fd1decc8,"[""proposal_created"", ""proposal_committed"", ""v1_challenge_sampled"", ""audit_accepted"", ""committed_once""]"
19,trust_v1,0,none,0,0,0,0,1,0,,76.91,0.0,0.1,218853077837480576949952027979443909674,97c3285793a3024b5b2449e2568913d2fefc8b8fe49ceabbbbbbc25968ea7a2c,1,"{""0"": ""d9e224f07b4e2033a481c323ed5d16381c9ee88bb5575acd8f36191fb0a353c8"", ""1"": ""448216529509e26ecacc636639b6edaab550a5859c64da1c391e22b33f6cd735"", ""2"": ""e0563bf4e6e88174292edafe7b9a4d94b0855e8801e6dd30d656bc2afc91ee5f"", ""3"": ""7ad95fe23798013386a1411263ff55b03055966f3fd7ba3be2ab8157ebb0ca2c"", ""4"": ""efe2ebf65ad77d9038a3bc96596e2afb01c77c47cb8ba393d8a5b560432227e1"", ""5"": ""e49c7c5479e5f1590a1061e9e40bf944f9226dc56ad6d0d6a5069ee24b37e1e9"", ""6"": ""5caff10a3e1c56ce981377566b331a50bbfe52beec68d47063dd3ad5e72a8580"", ""7"": ""a65e6b8a3fbf26a0647fc46786f6f50182650c77f9922c3161ca7898f69ea949"", ""8"": ""19da66f38253815d65c1d92a0afbb5e467c5796f4c8b2288fd70c561a23e6b5e"", ""9"": ""d345061be8c14a68c07d4dc6f48d5e75f2982ad34cf97640abeaa3da28e34c46""}",,0,0,0,0,0.0,0.0,"{""0"": 1.1622614670000035e-11, ""1"": 2.4467242353275403e-05, ""2"": 4.966297989712283e-07, ""3"": 1.1622614670000035e-11, ""4"": 0.04066532066337895, ""5"": 0.17144866713241627, ""6"": 0.3841026842890927, ""7"": 0.36645766086781767, ""8"": 0.00098840933232385, ""9"": 0.036312293819573176}","{""0"": 1.1622614670000035e-11, ""1"": 2.4467242353275403e-05, ""2"": 4.966297989712283e-07, ""3"": 1.1622614670000035e-11, ""4"": 0.04066532066337895, ""5"": 0.17144866713241627, ""6"": 0.3841026842890927, ""7"": 0.36645766086781767, ""8"": 0.00098840933232385, ""9"": 0.036312293819573176}",[],[],1,0,0,0,0.0,613345cf20c3a5647be415ff872e16969e0c55e6248a8875fc1030a3fd1decc8,a98e8453e5c8cc45a0d61233e8b2eb11b764744e013e6572ed72627b410f3c7a,"[""proposal_created"", ""proposal_committed"", ""v1_challenge_sampled"", ""audit_accepted"", ""committed_once""]"
20,trust_v1,1,A2,0,1,0,0,0,1,V1,77.35,7.889061246268412,0.1,213510710488297790579620203619738015933,15c61d9cd1f143c955ac2216d77d3c5c01c0cb27429a616b3183b5f503c6a8aa,1,"{""0"": ""196759825ce3344d73a3a6b9772cd597f85b38ff80f180009a25b3da0a878f64"", ""1"": ""72d0097a0823a246cc7ff90b021098ae73b047e11cc3dfe90c8fe9ce4aab27f7"", ""2"": ""2cafb3fa384b46e3464089ec17a5e706d744229128264a491a6873de9c6d5bd2"", ""3"": ""63d67fc0e88dd2b931cd8e0df143b6d6805d2e5aa4ea90008a652c0f71e87f30"", ""4"": ""d98a5825dd1d48d01579c77859a048ad202b0fa37950a88db0de029ec9cf83b2"", ""5"": ""ec15d68c4a0d9cb069276ee0233079b4be292f45bbb5f74898b75afcf2155ed5"", ""6"": ""a5a47d36389a34acaa828f493c701ccb3cbedcdab2f7ba21767d13b8eecaf830"", ""7"": ""66cd24bcd346ca1eb0915c1a30828cc3dc61607e93067335a692d734b5e74877"", ""8"": ""fcc2fc3f3ec22ee4688b8aa38621c0cb2781cc24934063fbd3839c68db2b7381"", ""9"": ""36fd77a2a52b42890acd62ad0cc20ea68e44a1d38f9436caea2f07e2616cd4ce""}",507703f7d1df60942cde09dc2b222c403bd19cff33f23e620324a05e1c3f5236,1,0,1,0,3.4861222634263553,0.0,"{""0"": 3.486784401000011e-12, ""1"": 7.340172705982622e-06, ""2"": 1.4898893969136852e-07, ""3"": 3.486784401000011e-12, ""4"": 0.18021276355094729, ""5"": 0.2194477674916585, ""6"": 0.1477236734755868, ""7"": 0.2716567702467728, ""8"": 0.0020446805686097163, ""9"": 0.17890685549780558}","{""0"": 0.1250000000017434, ""1"": 0.12500367008635302, ""2"": 0.12500007449446987, ""3"": 0.1250000000017434, ""4"": 0.09010638177547366, ""5"": 0.10972388374582928, ""6"": 0.07386183673779341, ""7"": 0.13582838512338644, ""8"": 0.0010223402843048584, ""9"": 0.0894534277489028}","[0, 1, 2, 3]",[],1,0,1,1,0.0,a98e8453e5c8cc45a0d61233e8b2eb11b764744e013e6572ed72627b410f3c7a,03359ff9e12d58f622731bcb5628d23d01ee9b7838f68bec9e45362da4c2db2f,"[""proposal_created"", ""proposal_committed"", ""v1_challenge_sampled"", ""audit_rejected"", ""recovery_recomputed"", ""recovery_audited"", ""recovery_verified"", ""committed_once""]"
21,trust_v1,1,A1,1,0,0,0,0,1,V1,77.04,0.0,0.1,305361157363278571413347493445101469724,7f5dabb259ed739ccfe58a5d6eeef20e7aeddb6307d860cbc1f6211fefc361b2,1,"{""0"": ""be2cd3f875a437f028274dc9cd53405ba422e06b9629e89df1429fc3f7d03b5b"", ""1"": ""43089f0b1cdfc332ddb6a73cb98b9ab9da8601177ef3777feba049f1ce78635e"", ""2"": ""6d0106eef4488bc8a4725a9e38afa8c2248a226b72bc77866eb96a997b06c584"", ""3"": ""548259e42f47cc93355f74db18efdb6cf03310b9a14bc23a9161b9756337c644"", ""4"": ""1c7124fda8aca493b72c56c5c284195cd7cfcfdbd49cd14cf5e7cbf51d6b1104"", ""5"": ""ad15d4f55329fca89c8be2b904f28cbcde3fad85792532c70455843903522117"", ""6"": ""2defe6b8f6c4fb177b3aac686e1954e53ecf6d463eb1c93e9afb6627dc8a2d21"", ""7"": ""3994b12211eff3c198e5fc1f6f518135ef492c348488b8410db51402fbd6b2f1"", ""8"": ""a0945d1912bbcab7d9a441997b918245b07bf6af1b7a24231f4294c64cca0139"", ""9"": ""ffd97d64d4074fdd651f185b71cb9f682aac1c37f28db3cebd3c2276c8f355dd""}",774a34a9ce3f5be5af6b4ce700e2594af595c1bc3380513bf8e75dffb4d62f5f,1,0,1,0,5.611116550383616,0.0,"{""0"": 0.75, ""1"": 0.75, ""2"": 0.75, ""3"": 0.75, ""4"": 0.11276504938145553, ""5"": 0.11549087769139732, ""6"": 0.24048787095951443, ""7"": 0.27766779999087027, ""8"": 0.0037433296599965237, ""9"": 0.24984282556618007}","{""0"": 0.1875001053164929, ""1"": 0.1875001053164929, ""2"": 0.1875001053164929, ""3"": 0.1875001053164929, ""4"": 0.028191278180056574, ""5"": 0.02887273564030826, ""6"": 0.06012200150966414, ""7"": 0.06941698898838274, ""8"": 0.0009358329406449329, ""9"": 0.062460741474971895}","[0, 1, 2, 3]",[],1,0,1,1,0.0,03359ff9e12d58f622731bcb5628d23d01ee9b7838f68bec9e45362da4c2db2f,201c72208c38618a03678fcdf8d384e51056bd567e6264d6f630deece09a8ea5,"[""proposal_created"", ""proposal_committed"", ""v1_challenge_sampled"", ""audit_rejected"", ""recovery_recomputed"", ""recovery_audited"", ""recovery_verified"", ""committed_once""]"
22,trust_v1,1,A2,0,1,0,0,0,1,V1,77.52,0.5693562828642476,0.1,211456827472384713212050027621781437350,4b704a77c202befc3a327985a4118192d15746be51dae14eb17e5c57ca313a84,1,"{""0"": ""0234dd99dc33016df2c84149b580ffc5ffc44feef3750f78468dd9db598c21fc"", ""1"": ""a20e1a8135fbe0cbd96a8b1c084a7eb4e0f0af41737bb51919f637e40d1d620c"", ""2"": ""b5de7faf780f0be1fc836386e20a186a827bd8026285338a8fbfd2d8d288f5ae"", ""3"": ""795c49c4096ddd96b5c2145d3a2168c251547fc13b281e1773050434d5f3fea1"", ""4"": ""430b29b8f2bfb0f97a2caac2312e0d858996e0f7e5a8a515d464ba2433523b9c"", ""5"": ""16bb12d58e09320f74f372b943cdb7e37ba3bc7fa004fc46d514ac1bc0fdc95c"", ""6"": ""3032c6517c1c671c91e9811d77fe5962bb282a7b2bda671d72d3f7f53ce095f3"", ""7"": ""4d7802c6e819f002fc68ad541fb2188d24c928d465f918ad364d1be111a91daf"", ""8"": ""2fc5d25394ea2d53f7beda89532557c8e013ea5373d56c7b8e7cb38b981ad7db"", ""9"": ""f8269bfd2219e8159fc8c8fa223122b8dbcfc0a5cf8f8646d4dffeab9fe48281""}",e1b9861f21e2836a2eac92637eab230e9d24a4253b221a304422c56fd8e92059,1,0,1,0,3.649019982015125,0.0,"{""0"": 3.13810596090001e-13, ""1"": 0.0008397068240893212, ""2"": 0.00053338871055078, ""3"": 3.13810596090001e-13, ""4"": 0.04006753297079074, ""5"": 0.14665897841974032, ""6"": 0.3476782863834788, ""7"": 0.35883226509288557, ""8"": 0.006056577341073341, ""9"": 0.0993332642567635}","{""0"": 0.12500000000015693, ""1"": 0.1254198534120447, ""2"": 0.1252666943552754, ""3"": 0.12500000000015693, ""4"": 0.020033766485395375, ""5"": 0.07332948920987017, ""6"": 0.17383914319173943, ""7"": 0.1794161325464428, ""8"": 0.003028288670536671, ""9"": 0.04966663212838176}","[0, 1, 2, 3]",[],1,0,1,1,0.0,201c72208c38618a03678fcdf8d384e51056bd567e6264d6f630deece09a8ea5,1b3e0e4415ab8ab26f721f467eb98be8415aaa2fe5e8ea49393f50fd2f4d2e7e,"[""proposal_created"", ""proposal_committed"", ""v1_challenge_sampled"", ""audit_rejected"", ""recovery_recomputed"", ""recovery_audited"", ""recovery_verified"", ""committed_once""]"
23,trust_v1,1,A2,0,1,0,0,0,1,V1,77.87,21.98022510857305,0.1,75158678545571955744985348622663592141,66415e39cb87db83dad3edeb44998ace4e7d6361138fbf4879271ed397cbaa7d,1,"{""0"": ""6fd3041559bddb70bd04dc1304e4aeb04e6a617525ec3413a8d407d9e1ea7051"", ""1"": ""4a344b387c0964900b62ca550bd2d24dfc8d6977fecbc2a447f8a8c40f53b496"", ""2"": ""5600fdf215c63243a4acbb43be9a04a04fd4e24a8fb1769217f7a6914df66dce"", ""3"": ""65622b3c55f42c0885197ac71dfec09da02ef4ccf862b9d9ee2b8f8f987b25b6"", ""4"": ""87bc44fac52b578f83a3b7ea6ca934d416f591bc69856d110800e8e7a73f2c6f"", ""5"": ""bffcdff5b85a8cb8e09f4a306596569586c3c2cb0d8ae1d30491f05877e8ea8c"", ""6"": ""3d1e2dac9ecc2817ca9111ef770297d0db83fd1f8638fc0692e61ae2e966544f"", ""7"": ""f3aef549ec63bbfe894b3a0c0d5032ae51d75f34c9ea83dd52254fe721a3d8de"", ""8"": ""31a814e0059bc1220a884fa712b954e5f277bc8f42723598b35dcf6e7a7dff19"", ""9"": ""f8759aae371ddf713c5009c7bba9519884c218c0782e61c923c7da60f28af4fd""}",49451f77ccf94d6974edcfc2a8ec0145d33124f5fed47a16d8799c8229b3883c,1,0,1,0,3.3272397308594845,0.0,"{""0"": 9.414317882700033e-14, ""1"": 0.0052370652173363, ""2"": 0.00016001661316523405, ""3"": 9.414317882700033e-14, ""4"": 0.03364309607906426, ""5"": 0.09574573409902876, ""6"": 0.4061835146577928, ""7"": 0.40952970827061486, ""8"": 0.012719110626685888, ""9"": 0.03678175443612379}","{""0"": 0.12500000000004705, ""1"": 0.12761853260866812, ""2"": 0.12508000830658259, ""3"": 0.12500000000004705, ""4"": 0.016821548039532126, ""5"": 0.047872867049514364, ""6"": 0.20309175732889634, ""7"": 0.20476485413530737, ""8"": 0.006359555313342942, ""9"": 0.01839087721806189}","[0, 1, 2, 3]",[],1,0,1,1,0.0,1b3e0e4415ab8ab26f721f467eb98be8415aaa2fe5e8ea49393f50fd2f4d2e7e,bec4cf7af7a2803008acb47b9724c477540161663c129dd7dd3d48152e08d94f,"[""proposal_created"", ""proposal_committed"", ""v1_challenge_sampled"", ""audit_rejected"", ""recovery_recomputed"", ""recovery_audited"", ""recovery_verified"", ""committed_once""]"
24,trust_v1,0,none,0,0,0,0,1,0,,68.15,0.0,0.1,272788447898629839767243454074769201940,a0e379f60bf9bfae28393f7c48f355bc07209d7b6f1bfd782b6ae85af11125a1,1,"{""0"": ""1dab3b0152229b3ab75fd4abef8fc89444e0c54015cea1885fda4ccf96afe280"", ""1"": ""ce63ecb74306e2d29f139fc18744b571e94704e1b60318bf72e8911b74b6ef69"", ""2"": ""8490a202d9349c7ecca4b175daf2e59379ee16f69d8bc98dfdc7aeab6c1c96cd"", ""3"": ""7baf256b7cdc94303b7909dcb1f38a009264395d09d073ee1a8db7bd2b585a7d"", ""4"": ""3260138a25c9ec6a42c45ff0e368b942705caa3999151de22092e5b7f83e8740"", ""5"": ""858c01fd4eb262cf161965615e7a6315012b833fa2f5d689f80a3a082f01cc8d"", ""6"": ""d9cecd2ec3080266807e4744ac221693b7ff9db2e7acfcd30d86d7e38c37d92d"", ""7"": ""6d0710acc5155ca44c5b500e7ace944b980e504b3f1a0e1400a1e1ccd9845a86"", ""8"": ""a8641fbfd6634ab957790994569ed73809bfeb277a67d4380fe2f2599e32ed86"", ""9"": ""36c92849b8a0f4fd8fbb886defa551629d45397fe60efede5b36ca68f723c030""}",,0,0,0,0,0.0,0.0,"{""0"": 2.8242953648100105e-14, ""1"": 0.0017644963566357588, ""2"": 4.800498394957022e-05, ""3"": 2.8242953648100105e-14, ""4"": 0.01660504804865022, ""5"": 0.03878609580823414, ""6"": 0.12185505439733785, ""7"": 0.7815867091493239, ""8"": 0.02646270497469133, ""9"": 0.01289188628112081}","{""0"": 2.8242953648100105e-14, ""1"": 0.0017644963566357588, ""2"": 4.800498394957022e-05, ""3"": 2.8242953648100105e-14, ""4"": 0.01660504804865022, ""5"": 0.03878609580823414, ""6"": 0.12185505439733785, ""7"": 0.7815867091493239, ""8"": 0.02646270497469133, ""9"": 0.01289188628112081}",[],[],1,0,0,0,0.0,bec4cf7af7a2803008acb47b9724c477540161663c129dd7dd3d48152e08d94f,dfdc6c5692a7f15c1e33d9d66e6e56d634385c825e4177e7b4b54f10a487184b,"[""proposal_created"", ""proposal_committed"", ""v1_challenge_sampled"", ""audit_accepted"", ""committed_once""]"
25,trust_v1,0,none,0,0,0,0,1,0,,76.83,0.0,0.1,156685394666535513993517409281393474102,76c4e2b700b4917d04f6f30da8929f2f4cc5a2c47d666917965c71c6d1e74d03,1,"{""0"": ""c4960977b6603b6cc4547a090132f26ad46c8cbee925dcf29cc1b02e5c656a38"", ""1"": ""211e8c1f001df18baafb8862d24ed551f3b9370bcad4bb9025f4d76a07ffdfdf"", ""2"": ""205be199b5747524517ec4fd948e5d7420345d3bfa9f730a43142e4f58544096"", ""3"": ""6fbef4c58b48f3c3104355a57a90a99c1569b72c88df6c12fa0374f259ca4729"", ""4"": ""6dc56938b9569e4debd1b1fefaa6033a91eaac01151256a81e9c837a88654c11"", ""5"": ""959f3db2eeeaf4244ef705504dc201d0a63f6667d12029bb11924a99533d9a17"", ""6"": ""649f0d7bbc3310b7616325973285a9f432544792771130d9e6a71690b15dcb47"", ""7"": ""92a1189324c10c60c56ff9dd0fbadd2f3c00d06a758ab0784f8759f8c1337f95"", ""8"": ""b56d4457b9fdd1efb588a9cd6cac64947ca037cab60d19354081b535fd949fb8"", ""9"": ""2620c5c754d15a1ae924be0a9c11f0e6fd6a56eccf369839c095bc7b6b22c475""}",,0,0,0,0,0.0,0.0,"{""0"": 8.472886094430033e-15, ""1"": 0.0007103977080094241, ""2"": 1.4401495184871069e-05, ""3"": 8.472886094430033e-15, ""4"": 0.22918811931221952, ""5"": 0.2358424336400947, ""6"": 0.2607631212168258, ""7"": 0.2344760127447972, ""8"": 0.008991790330722772, ""9"": 0.030013723552128755}","{""0"": 8.472886094430033e-15, ""1"": 0.0007103977080094241, ""2"": 1.4401495184871069e-05, ""3"": 8.472886094430033e-15, ""4"": 0.22918811931221952, ""5"": 0.2358424336400947, ""6"": 0.2607631212168258, ""7"": 0.2344760127447972, ""8"": 0.008991790330722772, ""9"": 0.030013723552128755}",[],[],1,0,0,0,0.0,dfdc6c5692a7f15c1e33d9d66e6e56d634385c825e4177e7b4b54f10a487184b,d0b79140ad9c1a8cfafd452d432ca3491138eb6af3a1864fc4b403c36ac3ed0b,"[""proposal_created"", ""proposal_committed"", ""v1_challenge_sampled"", ""audit_accepted"", ""committed_once""]"
26,trust_v1,1,A1,1,0,0,0,0,1,V1,54.93,0.0,0.1,126148430717695685286236908304973780185,b49c49d39dc012ec481938ea216358170fb3f15fe0ce93727d64caf3c282fea1,1,"{""0"": ""c740fb4a882c50551b9a901827691f2fac9d2f39f2af90132dc465d44d2803e7"", ""1"": ""292850bb99ea2509bd894711292c6ee9a21eb00f6b7bd160ef68ec1b0af7775e"", ""2"": ""1603a865ecae345f22678598620549ddd88ff47cbd0aaf16749b43ac707bab87"", ""3"": ""251174e9cc00dde914179852d790fa85937b9eb539f3c8154678445431e0987d"", ""4"": ""55754d728b2fadb09d48d752750b4dafe73f481083715e666df9e7010852d415"", ""5"": ""2e79d644bf09170a2a361b1c28a5e348f70c025410ea25a4d9cf97b440148ee8"", ""6"": ""fe09d018455a1e4d9718d764921e53b0e5fb7dda06a0bd611d8333dd26f5a7e9"", ""7"": ""292811e34584d970245e71e75027ce27ed1679933f440c03c7a74a93dd8e9226"", ""8"": ""4cf9e9bbce869f1e688f1f9cc5e8ce5fda26e8b7d27284ae37f167dcac6a7942"", ""9"": ""19f6f6b8ca682fc1fad39195ef23c6daeefff95200c45098dbf4068569713b7e""}",93dd7c9ff96a4f0dd37cfe88f49ea6890dd28b2dcc199951555b428a6b22d9c9,1,0,1,0,2.767160655305012,0.0,"{""0"": 0.75, ""1"": 0.75, ""2"": 0.75, ""3"": 0.75, ""4"": 0.06875643579366587, ""5"": 0.07075273009202841, ""6"": 0.09247035337688495, ""7"": 0.1564800650101354, ""8"": 0.028650660905864614, ""9"": 0.30699577486341195}","{""0"": 0.20139061454312285, ""1"": 0.20139061454312285, ""2"": 0.20139061454312285, ""3"": 0.20139061454312285, ""4"": 0.018462534477708185, ""5"": 0.01899858105844974, ""6"": 0.024830215058120792, ""7"": 0.042018155274851976, ""8"": 0.007693298942531599, ""9"": 0.0824347570158463}","[0, 1, 2, 3]",[],1,0,1,1,0.0,d0b79140ad9c1a8cfafd452d432ca3491138eb6af3a1864fc4b403c36ac3ed0b,f5a85f7d2afbf58f4c04dbed372786c77105387027acf1a9fddf67ab16a326ad,"[""proposal_created"", ""proposal_committed"", ""v1_challenge_sampled"", ""audit_rejected"", ""recovery_recomputed"", ""recovery_audited"", ""recovery_verified"", ""committed_once""]"
27,trust_v1,1,A2,0,1,0,0,0,1,V1,67.99,4.805017447248086,0.1,215411236708796410984127323013432146135,a0933cff8c13b1ed4fb05e3b295c471944d908f78dfe90d15accdf7968f127b7,1,"{""0"": ""ffb3eb3f5506c095c16a01dde6466e3136b8df8b046f8f0dad2e4eecba7f2fb5"", ""1"": ""944b4174f5dd63cf43af8a2e0b076a9fcd995e72cf006eb6ad2c18f421159990"", ""2"": ""8852d4c344b306bfc0ca375774f5e6ca35c5335bcfe69df0521001d6058034c3"", ""3"": ""b5fef61a750096218ef3242e1fe61c8a0353ac967b33ed67297bda95c0a64f35"", ""4"": ""cc2fcb4febde23399cc6833fc258ba6de27583b425168a51ecf7c408d3668823"", ""5"": ""b90b9c5712c6fea8093150b0b921e48d86050da910da25319bc79df780da6728"", ""6"": ""245d4a7f0b379ce79f120552c39dd3f09b7a80189b5e1b8142f372f4911dbadb"", ""7"": ""78fdd6df8158534702e5ea79fe8034fc1d37ab6fbb3107e9576979059c867b0c"", ""8"": ""b245a65763448c937d53489a4aed796ef7c7e414c0e45fa26d12e9b704603149"", ""9"": ""147b1526b74d73cbb9e9461661ef4db7dd6cfe9e8899bbe92333ea6ab930a8d6""}",d626a40412b012f831c319e4e2b04d695e3f63e89986393fefff542ce5bd7623,1,0,1,0,1.0089983939146498,0.0,"{""0"": 7.625597484987032e-16, ""1"": 0.17103985262412386, ""2"": 0.07583471673339398, ""3"": 7.625597484987032e-16, ""4"": 0.2666566342149256, ""5"": 0.26725552250443435, ""6"": 0.04100274233500336, ""7"": 0.05606970965822296, ""8"": 0.013843888216653295, ""9"": 0.10829693371324108}","{""0"": 0.12500000000000036, ""1"": 0.21051992631206187, ""2"": 0.16291735836669696, ""3"": 0.12500000000000036, ""4"": 0.13332831710746276, ""5"": 0.13362776125221715, ""6"": 0.020501371167501677, ""7"": 0.028034854829111472, ""8"": 0.006921944108326646, ""9"": 0.054148466856620524}","[0, 1, 2, 3]",[],1,0,1,1,0.0,f5a85f7d2afbf58f4c04dbed372786c77105387027acf1a9fddf67ab16a326ad,f230702d81e606f9fa37a1a89bdae32271173f57d787a6f899bd852e72b3ff14,"[""proposal_created"", ""proposal_committed"", ""v1_challenge_sampled"", ""audit_rejected"", ""recovery_recomputed"", ""recovery_audited"", ""recovery_verified"", ""committed_once""]"
28,trust_v1,0,none,0,0,0,0,1,0,,76.94,0.0,0.1,14643318486623686233694484100055737713,54dbdcc956731cd77ebbe2fb81d3a7365142e337162ed5d45756894c633650a5,1,"{""0"": ""f26377bbeb4b5e312d6bb946945a72fea49883bc90c360af3b4daf886df4ef92"", ""1"": ""0221b5f66fe72eb99c616b72bd878ecf60e5631d603c1856d84fe3477b5f79bd"", ""2"": ""1e76ef4b46f714d463b14fefae091a703a008710a983b6971f9229135d0f32b5"", ""3"": ""3b3c331395f307a714e6064ea687056ee483d0bb9411045fb42039bc13669d2b"", ""4"": ""d0e2b1d2b8ecc46b54e2d73febfc9280fada82a2a0136358957205e8074b38e1"", ""5"": ""dbfd631603b958422765f8e781c125363f2037d6307c23b34a0501a999eff4bf"", ""6"": ""6b0457f29aa6c2e659ee4558ce168384c881a97bff6cbcec4d768bc94389c9bb"", ""7"": ""e3dd5e1dd0b123d55ce1aa714ca5386f5d76451d2cb140c1622a63d510fe7a11"", ""8"": ""ad0a808bfea53b8cfce2535139d4823f8373ee010760c0dfa5f03c7995ec5d92"", ""9"": ""b7fe2c62dd5763fa4a022b5f325cb442b79634d12346f713b099bb2bd7c83052""}",,0,0,0,0,0.0,0.0,"{""0"": 2.28767924549611e-16, ""1"": 0.051311955787237164, ""2"": 0.0227504150200182, ""3"": 2.28767924549611e-16, ""4"": 0.0879039200190069, ""5"": 0.18771566074344184, ""6"": 0.23971684524238587, ""7"": 0.1454310062604919, ""8"": 0.0052650942715604995, ""9"": 0.2599051026558572}","{""0"": 2.28767924549611e-16, ""1"": 0.051311955787237164, ""2"": 0.0227504150200182, ""3"": 2.28767924549611e-16, ""4"": 0.0879039200190069, ""5"": 0.18771566074344184, ""6"": 0.23971684524238587, ""7"": 0.1454310062604919, ""8"": 0.0052650942715604995, ""9"": 0.2599051026558572}",[],[],1,0,0,0,0.0,f230702d81e606f9fa37a1a89bdae32271173f57d787a6f899bd852e72b3ff14,97bd96bd26f03d61b7df264a1a7f36b77827ced4bc9c0fe456ce2181d58a524a,"[""proposal_created"", ""proposal_committed"", ""v1_challenge_sampled"", ""audit_accepted"", ""committed_once""]"
29,trust_v1,1,A2,0,0,0,0,1,0,,51.18,0.09198112841974128,0.1,231405523800290534580807359134664652057,bf41098e7648e607c4b75a286c1fe04779398cb15302b75cdf21d1784fff1c8c,1,"{""0"": ""26d935b619e49260718837223e71814fbd3c50a2cb8275ba347c5fc5edfc9f4a"", ""1"": ""51f1eefd01ecfb4c7f7dc9b9e6dacdd976f2d7ce50c5f16649599e801ae7c714"", ""2"": ""485ab8407163cf961ebeb1e9d4f59749b38865d6b1356cb390b534059dcb1bf8"", ""3"": ""f2e94c71ea3afb06e58f9aaffa7bfbfaaa62a1ef2910a27957204a86080ac2b8"", ""4"": ""01a8f17f705dfef1176864cc233fd50331d76c9c2bda7d9aa2cf097782e38535"", ""5"": ""c7372b391efb2b3089ccae50b850023d42b7f7fb2d455f02abec19cce6e16928"", ""6"": ""3d8e1e507c7bb6c25f750177471a5b95eaa49b28d9098017cbad5ace994a76bb"", ""7"": ""ff15f5f2bc85ac1ca5952ef08b856890371a823ec2ff1c34db54638b0f7a8d0e"", ""8"": ""c895f220e3944342f58c9236e4903853966b6eade217287e35bb43d3f0578bf8"", ""9"": ""3c617d5b233d5767b16319455bd2fc9b47681dbf21b06d001597d7abe892a347""}",,0,0,0,0,2.3186972007671782,2.3186972007671782,"{""0"": 6.863037736488331e-17, ""1"": 0.01720143429433534, ""2"": 0.006825124506005461, ""3"": 6.863037736488331e-17, ""4"": 0.1423326822611805, ""5"": 0.06829496685273284, ""6"": 0.07191505357271577, ""7"": 0.2775348420750813, ""8"": 0.1875104992434435, ""9"": 0.22838539719450515}","{""0"": 0.12500000000000003, ""1"": 0.13360071714716767, ""2"": 0.12841256225300274, ""3"": 0.12500000000000003, ""4"": 0.07116634113059025, ""5"": 0.03414748342636642, ""6"": 0.035957526786357885, ""7"": 0.13876742103754064, ""8"": 0.09375524962172176, ""9"": 0.11419269859725258}","[0, 1, 2, 3]",[],1,0,0,0,0.0,97bd96bd26f03d61b7df264a1a7f36b77827ced4bc9c0fe456ce2181d58a524a,06f55e9a8154b7cfacfe8a3f0ccc5c0aa27cea8088ed788445759c472446f821,"[""proposal_created"", ""proposal_committed"", ""v1_challenge_sampled"", ""audit_accepted"", ""committed_once""]"
30,trust_v1,0,none,0,0,0,0,1,0,,79.65,0.0,0.1,208192308125149983650525974047974541410,44e38e0fb76bdcad59e107e849a6439d30c84d359cdba1727f594f18610bafba,1,"{""0"": ""a296286640190c0af2410ea804d44f1351b1f817a10580a637da8241e4ede7ae"", ""1"": ""434eeb3e4f162928dc83ce281595603593a007ac6c8a224b566eec162caac873"", ""2"": ""48e3c3f4f4e1c3e1af41a9be743225d744d0829d0d2637e0e90246300e155645"", ""3"": ""2dabba9f6b572cb8e6b9a50c3f7b05a1b70a9ed654a936820ce729449e5f47c6"", ""4"": ""b4f34e5f0d2197b20d58b5609dabb4e8555440fb35de33b64c80372f43bdfc85"", ""5"": ""57fbdf916763dcd187212c451b4065652b3f0172cb62336d488daf22d40088d0"", ""6"": ""41e513f248554cbb6f35a6c6c16ac0cd890292a2f133ce9310ecdca3eb242936"", ""7"": ""e0180f9a023223901917db6a88bfd75319a41a912853a6a9a57e911da93d4f3b"", ""8"": ""0aecf605208a0dd9a9ea9b7cec24ad52dfa86028de82ca37b54f3da35a7367a2"", ""9"": ""9ff5c3b6fc08d35e1f17f4a3077e4102ae352e0483445ea59c44fcd666be48a3""}",,0,0,0,0,0.0,0.0,"{""0"": 2.0589113209464997e-17, ""1"": 0.005160430288300603, ""2"": 0.0020475373518016385, ""3"": 2.0589113209464997e-17, ""4"": 0.18918043418192015, ""5"": 0.16696911955938584, ""6"": 0.16805514557538073, ""7"": 0.18925458323323452, ""8"": 0.06433650114805894, ""9"": 0.21499624866191755}","{""0"": 2.0589113209464997e-17, ""1"": 0.005160430288300603, ""2"": 0.0020475373518016385, ""3"": 2.0589113209464997e-17, ""4"": 0.18918043418192015, ""5"": 0.16696911955938584, ""6"": 0.16805514557538073, ""7"": 0.18925458323323452, ""8"": 0.06433650114805894, ""9"": 0.21499624866191755}",[],[],1,0,0,0,0.0,06f55e9a8154b7cfacfe8a3f0ccc5c0aa27cea8088ed788445759c472446f821,e727d679fb8a02545caea9ac08f13907c3b172f62c19dd55d5c7e3288cdd4811,"[""proposal_created"", ""proposal_committed"", ""v1_challenge_sampled"", ""audit_accepted"", ""committed_once""]"
31,trust_v1,1,A2,0,1,0,0,0,1,V1,36.29,1.356025803308763,0.1,149255978324833102976306948969214186812,1f62e249da3c7b7d61d7327403b42c4e24946f97efd99b482a422466f422b4ec,1,"{""0"": ""36652f91f8a6fffc13f24267d4f3027330ad5a01d1a0ebfa4cf1b88c36cd526f"", ""1"": ""a9f183c42289574faccc9c8863535d7c2598a092532630eedfb736a1d6e51055"", ""2"": ""ea22f2182ccd5dc72b071f13890fe08ad8b64656197720719ce06dc7458bfb93"", ""3"": ""3f915d21554d9a85e222217554f81a32544ee28cd9abc0e7105e2cd9f94e8e07"", ""4"": ""b013336950c23c99d31ae45ab9dbb1b9680c633a50c4ea1642bd86dbfc163140"", ""5"": ""c25104b26050692ad1ae6b453a99ac959fedfbc57eff7746afb4b1cfd414d129"", ""6"": ""ff27818ed5d0d7ea4b5daff7b640fda5583d371c0c174f44fa80b43e554cd371"", ""7"": ""9465d9531f516f79ced3077d3cfd63056491e9db94782369834c9566aa3c1b93"", ""8"": ""d9af28dc0dd914ccddcbcb80369ccbca1490c81792c698f2bfd6ce6d438bba38"", ""9"": ""1ab78eb933e84cb10e5a728439a10fc848a759d51e76f1910e809abb38a9c599""}",796506e16e25a81488bdc92e5c388b4cbe50b16ed8605e620a7822b6feef1a1c,1,0,1,0,1.3474843272350858,0.0,"{""0"": 6.1767339628395e-18, ""1"": 0.001548129086490181, ""2"": 0.35061426120554046, ""3"": 6.1767339628395e-18, ""4"": 0.056754130254576055, ""5"": 0.05009073586781576, ""6"": 0.4004165436726142, ""7"": 0.056776374969970365, ""8"": 0.019300950344417686, ""9"": 0.06449887459857527}","{""0"": 0.13162149999013634, ""1"": 0.1324365682803051, ""2"": 0.2632429999802727, ""3"": 0.13162149999013634, ""4"": 0.029880255018971513, ""5"": 0.026372071162126535, ""6"": 0.21081370439622166, ""7"": 0.029891966550199725, ""8"": 0.010161680142269577, ""9"": 0.03395775448936072}","[0, 1, 2, 3]",[],1,0,1,1,0.0,e727d679fb8a02545caea9ac08f13907c3b172f62c19dd55d5c7e3288cdd4811,517022b15cacea390cc8ae18e9dc2367f3b0e0f3ea283f1edb94ff391a310303,"[""proposal_created"", ""proposal_committed"", ""v1_challenge_sampled"", ""audit_rejected"", ""recovery_recomputed"", ""recovery_audited"", ""recovery_verified"", ""committed_once""]"
32,trust_v1,0,none,0,0,0,0,1,0,,70.69,0.0,0.1,88825605193323839658610988045860086896,b28a8d8d43c3bf3a73d292a1cf796c0d232cb3d7cea621fd0e3ee02fa3e53475,1,"{""0"": ""789b9717c013c014e9b06403901ea0ca55cdc250e1acaa3ce3cd29cfdb59af63"", ""1"": ""7cc29a2c4200fbeeff08f016db5920c1c5788401f1199bfd78c3f22a3bfe0083"", ""2"": ""61f67af0a1f485fee1f7e2df0382e8f7d3a48e77072a0391b577b842928b1eed"", ""3"": ""174110939375d14dc6748d1620356592fce48d44edc9e5ff0c4f52bdd0d3a19f"", ""4"": ""5e447fc6350c6536a30828e77af2867bd5c566e7e1c90db04593e87957554cfc"", ""5"": ""f29c8fd87285ca693f1d397e3f4c2c08061d0d0eb51caf8c1558078470ddcf16"", ""6"": ""6db2893933f9e4a1269c5c2ecefe127c754dfb9ea97f1e842936b53f0848bfaa"", ""7"": ""bb68f58202f00084d8c2b3c6a85135120b789787ed686a786dc7ebea6798943b"", ""8"": ""a3d9c600674e7d1f95bd9bf0fb92f0897482da553d21e7f5cc0d7572dc480514"", ""9"": ""2c8aa0bf4b2280c2306b90b196b9a96cf292f74b309473303230c752881300d5""}",,0,0,0,0,0.0,0.0,"{""0"": 1.853020188851851e-18, ""1"": 0.04015233602745476, ""2"": 0.23554159774366137, ""3"": 1.853020188851851e-18, ""4"": 0.16311018856516177, ""5"": 0.16111117024913368, ""6"": 0.14461371750744442, ""7"": 0.16311686197978006, ""8"": 0.0645422256204482, ""9"": 0.027811902306915787}","{""0"": 1.853020188851851e-18, ""1"": 0.04015233602745476, ""2"": 0.23554159774366137, ""3"": 1.853020188851851e-18, ""4"": 0.16311018856516177, ""5"": 0.16111117024913368, ""6"": 0.14461371750744442, ""7"": 0.16311686197978006, ""8"": 0.0645422256204482, ""9"": 0.027811902306915787}",[],[],1,0,0,0,0.0,517022b15cacea390cc8ae18e9dc2367f3b0e0f3ea283f1edb94ff391a310303,7d8d73d01764424786152f745444c0026337d9ee64de81bc984479d6feac26ac,"[""proposal_created"", ""proposal_committed"", ""v1_challenge_sampled"", ""audit_accepted"", ""committed_once""]"
33,trust_v1,0,none,0,0,0,0,1,0,,69.53,0.0,0.1,116053098883883040616635376771812629627,affc0a5d67f7b4619a305eb2ad7d7532cf121ed69f07f4186c8809c0d86758a5,1,"{""0"": ""a2dc72443d4116a0d1bbf0f9d1bed334261c1a29b8b56f07dbfd9acb2ad65f38"", ""1"": ""815a93e07a82ab35c20b4b097d24837b95e8b80f89dba71da478dde56a3612b4"", ""2"": ""9254c69878a82218742aa5d552b26c45d5700a24c8813f84736ef6229bd5f078"", ""3"": ""99ce60ac205842b762fc8c18cb0ec12c9828d2c7e6f74ccf2dd327a5dff6e832"", ""4"": ""f3474d95cf2a9da2e976a9078d056a4dc47c9fdfab0ac20f26e7e8a20f615496"", ""5"": ""fb0012e4343219a93e89a162fab7846ec07886e4631a68daee6ea7b8e41497ea"", ""6"": ""30cb54f4abe9831982476ce8ba8a87516b4b3dc64bd57e9896f26fb352c17ca3"", ""7"": ""79f1942e3879815625afecbece756dd67427e6eef5db4549a83999bc6584c4a4"", ""8"": ""2afc29bb587b04e7cd14901c45bcc09724458b5edc994c74595b2dd076c0d30e"", ""9"": ""057e86871d7d5b1af70eee3a7a7151397b9ee45eacbb824519aaf32e132c45b7""}",,0,0,0,0,0.0,0.0,"{""0"": 5.559060566555554e-19, ""1"": 0.012045700808236429, ""2"": 0.07066247932309842, ""3"": 5.559060566555554e-19, ""4"": 0.05340264356720558, ""5"": 0.08807010731109312, ""6"": 0.08483167654288734, ""7"": 0.35518606700134264, ""8"": 0.02120674634665317, ""9"": 0.31459457909948335}","{""0"": 5.559060566555554e-19, ""1"": 0.012045700808236429, ""2"": 0.07066247932309842, ""3"": 5.559060566555554e-19, ""4"": 0.05340264356720558, ""5"": 0.08807010731109312, ""6"": 0.08483167654288734, ""7"": 0.35518606700134264, ""8"": 0.02120674634665317, ""9"": 0.31459457909948335}",[],[],1,0,0,0,0.0,7d8d73d01764424786152f745444c0026337d9ee64de81bc984479d6feac26ac,ea928eee1a4fc44f25d29f455728aa13bd5d789b156c91becce7110c95fda7a5,"[""proposal_created"", ""proposal_committed"", ""v1_challenge_sampled"", ""audit_accepted"", ""committed_once""]"
34,trust_v1,1,A2,0,0,0,0,1,0,,53.12,0.05625945989404687,0.1,76637183789115995914705965171222855877,f10de0007704eb1027eb4cf4b2e564bb24131afb1b75a4520c3607e43b6262b9,1,"{""0"": ""8acb12a2b2eb3ea9490ba70e7cd07ea6c524a6da6549ea112b5909dac2d8342f"", ""1"": ""41bde84faa7bb3af584a57ecb1fae7a0b4d9f9cc0d1a8f31f2395555270d23cf"", ""2"": ""11fe1e4f11411b5f5bcda776c514e96f67f88d04666ca7f7b6fc04f4c8060299"", ""3"": ""011fd58de54af0f83427c6e2e0cd7f6965be3da94e441c561c0fda4b28128859"", ""4"": ""b8a88603e925570b01927b4991c50e8716a06d6e89447722b3a0f12d2e96b12b"", ""5"": ""a3bb5b5e69d6cb93fc5351e9d5508c84ac0aa19f601046251ad1ba9d52211615"", ""6"": ""6e2823f2882bbc514d65ae3e5a01be77786ea30b34d82a6a232eddf8c6a699e0"", ""7"": ""ff2906007cf18de4e383c73238862acc4d54874b87825eeaba1e0f830c9607cb"", ""8"": ""d083a2b7880f69d7bb43e263fedf9cb3e255ae8416dcfdff5929dfe0642fb2ba"", ""9"": ""d45e46e24715d33255689a00a1b8dd6465a8bb3847034c789724122613a0b3b7""}",,0,0,0,0,1.8617671426262712,1.8617671426262712,"{""0"": 1.6677181699666664e-19, ""1"": 0.003613710242470929, ""2"": 0.021198743796929532, ""3"": 1.6677181699666664e-19, ""4"": 0.2379467184304967, ""5"": 0.24834695755366296, ""6"": 0.03636663735441945, ""7"": 0.28331196992520563, ""8"": 0.07017247005920253, ""9"": 0.09904279263761226}","{""0"": 0.125, ""1"": 0.12680685512123546, ""2"": 0.13559937189846477, ""3"": 0.125, ""4"": 0.11897335921524835, ""5"": 0.12417347877683148, ""6"": 0.018183318677209726, ""7"": 0.14165598496260282, ""8"": 0.035086235029601266, ""9"": 0.04952139631880613}","[0, 1, 2, 3]",[],1,0,0,0,0.0,ea928eee1a4fc44f25d29f455728aa13bd5d789b156c91becce7110c95fda7a5,f2a46c2f312cc68a209ddc3cb984f00b03787bd655d6dab8ad8a0efda2e44b7c,"[""proposal_created"", ""proposal_committed"", ""v1_challenge_sampled"", ""audit_accepted"", ""committed_once""]"
35,trust_v1,0,none,0,0,0,0,1,0,,80.33,0.0,0.1,77808106563347306966078687820720462529,7dafbda1a676aaca235f444c3c1a82b1d4f6975b42ee6212432722b0eaf664af,1,"{""0"": ""ea7c055d21948216bb14cdc45c62fff7e3bb3da7ac292c3e21b88bc154c9c0ba"", ""1"": ""bf1ac9cebfb276b8fac8c94de0a5736fb002ff1989f397859ee2b8a3bfd768cc"", ""2"": ""d61efa1be83bb2b2c20a35ab13623f8113ac320dac7ed9b8aad1e32d6e4c0468"", ""3"": ""2b81e4c3f8d7efb08f38eae8506fd730601dbe6a199cf8c6d66befaee2293e20"", ""4"": ""e50546b572c4e68306705a181c607084ecc1fe7b4c28dfeb3864329b2f2917e5"", ""5"": ""54a40ace8fc20bbe23d5d378415f27ffd6509ebf96e7558e1a21e5b2ac6923ca"", ""6"": ""2f1688e4f9b8ea5c3952fabd22ec996775644ac2d7d03d6ddb27218bbfd61c48"", ""7"": ""d02e492a357960f3440d028c7f0fda6494c6bf9e7647dc6e4cd12234adf6d359"", ""8"": ""8e1a8c5ddbdb72bd64c26db67c03bf3d179de485c676bfa1408ab0f82c48c582"", ""9"": ""98efdfac532ff57d31d4a200dd2040e2af4e0983bed5fe6a92ec98c54e3ea4ab""}",,0,0,0,0,0.0,0.0,"{""0"": 5.0031545099e-20, ""1"": 0.001084113072741279, ""2"": 0.00635962313907886, ""3"": 5.0031545099e-20, ""4"": 0.13388023916676062, ""5"": 0.19686392013450368, ""6"": 0.18027108447761983, ""7"": 0.2543546842488557, ""8"": 0.028112404697862296, ""9"": 0.1990739310625777}","{""0"": 5.0031545099e-20, ""1"": 0.001084113072741279, ""2"": 0.00635962313907886, ""3"": 5.0031545099e-20, ""4"": 0.13388023916676062, ""5"": 0.19686392013450368, ""6"": 0.18027108447761983, ""7"": 0.2543546842488557, ""8"": 0.028112404697862296, ""9"": 0.1990739310625777}",[],[],1,0,0,0,0.0,f2a46c2f312cc68a209ddc3cb984f00b03787bd655d6dab8ad8a0efda2e44b7c,f319db73d1ed14248de9bb1304c1c07ebbf8b68a5da2f27986ea8d382d78e75f,"[""proposal_created"", ""proposal_committed"", ""v1_challenge_sampled"", ""audit_accepted"", ""committed_once""]"
36,trust_v1,1,A2,0,1,0,0,0,1,V1,62.62,1.9235269363461975,0.1,313756073756776814191084553957504143093,6745985706ea5cb9e0daca03235d9f7678bd61f38701f13c17577f91d50bc0b3,1,"{""0"": ""d1d679b2943e7b3817d3b676702dbd4018a29e73cf7eedd41d44f37fb6937e93"", ""1"": ""268d7235d2736d71b26f4881acdfd49fc52f6a5767472540b7397f23ae85ca4b"", ""2"": ""4698e863371bdab3239c42d6a09295fa7dba6c9a59975afb2d81743a5b2da4b2"", ""3"": ""4efe7145a8b7f6f2a3aa00f7a35b989a82b98a6497b529665e9c063a8f475132"", ""4"": ""a9d23c4aca32790bb32049c34a78c0dbfda9b2f4c20f30395aa020a35e746e18"", ""5"": ""60e8c3e2031c3b724eeab6971b80e9adfa239e3d1976e64883a669e0129396c8"", ""6"": ""82964b1559fcac821f7fae89e0e7a3dc29159a692d3b750d78ef3ea9b44a8e11"", ""7"": ""b6a912204889955738d8c01bb6d536c01b14cff6f828de5664f852642bed7e8e"", ""8"": ""a902a85f2dca9421139b73de065726f1e1f64b7be7e5b5a23da3b624cf78667b"", ""9"": ""6179c465011fbf87dff2c3f760fcb91369cc0dfe99748648bbfc0f3bf6846058""}",6a49b94f1572ed436c574ebfce4db6783146311f51bb5788b66a2a87b175559d,1,0,1,0,1.5870035094787986,0.0,"{""0"": 1.5009463529700003e-20, ""1"": 0.00032523392182238375, ""2"": 0.235241220275057, ""3"": 1.5009463529700003e-20, ""4"": 0.04016407175002819, ""5"": 0.059059176040351116, ""6"": 0.054081325343285955, ""7"": 0.30963973860799004, ""8"": 0.008433721409358691, ""9"": 0.29305551265210666}","{""0"": 0.125, ""1"": 0.1251626169609112, ""2"": 0.2426206101375285, ""3"": 0.125, ""4"": 0.020082035875014094, ""5"": 0.029529588020175558, ""6"": 0.027040662671642977, ""7"": 0.15481986930399502, ""8"": 0.0042168607046793455, ""9"": 0.14652775632605333}","[0, 1, 2, 3]",[],1,0,1,1,0.0,f319db73d1ed14248de9bb1304c1c07ebbf8b68a5da2f27986ea8d382d78e75f,3d9cfff740f819b47a94401705398503bce0059d6bf2852ee4ef69ad3982217b,"[""proposal_created"", ""proposal_committed"", ""v1_challenge_sampled"", ""audit_rejected"", ""recovery_recomputed"", ""recovery_audited"", ""recovery_verified"", ""committed_once""]"
37,trust_v1,1,A2,0,1,0,0,0,1,V1,81.65,0.9723741576203987,0.1,187981587941116615580476045666817568718,1e7d57c2bf064a720399a11657b59573f350b882ac2ee44bc4c9263010cb159b,1,"{""0"": ""8d3d29d0b99fa5b0980acae056905cbd6260cda463b01406ed2c2d144334a741"", ""1"": ""910fdb87b37a420c30160c62d1369cfe9756dff5445299e77e59673c6cf87d09"", ""2"": ""363ed418524a9bc91120c13577fe4bae066fa3e3e1e007d00110d9b728601a38"", ""3"": ""9e9660432d71921d57f936acdacd9f8c0bc011d1d85ff0a171b78e95a3a5251c"", ""4"": ""afb2da83c3854d89f06a3974aa1fc2d5a9b4f10fb8d23b6ef9f4b2224bc2ea63"", ""5"": ""f59a84e1f03f6ce47b8514e5d728917df00fc62621f503a9ec9267ebaccdfb11"", ""6"": ""9ba28bc2583f4222864f08364ebc6072533d245b9e68d4cc73b56de848239c0e"", ""7"": ""8bcd87116da584c1cfaf329964d4b546df3973a62c399c6d78c9c33ebae77246"", ""8"": ""c0188075d19c4cd19a1601f14a8930d3d5aed430a5a4c8427cf04f7a22485795"", ""9"": ""3b02cca3df1805004807b789323f637b0dbee1bcfb6da5e9dcad62b90f8619c9""}",6d4eff89ba8c4dae23cca2787f56b1648d2f679614199deb9bde687c43e7e1f9,1,0,1,0,1.83293559407376,0.0,"{""0"": 4.5028390589100015e-21, ""1"": 9.757017654671514e-05, ""2"": 0.07057236608251712, ""3"": 4.5028390589100015e-21, ""4"": 0.22248354645121882, ""5"": 0.2281520777383157, ""6"": 0.030942786968068445, ""7"": 0.2834224296648971, ""8"": 0.054182206278561754, ""9"": 0.11014701663987442}","{""0"": 0.125, ""1"": 0.12504878508827336, ""2"": 0.16028618304125855, ""3"": 0.125, ""4"": 0.11124177322560941, ""5"": 0.11407603886915785, ""6"": 0.015471393484034222, ""7"": 0.14171121483244856, ""8"": 0.027091103139280877, ""9"": 0.05507350831993721}","[0, 1, 2, 3]",[],1,0,1,1,0.0,3d9cfff740f819b47a94401705398503bce0059d6bf2852ee4ef69ad3982217b,cf9879c7ed493556538fe16a1b821b86dcc28487c786eb464d4b8e08f4b2266a,"[""proposal_created"", ""proposal_committed"", ""v1_challenge_sampled"", ""audit_rejected"", ""recovery_recomputed"", ""recovery_audited"", ""recovery_verified"", ""committed_once""]"
38,trust_v1,1,A2,0,1,0,0,0,1,V1,80.32,7.524546259577844,0.1,37088011338142909707357090038168232674,c42f6b4be38a2f443509f881f91b14532bdfadc2e556b3037ab105ab9e2c2a32,1,"{""0"": ""30acdf432ed6abfe014fe525117d00a8547b9ef0b78b00f42aa9c5483c6b74bb"", ""1"": ""73955be0a0961a23b7276f05d7a05e6cb02ea49358f4ac57799e73ce51aa2c04"", ""2"": ""1d9ae95b5bf180995c1104abb54eda6faa05bbf6bc0cb4ed36bf6223387085d2"", ""3"": ""097b19de8f524c8a6b3e6a956977a6b799434e0f38a637d063ae7d62b801e0fe"", ""4"": ""28509cc1833d4d5146590bb4c4ef35b395650e6a4fca49dbdb0abdee9fd27ed1"", ""5"": ""54ddb8be8944d71338cad9ff6119ae45d76a09f68e235d1948f723e49a0daf3d"", ""6"": ""fb87e552d165acc8f09f75bee6448985cb21919dfe99609f42a2d445df04dc6a"", ""7"": ""13e7c3ee727d937dcc0be43c9433d2e88914b36256a4433f568eeb919cb185b3"", ""8"": ""e30207c2d1e9f2e6764de3ee4997072d607288a362ea2eeb416a633fe76e092b"", ""9"": ""1312d112c6f1be36ff2976f6d708cd7b4dde7468897a70d38b8a12e212fd3155""}",f32e8ee40e9aedca8b72dc7d6858bb43d4cc1f4b2975e6f87bd6fc3b4c0e35d1,1,0,1,0,2.1972209568494665,0.0,"{""0"": 1.3508517176730007e-21, ""1"": 2.9271052964014547e-05, ""2"": 0.02117170982475514, ""3"": 1.3508517176730007e-21, ""4"": 0.06674506393536565, ""5"": 0.06844562332149472, ""6"": 0.33093535631954835, ""7"": 0.13726969803653893, ""8"": 0.02070665228824304, ""9"": 0.35469662522109013}","{""0"": 0.125, ""1"": 0.125014635526482, ""2"": 0.13558585491237757, ""3"": 0.125, ""4"": 0.03337253196768283, ""5"": 0.03422281166074736, ""6"": 0.16546767815977417, ""7"": 0.06863484901826947, ""8"": 0.01035332614412152, ""9"": 0.17734831261054507}","[0, 1, 2, 3]",[],1,0,1,1,0.0,cf9879c7ed493556538fe16a1b821b86dcc28487c786eb464d4b8e08f4b2266a,f5c4180f37bf10ac7d918e3be0f4f93c51d06573b7f2a0abb15fbc561d266fe9,"[""proposal_created"", ""proposal_committed"", ""v1_challenge_sampled"", ""audit_rejected"", ""recovery_recomputed"", ""recovery_audited"", ""recovery_verified"", ""committed_once""]"
39,trust_v1,0,none,0,0,0,0,1,0,,78.65,0.0,0.1,167161607968711765814177523279838793145,5c90231e00a55937d85e598c7172b158f11ef4dbf97411395769044fd7886f2d,1,"{""0"": ""3b13c53609a743e089be3eb9f8d96ba8104e4f7153a8709b86ad75ee8c1259b2"", ""1"": ""b8e4750ddf0078f7f4f384cfc261f37629e0b004f1ed3ee39df632f87d722560"", ""2"": ""8cd68eb3a53253120a6f3e1a78aeed9ef84e9d8015f437df9a3ec90d8cf00bb2"", ""3"": ""54e19a418c970e19127b3b0d76de270ebe9c87b6f3e26346e58181e2808f8198"", ""4"": ""22729b1d694c49898d53cb5ecf016b23f0a2e60b965ce52480f386c7b3cf1af0"", ""5"": ""1ded81238c17dbf9e985c71c803c161bae8c09eb35a17ef16814fd811dd3b671"", ""6"": ""143cf9eb46c87f88d8cce5686847196d5f24b59a35ff0bb75ab141cf39587f60"", ""7"": ""07e9f996a065c0f0ac82fcc97cb8d573e07ec81e2df1ef84bb22a19abbf0fb25"", ""8"": ""cdffa200ca99674f88e2c504e8d982d6e1d239d54b2f0a0d8c1fcce8934b94a1"", ""9"": ""534b067848b0ec3ce67436a9a6c38ea2687c2d029479ccd68d08899f11bb7cbd""}",,0,0,0,0,0.0,0.0,"{""0"": 4.0525551530190026e-22, ""1"": 8.781315889204366e-06, ""2"": 0.006351512947426543, ""3"": 4.0525551530190026e-22, ""4"": 0.09534895784131124, ""5"": 0.03801608909404199, ""6"": 0.09928060689586451, ""7"": 0.5176559953930701, ""8"": 0.13597774468788767, ""9"": 0.10736031182450873}","{""0"": 4.0525551530190026e-22, ""1"": 8.781315889204366e-06, ""2"": 0.006351512947426543, ""3"": 4.0525551530190026e-22, ""4"": 0.09534895784131124, ""5"": 0.03801608909404199, ""6"": 0.09928060689586451, ""7"": 0.5176559953930701, ""8"": 0.13597774468788767, ""9"": 0.10736031182450873}",[],[],1,0,0,0,0.0,f5c4180f37bf10ac7d918e3be0f4f93c51d06573b7f2a0abb15fbc561d266fe9,cd34c342031d6b9cb70a23c089ad7e9af4434d92a41156a6a8b04d798cc9e1c1,"[""proposal_created"", ""proposal_committed"", ""v1_challenge_sampled"", ""audit_accepted"", ""committed_once""]"
40,trust_v1,1,A1,1,0,0,0,0,1,V1,78.08,0.0,0.1,24668278038049546792653738264289591004,b4954a900c481509e1ecf1ae1168ec392f9e0e720764c8e4930f1d63b630b2fe,1,"{""0"": ""535f1edbd3c62e2e4249bc6fba0bf97020dd3ac02a2cdb43c0b3c1b24b05a389"", ""1"": ""97041f359f88ef21c28b72e43718f02dd31493fafed304f6965ac2f967897ce8"", ""2"": ""0c73e12bce877494c43696570d50f722a08aaddd81d72458ddd9d0ad7397835b"", ""3"": ""08b0e6e8a666c0eb82f2d3af8bf2816d695532adae0ab07322ddaa2abe6fb8fd"", ""4"": ""03232db6f82b20f372ba0e24792460a199bb36c62c95bc2a854fe25799a87564"", ""5"": ""613536b27b9f5c8680c58309864d7cc69ab1af5dd132348d26021a094abf8ef0"", ""6"": ""9f45289217976258cdf44280be48971086c62539179970f31b6cd2112459475a"", ""7"": ""1dded6203914d7a7ea45373b5e0a0daffb6ba411b6d9c8465dddc2a003651d91"", ""8"": ""ebc05adae40c5e7157a780031bc6a11f52fac0df243506426846229bc9abed2b"", ""9"": ""8db6bdac687cf91d7b2d577531a66edfb3f10cafd77ad07fb19df4e8129722c7""}",042bcb24fd131f236f3d5f0858301f23b2b5e697f917673bf8c24f26ece5d8c4,1,0,1,0,2.9551371242027633,0.0,"{""0"": 0.75, ""1"": 0.75, ""2"": 0.75, ""3"": 0.75, ""4"": 0.048549445743508064, ""5"": 0.03432108881995981, ""6"": 0.6521289074510669, ""7"": 0.15529679861792106, ""8"": 0.040793323406366315, ""9"": 0.05459266170973325}","{""0"": 0.1881735566259655, ""1"": 0.1881735566259655, ""2"": 0.1881735566259655, ""3"": 0.1881735566259655, ""4"": 0.012180962503700338, ""5"": 0.008611095134036665, ""6"": 0.16361788785822978, ""7"": 0.03896366790474737, ""8"": 0.010234966335958927, ""9"": 0.01369719375946489}","[0, 1, 2, 3]",[],1,0,1,1,0.0,cd34c342031d6b9cb70a23c089ad7e9af4434d92a41156a6a8b04d798cc9e1c1,b1e3c0afc5d9389b55b6e54d20080e55d9d7f838d1590fecfccce8dffb25536f,"[""proposal_created"", ""proposal_committed"", ""v1_challenge_sampled"", ""audit_rejected"", ""recovery_recomputed"", ""recovery_audited"", ""recovery_verified"", ""committed_once""]"
41,trust_v1,1,A2,0,1,0,0,0,1,V1,81.87,2.631554462725322,0.1,273187029979712048053317911996674624215,acf171a88b69ea022592362ab95f4e8ad9fc6f87f19897ffd52c9e5d3fb21633,1,"{""0"": ""9a479a0a04a7d204143a30720913e49a10bf8766bd3c95a9177a5158b6e864ab"", ""1"": ""b249ba7ab3b067cbf836414a987be64e0441c52d8e535b898fa266ddfe03a174"", ""2"": ""00da2f3317086acd77679d1773fcd2ce8a9edc23bee92d4601cac73358257d02"", ""3"": ""fcb5f4f57bc8c532aacd3e4f0528547c06bcedf2d9313d2dc27b433185d23486"", ""4"": ""dc0e9982fcfa151269d5a07ec7c5228a880c29b87201905acbbb6773c27bb69d"", ""5"": ""555b314e7438569ee3881f5780c0a36f87533b577b4f323c700eb09c7cd619a1"", ""6"": ""96952b0679d43b543bbc23df5705a822a6ca1143f81f00705164d149cff20cb9"", ""7"": ""b61317cd0175d47d694bc9cd008f40e3d79e294889e080f8efdd56dbd187856b"", ""8"": ""e8eee2882b3a2311363c16dc5af8b5cc64283659d4776134adfc357e4fe87f2b"", ""9"": ""c1a9467b72020a2469bad59651fe609450145b005052225c55fcd9add3571bc5""}",b00e1e501355ed8ee36ad5beceb0dfffa10df93ee74232c18b9ac3350a8a3f62,1,0,1,0,2.686385861937361,0.0,"{""0"": 3.6472996377171037e-23, ""1"": 0.0063360967792248125, ""2"": 0.0005716361652683891, ""3"": 3.6472996377171037e-23, ""4"": 0.23417179167908558, ""5"": 0.022447546223807638, ""6"": 0.19563867223532008, ""7"": 0.2661959975414095, ""8"": 0.23184495497794305, ""9"": 0.04279330439794096}","{""0"": 0.12500000000000003, ""1"": 0.12816804838961243, ""2"": 0.12528581808263423, ""3"": 0.12500000000000003, ""4"": 0.1170858958395428, ""5"": 0.01122377311190382, ""6"": 0.09781933611766006, ""7"": 0.13309799877070477, ""8"": 0.11592247748897154, ""9"": 0.021396652198970485}","[0, 1, 2, 3]",[],1,0,1,1,0.0,b1e3c0afc5d9389b55b6e54d20080e55d9d7f838d1590fecfccce8dffb25536f,c997a62394bdd14ccc4f4689b1ff2a2e92f94162946719b4204bf2522192b3d6,"[""proposal_created"", ""proposal_committed"", ""v1_challenge_sampled"", ""audit_rejected"", ""recovery_recomputed"", ""recovery_audited"", ""recovery_verified"", ""committed_once""]"
42,trust_v1,1,A1,1,0,0,0,0,1,V1,80.99,0.0,0.1,176030852018726174776788898935144433281,fc57bf3796328b5fd90cad02ac8856ea040e6829c37db1c5b87dc32fa3cde75f,1,"{""0"": ""bfc59266c949f6cc83b425fa75a7353bea170409bbac90be9c728619f51cd67d"", ""1"": ""08bdd41b34abf5b4163e8afa4d3bde6fef9643f55f0c143b6cb365958b4bf037"", ""2"": ""dda00c92ed769262622ee38212ce26debaeb7c0d838446afa55d9bd429048a3e"", ""3"": ""7db717d410b5b090a505af4e1d497e0c78ec3844663c1dfd29bb457a45961b2c"", ""4"": ""ede883ad6e3de977f9ed341bf97455b3657df580713bde4d78dfcbabe2ec3d2c"", ""5"": ""62b4ada74e7c481dda8372b94f635bb182cda38cd85ef74ac594a099094c6d2b"", ""6"": ""be1db67ff3f9f26e82dde6662f91ab10f11c3e206e0156955d6c34891d9cd16b"", ""7"": ""a266f54e5df1cbad11a409f0569dcf25825c562e27f9f969cf424d975978dd00"", ""8"": ""e3ac99a3d085cbd5fd33b5cd1576538d35788a71e8a3d717d3910b3343259989"", ""9"": ""1688e343b1f36e9f4e59d7534fca61017596c67be0e7694b52d571157389c4e8""}",131c6ac0310338a6e33efca99e1c2384b5d0a52ecac206e3a7c958e2f0eae7f9,1,0,1,0,4.207080834798609,0.0,"{""0"": 0.75, ""1"": 0.75, ""2"": 0.75, ""3"": 0.75, ""4"": 0.30358487083705904, ""5"": 0.006734263867142293, ""6"": 0.05869160167059603, ""7"": 0.3131921325957562, ""8"": 0.06955348649338293, ""9"": 0.24617132465271563}","{""0"": 0.18759719034690403, ""1"": 0.18759719034690403, ""2"": 0.18759719034690403, ""3"": 0.18759719034690403, ""4"": 0.07593555840114671, ""5"": 0.0016844386407074276, ""6"": 0.014680506093817965, ""7"": 0.07833861881829184, ""8"": 0.017397384859986632, ""9"": 0.061574731798433334}","[0, 1, 2, 3]",[],1,0,1,1,0.0,c997a62394bdd14ccc4f4689b1ff2a2e92f94162946719b4204bf2522192b3d6,5ad35962017e47deaa73a98e356ba030c50f91641bcc2833f9a02acca9378c18,"[""proposal_created"", ""proposal_committed"", ""v1_challenge_sampled"", ""audit_rejected"", ""recovery_recomputed"", ""recovery_audited"", ""recovery_verified"", ""committed_once""]"
43,trust_v1,0,none,0,0,0,0,1,0,,79.39,0.0,0.1,25583218022929256776882247267037165010,356c2a583dc03f9a43a9449fec4a77c0830db4c6aefab67d117b155fce884c66,1,"{""0"": ""a2bf5d12833d27d6cc57bfe4a36fb9803bba74b1402b7d1b6a7f5a31ba45114d"", ""1"": ""81d7c9e03743ac7451074554186442f46bf859aa8e81eae466c0b8c3fb3cb66a"", ""2"": ""b3c73f0a9c39df2a7f3defc7231de9a087ad22fd80d002c3f98c47f0c31ebd3c"", ""3"": ""96d4b20dfe98c0fe4c416e388d84d444da8fd8fc4e91f8e2c7e56972ea4d30b3"", ""4"": ""27d3fa3ae7afb0c68f85a276f8fe7bc21144879260dd7a31419a4d332858b7d2"", ""5"": ""5adb076a303b454268fe72d96625e8d016eae4d2a5f380ae00332f96a3a37988"", ""6"": ""85c41b8033be728779014931f906a4db1263c0a5f5a0901de42ec0c190db22d1"", ""7"": ""580d8d7120d3b8acd18f581c21d6aca1dd4ce20d32f3031b2fec2677c83b8c4b"", ""8"": ""745b7c2bbc96ae488e91d609516800a361e3c71746a594785d035837b5407ec3"", ""9"": ""21059926d82d85d068dfb05db1b65952445b1cf3616620fa3ae450c1b3e83ada""}",,0,0,0,0,0.0,0.0,"{""0"": 3.282569673945394e-24, ""1"": 0.0005702487101302332, ""2"": 5.144725487415502e-05, ""3"": 3.282569673945394e-24, ""4"": 0.26323443670321023, ""5"": 0.2576942687146125, ""6"": 0.2732814700556486, ""7"": 0.09395763977872684, ""8"": 0.020866045948014878, ""9"": 0.0903444428347825}","{""0"": 3.282569673945394e-24, ""1"": 0.0005702487101302332, ""2"": 5.144725487415502e-05, ""3"": 3.282569673945394e-24, ""4"": 0.26323443670321023, ""5"": 0.2576942687146125, ""6"": 0.2732814700556486, ""7"": 0.09395763977872684, ""8"": 0.020866045948014878, ""9"": 0.0903444428347825}",[],[],1,0,0,0,0.0,5ad35962017e47deaa73a98e356ba030c50f91641bcc2833f9a02acca9378c18,01d789b5730fd016328a7664e6d2b7aa9e975ad2c75b49d9a1105ef0e1ae2c0f,"[""proposal_created"", ""proposal_committed"", ""v1_challenge_sampled"", ""audit_accepted"", ""committed_once""]"
44,trust_v1,0,none,0,0,0,0,1,0,,80.53,0.0,0.1,50705812096633594566524538406668272567,e02108508312d14813e9819700fdfbae775af30121a0945a3e2f219203cf4fee,1,"{""0"": ""ddf0dbd278cf9d57254de366e853806866840e6877e45240018209390778bc8d"", ""1"": ""b6d388125a8aa3e82eb657b16a39f7c548780ef52fbada5a2699cce336695564"", ""2"": ""ff2e0209a94f2c3990ecfac97964043a6b1c2f17d87045242e290698b45293cc"", ""3"": ""bcf6a5dff5677e7a89197dd77121fc25f20a2104a79ca73f5996b37e3e2cf7b3"", ""4"": ""c8fb4d5a4564ed490ae17432500efe976730111474d2dac8a5f78aa9914ccb2c"", ""5"": ""9ce85dcbc10e02b4b00360ad8a4684aebf59d77bb554f2c9d026669637b745b2"", ""6"": ""3684b0ea617d4fb6934c61286ce037a632e6a17002da17e3017eec45874713d2"", ""7"": ""42cfe60d3435a6cddb1b277e18414fb4a453567fa7b47276d7d163234b54d084"", ""8"": ""77c5fc44a3118d47d994ee6e4c1e777ba68658abd342dee04efa5f524bb6337c"", ""9"": ""18697bcbe5cfa1321fecacf2bfc00f985ad9666845e111b6a26f51f9213d7942""}",,0,0,0,0,0.0,0.0,"{""0"": 9.847709021836185e-25, ""1"": 0.00017107461303907004, ""2"": 1.5434176462246513e-05, ""3"": 9.847709021836185e-25, ""4"": 0.0789703310109631, ""5"": 0.07730828061438377, ""6"": 0.08786666487598895, ""7"": 0.3752461800039709, ""8"": 0.006259813784404465, ""9"": 0.3741622209207876}","{""0"": 9.847709021836185e-25, ""1"": 0.00017107461303907004, ""2"": 1.5434176462246513e-05, ""3"": 9.847709021836185e-25, ""4"": 0.0789703310109631, ""5"": 0.07730828061438377, ""6"": 0.08786666487598895, ""7"": 0.3752461800039709, ""8"": 0.006259813784404465, ""9"": 0.3741622209207876}",[],[],1,0,0,0,0.0,01d789b5730fd016328a7664e6d2b7aa9e975ad2c75b49d9a1105ef0e1ae2c0f,e582240ce81f04a01d13cae1d8fb7cb9079ced77e45708787a250ee8fb709d6c,"[""proposal_created"", ""proposal_committed"", ""v1_challenge_sampled"", ""audit_accepted"", ""committed_once""]"
45,trust_v1,1,A2,0,1,0,0,0,1,V1,74.3,1.776303516847738,0.1,316176404333207439150778849586888151230,9e093bcd4ccbbb282f0a4f50a281dedebce56aebd1353cba11f93204f9dc1ba1,1,"{""0"": ""7f5a6548269b4f251ee849366112f7664b1cad338de6fadd01576140937085bb"", ""1"": ""9572ccd09edc60c70be5852886ea05da7a354bc2e113732046691ff2bd16c390"", ""2"": ""266646bc32acf5a200c32bbae734caaffaf63c611543b1f04a9504254336e36c"", ""3"": ""e825d12c8cf1163f9f7a303e11220b4bbb553d1b3fd439116418fcf557bc2235"", ""4"": ""c8cd4daef8d07a7c1d102fa67266d64257101103968cdace1f3884868a9352fb"", ""5"": ""738195ec3029edbdb47de4efbcf28bf0d82df7e004e111383b3b389c0f00d98f"", ""6"": ""7e37edafcd7eb3ce0ff564ed596c97326a5581dc26cc639beaa135ca486765b6"", ""7"": ""62a65859a8e60d12bb623a56e21c03633428cc20a7d630f310fc484294e54b2a"", ""8"": ""aa155fbaf29b65b5499b871d312f8472848f53862e315ca4b6064828fa3f40fe"", ""9"": ""7f5cd74e427f3dbb50c0d0f3bf1ea0b1b660b27f920fb09da3d4d7898636ff4b""}",a8c0fbc59330cf52f29aebe70bc9125bae7fa130c2af7e2e9b97aafec78df8c4,1,0,1,0,1.5711040150121414,0.0,"{""0"": 2.954312706550856e-25, ""1"": 0.2213557143843829, ""2"": 0.0398189056401541, ""3"": 2.954312706550856e-25, ""4"": 0.03365857458948179, ""5"": 0.2444968761847863, ""6"": 0.20362543503651998, ""7"": 0.1429178837531172, ""8"": 0.00187794413532134, ""9"": 0.1122486662762363}","{""0"": 0.12500000000000003, ""1"": 0.23567785719219148, ""2"": 0.14490945282007708, ""3"": 0.12500000000000003, ""4"": 0.0168292872947409, ""5"": 0.12224843809239316, ""6"": 0.10181271751826, ""7"": 0.07145894187655862, ""8"": 0.0009389720676606701, ""9"": 0.056124333138118154}","[0, 1, 2, 3]",[],1,0,1,1,0.0,e582240ce81f04a01d13cae1d8fb7cb9079ced77e45708787a250ee8fb709d6c,801adeb9b6b08fc10eb60c8d6b70016425b6c17cd8b9a804ccaa2c9c96cebb4a,"[""proposal_created"", ""proposal_committed"", ""v1_challenge_sampled"", ""audit_rejected"", ""recovery_recomputed"", ""recovery_audited"", ""recovery_verified"", ""committed_once""]"
46,trust_v1,1,A2,0,1,0,0,0,1,V1,78.43,0.88231912834222,0.1,253772136444633775983156896878625189033,3863012227c91c7971a65737453e311c485cd3625491178c4ec4c04e37c5b44a,1,"{""0"": ""8b471a7be8302d193cf3d3c80c2c88e2d6b1ec1616092133a6ac7d5412553b86"", ""1"": ""eac0cf7456f256c085e11516820c242d111dffc84efb265c7053d7ff5636dc69"", ""2"": ""6142e2af65abb9b6ddd522f64b4cd93e6d74d3995d2ecaddc80064f75e5fcae3"", ""3"": ""43825e0afbafe098393baf38cc6f334ff0373442ca5dd256d9609af0a7f2f9ec"", ""4"": ""b69d4891561c514c4633eefca99c9ba4252de9aa102fb76ac72264b2725dad29"", ""5"": ""68d17d624428fab87f97c8c445353eb8366ec1dc830458bcf56683ff82683d92"", ""6"": ""cca9e087579ed6f125fd1ed52b3f84a0463ab0568461a869123d4bf4c0137622"", ""7"": ""9572374245ac26f7908c1250c6d43f9fd31a200a07045069e090e161a280aeb1"", ""8"": ""50e42ad81ba21122872aade79845756c22a34747325d8afa3f6b39e104ed9828"", ""9"": ""13b6dc0bd877b780f2891146d6cc41e7c82c447eba053c082423ece7c4cbd027""}",cf6e124f83f0593e4265b9950649e270140e7632f025736b0240a515337de55a,1,0,1,0,1.7573821570087353,0.0,"{""0"": 8.86293811965257e-26, ""1"": 0.14114340244031004, ""2"": 0.015462734560949218, ""3"": 8.86293811965257e-26, ""4"": 0.03719936789342017, ""5"": 0.0913218646727923, ""6"": 0.09725014758169238, ""7"": 0.3066317327404197, ""8"": 0.013559782613060747, ""9"": 0.2974309674973555}","{""0"": 0.125, ""1"": 0.19557170122015502, ""2"": 0.1327313672804746, ""3"": 0.125, ""4"": 0.018599683946710084, ""5"": 0.04566093233639615, ""6"": 0.04862507379084619, ""7"": 0.15331586637020986, ""8"": 0.006779891306530374, ""9"": 0.14871548374867774}","[0, 1, 2, 3]",[],1,0,1,1,0.0,801adeb9b6b08fc10eb60c8d6b70016425b6c17cd8b9a804ccaa2c9c96cebb4a,04e52ed059f87eaa73216a0df1a06b8f5a4c15137ff2db3bbbb8fcb84f132442,"[""proposal_created"", ""proposal_committed"", ""v1_challenge_sampled"", ""audit_rejected"", ""recovery_recomputed"", ""recovery_audited"", ""recovery_verified"", ""committed_once""]"
47,trust_v1,1,A1,1,0,0,0,0,1,V1,79.41,0.0,0.1,234315339160061685407964434155780566462,73f0506c121e0d3e16aa61ced22a6b5298a4d475fc8c9ebc1f835ac7150af4ec,1,"{""0"": ""895aedeed16f0d7f2f7d182aa26067a8a0c234cb4a2f84ede6744f28d2616d9d"", ""1"": ""9f8cad61fdb63490633bfbed1561f96128c83acc2225b28ed231d314779fa0f7"", ""2"": ""4e6478e5739bd95901fc7cf8cf59af6bb9d03a3f44b6de28c113a56d1b067daa"", ""3"": ""35d14a5832e7fffaa571f90c857b0208806ca6388259642ea56def94d424de8b"", ""4"": ""ffba99e6b182cac632c4d8e3ac873678e30b18b09002cb2728b09fd4395c7022"", ""5"": ""3fbe5c2515775475f6c8cea33ec9d66de7041c2a1413e200d867f07957f6984b"", ""6"": ""c496b48c1481124c6b7a1e0a81a8227678ae1ed66da59682b146d5f0eb4e3175"", ""7"": ""acd4956565454e2d49284ac47f1b75d2a9a13a49547d8a7d9f79b4086e78606a"", ""8"": ""aabeed3284642ec381ba8af6da136e10376b751f9affe91f5a4392fd8ade1bf6"", ""9"": ""c9c30610e03bb24291feb424104064de0a7687f163e0224b9ba0ec75b352667f""}",70a6cf157ff351ff76edc90cdecb592d47c3eef9ae5ffec46de0fa2f957184d8,1,0,1,0,3.197531628506526,0.0,"{""0"": 0.75, ""1"": 0.75, ""2"": 0.75, ""3"": 0.75, ""4"": 0.2610094319749352, ""5"": 0.2772461810087468, ""6"": 0.22276102247201748, ""7"": 0.09198951982212594, ""8"": 0.0048574275728328386, ""9"": 0.08922929024920667}","{""0"": 0.19001326396735743, ""1"": 0.19001326396735743, ""2"": 0.19001326396735743, ""3"": 0.19001326396735743, ""4"": 0.06612700546109784, ""5"": 0.07024060236794236, ""6"": 0.05643673195281853, ""7"": 0.023305638549589433, ""8"": 0.001230634223465342, ""9"": 0.022606331575656613}","[0, 1, 2, 3]",[],1,0,1,1,0.0,04e52ed059f87eaa73216a0df1a06b8f5a4c15137ff2db3bbbb8fcb84f132442,793b6408290bbb3995092f15ae5e50334774a10c4acac32630d04ebc862db1c1,"[""proposal_created"", ""proposal_committed"", ""v1_challenge_sampled"", ""audit_rejected"", ""recovery_recomputed"", ""recovery_audited"", ""recovery_verified"", ""committed_once""]"
48,trust_v1,1,A1,1,0,0,0,0,1,V1,82.77,0.0,0.1,263263897828775521908402966814860802528,e494f09be13f53518eae68e7d5d8fe9eae10f855e3f5e910396d52ac32274dd8,1,"{""0"": ""f3dfec205c48cb558bdbfbde4fd61c4decdf6aa5e95dc6f071c9d55673ff1784"", ""1"": ""c79d3ef77044e8f0a99b70e7dc78bf23535dcbedecfeff3bd01b686b22f75cda"", ""2"": ""3c1bbbc3dd446ef82dfff5ae7172b72f1155e520a2a87068477723724638b1ce"", ""3"": ""1e9eef274709b231c5e90326db4ed8bb7de6f5629b495c14b2f3deca06992979"", ""4"": ""c24fe5c2e0aaa4b4d4ec0c86147502a574c331a5826afe6c424f8c3a4ece9b30"", ""5"": ""8dac677bd5c9855bcafc6ac5686f113ed7166d88f4a50bbf0258e67957e51530"", ""6"": ""669abc08477d740ef871b85eb42f03b5f661e802e29068b0cfb2281d94572285"", ""7"": ""47fc37caac966582d590d4e09e36f270bd55f83dd47666257550c5523a81ee94"", ""8"": ""2c93e49e01bb47d99fc235e7011b0485da8ffe21f098a281680f643d93276b16"", ""9"": ""3b7d74cb0cdc862c7a9a21e07be266016b4b39848c85af3f21cc69af04150be5""}",a804d2274b27da566eafedfceb3ce58bf26fa2e9a5aa938a163f5c3cea6d49e8,1,0,1,0,3.476724385563541,0.0,"{""0"": 0.75, ""1"": 0.75, ""2"": 0.75, ""3"": 0.75, ""4"": 0.09830052836365595, ""5"": 0.08317385430262406, ""6"": 0.06682830674160525, ""7"": 0.26884270431678436, ""8"": 0.24270307664199645, ""9"": 0.22427939156329335}","{""0"": 0.18824697047666814, ""1"": 0.18824697047666814, ""2"": 0.18824697047666814, ""3"": 0.18824697047666814, ""4"": 0.024673035547618693, ""5"": 0.020876301460449023, ""6"": 0.016773635048256914, ""7"": 0.06747843282985244, ""8"": 0.060917491870963236, ""9"": 0.056293221336187166}","[0, 1, 2, 3]",[],1,0,1,1,0.0,793b6408290bbb3995092f15ae5e50334774a10c4acac32630d04ebc862db1c1,147fd89c3a836447ecada161386aa6404fad52558712ca30785a57698b3249d7,"[""proposal_created"", ""proposal_committed"", ""v1_challenge_sampled"", ""audit_rejected"", ""recovery_recomputed"", ""recovery_audited"", ""recovery_verified"", ""committed_once""]"
49,trust_v1,0,none,0,0,0,0,1,0,,79.32,0.0,0.1,18055766245652159706668733665027948750,748bd4f29bdf65917d8a316938017067a8f166f2d54acc784f6a89bd21933459,1,"{""0"": ""582fca9b7c28a56d568effe58f344cbf3434fa55f016bfcdfd98174bee01cb19"", ""1"": ""3b48c30f62a7d5cc97b191cb14ec6fae0023d2826292519cf8b14336f9857af7"", ""2"": ""b41b07df499ac65f813ddd0c414fd39750f8f36be0ec3c7cd2cbf6c2e03907d3"", ""3"": ""0681c7d4304115d631e373836ea37b313c44532fe63e075033a92bb506a6ff2a"", ""4"": ""8568400e3f728e457f0958c7cfc4fbf4c31fe38b49528229ef0a681bdcfcf2c7"", ""5"": ""90aa190712dfa3b79e492d1897def4cf0abfab93d37d556cca36633473a82c7d"", ""6"": ""f78a6ea354ec6998320406893a98f6b2f5865457740c2af981a8899653b3c0ce"", ""7"": ""bf8a336322bbb6e4c7b00883fcbafea8a10f2ce406255936ec1681aa04c3518b"", ""8"": ""ebb85d9ee14f4349a7aba2ddda805505b829b4cdf05e46f97c5fc5106b73de4c"", ""9"": ""2d3b442309f27169c1164413f944b9bedf3d880923964a6e5db36791f34cbe76""}",,0,0,0,0,0.0,0.0,"{""0"": 2.3929932923061958e-27, ""1"": 0.004657537869987603, ""2"": 0.000469113929867678, ""3"": 2.3929932923061958e-27, ""4"": 0.07286492981150927, ""5"": 0.14213279224067782, ""6"": 0.5581955149648636, ""7"": 0.08065281129503532, ""8"": 0.07281092299259895, ""9"": 0.06821637689545967}","{""0"": 2.3929932923061958e-27, ""1"": 0.004657537869987603, ""2"": 0.000469113929867678, ""3"": 2.3929932923061958e-27, ""4"": 0.07286492981150927, ""5"": 0.14213279224067782, ""6"": 0.5581955149648636, ""7"": 0.08065281129503532, ""8"": 0.07281092299259895, ""9"": 0.06821637689545967}",[],[],1,0,0,0,0.0,147fd89c3a836447ecada161386aa6404fad52558712ca30785a57698b3249d7,83e672410aafa235ef87d7705da0999e4a39ec0b4a6071ccd439e39ddbaf394b,"[""proposal_created"", ""proposal_committed"", ""v1_challenge_sampled"", ""audit_accepted"", ""committed_once""]"
50,trust_v1,0,none,0,0,0,0,1,0,,82.84,0.0,0.1,223755671499628296474532054567196230490,2e94822828ec97d21d5c0c38dd74a02732cf6620259863812f15fc90c1f047f2,1,"{""0"": ""91ef669ea90f87bdcfa0f4f734f428c3fdce2b7a1ff931b8bd48348180a9ed22"", ""1"": ""620b1fad4cd8329a6a2a64e2014dc701546caa921511d8f59a014b6d0ffff5c9"", ""2"": ""04d57314a25cb4502405420bbfa8ad2d792ec599a2625aff6619e9a9e3246891"", ""3"": ""ed1ba62e822439df5342f8a22fdb3c1af043a9b2a643ee209ce44802654f0efb"", ""4"": ""2f580f5328b24317650b6294e94f2ab9ddfa18d179222e540eed5115cb72b427"", ""5"": ""f31e618a034b21ff220c6cc0183166aeeb2188fcc29c9f260e90d161e9241c85"", ""6"": ""8bf55ebc4da6967be8e0fc5a805e02f77fdb6d2c1408f20d210d9f3ee63b24f2"", ""7"": ""817b178e7e93a77df0b75ffa6cda976b0bfac30cda9c52245d27b6e80e15abbb"", ""8"": ""cb86a3054edf70f809cbea86ca26936f2dc8436abb7d869489fa0b6fec797d4c"", ""9"": ""5e2b8af4c931817d75126fa1ebdd6bfa7adf24378d634d4467e4c41d8f120dde""}",,0,0,0,0,0.0,0.0,"{""0"": 7.178979876918589e-28, ""1"": 0.001397261360996281, ""2"": 0.00014073417896030342, ""3"": 7.178979876918589e-28, ""4"": 0.04123130508891288, ""5"": 0.32427568343805685, ""6"": 0.16745865448945912, ""7"": 0.3058316891543641, ""8"": 0.09972611740168318, ""9"": 0.05993855488756736}","{""0"": 7.178979876918589e-28, ""1"": 0.001397261360996281, ""2"": 0.00014073417896030342, ""3"": 7.178979876918589e-28, ""4"": 0.04123130508891288, ""5"": 0.32427568343805685, ""6"": 0.16745865448945912, ""7"": 0.3058316891543641, ""8"": 0.09972611740168318, ""9"": 0.05993855488756736}",[],[],1,0,0,0,0.0,83e672410aafa235ef87d7705da0999e4a39ec0b4a6071ccd439e39ddbaf394b,1efc053f7bc07d60bea7b8228fe9e3027a12b56a9619cde90c28d82a42c8d79d,"[""proposal_created"", ""proposal_committed"", ""v1_challenge_sampled"", ""audit_accepted"", ""committed_once""]"
1,trust_v2,0,none,0,0,0,0,1,0,,16.78,,0.1,,231c5a0fcfc6af2b02f54e5f3562b78699f44753ebe6f5a3046555df4d661fbe,1,"{""0"": ""b7da1efd5adc21abbe4f9a294a435c0f295108eeba95e68415b42e5e41b2de28"", ""1"": ""6e4afeb23d1bce387e0d44ff12b0cfaff14afb1b4a894eba1308f5cf78c2aa97"", ""2"": ""eabc348ae64dc73e3b9dc2ab1969c85896915118e4f562e29b4fe48303820afa"", ""3"": ""c6556311d314f147ed9bafa8c0287432da6cd98fb2ba0394ff8c2eab79a7781c"", ""4"": ""5ad494a229899415ddd51ce3dd4002686809ed4ddd053b057fe9284d204bd0e5"", ""5"": ""6a7a7e361d4fa59e502f8dc91ed8e038509ca26d2acc2f96760aa8e5c149c0f9"", ""6"": ""466ac5a0a10fe78f1948eb1be77084c33d787825ef1023e548ad6e5dc597ae29"", ""7"": ""81e478663cc671921b28cc6929fa304f705fbd87e4bee2ccff7813818c1ed147"", ""8"": ""62c3f31c5bc8a9cb6e1bd6b7199f21a85db766eef2f62de8b6569df56c563754"", ""9"": ""fe5a8784a2127ceda03902c07028ebb8907679819b50ddf65c78d3adbf400e99""}",,0,0,0,0,0.0,0.0,"{""0"": 0.030000000000000006, ""1"": 0.047786246680399956, ""2"": 0.06766530910343663, ""3"": 0.030000000000000006, ""4"": 0.10104999628896694, ""5"": 0.1733746119817991, ""6"": 0.1733746119817991, ""7"": 0.1733746119817991, ""8"": 0.030000000000000006, ""9"": 0.1733746119817991}","{""0"": 0.030000000000000006, ""1"": 0.047786246680399956, ""2"": 0.06766530910343663, ""3"": 0.030000000000000006, ""4"": 0.10104999628896694, ""5"": 0.1733746119817991, ""6"": 0.1733746119817991, ""7"": 0.1733746119817991, ""8"": 0.030000000000000006, ""9"": 0.1733746119817991}",[],[],1,0,0,0,0.0,566ef52be86c337623dd190756347836a0854c8a6e2a24b09f433aa0db8608f8,59dbb3658f48b7edff3c0016e02010d2382c58d9fc65b583cefa0a54d6f9cb07,"[""proposal_created"", ""proposal_committed"", ""audit_accepted"", ""committed_once""]"
2,trust_v2,1,A2,0,0,0,1,0,1,V2,53.19,,0.1,,cfd84a00c721a98406e98a06baec2cc1ea11ca9fbd7925b590c5326268af2a64,1,"{""0"": ""997e738ed1378b540a3d687cc66c80f476f9f9cc90bc502ba32a20e65c872a28"", ""1"": ""6d5ed66e05c4134deeb9b4158a780e01da7b0ca42979bd97d334c61a1619a799"", ""2"": ""cbbea581f60e5d7679ce0c9a70b5e4bbe4da40bf119c89a7848bb054a14a4ef2"", ""3"": ""7f4b50934ccdb6a758911e392f96dbb3f49e0ffee3c2df7c05da913293cdf52e"", ""4"": ""7f6144689de7345667b3d61fcb8687c4541bfd782616718c6f30207287acc47a"", ""5"": ""736406276f979ed4b9bb22422ee7088059387780ce9b107546048c82022c5ddc"", ""6"": ""ecf5ecc0ea866f5e1c0f86284af3170d025baa2f9677b27bb0899e1b539ccb55"", ""7"": ""02c4d23e8610d00131c746f347e3013786e07a757fb537a55efb845f775ba625"", ""8"": ""dc8139503b388ac46f5db26decd3719b8b6ef423faa6343c5fda2e048fc2e3d4"", ""9"": ""479b2f767f26c5c8c8b36c028d7c12416784a1ab4390fc47b46362aca3b965ea""}",8910600889443b573e098455e92bc62a85d07b915c3d6310540c11ffe6879108,0,1,1,0,1.2260517481912667,0.0,"{""0"": 0.009000000000000003, ""1"": 0.01433587400411999, ""2"": 0.02029959273103099, ""3"": 0.009000000000000003, ""4"": 0.04632165268431834, ""5"": 0.16182114855118537, ""6"": 0.24226670371336978, ""7"": 0.24226670371336978, ""8"": 0.0124216208892359, ""9"": 0.24226670371336978}","{""0"": 0.12950000000000003, ""1"": 0.13216793700206003, ""2"": 0.13514979636551552, ""3"": 0.12950000000000003, ""4"": 0.023160826342159175, ""5"": 0.0809105742755927, ""6"": 0.12113335185668492, ""7"": 0.12113335185668492, ""8"": 0.006210810444617952, ""9"": 0.12113335185668492}","[0, 1, 2, 3]",[],1,0,1,1,0.0,59dbb3658f48b7edff3c0016e02010d2382c58d9fc65b583cefa0a54d6f9cb07,3b2629936323a679120a57908eccf8e593ee1537ed2ef7b8011921b68a5093ff,"[""proposal_created"", ""proposal_committed"", ""audit_rejected"", ""recovery_recomputed"", ""recovery_audited"", ""recovery_verified"", ""committed_once""]"
3,trust_v2,0,none,0,0,0,0,1,0,,61.0,,0.1,,227ed1090d9585b0cceec5090a1e5a4d84c19f7ca5946614af05a19cf15f71d3,1,"{""0"": ""74840bbad7b094e26aae4e18708bd8639c9f939098220b22e8a14764a3e588ce"", ""1"": ""e6b23a5da900669b4f331914e73e5caa4e268a91e459081f983a366c8f5d24a4"", ""2"": ""4530c2a1579d5341eb7d72ddb730010c4ed65cbd0b364a854f9bbbe334983565"", ""3"": ""670c3e6bf064b6312514970b10665cf81405a8afaf43301495b68c68999567eb"", ""4"": ""be23507d6eb5bb7f9406dbd142b60e4b6883dd867c35176bff27a6dc4b050397"", ""5"": ""721c3196a186af178c292d41acd0a816f909c0ab5676bf272b0f4a850b12dfcc"", ""6"": ""ea434b20d8ee85bc1736be8d791fae7ce931811b26b19e9cc97a19e92cf3bb32"", ""7"": ""15ffdcd677c42d4d5a6970a57088ccfba0dcc1365ea822e1bb273725bb3f1be0"", ""8"": ""f6d8af05eacc6539feb65f812f8e7ff259038986c5e2c39c9ee2d3125b54ea85"", ""9"": ""3768a7bd89a39028130c472d0dcc8d547d620bb84c5d1c5b34dc9934efaa2865""}",,0,0,0,0,0.0,0.0,"{""0"": 0.0027000000000000014, ""1"": 0.009434742375469369, ""2"": 0.006089877819309298, ""3"": 0.0027000000000000014, ""4"": 0.089604913644704, ""5"": 0.20220920159441688, ""6"": 0.2263428681430722, ""7"": 0.2263428681430722, ""8"": 0.008232660136883688, ""9"": 0.2263428681430722}","{""0"": 0.0027000000000000014, ""1"": 0.009434742375469369, ""2"": 0.006089877819309298, ""3"": 0.0027000000000000014, ""4"": 0.089604913644704, ""5"": 0.20220920159441688, ""6"": 0.2263428681430722, ""7"": 0.2263428681430722, ""8"": 0.008232660136883688, ""9"": 0.2263428681430722}",[],[],1,0,0,0,0.0,3b2629936323a679120a57908eccf8e593ee1537ed2ef7b8011921b68a5093ff,157d49d2cfc66ba40ee5ae14939e05ed5819c07ec760b9ad9a3c938ff9c9edee,"[""proposal_created"", ""proposal_committed"", ""audit_accepted"", ""committed_once""]"
4,trust_v2,0,none,0,0,0,0,1,0,,63.25,,0.1,,03ec31d15eb1fe4ecac812a1b9d1ab7c86e4dfdb934b271defa90ca2469400b0,1,"{""0"": ""aaf66959a05db47a014bd7ce60551765450e68c7cbe581c1b5b668ce64434bad"", ""1"": ""5b6f924feb67c31ea3fbd91d72c0e99bba40d1e53890a5d773a0cf74dcb2e107"", ""2"": ""68598a911dfadc14f2de70a44c885b92818b91f546b545f2e6e4987c82757629"", ""3"": ""dbd01f7c11559db8a4625551b77442dace387363ff47bc4efef7ad39bd952c63"", ""4"": ""13435d0a512e57d6b69430cb74a7a0fd32deccd59a777866ce13b3e8e8fc8fea"", ""5"": ""bd48268e0b0335c3cf5a73f8c937213c5320a8e8916bf4fdcdef114e6ad27ce9"", ""6"": ""5afb528885df9f51833a035d406c8017b5e045745e7f7a77a9f6beb7d0e0df56"", ""7"": ""ffa6ea58b879ea814cbda93d6267bdeb4d8e1e742f4784902c261221b7c7dbf1"", ""8"": ""76366b4c859d875c5a9180d5e5ae8b8fa24502b203a90a173fe675c8212d02b2"", ""9"": ""69dbe3a70629482901b2240bcf3b697d76ebd98da932a8b52a0a00dfe0125983""}",,0,0,0,0,0.0,0.0,"{""0"": 0.0008100000000000007, ""1"": 0.012562349702886997, ""2"": 0.0018269633457927898, ""3"": 0.0008100000000000007, ""4"": 0.0481960603103972, ""5"": 0.22694109883828503, ""6"": 0.2341811988028816, ""7"": 0.2341811988028816, ""8"": 0.006309931393993186, ""9"": 0.2341811988028816}","{""0"": 0.0008100000000000007, ""1"": 0.012562349702886997, ""2"": 0.0018269633457927898, ""3"": 0.0008100000000000007, ""4"": 0.0481960603103972, ""5"": 0.22694109883828503, ""6"": 0.2341811988028816, ""7"": 0.2341811988028816, ""8"": 0.006309931393993186, ""9"": 0.2341811988028816}",[],[],1,0,0,0,0.0,157d49d2cfc66ba40ee5ae14939e05ed5819c07ec760b9ad9a3c938ff9c9edee,7b2f89a82bc14c87a8a6be658cfd52ecd9faa13c6126e356c35ab87b55943d3c,"[""proposal_created"", ""proposal_committed"", ""audit_accepted"", ""committed_once""]"
5,trust_v2,1,A1,0,0,1,0,0,1,V2,67.17,,0.1,,969b01cf5ef48e67bcd52d54c85fe7a48a10c09076d2c82f7d71dbdb494a472b,1,"{""0"": ""3a0252aeb4bd2c9027879affdcebe8a68e1b7e79aa539a84a281cb1fe741eae2"", ""1"": ""1c8f496267dbe33e63723b4bbb61b8941af045e322545082c55d1dd60b0ad26b"", ""2"": ""bcdda54594fa38344027afec827be950114217a78627a4f3da2f0e9b658fef38"", ""3"": ""937920f9fe9f762af660b19fed5cfd6ae8ba24fa1cda0c01afbc44c7a8ded2ff"", ""4"": ""601b288f06bc098cf727f87c6f0e307770f96ec79d8c47cf9488e4ad31bc217a"", ""5"": ""e6c7d54bc28c89dfed12ffd4956f9b4b7ecc79fba08725946d3ac53a833f1663"", ""6"": ""e87de7311f3ec993de82c5f31bacdb47873965f5f3bbf5202dc2d14137adb65e"", ""7"": ""6d0d34053917ab8fc4dbb700caca8a63536e188fd26359434d0e445567f51fc4"", ""8"": ""0b6ff76041a9cb30f76659d0711c7222a5713cd45985e3bd4fd838e94e70532d"", ""9"": ""95259246bb30dc76a45a6b517701510f544d2eca7c2ed8df6a8f8ad5bf7d4809""}",1960544c3e749acf9eeab5ad481f25b6848b6c8e0588200197e2f17c79f38d2a,0,1,1,0,3.0027200507610083,0.0,"{""0"": 0.75, ""1"": 0.75, ""2"": 0.75, ""3"": 0.75, ""4"": 0.09519171695933201, ""5"": 0.22321581628417886, ""6"": 0.22538784627355782, ""7"": 0.22538784627355782, ""8"": 0.011862043878193404, ""9"": 0.21313821467851046}","{""0"": 0.18777304621561564, ""1"": 0.18777304621561564, ""2"": 0.18777304621561564, ""3"": 0.18777304621561564, ""4"": 0.023832584890597936, ""5"": 0.05588521838291398, ""6"": 0.05642901663301712, ""7"": 0.05642901663301712, ""8"": 0.002969829484468894, ""9"": 0.053362149113522335}","[0, 1, 2, 3]",[],1,0,1,1,0.0,7b2f89a82bc14c87a8a6be658cfd52ecd9faa13c6126e356c35ab87b55943d3c,38eee1f6112293c9a237457f8cde7e133dad1ea08ccc654d3869f657fc8f4641,"[""proposal_created"", ""proposal_committed"", ""audit_rejected"", ""recovery_recomputed"", ""recovery_audited"", ""recovery_verified"", ""committed_once""]"
6,trust_v2,1,A2,0,0,0,1,0,1,V2,68.18,,0.1,,0e18a766feb20b73321d1b2e86c16f6f8caa6fa5a3dbef273ee390e0384c193b,1,"{""0"": ""887a4f17460f07ccea8c5d6446a155a63ee8930271fcdbc488c8da5ccd68c651"", ""1"": ""12ab99b265107c0926993be52ffa28053c9b956a08feca66b02ca1561b310122"", ""2"": ""4c40d4b09136c933a55b79b04b38ec7c73155b14029ebd24ddf5748e4a15c43f"", ""3"": ""56dee5047c8334ba3b5c5cc26b2d225161c44fc9c3803964f1cd18d7b87a4327"", ""4"": ""79028fe4c647555faf9f0e6651c6b5028fbc3dd5b92a83ef0fbad7ca32e0cac2"", ""5"": ""5fe4b58fbbf8b20b8d045fb0ffd875767bcc41bc42afc12d0a974cfd7736dc14"", ""6"": ""9041493c2e5b3fe935fba4eee4dd3a52ac4cf90a97996f778bd1f6acd01fede8"", ""7"": ""1c418c555ab764d4c73eee60f167e40c3c6ebcbd9dd0744c2eae30f29bd07b80"", ""8"": ""2e652b8fee1879a0cd58a1e1d5a35177c9f72514c6676966e0178b6d550a30b2"", ""9"": ""c458cf2b1bb9979a414dc35031096ea370770c87080bfbe221bec81e1cdf71a8""}",2afb7776d031aa8267150eb0903506fda6a420a6468ebfbea00cec551d6b1ea8,0,1,1,0,2.172963026359245,0.0,"{""0"": 7.290000000000008e-05, ""1"": 0.0023615219140006205, ""2"": 0.00016442670112135115, ""3"": 7.290000000000008e-05, ""4"": 0.07092926996340296, ""5"": 0.23668673300831256, ""6"": 0.23733834200512624, ""7"": 0.23733834200512624, ""8"": 0.01376869760107934, ""9"": 0.20126686680183065}","{""0"": 0.12503645, ""1"": 0.12618076095700032, ""2"": 0.1250822133505607, ""3"": 0.12503645, ""4"": 0.03546463498170148, ""5"": 0.11834336650415628, ""6"": 0.11866917100256312, ""7"": 0.11866917100256312, ""8"": 0.00688434880053967, ""9"": 0.10063343340091532}","[0, 1, 2, 3]",[],1,0,1,1,0.0,38eee1f6112293c9a237457f8cde7e133dad1ea08ccc654d3869f657fc8f4641,39e1d93fe6ee35dd2e12a7318b487e573da43277b3112e7df5ee8b80798516e5,"[""proposal_created"", ""proposal_committed"", ""audit_rejected"", ""recovery_recomputed"", ""recovery_audited"", ""recovery_verified"", ""committed_once""]"
7,trust_v2,0,none,0,0,0,0,1,0,,69.28,,0.1,,09412be521b46168c3bcbd87cfb45e1cde32c6d733e9c986db388bd17bf8f10d,1,"{""0"": ""8cdfde3a7d56f37ece623d38941651f20ba94c79074aa6e584b39c66b13d124b"", ""1"": ""c11c97429ee829e3641c0c88b4d1c86e3d8fed5aed0949520c06ce129ebc9057"", ""2"": ""92cc1e001d9f838e9c461af971046778ff7591e9cc73e58812b4398045afaefa"", ""3"": ""a272059f1fe117b4f9382dad80f0fcb83df49912a589456ebc55373bd05c346d"", ""4"": ""d56b16c1f6afb4d87d4b2c76c440d08b326747dda913452989be4c6afe19a59f"", ""5"": ""2c33fa3f433e9eafdaa40aba0cd2ef2758d2c9ee649024ba6703f5de89938d4d"", ""6"": ""b8b6cf26020b13a094975d1e40827a7ac3c4e665e59c31a3d24f0253b48a71a5"", ""7"": ""d06da0aa58561c16b0010adcbb05d8a47f508e291323038c6e0fc5cef0a010fa"", ""8"": ""d84cb0db315d01614af661f5cf099ede028eb1f900160ad3318eadcbd7f2643e"", ""9"": ""a2f3e8b3978ae694f22b8a3172cb7c7bdcb9bc523e28e7cc2b26cce6b922b49e""}",,0,0,0,0,0.0,0.0,"{""0"": 2.1870000000000026e-05, ""1"": 0.0007084565742001863, ""2"": 4.932801033640535e-05, ""3"": 2.1870000000000026e-05, ""4"": 0.0600621991918941, ""5"": 0.11132183965589973, ""6"": 0.2831002641944512, ""7"": 0.2831002641944512, ""8"": 0.02674161155838697, ""9"": 0.23487229662038017}","{""0"": 2.1870000000000026e-05, ""1"": 0.0007084565742001863, ""2"": 4.932801033640535e-05, ""3"": 2.1870000000000026e-05, ""4"": 0.0600621991918941, ""5"": 0.11132183965589973, ""6"": 0.2831002641944512, ""7"": 0.2831002641944512, ""8"": 0.02674161155838697, ""9"": 0.23487229662038017}",[],[],1,0,0,0,0.0,39e1d93fe6ee35dd2e12a7318b487e573da43277b3112e7df5ee8b80798516e5,0a90a8d417af670a4444bb722ac012820a58bb111b10df48cbd0a56aebdc6907,"[""proposal_created"", ""proposal_committed"", ""audit_accepted"", ""committed_once""]"
8,trust_v2,1,A1,0,0,1,0,0,1,V2,70.07,,0.1,,282a52c5e061410279979afbb8dbe3341eb1e3d978022c5faa3e35d7d9c6b0ad,1,"{""0"": ""a659e863ddf50c9ab35adf919e21a4e46ef3965437c1d41564b73676d6113abb"", ""1"": ""0b2ba7be3c2288f43f491621d7eb8b3ea18f69743253b8644b943bf34e9bc4ba"", ""2"": ""48adc8d5206feb42fa5c203e3fac7e73eaa695f9d8f3c01854a1be9670a0e06e"", ""3"": ""d7b88317f62e5712b9b8662f55de2fe6f1decfaacf1e65bd8ff0c459ae950770"", ""4"": ""ee641620d35ee67e450b15b9e8276c74014fadef10a405f841ccb6595f382880"", ""5"": ""d018f28c09e8d7cc8f0702e3e806acaf76e1993a7b9f55abe16a435706f03827"", ""6"": ""8f4a40eb16929713a04e567c90912c3236056d594d1aed2c464961743b2dcfe9"", ""7"": ""d93e4d952853e71924771fc05b841701a26cd75fda7b9b170ed907d5f5223bdb"", ""8"": ""92eff0467ba8b15cdff8c3d6803748bc6ebf89f39a4522fd89a9620a5a3f6a2f"", ""9"": ""8cd53390b2076e5b6a323b2175c38ee124334174eaea26dae42fa9f4070a3980""}",3833b3270b6abe86f4234a4132702b0714b8bf0fa0254a994ff7eae8dabce3ea,0,1,1,0,3.6064553725009394,0.0,"{""0"": 0.75, ""1"": 0.75, ""2"": 0.75, ""3"": 0.75, ""4"": 0.04506697008951885, ""5"": 0.15888131154335663, ""6"": 0.2852106281455541, ""7"": 0.2852106281455541, ""8"": 0.03238308869326018, ""9"": 0.19300691600739514}","{""0"": 0.187511272117086, ""1"": 0.187511272117086, ""2"": 0.187511272117086, ""3"": 0.187511272117086, ""4"": 0.011267419855931125, ""5"": 0.03972271579083448, ""6"": 0.07130694360651468, ""7"": 0.07130694360651468, ""8"": 0.008096258874604854, ""9"": 0.0482546297972563}","[0, 1, 2, 3]",[],1,0,1,1,0.0,0a90a8d417af670a4444bb722ac012820a58bb111b10df48cbd0a56aebdc6907,83105d316e5bfbf65dadec4e2d491836dbf5725ccd84de6e9ebadf9272436ed2,"[""proposal_created"", ""proposal_committed"", ""audit_rejected"", ""recovery_recomputed"", ""recovery_audited"", ""recovery_verified"", ""committed_once""]"
9,trust_v2,1,A1,0,0,1,0,0,1,V2,73.14,,0.1,,00e6d74bc06f050f2232479381ca6c375706548ad54742a24a37878edc05ce4d,1,"{""0"": ""e208440c4606ecb1b1f5bf61b7cf7b0ad5233027cb93b154f87223d74426cda7"", ""1"": ""b62d0cdffb16c7698c7ea8e58bc80bf3a4cba469360c0aba1b284e0fcaf1f114"", ""2"": ""96bd557c6aeaba261a45777d64880c93a9bc8261c2eff7d3cf127e3ab580c7ed"", ""3"": ""18394a892e162cb679f2c6e2a5138d3bf8281ecc1f25937ab1f6ff0700ab3afd"", ""4"": ""658de6bd12e74c04e65ee16608d61ad28a18d43da2a01af5768c63433c4c0368"", ""5"": ""ccd9ac7bb80c06fe8b7d3c148d7417e85ab42f670b9fcd32be5685b85f002485"", ""6"": ""2a3f06fa51e660c8aa9edf84aeeacf1fdcf68d781663fdf0d6c8913fdaec7b0b"", ""7"": ""7cee381e468774113bce7aa22b6c7e400960e7cf7161d5cf68669a26864ab226"", ""8"": ""629554b3f3de92511b22cfe8986011333ace7943fa81b84671a87eb7ca855c88"", ""9"": ""5785d712209e6d953105a75361952c3a514643d99b5c24750d2ea8229ca4acaa""}",4b60c9f367be896e7a390b4939762e1f91b6c12623576a7bcf18463f4222ee33,0,1,1,0,3.7887369330866583,0.0,"{""0"": 0.75, ""1"": 0.75, ""2"": 0.75, ""3"": 0.75, ""4"": 0.061908828136513716, ""5"": 0.14151027487891218, ""6"": 0.3136425521890075, ""7"": 0.3136425521890075, ""8"": 0.04099252144147714, ""9"": 0.1282311339524737}","{""0"": 0.18750338149282386, ""1"": 0.18750338149282386, ""2"": 0.18750338149282386, ""3"": 0.18750338149282386, ""4"": 0.015477486159805865, ""5"": 0.03537820674103338, ""6"": 0.07841205215397118, ""7"": 0.07841205215397118, ""8"": 0.010248315181592065, ""9"": 0.03205836163833077}","[0, 1, 2, 3]",[],1,0,1,1,0.0,83105d316e5bfbf65dadec4e2d491836dbf5725ccd84de6e9ebadf9272436ed2,1db66b66b701f5fffe3f5b0ad24b42618a145e7c80c6900a7b006c409bb62bc0,"[""proposal_created"", ""proposal_committed"", ""audit_rejected"", ""recovery_recomputed"", ""recovery_audited"", ""recovery_verified"", ""committed_once""]"
10,trust_v2,1,A2,0,0,0,1,0,1,V2,73.77,,0.1,,2be7a826a1f17c44e8e886cf136abbf5944567455167684ceb7e9404964a43d6,1,"{""0"": ""8bc7e93f87e7f8c094b0fd07b5b25e4755f0412a215104cbd990f718c2bf7389"", ""1"": ""edcdff4510e14505a2dd61ad7f11eb2fd4ecac3f173f12360a5996f20702a857"", ""2"": ""18a6b04f10e9797ef8815953988b876712f7eec2354e7923354878dc7a86b2f2"", ""3"": ""708c0b581b679bf31fb220faf861d76c2458884fc144690647cc2cbfd2353d88"", ""4"": ""b782d70fb00e05606290b0e2bf1df4314d6adbc19e8443257f8d444369776b83"", ""5"": ""e8345d04c0b2687853fc768860d4892fba58c6601054d12699bdb3c7c830886d"", ""6"": ""291b0b3d972e06f25493ed956d0f2dc5a8f9f2a3dbca093e530fdb04827ea92c"", ""7"": ""edcbcb6672f386a7b735e8c31cf1f57109af6b4ed21b0ea4888c80f5f5be06b2"", ""8"": ""9394b5bb1e764d086900317e938f173cf308775cbba6eb204b75d35d1cb04209"", ""9"": ""cb76c84524f43daa68f5d39746779d148dc64e5a89921d325c1b963728ff1ff4""}",a779841c48f122c45b6d351fed5c0b4e854e9b512bf48634f7e68f1fd1627b4d,0,1,1,0,2.5307753901352106,0.0,"{""0"": 5.904900000000009e-07, ""1"": 1.9128327503405038e-05, ""2"": 1.3318562790829449e-06, ""3"": 5.904900000000009e-07, ""4"": 0.028289904986413685, ""5"": 0.09025992477829517, ""6"": 0.3716890691417747, ""7"": 0.3716890691417747, ""8"": 0.04147979858236994, ""9"": 0.09657059220558939}","{""0"": 0.125000295245, ""1"": 0.1250095641637517, ""2"": 0.12500066592813955, ""3"": 0.125000295245, ""4"": 0.014144952493206842, ""5"": 0.045129962389147585, ""6"": 0.18584453457088734, ""7"": 0.18584453457088734, ""8"": 0.02073989929118497, ""9"": 0.048285296102794695}","[0, 1, 2, 3]",[],1,0,1,1,0.0,1db66b66b701f5fffe3f5b0ad24b42618a145e7c80c6900a7b006c409bb62bc0,e879fd0c3346bad90e2d78284b72bf47d67c197f2b9b05df2a4bc40dc3d34ce1,"[""proposal_created"", ""proposal_committed"", ""audit_rejected"", ""recovery_recomputed"", ""recovery_audited"", ""recovery_verified"", ""committed_once""]"
11,trust_v2,1,A2,0,0,0,1,0,1,V2,73.85,,0.1,,2a908384bff3c77d4f96aecd43dedd579a14702d3b77388e6fb74bee6917bf0e,1,"{""0"": ""d620d8ce2645bc17967c6ceb402ddf93f3719b0c0e22fb7e88d99d3d41cf8479"", ""1"": ""e8df30687d7a421768689c029c04b3baf6ffc88f8fe74292e5b3ba44c314af60"", ""2"": ""8b496705c0b93939bbc81d14c90b30c5742947675303f5b287b62aa818f60aa1"", ""3"": ""ab6fbeddecf59bb14d7651e676991879526d37af1ff99a666480fdeae7091319"", ""4"": ""cdc4850884c619108adbf39bcdcba3220582da922067a8bcc9c58a3dc3b1be39"", ""5"": ""3c14118fc3cc5ba84b6d0df357e90b88944e1b5065a8538c882f409b6db100cd"", ""6"": ""972d58d7d9e73d82738a0b533a60008f09ecd7d21e9c0442f1ee9f8d3a21cc0d"", ""7"": ""ee9b48ac8ef5dc8c4385750100c3d9b693a36a8ffa1975bf22120d6cfd9d84bb"", ""8"": ""6542bad7828dd30293f4085d02fdb7be9cbcd55db432fa12ee42a4f4a2baf453"", ""9"": ""a097c87d7a8538ff3d1c44b8bb5fc3a381be228de7a602323ebfa5922189fe88""}",3ef65b4ca89946440309455807b9909ca98a0f0903e5a19c72e26e811a4c99ad,0,1,1,0,2.461472134902557,0.0,"{""0"": 1.7714700000000026e-07, ""1"": 9.036479977632807e-05, ""2"": 3.995568837248834e-07, ""3"": 1.7714700000000026e-07, ""4"": 0.040756420540504594, ""5"": 0.03917927268611389, ""6"": 0.41810580255415986, ""7"": 0.41810580255415986, ""8"": 0.02441476670932935, ""9"": 0.05934681630507222}","{""0"": 0.1250000885735, ""1"": 0.12504518239988816, ""2"": 0.12500019977844187, ""3"": 0.1250000885735, ""4"": 0.020378210270252297, ""5"": 0.019589636343056945, ""6"": 0.20905290127707993, ""7"": 0.20905290127707993, ""8"": 0.012207383354664675, ""9"": 0.02967340815253611}","[0, 1, 2, 3]",[],1,0,1,1,0.0,e879fd0c3346bad90e2d78284b72bf47d67c197f2b9b05df2a4bc40dc3d34ce1,e5cb3e377206ad05d242763aaf1d2e65bcf193fdcc77e87451d63e857ce9172b,"[""proposal_created"", ""proposal_committed"", ""audit_rejected"", ""recovery_recomputed"", ""recovery_audited"", ""recovery_verified"", ""committed_once""]"
12,trust_v2,1,A2,0,0,0,1,0,1,V2,74.98,,0.1,,2d4ac887275f22e52442436172e84f906e06cbc750287d26063da83f1cf3472e,1,"{""0"": ""81a610b8875fcfbeecd784ded4e6585b0daf085d3854100736ad0fa86deb7da3"", ""1"": ""abccf099e97b665a68c01cbd4abe80ec715acdf5ad5d6befb8f2276bfe703320"", ""2"": ""b71555c791b3fc5be8bed4ed979cb494c59127d37d6e1ea8e9a786848e16e5a5"", ""3"": ""ef07a9a0d71d26233e1a1df2c881eb33684df1c7d85a02948360acc1dea16a62"", ""4"": ""4be61a13a25a8a686a131c0c64989e1107112ea13824f8d93ecbe145a96b4dce"", ""5"": ""5dfeea0cbba1f1869ae0ae75cb11d7d3333ada6f085e54febd92c6d94e869e47"", ""6"": ""49bbd6f3372c5822802e82cf2d4eef963351a1ed53093d326f1f5348b8d9cf79"", ""7"": ""c8439d4d5759d44351c9c9e2209eb3b5e518d24987653d16fb5af76d7b03e054"", ""8"": ""16b78cae830d355d60c605f213d29e3bfb9bbd2befabc8788f1597a1b0c67fd1"", ""9"": ""d637ed4e22d7a8f4102a792d859fa5caff07b1503b3b134bd5faf74b43e34417""}",46ad97267888dcc4da981ccb551f81cb83f6ab3ee3973a07e38de4d652420d9c,0,1,1,0,2.910223833783448,0.0,"{""0"": 5.314410000000009e-08, ""1"": 7.513008617084209e-05, ""2"": 1.1986706511746504e-07, ""3"": 5.314410000000009e-08, ""4"": 0.09755023657212554, ""5"": 0.01486104488355016, ""6"": 0.38000283222453635, ""7"": 0.38000283222453635, ""8"": 0.025189228991414854, ""9"": 0.10231846886240076}","{""0"": 0.12500002657205, ""1"": 0.1250375650430854, ""2"": 0.12500005993353255, ""3"": 0.12500002657205, ""4"": 0.04877511828606277, ""5"": 0.00743052244177508, ""6"": 0.19000141611226817, ""7"": 0.19000141611226817, ""8"": 0.012594614495707427, ""9"": 0.05115923443120038}","[0, 1, 2, 3]",[],1,0,1,1,0.0,e5cb3e377206ad05d242763aaf1d2e65bcf193fdcc77e87451d63e857ce9172b,d2efbdf1db09293015bf23599e5239372170e52a4941ee76956722032cd6af65,"[""proposal_created"", ""proposal_committed"", ""audit_rejected"", ""recovery_recomputed"", ""recovery_audited"", ""recovery_verified"", ""committed_once""]"
13,trust_v2,0,none,0,0,0,0,1,0,,74.85,,0.1,,d0ab416d6a7d331f49f71622efb425a4b8d54c459a74dbe247f1e1391cef9ddb,1,"{""0"": ""8757a6d6ad15519f1ed2964f36ab8bc4705061f14e2a05624bca41379f2cfc2c"", ""1"": ""8172b7f75d589db71ea8f4d7b685a700f1f5faaaf5ff0c4e988c72ac52f645a4"", ""2"": ""2545d24c8dbb1baebebbe5c8b804b9ef6dbe9d2d5a7e51b9ec3762de412a7c06"", ""3"": ""1c2fbda5a3d58157568b5f378c533ab2a4d866da4082660bdeff6190828d196e"", ""4"": ""0c0253e07ec4726963c96f9287cc74206193effa0ec63a27c33c233e38309f6f"", ""5"": ""ff51b2cb5852711661aaa6414122580010850f7eb7410003c5c936be3c4f8395"", ""6"": ""b9e5492f38d4b45bd8a1d0e5fd2167fd25707f273dd9c115b69c3a39fe421bdc"", ""7"": ""650a0a671cbae39de622095de2f9d5e9f935563b033fc3d971bfcc7630623626"", ""8"": ""98401b462c1d2d2b0f8e95e6b5c8681ff2ac12848310d88a538e02ae56fdd602"", ""9"": ""89cfd4484d78316b9a527ca4a264686db1fadea4745106d2de825d364fedfdd5""}",,0,0,0,0,0.0,0.0,"{""0"": 1.5943230000000033e-08, ""1"": 2.2539025851252632e-05, ""2"": 3.5960119535239524e-08, ""3"": 1.5943230000000033e-08, ""4"": 0.03724474615255707, ""5"": 0.0686877024831746, ""6"": 0.4038808262920561, ""7"": 0.4038808262920561, ""8"": 0.01962589046456952, ""9"": 0.06665740144315586}","{""0"": 1.5943230000000033e-08, ""1"": 2.2539025851252632e-05, ""2"": 3.5960119535239524e-08, ""3"": 1.5943230000000033e-08, ""4"": 0.03724474615255707, ""5"": 0.0686877024831746, ""6"": 0.4038808262920561, ""7"": 0.4038808262920561, ""8"": 0.01962589046456952, ""9"": 0.06665740144315586}",[],[],1,0,0,0,0.0,d2efbdf1db09293015bf23599e5239372170e52a4941ee76956722032cd6af65,0a7c8eae53fe2cb757823e1803701f7618a2f25578042440d6aec0e7d7f3638b,"[""proposal_created"", ""proposal_committed"", ""audit_accepted"", ""committed_once""]"
14,trust_v2,1,A2,0,0,0,1,0,1,V2,75.32,,0.1,,ac64ec83bf0b978ac84e16d23a2bdb72c5dcac556e39fd06d1b1a6109bc34df7,1,"{""0"": ""ebed7970c39c9809a02608cb4477fcf6e3905d2f98a63fbaf8fd04623645cf23"", ""1"": ""e533779c1cfaa87d5cde45b39fa95068fc5c2001ec11d99338092bf1a302075b"", ""2"": ""afa6922b63e85e5e6be9d07c4d7eb5a471f687c9d7a68cae30a7479d9e92e48d"", ""3"": ""6db4af3d576839d17e5f0a395348df753189eb442e4d2ee26521450d2c8ec7fd"", ""4"": ""f2eb657096f1b9d515ab6784b14621bc53a89b2574fbc37195c0b52be14cbc5a"", ""5"": ""53f760cf902099fa2c9ae3a30688baa1e98f87f5f7280e49d10c54b6cbc295d0"", ""6"": ""34db2e7942d7654482fc764d6144bc0e513d4b54215c42668e1ad84987b8ac42"", ""7"": ""1b6da560459d0502355ae96e94b1a793e9d80f1f2dda8ffca8dcec689fbec2cd"", ""8"": ""2e180f729b5d5f45baaf406a0b2d57c9ba889c238bfd63c2bbdef1aaff23afca"", ""9"": ""154b648d1ba8a10a50898309bead7f3b052078bc0f25aa2ec5ac253914d2e925""}",971a065bac2c7a25846f05a082e93576b1fc6c4ee6b62714a816f0f0b07d71a6,0,1,1,0,3.1219208364699997,0.0,"{""0"": 4.7829690000000105e-09, ""1"": 6.761707755375791e-06, ""2"": 1.0788035860571859e-08, ""3"": 4.7829690000000105e-09, ""4"": 0.178342810345139, ""5"": 0.03981998880609773, ""6"": 0.31940380267979607, ""7"": 0.31940380267979607, ""8"": 0.006903147089121209, ""9"": 0.1361196663383207}","{""0"": 0.12500000239148454, ""1"": 0.12500338085387772, ""2"": 0.12500000539401795, ""3"": 0.12500000239148454, ""4"": 0.08917140517256951, ""5"": 0.01990999440304887, ""6"": 0.15970190133989806, ""7"": 0.15970190133989806, ""8"": 0.003451573544560605, ""9"": 0.06805983316916037}","[0, 1, 2, 3]",[],1,0,1,1,0.0,0a7c8eae53fe2cb757823e1803701f7618a2f25578042440d6aec0e7d7f3638b,0f13e047a323dd28b5ebf2184a400a9c27a1852679d259ea83c2769c2e72335a,"[""proposal_created"", ""proposal_committed"", ""audit_rejected"", ""recovery_recomputed"", ""recovery_audited"", ""recovery_verified"", ""committed_once""]"
15,trust_v2,1,A1,0,0,1,0,0,1,V2,75.6,,0.1,,7d16842971f5093d3c9548f4917d4b6cef44574601ec5be1774ef1f1d2ab2658,1,"{""0"": ""90babb4454307e0800d579c5b62a41c3bf32da3a8d1500d236c6bac2e6e2ef54"", ""1"": ""095423233d5ccafa88af5ea3e6453a7a754bcf6ad21e97bc76de523b3fda0eff"", ""2"": ""99b46e8e02647c722ec1942d7bc020a1297946ba1c6f597b20b2d57347d14ade"", ""3"": ""dc8f3a18a8cc74a6391de51af8e9076182505abcbe298c54e2ed203c0dea510d"", ""4"": ""47ac8beb8d8c25f4e4614db299dad003e6d2fad480fd8fec27f518c6e239ba60"", ""5"": ""f50253f7575ce128bdb588e6aacf64b1cb0a02e6a98340d2d001c049aa38c550"", ""6"": ""a9d181a028d20147a858785d6387881cb71a282cab468e2d39b7d6ec09e25cc0"", ""7"": ""cbcaa0ec61fa8be6addf11db97e0252e3329a8433391c1231f4bb739ec8b2d96"", ""8"": ""e5af32ff4a7a193e78d2fbbd5dfc83b1b6fa0f97894af6c0fed1aca2a9b5c9d2"", ""9"": ""61f091292ea8e01a750d0cc784b208b86f46518bbd0a26d09393c1c7350d567d""}",286dc9a741914d25fd4d8cdfbb7e61f557173d60a143e61a7be22eab02d267cf,0,1,1,0,5.267489993396669,0.0,"{""0"": 0.75, ""1"": 0.75, ""2"": 0.75, ""3"": 0.75, ""4"": 0.16579980937114616, ""5"": 0.08021867760337925, ""6"": 0.3023163536697552, ""7"": 0.3023163536697552, ""8"": 0.002899084898293904, ""9"": 0.14644768616915155}","{""0"": 0.18750009537279158, ""1"": 0.18750009537279158, ""2"": 0.18750009537279158, ""3"": 0.18750009537279158, ""4"": 0.04144997342650743, ""5"": 0.02005467960175044, ""6"": 0.07557912686111158, ""7"": 0.07557912686111158, ""8"": 0.0007247715932319023, ""9"": 0.03661194016512075}","[0, 1, 2, 3]",[],1,0,1,1,0.0,0f13e047a323dd28b5ebf2184a400a9c27a1852679d259ea83c2769c2e72335a,844befda29ae61937ea80ee7325137dd6b33b84d5292353cad2b3c306aef7655,"[""proposal_created"", ""proposal_committed"", ""audit_rejected"", ""recovery_recomputed"", ""recovery_audited"", ""recovery_verified"", ""committed_once""]"
16,trust_v2,0,none,0,0,0,0,1,0,,75.36,,0.1,,bcf9291ce505828ee7e5660089e53f06fe72b36328268e8499567bdcdc750478,1,"{""0"": ""d5fbe15932b93e6c1c91fe9478fd956c3da71e588c2247b983e566246168796c"", ""1"": ""993b8e00ed3fbaac7a5443cb0d605835f4093e2903fdfbbce5de949f623010dd"", ""2"": ""914ffdbb9650ff5a495314fb95faa809bc5f03f2aa95500c3977209e605e7563"", ""3"": ""01b06a2fb08a28933e4c660b491975a8a72fb1c4ebd340a4d53ddccab6e9644e"", ""4"": ""dedec6c22b99b1a554378b281e74eef5805f4efca425ee264bdb37c63e5e7e30"", ""5"": ""81523cdfa93a8fcc6a12088dfd4c4d6eb545abd9cf020bd9c0b5a1078f638f5f"", ""6"": ""c33d37924ce809ba70416f1983934afd06f636fc6ccb538e978cd261d63b9a1b"", ""7"": ""9f90788c82ea9bcbf6cb287fe67121c84fa8c54b7a721b0860f5d8208eb63c80"", ""8"": ""e15e5b71589b68ef137b20f3328511a6dadb66152230e61bc71270630b16477c"", ""9"": ""fd64cb8507dc726149aaed78d23c8e63c34b3e6b42860f721573c551a15d8a1f""}",,0,0,0,0,0.0,0.0,"{""0"": 4.304672100000011e-10, ""1"": 6.085536979838213e-07, ""2"": 9.709232274514676e-10, ""3"": 4.304672100000011e-10, ""4"": 0.0785866208288092, ""5"": 0.07831986149237051, ""6"": 0.3229554861949175, ""7"": 0.3224079571035149, ""8"": 0.0019124647681986945, ""9"": 0.19581699922663354}","{""0"": 4.304672100000011e-10, ""1"": 6.085536979838213e-07, ""2"": 9.709232274514676e-10, ""3"": 4.304672100000011e-10, ""4"": 0.0785866208288092, ""5"": 0.07831986149237051, ""6"": 0.3229554861949175, ""7"": 0.3224079571035149, ""8"": 0.0019124647681986945, ""9"": 0.19581699922663354}",[],[],1,0,0,0,0.0,844befda29ae61937ea80ee7325137dd6b33b84d5292353cad2b3c306aef7655,845d159755e65c42bf6f99c0aebc54318585482e14958cbfb218941722221bc3,"[""proposal_created"", ""proposal_committed"", ""audit_accepted"", ""committed_once""]"
17,trust_v2,1,A2,0,0,0,1,0,1,V2,75.61,,0.1,,e5dd33b4680002c8e4c986cc4b9e521965817d8f908196bdf339ce72611805b6,1,"{""0"": ""788d96dec2e564ced45286e696642b849fa45dd62004921879c1fd07e1581c5e"", ""1"": ""fb049a8335af2c4f992282dea3cba7ad159a827c87572e5c798aa53f2c0ab4a7"", ""2"": ""596b327e86b085b889823a83bcbfb5a3e4ead85f394eb7e4fe236685a1309fb1"", ""3"": ""6c7fb06c29b0d6b652606264b3b7764c60f77ebd9ff6fdba162fef6054b0a1a8"", ""4"": ""6a92d8ee40b80ac0875a9f016654b5b22bfdb8fca61f071cd6c8d5c7bd873aec"", ""5"": ""dc3f8b77f008fafd7af8f6c9a693af6e3c0ba67149f2a225d5293d4fe9cfb316"", ""6"": ""bfc24ff0218b0a96c68cbccf49e6d5465a72856f823d39a3b322bad61b005332"", ""7"": ""26dfd2a83505e147d36a3c34f460f82a529e427559c7e050ce187cf555061e6a"", ""8"": ""124458f0a16b51a97e5cb227984c1bdcac3387cce9decf5a07ce3fd2eac6a40a"", ""9"": ""166d8cb4caf97239abccbe55bd8e3b2e82abc02a82412b738408e4b780e177a5""}",19133aadf69df121a52e3f36608aa10ea263fd094acb263cafb133216c0f1db8,0,1,1,0,3.0689865672569296,0.0,"{""0"": 1.2914016300000034e-10, ""1"": 0.00034405281404114007, ""2"": 2.912769682354403e-10, ""3"": 1.2914016300000034e-10, ""4"": 0.06395260808131453, ""5"": 0.29376748666653685, ""6"": 0.2086041186964293, ""7"": 0.3669939153498802, ""8"": 0.002252389042198433, ""9"": 0.06408542880004217}","{""0"": 0.12500000006457007, ""1"": 0.12517202640702058, ""2"": 0.12500000014563847, ""3"": 0.12500000006457007, ""4"": 0.031976304040657266, ""5"": 0.14688374333326842, ""6"": 0.10430205934821465, ""7"": 0.1834969576749401, ""8"": 0.0011261945210992166, ""9"": 0.032042714400021086}","[0, 1, 2, 3]",[],1,0,1,1,0.0,845d159755e65c42bf6f99c0aebc54318585482e14958cbfb218941722221bc3,b3c0982deec3ac1f705751078614bf90684926ab078c597676c3febf862aecc2,"[""proposal_created"", ""proposal_committed"", ""audit_rejected"", ""recovery_recomputed"", ""recovery_audited"", ""recovery_verified"", ""committed_once""]"
18,trust_v2,0,none,0,0,0,0,1,0,,74.36,,0.1,,e9e191a4f7e721ff26cdade26adb603d396e75ef8f8674e91b3860af162492ff,1,"{""0"": ""fdfe61bfb54bad02fc1ab403c007061fc3af621c9a56e10cf0fbe9f7370674ae"", ""1"": ""8a9ca237a6a02f4ef5f340448433a50ea9c2bf23e548a35e18bcd0be0eae2950"", ""2"": ""00eb98791cb32025b33e459be965885b682b40b2444b2667d73f864be5940150"", ""3"": ""59ef0f3eef6121222b49736f92f46345ce8c206c7f830b5fc8fc00e9d5aa578b"", ""4"": ""f69cbe61a0ab273882db46837973fd519251a065194b7bc9b839c7f27ddbab81"", ""5"": ""4fa72d781fd8d2a361c6b0e505e0b5fbe6223e78a5e934ca6d4874e49c8ee625"", ""6"": ""f2db2badf75499939258aac15a90cf7b2028e059f4cbd9334e5f95eddb08ea1d"", ""7"": ""d10c252f944107aa9161e0d5ae4cdad27c182a7e9ecd8ef8ddbc2bb579874ae9"", ""8"": ""fe23d4f64242d33664a3d4f0e3885153e56c345c4775ec3f1b0fcf6fa28bae44"", ""9"": ""5e57bd7753170320db8e740470bc8183252672cd83fb6484527d590e179460aa""}",,0,0,0,0,0.0,0.0,"{""0"": 3.874204890000011e-11, ""1"": 0.00010321584421234203, ""2"": 8.738309047063211e-11, ""3"": 3.874204890000011e-11, ""4"": 0.028266466704892836, ""5"": 0.28077036583215814, ""6"": 0.2552213554411259, ""7"": 0.30273829443716116, ""8"": 0.002584022361774013, ""9"": 0.13031627921380834}","{""0"": 3.874204890000011e-11, ""1"": 0.00010321584421234203, ""2"": 8.738309047063211e-11, ""3"": 3.874204890000011e-11, ""4"": 0.028266466704892836, ""5"": 0.28077036583215814, ""6"": 0.2552213554411259, ""7"": 0.30273829443716116, ""8"": 0.002584022361774013, ""9"": 0.13031627921380834}",[],[],1,0,0,0,0.0,b3c0982deec3ac1f705751078614bf90684926ab078c597676c3febf862aecc2,18796dc0ce6b524564b8f7ca534e7e971a0b18925473c69c14fd3b1f2d869fd7,"[""proposal_created"", ""proposal_committed"", ""audit_accepted"", ""committed_once""]"
19,trust_v2,0,none,0,0,0,0,1,0,,76.07,,0.1,,5a3c43ed5c668e8633b44603682d612211facaa7f82e86154f26c0d5a85114a7,1,"{""0"": ""a57e1e8383e779395247b875b8d93c056c00f44480c2442fd1dd5f232c2b3371"", ""1"": ""bc8049b5d6ae9492eca88e7ed718e46d16b80c5d8fac9ef3d2cac5481ce65e18"", ""2"": ""e80654d050c0982d35b7e3ede4ecae30ec80e331d14e26b13060924dc568abcd"", ""3"": ""292489590ea1902c439668fe8fee6d5a7bbeb7ea91baa9d61b453346f399c7b5"", ""4"": ""43144a03998aad940668705a7d453bc431cae2d68d0b90b171fa8249b407b238"", ""5"": ""ce3b97e9c2629ca8d779e4657167c991d8fbc4b0098968f269a33b20d3971641"", ""6"": ""e973603de012dcf1af612dc8814b10b8feb9c21e5f5c1d55f460ac568f1f6de0"", ""7"": ""5bf39966ac1e657161751ab1bf523e4b985d255dd57130f7a117f7ad7c706071"", ""8"": ""fb960b95af839c893ee21a792784b358ea8c96f11e5febf8aea992c8098ee19a"", ""9"": ""8ac12a9068bbf661da7ef5fb2b10519c053d84d386c8e6d25881ea23d4d8c1eb""}",,0,0,0,0,0.0,0.0,"{""0"": 1.1622614670000035e-11, ""1"": 3.0964753263702624e-05, ""2"": 2.621492714118964e-11, ""3"": 1.1622614670000035e-11, ""4"": 0.03347107031146821, ""5"": 0.15067460454098117, ""6"": 0.3129763783872118, ""7"": 0.3272314600860224, ""8"": 0.0007752067085322041, ""9"": 0.17484031516306045}","{""0"": 1.1622614670000035e-11, ""1"": 3.0964753263702624e-05, ""2"": 2.621492714118964e-11, ""3"": 1.1622614670000035e-11, ""4"": 0.03347107031146821, ""5"": 0.15067460454098117, ""6"": 0.3129763783872118, ""7"": 0.3272314600860224, ""8"": 0.0007752067085322041, ""9"": 0.17484031516306045}",[],[],1,0,0,0,0.0,18796dc0ce6b524564b8f7ca534e7e971a0b18925473c69c14fd3b1f2d869fd7,d281b05d790fdb9eeb6650f056700d0dccf4bdab48d977d062be30b28524bca0,"[""proposal_created"", ""proposal_committed"", ""audit_accepted"", ""committed_once""]"
20,trust_v2,1,A2,0,0,0,1,0,1,V2,75.86,,0.1,,f659d66e0def8149788c31ecba2a8c43b2af05065e71edab56fcab68020b938a,1,"{""0"": ""7ff9ea69ede51378df0a70c90acc533af3bde7bed3bdd73e60b2944ed168d384"", ""1"": ""02c36f864fb4602c15998e20fcee19ae8bb09b03bd21881b3d2cdcf47141ff06"", ""2"": ""7a14a8b1402b1cf694ed5fa56de68de4bf28c620bafe89bb79c28c6cfc495692"", ""3"": ""05f6b96549d37663627550eb861f27251d403408333b01ed8f77075ee8b5e141"", ""4"": ""1ace7ccdb580d4ae4450058ace8010e627d4615bb078314169501a791bfa586b"", ""5"": ""b3093b36245bfb68182df2aa5a2d32f6f0392fbfe8edae2dfcb5ba50a62a946b"", ""6"": ""44cae02999be08e3005630b4d0e665dd370366e0c0475be76e8dee8f11649e5f"", ""7"": ""dfda6080298aa32b0d363e21a13538476cef31d0b88bae7bc8655f3b9305602c"", ""8"": ""265e9bcec461121342dab103c4bd636a74e4e91a9c8e91d0659f3cf9dd3c5957"", ""9"": ""c9a73e876d2ab875e42b1e30dfddfdd9c75bb07cabece8f07e411067487979b0""}",ea9dda0822ab36d11338e83a7339c25621fe66e214fb4ccaf2148f227053c228,0,1,1,0,3.575042782985119,0.0,"{""0"": 3.486784401000011e-12, ""1"": 9.28942597911079e-06, ""2"": 7.864478142356893e-12, ""3"": 3.486784401000011e-12, ""4"": 0.06384980796787892, ""5"": 0.23544216013125308, ""6"": 0.11715212524996285, ""7"": 0.31126526403281524, ""8"": 0.006733432621346095, ""9"": 0.2655479205559267}","{""0"": 0.12500000000174338, ""1"": 0.12500464471298955, ""2"": 0.12500000000393224, ""3"": 0.12500000000174338, ""4"": 0.03192490398393946, ""5"": 0.11772108006562654, ""6"": 0.058576062624981426, ""7"": 0.15563263201640762, ""8"": 0.0033667163106730477, ""9"": 0.13277396027796334}","[0, 1, 2, 3]",[],1,0,1,1,0.0,d281b05d790fdb9eeb6650f056700d0dccf4bdab48d977d062be30b28524bca0,018f5df3ac0bf9153dc06e978a390eb41ae48c1311bc18d09e07fd80d28df311,"[""proposal_created"", ""proposal_committed"", ""audit_rejected"", ""recovery_recomputed"", ""recovery_audited"", ""recovery_verified"", ""committed_once""]"
21,trust_v2,1,A1,0,0,1,0,0,1,V2,77.35,,0.1,,35c7f9f0e495995733192c7913e213c828392ca846f4ffb826f056a9b4a534d8,1,"{""0"": ""6174934d9729076691e85153c58a8bc5b485ed043b030ab6a10d35b74b668bb6"", ""1"": ""09ed00b7519ad3df9392865b14019ca1c83a0d672f1dee31908b91f0ef83807f"", ""2"": ""66b14d1f47028d98acdcd4f2878361ea5beb82b2f4f30090d97de1c66367bb13"", ""3"": ""85f8cd5c8d858519fa09c63320000ee9a28c0408188b3d5775fdbce7447e806b"", ""4"": ""d17f72e6dc4c4044c2c9d1fff0838f79959f264edceaf37e8eaf32c363db8059"", ""5"": ""4fc54b6f9a29c8e42c88662f8482b142e90a0fe0c63eb80d6a0d0d60049bbd64"", ""6"": ""206d266821d7dbd65d9bef5c5ccf42a44a0dcae3e59aa3a9b1dae6c650e6b694"", ""7"": ""f811fef570d8b7c65b51068c88974929ee8b4553759166545381fca47b4dc05e"", ""8"": ""b44cc902ee4bcd94fb836bf40e73708af3655f650a51bbdb441b22fe9803ceb2"", ""9"": ""582d2666514a935a54a1ba2cc6e449f5a5575646738e6ecfe0d8bd24774c3401""}",7a3a32b2d33b66d2c704644e61552fe6ffc745d559df9f2b643e8f33e5f7c9f2,0,1,1,0,5.17189376292895,0.0,"{""0"": 0.75, ""1"": 0.75, ""2"": 0.75, ""3"": 0.75, ""4"": 0.026059052887098744, ""5"": 0.17402476698013206, ""6"": 0.2749000487741872, ""7"": 0.33313399040904296, ""8"": 0.004607079760361571, ""9"": 0.18727227435693236}","{""0"": 0.1875001306328525, ""1"": 0.1875001306328525, ""2"": 0.1875001306328525, ""3"": 0.1875001306328525, ""4"": 0.006514767760665903, ""5"": 0.043506222056168636, ""6"": 0.06872506007485017, ""7"": 0.08328355562658532, ""8"": 0.0011517707425383538, ""9"": 0.04681810120778162}","[0, 1, 2, 3]",[],1,0,1,1,0.0,018f5df3ac0bf9153dc06e978a390eb41ae48c1311bc18d09e07fd80d28df311,2a6720a690aeb01de7b1d322cab9e9798f3d302540420ff2bc55a3828db1883c,"[""proposal_created"", ""proposal_committed"", ""audit_rejected"", ""recovery_recomputed"", ""recovery_audited"", ""recovery_verified"", ""committed_once""]"
22,trust_v2,1,A2,0,0,0,1,0,1,V2,77.52,,0.1,,a36961e87adfd923246e2c54a7854b89780378de0177204187788b5529601f09,1,"{""0"": ""a16e6987bb443254248ece757a3359b4240e7472cfb935874812f7d6841cafb5"", ""1"": ""566185b987afbcfa11bcdb4a45398aa53d75057a98c13059c0c0aca3aa5bdcfa"", ""2"": ""49a9807c99f915565641905913a0d27a338e13e3cffcb70f637f89a52ec2d5e5"", ""3"": ""842bbefd50f52d0cec947b1fc542c3c085521a2b3d8887a1ef76270a7bf8a9ec"", ""4"": ""2985ac294772017574b0ea4fe15aa6cb2be2f114f2fbf7492762981ff6cc4c17"", ""5"": ""e77fcb86bb5f44c8326d3598aad514b0a5e70d8971eb3113d7884fe92f061288"", ""6"": ""a4c6753c52f09b6d268a06b9bd8bc4fae6faffe9f6d601f35010fe2ef5592cf9"", ""7"": ""023ab32bf4e32c6f63c1f72796465b94e3aec395aa1f41dc9e86c81cf6539be6"", ""8"": ""9f1472839013fa13589711abe9505d28a47428604194129c5624a9349ea466cd"", ""9"": ""3edbb9a1a8751565fe0a2fca532c05f996ee9b62e7616ea7b18dc1b7d0a03168""}",87426fff46a693484e7b45dcb8e276ca891c6348b4f4c39490b4a91003ce1019,0,1,1,0,3.7005113383954673,0.0,"{""0"": 3.1381059609000105e-13, ""1"": 0.0005363140614935409, ""2"": 0.0002896062203596315, ""3"": 3.1381059609000105e-13, ""4"": 0.008731127182238983, ""5"": 0.1974047072692625, ""6"": 0.3577049513899283, ""7"": 0.37517513388038504, ""8"": 0.003976477688624724, ""9"": 0.05618168230707972}","{""0"": 0.12500000000015693, ""1"": 0.12526815703074679, ""2"": 0.12514480311017984, ""3"": 0.12500000000015693, ""4"": 0.004365563591119492, ""5"": 0.09870235363463127, ""6"": 0.17885247569496418, ""7"": 0.18758756694019255, ""8"": 0.0019882388443123625, ""9"": 0.028090841153539863}","[0, 1, 2, 3]",[],1,0,1,1,0.0,2a6720a690aeb01de7b1d322cab9e9798f3d302540420ff2bc55a3828db1883c,97a848e14aa76f965ee8e5da3dea3a920e83df2a1d9393844ba6fd1bfff4d8bc,"[""proposal_created"", ""proposal_committed"", ""audit_rejected"", ""recovery_recomputed"", ""recovery_audited"", ""recovery_verified"", ""committed_once""]"
23,trust_v2,1,A2,0,0,0,1,0,1,V2,77.4,,0.1,,f794051bc21c9c4d5406bd9922367ab4d5679676d078827f8fc1e36f77fb5ace,1,"{""0"": ""cfd9297593fa7ab8552344e04091d5aed555b87af8891228187397e8f8345202"", ""1"": ""fd608ac1d8a80bc3f6065cce5dcd8a57526c81b4a66771da3870a9705fa81636"", ""2"": ""f94b0073ab466ada38077eeeeefb8c4112a78e501fb3988ce9630d251f07a328"", ""3"": ""a1248139c248ee0be831adc4189c28e4e80b4052ad9f752e40a90384aa9ee991"", ""4"": ""974a0cc6cf9a7057e38986dec1a8c32d25dc5866b19aae60d09c79a1c906de23"", ""5"": ""84832889648ecbc9090ea6f9df5210ff3ebafe75a30e6451fb3dfe1674bbf27a"", ""6"": ""b57a34a8d329933a78678f0c4296d8585adb3dd119e96740850d1452b557839d"", ""7"": ""8f40bfcdf722a7d97087350a28c930d8df5823ae830f44261b1bbd7e3ab4afe2"", ""8"": ""ce82f2b236df1e00f46a3c3492a49622659feb57ab07b6504cb860b82050db68"", ""9"": ""fd72588e3cf621cb452ab382c2774eca65b4411d3e20109805061a202b8e7697""}",0b5692445b46a7b0029e93ff8ebd39d6a0a6ef96287f3b7a55f30ecf417edba2,0,1,1,0,3.627370037103989,0.0,"{""0"": 9.414317882700033e-14, ""1"": 0.0006649816333638195, ""2"": 8.688186610788947e-05, ""3"": 9.414317882700033e-14, ""4"": 0.015009237043522937, ""5"": 0.28185639085030273, ""6"": 0.32994646408650247, ""7"": 0.3351875188336395, ""8"": 0.007969414681313753, ""9"": 0.029279111005058752}","{""0"": 0.12500000000004707, ""1"": 0.1253324908166819, ""2"": 0.12504344093305395, ""3"": 0.12500000000004707, ""4"": 0.0075046185217614685, ""5"": 0.14092819542515136, ""6"": 0.16497323204325123, ""7"": 0.16759375941681975, ""8"": 0.0039847073406568765, ""9"": 0.014639555502529376}","[0, 1, 2, 3]",[],1,0,1,1,0.0,97a848e14aa76f965ee8e5da3dea3a920e83df2a1d9393844ba6fd1bfff4d8bc,7e90257e909452b80f1175c8b1c78a803e9e2cdb94d9729eab69c7b66bb3d78e,"[""proposal_created"", ""proposal_committed"", ""audit_rejected"", ""recovery_recomputed"", ""recovery_audited"", ""recovery_verified"", ""committed_once""]"
24,trust_v2,0,none,0,0,0,0,1,0,,68.86,,0.1,,2a7aa52e008eeb2ffa1f007febb62483a9eeec35333a592f06bef5fa4292b630,1,"{""0"": ""fa0deeeac3d8da4247f45ad4f4b9fa0fd54701f010c247f51732a5bf24877ba7"", ""1"": ""4cfd081e90692c1dd90214152cd54987be203bf453b0d605ac7d47a814f4cc24"", ""2"": ""8a0c705097feb031f5b6d5c3b52a45c526ec258d598cf2d0ea290ee62d878940"", ""3"": ""0ab801b716313ff33e4cfd44d1d2dd72f2a0d94df40cea253984bf78839b6707"", ""4"": ""fce0364624200976847be8e37b1e9a039273ea9676ead381cda36a64e68f628c"", ""5"": ""80b504189dbeed93e47869ebf9e909c47ba6e958462d0122d17ea21dd4ae31d7"", ""6"": ""67e3a04f201094beaf109ac78dd2febe7fa6c6224f6678d5d2174cf05b38545b"", ""7"": ""7a960e7f754ec5623a9098573af744ed103805f420526592ab5a39bcf1a82fe1"", ""8"": ""b7fd51e9b5b26ad1844cf2a07e0ddade599a6433c6ad24752ac0af49e42ade72"", ""9"": ""ebbb6f56fa2c827ac14d0b65654866a69f6f9485c66b72b09ecdb7f30b1791d7""}",,0,0,0,0,0.0,0.0,"{""0"": 2.824295364810011e-14, ""1"": 0.00019949449000914593, ""2"": 2.606455983236685e-05, ""3"": 2.824295364810011e-14, ""4"": 0.019936815858659716, ""5"": 0.10860112434784794, ""6"": 0.09898393922595076, ""7"": 0.7234242170312881, ""8"": 0.03690171899556382, ""9"": 0.01192662549079176}","{""0"": 2.824295364810011e-14, ""1"": 0.00019949449000914593, ""2"": 2.606455983236685e-05, ""3"": 2.824295364810011e-14, ""4"": 0.019936815858659716, ""5"": 0.10860112434784794, ""6"": 0.09898393922595076, ""7"": 0.7234242170312881, ""8"": 0.03690171899556382, ""9"": 0.01192662549079176}",[],[],1,0,0,0,0.0,7e90257e909452b80f1175c8b1c78a803e9e2cdb94d9729eab69c7b66bb3d78e,99a845967be9c273e3d76f689e6dd89c439f5842ce9fb69d4f6233ab4a4b2240,"[""proposal_created"", ""proposal_committed"", ""audit_accepted"", ""committed_once""]"
25,trust_v2,0,none,0,0,0,0,1,0,,76.48,,0.1,,91a243a754de48556db4a6eccd638cde67166b74f165872684bfd9353f7a7dab,1,"{""0"": ""5aeae94c0527e316bd22a1d23aea527ceed83f8f99a2bd85c2f88c26a14cf04b"", ""1"": ""44d8b0a218d40d3032f3d15a217c311178853c73a2b98af2e68ab44146a04b0f"", ""2"": ""9a0fe2351e1338f48bcfcbd2944d78902cedd388ce2f3f6b2837f44cfed64779"", ""3"": ""138527518b8ff1fe0d52fa6fbcee4bbc012cbc4ed5ac760914ef2d324edcfd26"", ""4"": ""d41eec70ddb1d7090fc80da5fee1db6abffac9e7acbc03e6e9d2565849d4ef34"", ""5"": ""b3e7f2dbed6472b3dac7aabc215f59df67e9d39a9a4e3772399fbf6120aa80a7"", ""6"": ""d522ebb63b3dfa9dcac4faff13ccd6f98ec7744756e087449529ddb4527b9ee9"", ""7"": ""2be88a3841c030b6963c47ea8c4e2d5639f80b0ee9ade4e864a0455731ea737c"", ""8"": ""ceb74ef519feb25e7def80ec4f5793eace3548d5ceddab43059ef6a256f5e94f"", ""9"": ""c9507ce70635e12c24edf020c0dfaaf33fbfe4426f50267d69274aefbeb04d1c""}",,0,0,0,0,0.0,0.0,"{""0"": 8.472886094430033e-15, ""1"": 0.00027021478947565175, ""2"": 7.819367949710056e-06, ""3"": 8.472886094430033e-15, ""4"": 0.22802219739109206, ""5"": 0.2546214899378485, ""6"": 0.25173633440127935, ""7"": 0.21702726510938647, ""8"": 0.012364932997174066, ""9"": 0.03594974600577714}","{""0"": 8.472886094430033e-15, ""1"": 0.00027021478947565175, ""2"": 7.819367949710056e-06, ""3"": 8.472886094430033e-15, ""4"": 0.22802219739109206, ""5"": 0.2546214899378485, ""6"": 0.25173633440127935, ""7"": 0.21702726510938647, ""8"": 0.012364932997174066, ""9"": 0.03594974600577714}",[],[],1,0,0,0,0.0,99a845967be9c273e3d76f689e6dd89c439f5842ce9fb69d4f6233ab4a4b2240,cb8e5dbe1e73f2654ebc3fae4f14c7cbed6a9a223d6e06714ad8ff9f360521ea,"[""proposal_created"", ""proposal_committed"", ""audit_accepted"", ""committed_once""]"
26,trust_v2,1,A1,0,0,1,0,0,1,V2,51.01,,0.1,,387fe6566efa99175428c484efae254efebd1e21e949693d1ff13768ae75dfeb,1,"{""0"": ""69500af9f3dec17606c7c063db59956505edb907f1dcaca8c62d82a81e07e94f"", ""1"": ""94e7ebe08927f62ae94bd9646bc684269888aabf60b77b9bed6ced414c8fa1cf"", ""2"": ""04cd26ce2e96a18621b0b7bdea1cdf58dee045a80d40fe6d9428dfc64163aa02"", ""3"": ""2ff0661f16779c032113a7f9c703cd473cb9229944630cf8677a80f4c10d1753"", ""4"": ""b934b47d638bb19b2473b88ca4dca15b2344cf5aa8933de92f3855189dac8375"", ""5"": ""d0d4986119c3bdfd3681ac979923d20faef0968360a4ee95e18ac07cc6192523"", ""6"": ""4cb42ef08fa8ebfe2b7f89dfea6e50f92d1c8912b4beb04404373e601166a5c5"", ""7"": ""c5d9ec25bd4739dbc39afa3d0a542911b8f20c30394e8972d218ba18953e636d"", ""8"": ""bcbd28521376b68ba5d2110ea542ccd579884c7b54e6ce7c3ae8428e39ebbdbf"", ""9"": ""8a7ca77a573ffdd3e73c0811239c26fa056857e9545f2859b3194b5aa9f1e855""}",bfd53774229eb2063d603a62298284aacb0521dd17d24d028aa9f0ef93fbfac3,0,1,1,0,2.65363064462205,0.0,"{""0"": 0.75, ""1"": 0.75, ""2"": 0.75, ""3"": 0.75, ""4"": 0.06840665921732764, ""5"": 0.07638644698135458, ""6"": 0.08952278150493981, ""7"": 0.1837593614999529, ""8"": 0.024075663204885207, ""9"": 0.25181255406486386}","{""0"": 0.20303395169092858, ""1"": 0.20303395169092858, ""2"": 0.20303395169092858, ""3"": 0.20303395169092858, ""4"": 0.01851849912382495, ""5"": 0.020678722915005363, ""6"": 0.02423488546041534, ""7"": 0.04974585243404976, ""8"": 0.006517569386756974, ""9"": 0.06816866391623322}","[0, 1, 2, 3]",[],1,0,1,1,0.0,cb8e5dbe1e73f2654ebc3fae4f14c7cbed6a9a223d6e06714ad8ff9f360521ea,2985d94e341b49ae8c751b1441d551d374aff1980997814eff5fb6e566a51879,"[""proposal_created"", ""proposal_committed"", ""audit_rejected"", ""recovery_recomputed"", ""recovery_audited"", ""recovery_verified"", ""committed_once""]"
27,trust_v2,1,A2,0,0,0,1,0,1,V2,67.67,,0.1,,dfd40a519c9ce424d4f0b5bf9a3655d3cb676f63e234c993d5a6fbfcc1fb7b28,1,"{""0"": ""74e2b09bddad770043dca82c55dd7e74aefcdf9f9bfd551517a0ea54e30a0ee0"", ""1"": ""4ff075d7662c8f4157ce477024f6096329a4933be1e46a11c1c40eac5252a6c1"", ""2"": ""cab7496898bddbbe296032642b6347ae3ea3b36e459e912ed05aeb7af59b0213"", ""3"": ""27c8099b85d592b327e94689e304ff1d98a497480d5a657fdad0176f84893c06"", ""4"": ""f0262321756ea1578e7493b7b859be305d751e3e42c11c8e8af49be6403d9bc4"", ""5"": ""a875f90d2659e8f355a9f5af6e27aa21093e3d556c03038038fc05fd2b9b66cc"", ""6"": ""10a46e9c83967a951bb19280ef83ee4c60dddf009ab7383bead90cf86f710590"", ""7"": ""a61650a7dad9eeb0dbb6dd0a62118b9dc8650524d56b3b377a30de1f342b9632"", ""8"": ""45adec488faa4b94eb4abfeaade1a64eadb46494675b11134614845d4941ac32"", ""9"": ""b4589d10c4553f9f029776c3614458bfbe3d2dd89f6db6a2c7a9959c1bdf5e4c""}",ec539a5b848dd0bb6879c266d28b78d11f54ee829a1683afaff53fb9ac41e929,0,1,1,0,1.0178257838370732,0.0,"{""0"": 7.625597484987035e-16, ""1"": 0.21158949974480284, ""2"": 0.08196535379680514, ""3"": 7.625597484987035e-16, ""4"": 0.2144747828686038, ""5"": 0.2168687191978119, ""6"": 0.040392815246778326, ""7"": 0.12920625992426701, ""8"": 0.010425599374081823, ""9"": 0.09507696984684781}","{""0"": 0.1250000000000004, ""1"": 0.23079474987240142, ""2"": 0.16598267689840257, ""3"": 0.1250000000000004, ""4"": 0.1072373914343019, ""5"": 0.10843435959890595, ""6"": 0.020196407623389163, ""7"": 0.06460312996213351, ""8"": 0.005212799687040912, ""9"": 0.047538484923423906}","[0, 1, 2, 3]",[],1,0,1,1,0.0,2985d94e341b49ae8c751b1441d551d374aff1980997814eff5fb6e566a51879,f8ff7dc9585b3008def324c1cc277f55a2a2c44392105f73c8df77ea76436661,"[""proposal_created"", ""proposal_committed"", ""audit_rejected"", ""recovery_recomputed"", ""recovery_audited"", ""recovery_verified"", ""committed_once""]"
28,trust_v2,0,none,0,0,0,0,1,0,,74.88,,0.1,,9794894c1cd92294e78cc0fbb2d63ee8022340a87b426c12925bde428a14fdcb,1,"{""0"": ""4ba1bdc15160ce3d0dd83a803cefef0d34fcfb60ec1fc299e6a2d8432de8b792"", ""1"": ""d6ab25eaec92530a5a962ffcd9bc994b944b6503b19de938a166319a95b132a1"", ""2"": ""f59894864cc2d1fa578e8f6f62c4dd80c8fe8477758ea032a8bfb82c861dba20"", ""3"": ""3566fdc9a1dbf43da6b4a63573a464a932378372450b1a3ef5e6bf7237f9c974"", ""4"": ""a098a40f59652baccaf65fe7a6916b1aa78dbf23ceba72ce7102b4c5a5d21029"", ""5"": ""d4eef653bcd0fa7950b0cabc8818761ea236cd80817dbb55485b90f20c979237"", ""6"": ""1120f90401d9979efb0b63952993652dbb447c5e0efd290dcb5d084ef937f36b"", ""7"": ""646adc4ec9343750e95123d49b41f95fa675218204acb37935fd43c1cce6509f"", ""8"": ""8bfca3e4854d16e20b6343eee2f37a0ed99b5c7e8ba8bed5085e2047288f360b"", ""9"": ""37f7656576b4b5b6f6caa90d6112e642b15d98a011cbec4b8f1e9b73bfc579aa""}",,0,0,0,0,0.0,0.0,"{""0"": 2.287679245496111e-16, ""1"": 0.06347684992344088, ""2"": 0.02458960613904155, ""3"": 2.287679245496111e-16, ""4"": 0.07429475436520065, ""5"": 0.19368741636082148, ""6"": 0.23492613439421986, ""7"": 0.1534836442411323, ""8"": 0.004210213801902238, ""9"": 0.2513313807742407}","{""0"": 2.287679245496111e-16, ""1"": 0.06347684992344088, ""2"": 0.02458960613904155, ""3"": 2.287679245496111e-16, ""4"": 0.07429475436520065, ""5"": 0.19368741636082148, ""6"": 0.23492613439421986, ""7"": 0.1534836442411323, ""8"": 0.004210213801902238, ""9"": 0.2513313807742407}",[],[],1,0,0,0,0.0,f8ff7dc9585b3008def324c1cc277f55a2a2c44392105f73c8df77ea76436661,15b23c151e8455e5e24e1b88c17c0a94ffcc54af78c2afd7e56d8d84de670fec,"[""proposal_created"", ""proposal_committed"", ""audit_accepted"", ""committed_once""]"
29,trust_v2,1,A2,0,0,0,1,0,1,V2,78.22,,0.1,,2752e173c05e9d37b207c973a8f067b9fa8ca24b635df0c85c7293dda30cb144,1,"{""0"": ""709517638a2d3afcced5d8a36614f92dd3667bf53b2e0a7a98be7aa0fbeb394a"", ""1"": ""49d2e5212a203fdefd156f48d96b3ebac98f4e8a22bab779fc7d7e0d0695a0c7"", ""2"": ""80d531e2769f494a5565d66893e628d8b9b833453cb346815005e7e1d381cb89"", ""3"": ""d02559a1d825df339e4a9a47040a301ffbb6918440452f71b2774de97c3c5a89"", ""4"": ""af0025ba72fe37f961644239e8447dad45f9cfcdc11aded51c4906cafcd98ce4"", ""5"": ""429e6fb52eb663bab8ddbf9f274fe9404eb3c6057975de3cfa3e4e68dc0b6de9"", ""6"": ""a6fcf797d96c1dad4fd934894a9158592df02f129aa1ae098275d822165c2edb"", ""7"": ""5dd91143fa2f46a95605eb9c6c2055caadc81f277d94381c2c85d81559636989"", ""8"": ""9d28815efeef70c200dc379effdb4cf37b727a71138fad03c932b4a627563d54"", ""9"": ""e2bf2050a5347f68eeca67e57fcb2dc23ac1ef64052a5bd5b5ec76710ef0bc99""}",2b5e43e4ad9993a2a76921f9e63aa778e03813db99896be38f3874f61819ddae,0,1,1,0,2.458787381613591,0.0,"{""0"": 6.863037736488334e-17, ""1"": 0.021002988240693757, ""2"": 0.007376881841712465, ""3"": 6.863037736488334e-17, ""4"": 0.2039099309953676, ""5"": 0.09733348641492257, ""6"": 0.07393102125423093, ""7"": 0.2276665979581471, ""8"": 0.11175817437684592, ""9"": 0.25702091891807965}","{""0"": 0.12500000000000003, ""1"": 0.13550149412034687, ""2"": 0.12868844092085624, ""3"": 0.12500000000000003, ""4"": 0.1019549654976838, ""5"": 0.04866674320746128, ""6"": 0.036965510627115464, ""7"": 0.11383329897907354, ""8"": 0.05587908718842296, ""9"": 0.12851045945903983}","[0, 1, 2, 3]",[],1,0,1,1,0.0,15b23c151e8455e5e24e1b88c17c0a94ffcc54af78c2afd7e56d8d84de670fec,643507b7a9b00c7a4b24b82319a49d448fb6605691f92482f0246cc43fb14dd0,"[""proposal_created"", ""proposal_committed"", ""audit_rejected"", ""recovery_recomputed"", ""recovery_audited"", ""recovery_verified"", ""committed_once""]"
30,trust_v2,0,none,0,0,0,0,1,0,,73.08,,0.1,,7fd8ef87382e9ea5ccdb1131903e814b47c8f824ba2a123705227dd53fa978bd,1,"{""0"": ""4f79b30d2ad39bf4a47373aa56d4a92cb2ec8de1376398fc2f63998399c75316"", ""1"": ""c89d2ab7cfae56a49a0a56983e0d0ec1603c98b47af6f85f82f58898f19304f8"", ""2"": ""58e267528b081559697074ea5ed8ce3f6f6b0681c40cdb3f4d1aca2f609cc0ab"", ""3"": ""b6fa0bb7f3603a28b950196ea2dc943b005f0e3863bfe3ac0eeeb9e056fdb3cd"", ""4"": ""9f8a5f707246b6e5d7b9294ff6bdc47823a0f1f79b00393c96fcae206c056460"", ""5"": ""9844a349ffd48ad0b46b0350fc524747b56aeeb9cb30868e94957c058370d733"", ""6"": ""16a8cee189181363845f3dbfde1d0c2ddce361f327a4389ee4eb294489a902d0"", ""7"": ""c1208b4ca760ec24be98749a6b294ca11ddb3cefc7167adc5044420c17db0797"", ""8"": ""783604537b6c3056ede94f286d8aa956f7894d8c2a176f6efa540bdbac42a4a5"", ""9"": ""f17efffa47bf6db285b40242c2782e2d10fc77b42cb03841785c235e58acd842""}",,0,0,0,0,0.0,0.0,"{""0"": 2.0589113209465003e-17, ""1"": 0.007876540057859953, ""2"": 0.05326183998618174, ""3"": 2.0589113209465003e-17, ""4"": 0.1147752806341662, ""5"": 0.1361341238903939, ""6"": 0.4691613765984936, ""7"": 0.07835915865072787, ""8"": 0.033527452313053784, ""9"": 0.10690422786912293}","{""0"": 2.0589113209465003e-17, ""1"": 0.007876540057859953, ""2"": 0.05326183998618174, ""3"": 2.0589113209465003e-17, ""4"": 0.1147752806341662, ""5"": 0.1361341238903939, ""6"": 0.4691613765984936, ""7"": 0.07835915865072787, ""8"": 0.033527452313053784, ""9"": 0.10690422786912293}",[],[],1,0,0,0,0.0,643507b7a9b00c7a4b24b82319a49d448fb6605691f92482f0246cc43fb14dd0,af5226b892924f95ab4f72f62c8f43efefa1ccccc81718def3ff6915921071f0,"[""proposal_created"", ""proposal_committed"", ""audit_accepted"", ""committed_once""]"
31,trust_v2,1,A2,0,0,0,1,0,1,V2,78.27,,0.1,,c9ecb9ec7896eeee292e390ac2011be9ee5280f21ec60a90143ce9d98323a92a,1,"{""0"": ""4e9bf0a6c5441991c1e87e017cf902903d8fdd94cfcc7c0c3c590cf8794827b9"", ""1"": ""5d03d75316d42d1ccb18eddba22d57ebc6fab93171bbec62aad438f9bc1155cc"", ""2"": ""24f1008fe8a37cb277db1d3ff80ed7f6aee866a0052edd2bb115ea9f9398fec1"", ""3"": ""709bbe3f5db745c76326ec3362696eb015546c7602014804061db1d964f684f7"", ""4"": ""3a4bbf9bb9240509e41a84fec17800cdf022bb5194bfa01653585873ed1ea155"", ""5"": ""9d1b4c9aae58952658a2550ed62a9c818eafb2c76b156957733758e4b55decc9"", ""6"": ""2af5ed94a3b55e2951d5993d21e3c96ced735ee49e61977eb1cc240050da2092"", ""7"": ""8b2625ff58a801f2bd30b1396d30d47ca4bbbf97da75dffc7c8be15b21236e40"", ""8"": ""5896a8a1a08c33021f6e7e6155efed5974d56a7235e91e1a865dcb775184affe"", ""9"": ""7f4e3bad2cb17eb30b05d5e0d7ab695df9e182f8f36e25b55e8fc6b3b73f1186""}",5245a3842b5a3770578267614ad64f2cea296d378b69853d9d855cc5097507b8,0,1,1,0,2.618443961761535,0.0,"{""0"": 6.1767339628395014e-18, ""1"": 0.003682807231140112, ""2"": 0.015978551995854524, ""3"": 6.1767339628395014e-18, ""4"": 0.06873180544042665, ""5"": 0.2276829812421644, ""6"": 0.1407484129795481, ""7"": 0.317762315300713, ""8"": 0.14428173970698993, ""9"": 0.08113138610316328}","{""0"": 0.125, ""1"": 0.12684140361557006, ""2"": 0.13298927599792726, ""3"": 0.125, ""4"": 0.03436590272021332, ""5"": 0.1138414906210822, ""6"": 0.07037420648977405, ""7"": 0.1588811576503565, ""8"": 0.07214086985349497, ""9"": 0.04056569305158164}","[0, 1, 2, 3]",[],1,0,1,1,0.0,af5226b892924f95ab4f72f62c8f43efefa1ccccc81718def3ff6915921071f0,c1477ed0484b5806a29129adbe23f891ef1af1368ae6605f6e93a622fd8db25a,"[""proposal_created"", ""proposal_committed"", ""audit_rejected"", ""recovery_recomputed"", ""recovery_audited"", ""recovery_verified"", ""committed_once""]"
32,trust_v2,0,none,0,0,0,0,1,0,,79.99,,0.1,,e4a138fdf5826ed6f3b9dd59c66e90006707e94bed6a21faa11ae710688027dd,1,"{""0"": ""3b1b4766dd851658f0266313d8f5112eb70d5759fa348cd45ecf34f3f20c7abc"", ""1"": ""7e98572db3b889f3c2d6c829491c4ab3dc7d555771970f8691e8c589a4b957f6"", ""2"": ""487f3f470d9352df08ade89c275d9085f86f3c3d5ff07b999a6e738cde006d84"", ""3"": ""01804fbdd76066a1abf55834370e2cea0e11e08b70e95209fb1355bf8e5e9481"", ""4"": ""a48349f8d29975bfb50491393a4a5088dfed9ddb5c9343e67049be158a9d6f34"", ""5"": ""fd5c224691f5c168b8c5bf44f5e14d7e4e999d5c3e1c2b9ec32e81b77f63492c"", ""6"": ""80d1b8dd660e8596b19965b0e1c375756f3d23b5d6b47b3a2f2ef6dc9ab5abe1"", ""7"": ""86d2c43812043d536de58db114c4a0ff7a35c59c21637f1ed23f53b85b19ae24"", ""8"": ""ffad109ea6d6d9caeb574f76f37ecc9050729701fbceb9240d976b4388bae6cc"", ""9"": ""792fd9de5c28080567a0b616a78abfadbd74415a839717ad8ebe88aec88dc473""}",,0,0,0,0,0.0,0.0,"{""0"": 1.853020188851851e-18, ""1"": 0.0011048421693420339, ""2"": 0.004793565598756358, ""3"": 1.853020188851851e-18, ""4"": 0.11497944647339849, ""5"": 0.10346763027568356, ""6"": 0.24649440688949661, ""7"": 0.25726628785464484, ""8"": 0.04328452191209699, ""9"": 0.22860929882658115}","{""0"": 1.853020188851851e-18, ""1"": 0.0011048421693420339, ""2"": 0.004793565598756358, ""3"": 1.853020188851851e-18, ""4"": 0.11497944647339849, ""5"": 0.10346763027568356, ""6"": 0.24649440688949661, ""7"": 0.25726628785464484, ""8"": 0.04328452191209699, ""9"": 0.22860929882658115}",[],[],1,0,0,0,0.0,c1477ed0484b5806a29129adbe23f891ef1af1368ae6605f6e93a622fd8db25a,27771761ae06c9ae09adf2b59312a1248bee2f7cb1283a9c71b531acef3e47e8,"[""proposal_created"", ""proposal_committed"", ""audit_accepted"", ""committed_once""]"
33,trust_v2,0,none,0,0,0,0,1,0,,74.86,,0.1,,1d1b152260dfd8381474ba8bc2d2d36e73958c397a19d6cd2302fb5438b2d1e9,1,"{""0"": ""668bc9b295a728831ddcc17de665a3f5a2b764721b1ba1ab72e6e4bed72dd7f9"", ""1"": ""70eddea400c5a2b8ee5b3c5926c8fa8ab660dda58e43ef037f91489fa1e07bd4"", ""2"": ""fe7ed470e43815b43124c72bc181dcb16583ab0f2fb663058fd7d01ab8071a7c"", ""3"": ""39e71b5fcdf765576bd54ccd6c37b3a8a80abfd9fa24d6c5f617946fec069b96"", ""4"": ""eb14c609be8a2b1e2cff80b05cc5aac85af327a3885cc3c87515bb99fdb56df8"", ""5"": ""b7d4274181db4c6b2b43f8bfa9ead9b2d0bf704840d32e4023671e88d19c5317"", ""6"": ""dcf3fd9b6cc30bbb1009ff9d9f9fb19d1d960a848ad689d1b6e12f8edb971971"", ""7"": ""4682dd924ef02fc1c17c72e793c20ebe7d09e331319e82785147a2dd9f8826b9"", ""8"": ""ee29a53860ada48eae25373d4dc27b87f81c9d866abf3e16fe0f23833417f823"", ""9"": ""0c33a09024a9fb4da06cd780b5a95f2fa91c5d69624a419abb184cf897595155""}",,0,0,0,0,0.0,0.0,"{""0"": 5.559060566555554e-19, ""1"": 0.08860386404170732, ""2"": 0.0014380696796269076, ""3"": 5.559060566555554e-19, ""4"": 0.10137636685190163, ""5"": 0.08317654362896552, ""6"": 0.073948322066849, ""7"": 0.5256601680234778, ""8"": 0.05721387605949753, ""9"": 0.06858278964797436}","{""0"": 5.559060566555554e-19, ""1"": 0.08860386404170732, ""2"": 0.0014380696796269076, ""3"": 5.559060566555554e-19, ""4"": 0.10137636685190163, ""5"": 0.08317654362896552, ""6"": 0.073948322066849, ""7"": 0.5256601680234778, ""8"": 0.05721387605949753, ""9"": 0.06858278964797436}",[],[],1,0,0,0,0.0,27771761ae06c9ae09adf2b59312a1248bee2f7cb1283a9c71b531acef3e47e8,5032ca228abbdb7f4e1e3467d5f8056a9fe1de14fe78c18c463e64689374d6ab,"[""proposal_created"", ""proposal_committed"", ""audit_accepted"", ""committed_once""]"
34,trust_v2,1,A2,0,0,0,1,0,1,V2,80.83,,0.1,,947858b7a1b57c024c713147020beaa33c3164a92c12eed12dee44492c27aec4,1,"{""0"": ""6cd2d9873ba54e29c58f2782a3045c922d83b8d5ba7ca4bc907eb1ce557d38f0"", ""1"": ""4c7fd571dc6095dafbb6785104a0b725857355d83c3d9e9cb5dd89885d32c2f7"", ""2"": ""f665f6c62cfd932e89a73358dba2717ab56240e827c474f45a69cfc0743cb1a1"", ""3"": ""7f29e59ad2767e98f17194fe54dde5ac76371e77cb37bea39d196c417edd815d"", ""4"": ""c1c3c293f9845c272a440facf3cd7f2fbe209f1c19141dd06ad29d8a0062189a"", ""5"": ""c68618c2a2bc194b4bf55b09577b4297dc61e09e4f6e402e00eb6da101e928cf"", ""6"": ""a9a31fb6520420ca10f12154fd70bcc21d14657e065be1bc4df56edadf055251"", ""7"": ""24c4c6b447c0723e26220c5c2b6a2cdc2839cf66ae85684a71c693fa3ab1af52"", ""8"": ""e3d787757e7d5814512d8a8a0ec5b39dd7aaa652d67fcfc20e7fae8396ae095e"", ""9"": ""1425272dc8db559212ad6e347701af4ed18ba620408bc6590a3b2086e17bb9fc""}",6daef2d1dfc23e368bdbd1de7acc4e0750d5fde6c782c21a420b7814e2c840c3,0,1,1,0,2.6491906001978287,0.0,"{""0"": 1.6677181699666664e-19, ""1"": 0.026880624043220978, ""2"": 0.00043142090388807237, ""3"": 1.6677181699666664e-19, ""4"": 0.2786722728483215, ""5"": 0.1267644211257965, ""6"": 0.12328555375163977, ""7"": 0.15769805040704338, ""8"": 0.017433457232946464, ""9"": 0.26883419968714334}","{""0"": 0.125, ""1"": 0.1384403120216105, ""2"": 0.12521571045194405, ""3"": 0.125, ""4"": 0.13933613642416076, ""5"": 0.06338221056289825, ""6"": 0.061642776875819885, ""7"": 0.07884902520352169, ""8"": 0.008716728616473232, ""9"": 0.13441709984357167}","[0, 1, 2, 3]",[],1,0,1,1,0.0,5032ca228abbdb7f4e1e3467d5f8056a9fe1de14fe78c18c463e64689374d6ab,127d48c86cc646198dd5b31498208c3475bbc6e73fd2b22b68edaa0688008c38,"[""proposal_created"", ""proposal_committed"", ""audit_rejected"", ""recovery_recomputed"", ""recovery_audited"", ""recovery_verified"", ""committed_once""]"
35,trust_v2,0,none,0,0,0,0,1,0,,72.95,,0.1,,9fd81d62d375fffcec10c9319ad66629ccfe51247c8a584179495a9bc8feadb0,1,"{""0"": ""7e737c75b5f9c4f6a8e410226eb9d3050762f50f535ad805d2bd010e47e8b9e7"", ""1"": ""0b586c6512870cf8932b943da6ffc30181684981d6e4dff739a7bc0bae36a338"", ""2"": ""9ae45cc5184861906880de3d1e7fe9043771a3a575fe89946795bf4582f0d278"", ""3"": ""1383de5b7f467c2de2e54c36d1fc90a2c15e76b14a53c7622b240154144ced04"", ""4"": ""f7d7c5a418c89e54b402895cebe53b7a8abe26d94418face8b68b9bf2849c953"", ""5"": ""5c9a1b83a852a7bbf0ea7ec9b339c02ab80d44f692b05fcae5a3a56d44c03fd9"", ""6"": ""9dc7083ab16d84e62df09d16d101c084504696809b739151c800f2927f5205c4"", ""7"": ""9c583a46f83cec48295a20831240617ad9bdd4dca4845578bd6f9e2941b39985"", ""8"": ""33ec84af44486f3fba0c76e8e32edc4f655f7b9c1bd88a8a0ffa16557b82ca49"", ""9"": ""ebddf710ea0b075c2262de3858a31f47aa6bd3f49a8846b4004dada9dd779bec""}",,0,0,0,0,0.0,0.0,"{""0"": 5.0031545099e-20, ""1"": 0.008064187212966294, ""2"": 0.005224508554510534, ""3"": 5.0031545099e-20, ""4"": 0.1277465974100142, ""5"": 0.5700435180643897, ""6"": 0.14021477387307524, ""7"": 0.04730941512211302, ""8"": 0.00523003716988394, ""9"": 0.0961669625930471}","{""0"": 5.0031545099e-20, ""1"": 0.008064187212966294, ""2"": 0.005224508554510534, ""3"": 5.0031545099e-20, ""4"": 0.1277465974100142, ""5"": 0.5700435180643897, ""6"": 0.14021477387307524, ""7"": 0.04730941512211302, ""8"": 0.00523003716988394, ""9"": 0.0961669625930471}",[],[],1,0,0,0,0.0,127d48c86cc646198dd5b31498208c3475bbc6e73fd2b22b68edaa0688008c38,9539c5837781f843ca7e7f3958231746689ced61f2ad207ae938237e168bb8bc,"[""proposal_created"", ""proposal_committed"", ""audit_accepted"", ""committed_once""]"
36,trust_v2,1,A2,0,0,0,1,0,1,V2,78.6,,0.1,,d89c8fa04d34129ef62f47653811f1cf727389ebc50f2d1b41f7ebb00c0c02c9,1,"{""0"": ""74e0d979ef22b4f8fa91a9d545fe1e7ea4a6dec409ba15a60c9bd2311db3eca0"", ""1"": ""a61e70596ff9c854a72392392aef19d83a0c3523c6ce6d33b1ce5e34754dcbb6"", ""2"": ""79224fb64d7e24a08a75ba26e3006f1f496f361b184274cc8249172ade6ff3cc"", ""3"": ""facd0b143de7bc5156908cd008f9935673e0bbeeae480b7924e6565fd185029d"", ""4"": ""d30dc84a32b7abe530fabcb0b48f3859bcf2c1e7f75094d4e7495b8f77c3a3a0"", ""5"": ""99241bd45e296d2e9a30eaa6fae3d0b556d8797713582b2abf12dd117ff03a5a"", ""6"": ""d1038555fcdd65c1bfd031135a5fabb7fbe0033a4e72fd6e1f0a805174def620"", ""7"": ""b67cfc39ce3d53db8b617eff92a03c98207c1e537a572fd955548c377d195690"", ""8"": ""33e92e51ce2693b46ac8995603d391d442c2caa79cf3790029ea40840bf6feb4"", ""9"": ""23d14f10d2fcdddee67ebb3f8f9adbb43cd1d3c563aa99e27c136053b7182174""}",4f758cc8cc154fc0036414341438a838ac693bebc1a844011846d1795f1ff8c0,0,1,1,0,2.662616393438656,0.0,"{""0"": 1.5009463529700003e-20, ""1"": 0.0024192561638898885, ""2"": 0.04005251845986691, ""3"": 1.5009463529700003e-20, ""4"": 0.2264443291114654, ""5"": 0.35913340530777804, ""6"": 0.04673043587465143, ""7"": 0.20231317442509503, ""8"": 0.01157239461181467, ""9"": 0.11133448604543861}","{""0"": 0.12500000000000003, ""1"": 0.12620962808194497, ""2"": 0.14502625922993348, ""3"": 0.12500000000000003, ""4"": 0.11322216455573271, ""5"": 0.17956670265388905, ""6"": 0.023365217937325718, ""7"": 0.10115658721254753, ""8"": 0.005786197305907336, ""9"": 0.05566724302271931}","[0, 1, 2, 3]",[],1,0,1,1,0.0,9539c5837781f843ca7e7f3958231746689ced61f2ad207ae938237e168bb8bc,e79c56a1dfbbcd3adece5db4905c2a3fd5889594151ec1a8bba87f4d174c1231,"[""proposal_created"", ""proposal_committed"", ""audit_rejected"", ""recovery_recomputed"", ""recovery_audited"", ""recovery_verified"", ""committed_once""]"
37,trust_v2,1,A2,0,0,0,1,0,1,V2,80.32,,0.1,,4dcf7ea1c97f0b2094f5aa272fa81d092ea6658165bb1375047463d3824eac6b,1,"{""0"": ""ba29e660ea829c1f0de9e108bac9ed21fc6c7f5f667cff4215bafc718ed93787"", ""1"": ""8904e0ccd5d9adfb99c00237fc4af56b2251897dfd7739c2b8c81582c028fd62"", ""2"": ""e43cfb426de79d9ca13d9aff7d292749a31abb60567a6530bb7a600120d93001"", ""3"": ""2b67cc16743b81f5f6a61bfe4d70b4b1c8b91d8b2811cf14faba5bfffa6e4fae"", ""4"": ""0fbf6bbe5e6c031f68a3cf9627f75bde82e6c3fffe023a2753b1f6c6051fdedc"", ""5"": ""e91099484de581f122462681e3aa4aba36f7a845a4cf60cb917c23d48ec6ad03"", ""6"": ""66ef98030b8dc97547697bee199783613a6901a2db9e427c83bf2ef5b6a4707b"", ""7"": ""519da051a54644e4f2c640ea3995953823fac57a614e615857822af87870a897"", ""8"": ""e7235e717a82041032f02a18d513c99f1f2760d8be892f84bf81436ee9c751a7"", ""9"": ""0ff12dff2b90c5389e6f0e87b5c474523a0fbab635076b58e89bc34b2d5caa5f""}",954a0678e7649b4e06f04096f3aac24ce57305f9b0628ec52ec4ad825ac30e0d,0,1,1,0,2.762043814299439,0.0,"{""0"": 4.502839058910001e-21, ""1"": 0.06229985714281597, ""2"": 0.012015755537960072, ""3"": 4.502839058910001e-21, ""4"": 0.06793329873343962, ""5"": 0.1077400215923334, ""6"": 0.0477147188262997, ""7"": 0.33305037523035186, ""8"": 0.06348920422034428, ""9"": 0.30575676871645496}","{""0"": 0.125, ""1"": 0.15614992857140797, ""2"": 0.13100787776898004, ""3"": 0.125, ""4"": 0.03396664936671981, ""5"": 0.0538700107961667, ""6"": 0.02385735941314985, ""7"": 0.16652518761517593, ""8"": 0.03174460211017214, ""9"": 0.15287838435822748}","[0, 1, 2, 3]",[],1,0,1,1,0.0,e79c56a1dfbbcd3adece5db4905c2a3fd5889594151ec1a8bba87f4d174c1231,fe937f64e127c7e0fed59c8d64f0f2c552b80fec28a2682255c7db737dd616d6,"[""proposal_created"", ""proposal_committed"", ""audit_rejected"", ""recovery_recomputed"", ""recovery_audited"", ""recovery_verified"", ""committed_once""]"
38,trust_v2,1,A2,0,0,0,1,0,1,V2,73.61,,0.1,,f02df9efc8924ecc56affb4fbec86cc00be48612028588fa6b5f8a5bbdf3f33b,1,"{""0"": ""09cbb04b0fecb61f7a9910125f392d2b85f8811959156aa326444eb7151047aa"", ""1"": ""accc6fb0ead617eea7b8291e47b351f97b185ad501c82cc30a07f6f6fa00568d"", ""2"": ""70cbd43730e97c2da64b33f7091d702d37bd5fc6ebdb0a65be403b2b33a73ca0"", ""3"": ""3c41d595e325afc02429d6f6b5664e1d9b054323619a3af0d35f339e793df55c"", ""4"": ""fc875727394d89c9277521bd2b5ed4958d0d86dfc8bdbb555109d76ccb0eb3c5"", ""5"": ""435385e6713a996693ad08ecad0d5654bd8bfcc5cacd0139c88e0bd71dc669e5"", ""6"": ""922cfc954c5905c68e994456ba92209a7fa03f3bd2323bf2d0ce90b746c7630d"", ""7"": ""bec4cab12e4fc3d0053a2ee1a446eef577537f8b88d995cabfd344379e7e597a"", ""8"": ""5b58a519563df0e3cc738aa8f527563a0724c32955290e78e4be537eafba168f"", ""9"": ""62723448af755d76df501709b2587bd2f409f55fd3c3b3fc393be6a4654e89b2""}",c115833f8f65d0bd902c31af8d7973f55ece783172acee3138cd2c9484dc8f85,0,1,1,0,2.086476812540848,0.0,"{""0"": 1.3508517176730005e-21, ""1"": 0.018689957142844795, ""2"": 0.08392118889680117, ""3"": 1.3508517176730005e-21, ""4"": 0.2274002265158068, ""5"": 0.23934224337347493, ""6"": 0.21766071606272197, ""7"": 0.09991511256910558, ""8"": 0.01904676126610329, ""9"": 0.09402379417314143}","{""0"": 0.125, ""1"": 0.13434497857142239, ""2"": 0.16696059444840058, ""3"": 0.125, ""4"": 0.1137001132579034, ""5"": 0.11967112168673746, ""6"": 0.10883035803136099, ""7"": 0.04995755628455279, ""8"": 0.009523380633051646, ""9"": 0.04701189708657071}","[0, 1, 2, 3]",[],1,0,1,1,0.0,fe937f64e127c7e0fed59c8d64f0f2c552b80fec28a2682255c7db737dd616d6,6e4ed0031f2347080b0ef408f56666bf38931e41720f1d0d9328ec52b5e4fbbc,"[""proposal_created"", ""proposal_committed"", ""audit_rejected"", ""recovery_recomputed"", ""recovery_audited"", ""recovery_verified"", ""committed_once""]"
39,trust_v2,0,none,0,0,0,0,1,0,,76.95,,0.1,,8662fc75cf49b675d327e6a518aa0f3ced87d6f25f5068888823b25746026bec,1,"{""0"": ""c200ab4745e687d1ea36b3acc7c459fcde2a0a19bbadd41c92b203f995c5e42c"", ""1"": ""636f6da0c29c5d4fdc952cb2ed55ef1145bbdc41aa4be9e91ad53cca7c6b1b84"", ""2"": ""6873567121df63d872e05da89c2ee64259159f6336dc5aa92fbdd44fcc972f24"", ""3"": ""1ff4572e4cb01ee43a678d2f566e3d42aacb15cc270d63b967afc64fe35e9ea4"", ""4"": ""9a486a0b9695459754e38b452cc01999ef2c8fe199104be5f84d0666ff0d4abb"", ""5"": ""38999bb11d314e5152df6289e942a0eee85198a0bba464ce68e0830d13069e49"", ""6"": ""c4e19948fcccaad0c67b34705f43cef29837270bee5b02babda470167d71f3ac"", ""7"": ""cbe5bbe9c01989375938e7c840a2a28a49f2e004e07f3067f13d712119661ec8"", ""8"": ""ef187f695cee67cf4b4175500250fd553662bbcae2811a0bb7e132186099d374"", ""9"": ""824e6d131d6720ef8c5226cd94780d885d5506eab2fa7e88ff9ae8e55c9a4bc3""}",,0,0,0,0,0.0,0.0,"{""0"": 4.052555153019002e-22, ""1"": 0.09203505755635734, ""2"": 0.025176356669040355, ""3"": 4.052555153019002e-22, ""4"": 0.07736283889040656, ""5"": 0.07439886731789505, ""6"": 0.0652982148188166, ""7"": 0.3009983592608317, ""8"": 0.0654993417446099, ""9"": 0.29923096374204244}","{""0"": 4.052555153019002e-22, ""1"": 0.09203505755635734, ""2"": 0.025176356669040355, ""3"": 4.052555153019002e-22, ""4"": 0.07736283889040656, ""5"": 0.07439886731789505, ""6"": 0.0652982148188166, ""7"": 0.3009983592608317, ""8"": 0.0654993417446099, ""9"": 0.29923096374204244}",[],[],1,0,0,0,0.0,6e4ed0031f2347080b0ef408f56666bf38931e41720f1d0d9328ec52b5e4fbbc,06e74f1056b8141dd8a841daa384c382b363239cfe6295f10f5009abf3795dab,"[""proposal_created"", ""proposal_committed"", ""audit_accepted"", ""committed_once""]"
40,trust_v2,1,A1,0,0,1,0,0,1,V2,79.68,,0.1,,826b153c188cb5efd7e62cc280ae5f7ac9e094509684b6358e214ce665b221b3,1,"{""0"": ""0f85f9e324795a7c0f70fb50c15dcefd773f10b97e9bc27c2f27b447a18e4126"", ""1"": ""77d6e1a05ff3f4d722276c59db52cb94eb68e4c19e6d9ff40ea6d4345f95639a"", ""2"": ""3dfbc9cbbaf01a2e2549398422b0b338ad5875165bee3dbdc7f59c0bdd2b2ba8"", ""3"": ""d5b42b18495e4f5742a9ea6aaa5a96d40dfbd6ae816e656bdaab81a58ee8ae32"", ""4"": ""087e2502beae3226336e4088c6e0b6cf3c6aba0ac0676d661fa784471a538308"", ""5"": ""c20506eeccb1e8c2c9b4ce943a384ca110d0e012fa7bdb97e2cd8a63d5f76962"", ""6"": ""98b34b080ff9b289985aa5ccde39e471fe70ce1414a77c896f7969c47d4065ec"", ""7"": ""55aca9f3a53b8f51a6e0698be48670b60e5a777e659f0b4501c17f02880f4954"", ""8"": ""40817a4539001c44f7143a59e34ead529bf633f994cf8854bd7f9339345d6777"", ""9"": ""82552538d43e41d6ea32f542e0ebd04d5c42db6185e8011406d7651e81418ec2""}",456be9c49d637460dc0be082f751508b4f15302b5209c5ea06a485fe95180d1a,0,1,1,0,3.596144767747456,0.0,"{""0"": 0.75, ""1"": 0.75, ""2"": 0.75, ""3"": 0.75, ""4"": 0.20970415941677611, ""5"": 0.20881496794502266, ""6"": 0.20608477219529914, ""7"": 0.09029950777824952, ""8"": 0.021450714348992875, ""9"": 0.21637760032980985}","{""0"": 0.1897421967251121, ""1"": 0.1897421967251121, ""2"": 0.1897421967251121, ""3"": 0.1897421967251121, ""4"": 0.053052970493509606, ""5"": 0.052828014302629955, ""6"": 0.05213730318390715, ""7"": 0.02284483595872188, ""8"": 0.005426807549201055, ""9"": 0.05474128161158195}","[0, 1, 2, 3]",[],1,0,1,1,0.0,06e74f1056b8141dd8a841daa384c382b363239cfe6295f10f5009abf3795dab,07cbd3d9bc02320d0cbd7eebc795ea50e258431eba9d0d733974fcfa7a896e06,"[""proposal_created"", ""proposal_committed"", ""audit_rejected"", ""recovery_recomputed"", ""recovery_audited"", ""recovery_verified"", ""committed_once""]"
41,trust_v2,1,A2,0,0,0,1,0,1,V2,78.43,,0.1,,9b9cf536b12e990b578e3267d230c4f738db5a86453e21fe05af34ac5054cd78,1,"{""0"": ""78cf1ad518199085cdbed8716c757f0d5105cad80283ca859f68e5078545d99a"", ""1"": ""e412ebd122b81e57dfa11ec39c42d3bcb01675a911b3c8b3ce3fba7315218d52"", ""2"": ""0253dbe7e67e148c9c51bc9774af26f8b7e771f0d2827ff423773e76de876fc8"", ""3"": ""b7c477447567bcd8d0fa0d19d963b67f42a563eb3f016c10466134e9defaf372"", ""4"": ""420fc17d106f3d993032c20c80e5adb253b72cb0f93e6e3cd380b21d0e475b15"", ""5"": ""4f6e9284e3397f1e4424ca94ae229e211728e29d5409b49227688326516ad8f9"", ""6"": ""68fc8496b8602378a0d8d50e1bd6e89a49af42becc5c6fe2a34bbb1aa5958208"", ""7"": ""8a9d0f2b7e606090fffa9290b14204db7c49a41d89a5af29844a96a14f986b95"", ""8"": ""64431170a247466772121b649a7afeaac518eccb26876384bc74afd0b843c3af"", ""9"": ""6180138ecb337444044748d18b8c0602e8761ee2dfb443b0a66af600781f6708""}",52ebe468ee60985af11d5d9990fa0c0ca163e2018081e67cc9098ba875de5c03,0,1,1,0,2.3142069946651644,0.0,"{""0"": 3.647299637717103e-23, ""1"": 0.046891062890103086, ""2"": 0.005897328215682782, ""3"": 3.647299637717103e-23, ""4"": 0.06291124782503284, ""5"": 0.0626444903835068, ""6"": 0.06182543165858975, ""7"": 0.49373987020513604, ""8"": 0.13428103089093524, ""9"": 0.13180953793101355}","{""0"": 0.12499999999999997, ""1"": 0.14844553144505152, ""2"": 0.12794866410784136, ""3"": 0.12499999999999997, ""4"": 0.03145562391251641, ""5"": 0.031322245191753396, ""6"": 0.03091271582929487, ""7"": 0.24686993510256797, ""8"": 0.0671405154454676, ""9"": 0.06590476896550676}","[0, 1, 2, 3]",[],1,0,1,1,0.0,07cbd3d9bc02320d0cbd7eebc795ea50e258431eba9d0d733974fcfa7a896e06,699cb4872ddc3b0acd029edf56cc7d779dfdb035c22e5c6a3635e542419d6380,"[""proposal_created"", ""proposal_committed"", ""audit_rejected"", ""recovery_recomputed"", ""recovery_audited"", ""recovery_verified"", ""committed_once""]"
42,trust_v2,1,A1,0,0,1,0,0,1,V2,82.92,,0.1,,c70bf11160f3f24f6811118ef7cb56d1c9c9c7c369fdbc855909542988b547f6,1,"{""0"": ""0d4a0b320429a71645871898233323bd3723236a2471b338b414ae7d7af775cd"", ""1"": ""47c66545730af4415b45f09ba1f70f116ab356f1aae54b6779691cf703970756"", ""2"": ""8d0a600c0a42dc17b2c827f1a0b6ad001f2378766351c8ff09d23987905fb812"", ""3"": ""9272843fce7324e4f15804a28975485cb807450afee9eaca672eb017c5a9b5e4"", ""4"": ""60e4f85b45e1559b6115a935a2527044d04462ecf48b4a4e4a09361746d9c16c"", ""5"": ""9316b11d1a7d3e14af7c3a8a4ea13521397b97c75acb6ecd5c9a4268dd125e0f"", ""6"": ""7ef734f9c41d9fa98201ff83616264d884bd3f07bb6251c58de90e30f5edf31f"", ""7"": ""c4ff56299f9e0c83e4f89d02ee2f0c56d1f137fb39a3b973c24254fb5dbb6df2"", ""8"": ""4dd8563fb704e2d540982bfdfb0ac31660e40a7c923c7b12a78016ae774efea0"", ""9"": ""e74b4b335404e49108ee1e08a02fd61f63a0d5402601fd5629a0da8d33e85389""}",bb42150d09817f9ba225a29ad0a38134c1ec956549fdb395f1ac92444997aa6a,0,1,1,0,4.699013827772275,0.0,"{""0"": 0.75, ""1"": 0.75, ""2"": 0.75, ""3"": 0.75, ""4"": 0.24063236535333662, ""5"": 0.04752406857535608, ""6"": 0.2403066205034037, ""7"": 0.14812196106154085, ""8"": 0.0462766147894961, ""9"": 0.2613018523851309}","{""0"": 0.18824528743928748, ""1"": 0.18824528743928748, ""2"": 0.18824528743928748, ""3"": 0.18824528743928748, ""4"": 0.06039721171084599, ""5"": 0.011928242599003085, ""6"": 0.06031545180030267, ""7"": 0.037177681514800935, ""8"": 0.011615139537021167, ""9"": 0.0655851230808763}","[0, 1, 2, 3]",[],1,0,1,1,0.0,699cb4872ddc3b0acd029edf56cc7d779dfdb035c22e5c6a3635e542419d6380,f180c337d6d7055ea3094709cd094be680af58208d720d30a5c508035a600345,"[""proposal_created"", ""proposal_committed"", ""audit_rejected"", ""recovery_recomputed"", ""recovery_audited"", ""recovery_verified"", ""committed_once""]"
43,trust_v2,0,none,0,0,0,0,1,0,,80.32,,0.1,,9fa43539ef9f7945a745da435f151013838f1ebcf0dea6b52cdc0627ed6618d8,1,"{""0"": ""2fd008731e9fd95670556bb1d23b40470d5890af3c89578adf96a9820d42f3bd"", ""1"": ""2d213f55050106d9d845c302ea082fa8bc224334b474c949930e7b27cdb661ab"", ""2"": ""45e1382745ced139ed4b1394094123bcadb3829ee14265b85e6cba7995522e19"", ""3"": ""d746bd4d6bea3d0991d63e3c34ea5e239b8f868aac21d5867b23f76db6d4d4d8"", ""4"": ""dcd6ea0cdf06408a4b0f989a3faca380226b1dd9404a479160741a26594e498b"", ""5"": ""56fddedbf44d4aeeaadc2bfc408f4f86796356015a2101a924181d33ecdb8594"", ""6"": ""7dea398db3bf4a8b0999a2538571ed0f3355ea45b97d68a01d52deafaa675612"", ""7"": ""cc37f3b9bdc388f856b0d0558944b2e7129aa431b7f2967c96570d8c10a7b5b5"", ""8"": ""b852c39ce7c862e6532192f4599614abf91385c1b1885e3ac22958989a4f2b34"", ""9"": ""fdac3747aed8d44e2bb2512932909b74f07be53340043939ce827df17c5fa52e""}",,0,0,0,0,0.0,0.0,"{""0"": 3.282569673945394e-24, ""1"": 0.00422019566010928, ""2"": 0.0005307595394114506, ""3"": 3.282569673945394e-24, ""4"": 0.19790051851555923, ""5"": 0.17995315218999403, ""6"": 0.07209198615102112, ""7"": 0.24873321805498952, ""8"": 0.21817961417337609, ""9"": 0.07839055571553927}","{""0"": 3.282569673945394e-24, ""1"": 0.00422019566010928, ""2"": 0.0005307595394114506, ""3"": 3.282569673945394e-24, ""4"": 0.19790051851555923, ""5"": 0.17995315218999403, ""6"": 0.07209198615102112, ""7"": 0.24873321805498952, ""8"": 0.21817961417337609, ""9"": 0.07839055571553927}",[],[],1,0,0,0,0.0,f180c337d6d7055ea3094709cd094be680af58208d720d30a5c508035a600345,ffbb41cdca3b80e7d9dd0faf1442950ac12ed760e4af7a0a1c89e5a65ae7eab9,"[""proposal_created"", ""proposal_committed"", ""audit_accepted"", ""committed_once""]"
44,trust_v2,0,none,0,0,0,0,1,0,,79.56,,0.1,,926dfef80a7d57247126e778c3563b99a061b479fbcf9d8891942041e2b591b9,1,"{""0"": ""fe679e0148f91eee5b8dca38201ed3ee590193c44960f0417c240aa15fb6930f"", ""1"": ""5df70c229ebf9347434b43894e009b75821d47b3855efd0f0025bbe2c62ec03d"", ""2"": ""19bc7419b32ce40ab497a024fc5639c0e7958013451e144a516964a2a33029ce"", ""3"": ""e29bc691a66873dad6bcd2536eed9fa04d2fb365573060590e99460f4d06a334"", ""4"": ""5917f290bdaf5c3caf822d9031e7d3736a9d887c0119aaf353ce327843a7c53a"", ""5"": ""0d755f9884cdd1f7c4605853bcbd7a9c8896b9e6f601affbef3005b03410c95e"", ""6"": ""6dfb8c63a067eba4d88220445cdd7f6322cce783b327b1b7911dce5640d3f629"", ""7"": ""90c28e1d6883019169f4b2002805112569e661cc40d58e2bd6dd4c5b93ac380b"", ""8"": ""b0d17c0f581f8f5fa6f23034a21abffb8af161f995e563fbb4aecae9a9b7e8f8"", ""9"": ""b46c73343daae38d3f7c2c2b7310dfe73a21a25a3714a0bd8b580fa42c20718c""}",,0,0,0,0,0.0,0.0,"{""0"": 9.847709021836184e-25, ""1"": 0.0012660586980327842, ""2"": 0.00015922786182343522, ""3"": 9.847709021836184e-25, ""4"": 0.062204873111452876, ""5"": 0.05568973355924463, ""6"": 0.3691956674662498, ""7"": 0.0749453167155784, ""8"": 0.06545388425201283, ""9"": 0.3710852383356053}","{""0"": 9.847709021836184e-25, ""1"": 0.0012660586980327842, ""2"": 0.00015922786182343522, ""3"": 9.847709021836184e-25, ""4"": 0.062204873111452876, ""5"": 0.05568973355924463, ""6"": 0.3691956674662498, ""7"": 0.0749453167155784, ""8"": 0.06545388425201283, ""9"": 0.3710852383356053}",[],[],1,0,0,0,0.0,ffbb41cdca3b80e7d9dd0faf1442950ac12ed760e4af7a0a1c89e5a65ae7eab9,d9997d2076a8cf16ac5519f6d9ca792b33a550c06a92b2b572629024ea5e3894,"[""proposal_created"", ""proposal_committed"", ""audit_accepted"", ""committed_once""]"
45,trust_v2,1,A2,0,0,0,1,0,1,V2,79.73,,0.1,,1a2669417d28dd4374edc5ccdf2f246c2f5515606f160307ddd370f49281c764,1,"{""0"": ""c14fe7e659d22786df2b017937d527a21ebadfc238cf17599801fe942e082200"", ""1"": ""49a250d12d1fd7a9cdf433722b70bdf51b87eec27176121b3a1462b697ad2260"", ""2"": ""e7c1fa7b06c09597ec07423261fd2138cd46866e75656991a5f30edbe2b3c7fc"", ""3"": ""df4432fba5b4e0c4a0dff499d428f9ae4337623b4f037cbbde686bbff36e4eba"", ""4"": ""41e9c2842759f3a8465316e5bed0b9af0bc8b7e3d460867328b6e7e8b1648fea"", ""5"": ""0f8e0043c818271ce16cb30c18035be6f1a5f96ea0269da2a037b25c452747c5"", ""6"": ""48976c7c84faa7678677e07b7a60f290543904cc9c9ded4d81bf85ca19950d42"", ""7"": ""132ffa9d28da2e7542880c62e6f2bcbfb1473af94f8b7bc173bb3fc8e42ae10e"", ""8"": ""72a2dd514a3e1829f7558d53daa98c4ff6ab13f157087a002804f9b0f9aeef4c"", ""9"": ""d123b7b19aeb4be8d5151ac63a0d9dd310d7b369c63146b131a03d3cd7fdbbdf""}",78956e920a08dcafad54a350e8dc57b6c45aadb02d18c2e3f23598d2564f987b,0,1,1,0,2.349295831227311,0.0,"{""0"": 2.954312706550856e-25, ""1"": 0.0003798176094098354, ""2"": 4.776835854703058e-05, ""3"": 2.954312706550856e-25, ""4"": 0.34870764826957235, ""5"": 0.02802147893273024, ""6"": 0.11075870023987498, ""7"": 0.35252978135081, ""8"": 0.04187615867273347, ""9"": 0.11767864656632226}","{""0"": 0.125, ""1"": 0.12518990880470493, ""2"": 0.12502388417927351, ""3"": 0.125, ""4"": 0.17435382413478617, ""5"": 0.01401073946636512, ""6"": 0.05537935011993749, ""7"": 0.176264890675405, ""8"": 0.020938079336366735, ""9"": 0.05883932328316113}","[0, 1, 2, 3]",[],1,0,1,1,0.0,d9997d2076a8cf16ac5519f6d9ca792b33a550c06a92b2b572629024ea5e3894,c999a922242847d7d00c0d10e12cc900856fa921ec08e7f2239530cbeda66321,"[""proposal_created"", ""proposal_committed"", ""audit_rejected"", ""recovery_recomputed"", ""recovery_audited"", ""recovery_verified"", ""committed_once""]"
46,trust_v2,1,A2,0,0,0,1,0,1,V2,73.89,,0.1,,b49118579af11a1d4062578faaad074c640bbfd3a609d9c928b2793948dfb192,1,"{""0"": ""76aa075f35c0517c3f35558747fa250fd882737c7ba522a23b54eea1b2149ec8"", ""1"": ""21fc53217149097d3b906a7d55113323642220155564e25ea393270f4e1be0d8"", ""2"": ""5d717dbeea79c14c573f4f378f27b0a8d1882f667098ddf025064f68c269bf5d"", ""3"": ""feee17399d1cc95a3cffc857a24b90f4566f8efd566a66ce7d3068ce1fc8db70"", ""4"": ""4798e3f623ce00005768f094e68320df0767f372f38cf1033c66d2a1f412c8eb"", ""5"": ""a45ce226e04df7814606806352806b14e226ad25a986b266d526161e7c9c7c01"", ""6"": ""1836c975f2d9206e6019230d0d388d371ff4f1695fe4db5c2de94bd4a047f671"", ""7"": ""927d730f15903f89230d6b92ec71657f8fbde8e09c23b0854ce281238b454428"", ""8"": ""1018c9ff675efe945325615867f54b475949fb5c8d8ef6c042e07337fb3f2893"", ""9"": ""f2aeabd71ef78093fab1b4af48a723ba862344972fa164ae2fda9a6d1a55223a""}",7d582ba17b58225cbdf4bf72d387d0ce07946db634129ce712b575e1bbeb795e,0,1,1,0,1.714654579356894,0.0,"{""0"": 8.86293811965257e-26, ""1"": 0.21644277510139054, ""2"": 1.4330507564109176e-05, ""3"": 8.86293811965257e-26, ""4"": 0.10461229448087173, ""5"": 0.22473527349838665, ""6"": 0.24955643989053009, ""7"": 0.11426280308573242, ""8"": 0.012562847601820042, ""9"": 0.07781323583370446}","{""0"": 0.125, ""1"": 0.23322138755069527, ""2"": 0.12500716525378205, ""3"": 0.125, ""4"": 0.05230614724043586, ""5"": 0.11236763674919333, ""6"": 0.12477821994526504, ""7"": 0.05713140154286621, ""8"": 0.006281423800910021, ""9"": 0.03890661791685223}","[0, 1, 2, 3]",[],1,0,1,1,0.0,c999a922242847d7d00c0d10e12cc900856fa921ec08e7f2239530cbeda66321,3d97f8793204d64a9a9876475b66cc3dc12ef6b3ff78fb32e03ef2c37b10a843,"[""proposal_created"", ""proposal_committed"", ""audit_rejected"", ""recovery_recomputed"", ""recovery_audited"", ""recovery_verified"", ""committed_once""]"
47,trust_v2,1,A1,0,0,1,0,0,1,V2,80.58,,0.1,,23fad3457bfca470c07fc4642f3b1857cdd11833a649bb25bd89da7211005514,1,"{""0"": ""521a73168fd4f9ec1afd190415d00fe2b3e562714fb7198236b2233e244c06d1"", ""1"": ""b75e1f9a7a1cd7a2c3491ed7797e49753331bf2fdaa83e4ef24c23a9538aa504"", ""2"": ""c773cde7f143b93e90fadd94f94285d47b442591663cc999c564a1090576523a"", ""3"": ""8d2d57321687990cdedcec4b08d86f191f92050d12d0fdb0e1b9a64c99f85bcf"", ""4"": ""a2ccc99f856baed9477f1602321cd95c733f0c9b4c1627380fcfdf61eb2e29cd"", ""5"": ""4e90da5000a9751d6d56b68649e93af883de2381446be334b6ae30fcf0ae9032"", ""6"": ""7b112efc3b5e56ec8096c61456b95f4490dccc70eaa850049b45ecd479d3d443"", ""7"": ""9be83a22e58d03275a340756ca35f9c4962481e73856b94b617329b2390ff045"", ""8"": ""ebab73885540aff70825ff35c8c8618f8eef0ef772e9ef8cfe82052bf78eb912"", ""9"": ""2edf60227e4a143b753739584b9fdccc1b8ef58fd8df9bda867c7419d270fdb0""}",86b8b82169bd222ab65f3835bd96b3cf662f3f4990f17a08e1d03d5f669211f3,0,1,1,0,3.1580321606262918,0.0,"{""0"": 0.75, ""1"": 0.75, ""2"": 0.75, ""3"": 0.75, ""4"": 0.14959463077564117, ""5"": 0.21722903097928017, ""6"": 0.07486693196715904, ""7"": 0.1840872898554839, ""8"": 0.03222857851923899, ""9"": 0.17315241967987552}","{""0"": 0.19576322025365642, ""1"": 0.19576322025365642, ""2"": 0.19576322025365642, ""3"": 0.19576322025365642, ""4"": 0.03904683553772833, ""5"": 0.056700606182780236, ""6"": 0.019541588923203287, ""7"": 0.04805002755983704, ""8"": 0.008412227086832057, ""9"": 0.04519583369499336}","[0, 1, 2, 3]",[],1,0,1,1,0.0,3d97f8793204d64a9a9876475b66cc3dc12ef6b3ff78fb32e03ef2c37b10a843,42d121b414449b91644779251f61932ade8170fb1f016c7756fb83bb0465e5cb,"[""proposal_created"", ""proposal_committed"", ""audit_rejected"", ""recovery_recomputed"", ""recovery_audited"", ""recovery_verified"", ""committed_once""]"
48,trust_v2,1,A1,0,0,1,0,0,1,V2,76.97,,0.1,,3c767256bd7b396ec9a7fb531eef381d521a15bf76df67dc9383852013e6858f,1,"{""0"": ""0f90726b3095902ff5b53a4d6e1e4eb9c3ce1cc85b9eed1890282de712f5ddea"", ""1"": ""a306ca5d2da53216dc6454f4d2db2dc89f8c1ffe5b1164bfff594cb1670fad8a"", ""2"": ""782a60765d2659312ec48fcd8633291f2df85bc5b67248dfa8c62425bdd78ad8"", ""3"": ""c96b754964106fe1540e5b797147428921fa2594cefcdfbb3f4115d3300fe47d"", ""4"": ""c72b4d59f4bf249cf8d5580b1392edcf2cc3cafa75808d19a5672ef429d13fe6"", ""5"": ""9b38e1b92a3e3dfba0fca037bfe8b0ed984a10aced40d534e7e7c36e3abb6b94"", ""6"": ""032e2fc3be5fe18efcee0e5fbc092e63249aad21969770f35d1061b825ac15f8"", ""7"": ""f7fbdc4ac2b99416af091a095e0593f34241a3b6059f8e0875152e845b4139a7"", ""8"": ""32f1a591fa499529f6546702d2c6975603d7517dea89ba6304b1c8608305ef51"", ""9"": ""a98ef5a91eb52a458d220f3ee94290563f2ce75bf098dcd6bb8dca5cacec6173""}",d380d0e99b774e8b79c7cbd1fc4313f24fa7c59a19c44d655fb95fc775e517bc,0,1,1,0,3.3251198446639108,0.0,"{""0"": 0.75, ""1"": 0.75, ""2"": 0.75, ""3"": 0.75, ""4"": 0.17291240812326955, ""5"": 0.1176193155282381, ""6"": 0.39240846466019436, ""7"": 0.055226186956645176, ""8"": 0.04701477772567574, ""9"": 0.10133298547627806}","{""0"": 0.19297498305131436, ""1"": 0.19297498305131436, ""2"": 0.19297498305131436, ""3"": 0.19297498305131436, ""4"": 0.04449035870259986, ""5"": 0.030263447227425258, ""6"": 0.1009666890893244, ""7"": 0.014209696655929763, ""8"": 0.012096901246364785, ""9"": 0.026072974873098457}","[0, 1, 2, 3]",[],1,0,1,1,0.0,42d121b414449b91644779251f61932ade8170fb1f016c7756fb83bb0465e5cb,c8d1256d109e14db6d987ad6584551228d7f237e160607f713959659171831ce,"[""proposal_created"", ""proposal_committed"", ""audit_rejected"", ""recovery_recomputed"", ""recovery_audited"", ""recovery_verified"", ""committed_once""]"
49,trust_v2,0,none,0,0,0,0,1,0,,81.3,,0.1,,4ab829eeb8e2f6264de8f89a1261bfd03fa0eec31b305a0884d0d624535643ed,1,"{""0"": ""0d4819a55ca7be988057bebc400c088eca81f2babb5dea526a3b6a55a35a41c2"", ""1"": ""000e8aac8999479115baafe4f0059272b4cd0b5d2a864d21accf9d66791ac1ec"", ""2"": ""ba3ae54cf58eabf99aec8d8154f5d65d2d41027bae1792bdaa97bbe6ab580555"", ""3"": ""2dace0dab959b6de1d743974d3f5f2fba66286caaaa0a63d94a8365019275b18"", ""4"": ""c4b603fc2c9a7a270dfb5705b7abddee19b5845d5b2d969676d0f47da7cbf641"", ""5"": ""b2c3c28db9cebd5d5b6da93ad4d38e74998d86b72e920cf3dbd64a30bfb19c81"", ""6"": ""1874526bba1a6e8e15b9ae170a5e4dc2ded47065a55c7040e08b3ef479165af6"", ""7"": ""ac39de7e3f9ab78dad209a529dff0ca40eaa19e4ed5cac871f1fe923c3e4bde2"", ""8"": ""a77b6a848d6f032be9901e9cb3d404dc0f6b9599ad7faee851d834f7eef4252f"", ""9"": ""21ec7378ecc7a9eb9e1cd54e7841d9b2a4ed50f1eb29dd5b959226ff2ab08579""}",,0,0,0,0,0.0,0.0,"{""0"": 2.392993292306196e-27, ""1"": 0.030123618439135084, ""2"": 0.02041924967300177, ""3"": 2.392993292306196e-27, ""4"": 0.054753363446282205, ""5"": 0.040610830632873005, ""6"": 0.11772253939805834, ""7"": 0.2761749201235206, ""8"": 0.2737114973542297, ""9"": 0.18648398093289945}","{""0"": 2.392993292306196e-27, ""1"": 0.030123618439135084, ""2"": 0.02041924967300177, ""3"": 2.392993292306196e-27, ""4"": 0.054753363446282205, ""5"": 0.040610830632873005, ""6"": 0.11772253939805834, ""7"": 0.2761749201235206, ""8"": 0.2737114973542297, ""9"": 0.18648398093289945}",[],[],1,0,0,0,0.0,c8d1256d109e14db6d987ad6584551228d7f237e160607f713959659171831ce,d1428dfdbc096986582c96f4b1ec3531a8228bd524b6bb70040699c312de16ee,"[""proposal_created"", ""proposal_committed"", ""audit_accepted"", ""committed_once""]"
50,trust_v2,0,none,0,0,0,0,1,0,,83.3,,0.1,,72beec1560949a0336957171124a7d59a007beaf834f02467f08664eaacbe14f,1,"{""0"": ""f30f0ecf189cf6b7ac599d89580538ba130757c5f2569a51bdb74a2e02aec072"", ""1"": ""e0a00d4ad0264ccf64fadda34788092db19e4d972b8daec73916a9686565cba1"", ""2"": ""8ebce3d10827a6704e2908467d0bedfe261bdc67f0a07de24ed4f24bf5e718e1"", ""3"": ""9849ef896ac491b8fda6a3a4fd6a97284f2ac480a77c46ccf2ee39bac3166548"", ""4"": ""348cd46930bee044c12d9d7f4973f40ac61f0ab19f17382f6b95a454a96da3ef"", ""5"": ""875e5b96376aebea459397866bbd636483905564c7a213f75bd4f74a462789f4"", ""6"": ""be742f69c36e7e05012029e800091f6335263c524d9225eceb9d0171a80893f6"", ""7"": ""95b851cb80f74d81bd5941e6eeb12c0c6dfc350ddf9f4daf38f9f194c1fb7409"", ""8"": ""1c95e5bdbeeccafe7455314d1715a1fa7505944da02b9458e88e04343b507fa6"", ""9"": ""3aa30ca7991255b93b901375c36f3009be8ec9241f36b2feffb69be8b3192599""}",,0,0,0,0,0.0,0.0,"{""0"": 7.17897987691859e-28, ""1"": 0.009037085531740527, ""2"": 0.006125774901900531, ""3"": 7.17897987691859e-28, ""4"": 0.19142600903388465, ""5"": 0.1871832491898619, ""6"": 0.2103167618194175, ""7"": 0.08285247603705619, ""8"": 0.08211344920626892, ""9"": 0.23094519427986981}","{""0"": 7.17897987691859e-28, ""1"": 0.009037085531740527, ""2"": 0.006125774901900531, ""3"": 7.17897987691859e-28, ""4"": 0.19142600903388465, ""5"": 0.1871832491898619, ""6"": 0.2103167618194175, ""7"": 0.08285247603705619, ""8"": 0.08211344920626892, ""9"": 0.23094519427986981}",[],[],1,0,0,0,0.0,d1428dfdbc096986582c96f4b1ec3531a8228bd524b6bb70040699c312de16ee,f0204494759e7b35fb22ce461f040eb2af80885b4f586fe4236be932821716c6,"[""proposal_created"", ""proposal_committed"", ""audit_accepted"", ""committed_once""]"
