round,group,attack_active,attack_type,v1_trust,v1_agg,v2_trust,v2_agg,consensus_passed,healed_applied,heal_source,accuracy,v1_projection_residual,v1_projection_tolerance,v1_challenge_seed,proposal_commitment,proposal_binding_valid,update_hashes,recovery_commitment,recovery_v1_endorsed,recovery_v2_endorsed,recovery_endorsed,skipped,proposal_relative_error,committed_relative_error,published_weights,used_weights,attack_targets,excluded_clients,audit_executed,honest_rejection,recovery_attempted,recovery_consistent,recovery_relative_error,parent_hash,state_hash,events
1,trust_v1,0,none,0,0,0,0,1,0,,35.53,0.0,0.1,307108679765481321389727809693294858089,7fd5a1d1bf7cd4a63a29a9f30591c684a822d6f680fdc8e7f081e31ec2ac7c06,1,"{""0"": ""943d162d6fa5982657bc9a1d5686c9aa7c895bae87c4f1982a7730935ccc67d6"", ""1"": ""d950810ed497112edff60ba1ff1573882d2d69da785636e2a6959a32963d4852"", ""2"": ""b150693f5bf8c32996a3d92fa7571c8b6dfe340be03c0ff6a425280ccb9f111b"", ""3"": ""31603cf77a9c0f02c9133128b9ea54e9adf7adcbf8fb1aaa09251ab6636ab303"", ""4"": ""c93e2f02d1d7741c6d073982059ec05685dd006d8a9e2ba6ad2a4049bc1f932d"", ""5"": ""f4284d9d382ff2f20e6471b31e2ac8219b13cd6945e97821d8bd0c9eb0d4dfa3"", ""6"": ""cf82a7996cae784d8e1d447a487353faee6b3ccd75acdc201a3b34be64529c76"", ""7"": ""735ffe1cc77e4ba719170b1ec36d72d6e0d1af2ba90231f7d1de3eb9429661dc"", ""8"": ""fa68cfe656dc8b0725ad0b8471bebc641496920d390a9dec0925b1dfda71d483"", ""9"": ""603aa345ab122ddebac685997e36dd9a301661ff2a3a80c779dfe44954ad5310""}",,0,0,0,0,0.0,0.0,"{""0"": 0.08425559963000644, ""1"": 0.08015101900535108, ""2"": 0.05247716378599446, ""3"": 0.0541584195990768, ""4"": 0.1642108302961532, ""5"": 0.06174010337668318, ""6"": 0.09429387784575097, ""7"": 0.11919618628784892, ""8"": 0.1642108302961532, ""9"": 0.12530596987698178}","{""0"": 0.08425559963000644, ""1"": 0.08015101900535108, ""2"": 0.05247716378599446, ""3"": 0.0541584195990768, ""4"": 0.1642108302961532, ""5"": 0.06174010337668318, ""6"": 0.09429387784575097, ""7"": 0.11919618628784892, ""8"": 0.1642108302961532, ""9"": 0.12530596987698178}",[],[],1,0,0,0,0.0,f7841e6ee2e000f22425cfcb00f6b2b2b5b53c9dc424bfd55b0d6f4ba52bf3fc,4e83d115041860f7a58546c3afdf257303ea17c5afaa5d0d085fc6b541fc400c,"[""proposal_created"", ""proposal_committed"", ""v1_challenge_sampled"", ""audit_accepted"", ""committed_once""]"
2,trust_v1,1,A2,0,0,0,0,1,0,,36.52,0.0022397606479137534,0.1,51209074297409866952166660077183245931,3db39b40e2923b72b2cb212e08e26eecdf66d3f786b1f4534e877965f4dee837,1,"{""0"": ""2bf71d9e75f0f3a3147d3a960d3cbc4ab71db247c73c757b93fb5bc7c56e3082"", ""1"": ""234c8db125dd02737fc8d94649f1609c11c282334a7cbe1cab957b899108735e"", ""2"": ""1f6e6114d1521dbf4ad4c292c5a7f0de73a36282f171cceeb3c0aac341c7b01f"", ""3"": ""9ecd9dfc4617262b25560edf2a960f796b756d07bf29cbb5084503616bf7df5d"", ""4"": ""5c55c8f1354aea8f72fc26f47521e62c2f54f68e9bf58dcffbc1cb553e180072"", ""5"": ""de6aee29580a38312a38068021fc7cd1e6cc7975812f8973724c6e36c2f7bbaf"", ""6"": ""f0f8944202001790f736b44c7c19dd1101ab22fef095665af3019a2f945bc7d2"", ""7"": ""cea0d7a761b4f9dbc069f605e0b96626ae8f54f76b53fabbb880cc9081f3d5f9"", ""8"": ""bfce0c383e00204cf7911510bcaf77081b931387324e918dd2840355faf470fc"", ""9"": ""3fe6e6394245c9734944979c185563140beaf36bd57bdf00e1c72c58797717b4""}",,0,0,0,0,0.7351705853985051,0.7351705853985051,"{""0"": 0.02575585750078312, ""1"": 0.024106035078307612, ""2"": 0.01574314913579834, ""3"": 0.016283593416034026, ""4"": 0.1901962643583109, ""5"": 0.04618275769148074, ""6"": 0.1363194010725952, ""7"": 0.17669187115581964, ""8"": 0.1901962643583109, ""9"": 0.17852480623255948}","{""0"": 0.13787792875039157, ""1"": 0.1370530175391538, ""2"": 0.13287157456789916, ""3"": 0.133141796708017, ""4"": 0.09509813217915546, ""5"": 0.02309137884574037, ""6"": 0.0681597005362976, ""7"": 0.08834593557790982, ""8"": 0.09509813217915546, ""9"": 0.08926240311627974}","[0, 1, 2, 3]",[],1,0,0,0,0.0,4e83d115041860f7a58546c3afdf257303ea17c5afaa5d0d085fc6b541fc400c,a451767cac5d0dc81dd1ca291fa3ba22d918c063b912e4050b765dedbea78655,"[""proposal_created"", ""proposal_committed"", ""v1_challenge_sampled"", ""audit_accepted"", ""committed_once""]"
3,trust_v1,0,none,0,0,0,0,1,0,,41.81,0.0,0.1,165700509749272443558572446712444811720,722d3e7e580759a02f66a8dc61f2119d142acbb9d544341d5bac727e3c790830,1,"{""0"": ""05900027e242ef8e1885685d8b54b2fc46f77aa7a668ff76013ba82aeea49e7c"", ""1"": ""1d8484aa38a0909f1e202f01061bb7b274af2c26575f89c72a6f77cc5635e645"", ""2"": ""2d46f2e776d14d5629088a5fdf604df64ca7919a6218ecc9bd1a6af2c2317b02"", ""3"": ""cbf289793a91c67befb711fe02a03f365c2cf8aa518a59e91fc52d0f1ee3d44e"", ""4"": ""0f8e66906d2e70e44bbf1fa4464fa337ede70cdc8f45ae1ceb11d50f00079c9c"", ""5"": ""c65fc28bac3c4b870fa06b7baee160aab828ee7cbc65881a05d73d2b1d30bcdc"", ""6"": ""3ed99142f6b564ae9a675885e99947f0136eb7659e4c3ce9188160d49e7827eb"", ""7"": ""a259d572914a80e5e8e4507d2494c19d6e19ed9674b69240fa79b4a145316568"", ""8"": ""7106e3d667705dcbe0eec9e4bbd243af677f72a26ba2cbeeb1a69daa301480c4"", ""9"": ""634a893670ecdeba2034e289a780417167d194a16cebe389269cafcc9f8722f7""}",,0,0,0,0,0.0,0.0,"{""0"": 0.008570528292034012, ""1"": 0.00728775216418447, ""2"": 0.0047229447407395025, ""3"": 0.0052076371633776345, ""4"": 0.15621111092221598, ""5"": 0.03673202277888807, ""6"": 0.18535910668446814, ""7"": 0.1963660033514519, ""8"": 0.20152216567018286, ""9"": 0.19802072823245742}","{""0"": 0.008570528292034012, ""1"": 0.00728775216418447, ""2"": 0.0047229447407395025, ""3"": 0.0052076371633776345, ""4"": 0.15621111092221598, ""5"": 0.03673202277888807, ""6"": 0.18535910668446814, ""7"": 0.1963660033514519, ""8"": 0.20152216567018286, ""9"": 0.19802072823245742}",[],[],1,0,0,0,0.0,a451767cac5d0dc81dd1ca291fa3ba22d918c063b912e4050b765dedbea78655,9164f28c0c7f36a5c809c7bdf1a2c990ca060da35c1d056057c51f3adefeab82,"[""proposal_created"", ""proposal_committed"", ""v1_challenge_sampled"", ""audit_accepted"", ""committed_once""]"
4,trust_v1,0,none,0,0,0,0,1,0,,63.55,0.0,0.1,305471182514701748444214879310719640750,7c3f8c995b50f96de4748235ef1b858a89d665ee49ae41952ed3d7380acb1ef9,1,"{""0"": ""49c0aa630c96c08ebb298f76bc95e487db6db4ac9c10d012f519c37d5e2db4e8"", ""1"": ""749f58deb0a9d65c4c7e92e19d5257bc61e89ab24d9962d3496d715262456125"", ""2"": ""7d79cae052f5309e83b4c52c02b582921c187a2f3fb05a041ca7043f5a67e3f6"", ""3"": ""b0bf5fcfdaf574af03fca8956d9045a64a2e98523cc847768386ec9a4342b759"", ""4"": ""c054c6de70032f0f6a053b98ffb3736af4c365d042f3857f86e64ec30eff293b"", ""5"": ""6eb724c387026735932c90064e91d1a12ca329419642f55d0aeab5b8a137f0e3"", ""6"": ""e8bba6a238b59c8ab86dcbc3851e16bb3b3e890de9fb0c3da386fa576e47bbdd"", ""7"": ""6aca75095e9c81f76935fc6fe1e37ae6707670eaad74753448f9f142d759e51e"", ""8"": ""9b4d668c9ad424db671764ac214199497c6628f3aa4b26a44ec7961e759c1e19"", ""9"": ""ffa9752e0bd862dc91485723e32bff813b5eea0a65c6814d3bf058029a2bf7f6""}",,0,0,0,0,0.0,0.0,"{""0"": 0.002571158487610204, ""1"": 0.002186325649255341, ""2"": 0.0014168834222218509, ""3"": 0.0015622911490132906, ""4"": 0.10887527430361853, ""5"": 0.03325881619074936, ""6"": 0.20954494440933125, ""7"": 0.21284701340942638, ""8"": 0.21439386210504568, ""9"": 0.21334343087372803}","{""0"": 0.002571158487610204, ""1"": 0.002186325649255341, ""2"": 0.0014168834222218509, ""3"": 0.0015622911490132906, ""4"": 0.10887527430361853, ""5"": 0.03325881619074936, ""6"": 0.20954494440933125, ""7"": 0.21284701340942638, ""8"": 0.21439386210504568, ""9"": 0.21334343087372803}",[],[],1,0,0,0,0.0,9164f28c0c7f36a5c809c7bdf1a2c990ca060da35c1d056057c51f3adefeab82,76b4220313753a665af1f855a696182e561b48f73b91e0c84d8eed6f1e50187e,"[""proposal_created"", ""proposal_committed"", ""v1_challenge_sampled"", ""audit_accepted"", ""committed_once""]"
5,trust_v1,1,A1,1,0,0,0,0,1,V1,61.49,0.0,0.1,307545011691992905266900140405603697901,2b24dc123e1d66f57eba5e227831dff9bbec3c898b94a94bb2000fdf670456c4,1,"{""0"": ""c26af0727e9ec4295ce70bc21cf8e1790d7f63806007105cb30a1a73d32b10e6"", ""1"": ""1fe37a97c2799cd26970de62ec54a568db9d22e5cf075c3aabb098b64b9efc30"", ""2"": ""e5b82f1327cda7a03cfe3d4788ef12e451ace19203a64d3bcbb7705ea33a3e13"", ""3"": ""daef5cdab5c86dcf6b23a0f9bcf0f0a5ccd9787dc56b09980b7ad6a9c995f3a7"", ""4"": ""fa4a82e0c2cc77c16699bcc61a04090915b8748ac4426e1cfab934dee40e2855"", ""5"": ""cba8a14e44784a5e25848c0699181562a1c62b30794e152dbdeb9e7b587856d3"", ""6"": ""f6013b6b8ed7dfb52d4a02fa6df7ec7274d7896a1f03e17d6f014aa48087402f"", ""7"": ""b6a7aa0e84accf19d94d292e57321bf05f1d25d69cfaa44c1a8ce6c6208f6b47"", ""8"": ""21e6f46b433c59707f8890a63207438dea8b8b73a0b07b5883891552446fb3fc"", ""9"": ""db13b76564ad7336cd7d05791fc1b1616da0660cb74430bbff1cc3935677e27d""}",bc4ce0396260567ef47c997d18ebd12e40ae81c6863ac1cd6461f8e6f8214a63,1,0,1,0,1.8986932849709606,0.0,"{""0"": 0.75, ""1"": 0.75, ""2"": 0.75, ""3"": 0.75, ""4"": 0.09771892866813547, ""5"": 0.02296736072671536, ""6"": 0.25330011378370104, ""7"": 0.2542907344837296, ""8"": 0.1397763448990956, ""9"": 0.22962551982619261}","{""0"": 0.18760885992899148, ""1"": 0.18760885992899148, ""2"": 0.18760885992899148, ""3"": 0.18760885992899148, ""4"": 0.02444391573454845, ""5"": 0.0057451738153559495, ""6"": 0.0633617940891253, ""7"": 0.06360959304933118, ""8"": 0.03496437428208111, ""9"": 0.05743970931359203}","[0, 1, 2, 3]",[],1,0,1,1,0.0,76b4220313753a665af1f855a696182e561b48f73b91e0c84d8eed6f1e50187e,7fcf246cc06457cf89d0bee5bda58035c2d5e8a578ac34c82b413acab0feb0bb,"[""proposal_created"", ""proposal_committed"", ""v1_challenge_sampled"", ""audit_rejected"", ""recovery_recomputed"", ""recovery_audited"", ""recovery_verified"", ""committed_once""]"
6,trust_v1,1,A2,0,1,0,0,0,1,V1,67.79,1.6335422139618523,0.1,322321889720440486329744307867038334869,73bd6dd7597c4bb5f49e45fb7aff509c5f929561ce0a2f853e8ff559a3abd1a9,1,"{""0"": ""93f52f7f055269346a5de7ca11ce751c0bef8a2d97f07df87827ecdfe5fe7793"", ""1"": ""2dd52a6606e6a35c1d0b98939061811c376b83e8d90fb920a5295c91db8dd420"", ""2"": ""6f80b435b5860906ec69690ca048270300066ca247786e92b567302f83fc78a4"", ""3"": ""151dc4917fd609f6dabbc5536e119d4df1d7c8125f9dd30976b25e0c238a7bde"", ""4"": ""ca06bc196fd8c0cd9ab50a6168402f9432dd32149425117fedbd4b69e5c81277"", ""5"": ""b9d0aa6dfcb2916e36c8fc85db2108e9b18be6dfcde728d790d52bcdc0144e34"", ""6"": ""3202a14f8981d60e3a10978d2a4a40fb12a350cc2226f730286e02cfe86bf2d5"", ""7"": ""c467e2ec7e180c53bc4cce77ff54c1200e9446b51546cf44f3c7e4c9a14bb9d5"", ""8"": ""42db5261cd077efc23c02822377a6c9d8e038227442c485deae14c06250797c3"", ""9"": ""9c650495a400f84aad4a5e1d5053135eb7f6ce9833eaccfcdb53cfa0895393de""}",ce4a8d4f96e5412633487d7638c149556cd615fd49d8e9ed0f375974b4cc6e2a,1,0,1,0,1.480839505136245,0.0,"{""0"": 0.0002314042638849184, ""1"": 0.00019676930843298077, ""2"": 0.00012751950799996662, ""3"": 0.0001406062034111962, ""4"": 0.13403206640314907, ""5"": 0.012286527821803278, ""6"": 0.2945503376684803, ""7"": 0.34218511565283494, ""8"": 0.0931524581311612, ""9"": 0.12309719503884237}","{""0"": 0.12511570213194245, ""1"": 0.1250983846542165, ""2"": 0.12506375975399997, ""3"": 0.1250703031017056, ""4"": 0.06701603320157454, ""5"": 0.006143263910901639, ""6"": 0.14727516883424016, ""7"": 0.17109255782641747, ""8"": 0.0465762290655806, ""9"": 0.06154859751942118}","[0, 1, 2, 3]",[],1,0,1,1,0.0,7fcf246cc06457cf89d0bee5bda58035c2d5e8a578ac34c82b413acab0feb0bb,41e074afec07f555efb6b46904176f57ce2bbd5306eb829d78f37184c011ed15,"[""proposal_created"", ""proposal_committed"", ""v1_challenge_sampled"", ""audit_rejected"", ""recovery_recomputed"", ""recovery_audited"", ""recovery_verified"", ""committed_once""]"
7,trust_v1,0,none,0,0,0,0,1,0,,62.45,0.0,0.1,94735067840435561410754005776329835804,b4f13c7192b11d2a1fd379980624613462c4b8a4136beca1147c5a0ea9564329,1,"{""0"": ""a37ac36d8f522be5bc64896ccc2d34ae58237eee6947cb232439b2dd3ccb96fe"", ""1"": ""e88c1da62cc56eca103b8dae80143f35e63a0b2dfe1e89fcecdcbecaca047988"", ""2"": ""bca42a4b0067661035af8f2e8d9cb19a81bd960c4b1f5bc391dff0eb4308a724"", ""3"": ""5e97624e9e8b46c40795902b9aeeb961dd369a9a6ad67da13489697d7f161aac"", ""4"": ""268c67f3fb3cb580bc9e6cef0faf502b7e7e4d9d3c7e051b58fc2c34eb938741"", ""5"": ""cba1a0deb0c6b21b370d7ec7d2bfa609cf9d13a66236105bd95f7630a981bf4f"", ""6"": ""c4608d9ecf6ca1d5661e67e03e8ab665b8b69ae4deb12624fd8758a4c2a71665"", ""7"": ""ecb183d182a1f48b457ea206798fff5d454f1dd07c3e49f0accbc8524f208c45"", ""8"": ""ee99b2ce63da8ecadf9ded984cf81045e422d86f5e7ef1f6a8d074c4c860366c"", ""9"": ""3d9c1d037b4b9706ba05ed9e458713501a10f103e71b3e60dd483cce7b925dc2""}",,0,0,0,0,0.0,0.0,"{""0"": 6.942127916547552e-05, ""1"": 5.903079252989424e-05, ""2"": 3.8255852399989994e-05, ""3"": 4.218186102335886e-05, ""4"": 0.08105067395887511, ""5"": 0.005006303002280445, ""6"": 0.16307015684255222, ""7"": 0.5825403734715415, ""8"": 0.05124186686676785, ""9"": 0.11688173607286417}","{""0"": 6.942127916547552e-05, ""1"": 5.903079252989424e-05, ""2"": 3.8255852399989994e-05, ""3"": 4.218186102335886e-05, ""4"": 0.08105067395887511, ""5"": 0.005006303002280445, ""6"": 0.16307015684255222, ""7"": 0.5825403734715415, ""8"": 0.05124186686676785, ""9"": 0.11688173607286417}",[],[],1,0,0,0,0.0,41e074afec07f555efb6b46904176f57ce2bbd5306eb829d78f37184c011ed15,ededa588b2bb548b68fd1ba60bac5003e9c262c567d3a1365bbf5b16bb6cca2a,"[""proposal_created"", ""proposal_committed"", ""v1_challenge_sampled"", ""audit_accepted"", ""committed_once""]"
8,trust_v1,1,A1,1,0,0,0,0,1,V1,63.38,0.0,0.1,75470387645462374186647495157701349455,e08583c8f313fe3797a6f263d0151612be84f7c5dc0e83cfd8b5444d68ce9f24,1,"{""0"": ""b69614dbfa7f06cca9e41ea53c7ca0c4e49019e3f882c352d57aec7303a569ab"", ""1"": ""ff2036f23e0b60c11365b3721b2297c2847af58a60239af566f424c6d488f907"", ""2"": ""d25eab705bddf321f8fb01ad9400032030b398d90a7a364cf69d23b45f11bf7c"", ""3"": ""7c8a18bdbbef116f38a4acba7e489c3f38dfe18bd02d985a4904c262e48cbff2"", ""4"": ""629e1e0ea680ae23020ddfae4a756537b78d541a30d1fb67f1278374066ae5b6"", ""5"": ""1b44b8efbfb3e64110be2d9b5adfc543c72b01ed7c68ad766233d4c0443aec46"", ""6"": ""276ed2955e88c36dc2088b67842f7c000b0963adbc0fca1a71e1d855e448316b"", ""7"": ""9e52dc8ec524263ac12a7bf2be8097403afc831fec8eb3ee793c20fe3493cd1b"", ""8"": ""a383828aac28a7cdb333e5b916119e4199aedd24d1a6ee1eb08dcc84c60d5dcf"", ""9"": ""3ef0655691bb56ee24acd196bd6982de7dbf0faf7151102ae6fa0e84b21f5e89""}",af93c9bcd66d1e20b43b891c2a8e2bb8238d565147ec24524804e7e26b165b0d,1,0,1,0,2.4560947474366843,0.0,"{""0"": 0.75, ""1"": 0.75, ""2"": 0.75, ""3"": 0.75, ""4"": 0.18083117723599978, ""5"": 0.0015018909006841337, ""6"": 0.07005539111282204, ""7"": 0.6227496897917194, ""8"": 0.0218055277533511, ""9"": 0.1029936562698879}","{""0"": 0.18750293755862518, ""1"": 0.18750293755862518, ""2"": 0.18750293755862518, ""3"": 0.18750293755862518, ""4"": 0.045208502578579134, ""5"": 0.00037547860769445926, ""6"": 0.017514122167296715, ""7"": 0.15568986159955994, ""8"": 0.005451467345025946, ""9"": 0.02574881746734306}","[0, 1, 2, 3]",[],1,0,1,1,0.0,ededa588b2bb548b68fd1ba60bac5003e9c262c567d3a1365bbf5b16bb6cca2a,26c0160c37467272126022e0c7e8b65167ee49958945ecc2dc5dcc07db398369,"[""proposal_created"", ""proposal_committed"", ""v1_challenge_sampled"", ""audit_rejected"", ""recovery_recomputed"", ""recovery_audited"", ""recovery_verified"", ""committed_once""]"
9,trust_v1,1,A1,1,0,0,0,0,1,V1,66.6,0.0,0.1,13743229655817249369510867679673184316,18657868e8aebd657b2e8e09fb8ff27fc3ea6b079f574ea58bb042ce526c2090,1,"{""0"": ""7961c42daabe65dacc4cdcc69361c0524375aea8284fe5b7a3e941d173c33767"", ""1"": ""0c489deab5f105cd5043a5e43636d4341a6a9c9ea1a01c86e0c5bc6c00a3d565"", ""2"": ""4bd6948a5c26bad0153973198ad21256b705917af21b6e13151cb5524c5483af"", ""3"": ""5bc1873c4174adc5007e1e0e50aa544852c662cc16e4aaa0f4604972dc70729e"", ""4"": ""97089594b499543f85ed7d0d716ee2f2b8d75df4bafce92d605e02d92d576042"", ""5"": ""60dce5b97109056f4032f6402177518e3b0bef924a2b4faf1fc7f52c1951e01c"", ""6"": ""5129098b65ccb40104e4d956e64955629077f02b6acc6cdeb2d7c921c1f51166"", ""7"": ""1bad2f129f08c0ccf99c0fa60766b7c2c4c58cb86904e15a617428451b563927"", ""8"": ""b349cde68f86869b2b60ee435aa23135ad414073cadb9b66a4efd5598b252be0"", ""9"": ""6ba07382a5f390405b9a10dc480ae120fc0d880092d8e26ce2fcf4c0ddd0e985""}",b8a568ee71bd15764226c2532dd16049dc9f3c714ece241df6b9d5554184b24f,1,0,1,0,3.125435205389448,0.0,"{""0"": 0.75, ""1"": 0.75, ""2"": 0.75, ""3"": 0.75, ""4"": 0.22439145924210444, ""5"": 0.0004505672702052402, ""6"": 0.09867906389879912, ""7"": 0.4961218625904905, ""8"": 0.1016332804096014, ""9"": 0.07870496650813864}","{""0"": 0.18750088125792289, ""1"": 0.18750088125792289, ""2"": 0.18750088125792289, ""3"": 0.18750088125792289, ""4"": 0.05609812847286115, ""5"": 0.00011264234697261226, ""6"": 0.02466988192364229, ""7"": 0.12403104859605213, ""8"": 0.025408439522578468, ""9"": 0.019676334106201735}","[0, 1, 2, 3]",[],1,0,1,1,0.0,26c0160c37467272126022e0c7e8b65167ee49958945ecc2dc5dcc07db398369,7d30aa9de99d94d1fc3b3d4db6cf3cb39988738ff9c771c8519156562d168067,"[""proposal_created"", ""proposal_committed"", ""v1_challenge_sampled"", ""audit_rejected"", ""recovery_recomputed"", ""recovery_audited"", ""recovery_verified"", ""committed_once""]"
10,trust_v1,1,A2,0,1,0,0,0,1,V1,68.69,1.369300391890244,0.1,59518592195910932542477751103140426386,f1a5731bf498e4d680ae79c9a76df4c27c9dbf251063973dac806835e831f18d,1,"{""0"": ""79fb2a92a31e6943de96eab01591a45b09f1d013c0a28d5d6ef03ed14ebcced8"", ""1"": ""e74151658648a142f06b900c583117d10ce1e8166c5a1887200edff0e635187f"", ""2"": ""8423b98d4a1a720cf662c698eabf4f17ce2994537676cf3cecc3659ba525bacb"", ""3"": ""4a81198ead23ddaff62869f071c336753f81cff3c77279f75a3c04b14ae0a1c6"", ""4"": ""198789e8fc8077a33f62ca19f3a8d47481105398162af358a12665938e3bb167"", ""5"": ""916d44838303efedd8ed06cf12606a38f66d8aa44c5fb084a5045ea6e8965dc0"", ""6"": ""0cc66466ec39e9a7c2da6b15d5277f20b4097c0fb7f0153b2b36b89e84c2311a"", ""7"": ""a9e15477211cc692a0ca773fe69f15b679749bb84361d08b6b579246da57eede"", ""8"": ""eca5ab73e15894da9d414fd99afd1ca093a12e926fb7bfc3e855cef791734fae"", ""9"": ""139da2393160a43b0ef93c60c684935e6a41c4fd3f74c5bc442debbf70bba526""}",2892de924f7ea7c1ed747ee5859137cdb3ce3d81cffe75416d8932229245e223,1,0,1,0,2.384397873847058,0.0,"{""0"": 1.8743745374678403e-06, ""1"": 1.5938313983071456e-06, ""2"": 0.00011423821080538708, ""3"": 1.13891024763069e-06, ""4"": 0.32761053927150807, ""5"": 0.0001351701810615721, ""6"": 0.044297106984159645, ""7"": 0.41846070043525746, ""8"": 0.11611106085740612, ""9"": 0.0932665769436183}","{""0"": 0.12500093718726876, ""1"": 0.12500079691569918, ""2"": 0.1250571191054027, ""3"": 0.12500056945512383, ""4"": 0.16380526963575406, ""5"": 6.758509053078606e-05, ""6"": 0.022148553492079826, ""7"": 0.20923035021762879, ""8"": 0.058055530428703074, ""9"": 0.046633288471809156}","[0, 1, 2, 3]",[],1,0,1,1,0.0,7d30aa9de99d94d1fc3b3d4db6cf3cb39988738ff9c771c8519156562d168067,2a759e1b03ad8772dcab1dbe841f8789dffcbbf54814c8ffcd8027b670ca8bc5,"[""proposal_created"", ""proposal_committed"", ""v1_challenge_sampled"", ""audit_rejected"", ""recovery_recomputed"", ""recovery_audited"", ""recovery_verified"", ""committed_once""]"
11,trust_v1,1,A2,0,1,0,0,0,1,V1,70.19,9.704273735364342,0.1,51625586558500881131471282623835890555,fdd91b950b9b951cd72b5b9c60e6b8ee5a55d5a546fa78a838495bf77cdccc06,1,"{""0"": ""55829ed4db428e3e974605bfd65c59c8177542b4968c0e15eff7a5877c425536"", ""1"": ""43af4430713f1d88aab19d2ae0ad7e0f0e5499feecd90b71aaca637f57ba504c"", ""2"": ""0cb6fbe790abb9a10a9037cbb1382274c8bf35ee6d6f8adfaafd9a58da4ff20b"", ""3"": ""1af33573378da6b4fc523b6a7786ce273df943b163408779d91cfa0f0ea169be"", ""4"": ""512fa3f7374de40402aafcabebc43e858502115eca8b49a8590119e404c163fc"", ""5"": ""8720f1a9e81d6c70bc5cb8c8b43ad43c229e3e2cf218ed3e66a50acca80cbf42"", ""6"": ""1a3f999b13850cdbb973ce3decebdaf5c46e2c6c0b335dfeb79385d608404078"", ""7"": ""4bb46264726045102474d3e9dae0e50463157bd9a202e49ae5ac957e0d28e3cf"", ""8"": ""5be18f8ec945b35cf9e0c224966f68d679bd74dc83ccf7acca33e0269d9cbb8e"", ""9"": ""6fe586f8448fd64334d65d87e15d3fc21ec557f7cb38305c883d7b5d5db11858""}",188bb7b852184bf9372fc312a6937e2d6bcf1b3b98e8089fe59ef5f20f15de51,1,0,1,0,2.6478689330661025,0.0,"{""0"": 0.0004213673944912086, ""1"": 0.00032648508310423227, ""2"": 0.0009650267495217007, ""3"": 3.4167307428920706e-07, ""4"": 0.3158645883281449, ""5"": 4.0551054318471635e-05, ""6"": 0.035647683977652146, ""7"": 0.34311963667726975, ""8"": 0.25241474480391435, ""9"": 0.051199574258508865}","{""0"": 0.12521068369724564, ""1"": 0.12516324254155214, ""2"": 0.12548251337476088, ""3"": 0.12500017083653717, ""4"": 0.15793229416407248, ""5"": 2.027552715923582e-05, ""6"": 0.017823841988826077, ""7"": 0.1715598183386349, ""8"": 0.1262073724019572, ""9"": 0.025599787129254436}","[0, 1, 2, 3]",[],1,0,1,1,0.0,2a759e1b03ad8772dcab1dbe841f8789dffcbbf54814c8ffcd8027b670ca8bc5,c55721ee907e05bbc4ec792c1efae16024349c0f5a6895a68c4721a7bc0390b0,"[""proposal_created"", ""proposal_committed"", ""v1_challenge_sampled"", ""audit_rejected"", ""recovery_recomputed"", ""recovery_audited"", ""recovery_verified"", ""committed_once""]"
12,trust_v1,1,A2,0,1,0,0,0,1,V1,71.99,4.969310154706428,0.1,274355604516600202717110209177969151127,723ca4ce89451c7905dff9ab00deb76f1bfb78089b273b2ab77703fa519890e3,1,"{""0"": ""004592acba13deb69fac2a31ac687b7b80e32ed12829f3a703f4156e7a10fa59"", ""1"": ""74a6fd8f8a908780dc4ae588a3cebe59e64dd13ec0ef8932c1597d395f49e2e6"", ""2"": ""c1b9cc989b31c118fa598c039d2add2b41e079ef5ee989b918a4f2106f02d748"", ""3"": ""033d3a1cafda245c88ae797d79d5fbbcdf0b2d7c1230b136350fdd6586bbf900"", ""4"": ""f49ac45f2afca6f179445eeef7f7a6a5be1fdd4557875a4009d92414492a1127"", ""5"": ""0e042a13a2562a3eb55646775f75eeac6a914171fe30bfb07bfbdf29336d86b8"", ""6"": ""8f6297ff816360ebcabcbc19b304b138901137777f2590532494e746a31b8df5"", ""7"": ""a69b8d0bcf46b83672d34f574c8acf54d5260f34ffcd99ab0999a6bba04a5850"", ""8"": ""1971026ebd7bd690ef35e3b7a620266d99e7a89fac3ba7d57206371bacca6018"", ""9"": ""ccbc6f1302583f2afb97fe81879869959f703cb59d5d18d13d511c84257f75fe""}",b2fd0388201e2f2b2f98fe6940ffe2ad2c8a82f0eecec31500fd928c755e6001,1,0,1,0,2.6128053716457993,0.0,"{""0"": 0.0001264102183473626, ""1"": 9.794552493126969e-05, ""2"": 0.00028950802485651025, ""3"": 1.0250192228676214e-07, ""4"": 0.1828060989613743, ""5"": 1.2165316295541492e-05, ""6"": 0.10310307098210171, ""7"": 0.40889075736949904, ""8"": 0.25423287500755226, ""9"": 0.05044106609311977}","{""0"": 0.12506320510917368, ""1"": 0.12504897276246563, ""2"": 0.12514475401242825, ""3"": 0.12500005125096114, ""4"": 0.09140304948068716, ""5"": 6.082658147770746e-06, ""6"": 0.051551535491050855, ""7"": 0.20444537868474952, ""8"": 0.12711643750377613, ""9"": 0.025220533046559884}","[0, 1, 2, 3]",[],1,0,1,1,0.0,c55721ee907e05bbc4ec792c1efae16024349c0f5a6895a68c4721a7bc0390b0,7b140fd59da6ec12ee29174b4897cbacf3ec09778485fb220a79f24b06e940cf,"[""proposal_created"", ""proposal_committed"", ""v1_challenge_sampled"", ""audit_rejected"", ""recovery_recomputed"", ""recovery_audited"", ""recovery_verified"", ""committed_once""]"
13,trust_v1,0,none,0,0,0,0,1,0,,73.58,0.0,0.1,166376330272640774248731817601101504076,3147bb46b387f95d6299a3ca9a0095b63931faf1807ae3c19645d123949fb8ff,1,"{""0"": ""34b34984e5a0c1907eaa445eb8553269562915f78221f02a872c8512a096f58c"", ""1"": ""191472c6d5c7c6218923ee5411ebeaa8cf88ef61a4b92c98e4acbe0a86678912"", ""2"": ""135c187be2e74702259e70c9bac58113384e4d46910c2b583cc8b6490ce65a0a"", ""3"": ""b8a0a44398a37012c58dbcc93ab19a412d2aa63f9da4ee61abd0bd8972593f32"", ""4"": ""5488c5e6f2b5691f16e5186652f3577812316aa2546147d6592959c891c86db3"", ""5"": ""385235350513d8624493a760db77144c1d9d952f793182f065d927c8292e5552"", ""6"": ""5f02a38d18443a654093d630a9da6e9cee61e432fdf8c578ea9a7415b62ccdb4"", ""7"": ""2a31667550c6ff0bd883f05b673193db83fd04b2aeb53677df933cdf304f9cc3"", ""8"": ""70393e2ad80f21b52dcc494271ddf65e9f508b7c553d8aa0e51320e8d375ad77"", ""9"": ""71a65e801945adc9eb76ef689fe9799624c69d7e73559647ed49b6724a5933d9""}",,0,0,0,0,0.0,0.0,"{""0"": 3.7923065504208776e-05, ""1"": 2.9383657479380902e-05, ""2"": 8.685240745695308e-05, ""3"": 3.075057668602864e-08, ""4"": 0.11218712811925528, ""5"": 3.6495948886624474e-06, ""6"": 0.2030234024728357, ""7"": 0.45619639638839643, ""8"": 0.16728399422064058, ""9"": 0.06115123932296598}","{""0"": 3.7923065504208776e-05, ""1"": 2.9383657479380902e-05, ""2"": 8.685240745695308e-05, ""3"": 3.075057668602864e-08, ""4"": 0.11218712811925528, ""5"": 3.6495948886624474e-06, ""6"": 0.2030234024728357, ""7"": 0.45619639638839643, ""8"": 0.16728399422064058, ""9"": 0.06115123932296598}",[],[],1,0,0,0,0.0,7b140fd59da6ec12ee29174b4897cbacf3ec09778485fb220a79f24b06e940cf,0e9c7e20877f6524f7802aac8efe602ecca69e14f20012061ad953ab86607546,"[""proposal_created"", ""proposal_committed"", ""v1_challenge_sampled"", ""audit_accepted"", ""committed_once""]"
14,trust_v1,1,A2,0,1,0,0,0,1,V1,70.19,1.2220773076870968,0.1,176793299997986595472849655581042593088,0787b7800738325d536011677de3a993deaa25e2249b414d67f578dbcf2b9385,1,"{""0"": ""dbf8e94ad6d25ed4296ba1a5b0164fd7728dfc91f340b9f297603d9f1a6aba83"", ""1"": ""e00fea0b885546e3e23cb174541e333ac9ec088b5a22230426d0bbc070acac0c"", ""2"": ""73c6816b6374b5e581fc9f0cb3c37865a50dc29a35ee59d7f0572f76f04caebf"", ""3"": ""e830942478ad00b858b84c093d543215437b7894ec620c3f83a62a998535965f"", ""4"": ""b2aadb4a7f7b8be4c396d04bda4833443c55e48b37ac92423a2d6079df88bf4a"", ""5"": ""c08ac2da7e77dedc6fb2d55f48f7a78169787dc4ea3239f34107e701c931333e"", ""6"": ""9475ebfe5b50488867b5c80b08fa96048d9f0b15c9e025172f04e587e12fd3c6"", ""7"": ""921089310bb00a424600805f4556e3612eee9304eb27d077612e4fb68ea3537f"", ""8"": ""20b39402efe6cb083974c68dbda74a926af276dc01632727b4dfef99916d91ca"", ""9"": ""f8fa08cbf177cba69d188a183d866268986d47e98fe2b6381155751428b430fa""}",a933534224baacc83f659b2243c8aff9f4b844a029056a57abf0c496266891e5,1,0,1,0,2.1324960668630193,0.0,"{""0"": 1.1376919651262635e-05, ""1"": 8.815097243814271e-06, ""2"": 2.6055722237085927e-05, ""3"": 9.225173005808593e-09, ""4"": 0.04794317827588064, ""5"": 1.0948784665987345e-06, ""6"": 0.1581471337294461, ""7"": 0.6312327404548714, ""8"": 0.11866423126374864, ""9"": 0.04396536443328145}","{""0"": 0.12500568845982565, ""1"": 0.12500440754862194, ""2"": 0.12501302786111856, ""3"": 0.12500000461258653, ""4"": 0.023971589137940324, ""5"": 5.474392332993673e-07, ""6"": 0.07907356686472307, ""7"": 0.31561637022743577, ""8"": 0.05933211563187433, ""9"": 0.02198268221664073}","[0, 1, 2, 3]",[],1,0,1,1,0.0,0e9c7e20877f6524f7802aac8efe602ecca69e14f20012061ad953ab86607546,a34885391e45053303c3c8d2831446d8557d9d1f1b328aad9526abbd3380db45,"[""proposal_created"", ""proposal_committed"", ""v1_challenge_sampled"", ""audit_rejected"", ""recovery_recomputed"", ""recovery_audited"", ""recovery_verified"", ""committed_once""]"
15,trust_v1,1,A1,1,0,0,0,0,1,V1,71.19,0.0,0.1,138707001990992329235628889131341002853,3ade281f9db381ee60d3ec47f30c3a910d48e2ecdb47bd8ba33b0889e04f48d1,1,"{""0"": ""ec513d945c669ad687e59b63e6155b0e26ddcc472824e436bdbaf6e404030854"", ""1"": ""d9ccb7e3e40383044c16410093750828e50eca5c92aef21864f01c426ba9f6ce"", ""2"": ""664c4706792b194860482a8ecffcb73c1940208ce9b8cebb58259587811763e9"", ""3"": ""91d22f067299d5278a6f06ba3e62efe2d96c7cd70d7b287ece3c707b394e2eea"", ""4"": ""7eaefd827f3e34cf70abf9e02878346cbb1cda83a7f3ee0aa9bb9df31875e4eb"", ""5"": ""b8fd26e27c517eeed38d65160e062b8712bf28da4cd88665956d8569455eb695"", ""6"": ""ab9b522602c1dc40cda6e6e4376b00c06ee9e9c4e64af5a4b84f48d943471b62"", ""7"": ""f6ae26233d61f168fdbe5bc06a30ebe3d5ff8c34098f7d355fd56ae5ce2f90e9"", ""8"": ""ce10e028bfb3304a8bda6ddaf4fe15831151e754355f4b0a7435093b738329f0"", ""9"": ""3ac391d1fdf12ca55281f97158c5f547bb06bdbde6669890276c323d9d2060f9""}",9cfde68650d878a8127cdb492127885ab04b7e0b86b9d653e36625cbf862ca6e,1,0,1,0,3.6326033906150865,0.0,"{""0"": 0.75, ""1"": 0.75, ""2"": 0.75, ""3"": 0.75, ""4"": 0.016325467853161423, ""5"": 3.284635399796204e-07, ""6"": 0.29401304957622454, ""7"": 0.5613185533067755, ""8"": 0.09640060979001296, ""9"": 0.03192811392099401}","{""0"": 0.1875006504908173, ""1"": 0.1875006504908173, ""2"": 0.1875006504908173, ""3"": 0.1875006504908173, ""4"": 0.004081381122712924, ""5"": 8.211616987826052e-08, ""6"": 0.07350351739777468, ""7"": 0.1403301251701132, ""8"": 0.024100236057785173, ""9"": 0.007982056172175062}","[0, 1, 2, 3]",[],1,0,1,1,0.0,a34885391e45053303c3c8d2831446d8557d9d1f1b328aad9526abbd3380db45,008b935ab4ba80a6f69ba31f2d71656e2f9ed6ac8342dbd6123da7751b7cf97f,"[""proposal_created"", ""proposal_committed"", ""v1_challenge_sampled"", ""audit_rejected"", ""recovery_recomputed"", ""recovery_audited"", ""recovery_verified"", ""committed_once""]"
16,trust_v1,0,none,0,0,0,0,1,0,,76.58,0.0,0.1,2449422862571445702293985864400120429,0ae24a385692d2bcd2bf700d73fb0ec1085ce16608afe9b7b2a6fca9e4a765a0,1,"{""0"": ""aada6e36f522fdc71899751603ec5f01416febe5ab7ac8bbff9673f4e983cc16"", ""1"": ""ff175b57506ea5ce628bf482d28bff658a4864133006bfd8628a7459135c1d4d"", ""2"": ""c93a73ab3cb45e7b059885d54147ffdcfc2a093f7c1e411ab6cedca1be9e3989"", ""3"": ""ca88f22fcb26620240206826bbc027be8f755038194c3249de86e5e55af8eb0b"", ""4"": ""7a7072c1986dbf0f5cf98d5c571496dca6f294659b4260a37c2c529f7d410ee5"", ""5"": ""7c318cceea4f22858564ce7cb940227c7d054c6f48bbddd3f33605eb46df317b"", ""6"": ""b899a610238c228a06cc4584fac0c50c0cf403f55063cff63586ad38d674a6d1"", ""7"": ""a2fbc1eaa8f409931d46a2010628abe84f30519fd1963e8d390bb3ebf25a7433"", ""8"": ""f52826a248e810b83dd7beec8807fcb2b4120b8549221dae7b02628515836682"", ""9"": ""a4e38d14f80fb65778b2730fbb69df71ccb3213bf191924e72ae93c3195f9f96""}",,0,0,0,0,0.0,0.0,"{""0"": 1.0239227686136373e-06, ""1"": 7.933587519432846e-07, ""2"": 2.3450150013377337e-06, ""3"": 8.302655705227735e-10, ""4"": 0.007915916722859387, ""5"": 9.853906199388611e-08, ""6"": 0.3473003728239567, ""7"": 0.4274920239431219, ""8"": 0.20516988617425835, ""9"": 0.012117538669954029}","{""0"": 1.0239227686136373e-06, ""1"": 7.933587519432846e-07, ""2"": 2.3450150013377337e-06, ""3"": 8.302655705227735e-10, ""4"": 0.007915916722859387, ""5"": 9.853906199388611e-08, ""6"": 0.3473003728239567, ""7"": 0.4274920239431219, ""8"": 0.20516988617425835, ""9"": 0.012117538669954029}",[],[],1,0,0,0,0.0,008b935ab4ba80a6f69ba31f2d71656e2f9ed6ac8342dbd6123da7751b7cf97f,7b8ef1ba23c783d317bc78678b5a17555d44ce287171e42f540c23077df9259d,"[""proposal_created"", ""proposal_committed"", ""v1_challenge_sampled"", ""audit_accepted"", ""committed_once""]"
17,trust_v1,1,A2,0,1,0,0,0,1,V1,75.3,2.414134295335217,0.1,306641909806263546728506317044469816915,fcf2d8a32df524a28a1890114c854f913510240329905f26a38c8105ae5172a7,1,"{""0"": ""f0b4b97773021da4ece9d7d65d1aeeee59722205b03e8f5be0ed519f3b1d9dd9"", ""1"": ""1ffbe4af8e5b63ec1b8bd18e0fa3c3026e6c5441bb231bd69f076e0d4d3ad83b"", ""2"": ""5bc0203e2c9f7517a60e16aa58de62470db830c0d577c65d5e1e4d6043220627"", ""3"": ""52ec71cd20432521543275e6ce33b910e9852bda9b95a2eb173d300eac411cbc"", ""4"": ""c456b9cd4d9941927fec8fdd7228a8d2883f7beec259cc4cbe9b6826ec3146c9"", ""5"": ""9a89a1e6b0af43fb6918347e1e80f1da6aedca94f5a6a753c0c9493dc010366a"", ""6"": ""1124c2b41e965382ad0ba552223ed18da923d2382b640e17b148f06fa2d0ee1d"", ""7"": ""21c8575723566065bb8ce76e3af531c406089f3ecbcd5a43b39b83581c44012b"", ""8"": ""3346f4c538a5f3d46196bc58006eb9e19ff593d6ad958f45f7d7996068231b35"", ""9"": ""8e5feb4046e423d148993750a4434016511f44674a05e4cdbb97275b26da139b""}",c654f5b16f5d767041f7b26b1f52f3391f591c46feeadc6401f3f18269b411a3,1,0,1,0,2.6523747498141423,0.0,"{""0"": 3.071768305840913e-07, ""1"": 2.3800762558298542e-07, ""2"": 7.035045004013203e-07, ""3"": 2.4907967115683216e-10, ""4"": 0.006036967978998002, ""5"": 2.956171859816584e-08, ""6"": 0.20765289243963508, ""7"": 0.49497692469318133, ""8"": 0.284140748050202, ""9"": 0.0071911883382287925}","{""0"": 0.1250001535884153, ""1"": 0.1250001190038128, ""2"": 0.1250003517522502, ""3"": 0.12500000012453982, ""4"": 0.003018483989499001, ""5"": 1.478085929908292e-08, ""6"": 0.10382644621981754, ""7"": 0.24748846234659067, ""8"": 0.142070374025101, ""9"": 0.0035955941691143962}","[0, 1, 2, 3]",[],1,0,1,1,0.0,7b8ef1ba23c783d317bc78678b5a17555d44ce287171e42f540c23077df9259d,da39c317ab242bbec50a098bcf9bf2ffb984faadcb58909e650f699e73288163,"[""proposal_created"", ""proposal_committed"", ""v1_challenge_sampled"", ""audit_rejected"", ""recovery_recomputed"", ""recovery_audited"", ""recovery_verified"", ""committed_once""]"
18,trust_v1,0,none,0,0,0,0,1,0,,68.95,0.0,0.1,143980945111781173489318358915330986610,984969f1d6549d530247b90a275ab535fcc38004ea5ef48a6cebbfe5a1590d31,1,"{""0"": ""b83e5a8d2655403ed736a2c773e0babfa3d6eabcfc3fd8735a22aa6fa375e041"", ""1"": ""1789c9499d46850b2258d95100afd71aadf9aa41acded2892489cd29143930c1"", ""2"": ""145dc6d045bb6ddd8239b2091e517670aee28a989c016f4a4ee63d321d1966c1"", ""3"": ""f240b1e0560e735f4db5f2e90453862d58cb20ca28922e9ae26f08c2fdabe883"", ""4"": ""d41604b3cbb390a415ba3f66e5d2e2c3449c60e78d78867e5a1a6554c4f11b83"", ""5"": ""1789a0129226d67b0f6f63f0158183db9c26bd09a05afa29b56941a2af85ffac"", ""6"": ""59b295969d2039862a4de6796d2919e1011e81c9622cdfa475cdadaf2571bb62"", ""7"": ""3731bbcba041100b60512203c3dc210ba9f2c29ceaa386f7cd1d1c96fdb8642f"", ""8"": ""d09b4101de06b049e447b58106b391139ab342d2db200578e672a43b207e12f6"", ""9"": ""87ec5a9126ddbe006d886d2f41b82bba417ea63979ef0fd728dbd241fef7b5e4""}",,0,0,0,0,0.0,0.0,"{""0"": 9.21530491752274e-08, ""1"": 7.140228767489563e-08, ""2"": 2.1105135012039613e-07, ""3"": 7.472390134704966e-11, ""4"": 0.003442885766636667, ""5"": 8.868515579449752e-09, ""6"": 0.08157047494905541, ""7"": 0.7838550902223287, ""8"": 0.12804226695580045, ""9"": 0.00308889855625243}","{""0"": 9.21530491752274e-08, ""1"": 7.140228767489563e-08, ""2"": 2.1105135012039613e-07, ""3"": 7.472390134704966e-11, ""4"": 0.003442885766636667, ""5"": 8.868515579449752e-09, ""6"": 0.08157047494905541, ""7"": 0.7838550902223287, ""8"": 0.12804226695580045, ""9"": 0.00308889855625243}",[],[],1,0,0,0,0.0,da39c317ab242bbec50a098bcf9bf2ffb984faadcb58909e650f699e73288163,1988f87a3ceeb19f3cad33be8e05e55324ead6e4fb4049de7b22deb1a262af74,"[""proposal_created"", ""proposal_committed"", ""v1_challenge_sampled"", ""audit_accepted"", ""committed_once""]"
19,trust_v1,0,none,0,0,0,0,1,0,,77.12,0.0,0.1,126844732487612965495918711781995521134,0d4d62272e1fd5710f488e4f476fa0afcac4616ebe7824cf29634d1368b2e09e,1,"{""0"": ""135459f5b3fe69baae1a822cef2440cd75429bb16e551e5b380ecface7296d29"", ""1"": ""142806a783013646a5fe00e1f0519b1c9101f5ae0c942aab7a506c0e63956fa4"", ""2"": ""5897ee9816cb45671071e7cb93d7d13079884fc98150f69bd038099b2a6b5013"", ""3"": ""57f8fb2044ac4534b1aaaa03c09b9486f114c087aa2a66cf0d04e2857cd3cdfa"", ""4"": ""c5fe3e505e35b848bbb66f245e4753ecea2f6f262145ca52e0afc07894172bd4"", ""5"": ""bc8bae25ef502b8e4ed602d8b8f2966378f489e26e349c646347f07f834faa65"", ""6"": ""366c303b878433df59075d55de6fb36a192b36253c262dbf7a26ac85bd059771"", ""7"": ""5976c7688e5d7af69452abc9c915fe208c63dfd1f298429729c77c3cad2292c4"", ""8"": ""c66336f90b6e124eb6793d0fe82e31f2b0b1445b87a3cc9dc80aef154b7f1b6e"", ""9"": ""f2cb55c51c93bed56191aed7fbd3598dcb6aef68d71c5072f5bddb9d2e0a5310""}",,0,0,0,0,0.0,0.0,"{""0"": 2.7645914752568224e-08, ""1"": 2.1420686302468692e-08, ""2"": 6.331540503611884e-08, ""3"": 2.24171704041149e-11, ""4"": 0.012723479533401907, ""5"": 2.660554673834926e-09, ""6"": 0.3538433422713218, ""7"": 0.23515652706669865, ""8"": 0.36778487987334535, ""9"": 0.030491656190254363}","{""0"": 2.7645914752568224e-08, ""1"": 2.1420686302468692e-08, ""2"": 6.331540503611884e-08, ""3"": 2.24171704041149e-11, ""4"": 0.012723479533401907, ""5"": 2.660554673834926e-09, ""6"": 0.3538433422713218, ""7"": 0.23515652706669865, ""8"": 0.36778487987334535, ""9"": 0.030491656190254363}",[],[],1,0,0,0,0.0,1988f87a3ceeb19f3cad33be8e05e55324ead6e4fb4049de7b22deb1a262af74,7d181de511cbb333cf1879f88662fd784ceb5cb5dbeb88db23282d0a363063ae,"[""proposal_created"", ""proposal_committed"", ""v1_challenge_sampled"", ""audit_accepted"", ""committed_once""]"
20,trust_v1,1,A2,0,1,0,0,0,1,V1,73.64,4.112074903081912,0.1,170805278096868237835098500654416512631,79cbac98ab0b631899d21726a0ab1ab30535bf8a75af30b367e4d75d42359f73,1,"{""0"": ""806ec790327ce638a25e1ef923d011652a4032afbf9e511cd48a889ccac44648"", ""1"": ""5ed307f8b6f3a36d657e451461d12dda5e9527841ab7ca9fd5d9e9668f8f668e"", ""2"": ""cf5f9217b71905bb13a293f1a6abc1ca92b6b05712087e60cdf0eb3457289fc3"", ""3"": ""dda088c4bdc5236a1cdba2d9e9356204c279c5892250f64ced16de1b52b9ca50"", ""4"": ""34b22410307120bf7e86e2f60939b9eda52b89d90767e7af1da889095ef5b060"", ""5"": ""a74948096ac089cd64446be3691e88270a7a012b49add93b3396b71e6c63adc8"", ""6"": ""fc84948ee0967a4c74789625144c4c3e433829c4983929a4786493c13a00ba19"", ""7"": ""e4ec82430fe569544b2d636dd5342cadfc4f8f0478d2b83220113667c8a2b111"", ""8"": ""752732fb2e1cd343516baeb14e347235a1f1fd51db9d7778c26aabd611cab41c"", ""9"": ""7b09aa9275b79b6f61a673c6570c09be2037ce8db38036109831fd8307929068""}",fa1e31f716e3e30e2442e37a3f5c6bd62638081373f953947fb99d051c162af8,1,0,1,0,2.4988345594898784,0.0,"{""0"": 8.293774425770468e-09, ""1"": 6.426205890740608e-09, ""2"": 1.8994621510835655e-08, ""3"": 6.725151121234471e-12, ""4"": 0.3475988338646948, ""5"": 7.981664021504779e-10, ""6"": 0.10615300268139656, ""7"": 0.41432874812468384, ""8"": 0.11033546396200362, ""9"": 0.02158391684772781}","{""0"": 0.12500000414688722, ""1"": 0.12500000321310295, ""2"": 0.12500000949731074, ""3"": 0.1250000000033626, ""4"": 0.1737994169323474, ""5"": 3.9908320107523897e-10, ""6"": 0.05307650134069828, ""7"": 0.20716437406234192, ""8"": 0.05516773198100181, ""9"": 0.010791958423863905}","[0, 1, 2, 3]",[],1,0,1,1,0.0,7d181de511cbb333cf1879f88662fd784ceb5cb5dbeb88db23282d0a363063ae,da4b36da07225ba7bf492d08ad0ca8dec9ca7e167a8f7df84a9b20f121430f84,"[""proposal_created"", ""proposal_committed"", ""v1_challenge_sampled"", ""audit_rejected"", ""recovery_recomputed"", ""recovery_audited"", ""recovery_verified"", ""committed_once""]"
21,trust_v1,1,A1,1,0,0,0,0,1,V1,78.97,0.0,0.1,204117010573772735562076455410206601656,f9006cf84356128c74c2cfb1979cea42e913389333ff3aefd2b38bc7731c8d9d,1,"{""0"": ""0b42a4db205d60f67b9d9f4ae852f79a9f9a482fc8529f98d4b23bfec1060c09"", ""1"": ""9f5e8e07d71c63e4e50bda62c72758c46d7a03451098618337bce409664695f5"", ""2"": ""6717fbab3ebf5469c097cfb2a156ee2d866af73cb1359fbe8a59a361bb57722b"", ""3"": ""17c58f9bb070533e2c77b79c1a4decd2aa1216f8a158035ed605687d1a992e87"", ""4"": ""a65bf0b7849ec32d3e56f8723bbdf4f6e3fb3ef094fc8d3d3a9c765a015daa7e"", ""5"": ""7c5d1afb22d58a8f341736df9a472763c5f76c80d87d8c8c50efad4ea518bf21"", ""6"": ""3f7f553faaee4b01ce6cc84e70ed0ea4debd79f20acb1a5e83462f5f30aa7b31"", ""7"": ""b6868a5f62ac7e84125e01db09880d64811c0045090995bb05a59f9a4b26b485"", ""8"": ""fce95ff53b8200a0484825fb264de1140e2bdb7d83962b3f3e2e1969fecf151e"", ""9"": ""3b4077fbf2b306921ff26716d7aa2362fb56f05ab360266a37d6a5b8316f8ea0""}",81e433fae81c5d7d6b1d25445a806e113d298d67eb239eab147bad125a01fdd0,1,0,1,0,4.057803379447941,0.0,"{""0"": 0.75, ""1"": 0.75, ""2"": 0.75, ""3"": 0.75, ""4"": 0.10427965015940846, ""5"": 2.3944992064514343e-10, ""6"": 0.281537945828204, ""7"": 0.12429862443740518, ""8"": 0.2827926842123861, ""9"": 0.20709108500674825}","{""0"": 0.18750000047420615, ""1"": 0.18750000047420615, ""2"": 0.18750000047420615, ""3"": 0.18750000047420615, ""4"": 0.026069912605785516, ""5"": 5.986248031268403e-11, ""6"": 0.07038448663506038, ""7"": 0.031074656187942192, ""8"": 0.07069817123189924, ""9"": 0.05177277138262555}","[0, 1, 2, 3]",[],1,0,1,1,0.0,da4b36da07225ba7bf492d08ad0ca8dec9ca7e167a8f7df84a9b20f121430f84,c0689e25a79fa7f682c0eaf46927c6d428169f3357942dcb5b2aec840579f1fc,"[""proposal_created"", ""proposal_committed"", ""v1_challenge_sampled"", ""audit_rejected"", ""recovery_recomputed"", ""recovery_audited"", ""recovery_verified"", ""committed_once""]"
22,trust_v1,1,A2,0,1,0,0,0,1,V1,74.41,0.6621545767330816,0.1,48875921489602729863524895838139885993,045d8566fcd03ab248242ea5fbcf2f5455fbf9bfeb91bde4164338c1f3182434,1,"{""0"": ""1f2cfd15e4e14f7d74bfda53a4c4fb23db80e748fcfe1e88066467d65bd2a743"", ""1"": ""c485eb48ea6b9736c9fe92998084c9a31af415e38aeaa2c4803d28c773456aff"", ""2"": ""f7373b90f7c21e3be24edab831f8b47368fd58e67fba1ca7e19b5a7710bf0793"", ""3"": ""8a162934479d747654e0c3a553da369daec5881345f3919f0717f23506fc2e26"", ""4"": ""88c45ac45c2fc0a62a24dc2bf4ff9d7b33dd8bf4a4e2cfa7d6184bce335a68c9"", ""5"": ""14286ee275e1000f4d4dbc3b4301d8360686c25b28251a992674b56972656e98"", ""6"": ""4d07facecb128c70ba9e062c6e2b76cb074d236f89c11f2a46357fa9c5a8613a"", ""7"": ""46132c411e295415d9956fcbb0e0a90f4b78e35a7e520d33fd4bb4e60af9d63c"", ""8"": ""9eb4e1e6e02ed46ffec283af52c1c4293542d2870fcd423b2d6fb2119c9aa407"", ""9"": ""28d909203419b0668ac99dce3ba9288f47719076a15b862127f9070b64a7a432""}",c8491f66dae9653a864c87cfc09a674382e52fb8c4f63234442fd60b0fbf48e7,1,0,1,0,2.439087063311128,0.0,"{""0"": 7.464396983193424e-10, ""1"": 5.783585301666549e-10, ""2"": 1.7095159359752094e-09, ""3"": 6.052636009111025e-13, ""4"": 0.33026714840247157, ""5"": 7.183497619354304e-11, ""6"": 0.08446138374846122, ""7"": 0.4383063339765725, ""8"": 0.08483780526371586, ""9"": 0.06212732550202448}","{""0"": 0.12500000037321987, ""1"": 0.1250000002891793, ""2"": 0.125000000854758, ""3"": 0.12500000000030265, ""4"": 0.1651335742012358, ""5"": 3.5917488096771525e-11, ""6"": 0.04223069187423062, ""7"": 0.21915316698828627, ""8"": 0.042418902631857935, ""9"": 0.031063662751012244}","[0, 1, 2, 3]",[],1,0,1,1,0.0,c0689e25a79fa7f682c0eaf46927c6d428169f3357942dcb5b2aec840579f1fc,20ac63058cce6cfaf3fc26370f880ad2cfe2241b1b7b35aa6ba8d8a422be1c6d,"[""proposal_created"", ""proposal_committed"", ""v1_challenge_sampled"", ""audit_rejected"", ""recovery_recomputed"", ""recovery_audited"", ""recovery_verified"", ""committed_once""]"
23,trust_v1,1,A2,0,1,0,0,0,1,V1,76.23,2.396265011983509,0.1,265709902756946079217549315917994907207,02fed5fdbf005254b5502b62ede01507f64cee6f30126ff77568ac790ac46cfd,1,"{""0"": ""79d30022be38fb48fcf63bcc217914130256e9dee0199a75b6326470d51b69f7"", ""1"": ""342b32e5ff39732ddbe21b24a3c24a79815032ca453c1f67343a6a1babadb62e"", ""2"": ""9183b66c0e6504a79e55afe0825d60f821c91896a7b072be922f0b692da4981e"", ""3"": ""a71e70b4aeead272b91b8043b6ab16631c8aa9874c8812551991fec293bd9ee8"", ""4"": ""f50f6cd32e455eb38bfd69cdf8d1c47174923d720d3c750fc49b5c0ded13ec19"", ""5"": ""c4dbe876f3fbc5bad81a87b63f426a0b32fe9891a967ae36a94b01f9e3338239"", ""6"": ""af7d2780203785841baaa2efbdf60e918e4cc3f3832750fe2582f464efd544bc"", ""7"": ""ee7aab1bee43b5f39cc8bd1b38ba08be108fbb83d5caf2ecb145f1c967ff8914"", ""8"": ""8b21bb9194496912e921520ff9941301826cb2406b62da938f3ed31fc3bcc749"", ""9"": ""a7dbe6aa9d7ce032dff71caff73fd64f4f70000586116337651d1f34d341c1ba""}",807fffb9e317b2105e4f8e5875d387fa403f625156e1fb19c4457dca68956dde,1,0,1,0,2.325783669607331,0.0,"{""0"": 2.2393190949580273e-10, ""1"": 1.735075590499965e-10, ""2"": 5.128547807925629e-10, ""3"": 1.815790802733308e-13, ""4"": 0.09908014452074149, ""5"": 2.1550492858062915e-11, ""6"": 0.025338415124538372, ""7"": 0.13149190019297177, ""8"": 0.7254513415791147, ""9"": 0.018638197650607348}","{""0"": 0.125000000111966, ""1"": 0.1250000000867538, ""2"": 0.1250000002564274, ""3"": 0.12500000000009082, ""4"": 0.04954007226037075, ""5"": 1.0775246429031459e-11, ""6"": 0.012669207562269188, ""7"": 0.0657459500964859, ""8"": 0.3627256707895574, ""9"": 0.009319098825303676}","[0, 1, 2, 3]",[],1,0,1,1,0.0,20ac63058cce6cfaf3fc26370f880ad2cfe2241b1b7b35aa6ba8d8a422be1c6d,356a71417629166500a51f383ef9512b09c9a9ec22c7a9df9ce2a2d922a18e9f,"[""proposal_created"", ""proposal_committed"", ""v1_challenge_sampled"", ""audit_rejected"", ""recovery_recomputed"", ""recovery_audited"", ""recovery_verified"", ""committed_once""]"
24,trust_v1,0,none,0,0,0,0,1,0,,72.32,0.0,0.1,76143738480682442758697085853255929025,d6a2942edfe9c18aafa636fa3c227e18c4b49e1a3dc6f8035a1af2f1788a7899,1,"{""0"": ""3f15f4b313792f620b2cda3d405bb77f63cc07b61c319d26768ba155004f4350"", ""1"": ""2e48b45cbdeb08fd7deef3e1b3ce58069a2f34e429ea3fc71e9b5ed7369ae1db"", ""2"": ""e279016bbdae6b0bc59a854d55a291c0633aae642f927f3b5a0fcb2befa4e8bf"", ""3"": ""85ac727b60472632afecb625ebcbb7b1177f9335f0d5f3a0353db61f34c6e247"", ""4"": ""2d917ab402211bd3c152db6176529276eafcb1e3f90e4c15b0b44da337f2be21"", ""5"": ""489997910c095387a2cc76333645cb242178a898973aa0989e812d0adac84393"", ""6"": ""15522e644695d797fc4dfb45f91950c432d91cb243073381a9ad76f89422d2a6"", ""7"": ""095e131a3979ddab69e729dffe5dfce1d0a42cd954499513cb155e06fb8ba01e"", ""8"": ""ddec9e808f6582fe753cb11353cc8fc73c8a52cc590f27e4f717c94d26fa9caa"", ""9"": ""7e6196ab0ca667d1d651d4e5192f96f1a5d35cb60717cafcb96708c1bc656261""}",,0,0,0,0,0.0,0.0,"{""0"": 6.717957284874084e-11, ""1"": 5.205226771499896e-11, ""2"": 1.538564342377689e-10, ""3"": 5.4473724081999244e-14, ""4"": 0.1804609704089807, ""5"": 6.465147857418876e-12, ""6"": 0.007601524537361513, ""7"": 0.5887106430051332, ""8"": 0.21763540247373445, ""9"": 0.005591459295182205}","{""0"": 6.717957284874084e-11, ""1"": 5.205226771499896e-11, ""2"": 1.538564342377689e-10, ""3"": 5.4473724081999244e-14, ""4"": 0.1804609704089807, ""5"": 6.465147857418876e-12, ""6"": 0.007601524537361513, ""7"": 0.5887106430051332, ""8"": 0.21763540247373445, ""9"": 0.005591459295182205}",[],[],1,0,0,0,0.0,356a71417629166500a51f383ef9512b09c9a9ec22c7a9df9ce2a2d922a18e9f,9a6a640fa988e3d5e7d28b370dcc9006b17a867139afeb5507c910c3b3c3c9a1,"[""proposal_created"", ""proposal_committed"", ""v1_challenge_sampled"", ""audit_accepted"", ""committed_once""]"
25,trust_v1,0,none,0,0,0,0,1,0,,79.75,0.0,0.1,302464863954092509428999464900268081080,97f4df5baf8c95a1b0742758cf9e97d67c99497b793a4d87deac77f7879628bd,1,"{""0"": ""38f855d46a3c2c684831ab38612b06c6e84d3b8eb41e43b9590da54236f90b5b"", ""1"": ""12437f8e5e7ace787be8c5c3b61dd52f38e99405423269c1680359a6cd58958a"", ""2"": ""ea77a9ad85d820bc7c53f52993bce9d1f43f85fee4289181da45329234a2d506"", ""3"": ""8294df621f11c48a82dca01f65883ae54d7bf7469d1dff9459e7c1e83afe5080"", ""4"": ""382779bc380bf32ade087bab5da7a78806c5cae5ce24cf70d2aa5d504f93f7b4"", ""5"": ""006bf3094044386adce24a416ce28a94f7b5fc75a40a9764e560be549c78fd66"", ""6"": ""3a81bd64ea305d91449cd8a71ef57d2794dd53ff19bba6e91acb8bb6d5935698"", ""7"": ""1059837390ecb11d361cc44e29e0652606957210147573a71349b3b2f527d7bc"", ""8"": ""53dfefa2b4856737d50604a854b45518d38ad5ec3f07873b35b6fea0dced1b78"", ""9"": ""2b433d0a3b96d3a7bc8996138a3ebc0141ea0f42b7c6f7cbe854a5ad3745d794""}",,0,0,0,0,0.0,0.0,"{""0"": 2.0153871854622253e-11, ""1"": 1.5615680314499692e-11, ""2"": 4.6156930271330677e-11, ""3"": 1.6342117224599776e-14, ""4"": 0.05413829112269422, ""5"": 1.939544357225663e-12, ""6"": 0.2356137906945418, ""7"": 0.17661319290153998, ""8"": 0.29862395407545367, ""9"": 0.235010771121888}","{""0"": 2.0153871854622253e-11, ""1"": 1.5615680314499692e-11, ""2"": 4.6156930271330677e-11, ""3"": 1.6342117224599776e-14, ""4"": 0.05413829112269422, ""5"": 1.939544357225663e-12, ""6"": 0.2356137906945418, ""7"": 0.17661319290153998, ""8"": 0.29862395407545367, ""9"": 0.235010771121888}",[],[],1,0,0,0,0.0,9a6a640fa988e3d5e7d28b370dcc9006b17a867139afeb5507c910c3b3c3c9a1,dc646f6da39c59d30923bfeed2519dec2bdf1e15e029f5ada7e251fa6bcf2325,"[""proposal_created"", ""proposal_committed"", ""v1_challenge_sampled"", ""audit_accepted"", ""committed_once""]"
26,trust_v1,1,A1,1,0,0,0,0,1,V1,76.83,0.0,0.1,131483218651900885705159012293683013430,2247c820ed23c46ac65d0fe92df7cc80fe1c31cfa33734157ede4aca09f74af8,1,"{""0"": ""8d874bc2806aefc13491ad8dd4ed75958f71d4be43ade36d93c72f97f05385a7"", ""1"": ""1aa184f9e030398fc33f13f57d15614b797d7d9d029070ee93ce123d8a2c0eea"", ""2"": ""302e51a4cccfc5966eb1cfd128e46741231ac28cb33a3bd8097b74f9f1edcd42"", ""3"": ""11e90d5658efe7294ea598e119f691f26cd857647406a6396459f0c99fddc76f"", ""4"": ""5f70aa40687d00b606bd4cc15301e22d0c4a4275ff17d67b770bb0d1ce0b1fff"", ""5"": ""b9e8bb4516054763d209354975a7cb674a9e8afea88cf63cd4e226c83b450594"", ""6"": ""20cade328a8fb8e04e6877409f683c2afd21d00ca8b48ea5d073e67d894f5d6a"", ""7"": ""4fe70c1d062c8acd6499ce816d682f3fa9fa6dc1fe680e10840057db4c89c065"", ""8"": ""ece550228270ceab97b4819d2043437c2a69b9626fda410ed5612fdd292260ba"", ""9"": ""0f8b0fad0fd447e672be9550217b996e646ff5792bfebb3d72df67d810088070""}",21d701ed955b6ea7f938699f84ab550b05034e995f30590ceca05eecc23cc8a1,1,0,1,0,1.8105818787277674,0.0,"{""0"": 0.75, ""1"": 0.75, ""2"": 0.75, ""3"": 0.75, ""4"": 0.08624148733680827, ""5"": 0.07000000000058186, ""6"": 0.14068413720836254, ""7"": 0.12298395787046199, ""8"": 0.1595871862226361, ""9"": 0.1405032313365664}","{""0"": 0.20161290322713873, ""1"": 0.20161290322713873, ""2"": 0.20161290322713873, ""3"": 0.20161290322713873, ""4"": 0.023183195520800583, ""5"": 0.01881720430135603, ""6"": 0.03781831645411081, ""7"": 0.03306020372883728, ""8"": 0.0428997812429276, ""9"": 0.037769685843412594}","[0, 1, 2, 3]",[],1,0,1,1,0.0,dc646f6da39c59d30923bfeed2519dec2bdf1e15e029f5ada7e251fa6bcf2325,520a280e21a12e376a8aa03f24fcc1b29a152f9d3f5cf11c0e57e874390e6839,"[""proposal_created"", ""proposal_committed"", ""v1_challenge_sampled"", ""audit_rejected"", ""recovery_recomputed"", ""recovery_audited"", ""recovery_verified"", ""committed_once""]"
27,trust_v1,1,A2,0,1,0,0,0,1,V1,11.35,6.930755083243609,0.1,263023195237115405915212109028899816802,a77d9403d3f4acb03fc4f0ab0715e2290595ce247e7620fc9f0667218c04f7dc,1,"{""0"": ""7f9fa4009d171fd9cb6a05f0220a03e1c101f5d00140ad18531d2906ae02062f"", ""1"": ""34a651f99b60e98e8731dc5ccc0128bbdbde917ded1d14dd062ea0bb201e6445"", ""2"": ""7773dcfe484f8e091cd27e5d99f35712331241375e068bece2e9a7a06749efea"", ""3"": ""d79f9faba24c5c7dc0d2f69265147a958943b290633be2809967c656e196dd23"", ""4"": ""65c65c77407ec463e290167102a792aee8c9e16b48e35fdf0b428e90ade9c69d"", ""5"": ""8883089ece5ca7f9645de786ab67fb3866ae2a4983261669aa689d0a9f518892"", ""6"": ""7a33dfc11413c612d9ed99ee281334c54afb56028848f07dba785618365e4399"", ""7"": ""e6dd2169d9c661d1302692690f6bf43adeba7194ee193c463780dcbb559afe62"", ""8"": ""2dad17d1656ad1b0905c85b4f0b36aa9d8fbb136e2c8f29f74284113a9b84642"", ""9"": ""1048b1660c779de23b261756af60a43aeb02cbe0a1b809b4b0ebecc2f6906c61""}",1d445ca59b72236d06974a2ba4422d660a10169716595f7d98c53494f5029ab2,1,0,1,0,0.5804469193780076,0.0,"{""0"": 0.02100000000181385, ""1"": 0.021000000001405415, ""2"": 0.7210000000041541, ""3"": 0.02100000000000147, ""4"": 0.025872446201042485, ""5"": 0.02100000000017456, ""6"": 0.04220524116250877, ""7"": 0.0368951873611386, ""8"": 0.04787615586679084, ""9"": 0.04215096940096992}","{""0"": 0.17724002616255732, ""1"": 0.1772400261622902, ""2"": 0.32701111837891333, ""3"": 0.177240026161372, ""4"": 0.016921155134802343, ""5"": 0.013734466972028526, ""6"": 0.027603166228007483, ""7"": 0.024130272963530965, ""8"": 0.03131207054736489, ""9"": 0.027567671289133056}","[0, 1, 2, 3]",[],1,0,1,1,0.0,520a280e21a12e376a8aa03f24fcc1b29a152f9d3f5cf11c0e57e874390e6839,5a0705812f34a77071869fa171f09d0bcf5b1858004f57ec483387a57cce3ba6,"[""proposal_created"", ""proposal_committed"", ""v1_challenge_sampled"", ""audit_rejected"", ""recovery_recomputed"", ""recovery_audited"", ""recovery_verified"", ""committed_once""]"
28,trust_v1,0,none,0,0,0,0,1,0,,74.52,0.0,0.1,167474919078645743859812358228332339130,0ddc50b9bb42a264909bdafde9b62534b880a983079a429a5bb8c726991ab17f,1,"{""0"": ""6195ca007c1db2062bb0bab4c4b074510119a8e32fde370ad953f870a4b28286"", ""1"": ""2df157b9330f8ec231b494400047315b86a24753b603aab4b2a49a22f8f5c2e2"", ""2"": ""60a86aa0d0809c6d8491fd1838c6048f354a7303bc016dda6f492e6292870622"", ""3"": ""2b8de98eba69681e6f018104a874427285822dd12461894368b8a597423e1b27"", ""4"": ""a0920590b0af46062379a982441acb7edf7fda354bdf2f146aa96e07e0a63f78"", ""5"": ""f6ec55cb3546377d8b1d0543a378e998823aaaee3f626a14622f5fb4827ad880"", ""6"": ""d07b1f26fa4be5205fcf212b60e3d1bf7a7b5badac48a3a63ac62ba1b4ece119"", ""7"": ""92a908d93d699b48631610c86a9b1546af80237f517c21072333e4c9ee5c11c8"", ""8"": ""ff755a36ed96148d4535ac6380cedc915b12af8e5ac5b3848b704ff520b2eb21"", ""9"": ""86940648b960916c429e7996ee81ba24c6ec0754d9348f39ad8758e39b1c9828""}",,0,0,0,0,0.0,0.0,"{""0"": 0.006300000000544158, ""1"": 0.006300000000421627, ""2"": 0.21630000000124633, ""3"": 0.006300000000000443, ""4"": 0.14421110228235837, ""5"": 0.06836843756977914, ""6"": 0.14911094077079823, ""7"": 0.10320264495043237, ""8"": 0.15081221518208285, ""9"": 0.14909465924233659}","{""0"": 0.006300000000544158, ""1"": 0.006300000000421627, ""2"": 0.21630000000124633, ""3"": 0.006300000000000443, ""4"": 0.14421110228235837, ""5"": 0.06836843756977914, ""6"": 0.14911094077079823, ""7"": 0.10320264495043237, ""8"": 0.15081221518208285, ""9"": 0.14909465924233659}",[],[],1,0,0,0,0.0,5a0705812f34a77071869fa171f09d0bcf5b1858004f57ec483387a57cce3ba6,2616bfb7b9340e7f5bf6f57766bdb216ea22cbf10c52c96f5bd276db6acb8e9a,"[""proposal_created"", ""proposal_committed"", ""v1_challenge_sampled"", ""audit_accepted"", ""committed_once""]"
29,trust_v1,1,A2,0,1,0,0,0,1,V1,80.5,11.718616081719182,0.1,294771299900164388050302840409857616367,1ef9c6aa51645626133f4ee75c24cb9cdbc54724fdbb69fa24158314b6da5ab1,1,"{""0"": ""7a74d50b540d021abff19f3eb8e5d52570e08ed57a5fc69c06c4a40c78d5a3b1"", ""1"": ""6e6e6cf2af21ab9e10e5835922e31e7dccfcfc1ed1393b1fc4f6b5af8db589c3"", ""2"": ""f6b00e7f96a12eb528ab2c71aae9dfffaefa6033c9a38e9fdff60a24d79d90fa"", ""3"": ""403978af1dfc8107ba38c2578b37e1d36a702323f3474f2bd383de0d37f95fe4"", ""4"": ""2a499bd229476c3dbe350c5841c93e3c89d1934b2dc5400485061765aac0f188"", ""5"": ""b1cda0bab99f9707322ef8ab91da7ce28c9faaf3e56a653b463a6f36e9dac732"", ""6"": ""36a6b823bbe3d2ff1fa421bb2756055963cd357a753c55a6a3bff29b20ece7f4"", ""7"": ""a5cac6ff92431b6b972d44dd02105da8fa6e7b9f56414113f3ff54e9389d3b00"", ""8"": ""646463a22755af98781b6c8d34b3ea222a6bb78290fe29e8bc0bb5ba3456853d"", ""9"": ""1cd02611fb5c06e6baaf7bc5f308c91c82a6eaa5475d24ad687882848e9a4443""}",4c05002afa07d208361cbadfc1676bbf97e0a559bbc7a0e258918eab5c7e6d4d,1,0,1,0,2.1665949107509825,0.0,"{""0"": 0.0018900000001632476, ""1"": 0.0018900000001264884, ""2"": 0.06489000000037391, ""3"": 0.0018900000000001333, ""4"": 0.23852415972122226, ""5"": 0.037904521714185416, ""6"": 0.23999411126775425, ""7"": 0.05595066124717177, ""8"": 0.24050449359113962, ""9"": 0.11656205245786305}","{""0"": 0.12594500000008163, ""1"": 0.12594500000006326, ""2"": 0.15744500000018696, ""3"": 0.12594500000000006, ""4"": 0.11926207986061113, ""5"": 0.018952260857092708, ""6"": 0.11999705563387712, ""7"": 0.027975330623585884, ""8"": 0.12025224679556981, ""9"": 0.058281026228931526}","[0, 1, 2, 3]",[],1,0,1,1,0.0,2616bfb7b9340e7f5bf6f57766bdb216ea22cbf10c52c96f5bd276db6acb8e9a,4acf377e726e0898c266ceb0c1018012bc904d0471052e9a8847b910e1150ebf,"[""proposal_created"", ""proposal_committed"", ""v1_challenge_sampled"", ""audit_rejected"", ""recovery_recomputed"", ""recovery_audited"", ""recovery_verified"", ""committed_once""]"
30,trust_v1,0,none,0,0,0,0,1,0,,63.48,0.0,0.1,219723463716793903303755499953737482725,6afb78d736a08f723d433a8be08b999307360a88f00424d6bd16fa513374d1b4,1,"{""0"": ""c29406bd59b5c2210edcb80bbd0fda12dacdb50c09f25746dc7fc616975a76fd"", ""1"": ""bd464352662709fae51f6dcd37e21b17744b2341e7b659c009e61662eadf18cf"", ""2"": ""6d1ea7fadec76052c2f8662140281e56e009cb11ffba4935355f250974e0c0d9"", ""3"": ""28e02445878edfa6c1595d72eaad1f2d5fe237d4f1c035b03499b5040dc3b15f"", ""4"": ""4ff23891bcac2e0c72e052b155bc3c9e0bcfefd412a96c28f1a17704fa56e8ad"", ""5"": ""a6ec248d78810869ffa6614918be2209011be47c580b8862f52a963c8cdf8171"", ""6"": ""2e78f80492451b78f3214c80bec532ff1a33ab7a32770095ece5f05c9773e6cc"", ""7"": ""655efb77177e2707d17561a025de3f8e2b64339d50c168c050b87e78552674b3"", ""8"": ""eb0b10f8539322545a4bd3a7f406179c4ad1fa8dbf87578fdcc5ad384bf48e7c"", ""9"": ""95ebcf0b7a88db22a4c0c927f8915ce396931b3127b61456c8b0999f6ad215db""}",,0,0,0,0,0.0,0.0,"{""0"": 0.0005670000000489743, ""1"": 0.0005670000000379465, ""2"": 0.31561334951635184, ""3"": 0.00056700000000004, ""4"": 0.3463012552958361, ""5"": 0.011371356514255625, ""6"": 0.07199823338032627, ""7"": 0.14589484147844237, ""8"": 0.07215134807734189, ""9"": 0.03496861573735891}","{""0"": 0.0005670000000489743, ""1"": 0.0005670000000379465, ""2"": 0.31561334951635184, ""3"": 0.00056700000000004, ""4"": 0.3463012552958361, ""5"": 0.011371356514255625, ""6"": 0.07199823338032627, ""7"": 0.14589484147844237, ""8"": 0.07215134807734189, ""9"": 0.03496861573735891}",[],[],1,0,0,0,0.0,4acf377e726e0898c266ceb0c1018012bc904d0471052e9a8847b910e1150ebf,e43cc0643d2ad884c5fa354d4682efb238cba1aabade7490a178dacd31247316,"[""proposal_created"", ""proposal_committed"", ""v1_challenge_sampled"", ""audit_accepted"", ""committed_once""]"
31,trust_v1,1,A2,0,1,0,0,0,1,V1,81.19,0.718167234534534,0.1,242181638114043960720085966958079856868,81470dcb3c5ffd1551c8910ed0c18b236b1bcdf3c3a751216b1e7e36848a5697,1,"{""0"": ""3266973c65ff228fe750c32803d5b6312d014e359fe0a7c1ea3a98c7aba30c1b"", ""1"": ""f1ee2d930219f2f1c668683663bda43ecb1116a8da49bbbfb986841cb1aed1ae"", ""2"": ""affbfc905c89b51f42762384e2317cf6479d7235d36d217df114473f44eef01c"", ""3"": ""7460abd6a17472253c1cbe018d88d2e3373afc65a82b33a3efca31798ca02594"", ""4"": ""0d5a896d08ae0b63eee271264ea0dd409e47abe07bdcdf9ec40b7e99a3c77b12"", ""5"": ""9d3d50dd0f2e584cb059fbff425dfa559404e422508ce26d1f2dcff688c43352"", ""6"": ""592795be907858397172916260b3910b48ce3227584dfbae483d6a18a9e69686"", ""7"": ""b2d4debce96b8bd0dc2f032773febaebe865e4877297826ee8e6f7ea5845d159"", ""8"": ""1735e10731db96026e554b62c5ab414a31fbc8749161bff20b4f526a9ac44e78"", ""9"": ""29605e050b85489978251dd9c43804c3013b16824bd2c849c540c5f6ecab9996""}",6693c4ca9b69111cdc8b3ff50081b41b931cc68f45b30ae6eeaae095ef7ee6b9,1,0,1,0,1.632283730721331,0.0,"{""0"": 0.00017010000001469234, ""1"": 0.00017010000001138403, ""2"": 0.09468400485490558, ""3"": 0.00017010000000001205, ""4"": 0.2618298243678054, ""5"": 0.08427094751374775, ""6"": 0.17953891779315237, ""7"": 0.06971893628346952, ""8"": 0.17958485220225706, ""9"": 0.12986221698463632}","{""0"": 0.12508505000000736, ""1"": 0.1250850500000057, ""2"": 0.1723420024274528, ""3"": 0.12508505, ""4"": 0.1309149121839027, ""5"": 0.042135473756873876, ""6"": 0.08976945889657618, ""7"": 0.03485946814173476, ""8"": 0.08979242610112853, ""9"": 0.06493110849231816}","[0, 1, 2, 3]",[],1,0,1,1,0.0,e43cc0643d2ad884c5fa354d4682efb238cba1aabade7490a178dacd31247316,7b5e4aa703f5536e0fe18e69e2ec87714bb361ac0cdf2d0a8f277f3cd557b935,"[""proposal_created"", ""proposal_committed"", ""v1_challenge_sampled"", ""audit_rejected"", ""recovery_recomputed"", ""recovery_audited"", ""recovery_verified"", ""committed_once""]"
32,trust_v1,0,none,0,0,0,0,1,0,,9.9,0.0,0.1,16331793009051749921142877668479041129,2fc089958c939d59db62f84f495e1818e213fd422a0c71e80f6d097268d86425,1,"{""0"": ""77bfc577ee0c5877057610b139dd7e394c83eb82630db7bdee124afca9fce460"", ""1"": ""9f3458cd98b0a8407e8a4ec3ecf142ac09acb66daec7bb1422a406782c2fbfd1"", ""2"": ""147276817fe6ab351126a9339b92c81687e73ac988db986c04032d9ce6630116"", ""3"": ""f985a1edbdd7b13a540b059263fa4c769ee97ac008cc544bff9f18411721b65d"", ""4"": ""a8329841be391140ad300a81f4d0788e33f828b521fae2b4fe8e3279b9f18110"", ""5"": ""e82344f64948109d699633401fd41db2658011c5e2f48b47d7da257540d919df"", ""6"": ""6acf28950ed03d458e3c38ba817161fd391d2b02131e68e3652a22d0da3a0f4f"", ""7"": ""d1211120c56cf253e1ca9e691369d334af86de15af0473447d9059108d2dbefa"", ""8"": ""fb314449a572b4a68d3675547a138db0aab22a17f63916a13d79ca04ef8afb98"", ""9"": ""603cc1d3d72146e891b0cec4da5385a0b3506a864d3724da4bad3937064107dd""}",,0,0,0,0,0.0,0.0,"{""0"": 0.19562038708199775, ""1"": 0.19562038708199675, ""2"": 0.14169713021049168, ""3"": 0.19562038708199334, ""4"": 0.07854894731034162, ""5"": 0.02528128425412433, ""6"": 0.05386167533794572, ""7"": 0.02091568088504086, ""8"": 0.05387545566067713, ""9"": 0.0389586650953909}","{""0"": 0.19562038708199775, ""1"": 0.19562038708199675, ""2"": 0.14169713021049168, ""3"": 0.19562038708199334, ""4"": 0.07854894731034162, ""5"": 0.02528128425412433, ""6"": 0.05386167533794572, ""7"": 0.02091568088504086, ""8"": 0.05387545566067713, ""9"": 0.0389586650953909}",[],[],1,0,0,0,0.0,7b5e4aa703f5536e0fe18e69e2ec87714bb361ac0cdf2d0a8f277f3cd557b935,4b87ecddb1a19ea9a013a6b6cd73ea9100f5e81891d1280684e0f44a3b0e1f92,"[""proposal_created"", ""proposal_committed"", ""v1_challenge_sampled"", ""audit_accepted"", ""committed_once""]"
33,trust_v1,0,none,0,0,0,0,1,0,,81.01,0.0,0.1,274236255320659819414371540029611781711,ccb814ad60778910937853ef3848d89b656e59b945a2e9491f186ec32c7e51f5,1,"{""0"": ""8a88ff4cf994bfea32acc85677e9a7b600f21652ffd09b525127001fb462aece"", ""1"": ""2dfe3e0ed9b0290718b8a19e8f5ffcfff10adb903bf540dbf75c87ea44b0e3d9"", ""2"": ""258502dcb193dce1910104bcbee0f3c376a228a488e7224896e190f0ffbb2a14"", ""3"": ""cf6c5aed4b2926fd41a41dcbbd6ebaf7f6045a374e2eb97c69ae62317f79a663"", ""4"": ""632d0602a0c8da537967788dfa10ca24ae0b8eb4e7d097fe88cd929a04913ee7"", ""5"": ""6b764de6a0b1dd6ce64c4e14b0ec06b0e8004b458dda4e592ded8d44610bfb27"", ""6"": ""545ebc3e5c8d1bba541a1ab8c10498af278523ea7719dfe1919602bbcd712acc"", ""7"": ""9a972f2a6c30c336f3d29443210481dfc634a20fb73e34552d8527c4ad6af626"", ""8"": ""596a33f0e86b9c9fa3dac88703a99b2bbcdb6d1d7468e6f84446076aac984613"", ""9"": ""4438db32c421cbb7655a5deacb0e996f9474bbc1fc597b0158d787b8d6147fc3""}",,0,0,0,0,0.0,0.0,"{""0"": 0.058686116124599334, ""1"": 0.058686116124599036, ""2"": 0.04250913906314751, ""3"": 0.05868611612459801, ""4"": 0.15656993541035147, ""5"": 0.10083107281169512, ""6"": 0.14166516796844408, ""7"": 0.08850559771124707, ""8"": 0.14916788791545213, ""9"": 0.14469285074586627}","{""0"": 0.058686116124599334, ""1"": 0.058686116124599036, ""2"": 0.04250913906314751, ""3"": 0.05868611612459801, ""4"": 0.15656993541035147, ""5"": 0.10083107281169512, ""6"": 0.14166516796844408, ""7"": 0.08850559771124707, ""8"": 0.14916788791545213, ""9"": 0.14469285074586627}",[],[],1,0,0,0,0.0,4b87ecddb1a19ea9a013a6b6cd73ea9100f5e81891d1280684e0f44a3b0e1f92,2813b0ae197f2ffe8b7b04eb31d34dba93905e4587a53199f79ad55cdfc68bd5,"[""proposal_created"", ""proposal_committed"", ""v1_challenge_sampled"", ""audit_accepted"", ""committed_once""]"
34,trust_v1,1,A2,0,1,0,0,0,1,V1,81.61,1.7836885711002946,0.1,284987078622104863397496924717212366362,989667d73c84953cb3657627866c03cacc413168dbe3f70c0fe9986425dad140,1,"{""0"": ""1c16e78e4a48ae919ef99c0bb69dafe5641f63f772f0982f247e70698bbf89ae"", ""1"": ""7b17e3936a1c7582db10636edceeec97b43b06155e8de34c15ca2163323810a1"", ""2"": ""4f81de198764373d625fcd4b2f0915fbe26821f879c38ff7856bf2556a287d6e"", ""3"": ""7f7da0dddc8e90d5d7a443edfa6ba858bbede0fd5a1b715d25ab87cf08bd49c1"", ""4"": ""81423bca8cafdbb6d91c4f912101d55aaff2aa038df26245d614c124cb8357a1"", ""5"": ""28f4291ce6fd1c64133470c3b33b4fe30102f3edceeade354a90e1547e6d1351"", ""6"": ""9db9feb16ee21caa27d00cb6a5ea683baaa9a7d10d5b618f0bc06c9acd0883f0"", ""7"": ""7fc9b6c20f2dca1251bfdb3e1bc709f4600c70d31d4ca196385fc8ee7b106c48"", ""8"": ""dfe0d0f17407b39f1c5850624ed41d8bc49f2f76dafc2d14f379d551ca950ce6"", ""9"": ""90652f0336d4967d955378b4c18ce9c5b5e5eed5a87891e532c6674b423d5886""}",5f4fbf6e713f936b72bd515a3d54cd0101b76a061fafe5b97fa0704493ef2a72,1,0,1,0,2.23254179447439,0.0,"{""0"": 0.0176058348373798, ""1"": 0.017605834837379715, ""2"": 0.012752741718944255, ""3"": 0.017605834837379406, ""4"": 0.3040350972484698, ""5"": 0.04985066816598907, ""6"": 0.29956366701589754, ""7"": 0.03268946167553665, ""8"": 0.13014044101732697, ""9"": 0.11815041864569681}","{""0"": 0.13380291741868988, ""1"": 0.13380291741868983, ""2"": 0.1313763708594721, ""3"": 0.1338029174186897, ""4"": 0.15201754862423486, ""5"": 0.02492533408299453, ""6"": 0.14978183350794874, ""7"": 0.016344730837768322, ""8"": 0.06507022050866347, ""9"": 0.05907520932284839}","[0, 1, 2, 3]",[],1,0,1,1,0.0,2813b0ae197f2ffe8b7b04eb31d34dba93905e4587a53199f79ad55cdfc68bd5,b9ddd1dd56768e1cbf0149495043cf4bb03884ab0908af6d9c7bcccd4f72ca86,"[""proposal_created"", ""proposal_committed"", ""v1_challenge_sampled"", ""audit_rejected"", ""recovery_recomputed"", ""recovery_audited"", ""recovery_verified"", ""committed_once""]"
35,trust_v1,0,none,0,0,0,0,1,0,,22.36,0.0,0.1,153171739330237444234563553319297225676,d2a4b75381ea6c0bf159e231544a2b385b164ba8e6dcf55443299ed8a9b29c2a,1,"{""0"": ""fc312fd6027bbccfd4423b481d3204f4a64a273350e57fed36ebb27a2729a4cd"", ""1"": ""9ccd76f3c18cc25b14c41602cbf56477fdb680a38306dacfaa528c9d558fa254"", ""2"": ""e3a9960e574264f7ea07cc83a7ef501c262aa3ddab1742415b766d9278b41887"", ""3"": ""c72a6bb1d054db4ce6bf43783a123e434dd9b11c4047ef84631b3de68562b0df"", ""4"": ""fd3148cf191f9faafdf007554122a79878315bd7ba4002fdea9dd8951b09205b"", ""5"": ""ed840e1f26dccc5b1ffe7def2d99e235548b50bc8d29c05e769c552be39fa23e"", ""6"": ""98a4b870a4f4962052565cf52e440f7cacfafc63f76c15b70bea065f1135cdab"", ""7"": ""3e9db1ddcc182ea3e8c8fd19b4954a541c3864cc3ab19c041b0da4238308cfba"", ""8"": ""3ade0e5b2e4637e1f3d3d03e18c0bcdace6cb61a16e0fb294a8fc22d71006e0a"", ""9"": ""2883376316151141f6b8cbf1fd76945b19c258e1651c8158d7b1d8c2e9d6f90a""}",,0,0,0,0,0.0,0.0,"{""0"": 0.2373227757824007, ""1"": 0.12414087061200098, ""2"": 0.23586684784687006, ""3"": 0.005281750451213823, ""4"": 0.09121052917454096, ""5"": 0.014955200449796724, ""6"": 0.08986910010476928, ""7"": 0.12686566767950036, ""8"": 0.0390421323051981, ""9"": 0.035445125593709055}","{""0"": 0.2373227757824007, ""1"": 0.12414087061200098, ""2"": 0.23586684784687006, ""3"": 0.005281750451213823, ""4"": 0.09121052917454096, ""5"": 0.014955200449796724, ""6"": 0.08986910010476928, ""7"": 0.12686566767950036, ""8"": 0.0390421323051981, ""9"": 0.035445125593709055}",[],[],1,0,0,0,0.0,b9ddd1dd56768e1cbf0149495043cf4bb03884ab0908af6d9c7bcccd4f72ca86,28458715d300d1d857f68451c18fc22efa049338f83ddf8c96b87cc99abde92a,"[""proposal_created"", ""proposal_committed"", ""v1_challenge_sampled"", ""audit_accepted"", ""committed_once""]"
36,trust_v1,1,A2,0,1,0,0,0,1,V1,82.1,0.42367491132028046,0.1,179250929481828906251901447904425597936,1c404c8287bfac9809ba6370e1b6676e3dc81a3baf434bc1ee3fc74d8da589be,1,"{""0"": ""62c386d2124a4ec1fae4a776db89b613427ef0487b9b837678c41565ae2d057f"", ""1"": ""53914a9b9415fba210caeff2e8116373d950e346340bdee6eaa6ef599cda78b9"", ""2"": ""8bb1d0f184d2d16bded460a7cb528a04ead40a244ebf26a70bce9c743875317e"", ""3"": ""30b5712c90d3d757d74d1ac55ea8686724ca5f1eaf56361ca44a731cfb301c10"", ""4"": ""01dcdf5ab859e78dbd952ac6d6dd43caf9f6acb8293c3c33ff519ca7f5de4283"", ""5"": ""1026b8aef6f59bcabaf71d694fc924bcd31149ca3224f0e6ccca9ae9f9fbea6a"", ""6"": ""6c0e17463c9235fae386af863524e0e5c698036867a328ad81539d79d5358f0c"", ""7"": ""b8f42637ff0f6145423d4f1be958700652f9527190dcd6ffb993e2631330c9a5"", ""8"": ""e438032333f7de376f3f498b517e87e50d06e46507ade421da4db82a3720c5e4"", ""9"": ""15d7635c5620ebc37079a776baea84e63f26577f21ad58bca9dcf18fbbb79762""}",edfaa3ba2f69949606ac402fe7d4d764bd18e7df11da770a26e0412069833d55,1,0,1,0,0.9112198127094725,0.0,"{""0"": 0.07119683273472023, ""1"": 0.0372422611836003, ""2"": 0.07076005435406103, ""3"": 0.0015845251353641472, ""4"": 0.16635161475838103, ""5"": 0.10595422787021912, ""6"": 0.14856114764216283, ""7"": 0.09802624693978162, ""8"": 0.1507010956975782, ""9"": 0.14962199368413148}","{""0"": 0.1605984163673601, ""1"": 0.14362113059180015, ""2"": 0.1603800271770305, ""3"": 0.12579226256768208, ""4"": 0.08317580737919052, ""5"": 0.05297711393510956, ""6"": 0.07428057382108141, ""7"": 0.04901312346989081, ""8"": 0.0753505478487891, ""9"": 0.07481099684206574}","[0, 1, 2, 3]",[],1,0,1,1,0.0,28458715d300d1d857f68451c18fc22efa049338f83ddf8c96b87cc99abde92a,93f6d37cb0c6155c1508637c11da9d5dd0bc6f0314ba301decc5464f0e76e3b9,"[""proposal_created"", ""proposal_committed"", ""v1_challenge_sampled"", ""audit_rejected"", ""recovery_recomputed"", ""recovery_audited"", ""recovery_verified"", ""committed_once""]"
37,trust_v1,1,A2,0,1,0,0,0,1,V1,80.27,9.304116095623536,0.1,87783824594547083217887229927386594236,3fc910c2e6f8be0724d0905dfa091ad34b6d56445849d4fac5425620b4e9b713,1,"{""0"": ""148bd1d728f59cff03ea3bd4dfba71a90db93307f4b5831b041e284ef98c6ccd"", ""1"": ""919b9d4a0aaff6053b8856c21fb3afea3857c00187de724a509ae001734ba7ea"", ""2"": ""e30a98104feda4cd1c03773985fc368c8c5b21a95cf6c45b2b3dc82bdf836de0"", ""3"": ""f25f9689900b84157bf0c64f7b9afd4b6d34640565cc36e2e4fd283f50766b29"", ""4"": ""c610d03224afcc6654c326c151123c9bbf0497ef7b673af046a6bd8b3ecbb908"", ""5"": ""5f353bf605945cf84d1dee2f8494788414cafae4809e9022cfba3ad3bff36ade"", ""6"": ""94d491eb8da031a4f1c6988729a7326d7839843fe5297e180fa1847bc92b77fc"", ""7"": ""f90f1bfc7fd67fb7c8a8054092424d433d316ab0c6131c14afcb4b339f51df42"", ""8"": ""41ff2dad8869d4b50e6e435362b332b14ffa8fa0f38dbea8b50045ca1c2992f8"", ""9"": ""1e7f34241c9fafa0df98d83d5fd8408e8498bfa6b55ecade3847d46a1fe02bae""}",3bb50f1f096a2369dde242d01ecca9e8690f3b01af72c94b4dadea52b3afceda,1,0,1,0,2.608746661084599,0.0,"{""0"": 0.021359049820416073, ""1"": 0.011172678355080092, ""2"": 0.021228016306218313, ""3"": 0.00047535754060924426, ""4"": 0.2600142571190631, ""5"": 0.04900963171337591, ""6"": 0.04456834429264885, ""7"": 0.08185819265497789, ""8"": 0.25531910140082226, ""9"": 0.25499537079678825}","{""0"": 0.13567952491020804, ""1"": 0.13058633917754003, ""2"": 0.13561400815310914, ""3"": 0.12523767877030462, ""4"": 0.13000712855953156, ""5"": 0.024504815856687956, ""6"": 0.022284172146324426, ""7"": 0.040929096327488944, ""8"": 0.12765955070041113, ""9"": 0.12749768539839412}","[0, 1, 2, 3]",[],1,0,1,1,0.0,93f6d37cb0c6155c1508637c11da9d5dd0bc6f0314ba301decc5464f0e76e3b9,ed795921445f60196e4f917f260b73cff4f7062374dc910579dfea13d0b7d52b,"[""proposal_created"", ""proposal_committed"", ""v1_challenge_sampled"", ""audit_rejected"", ""recovery_recomputed"", ""recovery_audited"", ""recovery_verified"", ""committed_once""]"
38,trust_v1,1,A2,0,1,0,0,0,1,V1,16.83,1.2838055572073286,0.1,191922783348118946386110130473756094704,08c53f6c5f6d0c560c494606a061af09ec4bc246eb663ad3f1b383f191118e1e,1,"{""0"": ""25773db2b8a1b84d39d9cd31098577939abeab34d6706cb6adfb04bc832acc18"", ""1"": ""d1229f2ad0d91daf25713858c1b7d2aa061e89d7db5c50550b80332cc9d67ee0"", ""2"": ""e6325001568e822af86635488059b53da29adfbf391533d0fcf0a2a9e16d20c4"", ""3"": ""13bd427291f0c690c8e1356d9a01cb3ccb0087ab11108d47422e7b2fc4918e30"", ""4"": ""d5fdb26d48324e3c9235a5c10d98fb6e5596dd2e0273c38caf18edb096b4e8f9"", ""5"": ""25debca208a3b8a743df9199c7c198360bc9a42c16eb574a577c5b805d3d303b"", ""6"": ""cfbafd8aecec30b13e1dd622a9295b5350d471423601b6d5416655834943a914"", ""7"": ""0193161b01084f429382da5f21460f76f094cb6fb1035c166babed9044135b30"", ""8"": ""7e22d70d951762e0fd4346c06de6f8f999e746aa07457feeac5a8535cb75c37e"", ""9"": ""2c13de375693de8236841512977c14941a6b8eeadfd0569a3eb73dfa1131c288""}",338b4a689ff67a074a094464b82e058090b907daf20d8fa13b0e005a3d90923f,1,0,1,0,0.3697748512704317,0.0,"{""0"": 0.35640771494612483, ""1"": 0.0033518035065240284, ""2"": 0.35636840489186555, ""3"": 0.00014260726218277332, ""4"": 0.07800427713571896, ""5"": 0.014702889514012777, ""6"": 0.01337050328779466, ""7"": 0.024557457796493373, ""8"": 0.0765957304202467, ""9"": 0.0764986112390365}","{""0"": 0.27976349552506846, ""1"": 0.14175717229313092, ""2"": 0.27976349552506846, ""3"": 0.1399615403748453, ""4"": 0.04364549847478982, ""5"": 0.00822666352951818, ""6"": 0.00748115747344571, ""7"": 0.013740560468712663, ""8"": 0.04285737856932808, ""9"": 0.04280303776609228}","[0, 1, 2, 3]",[],1,0,1,1,0.0,ed795921445f60196e4f917f260b73cff4f7062374dc910579dfea13d0b7d52b,23e69e83f9ecf6f5dc1dc4dd89225399a741621949305ecdeb063c1529a5aa0e,"[""proposal_created"", ""proposal_committed"", ""v1_challenge_sampled"", ""audit_rejected"", ""recovery_recomputed"", ""recovery_audited"", ""recovery_verified"", ""committed_once""]"
39,trust_v1,0,none,0,0,0,0,1,0,,75.4,0.0,0.1,25033407288901342263977054604334595081,572f7966a2975c4601a860b0f377f323378692fe01c26d3681a813f048f3e26d,1,"{""0"": ""2e5818219ceb664b1c5e03b500cbe044958e1b8978ce447da04b6a4bb4a5f10f"", ""1"": ""5788aafee33092f416d275121b955d93885812c68c85561a25d9bc1c525a6544"", ""2"": ""a348f5a147d176531e6da16f0e36100586fd9fca6bf7fe3158ce06e8e6737992"", ""3"": ""4e46873e730c95e2ed571a12f9351ebb76b92d10ce25a39443f8adc3358f0a20"", ""4"": ""8cd00c8bfbdd046601e9ab0cc01aeadb1b4c2e11baabbd2d8fbc47051107d0bf"", ""5"": ""7a66afaa5df66cf86eacda2e4a2535433e9ac6969a791c2a1b7596c5c5885486"", ""6"": ""b77e8b61091ece32a4ae0810624b383bf5ee843db241acef220e81399c50f9f3"", ""7"": ""eb112e3c380850b2bfffa36cdccc0c7f76b5947fe16d0c61e8dfbf3ca6d67da1"", ""8"": ""bf25c929fea62cdc0101fa0b9e10306fed5632bc9e254389488bcf3b08b6528b"", ""9"": ""83ca3bb4f248e2d2c0501ff73c267325accf225cfc6c82b303dcfacfad136dbd""}",,0,0,0,0,0.0,0.0,"{""0"": 0.10692231448383746, ""1"": 0.0010055410519572087, ""2"": 0.10691052146755968, ""3"": 4.2782178654832e-05, ""4"": 0.20402719379666256, ""5"": 0.020752915565006393, ""6"": 0.026697656385854543, ""7"": 0.12646095126078866, ""8"": 0.2036046297820209, ""9"": 0.20357549402765784}","{""0"": 0.10692231448383746, ""1"": 0.0010055410519572087, ""2"": 0.10691052146755968, ""3"": 4.2782178654832e-05, ""4"": 0.20402719379666256, ""5"": 0.020752915565006393, ""6"": 0.026697656385854543, ""7"": 0.12646095126078866, ""8"": 0.2036046297820209, ""9"": 0.20357549402765784}",[],[],1,0,0,0,0.0,23e69e83f9ecf6f5dc1dc4dd89225399a741621949305ecdeb063c1529a5aa0e,1222fc44e5439506b2c2d70c85b228ac107fb0c212da19d9d929ccf0c3bb7df6,"[""proposal_created"", ""proposal_committed"", ""v1_challenge_sampled"", ""audit_accepted"", ""committed_once""]"
40,trust_v1,1,A1,1,0,0,0,0,1,V1,80.76,0.0,0.1,25552580130936035380461450540588440826,1f87ebaef6fb610d69b2d6a3f47b5a07b06b1b463958560c5ec64d67e02b6a0e,1,"{""0"": ""be0e1198f29154862f9c7cd0598c8cebc63e17cea121363972e873541acaf541"", ""1"": ""c37fae9835c9a044a7baed3fefea5a541b884ca1ba36dcfadd49c9203fceaa65"", ""2"": ""e497f67b03cc17f3845b239a74897cc88824ebedde4cfcc866e4dbb33bb07cb1"", ""3"": ""8b41c5b4d0885326e4eb0086f9ab6a7467b7c6b00838261fcd47b86fb6f511c6"", ""4"": ""1fae618704f2c7202c76c869d71af54448cd57f74d8cb591c5af46655e246dce"", ""5"": ""04fb2034b779b3194e5fb5d00293a17e25f18b15208463e94f12b752af7de351"", ""6"": ""95813586b919dbc29e60716ae9cf37890ed45a24f0ecdce197a153ddd293d753"", ""7"": ""becc6ebfe43a17cb433cf4ca38b7af9860ad6f46296a26ce7f966f37ef34e7bb"", ""8"": ""0a2dae7f32a29ef80b68fd5e9a01b335f1bd11e1bba24768575d33ddbae4b52e"", ""9"": ""2f77592c57b6f96d741e0805dc9441431ac5887182b4d7e54fd7ac0126551631""}",245b49dc9e8266f085eb3abdb9812ca9406c565e846ea523c55cec4b7e67f67b,1,0,1,0,3.6647019069728484,0.0,"{""0"": 0.75, ""1"": 0.75, ""2"": 0.75, ""3"": 0.75, ""4"": 0.26203379938068777, ""5"": 0.01887493354594759, ""6"": 0.12067978260809233, ""7"": 0.04287257346173616, ""8"": 0.22917627379894706, ""9"": 0.2618982894499864}","{""0"": 0.1905712630432129, ""1"": 0.1905712630432129, ""2"": 0.1905712630432129, ""3"": 0.1905712630432129, ""4"": 0.0665814828106527, ""5"": 0.004796026567610588, ""6"": 0.03066413146053935, ""7"": 0.010893707299354655, ""8"": 0.05823254927653669, ""9"": 0.06654705041245448}","[0, 1, 2, 3]",[],1,0,1,1,0.0,1222fc44e5439506b2c2d70c85b228ac107fb0c212da19d9d929ccf0c3bb7df6,ea4cf37ed21ef9b8865e267dfd4909f69b471aa291abfdeb72687039c76b74d7,"[""proposal_created"", ""proposal_committed"", ""v1_challenge_sampled"", ""audit_rejected"", ""recovery_recomputed"", ""recovery_audited"", ""recovery_verified"", ""committed_once""]"
41,trust_v1,1,A2,0,1,0,0,0,1,V1,9.31,0.5596522884350652,0.1,107081399955768349214059207064593065789,b829e3a8f4f7b31a0e76bad41fea5c46cb05a3152b869bff931897aa06f7a608,1,"{""0"": ""bfcd734164450510bb344cd7c3d1b454021d17399e6976b0375083ae7ccc34f0"", ""1"": ""e8f9ea5630fd88bee690f19bd3c39f23deb6a89cb29c52359e5d9810e50f8103"", ""2"": ""11507cd51d22613b1e5b137031a20c5fad21df3903cb30ee23e745da3215ea04"", ""3"": ""def28d90ef873776391cc451891462329e192f9136578fa075099a9b275e7054"", ""4"": ""447dd821a495a3b4460167283c34ba3b272f832620d1b082f3bcd4968ba9ab61"", ""5"": ""4ecfd6862ddb595e8dbf9aa6de9e35fff5c5fd80b929264b920ad39d86ddaa94"", ""6"": ""26011cfb24366276b0497b222cd81a6f8f0870515758754a1da60b30ad3adf97"", ""7"": ""545adf55823f3abd32f3c97be33b0318335261dc7417e9d1b4b0feced9a88eb4"", ""8"": ""b577a9eb37b781f667f4f00d8abf1e54378f2072ebc1429cb99d081a4843da57"", ""9"": ""8db6f64ee5b128fd73a60ac81aa7c217f30f36a685ba823a548b463526414e08""}",84713aa2ced807fae52dca4325566d4f081e3aa9f6376283b5e6da0b454a097f,1,0,1,0,0.29244050000629773,0.0,"{""0"": 0.2429563416368787, ""1"": 0.23342383202800948, ""2"": 0.24295528026541371, ""3"": 3.850396078934881e-06, ""4"": 0.07861013981420634, ""5"": 0.0056624800637842775, ""6"": 0.036203934782427706, ""7"": 0.01286177203852085, ""8"": 0.06875288213968413, ""9"": 0.07856948683499593}","{""0"": 0.24647817081843937, ""1"": 0.24171191601400474, ""2"": 0.24647764013270684, ""3"": 0.12500192519803946, ""4"": 0.03930506990710317, ""5"": 0.0028312400318921387, ""6"": 0.018101967391213853, ""7"": 0.006430886019260425, ""8"": 0.03437644106984206, ""9"": 0.039284743417497964}","[0, 1, 2, 3]",[],1,0,1,1,0.0,ea4cf37ed21ef9b8865e267dfd4909f69b471aa291abfdeb72687039c76b74d7,6582afc8467e4b6a13ccc9d01425e58e11c7ba42c54652b716858cf77bce8a6a,"[""proposal_created"", ""proposal_committed"", ""v1_challenge_sampled"", ""audit_rejected"", ""recovery_recomputed"", ""recovery_audited"", ""recovery_verified"", ""committed_once""]"
42,trust_v1,1,A1,1,0,0,0,0,1,V1,81.51,0.0,0.1,111680268671110561727602600710423775023,78f80d56b403839d50bb621f502d0b566640cd5e9018bebc3e61e19b29154794,1,"{""0"": ""2b2bdec0b0be8006ff06328002ba38964cc254b3398b9f9356c166b97fc55c3e"", ""1"": ""ff77b654c31b45e5bdcc0a0cd91bb9f59f1f05373e02180c54265d2e28158d2a"", ""2"": ""028b4a9f28862637b5d11d4474bc55c88ed2f409dc51f39f4dadd29412763e75"", ""3"": ""00e1f45641787f281e86943d88fc94fab43fba33354b89106dcb8d6cd0f20e31"", ""4"": ""ba9d42f6615ead6d88c6f8848842fb69867b68196e00cd4d0e6fb888682f6f8a"", ""5"": ""6a867613fb3368871ff9e32b4926ff9e97fc1d4ffd7c9be1c44d5352cf8285bc"", ""6"": ""a1d3c247e1001f8c340228d25fdc9519d4a0f976f054a52d685ba75265d405e4"", ""7"": ""fb98b8b6798d62ef3c40719ffe41843167c2743cb85e691abe6a7ebdaeec2796"", ""8"": ""c2a2f9fde178ac30c4698342f2bc9e852c2f189346df1a81b3b21e891152bc97"", ""9"": ""9a386c5448bf8d2c767166f893adbfc22c3873f8a3bd8499b55ef6d75511e70e""}",bf806f6dccb045393ee847a36fd389c25ff985b227d20ee41e4e8f245b990b74,1,0,1,0,1.1648631875586946,0.0,"{""0"": 0.75, ""1"": 0.75, ""2"": 0.75, ""3"": 0.75, ""4"": 0.17308904507776526, ""5"": 0.1103299099476851, ""6"": 0.14544961335628998, ""7"": 0.012120923360934672, ""8"": 0.17013186777540862, ""9"": 0.17307684918400215}","{""0"": 0.1981925783578966, ""1"": 0.1981925783578966, ""2"": 0.1981925783578966, ""3"": 0.1981925783578966, ""4"": 0.04573995217262465, ""5"": 0.02915542576336834, ""6"": 0.038436045189656355, ""7"": 0.0032030360706428057, ""8"": 0.04495849804700397, ""9"": 0.045736729325117596}","[0, 1, 2, 3]",[],1,0,1,1,0.0,6582afc8467e4b6a13ccc9d01425e58e11c7ba42c54652b716858cf77bce8a6a,ee8d5aca366dbbe0162c3702333b8a1155ddadc5c8a216325d6b6706e8156284,"[""proposal_created"", ""proposal_committed"", ""v1_challenge_sampled"", ""audit_rejected"", ""recovery_recomputed"", ""recovery_audited"", ""recovery_verified"", ""committed_once""]"
43,trust_v1,0,none,0,0,0,0,1,0,,81.83,0.0,0.1,339497432045423552376420342697719430831,b4aa09a21499d5414b7883af035e9c8c5cd857dfae9184c0f0650dc195df8211,1,"{""0"": ""d1644c97d471c267fcf828b5370a4207d3cce6b475f2d3b1ab6a074d7c56b1b1"", ""1"": ""51c789e6c02ce98aa9fd53ff7079fecf925972e8afef87d93ef7f8ccae59dcc0"", ""2"": ""65dcde0282ce6422b112b203e100ea9ae9d3f03d1b0289ea7cf9e0d1e6bbce33"", ""3"": ""b97063a25132e86d6bba99476a09acd476a3054c5b9f93cf633f8cf1f4463c05"", ""4"": ""b5e1d18ec524f18b4231b5fa5ad3f3207578930a49a6abbaf6d63951ecef6af3"", ""5"": ""cb20b4b4ed59e356928a1ed44799faf88824a53a14abb0458c70b13d47c72fd7"", ""6"": ""e9a6269de74c1fc7c7c9bf9416c9ec99d65370a120fc7771baf6031a8ced3f47"", ""7"": ""b8a26d365ffbff9b92a4e498216061f0d72a50168addca63991ca9a6299f995e"", ""8"": ""aac98034071f31525cbd926e1f0fd40373c7ea0e2c706865431596406c393d88"", ""9"": ""df387199b9728ff9b800d9c946d420849c91228e997d7c36da0e87b119c41e54""}",,0,0,0,0,0.0,0.0,"{""0"": 0.021866070747319093, ""1"": 0.02100814488252086, ""2"": 0.02186597522388725, ""3"": 3.465356471041395e-07, ""4"": 0.18921584058166613, ""5"": 0.07479724218130085, ""6"": 0.14399105784551414, ""7"": 0.021456869272942415, ""8"": 0.25245747915331207, ""9"": 0.25334097357589014}","{""0"": 0.021866070747319093, ""1"": 0.02100814488252086, ""2"": 0.02186597522388725, ""3"": 3.465356471041395e-07, ""4"": 0.18921584058166613, ""5"": 0.07479724218130085, ""6"": 0.14399105784551414, ""7"": 0.021456869272942415, ""8"": 0.25245747915331207, ""9"": 0.25334097357589014}",[],[],1,0,0,0,0.0,ee8d5aca366dbbe0162c3702333b8a1155ddadc5c8a216325d6b6706e8156284,9cf9d6707557b50c6cf7d12eca6da479425f8faa0d28569b5560ed945955cfa5,"[""proposal_created"", ""proposal_committed"", ""v1_challenge_sampled"", ""audit_accepted"", ""committed_once""]"
44,trust_v1,0,none,0,0,0,0,1,0,,26.47,0.0,0.1,210779935150938827340405576401460110598,deeaff5d10942ef45837db78750762e607ed098febed3b02ab1c06d2e14e0d75,1,"{""0"": ""b109df759682027e3d94b477a504bf72d59e2163b0f7c1ce0af79c3cc1f2f8a7"", ""1"": ""33be79343d0e49d578b6a365a7511f16a78ac310d1e3163f977ec197d8b329e8"", ""2"": ""e6a7f196d41c3a76f2d6053f539e324bc4eb31f0f7d0cde36c4ccb1026d0f584"", ""3"": ""bd657e7eb7fd223c96e8469140ff7e7898b27741faef2333de5aec9de6f7f338"", ""4"": ""a771648e943632488792088e33847c6c02794097174015b1dcef64e5f4a8a5e1"", ""5"": ""ec8d05c56e9d31a28224b091d76bf7526a3502f785ecc9bae155cf23c98c6dd6"", ""6"": ""e3818018715384e307163a9b6cbbd0e94db9cec827f8af71eeebba8fb24396e1"", ""7"": ""d0fe20419a3aafcf008a6a6c5d85ce73f808c50a4e291c14cc4c75eb0744283e"", ""8"": ""206068ea47a501049fea33410e7f309d4fa6d492856ffa1127074978856f045d"", ""9"": ""403eeb8dd18726fac8f5c3d65189b4ca48e51047bb72d189113fe572309f121e""}",,0,0,0,0,0.0,0.0,"{""0"": 0.23647903358295627, ""1"": 0.12407959044348349, ""2"": 0.23647900492592672, ""3"": 1.0396069413124184e-07, ""4"": 0.05676475217449983, ""5"": 0.05590052987139678, ""6"": 0.043197317353654244, ""7"": 0.09536013186862763, ""8"": 0.07573724374599362, ""9"": 0.07600229207276704}","{""0"": 0.23647903358295627, ""1"": 0.12407959044348349, ""2"": 0.23647900492592672, ""3"": 1.0396069413124184e-07, ""4"": 0.05676475217449983, ""5"": 0.05590052987139678, ""6"": 0.043197317353654244, ""7"": 0.09536013186862763, ""8"": 0.07573724374599362, ""9"": 0.07600229207276704}",[],[],1,0,0,0,0.0,9cf9d6707557b50c6cf7d12eca6da479425f8faa0d28569b5560ed945955cfa5,76f5ca36c86a4584f8382ce9aa6dcf537ee133363f60ea44cd1e5ff461dade32,"[""proposal_created"", ""proposal_committed"", ""v1_challenge_sampled"", ""audit_accepted"", ""committed_once""]"
45,trust_v1,1,A2,0,1,0,0,0,1,V1,82.09,1.2716858506564201,0.1,174586079352055876805616852167236263373,f2479bf63516d7dcb1168d54e66dc507e2efdf44710ce6cb1989552671ba0d96,1,"{""0"": ""3e7cba115f961969126c1596b37c92241adb10f47cfeecc047636748f385a5d8"", ""1"": ""2630f29a39e607532f13a7a8648689ec59245e34288fda3c092ae42cdd6966b8"", ""2"": ""081626e9b5af3a8be6bc0d3669d5c1933a78032b7319e27f8bb91565840158a4"", ""3"": ""d28961b1415c919fb7c446bd70e0e2e0a46f3d45696077d63f75b444c07b52ce"", ""4"": ""e669fcfc6dc2e7d20ba3febccec74a3dfccdc61af91d2b7a57531b95108866ec"", ""5"": ""224eb629f0b1182cade50f58cd39fcb6969ede13561047fcf8fa4dc637c7bc40"", ""6"": ""36623a55e73339123d8246d5c61470e8c5747418f5edb83670ba3850c2504e7d"", ""7"": ""b38cfed8c0895563b7cfd1d0c5f69dd0946b8a13432c7381953333c1e9287e15"", ""8"": ""c0e33c0624871bc073e192e1d2f54bea10b8044c89d653becad82000ef3ebedd"", ""9"": ""b9b5babbfe2d5b9098657a8c31f7ce54984c3389315d5ddfe54ee2d48a24199a""}",fab356d8c7faabf5dd703aa8d0654e1ba0d778b8f08297b0b3c690a1e6ab82a1,1,0,1,0,0.944020875895204,0.0,"{""0"": 0.07094371007488691, ""1"": 0.03722387713304506, ""2"": 0.07094370147777804, ""3"": 3.1188208239372564e-08, ""4"": 0.17495766586030007, ""5"": 0.10708382588949349, ""6"": 0.14087101953716888, ""7"": 0.036597827677591004, ""8"": 0.1806494133317482, ""9"": 0.1807289278297802}","{""0"": 0.16047185503744346, ""1"": 0.14361193856652252, ""2"": 0.16047185073888903, ""3"": 0.12500001559410412, ""4"": 0.08747883293015003, ""5"": 0.05354191294474674, ""6"": 0.07043550976858444, ""7"": 0.018298913838795502, ""8"": 0.0903247066658741, ""9"": 0.0903644639148901}","[0, 1, 2, 3]",[],1,0,1,1,0.0,76f5ca36c86a4584f8382ce9aa6dcf537ee133363f60ea44cd1e5ff461dade32,a083aaacfd38a2d1095e13e7953036bc3c03d1602caccb2d57a1a51cc9543b54,"[""proposal_created"", ""proposal_committed"", ""v1_challenge_sampled"", ""audit_rejected"", ""recovery_recomputed"", ""recovery_audited"", ""recovery_verified"", ""committed_once""]"
46,trust_v1,1,A2,0,1,0,0,0,1,V1,82.41,1.9568158624347787,0.1,242947084998223854421111777677368157661,908ec42fc8ab39a4c672439f741e46d44bb3d1ed87496f6a7a21000c6bbcaca4,1,"{""0"": ""20fc051a800c8355ebf7334f9f3811c4af6f92273cc3aca5e7f35b8cfdd51dc2"", ""1"": ""04d89395e652c37a0f1eb478afc0ce4afa692ab6919ae7cd581f6168301a8e7a"", ""2"": ""d7f3fe58698e7bd088db69a6e9782e6974df446c1576947531d407101e958936"", ""3"": ""2174deaa30d2de8da6ff0f42eeffd3b9a7d630e50f748fed4be2bd1ed3860fdc"", ""4"": ""dfad152937e1963d2ff104c5ac15e15dab470d0ee8e13aab1f27a712e99be9fb"", ""5"": ""76a0ab42d7ce7d971132126b26dd549b465cf610126489aa0a4221bd6732a5f3"", ""6"": ""0a549ea41756b378be752d43db2dab0b7cfafdd9dac9432ebc0e4a805f3a8800"", ""7"": ""96975418e1d9aa3913d1e8dd290617a4e75afeff78491fd19e2b27e158973dc3"", ""8"": ""80adf81741a5596995dbcd2edfb0b9590efa8376734a50b1cd7c23282fa604b6"", ""9"": ""5ff8c80b016434cc56837a624815d2f2e79ec9c4b73efbceb848792c8cdefb3a""}",14081cd3fc3cd61bd1ad33b7f9de78b4b7494790f319c4a3370b348b90de7bc9,1,0,1,0,2.971270582439427,0.0,"{""0"": 0.021283113022466077, ""1"": 0.011167163139913519, ""2"": 0.021283110443333416, ""3"": 9.35646247181177e-09, ""4"": 0.2031711550130144, ""5"": 0.07232097059505374, ""6"": 0.2054633525204294, ""7"": 0.030493530242311027, ""8"": 0.2173968706588032, ""9"": 0.2174207250082128}","{""0"": 0.13564155651123302, ""1"": 0.13058358156995672, ""2"": 0.13564155522166668, ""3"": 0.12500000467823122, ""4"": 0.10158557750650717, ""5"": 0.03616048529752686, ""6"": 0.10273167626021468, ""7"": 0.01524676512115551, ""8"": 0.10869843532940157, ""9"": 0.10871036250410637}","[0, 1, 2, 3]",[],1,0,1,1,0.0,a083aaacfd38a2d1095e13e7953036bc3c03d1602caccb2d57a1a51cc9543b54,38562173e2481bcf6e54b46594e702f9e3c135d8de81549a5b27b63f49920398,"[""proposal_created"", ""proposal_committed"", ""v1_challenge_sampled"", ""audit_rejected"", ""recovery_recomputed"", ""recovery_audited"", ""recovery_verified"", ""committed_once""]"
47,trust_v1,1,A1,1,0,0,0,0,1,V1,19.54,0.0,0.1,287911032420937734389558568279645252011,87502b50928256a0e11f7a8c77f9f1f67fa9c83291490598073bf23ed8e3e321,1,"{""0"": ""5f1d9b7da52c7ed91de3c6913d3d72900c149193d29c60ba8461b7513dd6ec4f"", ""1"": ""82616e906b18b9c698b252ba07a539e74c7bf9ad5c6cc574bca278f5c53b7ecf"", ""2"": ""1d04bf9e9f0ba8723767cae6b6138001178795bbfcc3f72ca4297321a899f8c4"", ""3"": ""adca671b81fdfd3bd02006f048ab1d9dda7520ee0e0a044882b7a13522247864"", ""4"": ""92cbf11b6a9c11f02f1c16515f0d5b6f1f6d16a6196034dc3d59d9af06de0d56"", ""5"": ""f59bbdf7046e1f43d97ad8cc04ea2135078e7a0a0cae1a0d7a3111791228a3fb"", ""6"": ""3efca0585dfa99243aee4b8b8f261c30281eb2291e38ace7bc857073f470b372"", ""7"": ""e93f6e10ce7427b559b11a95b11f24665c704eaaeba3c37e74e8f2d1deefe24b"", ""8"": ""7a2c56d97f5fd0ac62e0c99a2a343579c9a637edc39d401c6458e1680c1b3d19"", ""9"": ""9b190225e9ed5a84632fc5ad1e191fb2567fdfe2654d4d112bc578c14f8ad8c3""}",08030cfd688d221526f5e5555189083b4904eaad919f76810545510e5376be28,1,0,1,0,0.5700056561168517,0.0,"{""0"": 0.75, ""1"": 0.75, ""2"": 0.75, ""3"": 0.75, ""4"": 0.06095134650390431, ""5"": 0.02169629117851612, ""6"": 0.061639005756128816, ""7"": 0.06802132914774793, ""8"": 0.06521906119764095, ""9"": 0.06522621750246384}","{""0"": 0.22436594735533505, ""1"": 0.22436594735533505, ""2"": 0.22436594735533505, ""3"": 0.22436594735533505, ""4"": 0.018233875467909038, ""5"": 0.006490545232486624, ""6"": 0.01843959189401972, ""7"": 0.020348893272804706, ""8"": 0.019510581934979045, ""9"": 0.01951272277646058}","[0, 1, 2, 3]",[],1,0,1,1,0.0,38562173e2481bcf6e54b46594e702f9e3c135d8de81549a5b27b63f49920398,0ae1d261c1808f060279832e73fba80a22ea93eab1f848c8d5d76116cafb03b5,"[""proposal_created"", ""proposal_committed"", ""v1_challenge_sampled"", ""audit_rejected"", ""recovery_recomputed"", ""recovery_audited"", ""recovery_verified"", ""committed_once""]"
48,trust_v1,1,A1,1,0,0,0,0,1,V1,81.98,0.0,0.1,303606043440175791498622342913868284493,3a9044e8612c09be6c3c03c7274798aacdfd18cae7de44008fbbf8ff8e36ac5f,1,"{""0"": ""10057f7bf79d3bf1a28baa3957b3070e0a8595123f652d67a6f926f922b4805d"", ""1"": ""451869134362db719686cb74c5aaa0f44db34a1e227c318e0fbf824d33003c3c"", ""2"": ""1210fcdce2483666a00056d686f518972620f36e38c0805e618970476635f4a0"", ""3"": ""10b3ae8b42ac269691e0de617e70894de3e471671c4e3ea6eabae22134e070e6"", ""4"": ""b153db9d4826a4c53db74f78e6145a5b91addb812ad87de2168e5d1ee3d2258c"", ""5"": ""0226c3d732c2d6bd5dcf2b5c429f4e8c18c2f3667e2d32d26a74644d47ac9d45"", ""6"": ""1fbb59a3cdacb6d3572081e0bd570659e0387c479e197bbcc792ec08e1599452"", ""7"": ""fd289389e564cc939fa9d7f880aca68773970e96f7dd22a2187a183e3d295585"", ""8"": ""24fbc212d03df8a12ba64acd018fab0243e5771cd35094125f598abde68aa399"", ""9"": ""fc761de096abb44ea4693788feff38eff3c02fcf2a48c29c1ecc46ffbf70a35b""}",4a916f8ca097db49d7b5b3cea0be099f655af8a5cf5f3702a95941a2d797ba5f,1,0,1,0,1.244515210971181,0.0,"{""0"": 0.75, ""1"": 0.75, ""2"": 0.75, ""3"": 0.75, ""4"": 0.17484005471428882, ""5"": 0.10365206318922524, ""6"": 0.1440864261112066, ""7"": 0.02800454623493338, ""8"": 0.17612036912240983, ""9"": 0.1761225160138567}","{""0"": 0.19722175162745595, ""1"": 0.19722175162745595, ""2"": 0.19722175162745595, ""3"": 0.19722175162745595, ""4"": 0.0459763491271897, ""5"": 0.027256588615971664, ""6"": 0.03788930312452289, ""7"": 0.0073641408826475175, ""8"": 0.0463130235941277, ""9"": 0.04631358814571664}","[0, 1, 2, 3]",[],1,0,1,1,0.0,0ae1d261c1808f060279832e73fba80a22ea93eab1f848c8d5d76116cafb03b5,189e79ecfe5de351312e874f54abc6f52c350c947c0dcebb8407d5cec2f5090f,"[""proposal_created"", ""proposal_committed"", ""v1_challenge_sampled"", ""audit_rejected"", ""recovery_recomputed"", ""recovery_audited"", ""recovery_verified"", ""committed_once""]"
49,trust_v1,0,none,0,0,0,0,1,0,,81.29,0.0,0.1,81929748952721459341656070312305407739,9272ef57657786f1856f637a9f26cf480d80b141221aa2a9449561e4c52f5fca,1,"{""0"": ""94707736ed80f05753512ad74cdc87f8de25cdcb8a09beea262acb0a553988a6"", ""1"": ""b87fb697f080562e99d5a3da945af021f4b49604d0023556fa88a38e174c30b0"", ""2"": ""ee23bd59094cb7485a4c18b002e376cf88264b53607b5c9a6e8f3925506cbb1e"", ""3"": ""53b4f2353d6eddaa3188708530ab42f3430a9d12155eea59cc9e77dc728af2de"", ""4"": ""6ce3cb515d48fff280590a8feb42a1b4ad5a794fc1a06ed6df6ae63b0ae15a01"", ""5"": ""9890685846a368e2e61a9d81100b3f77dbf133910b0f4025eb57919943e784c0"", ""6"": ""565511b19169e19a57d9d322d2d8504b11e311e116d003db27b87650075a9460"", ""7"": ""672dd064a137afaa8c61ae4405cbb662e28e3211887a48bcfef8c7b4f8c6cc7b"", ""8"": ""adaf810468b0093b94ce927f003d2dbd6e4d796da975b79c41d195d59c440eff"", ""9"": ""ca197d8bdc4a96311519eb2e7c97219fae8e41470172123367f8f086cccdb65e""}",,0,0,0,0,0.0,0.0,"{""0"": 0.023597371442481297, ""1"": 0.011957464316273342, ""2"": 0.023597371372844712, ""3"": 2.526244867389179e-10, ""4"": 0.24915653154040193, ""5"": 0.04095848906084965, ""6"": 0.21241217105844196, ""7"": 0.01123344966242306, ""8"": 0.1859356010202502, ""9"": 0.24115155027340943}","{""0"": 0.023597371442481297, ""1"": 0.011957464316273342, ""2"": 0.023597371372844712, ""3"": 2.526244867389179e-10, ""4"": 0.24915653154040193, ""5"": 0.04095848906084965, ""6"": 0.21241217105844196, ""7"": 0.01123344966242306, ""8"": 0.1859356010202502, ""9"": 0.24115155027340943}",[],[],1,0,0,0,0.0,189e79ecfe5de351312e874f54abc6f52c350c947c0dcebb8407d5cec2f5090f,321bfed054e2fc6d2832985fbc51cd99248ed5ee148ba6fcf4e942d589424f79,"[""proposal_created"", ""proposal_committed"", ""v1_challenge_sampled"", ""audit_accepted"", ""committed_once""]"
50,trust_v1,0,none,0,0,0,0,1,0,,31.1,0.0,0.1,304213234242422573834778626465550285295,89a24709f4db6f3c251797cee7ab8943b1534e95c1cb7a9350759b644969a3e4,1,"{""0"": ""a8c30e63b324384ef149a29c7a9745147163993e8ab6c10e397b94bc20bf8c1a"", ""1"": ""d8a9d95c7f2a7df9748e30128e9f954bdcf53507e347163d0bd5499d4f35d588"", ""2"": ""8221d571f92c3bace13fbe7a6af62d9006fbe7953fcfd6f21537d140e06f51ac"", ""3"": ""838b6250e6e8f509d6adb00532305b4f9f5e9ece40a8065bb2d6d90118a73669"", ""4"": ""25c61bbc0d14c23f46bd2a055fdd12e2e06c37cb116ce029f77e7692f785d3ca"", ""5"": ""d733ccb8bb70b604ba7fd4c4290128ecda816d2bf155a33f3d6359b35a38e4c3"", ""6"": ""45dd7cce6e8ab3306b3627defc8b42cd43614f4622c77fa1885047a6b19545e1"", ""7"": ""ca767d400609d6ed16fa117a50d6dba2996395564d3c61e4ed398447ab940e85"", ""8"": ""70e75f35b31965040c45c8c48d6fbe1a09168cbf1c3796396cba4a683f46ae97"", ""9"": ""3f3f4db3c776b03c7b0693c294d5f2114dd84a7c61bea264dcee9955190707ce""}",,0,0,0,0,0.0,0.0,"{""0"": 0.24402308218530766, ""1"": 0.0777550418670408, ""2"": 0.24402308216441668, ""3"": 7.578734602167539e-11, ""4"": 0.07474695946212061, ""5"": 0.037050040659297456, ""6"": 0.0637236513175326, ""7"": 0.13055199688039903, ""8"": 0.055780680306075074, ""9"": 0.07234546508202286}","{""0"": 0.24402308218530766, ""1"": 0.0777550418670408, ""2"": 0.24402308216441668, ""3"": 7.578734602167539e-11, ""4"": 0.07474695946212061, ""5"": 0.037050040659297456, ""6"": 0.0637236513175326, ""7"": 0.13055199688039903, ""8"": 0.055780680306075074, ""9"": 0.07234546508202286}",[],[],1,0,0,0,0.0,321bfed054e2fc6d2832985fbc51cd99248ed5ee148ba6fcf4e942d589424f79,4382d17ca9791979db9d373874725ad015d50327a8dd061aa5774a4113ce5aa6,"[""proposal_created"", ""proposal_committed"", ""v1_challenge_sampled"", ""audit_accepted"", ""committed_once""]"
1,trust_v2,0,none,0,0,0,0,1,0,,35.53,,0.1,,7fd5a1d1bf7cd4a63a29a9f30591c684a822d6f680fdc8e7f081e31ec2ac7c06,1,"{""0"": ""943d162d6fa5982657bc9a1d5686c9aa7c895bae87c4f1982a7730935ccc67d6"", ""1"": ""d950810ed497112edff60ba1ff1573882d2d69da785636e2a6959a32963d4852"", ""2"": ""b150693f5bf8c32996a3d92fa7571c8b6dfe340be03c0ff6a425280ccb9f111b"", ""3"": ""31603cf77a9c0f02c9133128b9ea54e9adf7adcbf8fb1aaa09251ab6636ab303"", ""4"": ""c93e2f02d1d7741c6d073982059ec05685dd006d8a9e2ba6ad2a4049bc1f932d"", ""5"": ""f4284d9d382ff2f20e6471b31e2ac8219b13cd6945e97821d8bd0c9eb0d4dfa3"", ""6"": ""cf82a7996cae784d8e1d447a487353faee6b3ccd75acdc201a3b34be64529c76"", ""7"": ""735ffe1cc77e4ba719170b1ec36d72d6e0d1af2ba90231f7d1de3eb9429661dc"", ""8"": ""fa68cfe656dc8b0725ad0b8471bebc641496920d390a9dec0925b1dfda71d483"", ""9"": ""603aa345ab122ddebac685997e36dd9a301661ff2a3a80c779dfe44954ad5310""}",,0,0,0,0,0.0,0.0,"{""0"": 0.08425559963000644, ""1"": 0.08015101900535108, ""2"": 0.05247716378599446, ""3"": 0.0541584195990768, ""4"": 0.1642108302961532, ""5"": 0.06174010337668318, ""6"": 0.09429387784575097, ""7"": 0.11919618628784892, ""8"": 0.1642108302961532, ""9"": 0.12530596987698178}","{""0"": 0.08425559963000644, ""1"": 0.08015101900535108, ""2"": 0.05247716378599446, ""3"": 0.0541584195990768, ""4"": 0.1642108302961532, ""5"": 0.06174010337668318, ""6"": 0.09429387784575097, ""7"": 0.11919618628784892, ""8"": 0.1642108302961532, ""9"": 0.12530596987698178}",[],[],1,0,0,0,0.0,f7841e6ee2e000f22425cfcb00f6b2b2b5b53c9dc424bfd55b0d6f4ba52bf3fc,4e83d115041860f7a58546c3afdf257303ea17c5afaa5d0d085fc6b541fc400c,"[""proposal_created"", ""proposal_committed"", ""audit_accepted"", ""committed_once""]"
2,trust_v2,1,A2,0,0,0,1,0,1,V2,41.16,,0.1,,3db39b40e2923b72b2cb212e08e26eecdf66d3f786b1f4534e877965f4dee837,1,"{""0"": ""2bf71d9e75f0f3a3147d3a960d3cbc4ab71db247c73c757b93fb5bc7c56e3082"", ""1"": ""234c8db125dd02737fc8d94649f1609c11c282334a7cbe1cab957b899108735e"", ""2"": ""1f6e6114d1521dbf4ad4c292c5a7f0de73a36282f171cceeb3c0aac341c7b01f"", ""3"": ""9ecd9dfc4617262b25560edf2a960f796b756d07bf29cbb5084503616bf7df5d"", ""4"": ""5c55c8f1354aea8f72fc26f47521e62c2f54f68e9bf58dcffbc1cb553e180072"", ""5"": ""de6aee29580a38312a38068021fc7cd1e6cc7975812f8973724c6e36c2f7bbaf"", ""6"": ""f0f8944202001790f736b44c7c19dd1101ab22fef095665af3019a2f945bc7d2"", ""7"": ""cea0d7a761b4f9dbc069f605e0b96626ae8f54f76b53fabbb880cc9081f3d5f9"", ""8"": ""bfce0c383e00204cf7911510bcaf77081b931387324e918dd2840355faf470fc"", ""9"": ""3fe6e6394245c9734944979c185563140beaf36bd57bdf00e1c72c58797717b4""}",384216621e471de3eca61a3b96f855443378a6874c17d59acf245a5c23c430e6,0,1,1,0,0.7351705853985051,0.0,"{""0"": 0.02575585750078312, ""1"": 0.024106035078307612, ""2"": 0.01574314913579834, ""3"": 0.016283593416034026, ""4"": 0.1901962643583109, ""5"": 0.04618275769148074, ""6"": 0.1363194010725952, ""7"": 0.17669187115581964, ""8"": 0.1901962643583109, ""9"": 0.17852480623255948}","{""0"": 0.13787792875039157, ""1"": 0.1370530175391538, ""2"": 0.13287157456789916, ""3"": 0.133141796708017, ""4"": 0.09509813217915546, ""5"": 0.02309137884574037, ""6"": 0.0681597005362976, ""7"": 0.08834593557790982, ""8"": 0.09509813217915546, ""9"": 0.08926240311627974}","[0, 1, 2, 3]",[],1,0,1,1,0.0,4e83d115041860f7a58546c3afdf257303ea17c5afaa5d0d085fc6b541fc400c,360dfe60997f3e3f077e3daf1a1ed4a4cf4a9928992912ee43211e8c1cf10370,"[""proposal_created"", ""proposal_committed"", ""audit_rejected"", ""recovery_recomputed"", ""recovery_audited"", ""recovery_verified"", ""committed_once""]"
3,trust_v2,0,none,0,0,0,0,1,0,,44.71,,0.1,,15dbf10b0c88344ba0fd38c24bbd4d5850cfb2694e16f9976adc1ee21500124f,1,"{""0"": ""96ec05764566e82cdd8fa309b2578d246424a2493f217a688b6318b8ec3680c2"", ""1"": ""1b4476426d193705fa79973b085d8e15800e75d2ad946e95843e660abb19d1fe"", ""2"": ""81606285792dcff7f7c1a462431dd8dad734fb35090c79437bffeb961d556f07"", ""3"": ""4f0a71902a41a45193177057635e3c2b76595bb976d8da61e5578c70c91f059c"", ""4"": ""a77d5dc268b00f2c525d2e87408f1d655206cb9c1f37c1f73844b0b2b73067d5"", ""5"": ""1c11bd25b881d18f0d6f584559be9ba19c3af099151c8964ccd8887987ce1b06"", ""6"": ""289c7484bdb0c35e8daa9c50030f5eb4cead4d184f7357a1c1dc7da672629d8e"", ""7"": ""f7624dfee0af43cfbcb24c8ef479f64765c877ff2d292ff2a615a518c6927620"", ""8"": ""e163d9072af8975ce0d9216d747d78c6543477346e6b782a3536c1de3b2a0746"", ""9"": ""6fb15d40fb55a27d691289c37e044868300103115583143bd943ca201a7db491""}",,0,0,0,0,0.0,0.0,"{""0"": 0.007726757250234937, ""1"": 0.007231810523492284, ""2"": 0.0047229447407395025, ""3"": 0.004885078024810209, ""4"": 0.11805851494047885, ""5"": 0.03003471803066386, ""6"": 0.19660093873272722, ""7"": 0.20871267975769456, ""8"": 0.21276399771844196, ""9"": 0.20926256028071652}","{""0"": 0.007726757250234937, ""1"": 0.007231810523492284, ""2"": 0.0047229447407395025, ""3"": 0.004885078024810209, ""4"": 0.11805851494047885, ""5"": 0.03003471803066386, ""6"": 0.19660093873272722, ""7"": 0.20871267975769456, ""8"": 0.21276399771844196, ""9"": 0.20926256028071652}",[],[],1,0,0,0,0.0,360dfe60997f3e3f077e3daf1a1ed4a4cf4a9928992912ee43211e8c1cf10370,10882584f36939df3ee668717aed799eaab531cd32eebae47f4ce5688953fd2c,"[""proposal_created"", ""proposal_committed"", ""audit_accepted"", ""committed_once""]"
4,trust_v2,0,none,0,0,0,0,1,0,,66.3,,0.1,,fe71f3beefc1328f6b65740167beccb40313e95b720edbd5f488c13c27799fee,1,"{""0"": ""34ac9d2b19a01aa4d9608f8f62e90360040490d81669d14f0565869a1ee51f40"", ""1"": ""a943402c2940bfefe987a1d248d818abf2e10f055cfc86b1386529c01a7c7ce7"", ""2"": ""c761051ae719b0c3ceb53f7c2966e5ff2fccec2d461185afe0d3d27a3aed8353"", ""3"": ""3ae03f78967600eeadf56f424a7e87c43faac68860ea1526ebb14bff9625b5ee"", ""4"": ""16dc3fc2737af74668adf4871a330b8a6ee3a47b66f499585b9ff9a8b43106c4"", ""5"": ""6957cecf680daf6071ff7b8c3f84e3c191f4b1911d31b9c3a23c4289b31c68db"", ""6"": ""05f24857dced2e7633242a7b8114aeacd6e8b84d0e791566828209ad0b5ad6da"", ""7"": ""4f2a23e12a60038f32f660984560706d667d58f94d51b0294684b8c693356bdb"", ""8"": ""7cc5472d93dd3bfdd2b74b97bf720a2dd4ea69c13927288be523e3558333de1a"", ""9"": ""6c16e08b7b272eafc9afb155cf0988dcafc4a00c2234dbb85af4fe0b3e070c7b""}",,0,0,0,0,0.0,0.0,"{""0"": 0.0023180271750704814, ""1"": 0.0021695431570476855, ""2"": 0.0014168834222218509, ""3"": 0.0014655234074430628, ""4"": 0.07763258057582033, ""5"": 0.0317221738954092, ""6"": 0.2177485854748465, ""7"": 0.2213821077823367, ""8"": 0.22259750317056093, ""9"": 0.22154707193924328}","{""0"": 0.0023180271750704814, ""1"": 0.0021695431570476855, ""2"": 0.0014168834222218509, ""3"": 0.0014655234074430628, ""4"": 0.07763258057582033, ""5"": 0.0317221738954092, ""6"": 0.2177485854748465, ""7"": 0.2213821077823367, ""8"": 0.22259750317056093, ""9"": 0.22154707193924328}",[],[],1,0,0,0,0.0,10882584f36939df3ee668717aed799eaab531cd32eebae47f4ce5688953fd2c,6270756d5fded498e5c98aa7d4a8756257f1664400bc4fea2f95255027f159b2,"[""proposal_created"", ""proposal_committed"", ""audit_accepted"", ""committed_once""]"
5,trust_v2,1,A1,0,0,1,0,0,1,V2,59.23,,0.1,,2ae3dad20e14fad79278620336cd0bee4dbf22fe3e28cce4793f514f56900f01,1,"{""0"": ""7b764b5c5315efce7287858f202d8c5f46f9b9c03b9a90d327b63504b648bba7"", ""1"": ""77c449285366a79267056b89ad51a238b372988f4730f5857482d298b833bc2b"", ""2"": ""f30b9bc2b180b8dc40636344c33e67e29b3f50efad138077bee6f3f5629d0fd9"", ""3"": ""e1afbbe907c84ded0ebce37b8fa670d4a58abd59a11b544970e12efab793887e"", ""4"": ""099ffe08fbef3e0dac3e3a86d6682718f3c44b492251da5583f4aecd6d7c4ccd"", ""5"": ""2eac41afea006e802c9b58b334cf33cf101240f0b3d4bd554dbaa9551bb1f2ba"", ""6"": ""a4152253d3e6b27f5f4e50197a448e9aa4907c47ccc1991eb6d879a9aa1fa09b"", ""7"": ""aea9b7a37244527c1d86b76795992e8e51c13d651c540b1493e52dfd62398efc"", ""8"": ""8664131e68b0c366c01417b4b3b3e2fe26850b98d9e2166e913308627bac177e"", ""9"": ""9c253ee3761ddc5df2d7b3ffad4c44abf2b5e45c70e65a4c112d43b9a998d8f2""}",0b4b728fc2c4b0be9269cf4ad64e8654846631e60c2d2c64edbc1767bb1d7b50,0,1,1,0,1.9702134492724115,0.0,"{""0"": 0.75, ""1"": 0.75, ""2"": 0.75, ""3"": 0.75, ""4"": 0.12424595725281125, ""5"": 0.013466221553770195, ""6"": 0.31603344725683447, ""7"": 0.3171235039490815, ""8"": 0.1131144852890756, ""9"": 0.11380539154989217}","{""0"": 0.1876036976225208, ""1"": 0.1876036976225208, ""2"": 0.1876036976225208, ""3"": 0.1876036976225208, ""4"": 0.03107866799370273, ""5"": 0.0033684172753218346, ""6"": 0.07905205770369873, ""7"": 0.07932472259181035, ""8"": 0.028294260926531752, ""9"": 0.028467083018851404}","[0, 1, 2, 3]",[],1,0,1,1,0.0,6270756d5fded498e5c98aa7d4a8756257f1664400bc4fea2f95255027f159b2,4fb0728842c14151324ff228248f0db8f0d6c41adb16113ac9dedd5da46627d1,"[""proposal_created"", ""proposal_committed"", ""audit_rejected"", ""recovery_recomputed"", ""recovery_audited"", ""recovery_verified"", ""committed_once""]"
6,trust_v2,1,A2,0,0,0,1,0,1,V2,60.37,,0.1,,0424ea0d92e10e54fb265d8d6c149bf38ca71f3cd8881a523d781c187f8445ea,1,"{""0"": ""cd05756e52b6a64a80f10437172847210302ebdbbbc82e13a83b5be67dfd94df"", ""1"": ""7764c67448b72f5fe922764479532647a68357b0250952a20ae1ef77ec538877"", ""2"": ""88cc5c02de33bfda86b4e32ba68307cdc70c634c2b494317095f1409ee5fedc9"", ""3"": ""38389ddf46c46a7849c801327d7e9df06f77bad3512e7f05279d1eaf5e3da4de"", ""4"": ""6540ae62d85163bbbad814b8634778e00892ec16df5ec644dc207da64281bfe8"", ""5"": ""95a911e68c51cfe9483b7a42cd966467c9951ddc6ee184c842da3eeac1498c65"", ""6"": ""0f4a1ebf96feb2ebc935700c855c8aae99bc08b15be729a57eb1b0aacc8a4ff3"", ""7"": ""689a3a27a39981349931681b3096df7a5d74423ed685bfabe7724e05a7d1409a"", ""8"": ""fa86b95eb2d77974836735455ab3f7e63f9db6a63f8e495d23724027a7df5db3"", ""9"": ""699a78f0862b5d23569e0a20f3a6c4d3afa38421baaa22c2f8067d2332814dfe""}",da0c8a632713ced68631d92e0ab90f093debf2690f8142e78a4498d6fd70e454,0,1,1,0,1.382787915565679,0.0,"{""0"": 0.0002086224457563434, ""1"": 0.00019525888413429176, ""2"": 0.00012751950799996662, ""3"": 0.00013189710666987572, ""4"": 0.13849156089623582, ""5"": 0.007832911829397276, ""6"": 0.195960183754003, ""7"": 0.5170734569577481, ""8"": 0.04164330823385751, ""9"": 0.09833528038419784}","{""0"": 0.12510431122287818, ""1"": 0.12509762944206715, ""2"": 0.12506375975399997, ""3"": 0.12506594855333494, ""4"": 0.06924578044811791, ""5"": 0.003916455914698638, ""6"": 0.0979800918770015, ""7"": 0.25853672847887404, ""8"": 0.020821654116928753, ""9"": 0.04916764019209892}","[0, 1, 2, 3]",[],1,0,1,1,0.0,4fb0728842c14151324ff228248f0db8f0d6c41adb16113ac9dedd5da46627d1,a285783833e3940bd79280ee0b7ac27c63163f4b4498398f065cc7db5478b346,"[""proposal_created"", ""proposal_committed"", ""audit_rejected"", ""recovery_recomputed"", ""recovery_audited"", ""recovery_verified"", ""committed_once""]"
7,trust_v2,0,none,0,0,0,0,1,0,,60.29,,0.1,,cb38e72bb30db7d22f98565ace13b62addaf8bc5ed0286c6b9e458ea89a7a029,1,"{""0"": ""d6f9ba8be4f8dee8dc98ff10363f25b0ea2f3bb17943112be1e001b09363e5ea"", ""1"": ""6f3ff5ff7113c3e314be3c7deffaeac0a42bf4018e7142adabdac3daffcc0fa8"", ""2"": ""bee907bbcd1c183be5fd4fed78b03457b4f46c6e1ecb9d0621fd54e30abb5a5f"", ""3"": ""cb4568d7340e14172174e8c20661b1df9f444111e7016220779fd9d7f55b64ec"", ""4"": ""327db744793dbf6ceae89c40d955a2712b3d49b5bf29923c45c08e6b775f2769"", ""5"": ""c0b1ce2834da66bada65bbe640f4fd93e0ffe5adcb606b341f68a7f14004e8e7"", ""6"": ""9ec9194c811b0833347582f81041dc6abf176696ffdaee9710c90e56bbf2f42b"", ""7"": ""7ebb044da17d48552aa0c695f0e6e665b9ce6e0f1313b0f155a5d3dbfbf1fadf"", ""8"": ""a0ad4d6d61cab5d2285312dd8c1c6075cf02ad9309ae1f0798e61ee00ffe52f6"", ""9"": ""0c8164bf62aa8cd032cdf2f282aecd9fb4e5b62cd351ae1dc0cd2b24c2b5fd9d""}",,0,0,0,0,0.0,0.0,"{""0"": 6.258673372690303e-05, ""1"": 5.857766524028754e-05, ""2"": 3.8255852399989994e-05, ""3"": 3.956913200096272e-05, ""4"": 0.13731908776071594, ""5"": 0.0023498735488191834, ""6"": 0.08300879572567854, ""7"": 0.6437170682225968, ""8"": 0.017662702921562662, ""9"": 0.11574348243725885}","{""0"": 6.258673372690303e-05, ""1"": 5.857766524028754e-05, ""2"": 3.8255852399989994e-05, ""3"": 3.956913200096272e-05, ""4"": 0.13731908776071594, ""5"": 0.0023498735488191834, ""6"": 0.08300879572567854, ""7"": 0.6437170682225968, ""8"": 0.017662702921562662, ""9"": 0.11574348243725885}",[],[],1,0,0,0,0.0,a285783833e3940bd79280ee0b7ac27c63163f4b4498398f065cc7db5478b346,26e8717fb01c2ac9b0b06ae5e77f6cbf067f0d2f91173af2716c139103a19595,"[""proposal_created"", ""proposal_committed"", ""audit_accepted"", ""committed_once""]"
8,trust_v2,1,A1,0,0,1,0,0,1,V2,63.68,,0.1,,58e24a6f0d45f47dc4243854695b87efc10baef55cb2aeb445969628dc188bb9,1,"{""0"": ""914ff2964c932b977f8ac23e43a2ef611cca4b4b85eea9c11d146a06f6ebcf8e"", ""1"": ""b8722f066035239e8847b2351c3632e40c7701748f8e47ea526edf9f1a0d044b"", ""2"": ""d35b16a4fb1441504b62932c86bcd0e44c858f6ec5374f70e32c62ae46c1f252"", ""3"": ""cb692c8b1c216e207aed66ad1e8205ca9a58a36aea7fccefae2fcfa169080e62"", ""4"": ""cb5f0bdb1b24033e6853a01a2f0f92e468d3db5734f40a6ce6d410b2ad4217ae"", ""5"": ""ff84a01c88afba227000a8c839b4bbf074b97baa41a933d3205cc4004b0116d1"", ""6"": ""4acf57cb77569fc92e0345c9bfa43d4116b489812dce7edb22e6003be2d731d2"", ""7"": ""eb220c8e51f18051921d01f86a34250e8f367a726c81cf06ea715ece40c0fc45"", ""8"": ""523b97467b0c08e73262ee50ca5e64650155fabbbc4d45aa045cb254c357b993"", ""9"": ""ce1356175ba775b96181ab0d213b0e74c30427db61a74dc04f2581845aa7b251""}",edb5ed46c4338c3448bca02e169daf6b3a0db26b1b67ace2f4e6a07f0a2d3370,0,1,1,0,2.710875201992244,0.0,"{""0"": 0.75, ""1"": 0.75, ""2"": 0.75, ""3"": 0.75, ""4"": 0.1578132541797337, ""5"": 0.0007049620646457552, ""6"": 0.0627187670565093, ""7"": 0.6086956647299013, ""8"": 0.03449115003467111, ""9"": 0.13551650511952834}","{""0"": 0.18750279832996647, ""1"": 0.18750279832996647, ""2"": 0.18750279832996647, ""3"": 0.18750279832996647, ""4"": 0.03945390236301113, ""5"": 0.00017624314645006643, ""6"": 0.015679925774534413, ""7"": 0.15217618729090077, ""8"": 0.008622916198826071, ""9"": 0.033879631906411724}","[0, 1, 2, 3]",[],1,0,1,1,0.0,26e8717fb01c2ac9b0b06ae5e77f6cbf067f0d2f91173af2716c139103a19595,d34f60d1e60767537632a09e3a635746c7b7c6bb9be18e4e7eb02df848440244,"[""proposal_created"", ""proposal_committed"", ""audit_rejected"", ""recovery_recomputed"", ""recovery_audited"", ""recovery_verified"", ""committed_once""]"
9,trust_v2,1,A1,0,0,0,0,1,0,,26.82,,0.1,,d868f79eeb4a0a02c7620bc77cd5194e0db3f54f642d369c8cebeb75b32bda4d,1,"{""0"": ""63f70afd5465333e646cfb931625c7f4bedcc74d7917497cac78f410e1a3faa7"", ""1"": ""9f58067335a4604778b51d627c9d18526961c856837896a9e55d457ffeba7fc3"", ""2"": ""39ef87eae38730f543f4428d30ee233a3e95f0db55dd026f6ad43a68a5418e2d"", ""3"": ""b89cd28e0413949a3aeddf1f96524a5a1e6a29c4d1cb92a3399429a61e9446cd"", ""4"": ""ab26b29da6381bf8b7a0f145b2fbc92b0ddd2bc847c80bf5e386545d4b40f6bb"", ""5"": ""33ef0a23d8259ae7156736cfc1874288b013b1c6f2974edad34b6988254a0b24"", ""6"": ""544977957d5ffd5ceaa4a66744c3d421a326e4baa2f6ddaee81122a6f31cacf2"", ""7"": ""a9b3d67d4597219e333998e4838af27b910f6188a96c6230828bf75d456ff775"", ""8"": ""37f12fa60732e3acd2cc04cafdfc997c6133b024d3597f40a5b2ef984cefe919"", ""9"": ""c17f101f56ef8d492a83dc5737463c651717aa7d35d7fe24d4811c1aecf728a3""}",,0,0,0,0,3.2515770918678286,3.2515770918678286,"{""0"": 0.75, ""1"": 0.75, ""2"": 0.75, ""3"": 0.75, ""4"": 0.17613096568673492, ""5"": 0.0002114886193937266, ""6"": 0.19688200117374677, ""7"": 0.4729931579563763, ""8"": 0.032073742813989184, ""9"": 0.12169073470525593}","{""0"": 0.18750083949021973, ""1"": 0.18750083949021973, ""2"": 0.18750083949021973, ""3"": 0.18750083949021973, ""4"": 0.044032938568647845, ""5"": 5.287239157193507e-05, ""6"": 0.049220720667455926, ""7"": 0.11824881891993422, ""8"": 0.008018471604288499, ""9"": 0.030422819887222806}","[0, 1, 2, 3]",[],1,0,0,0,0.0,d34f60d1e60767537632a09e3a635746c7b7c6bb9be18e4e7eb02df848440244,0339e18b97a32826e06f217e75ca24ebb4537ac384f073ff3ffdfa2dd75fd196,"[""proposal_created"", ""proposal_committed"", ""audit_accepted"", ""committed_once""]"
10,trust_v2,1,A2,0,0,0,1,0,1,V2,73.61,,0.1,,315f823f63582f2e7aa951c615632bf9c8a6cc6aa7f441fbf8851f857ab8d5c6,1,"{""0"": ""d438cc058ef5cd0e92b42a2cb6aa41e5117f7172d34dbf70c13b2b8547d83660"", ""1"": ""cc388e3a8fd40d120f2712f41cf49a83d3cddadfe4a9c5e24e7b9450b0787250"", ""2"": ""44d28db3408c64a6ace5132f40e0844a1e9e143aa0341a39ee7190030d552b41"", ""3"": ""52f3107761f654d8d103ca69d2149dd71f28d66d61ef31997febea9e61886a0b"", ""4"": ""cf20cf327de6000f31a518c5c5fdace6af9181a9342b271e23ce341be396ffb9"", ""5"": ""e60188ff04eb73c8d736675e90ac4409f52f340060f74507183b08bda3f24ab3"", ""6"": ""ad09720c859bb9f122fbc26282261bd1bdb8464134a7d4b0667fd72219c5ecfc"", ""7"": ""a411123fb1ba437921e703f1024c9d22f3c59c2fa98319e22b5f965d50bfddd9"", ""8"": ""aa8fa203c0e18fcb163452e4fdbe6b1e6f3abbd1292a28174b57002ce1b5e1e4"", ""9"": ""19b05a4b22d9d28635640932cb517c8c4a9f603e3d5d84abcc25e832765e4dbc""}",a81b7e852aa22039447a4b9acca4cd5183bb87c53b91a1a11d76d15f7c612d90,0,1,1,0,0.8752956207192023,0.0,"{""0"": 1.6898418106263827e-06, ""1"": 1.5815969614877643e-06, ""2"": 1.0329080147997303e-06, ""3"": 1.0683665640259938e-06, ""4"": 0.1913890036492333, ""5"": 0.007314876869753754, ""6"": 0.19761431429533688, ""7"": 0.2804476613301258, ""8"": 0.14817183678740958, ""9"": 0.1750569343547896}","{""0"": 0.12500084492090532, ""1"": 0.12500079079848075, ""2"": 0.1250005164540074, ""3"": 0.12500053418328202, ""4"": 0.09569450182461665, ""5"": 0.003657438434876877, ""6"": 0.09880715714766844, ""7"": 0.1402238306650629, ""8"": 0.07408591839370479, ""9"": 0.0875284671773948}","[0, 1, 2, 3]",[],1,0,1,1,0.0,0339e18b97a32826e06f217e75ca24ebb4537ac384f073ff3ffdfa2dd75fd196,fb829ff7f5c5367f7e88c985e23273a37df35106a54bfe93ec6b106e3721c81f,"[""proposal_created"", ""proposal_committed"", ""audit_rejected"", ""recovery_recomputed"", ""recovery_audited"", ""recovery_verified"", ""committed_once""]"
11,trust_v2,1,A2,0,0,0,1,0,1,V2,74.36,,0.1,,0c6ec56502c11be3b895362b5bb8f7d6cacac37955be7eabc0f2fd4aaee169fa,1,"{""0"": ""2bd9c4f1d75eee3e4cb20f3219d6890991e4070df1af24723af4267dc3c44906"", ""1"": ""0052c0271c43994aa0ce92a1752864c539a989f5a595e475a70f5500f5c023dd"", ""2"": ""5555966e4b33c6338f7bcac22b1d24f579eca7bf373925f4dbfa25cdc928fcc9"", ""3"": ""4d020b394fb1c64806fe223b7d8fb9b40544a326c47a62c0d2e82ea425812671"", ""4"": ""a9575a29d1180fb6de56051d3ad063ea2b976667b53dfd1c1f286a4dd753a752"", ""5"": ""2e103febd6a50108db20f953cc0de531dbc0f0277e5056434965b3bd240297fb"", ""6"": ""700182ead6684a8ba1570b960bec6700ec9e8fc4279ab72f19356afed356eb6a"", ""7"": ""636b4c7cf15f8ebf3b4403e8ee2e96c011e1e3cd7638d5209d05f02716e8aab5"", ""8"": ""3a4e814f81ab2989bb4b86181e35706d899fca968f6c6dee240c3d315c97cc0a"", ""9"": ""d4fa87c176f0003109c041b3815e735b44547b637a829afeb5cda1be8eba5387""}",b72db0882591e93e0456dae0c8596a68472b2490518d4f43da9a8f00f519ead7,0,1,1,0,2.144089320653078,0.0,"{""0"": 5.06952543187915e-07, ""1"": 4.744790884463294e-07, ""2"": 3.098724044399192e-07, ""3"": 3.2050996920779825e-07, ""4"": 0.216886778455574, ""5"": 0.03956527824234021, ""6"": 0.16484226075717726, ""7"": 0.1966313640001577, ""8"": 0.1700855490635048, ""9"": 0.21198715766724088}","{""0"": 0.12500025347627158, ""1"": 0.12500023723954423, ""2"": 0.12500015493620223, ""3"": 0.12500016025498462, ""4"": 0.108443389227787, ""5"": 0.019782639121170106, ""6"": 0.08242113037858863, ""7"": 0.09831568200007886, ""8"": 0.0850427745317524, ""9"": 0.10599357883362044}","[0, 1, 2, 3]",[],1,0,1,1,0.0,fb829ff7f5c5367f7e88c985e23273a37df35106a54bfe93ec6b106e3721c81f,63efe94d1a402f0e562587c9333ecf7136ef7faa7334641b4e43309716df56b6,"[""proposal_created"", ""proposal_committed"", ""audit_rejected"", ""recovery_recomputed"", ""recovery_audited"", ""recovery_verified"", ""committed_once""]"
12,trust_v2,1,A2,0,0,0,1,0,1,V2,61.12,,0.1,,5a9940e450398b77e71f93b96bc64ac4d89420cbc6375d3348bb9ce6c49b6493,1,"{""0"": ""087952e6dce7c3c7fc6a062f7496937c6a68b692f5b25b393124223188343d50"", ""1"": ""24f0545c8a3488f466c784e6fd9dc703f103f4caa059254106ed43b9a3e755c5"", ""2"": ""fdd2b031bbf02cf5e2687a1b7faa448d0e023d6dd8a2bd4593f4e691e22c623a"", ""3"": ""b11b3e1d87c91f2612720d4e5b647318edc43fc8ec9a8aa3339d9c23a6792612"", ""4"": ""f01874431d7b766ecd5a11bd2eb938d6fabef25d7327aa844fbdd253bfee7d63"", ""5"": ""fa3a153bc0eddc75f78d684f1765050ea35817a0fd36e94199848022cbdc445f"", ""6"": ""f44388883168f9e0171b6348d02d80bd41da9f5fe701b999aa103df6e582b18a"", ""7"": ""5d72017b9c80404e86243a33a6606f9e725a11983da8f4a4c504bb2bd0c2dc4a"", ""8"": ""f917b324028d4fdc9e759397c268be641937975b010a8934f4c86d11bbbe6c6a"", ""9"": ""70f6cedbd228c4e6f4a9a7adfd988303958c1b422ec73419c8a8a3ac73ca996c""}",5a398d1bfa84eb33d540830f49d5cd0240c60efbdf7abe79bb6baa73e6d060f1,0,1,1,0,1.1538109324364818,0.0,"{""0"": 0.22644325328808157, ""1"": 1.4234372653389885e-07, ""2"": 9.296172133197577e-08, ""3"": 9.615299076233949e-08, ""4"": 0.09847146327917844, ""5"": 0.011869583472702066, ""6"": 0.049452678227153185, ""7"": 0.49914087825522246, ""8"": 0.05102566471905144, ""9"": 0.06359614730017227}","{""0"": 0.23822162664404078, ""1"": 0.12500007117186326, ""2"": 0.12500004648086066, ""3"": 0.12500004807649537, ""4"": 0.04923573163958922, ""5"": 0.005934791736351033, ""6"": 0.024726339113576593, ""7"": 0.24957043912761123, ""8"": 0.02551283235952572, ""9"": 0.031798073650086134}","[0, 1, 2, 3]",[],1,0,1,1,0.0,63efe94d1a402f0e562587c9333ecf7136ef7faa7334641b4e43309716df56b6,d4b9a255d66ad826c37fca39b3d1611fd3db3aa0af26721cb5825d1448ec8eb4,"[""proposal_created"", ""proposal_committed"", ""audit_rejected"", ""recovery_recomputed"", ""recovery_audited"", ""recovery_verified"", ""committed_once""]"
13,trust_v2,0,none,0,0,0,0,1,0,,33.11,,0.1,,30629afa8ae84ba3329e7dc8176c8813077dbf678022e54961de203d218daa7e,1,"{""0"": ""87e23e648f38435b9402b26220f28e0c684bb6e1e6224e0f36742edd8ef571b7"", ""1"": ""4d3e4229d6bd971713d35e3ddbb75d4caa9f3779d5728979e55d8c74b0da8120"", ""2"": ""31f51c6e70747f04d871de941b137bd725a94c19ac6c1a2e6e86331d0a44b2ce"", ""3"": ""c190dc7a17e6647db2777cff2f4f8841010d9354534eb13930901837f26fd70f"", ""4"": ""1591fa1f33f6d58fbe042dffba625edae8974d8e360472c9cc333fd6ab60eb84"", ""5"": ""3c3c1dc328db2eb1dc3797fc78cef1af70c53ecb6d8bac99782ee493376d33e3"", ""6"": ""a6e18464bb197fd65932c2621f83344e84659c2abde6aac0641990fe3873d207"", ""7"": ""2cd282ec4db8c75f53cf6e55b6ad3c32aac3a70df654e0a0fb4fc2c34d36b357"", ""8"": ""b955f0c7467a83d100333eda0d110e376d9218a661a087a1f317f6424c28ac23"", ""9"": ""b55c80b590eca141e993f3324922f02533e13280f7ffff890309d8a52722e3f1""}",,0,0,0,0,0.0,0.0,"{""0"": 0.30895555941721725, ""1"": 0.16731921990440637, ""2"": 0.06347197511656903, ""3"": 2.8845897228701856e-08, ""4"": 0.029541438983753544, ""5"": 0.003560875041810621, ""6"": 0.014835803468145961, ""7"": 0.377928555616433, ""8"": 0.015307699415715439, ""9"": 0.019078844190051687}","{""0"": 0.30895555941721725, ""1"": 0.16731921990440637, ""2"": 0.06347197511656903, ""3"": 2.8845897228701856e-08, ""4"": 0.029541438983753544, ""5"": 0.003560875041810621, ""6"": 0.014835803468145961, ""7"": 0.377928555616433, ""8"": 0.015307699415715439, ""9"": 0.019078844190051687}",[],[],1,0,0,0,0.0,d4b9a255d66ad826c37fca39b3d1611fd3db3aa0af26721cb5825d1448ec8eb4,4f6c70b4233ac04b5fde12905d15a8d745164db460e672def45cc675a460e5fc,"[""proposal_created"", ""proposal_committed"", ""audit_accepted"", ""committed_once""]"
14,trust_v2,1,A2,0,0,0,1,0,1,V2,71.09,,0.1,,bb43b26924ea16143a989557a01efa4cfc6e09dc440af0a289b454de532634a8,1,"{""0"": ""a8d13c6e30bf838d8279c790a56fb98782e438b1a0da97543798ec2c2b29b546"", ""1"": ""b1998c34f835e2646c6bd8f67a9ac22aaf0332fe2d1e8f1c096325003bb97c3a"", ""2"": ""5e58171d68753857e6ead440e9416aa0d82fb3021e74355b99044b25a327c62e"", ""3"": ""997bb1e54a7dcb7b821abd08a1a51f2be496503b16b813aaaae653cab5386a3e"", ""4"": ""09149b4031b1eaaf731c2de86a29dc9c064e521444bfa05314a90c34032b0137"", ""5"": ""eaf11426975379d09ac89f7ac7a32b0027dd2417f138537753761112dccbea65"", ""6"": ""3fc63abc9e96c9cff4467122d0dcdd3ccb451c3b56f817416a39b2433799f5f7"", ""7"": ""e60a9dbfbef7ea1c03c9d253de6368d1a33d717e0baed3d8c7c062234a6c1e53"", ""8"": ""7075a420eef3e4f2584cea7e04ac0f4cece1b4461d78af841f5b9bed3bd71d8c"", ""9"": ""3dcce97f1b3f7c3c59dbccc5315e9cb7213c08c2b3a9fcfe36ed57bb1289de52""}",ca8847938106e071c2ca9a8c7747cd69e17be356684e3af401788a108a3e9366,0,1,1,0,1.1282655873548768,0.0,"{""0"": 0.0926866678251652, ""1"": 0.05019576597132193, ""2"": 0.019041592534970717, ""3"": 8.65376916861056e-09, ""4"": 0.16802290723297952, ""5"": 0.048510505395021976, ""6"": 0.0942712767233068, ""7"": 0.2935685761637998, ""8"": 0.12114642020653137, ""9"": 0.11255627929313361}","{""0"": 0.1713433339125826, ""1"": 0.15009788298566096, ""2"": 0.13452079626748537, ""3"": 0.12500000432688457, ""4"": 0.08401145361648976, ""5"": 0.024255252697510988, ""6"": 0.0471356383616534, ""7"": 0.1467842880818999, ""8"": 0.06057321010326568, ""9"": 0.056278139646566805}","[0, 1, 2, 3]",[],1,0,1,1,0.0,4f6c70b4233ac04b5fde12905d15a8d745164db460e672def45cc675a460e5fc,9c7b48c306de84702ac55343010f748371943cd0db6a4532f9c377bed5f60ef0,"[""proposal_created"", ""proposal_committed"", ""audit_rejected"", ""recovery_recomputed"", ""recovery_audited"", ""recovery_verified"", ""committed_once""]"
15,trust_v2,1,A1,0,0,1,0,0,1,V2,73.87,,0.1,,217050ca3d5afe0417aaf92410db239096239cfb5f4c1531bd2f18fa73e1f08c,1,"{""0"": ""6852716c7aa8eaf3d2cda2ff3025ec8497cfcfc194f1aa3a64e3c739bfcd2f6b"", ""1"": ""55cd334f5f18e270f5ec07a3263ab2b0ac6305a77f8b0d78f4af045ed988428c"", ""2"": ""24c7f261adea7fd787968c98b8422e95256b47e6856cadd2c17ea7a25279dffe"", ""3"": ""a919840c740619c6e359fa9c013ff61a465a69036fec4166d646559a799bb81f"", ""4"": ""94262437518bde4c95970614292109511e8e5d27ceba30aaf175bce6f27fb710"", ""5"": ""4f4e9a39178e94a288718502cf76262385b8d1c34432c89b47c3f31396f785b4"", ""6"": ""ddabfe941235c0fd5e62d2f1beb3429bde532643a478b817d1cb357b2886eaff"", ""7"": ""d2516f856b88ad058ae26c82fe40441725b6e8a8da4ce1020d2fabaace3da3de"", ""8"": ""e15f7abe5f7a232d3d8be5f0845366558a46b35d9b941eb2ffca97bd8ef01f03"", ""9"": ""803b203112efbadf4949f4ef82d5935b98a40fffdd65d22cc1a6a7c79c320ea7""}",4828091674de097739fc8a650debd9d9e81fbaa98979f6c8ac4c212ac000b6a7,0,1,1,0,3.2779623799138835,0.0,"{""0"": 0.75, ""1"": 0.75, ""2"": 0.75, ""3"": 0.75, ""4"": 0.3966919823651455, ""5"": 0.029642784896877737, ""6"": 0.13792902436828, ""7"": 0.11066518736562436, ""8"": 0.1428330478307768, ""9"": 0.1336607626777275}","{""0"": 0.18980504996633413, ""1"": 0.18980504996633413, ""2"": 0.18980504996633413, ""3"": 0.18980504996633413, ""4"": 0.10039218871208078, ""5"": 0.007501800357990898, ""6"": 0.034906167149372135, ""7"": 0.02800641522328808, ""8"": 0.036147245040485845, ""9"": 0.03382598365144586}","[0, 1, 2, 3]",[],1,0,1,1,0.0,9c7b48c306de84702ac55343010f748371943cd0db6a4532f9c377bed5f60ef0,89747e07808b10a5ffe405d86f0863a48ade7704451500432118af3915828fb4,"[""proposal_created"", ""proposal_committed"", ""audit_rejected"", ""recovery_recomputed"", ""recovery_audited"", ""recovery_verified"", ""committed_once""]"
16,trust_v2,0,none,0,0,0,0,1,0,,76.62,,0.1,,8047af8ee901f5758dcf7e8e8fa13ed4fdd1ceb88dac344b2ebe33888fe031ca,1,"{""0"": ""64419d86c58c974906df7bc7473b17c7edea5b2a960d09f388556d0ad5c129ad"", ""1"": ""f16e247994276f3cd094ede3688f840c964ad90dad2ead003ac448913629343e"", ""2"": ""2342ec55a68ab469c243e7a176f08b1afd562d5facea92a23f4a5c9e733e4b5b"", ""3"": ""e2292627e929fb37b37670bb7d1101757e885a46be96a3e948785d29cef20415"", ""4"": ""490e75f6b6fbab9e57b2cc684ff6b1526546a07978828d4ab995284bbfe0d208"", ""5"": ""0b46cf97e655c780e7d07ac0a41257b89bebc4bd542a2214900d895fa8fc35f2"", ""6"": ""154dd69c910876e62de661a52ce50c5079b46eeb505393beb87493494aa7617d"", ""7"": ""3705400d2a37bccee22e8618a75509c01f60bedafa50c7cbefccc96ac43c03ae"", ""8"": ""e55cd63bf335970f75de966601597bd623cd27fc4177838549343e38ed424661"", ""9"": ""84128a1a013647138002ac57a21e0f602cb034ddb3704df2f96c6884e8bff82e""}",,0,0,0,0,0.0,0.0,"{""0"": 0.008341800104264871, ""1"": 0.004517618937418975, ""2"": 0.001713743328147365, ""3"": 7.788392251749507e-10, ""4"": 0.29256964703942046, ""5"": 0.01569405905219304, ""6"": 0.21494075964036077, ""7"": 0.06123996433088279, ""8"": 0.2164119666791098, ""9"": 0.18457044010936283}","{""0"": 0.008341800104264871, ""1"": 0.004517618937418975, ""2"": 0.001713743328147365, ""3"": 7.788392251749507e-10, ""4"": 0.29256964703942046, ""5"": 0.01569405905219304, ""6"": 0.21494075964036077, ""7"": 0.06123996433088279, ""8"": 0.2164119666791098, ""9"": 0.18457044010936283}",[],[],1,0,0,0,0.0,89747e07808b10a5ffe405d86f0863a48ade7704451500432118af3915828fb4,47a3dfbe41639b62a9cf3e7e183512f5370e8f65253dc9fc0f9f32a7fcac7bd9,"[""proposal_created"", ""proposal_committed"", ""audit_accepted"", ""committed_once""]"
17,trust_v2,1,A2,0,0,0,1,0,1,V2,35.2,,0.1,,f7d581caa57749cc854fb090fc91efbd782dbb0033773519ae81c314b37eb439,1,"{""0"": ""2623c0ae0fd9803c53e0d95e39ce8fb7b32b2aba962beb5a146de027de382a6d"", ""1"": ""e466a0d00f73668c628010476231d64653694ddc9488708c1d5876f6895df406"", ""2"": ""a4d5cbe259a894ca07c49cf350c6ac91ed77d7c663875fd5da0bc57025444ff1"", ""3"": ""3f58ef93df6192618bfba636fa0849624a881ed4ceaedc7763e05ca54be54545"", ""4"": ""27517a48f2391f330dbeaefac70576e81afd8ec108c3b441b7f669ac639acf62"", ""5"": ""793edb767e3969ef1ab01417296f485e4cec7ced3956cd72ed9dd11342d16a05"", ""6"": ""861396683a358bab569a3f8bbe5048975bb9c838d25fa7e93c9c26278d447800"", ""7"": ""3b099e10f93f397f56bd72546e302be77b0e5b8d33491c1970bfead200dac12c"", ""8"": ""608d4f390bf16535b2879e13ec2d24f9890689d21c34a18321a7d9c8bcabeb51"", ""9"": ""585874a4bd169112ffd53555bb877016706c7533e06bf6e061e2c1d8113b5d79""}",3bede5e20f59948f71deedcd64255eccb333e3d6195e86e6cd379bdc46f99196,0,1,1,0,0.4893359983149894,0.0,"{""0"": 0.24083570881646255, ""1"": 0.07399887410150599, ""2"": 0.23884729178362732, ""3"": 2.3365176755248526e-10, ""4"": 0.11383031375189405, ""5"": 0.004708217715657913, ""6"": 0.06448222789210824, ""7"": 0.14300264366855048, ""8"": 0.06492359000373295, ""9"": 0.055371132032808856}","{""0"": 0.24541785440823127, ""1"": 0.16199943705075298, ""2"": 0.24442364589181365, ""3"": 0.12500000011682588, ""4"": 0.056915156875947025, ""5"": 0.0023541088578289565, ""6"": 0.03224111394605412, ""7"": 0.07150132183427524, ""8"": 0.032461795001866474, ""9"": 0.027685566016404428}","[0, 1, 2, 3]",[],1,0,1,1,0.0,47a3dfbe41639b62a9cf3e7e183512f5370e8f65253dc9fc0f9f32a7fcac7bd9,58d99c3ec5e58b24985d3f67802c29dbf3843b5002afc6cf36f985d810adbffd,"[""proposal_created"", ""proposal_committed"", ""audit_rejected"", ""recovery_recomputed"", ""recovery_audited"", ""recovery_verified"", ""committed_once""]"
18,trust_v2,0,none,0,0,0,0,1,0,,77.16,,0.1,,109000e03dd4f773f5134f3a4282cdc03dfded3a7c6f0ff851ecf1d3bbb5bf56,1,"{""0"": ""28ee86738670e0d0d225ee040186317af1558c1e1f90a11035d890a08f8fc857"", ""1"": ""83aeee2d17fda022ff67a38da0f37af690621e93b24a44d6f838e2c1a4ec9730"", ""2"": ""ddd7bb1fee4867c42f9bc304f2462244d0d8ba81748a248bc28b12e420100abf"", ""3"": ""bc9a8bf7df9ebf42e83fa9879929fd42bb689aea79426e2ccda6c63b1876d6b2"", ""4"": ""0d28bf0fdb9985d9dad06c6d3518ec5433b925c12d0a4e1c6c24761fdf93711f"", ""5"": ""d7600fda978e778f5847c38127d1f8cdfe37a155f59ef3d105bee3dd113ccfa0"", ""6"": ""c1adfa7912ced40e456adc3bc10d6d29f1bef0cfe0b67fe05f73510c05db104d"", ""7"": ""49027813ec3e8ebc3f29e37e213e0dfd268891dbd7b1e43b6e29ff038f7825f9"", ""8"": ""a4ca3b64960314e850247994e9916f3ec9e77d00ef3c5299651ac74762c4ef32"", ""9"": ""a236d5209cabe4def7cf6f9d6e2fd6f1398aba73bef6888a27415997df89ad37""}",,0,0,0,0,0.0,0.0,"{""0"": 0.07225071264493878, ""1"": 0.022199662230451802, ""2"": 0.0716541875350882, ""3"": 7.009553026574559e-11, ""4"": 0.20226156767536357, ""5"": 0.017361495283253005, ""6"": 0.18745714191742785, ""7"": 0.054501868932827935, ""8"": 0.18758955055091525, ""9"": 0.184723813159638}","{""0"": 0.07225071264493878, ""1"": 0.022199662230451802, ""2"": 0.0716541875350882, ""3"": 7.009553026574559e-11, ""4"": 0.20226156767536357, ""5"": 0.017361495283253005, ""6"": 0.18745714191742785, ""7"": 0.054501868932827935, ""8"": 0.18758955055091525, ""9"": 0.184723813159638}",[],[],1,0,0,0,0.0,58d99c3ec5e58b24985d3f67802c29dbf3843b5002afc6cf36f985d810adbffd,adce8ed69dd660affecef9f301a32c1277b19405db4aa82ce820b1e2a9177ac8,"[""proposal_created"", ""proposal_committed"", ""audit_accepted"", ""committed_once""]"
19,trust_v2,0,none,0,0,0,0,1,0,,77.3,,0.1,,ee1f6caec7c01cea277fe9e54d4801552e693dfe19c87299d93fe37f1be30fc3,1,"{""0"": ""222907acbf28c32f27c3ffe17fa78657eeab4ea9b66cde08db1e0503f8fcf5c3"", ""1"": ""50e95bc4ecc8327794b3d824516dec42a86ebc22f79e72cba2843c4d46a1a469"", ""2"": ""b43c73d5005a3e49576b289c09a757b144e7214f87dac2c4ba538711ac838706"", ""3"": ""d9deb795139678fc61b7060d1fda0b89a5bf50e1c7057621d120af07e1e0c030"", ""4"": ""cdf2af850d48c1cc1802ce2f10dee8172377fc5184cc5e671a281c861dde2cb4"", ""5"": ""6f7ae016aca53ba0cc9d0adf34db71fff61ae071b3a15ff007bae7cd91306d67"", ""6"": ""596faaad6c14af05af63da5f984887a7b41db77cf86bb10b4f24cab9ff34e750"", ""7"": ""6c10004cde8a4582fdb83152c72aa9da09e259f144509a38353893314d5b12b7"", ""8"": ""7ebdcc28e8ac40341a82f7c19bcee7662e63e8bbb5e70725b92ca03faa330af5"", ""9"": ""ef0606dcfd5a2b135fbc963cf95a3e47a2cf1f137d21afeba710ead5b2104fe2""}",,0,0,0,0,0.0,0.0,"{""0"": 0.02167521379348164, ""1"": 0.006659898669135542, ""2"": 0.021496256260526467, ""3"": 2.1028659079723682e-11, ""4"": 0.22748022915771965, ""5"": 0.027597609930252023, ""6"": 0.22303890143033892, ""7"": 0.026754363914129973, ""8"": 0.22307862402038514, ""9"": 0.22221890280300197}","{""0"": 0.02167521379348164, ""1"": 0.006659898669135542, ""2"": 0.021496256260526467, ""3"": 2.1028659079723682e-11, ""4"": 0.22748022915771965, ""5"": 0.027597609930252023, ""6"": 0.22303890143033892, ""7"": 0.026754363914129973, ""8"": 0.22307862402038514, ""9"": 0.22221890280300197}",[],[],1,0,0,0,0.0,adce8ed69dd660affecef9f301a32c1277b19405db4aa82ce820b1e2a9177ac8,307fe6729cc1ea4f15d9d687ff8f049b7ae754d95f793e6145f80d4066b3efd6,"[""proposal_created"", ""proposal_committed"", ""audit_accepted"", ""committed_once""]"
20,trust_v2,1,A2,0,0,0,1,0,1,V2,39.22,,0.1,,e46338c9eec9de2ea5bf5d717fe039d03da36bb273139995b58cfe36175decb9,1,"{""0"": ""585b75da678bcebafdac900be7b984439f68e07b9646675b9243fca20fe755fb"", ""1"": ""78893be208bfb3af604d393cd6e3cf1546653f32a1aec78f90505e5c5d9bd7e5"", ""2"": ""e2cb65686752d030ca92127129693026db64693deb6b55bd16c29901b311912a"", ""3"": ""eb1b5747dcebeddd1874bd144423b36544642f976ca3300bdca74b235f800f6f"", ""4"": ""739dc980a9478a789d1d4fea1182d0f8fd807bee187859282c0b1a0749cd80f7"", ""5"": ""334685935bf319844483faa6491eff829b413423e170bb3922ebbca63d084077"", ""6"": ""ad9b0a373be9c1a12ecec613ead8d70fb3cf2be9953f9f1a9b22c76c51bb3e9c"", ""7"": ""42058cd9877da2b996db03ad46b47869d97bbc074286656f926a91142c0b29fc"", ""8"": ""ee3baaec2d400fc84ac3b5c618a9c4245e33a72ddd891c1fcf997e0903bde1a8"", ""9"": ""9501dfcce04372fab9fc371d7fdc37d9bca4bb8129c913891a54bb41bb405ddc""}",2143d7097e35065579fdd97b67cb099f63987c90bd48fd83f8113f672222e541,0,1,1,0,0.6091875078457306,0.0,"{""0"": 0.20484274087194193, ""1"": 0.1272208364604181, ""2"": 0.16585980479543974, ""3"": 6.308597723917104e-12, ""4"": 0.08692992050256163, ""5"": 0.008279282979075606, ""6"": 0.06691167042910168, ""7"": 0.20636648590813644, ""8"": 0.06692358720611553, ""9"": 0.06666567084090058}","{""0"": 0.22742137043597097, ""1"": 0.18861041823020905, ""2"": 0.20792990239771986, ""3"": 0.1250000000031543, ""4"": 0.04346496025128081, ""5"": 0.004139641489537803, ""6"": 0.03345583521455084, ""7"": 0.10318324295406822, ""8"": 0.03346179360305777, ""9"": 0.03333283542045029}","[0, 1, 2, 3]",[],1,0,1,1,0.0,307fe6729cc1ea4f15d9d687ff8f049b7ae754d95f793e6145f80d4066b3efd6,2f7f69bf0d2619fd8fa27ecd402d06b584b430e12e08e3dddc9150efc5f423c2,"[""proposal_created"", ""proposal_committed"", ""audit_rejected"", ""recovery_recomputed"", ""recovery_audited"", ""recovery_verified"", ""committed_once""]"
21,trust_v2,1,A1,0,0,1,0,0,1,V2,78.58,,0.1,,0010196d5ba074eb872f8df5ece80afddf61fa77482964c1466d85216091b72f,1,"{""0"": ""394bbe4327b6c1d503beb0526203839258c45a09d28d3f561e07db8a516070ac"", ""1"": ""d547cc9478534c7cbc7e84eb5e511275b2c005f388359e58d7ba0d361f1ce6ba"", ""2"": ""2e5262146c3fd81567f2c41fe2be1eb3a09cdd9d700f34b9ccce1396255bc88c"", ""3"": ""4f162b70cc5bc0de5cdafbf60006492313acef0a14e3f5109bc72d103a869731"", ""4"": ""469b45586e5531e7e730437451e33d01fea2e51003f0b3794805434fba8109a2"", ""5"": ""7cbdefa8e75e0a6e8bd85071889d7e8a57ebc27c8df60aa2d2dde8a509edb7a4"", ""6"": ""cc447428af15f2888977a924c2145122c1f1d01a7279e8dc931198ebae559cbb"", ""7"": ""590571046c88f5fe4617e439f81744748ea1c845da9ca26547e84e4b27e9c737"", ""8"": ""17fdf76aabe6dc8b7eb05aa774ce07c304e6f898b59cb0f59727a2317cd2b36f"", ""9"": ""705df6f525b2c8e93108ccb597990df40a90c1d63d475ac2fdbf4730140a0b6e""}",1d906d68b0b84e8cff9e51792f4720d15da8c305dde6ca533f1ae443377c1cf9,0,1,1,0,1.7061792464260543,0.0,"{""0"": 0.75, ""1"": 0.75, ""2"": 0.75, ""3"": 0.75, ""4"": 0.175492024966823, ""5"": 0.15189683370977722, ""6"": 0.11371700078801529, ""7"": 0.07061425084893808, ""8"": 0.16949012497788918, ""9"": 0.1694127500683247}","{""0"": 0.1947736776234734, ""1"": 0.1947736776234734, ""2"": 0.1947736776234734, ""3"": 0.1947736776234734, ""4"": 0.04557496946183804, ""5"": 0.03944733989468599, ""6"": 0.02953210460239088, ""7"": 0.018338396440632197, ""8"": 0.04401628661707414, ""9"": 0.04399619248948526}","[0, 1, 2, 3]",[],1,0,1,1,0.0,2f7f69bf0d2619fd8fa27ecd402d06b584b430e12e08e3dddc9150efc5f423c2,a9c735db0b9d572ec43c539ac7c138511e58f88b735e4e39eccf73dcb7acc86c,"[""proposal_created"", ""proposal_committed"", ""audit_rejected"", ""recovery_recomputed"", ""recovery_audited"", ""recovery_verified"", ""committed_once""]"
22,trust_v2,1,A2,0,0,0,1,0,1,V2,77.69,,0.1,,61721ce7ce8b23f9120b3113c5477368b19b9b3dbefb41c02dd6f32bb472470f,1,"{""0"": ""d2c48d15404a9e51ac12fe93b55970e5eeb4090a30ce96dcb92523f1308cf345"", ""1"": ""e2d94bdece392409938f8820cf9d32f2783729154925f72e1622c126113a1ce5"", ""2"": ""b9a21161372e41383b5827bc0f558f16596dcea29689e391af8e17f7c21512e9"", ""3"": ""b9986cafee46d320643c01f9fd3350e5bea0f766cd05fb06e3ef7861eef8cb8d"", ""4"": ""9737fe412c5ea966f74aee3c01292dc65362732528ddaef35c2d95d35c70dacb"", ""5"": ""b3495f8de17504ca823415bd891b2c0c67eb4526844624c3045b166802973798"", ""6"": ""fbe3ccd55bcf2965dfb859e8d678202a064ee8c664e1e8b55359636f6a3a8b04"", ""7"": ""e6347ce77acd41946a621232741df5417c532d664ff1bea3bea8b5b741b53149"", ""8"": ""6d41978e0fcb6440b438d160618998130ba1c0481c5a6523273e6c89d84faafd"", ""9"": ""0d4e1455e3cd24a7dd280303bb5b1cf64062481eb5d90326f33ec38733602fec""}",369ba1d9f52eb6eacc1514719e2b8d1646b9e3d771ee5de909b66716001331cd,0,1,1,0,2.606860884804859,0.0,"{""0"": 0.018435846678474786, ""1"": 0.011449875281437637, ""2"": 0.014927382431589585, ""3"": 5.677737951525397e-13, ""4"": 0.21329836279996336, ""5"": 0.08639314207437351, ""6"": 0.19476585554632106, ""7"": 0.037757162053575315, ""8"": 0.2114977928032832, ""9"": 0.21147458033041389}","{""0"": 0.1342179233392374, ""1"": 0.13072493764071882, ""2"": 0.1324636912157948, ""3"": 0.12500000000028388, ""4"": 0.10664918139998168, ""5"": 0.04319657103718676, ""6"": 0.09738292777316053, ""7"": 0.018878581026787657, ""8"": 0.1057488964016416, ""9"": 0.10573729016520694}","[0, 1, 2, 3]",[],1,0,1,1,0.0,a9c735db0b9d572ec43c539ac7c138511e58f88b735e4e39eccf73dcb7acc86c,fce7a5c2f7639ee410d9df9146d8ee19a3764adebb46a3e0923d5670c1ec2950,"[""proposal_created"", ""proposal_committed"", ""audit_rejected"", ""recovery_recomputed"", ""recovery_audited"", ""recovery_verified"", ""committed_once""]"
23,trust_v2,1,A2,0,0,0,1,0,1,V2,33.15,,0.1,,df550d725e8614433b3234b7f3b198da48a38f558313b053eac15dfddfdfdf43,1,"{""0"": ""fa6917ead9ce95e800d16b86a5f1f27bdbc6136e430569ac32d0e35adf57eed8"", ""1"": ""0964af4938855c6f76c9901fa15a94d06e047e99ddd14f8c46ba87e65f3d3800"", ""2"": ""923c87d0ff38c7059007ad194953f615d7b8b56a2a6635c16de1a61f82a8d40f"", ""3"": ""8d639853649440266fccf2fb35da2cfbd9344fa6472cd7ebf18f8136838ebfb3"", ""4"": ""027ecd4c8e93acb4a888133365d6d82b7ddbe5df8c4bbbd461e4e68b6d721d67"", ""5"": ""a736897b3ffc7f8dea31fdd071cb6c55335a845133475a0ce826c235e142b7a9"", ""6"": ""a4eb94da125d4533d561d6c356b5277659eb9012bad3a4dc00546c7923a9fd19"", ""7"": ""4fa3a6b1aead8e935462e43ec8a6df0bdcc65553ee2e5490845d336c849d3a70"", ""8"": ""bfaabee256d5d10b2b42c4b95934bca9e7568f621e4c5af311bbe944651c806a"", ""9"": ""74ae884c340427f808f19a492c5fddcb6ea7e9a277c4541bf79d941be8da6622""}",72ed2ec67a14b03174c36f681bc02acf7b37ec04d03a6d9364a7c3afc9e319fa,0,1,1,0,0.5505022922118366,0.0,"{""0"": 0.1967529199372551, ""1"": 0.12976846478329324, ""2"": 0.19570038066318954, ""3"": 1.7033213854576194e-13, ""4"": 0.06398950883998902, ""5"": 0.02591794262231206, ""6"": 0.058429756663896326, ""7"": 0.20254931454978525, ""8"": 0.06344933784098497, ""9"": 0.06344237409912418}","{""0"": 0.22337645996862757, ""1"": 0.18988423239164665, ""2"": 0.22285019033159478, ""3"": 0.12500000000008518, ""4"": 0.03199475441999452, ""5"": 0.012958971311156031, ""6"": 0.029214878331948167, ""7"": 0.10127465727489264, ""8"": 0.03172466892049249, ""9"": 0.031721187049562095}","[0, 1, 2, 3]",[],1,0,1,1,0.0,fce7a5c2f7639ee410d9df9146d8ee19a3764adebb46a3e0923d5670c1ec2950,58399a829a32a8fc0b448d24ba832d82a2232906e1fc5ce060c36c1c56b059b4,"[""proposal_created"", ""proposal_committed"", ""audit_rejected"", ""recovery_recomputed"", ""recovery_audited"", ""recovery_verified"", ""committed_once""]"
24,trust_v2,0,none,0,0,0,0,1,0,,79.17,,0.1,,33b237a18ff2c4e5be80a84e900cb8a8e53c5d5d5280b41e64dc38d3f4c1dc90,1,"{""0"": ""a87434067033d85653a982ddeaf25f018c2f6e6feff1ef9407b614035eebbbe3"", ""1"": ""35dafed7754a136799b9020b22f0de01118095c8e9860460d555372e2a75fc60"", ""2"": ""95b43a2a524647ab124c1819da890f377807ca32b9c99333dc1a9b897e9ecf21"", ""3"": ""bb36229122c3dc8790b415bc75b633e3483fc56d9c80659c2642d1a2029920b3"", ""4"": ""60e35ad1f2fa7e642f002a2eb2a6088dcd070757f1af0b2307bc317f81de912b"", ""5"": ""57ce92a0fd0c36e534ae6dc5624236376e694f7f48c9143272815083082f8fc1"", ""6"": ""f1e2c36ac8fbca6f516a1c80493ee534763fcfe766fb1cfa9feeabb6c7ab8170"", ""7"": ""073b6e3a85c59be4fd1182aeb3d22cd243934430292f0b66aafc32095bc737c1"", ""8"": ""eae971094c9c6e07c1fb84492be0c3cc52122dbac568f2ee16d6a1a5cbc1347d"", ""9"": ""8370fe0bb5b036c106416e0ea7e54090222fc110e400d4ab8a620e2881eee9e4""}",,0,0,0,0,0.0,0.0,"{""0"": 0.05902587598117655, ""1"": 0.03893053943498798, ""2"": 0.05871011419895688, ""3"": 5.10996415637286e-14, ""4"": 0.18011437142787048, ""5"": 0.1469802634356977, ""6"": 0.08559802537380595, ""7"": 0.07073825901367314, ""8"": 0.17995232012816925, ""9"": 0.17995023100561103}","{""0"": 0.05902587598117655, ""1"": 0.03893053943498798, ""2"": 0.05871011419895688, ""3"": 5.10996415637286e-14, ""4"": 0.18011437142787048, ""5"": 0.1469802634356977, ""6"": 0.08559802537380595, ""7"": 0.07073825901367314, ""8"": 0.17995232012816925, ""9"": 0.17995023100561103}",[],[],1,0,0,0,0.0,58399a829a32a8fc0b448d24ba832d82a2232906e1fc5ce060c36c1c56b059b4,684534f9a3c95e7ab2d810a42157266d5f348b535a0da697ebef04be14217cf6,"[""proposal_created"", ""proposal_committed"", ""audit_accepted"", ""committed_once""]"
25,trust_v2,0,none,0,0,0,0,1,0,,78.39,,0.1,,2d100ea3e3437f19f38ba64a082bfbb990be973762b5683117ef07e422271527,1,"{""0"": ""fcf6c096766b5b9e824006a82b953987370bf8bf98e1883e17c03f98ff04a32e"", ""1"": ""5746d572f79ee1a96db7d08825b87c913a103bcb22fc86d1dbb4796485f9fc33"", ""2"": ""a61f1eb41090104043611b5bd57f7f7c1b57f4a944f44afcaffda3581616a8ce"", ""3"": ""73d603c57cdcebea3c137b4ec44933ece6708efb890d025b7e59f35fd642eaa3"", ""4"": ""0dbca313a5d4b879c027b98a98f48c7830b9840b60155ee9b51806d3c0b8522e"", ""5"": ""94c3b170a25982f78b6cedd408217b9e4b55114aa24efb9159b3d0c1dd6b9cdb"", ""6"": ""5f80a587f2115589bf748d8fcb0136fedbc98093bc5c1819c4e316945f8f8a48"", ""7"": ""84f8a8a77d1503c0cc88ed40e2d23966affe80956abc029c8726ed0cb98e38db"", ""8"": ""d70bc178d8dfbd2176bab624c7c52ced5992751edfbe062849be94f53a0e1723"", ""9"": ""a16629459ca046b82b40d083afb93d9679ad708625a2cbc5e24bdfb51a632045""}",,0,0,0,0,0.0,0.0,"{""0"": 0.017707762794352964, ""1"": 0.011679161830496394, ""2"": 0.017613034259687063, ""3"": 1.532989246911858e-14, ""4"": 0.24853458048481122, ""5"": 0.05887984612978756, ""6"": 0.1944756952093362, ""7"": 0.026572561141230154, ""8"": 0.2214878285183658, ""9"": 0.2030495296319171}","{""0"": 0.017707762794352964, ""1"": 0.011679161830496394, ""2"": 0.017613034259687063, ""3"": 1.532989246911858e-14, ""4"": 0.24853458048481122, ""5"": 0.05887984612978756, ""6"": 0.1944756952093362, ""7"": 0.026572561141230154, ""8"": 0.2214878285183658, ""9"": 0.2030495296319171}",[],[],1,0,0,0,0.0,684534f9a3c95e7ab2d810a42157266d5f348b535a0da697ebef04be14217cf6,221ebbad39312440ecce08b19607589579a41c0bd2b5a5db8ed2d5aac3dd422d,"[""proposal_created"", ""proposal_committed"", ""audit_accepted"", ""committed_once""]"
26,trust_v2,1,A1,0,0,1,0,0,1,V2,25.35,,0.1,,5a3fc8f7bcd265f4b7ffcc05b974ba6946384aa93e92f9fe211524e95c0c49b5,1,"{""0"": ""6a897d0f8c74a14fc051b4a6b4e3a101bfc1cff1d52c5aec84f9ac86a15f54f8"", ""1"": ""18f467d21539bfae3da51d4d480257cd120fb9f7c940653c1dbf569745c16728"", ""2"": ""468dbf083c14d358e28b05e895f5cfce3e8354a4da153cca96f3f8cfd47c52d7"", ""3"": ""462c97f590006de2130a68948d9dbfeaded25a1391ae057307860d02563cfaa0"", ""4"": ""34ccf7a1f51ebce456e85a96fe69422b57fb7b8f221598d12e76be384a398bf3"", ""5"": ""873a518e6f9b05812f4c0586cd0299ddb4eceb0acbaf8b0eb64cc4e8fcfb418e"", ""6"": ""50da7c1058b30df0efe63f5b5b6237ee051fbaa2fcb52aca93f06552b8c7465e"", ""7"": ""38b05849b74a29ae6ca223d785970f48b484d2ec28997fb04dc0914dd3dac794"", ""8"": ""755adea0b2b0cb7f59ff8808258af3d340161eca541bdaa6d5349b86f9b28c50"", ""9"": ""ab98d39045605e11a5059327ab71c2b5727fd3541f70a5f2094573d497579b82""}",9d8823d0dcecc2b68c5dedacc7a0790e16e65761f619e2fa7578cea0e502f3f0,0,1,1,0,0.7410056152714953,0.0,"{""0"": 0.75, ""1"": 0.75, ""2"": 0.75, ""3"": 0.75, ""4"": 0.09059931669010152, ""5"": 0.028193212084575512, ""6"": 0.05834270856280088, ""7"": 0.1150943630829869, ""8"": 0.06644634855550977, ""9"": 0.06091485888957515}","{""0"": 0.2193244870921083, ""1"": 0.2193244870921083, ""2"": 0.2193244870921083, ""3"": 0.2193244870921083, ""4"": 0.02649419821860267, ""5"": 0.008244615706571404, ""6"": 0.017061312841467544, ""7"": 0.03365734953382531, ""8"": 0.019431081754774173, ""9"": 0.017813493576325633}","[0, 1, 2, 3]",[],1,0,1,1,0.0,221ebbad39312440ecce08b19607589579a41c0bd2b5a5db8ed2d5aac3dd422d,9743371261a268a1a63e0c5472eb4600e49eba4d153bdc8622173096ac14301a,"[""proposal_created"", ""proposal_committed"", ""audit_rejected"", ""recovery_recomputed"", ""recovery_audited"", ""recovery_verified"", ""committed_once""]"
27,trust_v2,1,A2,0,0,0,1,0,1,V2,79.03,,0.1,,002bd5a7530ff72220316396a522835338d6437fa53f0502dcbf967b9adc8f5f,1,"{""0"": ""cf76fdd72319c1b98ed41c9691bcfa035db45765d7ea36503e7798c07a2ed3f8"", ""1"": ""eb0771ed7f14013dcd6f60655d946ae241ba22d45c057420e6e3eccc45859055"", ""2"": ""639bc498972bbdad886305c1c709923c0b8c6b8465a349ab56e6c16326e510d9"", ""3"": ""13f449becc238a90157167c77400e61c004cdfbfa82a37093cb21755783d6f7e"", ""4"": ""ffcc2a6b133a653dca3b48da9004da27e0b0a85868941632ff8b892b88778c7e"", ""5"": ""2ee9862c5ca23edba7dc996968963a6c47d10ea8d1074b424b925b30bf949aa4"", ""6"": ""b20d79b248eab5660b21359b1f3a24c5cdd32a96457e04cdc70038defcb2217f"", ""7"": ""a50e32e47889f28cd7627949319203b668d8257a8228c10468b6af68872b7aa3"", ""8"": ""7dbf2a1d622d344e7c7e21c7cf10bdfacb2420ce178611247d4ae92692a54ca9"", ""9"": ""eee880ebfd407927625ee5acbd7ab5ba9d9ba2f97e41880a4ab7a850cee908bc""}",19011a6fac69fabd7d5bd134dc39eb215eed17c7395e54110b5376d01a1b446a,0,1,1,0,0.9419461772817262,0.0,"{""0"": 0.07737982058508362, ""1"": 0.019371642038286428, ""2"": 0.0773712950169637, ""3"": 1.3796903222206727e-15, ""4"": 0.17598498656525657, ""5"": 0.10416421467040254, ""6"": 0.16627353653972463, ""7"": 0.04363575923430335, ""8"": 0.16873909612487903, ""9"": 0.16707964922509866}","{""0"": 0.16368991029254182, ""1"": 0.13468582101914323, ""2"": 0.16368564750848186, ""3"": 0.1250000000000007, ""4"": 0.08799249328262829, ""5"": 0.05208210733520127, ""6"": 0.08313676826986231, ""7"": 0.021817879617151675, ""8"": 0.08436954806243951, ""9"": 0.08353982461254933}","[0, 1, 2, 3]",[],1,0,1,1,0.0,9743371261a268a1a63e0c5472eb4600e49eba4d153bdc8622173096ac14301a,83589e55cd9048f338f8e970626ec39f324ab107429246eb11ac010f5241afaa,"[""proposal_created"", ""proposal_committed"", ""audit_rejected"", ""recovery_recomputed"", ""recovery_audited"", ""recovery_verified"", ""committed_once""]"
28,trust_v2,0,none,0,0,0,0,1,0,,78.24,,0.1,,41dd74cc24b2bce6cf9243f0a11e644dcac8b6007fba1fd9c678878b8e9f96bd,1,"{""0"": ""daa336b4a803e6ca4cb95ec1b508b09b70545c24336e42ce251b2c5e8548c483"", ""1"": ""4ca066cc57dedba6ce31118646342e5ac4f72f5ae2731f1896254ac4f30815ef"", ""2"": ""e99b08e421a95b1bba86e3ae208a198a0efc774d27a5989eaf40051e24a5e517"", ""3"": ""d95069f41aad7358764dab33fe6ecde90161d19714d8a06ffb2677c502c37f76"", ""4"": ""eace96767dd7aa8d49f6e07f36f19b06af8d4365f2686936dbd2e98a9d1e0726"", ""5"": ""878628c5e5e4962b902f36a8d27effce69a6a9570db1f12a6331e66ca6c9f6bf"", ""6"": ""d1ad56730f6ab0dd32ff1b3cf1ee169a6a3f6ce5d945e0a3ab2664a7c61ba5b4"", ""7"": ""e88c4478666be79153ed86d93347acfd82c47715dea2395f2e6ba3bcb73db748"", ""8"": ""c6e53c5780350da8fc4d4dea8c3d146d974eba2a03157fb50a863361d3042bff"", ""9"": ""fe2ec214bff851be51e59b99ccd628113113540ece42fa53544f67a5f9158b47""}",,0,0,0,0,0.0,0.0,"{""0"": 0.02321394617552509, ""1"": 0.005811492611485929, ""2"": 0.023211388505089112, ""3"": 4.1390709666620186e-16, ""4"": 0.18626525640066297, ""5"": 0.049466151329903375, ""6"": 0.2303074072059733, ""7"": 0.02012804167825459, ""8"": 0.23104707508151964, ""9"": 0.23054924101158553}","{""0"": 0.02321394617552509, ""1"": 0.005811492611485929, ""2"": 0.023211388505089112, ""3"": 4.1390709666620186e-16, ""4"": 0.18626525640066297, ""5"": 0.049466151329903375, ""6"": 0.2303074072059733, ""7"": 0.02012804167825459, ""8"": 0.23104707508151964, ""9"": 0.23054924101158553}",[],[],1,0,0,0,0.0,83589e55cd9048f338f8e970626ec39f324ab107429246eb11ac010f5241afaa,53196ba1b7991c516d6cde892adf86f0dd119db27bfed442883f5cbd612b5ae8,"[""proposal_created"", ""proposal_committed"", ""audit_accepted"", ""committed_once""]"
29,trust_v2,1,A2,0,0,0,1,0,1,V2,34.28,,0.1,,36c7eed8a343f07072b6af37e5ed5c6f7db3036980ee17d1713abc737491af64,1,"{""0"": ""7c3ba8841578391357fe94dc7c14ce7f67bd2a19fede5226ec65d31f3b57db80"", ""1"": ""002fd67ea1550a22998f9ce1a0eb36458386386fccf6550f065ff003f13017ce"", ""2"": ""4e13ddf17a32b161f081f7dd0c6e5783a08a8cd12083f2b70d46339c7bafb34e"", ""3"": ""a40d985a62c690e8fadffd267e8d919ae335e874957612263dc40a2c11d818ca"", ""4"": ""80acc2a35b3b747c49a0f27ff55339e52e570fab389cd782b88dc04507ae3cfa"", ""5"": ""e3833b101fd3175879b5e432b8ae57f2daa205f64ed0b9843bcacc629a8691fd"", ""6"": ""719deb7001b1d4fe6e0c96eef01c3bd36b6f9d32664b843ebc340427ea7883dd"", ""7"": ""8de1868aeddfd02b4cb8854816722417c1e1dc8b80d28c22ecf3d883ef6959d7"", ""8"": ""f6645043d4cdc0b523e0dfc44f47fad58191f579327b8e3fa1c074914b43344c"", ""9"": ""7611156f628b023b81e6b5894adea769f6144747201def747548bb366463742b""}",c9f346009c7c4b723e0a996b807e394bb1381e9c4044c19c8f65a35c34dfd626,0,1,1,0,0.5738207666023597,0.0,"{""0"": 0.20479998075846254, ""1"": 0.10823605706603075, ""2"": 0.20479921345733174, ""3"": 1.241721289998606e-16, ""4"": 0.055879576920198896, ""5"": 0.014839845398971015, ""6"": 0.069092222161792, ""7"": 0.20387420940928136, ""8"": 0.0693141225244559, ""9"": 0.06916477230347567}","{""0"": 0.22739999037923125, ""1"": 0.17911802853301537, ""2"": 0.22739960672866588, ""3"": 0.12500000000000006, ""4"": 0.027939788460099448, ""5"": 0.0074199226994855075, ""6"": 0.034546111080896, ""7"": 0.10193710470464068, ""8"": 0.03465706126222795, ""9"": 0.03458238615173784}","[0, 1, 2, 3]",[],1,0,1,1,0.0,53196ba1b7991c516d6cde892adf86f0dd119db27bfed442883f5cbd612b5ae8,5088ed9dac8ad78d4a71226391b836405c40d549d5ae3d8e7e7e586362c5bc62,"[""proposal_created"", ""proposal_committed"", ""audit_rejected"", ""recovery_recomputed"", ""recovery_audited"", ""recovery_verified"", ""committed_once""]"
30,trust_v2,0,none,0,0,0,0,1,0,,78.56,,0.1,,1088b0809c57c518709bbcad0f044935a69daab3743d715ab46e932d40c9dc2e,1,"{""0"": ""1467720ce6ba483f0eaee4b946489d9ba45c97cdde999dad6f4e3d67e4edd4d2"", ""1"": ""7cb1bbf66e3df8e9f4be1e9755f25e80f5951a838bbf95edb5163c1fa2853baa"", ""2"": ""263930217977c258a47d84a8bbe2dbf456ba8b27b7f957382039ed3662c77d10"", ""3"": ""bb2ea657f6766925f1652431715d9f4f1b2e3a12e744e1df729b7d70ec152be9"", ""4"": ""99e1adae5748fc49d611d950b9313b69f47aae03f7ef8fc595423624069f8a14"", ""5"": ""f847f4db7e084009db7d45ae20c6405629f49b11b035c1e49fa65f2c6c087222"", ""6"": ""f811b9ac99ccdf8da9a16ac67974e337fde3b304a3eeae6cea79c2c4812a67e0"", ""7"": ""15554ac20d06638829ca5b9f25a902780374b538f827f4f9fa8a130431a34615"", ""8"": ""226216a543652922d010feb74d286db054149eaa9fad12ba8fdee443920e1d52"", ""9"": ""af8012c8527cc231b6b0252cb8c6ab92583b000f01a958e9b2bf3cf7bbd00d55""}",,0,0,0,0,0.0,0.0,"{""0"": 0.06143999422753877, ""1"": 0.03247081711980923, ""2"": 0.06143976403719953, ""3"": 3.725163869995818e-17, ""4"": 0.18643944684450528, ""5"": 0.01959775247152125, ""6"": 0.1854854177480667, ""7"": 0.07223199156608846, ""8"": 0.19046981052578238, ""9"": 0.19042500545948832}","{""0"": 0.06143999422753877, ""1"": 0.03247081711980923, ""2"": 0.06143976403719953, ""3"": 3.725163869995818e-17, ""4"": 0.18643944684450528, ""5"": 0.01959775247152125, ""6"": 0.1854854177480667, ""7"": 0.07223199156608846, ""8"": 0.19046981052578238, ""9"": 0.19042500545948832}",[],[],1,0,0,0,0.0,5088ed9dac8ad78d4a71226391b836405c40d549d5ae3d8e7e7e586362c5bc62,f7ce5de5ec8d8c61a213e66da184f9fdc8d91dc0e629cfee791466797d9b448e,"[""proposal_created"", ""proposal_committed"", ""audit_accepted"", ""committed_once""]"
31,trust_v2,1,A2,0,0,0,1,0,1,V2,78.43,,0.1,,ad82e7596853812b82dfc49dfd750705a63cc1612878dd498e15790b14766b1b,1,"{""0"": ""2076e94edca6bc80e8429012898c7cc1e40367ffdfb7b5ecb91a11a818ca4f99"", ""1"": ""d6cde54d8142332ca7e70e26e254a9cc159720e19c3afe1dc0cfe5a60d94a65e"", ""2"": ""725060e88e8fa6cd8d27c45fc519989c025c222dc30af85c315b944b2de1f890"", ""3"": ""5ba75bc4cbe5f6156f0aeb0555dac00cdf0817b194ecf08ebe2ebbbc6aea602e"", ""4"": ""b40d0873c486900c6f1cc25303bae82fbe49b55485ad85b6ca17fa9e294b9fd5"", ""5"": ""0e63dea99e9516d907023525a3ea1b91d176e5b82a8dfb5ee9f0027627fe1863"", ""6"": ""69cb9db62889c6bdde34a5b273bd35a7a709fce50987f7415768592cc3cbe08f"", ""7"": ""42a81826dc477d4ef2ec7d3c2ff7e088f005d38171c2bf2dc694b0cd5c149007"", ""8"": ""0de5e27f9bbd92af338aacd8d0bdea5297ee857c6d09a68d475c083522067acd"", ""9"": ""4a2c68bf0514d87e9b441a703dcfc2a96f76d8aa1b7e03bbd5574bcb87ce7d47""}",acac51b208154f5c38d3e5a037ad72bb338f268baf60af27b82c920895956cfd,0,1,1,0,2.741914750453817,0.0,"{""0"": 0.018431998268261637, ""1"": 0.009741245135942772, ""2"": 0.018431929211159864, ""3"": 1.1175491609987456e-17, ""4"": 0.22419842771414641, ""5"": 0.019937214049933552, ""6"": 0.22391221898521485, ""7"": 0.03454533451817001, ""8"": 0.22540753681852954, ""9"": 0.22539409529864132}","{""0"": 0.13421599913413082, ""1"": 0.12987062256797138, ""2"": 0.13421596460557994, ""3"": 0.125, ""4"": 0.11209921385707321, ""5"": 0.009968607024966776, ""6"": 0.11195610949260743, ""7"": 0.017272667259085005, ""8"": 0.11270376840926477, ""9"": 0.11269704764932066}","[0, 1, 2, 3]",[],1,0,1,1,0.0,f7ce5de5ec8d8c61a213e66da184f9fdc8d91dc0e629cfee791466797d9b448e,804a03b1e95fda7ba391f3307066268474068eab9bfe8e18439d5996d58d5ed4,"[""proposal_created"", ""proposal_committed"", ""audit_rejected"", ""recovery_recomputed"", ""recovery_audited"", ""recovery_verified"", ""committed_once""]"
32,trust_v2,0,none,0,0,0,0,1,0,,27.42,,0.1,,fd0460ad4a8102304f737441da6c58ce7b3d17e8c32e336a4646f22d2bdbe15d,1,"{""0"": ""9ccf159b4f5496a62a86175c3101347a31faed9ac788cc57a151f9a2df6edc44"", ""1"": ""e31307d26ed0511e07c87e9cacdb5962261c161cc55144b90f117836acdf49b3"", ""2"": ""38078f897b259c3b5d69ed26963080786db6dd0804ef5234838f8a85512bf9a9"", ""3"": ""d757747e59a996a0b927dcbae8b3601318b0218034cfdc6842a09077aecd4928"", ""4"": ""a6b564a51f4104e050435e8d7bdfce7430c50066dc80938fa722711cdc88a018"", ""5"": ""7861eec4e67f313bd73e329f5d8e1c38c561d9267ee167827039b48f239e1d73"", ""6"": ""87b2ee31cc63a3b80eb7b9328c7d1705e9189aaa4dda0efdb0333f1e09e026d5"", ""7"": ""113a54404ba69cd9b2de8183e1e9adf9446c6006bd4a3e0d8e4dec424575c7e1"", ""8"": ""04be445ddf6270a23d0ffbf9252f95de73b9483c4678711b3b79ebccc8aef9f0"", ""9"": ""1ae9c0d932b3ace8a8b68c82829d3ffa154795f3ed09fe224b5856f384e69bcd""}",,0,0,0,0,0.0,0.0,"{""0"": 0.17509077410422433, ""1"": 0.08063849981933184, ""2"": 0.1750907533870938, ""3"": 0.11360034985021333, ""4"": 0.06725952831424392, ""5"": 0.005981164214980065, ""6"": 0.06717366569556445, ""7"": 0.17992477497919684, ""8"": 0.06762226104555887, ""9"": 0.06761822858959239}","{""0"": 0.17509077410422433, ""1"": 0.08063849981933184, ""2"": 0.1750907533870938, ""3"": 0.11360034985021333, ""4"": 0.06725952831424392, ""5"": 0.005981164214980065, ""6"": 0.06717366569556445, ""7"": 0.17992477497919684, ""8"": 0.06762226104555887, ""9"": 0.06761822858959239}",[],[],1,0,0,0,0.0,804a03b1e95fda7ba391f3307066268474068eab9bfe8e18439d5996d58d5ed4,ab7b9fee9f70b41afa3bf8553c110617fd898ae8aa2c10bb1efb5a6865ccd7eb,"[""proposal_created"", ""proposal_committed"", ""audit_accepted"", ""committed_once""]"
33,trust_v2,0,none,0,0,0,0,1,0,,80.5,,0.1,,dd321a994a1404c0e097b5284b15c08046d6da017a566a255f15a238ea67289b,1,"{""0"": ""8b68af8c1d320aa550cf0e7c064d8c10238e70cbd3a46652437c620967b6388b"", ""1"": ""e8fb3f6d05638eef57e27526d3eb5c6d6627fb24209acdf83373a21d6243235c"", ""2"": ""08e75b5db0cb787488d3f7565d4dca1e32c59dce74446cfddae3f3aa9c5f6286"", ""3"": ""000d922ad728793748731092770842843acc9a8430c44fa407d11a8e5bce5edb"", ""4"": ""764d5daa93434e575d6c51c6a837d202e69d7cd78fa37f7b318449a0faa65b0e"", ""5"": ""607f63062536db815df704681c3a9da3c52fb946c0edff0efba39b8ff1080e55"", ""6"": ""67481a5a616b610f9b149d23c16b8eef389751d1a82fc46709d9ddeafce86c0c"", ""7"": ""1c082846001a5d36f2a034171eeee4b01424645b842f62bb5706b355ba54973c"", ""8"": ""bf72ac6d71679d43b253911521758a5c4db2f7fcd79439f1e1df8bb4587ea3c1"", ""9"": ""57cebdd5d1bd7bc663d5ce37a7bb39ee5151897bed90f4dd7155153ce5288cf8""}",,0,0,0,0,0.0,0.0,"{""0"": 0.05252723223126731, ""1"": 0.02419154994579956, ""2"": 0.05252722601612815, ""3"": 0.034080104955064014, ""4"": 0.17553984487019755, ""5"": 0.019775064222652686, ""6"": 0.14592509766466175, ""7"": 0.1441377604518349, ""8"": 0.17564866468959203, ""9"": 0.1756474549528021}","{""0"": 0.05252723223126731, ""1"": 0.02419154994579956, ""2"": 0.05252722601612815, ""3"": 0.034080104955064014, ""4"": 0.17553984487019755, ""5"": 0.019775064222652686, ""6"": 0.14592509766466175, ""7"": 0.1441377604518349, ""8"": 0.17564866468959203, ""9"": 0.1756474549528021}",[],[],1,0,0,0,0.0,ab7b9fee9f70b41afa3bf8553c110617fd898ae8aa2c10bb1efb5a6865ccd7eb,bc35a9d5338ed35a8bdb1542d46a28ec93f4a652d64c66c7f33910cd061b9065,"[""proposal_created"", ""proposal_committed"", ""audit_accepted"", ""committed_once""]"
34,trust_v2,1,A2,0,0,0,1,0,1,V2,42.35,,0.1,,01e250fc846c541c548ac75cd0ebf3d3692dce2bdd0b1f16c4441819851a4c87,1,"{""0"": ""67a3cbe9bee4c5bf1b88551bf05e0449de38afefa5e209e683680693670ee722"", ""1"": ""268a4efba57544a02f5f8cf07420192a5660f343b0ad1292e5cdfb5863ada775"", ""2"": ""59cf3228221101e0d209db38e6a74f7bf04044a5fecc600f54a7c508074cb3fa"", ""3"": ""766e194ef96d512eec02c1890772d0c4f1d9f7509eae7378d3f0f72f4bde5990"", ""4"": ""80503f73a7f74a810a76611b2137619627495566b3075cc0b2a7746abdbbd569"", ""5"": ""30942dacb23399212a7d93797441df668be1a3795b4cbb1f253506b05ceaab5a"", ""6"": ""f95da5bbbc5fb48c3adba4cec1de626e2e9e0e5cea71bbbc54746061063f794c"", ""7"": ""f8f04b10f83932a80fc53b9e8d4c9b7141dad925b9715b8f946f63e68dd62412"", ""8"": ""bc58ee44957086720faed399dfa2d40ffb80885670f31e1d90e132df7b049c5e"", ""9"": ""65f6773784e80368d1d54b6f2e5d8f4b0b47e562103d718c1d08ad952b84f845""}",d060060bbb34fb9459d321a7c2965a4362675be3986a090580f43d3ffbe76819,0,1,1,0,0.8008402296654793,0.0,"{""0"": 0.1633607567286411, ""1"": 0.15486005204300074, ""2"": 0.1275416266869227, ""3"": 0.010224031486519207, ""4"": 0.05266195346105928, ""5"": 0.15134129920692896, ""6"": 0.043777529299398536, ""7"": 0.19084391519481136, ""8"": 0.052694599406877624, ""9"": 0.052694236485840644}","{""0"": 0.20668037836432054, ""1"": 0.20243002602150037, ""2"": 0.18877081334346135, ""3"": 0.1301120157432596, ""4"": 0.02633097673052964, ""5"": 0.07567064960346448, ""6"": 0.021888764649699268, ""7"": 0.09542195759740568, ""8"": 0.026347299703438812, ""9"": 0.026347118242920322}","[0, 1, 2, 3]",[],1,0,1,1,0.0,bc35a9d5338ed35a8bdb1542d46a28ec93f4a652d64c66c7f33910cd061b9065,7a0f2cf43e73379ae6152d7851117e4efd3bf962b683caba5235bd02eaabd0de,"[""proposal_created"", ""proposal_committed"", ""audit_rejected"", ""recovery_recomputed"", ""recovery_audited"", ""recovery_verified"", ""committed_once""]"
35,trust_v2,0,none,0,0,0,0,1,0,,80.34,,0.1,,c3dd4ec002c0103d14e4cf278de961cf6a9b05a818d6caf5f56460a61c10dd1f,1,"{""0"": ""28fdaefd5ff35b8fc387d9dfd088f72278c5ddd9e96108996bb2682f62b6c58d"", ""1"": ""28ef93545664a7f957293d362b8e93524148e6d207a4470934da290e16485b77"", ""2"": ""c760ad08fee7cc3f65645f22c127b74bec18ca4582eba15ac3a4a36d774817b6"", ""3"": ""1dd6ad3f8a9ccd76b3a7d47f1e08ad5ba296d1b343a9fa8f739bf0e0f03765e3"", ""4"": ""6f927ea15ac61b7c48dd4f532805cc2f0571e9bb87758df94692117f4b7e1ea6"", ""5"": ""08af7d26aeb076740feb3f719170a17fb23e5aa13ae5b646871a3cff4258109e"", ""6"": ""6847d4df833deb478e3bebbf45e66cd3c0da1439a34b31c56337218689aea818"", ""7"": ""541b1bc594d8efdb187bf4812e52690e8b8a05ba3fd3f01db810e09714a826db"", ""8"": ""d10992aa128bb1c5b36961950c732dbbdc8e1af59b5b9473e04172205e5bbcee"", ""9"": ""90a835ff9f4ce52c4391b8912d53487f1936863106078eba14ee5e8e2249c3c5""}",,0,0,0,0,0.0,0.0,"{""0"": 0.04900822701859232, ""1"": 0.04645801561290022, ""2"": 0.03826248800607681, ""3"": 0.0030672094459557615, ""4"": 0.17610938961168957, ""5"": 0.16383179260529815, ""6"": 0.05658689390477917, ""7"": 0.11443772588014892, ""8"": 0.17611918339543506, ""9"": 0.17611907451912395}","{""0"": 0.04900822701859232, ""1"": 0.04645801561290022, ""2"": 0.03826248800607681, ""3"": 0.0030672094459557615, ""4"": 0.17610938961168957, ""5"": 0.16383179260529815, ""6"": 0.05658689390477917, ""7"": 0.11443772588014892, ""8"": 0.17611918339543506, ""9"": 0.17611907451912395}",[],[],1,0,0,0,0.0,7a0f2cf43e73379ae6152d7851117e4efd3bf962b683caba5235bd02eaabd0de,6e8d52ab62b023790b1c77f99693e201b2d1d1dd7888d7477c7f700117ca50a6,"[""proposal_created"", ""proposal_committed"", ""audit_accepted"", ""committed_once""]"
36,trust_v2,1,A2,0,0,0,1,0,1,V2,80.48,,0.1,,3c35b8be343c6b27da1df8353426953cce289752747505a8becd6a3fe6cbcdcd,1,"{""0"": ""ae6eff55d21f5882dcab0a4c60440c179413420119327e02d0a032c4d80f6445"", ""1"": ""08eb3586c0ff46fdfc74f9a57207ddad47e995e15fd5709e1c31e0f2f431480b"", ""2"": ""347dcc8436c1d48952979a9316d241035ab5d86466028d77d3e10d895fa39cdd"", ""3"": ""b037948a7e9651fe3421355835b157748dd956b80d42f5bf6a2c9b47e85cb86a"", ""4"": ""c5b4084bf4ab1b8f6a88759dae8d1aa59ab62b4c309b6ccee6866d2311532808"", ""5"": ""b7acd742cc6d5a6b0b2cf45f2dc757d26a7215c16571edf3492f2a3565187925"", ""6"": ""db26f3e0f4cd1d42c9ccaaf54b772a1fa3917b4cccf2d7b1590509e407003ad0"", ""7"": ""440ff4b3ad235c36e48b4a96b15e5d3308baf7f5a41ad7790f105ba5f84e2699"", ""8"": ""263782f39427f28a11df58ac163159427455a35e376799108667c41313dfa063"", ""9"": ""c38893a99fbca88cafdcd787192ee093c51e0a7d3914ec16767b03705a8844d0""}",09c4dafdc6f848955a5558eed14f0e67ee7e63ca14b22e5b392a0904653520b1,0,1,1,0,2.790477788330192,0.0,"{""0"": 0.014702468105577697, ""1"": 0.013937404683870069, ""2"": 0.011478746401823045, ""3"": 0.0009201628337867285, ""4"": 0.21750978412291022, ""5"": 0.06598033939933429, ""6"": 0.1816530354108371, ""7"": 0.05879264718868643, ""8"": 0.21751272225803386, ""9"": 0.21751268959514053}","{""0"": 0.13235123405278887, ""1"": 0.13196870234193506, ""2"": 0.13073937320091156, ""3"": 0.12546008141689338, ""4"": 0.10875489206145512, ""5"": 0.03299016969966715, ""6"": 0.09082651770541857, ""7"": 0.02939632359434322, ""8"": 0.10875636112901695, ""9"": 0.10875634479757028}","[0, 1, 2, 3]",[],1,0,1,1,0.0,6e8d52ab62b023790b1c77f99693e201b2d1d1dd7888d7477c7f700117ca50a6,4415f6cca05949fc705f73e9acffde77a1513015ef51ea1f3d9b87f736e276b0,"[""proposal_created"", ""proposal_committed"", ""audit_rejected"", ""recovery_recomputed"", ""recovery_audited"", ""recovery_verified"", ""committed_once""]"
37,trust_v2,1,A2,0,0,0,1,0,1,V2,16.57,,0.1,,4e6751325da957778cc4ef1309fd7dd0bd264601f7fd335097feaa2d3ef4345e,1,"{""0"": ""9359d47eb4a7671b82f790cb86e798362ae4efe6605eafaa05237c2aec0b17f2"", ""1"": ""7914db824609e49aa5235b08daeb268bebf2bbf2960fedd9e5d5aa2542a5c4c7"", ""2"": ""2c741c2041bc1ba0593c4f9f93f784cece1ce45310eb6af0eaa0fe46265a719b"", ""3"": ""6d1ee8c179529d99f17011e2687bb8ea1f1b5e8f577d857810ca528844bd8e38"", ""4"": ""31c3220796ba02c2176d734b563aeff70cc5bc931308dce9d1dbe9aef08562df"", ""5"": ""17fddb2c3aba834b67dfc549d984a6c220dcb9a8a887ad1d1688a0c025f9c706"", ""6"": ""3903731a8dee6df688343283add945aaec9ff673f007da4efafc2006eac5ad3f"", ""7"": ""25546569a07b078208b4be96698ac17ab70e1c6e9415374a9a0715566eb372ae"", ""8"": ""1dbf92383d7ede7dfee6002f0053060dc5ba65555781ff2d635c6f7552d61a95"", ""9"": ""0173390aa84e9cc16a59fe729a8a61423f6f5f7e1c4262c2f84c7d215afa9c53""}",650e0ae122947118f3ecde7aa1c66689aaf4b1d985338b66ff0d31a0008bb863,0,1,1,0,0.31054867925196816,0.0,"{""0"": 0.2697351956720592, ""1"": 0.05782729144038414, ""2"": 0.2687680791609328, ""3"": 0.07682635932036729, ""4"": 0.06525293523687307, ""5"": 0.019794101819800288, ""6"": 0.05449591062325114, ""7"": 0.05679250317037976, ""8"": 0.06525381667741016, ""9"": 0.06525380687854217}","{""0"": 0.2549073845419897, ""1"": 0.15693489950342626, ""2"": 0.2549073845419897, ""3"": 0.16662090490747072, ""4"": 0.03326691010983831, ""5"": 0.01009132544848626, ""6"": 0.027782820090413957, ""7"": 0.028953656889508322, ""8"": 0.03326735948124218, ""9"": 0.03326735448563456}","[0, 1, 2, 3]",[],1,0,1,1,0.0,4415f6cca05949fc705f73e9acffde77a1513015ef51ea1f3d9b87f736e276b0,fe29c3df0ce318918979b60920281a2dfb6a672ceee283f0363a8db61f7aeeeb,"[""proposal_created"", ""proposal_committed"", ""audit_rejected"", ""recovery_recomputed"", ""recovery_audited"", ""recovery_verified"", ""committed_once""]"
38,trust_v2,1,A2,0,0,0,1,0,1,V2,80.31,,0.1,,981a4c1d391be701eb3828e5cfe905ebd4d47df4708631a9446ba2035c73e3e0,1,"{""0"": ""54bb3cbc24736dad7849e94a76b477f7592a4951a1cbd7f2bf8f481cd4a80055"", ""1"": ""8f4e5f5950d6793c2ce7cf39fe07018f4e8b136a94e795b4df75f9b56df3f9aa"", ""2"": ""9ec03b6e535b8f0acf5a815aef2eb433489258737f5bac59a04bf804ec0bf438"", ""3"": ""ce11366654a1fa3599a399a4faa062dc3a804e5e6f2c4796d8839ef0d27de365"", ""4"": ""4c7e1800ef554bb576ddcbf41d46cace742e246a8c55b0b820b5b7d56f84efc4"", ""5"": ""909459987f2c5039b6309ebd21b1f24f9dcb9ad26e60fa214255560fac63b57e"", ""6"": ""aa8f71291f9bd3b12c633d69426796703298bc0d09e9d62ec3d92217ad7a0067"", ""7"": ""5df98c0a9ac4b4129b04a9f2e722114a6038f26dfed64b0ed3b56b55f8d0923f"", ""8"": ""9ebd52282a43ecf5db952cc6ab0c0b125069016b671bd4ec4199627034ba9be3"", ""9"": ""1ff065dda48ea9abc1edafa1420278345b569f64f37d9d2b865517ddc2b1a0f8""}",b8824c705dc806054549b02a6cb7e25c0f37ed9eda593e5f2f2869ec7483fec8,0,1,1,0,0.7499882170301868,0.0,"{""0"": 0.0809205587016178, ""1"": 0.017348187432115247, ""2"": 0.08063042374827988, ""3"": 0.02304790779611019, ""4"": 0.1880345907255889, ""5"": 0.022443867678800276, ""6"": 0.18480748334150232, ""7"": 0.026697273200145834, ""8"": 0.18803485515775004, ""9"": 0.18803485221808963}","{""0"": 0.1654602793508089, ""1"": 0.13367409371605762, ""2"": 0.16531521187413994, ""3"": 0.1365239538980551, ""4"": 0.09401729536279445, ""5"": 0.011221933839400138, ""6"": 0.09240374167075116, ""7"": 0.013348636600072917, ""8"": 0.09401742757887502, ""9"": 0.09401742610904482}","[0, 1, 2, 3]",[],1,0,1,1,0.0,fe29c3df0ce318918979b60920281a2dfb6a672ceee283f0363a8db61f7aeeeb,54470e6e29a1476a5c7bc8ac8850a21e01c63cb70d5b6789d0d8d195c61434b5,"[""proposal_created"", ""proposal_committed"", ""audit_rejected"", ""recovery_recomputed"", ""recovery_audited"", ""recovery_verified"", ""committed_once""]"
39,trust_v2,0,none,0,0,0,0,1,0,,79.19,,0.1,,b2e50c367097d9cf60b930dfe7bcdef179c02b45ff2618effc8289d73f25a186,1,"{""0"": ""7bfb2dce49c44ae1bbe036d695eb986511f9789476079bda4d689918b1fa1c91"", ""1"": ""e23b1b3e7a92d48a51a66c5e092013166937b8ddd811c625df447f9fb1e0f660"", ""2"": ""46b802ef17a78d851dc1a9fcf2df707926e308420b776bd324671fc8d23acf09"", ""3"": ""9df8a529df359c6f786510b236c0245231c1d114cae1ff707d047a944cd5ba0e"", ""4"": ""88816c61b7749167a070e381c040dffffd6718b9fa60230a3c84d2441fc0b220"", ""5"": ""0c5ec62f8477713a39eea1fefdd15b297aaf12aecfdd015d69d0269a75d199fb"", ""6"": ""35c1927ca98af7f744266ff6484853c4a149b972b83280e44d9fed13f1c2d437"", ""7"": ""5bd6503e99d2383fa3ac0c16d6fcd8a63313a44b040571298166a2b2adf07ab8"", ""8"": ""8304675645e12aa863e21d800d9a3f1043bb2ce22ede48524db3f672d0e3d558"", ""9"": ""f983cbd40f1289ba90c7b00045b9542b4fdf7e7272dd22a5398229735b3f04db""}",,0,0,0,0,0.0,0.0,"{""0"": 0.02427616761048534, ""1"": 0.005204456229634575, ""2"": 0.024189127124483966, ""3"": 0.006914372338833058, ""4"": 0.22901616236300948, ""5"": 0.019559887821958347, ""6"": 0.2222822165501813, ""7"": 0.01052512745799647, ""8"": 0.22901624169265783, ""9"": 0.22901624081075972}","{""0"": 0.02427616761048534, ""1"": 0.005204456229634575, ""2"": 0.024189127124483966, ""3"": 0.006914372338833058, ""4"": 0.22901616236300948, ""5"": 0.019559887821958347, ""6"": 0.2222822165501813, ""7"": 0.01052512745799647, ""8"": 0.22901624169265783, ""9"": 0.22901624081075972}",[],[],1,0,0,0,0.0,54470e6e29a1476a5c7bc8ac8850a21e01c63cb70d5b6789d0d8d195c61434b5,7857896bb00cf2e3b1274905efaaa2804a0f54c2ed91789ad191294e522ed566,"[""proposal_created"", ""proposal_committed"", ""audit_accepted"", ""committed_once""]"
40,trust_v2,1,A1,0,0,1,0,0,1,V2,46.44,,0.1,,651e0679fb7b8fb01813517e7d186fced63356b249fa94505db5ccc07f8f50d5,1,"{""0"": ""4b7959ea6793b5006d421cd1f27f24dade4030153cdfa95286fc008a30e4bfcc"", ""1"": ""5bebf1379bfde60593f833d789573189eb30ca7c3bbbb1974f361ebaa3bc9c0f"", ""2"": ""4e07d0d2b211f976f8f25350cd665e47d78dfea958e9800bdb9eed9db1ac9ddc"", ""3"": ""3c67c83d971738863d830d4777e1e9c99e2d3b2a095f6ea530f6cec6349dcfbf"", ""4"": ""d6b6d8c01c23adf2513da11d28d8b9faa2fffdf89a1ac0aed581163efb2f85b6"", ""5"": ""437633349006ebf889e4052a6d0f354def9ba9015143e0ac464b07c98dc0fe0f"", ""6"": ""17a0097f70c4425b66872213637a83f4a39972bcd95ca812c3ee6fbfbe9cadc8"", ""7"": ""96f43964f19031fe7d11f7711cae177265bd4054055eadb6279335fa425f2458"", ""8"": ""895793341a14ad43d96cd372cab632b0d0e579c835a30a883ef14a924daff341"", ""9"": ""8e1a7cba172896ecc19f67e630f7acf306817277ce89f1e9b4dcdc2e1d142987""}",12bc14b43fee6f2062dc05f274393c0927666d2026477a3040ac092fdfa39ad2,0,1,1,0,0.9229116307174858,0.0,"{""0"": 0.75, ""1"": 0.75, ""2"": 0.75, ""3"": 0.75, ""4"": 0.06870484870890285, ""5"": 0.022233497488069076, ""6"": 0.0666846649650544, ""7"": 0.2172238317425821, ""8"": 0.06870487250779736, ""9"": 0.06870487224322792}","{""0"": 0.2135379296136821, ""1"": 0.2135379296136821, ""2"": 0.2135379296136821, ""3"": 0.2135379296136821, ""4"": 0.019561454863627165, ""5"": 0.006330260028897697, ""6"": 0.018986273724826346, ""7"": 0.06184736972408243, ""8"": 0.019561461639582712, ""9"": 0.019561461564255235}","[0, 1, 2, 3]",[],1,0,1,1,0.0,7857896bb00cf2e3b1274905efaaa2804a0f54c2ed91789ad191294e522ed566,2f3092ffc549ecf163c586b34fa79c5da65d62bcadf83de6b661f39c5868816e,"[""proposal_created"", ""proposal_committed"", ""audit_rejected"", ""recovery_recomputed"", ""recovery_audited"", ""recovery_verified"", ""committed_once""]"
41,trust_v2,1,A2,0,0,0,1,0,1,V2,80.71,,0.1,,6079ec606ba9391d3292ddcb8cbc33c2b3b050085875915ee9c83b92114a9077,1,"{""0"": ""02eb3b5f57520bf8bdc9c6780c14b4ac394108bf0fd658feb9e79e0b1f0c9aa8"", ""1"": ""de5e2358d42db69dfc54df16135b6616738fdaadbe16f252c38e37eb1012a28b"", ""2"": ""89cb5cb6dc3af4b3c4c7cf7e4d49b520981d3bc0d389f2144fdb9f420fd1a5a1"", ""3"": ""9e756a565d205f24d7fb41626cea2d3862b967270e035e3efe2627f63d837ea1"", ""4"": ""e0628ba50ebd2363a2c4b21d4f130340d00f520a78d5ce38148fc9547e1a2374"", ""5"": ""ce2ab08733339c472d8e2ae17dad721fd801460ae56b4fdcabbdf67b00ba7b15"", ""6"": ""df079896ffb8a1a0ce0cb45884f7921f0946a2563fecd3abb7031b79ef523153"", ""7"": ""1c03f1bf82be2af8cd4b82d8f1a7d09f484c5bd01bf7a76818912cc0b7cabc4e"", ""8"": ""f98676199f117525561ebdf3b934ea4161faa1cb77cc9e18382a5570cdc59202"", ""9"": ""964ad42d7cb76863d927315476ef1cbab0b1feac242c6af8f6246daaeb5edf6d""}",ccdda34f3a04ecb0fcda1fd73c70360486886af9da6b2c457b5efb025ab1ae1e,0,1,1,0,1.0815511569761316,0.0,"{""0"": 0.06640474313649865, ""1"": 0.012899077563557773, ""2"": 0.06639690949275853, ""3"": 0.0006222935104949756, ""4"": 0.17750755577215482, ""5"": 0.020000891569877454, ""6"": 0.1769015006490003, ""7"": 0.12425190256138208, ""8"": 0.17750756291182318, ""9"": 0.17750756283245234}","{""0"": 0.1582023715682493, ""1"": 0.13144953878177887, ""2"": 0.15819845474637925, ""3"": 0.12531114675524746, ""4"": 0.0887537778860774, ""5"": 0.010000445784938725, ""6"": 0.08845075032450013, ""7"": 0.062125951280691025, ""8"": 0.08875378145591158, ""9"": 0.08875378141622615}","[0, 1, 2, 3]",[],1,0,1,1,0.0,2f3092ffc549ecf163c586b34fa79c5da65d62bcadf83de6b661f39c5868816e,6b3ba908ac5c270568813846c41af2ae261472b9b6415d79ef56dda1760d7bb9,"[""proposal_created"", ""proposal_committed"", ""audit_rejected"", ""recovery_recomputed"", ""recovery_audited"", ""recovery_verified"", ""committed_once""]"
42,trust_v2,1,A1,0,0,1,0,0,1,V2,3.23,,0.1,,0503a5c68a6561c964d5efa8d4dac2c23817810e2c1bc1648962c801e46703d4,1,"{""0"": ""ebf6c8757b7c537b321ed4be6e8c0e8ce7e28b6c39c66bf53392a745bd001042"", ""1"": ""1f6eb9a6d2c2e40e653c87f7414ee95426fdd4f9efdf4ff761a49a4f7561999e"", ""2"": ""a4e90fe524e82af9caf377fd09a74d91a8134065742d772d2f43e641a6295b20"", ""3"": ""2db9a7eab90dadc921224586e0cbbe6e664f02a91d9ff408e8fca77b579a078e"", ""4"": ""cc34ecaa7217104c32447943be504f7c45e2d1d0d2fef3ca7066ac0e8e8094d0"", ""5"": ""f7ea0d145640b73dae28c4d0e1de81370198c7ad1414ba0733131646f7d9d86d"", ""6"": ""5b42e2b355558c55fb2a14b1a616ea7508cf2fe4e8521df61d2cb6b249bfbd58"", ""7"": ""cc9cc732b405674ffb975d56f4b59384ef1a2255270859bf2af2c9bfffc65ac3"", ""8"": ""c647631ff2ebd503e133c4d256f3c795775517c6d37c27de0c5dc83401cd53c8"", ""9"": ""51a0d55b8318c1851becd1969e7ba7d89d89538b31e8d274bf0452ec0fa38eda""}",d8a9eaf63126c8762c754d2afecde606d4fde4e54b1ee89eb76d9ee107471436,0,1,1,0,0.4823570205145572,0.0,"{""0"": 0.75, ""1"": 0.75, ""2"": 0.75, ""3"": 0.75, ""4"": 0.053252266731646444, ""5"": 0.0060002674709632355, ""6"": 0.05307045019470008, ""7"": 0.037275570768414625, ""8"": 0.05325226887354695, ""9"": 0.0532522688497357}","{""0"": 0.23033668732354404, ""1"": 0.23033668732354404, ""2"": 0.23033668732354404, ""3"": 0.23033668732354404, ""4"": 0.016354600948582952, ""5"": 0.001842775643089188, ""6"": 0.016298762256821798, ""7"": 0.01144790865185461, ""8"": 0.016354601606393973, ""9"": 0.016354601599081166}","[0, 1, 2, 3]",[],1,0,1,1,0.0,6b3ba908ac5c270568813846c41af2ae261472b9b6415d79ef56dda1760d7bb9,cb30ba0510f01e24c401575247d6b99464eea40dfd364c3b3c1e2a40b0d138bf,"[""proposal_created"", ""proposal_committed"", ""audit_rejected"", ""recovery_recomputed"", ""recovery_audited"", ""recovery_verified"", ""committed_once""]"
43,trust_v2,0,none,0,0,0,0,1,0,,80.51,,0.1,,49c634c32e3c56653870829b676a895f03055a5c5d0754d54c1ec830a85a6ca8,1,"{""0"": ""8aa5e77245b491181d74325b49829be20eba17480e6ed47a2ab394107999cc2e"", ""1"": ""4ea5b0a0754ef0aeb65911ee5b531767d2b1c76eb312e14b269c180d0c02052a"", ""2"": ""0a806c489d2dcced91d4d09041b4810658d05edc1249e561d3638baa3e7b6af4"", ""3"": ""2e2eccfa1d6f54e7033f20895637f57ce49d2e23f7b945c11c0f5557004dd5b6"", ""4"": ""953dc32abfee5d396a31bb5ede35318f6f8b3318239a221ed6c7d3c31cb389f2"", ""5"": ""cab38371d68c18568bfe2062bc7ee0cbc1b94c4c2db511b3bdcb7e323c9471d4"", ""6"": ""979e32e2008443b7b4a94ae4b515cd7c40836c6cad5c322178b78bbaa392cd4b"", ""7"": ""36581dc785d333274e51b21ec99045803375c465e8167864aff8970786137cd9"", ""8"": ""309bae8f506760d04e0a4e7c82cf101029d223377a7b6d307c911f354fe5feac"", ""9"": ""223bcab678fe2fd03ff52a127879d8364a53767fd4befe6408e182c6bf090fc7""}",,0,0,0,0,0.0,0.0,"{""0"": 0.0759764268822849, ""1"": 0.07116091698072022, ""2"": 0.07597572185434828, ""3"": 5.600641594454781e-05, ""4"": 0.16117184469370627, ""5"": 0.10795860931984343, ""6"": 0.08466170005088403, ""7"": 0.10069508313685888, ""8"": 0.16117184533627643, ""9"": 0.16117184532913306}","{""0"": 0.0759764268822849, ""1"": 0.07116091698072022, ""2"": 0.07597572185434828, ""3"": 5.600641594454781e-05, ""4"": 0.16117184469370627, ""5"": 0.10795860931984343, ""6"": 0.08466170005088403, ""7"": 0.10069508313685888, ""8"": 0.16117184533627643, ""9"": 0.16117184532913306}",[],[],1,0,0,0,0.0,cb30ba0510f01e24c401575247d6b99464eea40dfd364c3b3c1e2a40b0d138bf,f2d801ea5d47a08cdb8f3b19bb5878ca6a680c4ef1b520660f812b9d57c9d1e0,"[""proposal_created"", ""proposal_committed"", ""audit_accepted"", ""committed_once""]"
44,trust_v2,0,none,0,0,0,0,1,0,,80.24,,0.1,,3f0e059f04d4f45910d292ae823d11cfa3fc67f8fd18a22747beded6f07b5691,1,"{""0"": ""76a0e04eeba404c6f4a25378db892003683ef180ebcc29d049b63bf48938ddc9"", ""1"": ""e6d73e533afd704acbbcab2d13daf29de8a243f099f2b67ea1161079b8d0443f"", ""2"": ""a72927aa1fa7fcdd71df4763b75986583690a522d988538ea89862b0d3b4006b"", ""3"": ""c20e229e328619107733e962c2a6b5f56c514e0d03a3a34250e45726789e45c8"", ""4"": ""ab0a1ce8b406c3be29955d9aef8ac3f882bd5449b09bc0b46762d8622b6cb1d0"", ""5"": ""47e1deaecb49bde723fbb5c0461e18686eaafab03cc4837b172afbec21e6f66b"", ""6"": ""bff3ce4410e2bdf1afe4a8c000aac941ca7df275beed6c476a7aabe95d1bdaf0"", ""7"": ""ed6a7f843bdd8377d872e5465165d81bc4686b122e7eb4f02ba8ab89707806f2"", ""8"": ""0e34be49bd35ac46414ef40b67b4bd38f48bd90b63fbb1c33f5bb075fd52ef92"", ""9"": ""67ae055fe68cf6c2f1a1cf25de8aaf5e1134a7601c4d2713ab7912daa4916c29""}",,0,0,0,0,0.0,0.0,"{""0"": 0.022792928064685473, ""1"": 0.02134827509421607, ""2"": 0.02279271655630449, ""3"": 1.6801924783364345e-05, ""4"": 0.2958333954779273, ""5"": 0.051209735903991256, ""6"": 0.0998098967174634, ""7"": 0.049238227769838216, ""8"": 0.1919253330845992, ""9"": 0.24503268940619127}","{""0"": 0.022792928064685473, ""1"": 0.02134827509421607, ""2"": 0.02279271655630449, ""3"": 1.6801924783364345e-05, ""4"": 0.2958333954779273, ""5"": 0.051209735903991256, ""6"": 0.0998098967174634, ""7"": 0.049238227769838216, ""8"": 0.1919253330845992, ""9"": 0.24503268940619127}",[],[],1,0,0,0,0.0,f2d801ea5d47a08cdb8f3b19bb5878ca6a680c4ef1b520660f812b9d57c9d1e0,ac85d42d0490f90187d2bb51b5aa569d43b7fedf81c88c6144c49768002068c3,"[""proposal_created"", ""proposal_committed"", ""audit_accepted"", ""committed_once""]"
45,trust_v2,1,A2,0,0,0,1,0,1,V2,11.29,,0.1,,d5aae1ac5c3e8e890098d8f7c1d0943e1c5bbd9538ebdbd6904ce37c61012d8a,1,"{""0"": ""9b91d27f97712b4ffdeaeb947504141293f208c71e8e8e1f1d9ba0436fe3924c"", ""1"": ""db14723705ea2ae2f4a36c1f2a37325cec0934b03268ddfcd37a998dbe33c29f"", ""2"": ""8906f4a32fbb21b6c62a7424eac3cb2b4b52116fcdec158e62eed4d0475e6e75"", ""3"": ""4ff49614b6fe0df8d516e8e4a7a20aedcc5917637f37019bc9704d0a7b85fedd"", ""4"": ""6c37d15e1167ae5d291cbe45d78232ef8001d1c6505e013d5883ba9f9758c169"", ""5"": ""a5cd7f9e108bc9eee8a29dde66c34b221863564a294fec50ce298375460f502a"", ""6"": ""287d568ce9e68507d317d6746ff0098440eec7eabb033bb606c11682a5ff8808"", ""7"": ""624366828f380737135be22eb8ae9046f3433ef223aa410fc83e83aeb0135908"", ""8"": ""56f37ea6ed091673e9029e1710479a5f8fe368aab923f1a7d9bf062f3efc41ed"", ""9"": ""491c56362554514f0ac2f77865aca697f1605d7aa10c5599a242c854e80eb9f6""}",02eb34d283a9164a21483184943e2a707c92cf18bbfd05acc336566f53ddf45f,0,1,1,0,0.32892831405865025,0.0,"{""0"": 0.27751669971140014, ""1"": 0.1416923441150759, ""2"": 0.27751663625888584, ""3"": 5.040577435009304e-06, ""4"": 0.08875001864337821, ""5"": 0.015362920771197379, ""6"": 0.029942969015239025, ""7"": 0.03812596416015132, ""8"": 0.057577599925379766, ""9"": 0.0735098068218574}","{""0"": 0.25707381480979524, ""1"": 0.20138769026690725, ""2"": 0.25707381480979524, ""3"": 0.12853949900583775, ""4"": 0.04563061171418738, ""5"": 0.007898809298544704, ""6"": 0.01539510654295799, ""7"": 0.019602374099903265, ""8"": 0.02960338652081912, ""9"": 0.03779489293125199}","[0, 1, 2, 3]",[],1,0,1,1,0.0,ac85d42d0490f90187d2bb51b5aa569d43b7fedf81c88c6144c49768002068c3,c9577dfbf52e14cca893c9a8c72debcbbc244cb76ae519180c632003eeddf94b,"[""proposal_created"", ""proposal_committed"", ""audit_rejected"", ""recovery_recomputed"", ""recovery_audited"", ""recovery_verified"", ""committed_once""]"
46,trust_v2,1,A2,0,0,0,1,0,1,V2,80.92,,0.1,,b4c10ba58e4cebe53c552fc56f1ff62bba382a9375b93a13eb33c5d22650f010,1,"{""0"": ""16299e92b4ee5cc0a96f017f430a8c879f829cbbb9500cfd94b54eea86144bc9"", ""1"": ""b8becea975037db99a976f068af85ab20370de0fee0815f01be4ac662d3b6c0c"", ""2"": ""afcdad107e5f7615b5d2f0332e5fb09d872a4648af1cb089ffd9f588fdab3b23"", ""3"": ""6ef65dfcd2350eb11c78db9330955badea1a76bf92fcb64f503d9efc730d5b8e"", ""4"": ""983d841b1fdcfc016ee49eca4ae6e1debf816583853813e0253aa1f2f390094c"", ""5"": ""82dc7ad23936a8012d32a0f46f15b739a1fb291c9845ccb712ebe9edeb4220ec"", ""6"": ""19b8bfb764d50eabbe6d7dba0a676f36887b279dcf7e699321ef30b3d05b1ef8"", ""7"": ""f941b43696a6b4b866bfb2eae1b22d6f14ca0c23c5a2e8ab47ea96e240bf3a01"", ""8"": ""d2a9ae9c62828d4ad05928606a6c0150ab13a76584e8b1cdc5050ca823f82fab"", ""9"": ""59930e1b56947541dc45d67cf40addb0c9a2e316e911e322272ea8ec116cf57c""}",ffe82801c4b6f335d2cbefcfd8e305b10867076b75621cb2c311785d29922777,0,1,1,0,0.7793690414003971,0.0,"{""0"": 0.08325500991342007, ""1"": 0.042507703234522784, ""2"": 0.08325499087766577, ""3"": 1.5121732305027915e-06, ""4"": 0.16457166696069211, ""5"": 0.1058596090093379, ""6"": 0.11117485589905055, ""7"": 0.09415510717255199, ""8"": 0.15521994134529257, ""9"": 0.15999960341423586}","{""0"": 0.16662750495671003, ""1"": 0.1462538516172614, ""2"": 0.16662749543883287, ""3"": 0.12500075608661526, ""4"": 0.08228583348034606, ""5"": 0.05292980450466895, ""6"": 0.05558742794952527, ""7"": 0.047077553586275994, ""8"": 0.07760997067264629, ""9"": 0.07999980170711793}","[0, 1, 2, 3]",[],1,0,1,1,0.0,c9577dfbf52e14cca893c9a8c72debcbbc244cb76ae519180c632003eeddf94b,c29709d51966010e3187d6dcc5912e949e1bb4aefa444b2127f9ba308eeef039,"[""proposal_created"", ""proposal_committed"", ""audit_rejected"", ""recovery_recomputed"", ""recovery_audited"", ""recovery_verified"", ""committed_once""]"
47,trust_v2,1,A1,0,0,1,0,0,1,V2,80.55,,0.1,,b1611ef145a9d19ecd5735ad08c8134e0fb2f6cf5a544921f5b08546b8bdd301,1,"{""0"": ""6536629e0b6bd8db3e4ae48a7693d84a37ae2cb5376fa39e836af846742c5104"", ""1"": ""0efaaafb868d3fb47341ee859fab8d5944e548dd2dc0cacf0aadd9d582578fb5"", ""2"": ""282d5fc7911df882d7535ff092072f19b411fcdd34a76a6e27350742585953b8"", ""3"": ""4c8c1ecc7a6650ffb56f33b4c9994ce3c3309ab6a56cf9dd1077dc8d39143146"", ""4"": ""2adb9f4d508f17913dbf2dfdc44eaa0ef187a06d3dd86d1dce556a57fc993f8a"", ""5"": ""6ca817c22a8e12d2936c544f9429b9c97bc95b21fd2c1d8a6c359144d391dc17"", ""6"": ""4579ef62706ecf2e2ba7aa9eccf2a032b377de1187480969dd076311858144de"", ""7"": ""2632d55650733e6c2b9c1d183729addfbb25c092db9fd417b56c992dd56e1aed"", ""8"": ""007da90a31a240cfd7f8a9ec02e5dbb7177191489175c626535bcd5ca366e8ef"", ""9"": ""c9278e552e7943f28abec5c061cb03d89a2dba8f421cef4ff4e6a484abc44eef""}",425ab592514d11afde5bc5b4f429fd55d31250ddf4fa2d5800bca290b5d55123,0,1,1,0,3.645829583372919,0.0,"{""0"": 0.75, ""1"": 0.75, ""2"": 0.75, ""3"": 0.75, ""4"": 0.21231795451321495, ""5"": 0.06928466292922687, ""6"": 0.19629891119472248, ""7"": 0.0389339342253109, ""8"": 0.20951243682859508, ""9"": 0.21094633544927807}","{""0"": 0.19048614485202822, ""1"": 0.19048614485202822, ""2"": 0.19048614485202822, ""3"": 0.19048614485202822, ""4"": 0.0539248381841208, ""5"": 0.01759702445168088, ""6"": 0.04985629710951111, ""7"": 0.009888500046002547, ""8"": 0.05321228852004423, ""9"": 0.05357647228052762}","[0, 1, 2, 3]",[],1,0,1,1,0.0,c29709d51966010e3187d6dcc5912e949e1bb4aefa444b2127f9ba308eeef039,4dc3168aae023ba4084564750d906236a0cf015e3d1cdd97f98dafb1825e2620,"[""proposal_created"", ""proposal_committed"", ""audit_rejected"", ""recovery_recomputed"", ""recovery_audited"", ""recovery_verified"", ""committed_once""]"
48,trust_v2,1,A1,0,0,1,0,0,1,V2,9.25,,0.1,,9c25b0b4f415fef56b9206335376a3c49d80ba109d7d1fe6f6a68f2e4b6e61e0,1,"{""0"": ""2f7c3ab39380983905277a6e8da56a45a1b23fde6cbbab37b208a7c8999ddb5e"", ""1"": ""075e1a01192c7a37fdfe6c6a7c08c2642377f19dc1c5bbf0a9c06e28dd761b11"", ""2"": ""af415c32291c20e19a07dacc06d8d67407255e7f6508af3d2bdbd5bd6a913625"", ""3"": ""7e885f0381d6a1d277a579cedbbffc8d267a1150c431ca418943595f9185266e"", ""4"": ""da652d777628e7734501273b8cc95816138b5d3bea0d180ceeadef48f663406d"", ""5"": ""3c495e24fd38c30e0ea0fe577f3ceccea451617693024a58410abb0d3da2f3f7"", ""6"": ""0461494e92104e3a46931c92737400a545c47ee83a28573b99797446ac1f7d81"", ""7"": ""825c67588423ac07597429f7b7ea063a2f411d08acdccecd8b83db0136930166"", ""8"": ""6950706c9c9018af35e0143bc00224844de33f4755fe666596cb93126881d3a0"", ""9"": ""b961f9f7396fb21e138532fedfdcf1711cfa6dd2d17f265ecb4cb9329558206a""}",a9629036d2d287ebfae124f22290cf7c962ef58498ec75a6ab706b89fa27f7c0,0,1,1,0,0.5076462513108512,0.0,"{""0"": 0.75, ""1"": 0.75, ""2"": 0.75, ""3"": 0.75, ""4"": 0.0636953863539645, ""5"": 0.02078539887876807, ""6"": 0.05888967335841676, ""7"": 0.03556189363833664, ""8"": 0.06285373104857854, ""9"": 0.06328390063478344}","{""0"": 0.2269240904581635, ""1"": 0.2269240904581635, ""2"": 0.2269240904581635, ""3"": 0.2269240904581635, ""4"": 0.019272023486339617, ""5"": 0.0062889436471661, ""6"": 0.017817980752316085, ""7"": 0.010759800491799323, ""8"": 0.019017367666800955, ""9"": 0.019147522122924036}","[0, 1, 2, 3]",[],1,0,1,1,0.0,4dc3168aae023ba4084564750d906236a0cf015e3d1cdd97f98dafb1825e2620,0099314762c9f34cf1f8debb4f35b884e6fb3a2dfc1311adb0afe41c955cf1bc,"[""proposal_created"", ""proposal_committed"", ""audit_rejected"", ""recovery_recomputed"", ""recovery_audited"", ""recovery_verified"", ""committed_once""]"
49,trust_v2,0,none,0,0,0,0,1,0,,81.24,,0.1,,ff1d1a0de05ffaf45866465349e50e3242235c75e9686ef384ea2764b68613e8,1,"{""0"": ""62fc1634bdf8eedfdec5d00e19e30caac47bd7de0f7b8f531caef92b2b9ec9f8"", ""1"": ""e3489b472deb445d6f9856776075ce9731af98084156ea33e0a781f8b1c1129d"", ""2"": ""09f95e89cc757cff053d3c88d58b201dd5f8311a18730acf71796bf42348bd89"", ""3"": ""15294c6d60ea70ae9f154d29ddef44678ecc5d26a62bee6a98bb086d0f869cee"", ""4"": ""2f1f39e39f7bdbd06afccdab479ad6bb2c4fafe58fdb26a931978323d5026ea2"", ""5"": ""3a674942bd1a8f5e24cc252802ece8860280c8264f85dfd2c90dd4e4b88caa3b"", ""6"": ""d6610dcb61b32714faa2d7c10eb07e0573160dc42098d4105ec50b3d8957a04b"", ""7"": ""7d0ce6f8e44ba4b03a2093d96a8955aad2a8906132b9ef9fd9ae095b8e8e4d3b"", ""8"": ""bd38dfe96cd9602f838bcf34328a6ba499c7c2a729d07ed23c8b715a63813840"", ""9"": ""14b82e2392ae3fc438b5b1dad3059bfd1b1abb7d1c48174872f862d0fd3fa00f""}",,0,0,0,0,0.0,0.0,"{""0"": 0.08125373726995803, ""1"": 0.0459714899715178, ""2"": 0.08125373675599266, ""3"": 4.082867722357541e-08, ""4"": 0.1662873316672309, ""5"": 0.13069486832961968, ""6"": 0.14389674700377902, ""7"": 0.01844332714613318, ""8"": 0.1660348350756151, ""9"": 0.16616388595147655}","{""0"": 0.08125373726995803, ""1"": 0.0459714899715178, ""2"": 0.08125373675599266, ""3"": 4.082867722357541e-08, ""4"": 0.1662873316672309, ""5"": 0.13069486832961968, ""6"": 0.14389674700377902, ""7"": 0.01844332714613318, ""8"": 0.1660348350756151, ""9"": 0.16616388595147655}",[],[],1,0,0,0,0.0,0099314762c9f34cf1f8debb4f35b884e6fb3a2dfc1311adb0afe41c955cf1bc,5dd9d9d8719d76dc19773f8f0b7393825e5dd6d93e7191d073a87eab179c69c4,"[""proposal_created"", ""proposal_committed"", ""audit_accepted"", ""committed_once""]"
50,trust_v2,0,none,0,0,0,0,1,0,,80.15,,0.1,,26e2d224b10d3da24819156e97c9b48b6807a2a8fdb9a0dd85b8654f9494a8ef,1,"{""0"": ""531c68f102a1623308c55a2a930245a6d465ef1867e18006398394ae1723a12d"", ""1"": ""7c350e9f9498f4d740d20e6505eaa3b2281dd9c1ecff555c736db9a5f2414472"", ""2"": ""c840cb4ba749bf6761d1b1888c54e6df87f4f7daedfdfcca340ad9709abd9f69"", ""3"": ""1d84d779da4dea6269bd43daaa50e2c28f0af92806b463be76be3d02037e1912"", ""4"": ""ce35d9b4f356d1929c22d4840262c851e633fb995ebb27e22febd01ceebfd611"", ""5"": ""4aa0552ab119c410a3e0f3b248904924774fd02c2aeac249a22ea5b1a2471374"", ""6"": ""dfb9caaff9665c382b219ed0c0883a9ed62271b8c86d71c611cf08851d817b83"", ""7"": ""a86dabd293cf823dbc6d8b95b95ecc4d4564427151e1250ab157fdb9e54d5ce9"", ""8"": ""5f855c3f9d0fc710fc0cb4bd899bd79be6c08aba053bfceed961f6c6a57c5052"", ""9"": ""857876de1b75d345d4d00afcfd0b22e4f5fd81528e6fee1e6954ee8100c5713a""}",,0,0,0,0,0.0,0.0,"{""0"": 0.024376121180987413, ""1"": 0.013791446991455342, ""2"": 0.024376121026797804, ""3"": 1.2248603167072625e-08, ""4"": 0.29307225302038054, ""5"": 0.051282353431704085, ""6"": 0.16012122344394397, ""7"": 0.010085965227195834, ""8"": 0.23760346154469264, ""9"": 0.1852910418842393}","{""0"": 0.024376121180987413, ""1"": 0.013791446991455342, ""2"": 0.024376121026797804, ""3"": 1.2248603167072625e-08, ""4"": 0.29307225302038054, ""5"": 0.051282353431704085, ""6"": 0.16012122344394397, ""7"": 0.010085965227195834, ""8"": 0.23760346154469264, ""9"": 0.1852910418842393}",[],[],1,0,0,0,0.0,5dd9d9d8719d76dc19773f8f0b7393825e5dd6d93e7191d073a87eab179c69c4,397138ae95cbf26bee12fd8712167e9b91e72d0135382f1021fb20fa3bdf1c76,"[""proposal_created"", ""proposal_committed"", ""audit_accepted"", ""committed_once""]"
