[Gov Scaling r30] 10c, 3B (30%), 200r
Files already downloaded and verified
Files already downloaded and verified
[Data] CIFAR-10: 10 clients, Non-IID α=0.3, test=10000
  Client 0: total=3148, top3=[(9, 1523), (7, 866), (5, 287)]
  Client 1: total=5007, top3=[(4, 3598), (6, 787), (0, 300)]
  Client 2: total=2301, top3=[(1, 1112), (4, 829), (6, 333)]
  Client 3: total=2713, top3=[(0, 1500), (1, 497), (9, 371)]
  Client 4: total=7529, top3=[(0, 2923), (2, 2062), (8, 1427)]
  Client 5: total=4093, top3=[(3, 2715), (2, 927), (1, 275)]
  Client 6: total=7590, top3=[(7, 3896), (5, 2303), (6, 1134)]
  Client 7: total=5279, top3=[(1, 2738), (6, 1655), (2, 280)]
  Client 8: total=6165, top3=[(8, 2778), (9, 2083), (5, 669)]
  Client 9: total=6175, top3=[(3, 1917), (2, 1475), (6, 794)]

============================================================
=== FedAvg ===
[001] fedavg     | atk=None | V1=0 V2=0 | consensus=1 heal=0 | acc=10.00% | byz_w=['0.100', '0.100', '0.100']
[002] fedavg     | atk=  A3 | V1=0 V2=0 | consensus=1 heal=0 | acc=12.70% | byz_w=['0.700', '0.700', '0.700']
[003] fedavg     | atk=None | V1=0 V2=0 | consensus=1 heal=0 | acc=10.00% | byz_w=['0.100', '0.100', '0.100']
[004] fedavg     | atk=None | V1=0 V2=0 | consensus=1 heal=0 | acc=10.00% | byz_w=['0.100', '0.100', '0.100']
[005] fedavg     | atk=  A3 | V1=0 V2=0 | consensus=1 heal=0 | acc=9.36% | byz_w=['0.700', '0.700', '0.700']
[006] fedavg     | atk=  A2 | V1=0 V2=0 | consensus=1 heal=0 | acc=10.00% | byz_w=['0.350', '0.350', '0.350']
[007] fedavg     | atk=None | V1=0 V2=0 | consensus=1 heal=0 | acc=10.23% | byz_w=['0.100', '0.100', '0.100']
[008] fedavg     | atk=  A3 | V1=0 V2=0 | consensus=1 heal=0 | acc=10.00% | byz_w=['0.700', '0.700', '0.700']
[009] fedavg     | atk=  A2 | V1=0 V2=0 | consensus=1 heal=0 | acc=10.00% | byz_w=['0.350', '0.350', '0.350']
[010] fedavg     | atk=  A3 | V1=0 V2=0 | consensus=1 heal=0 | acc=10.00% | byz_w=['0.700', '0.700', '0.700']
[011] fedavg     | atk=  A2 | V1=0 V2=0 | consensus=1 heal=0 | acc=10.03% | byz_w=['0.350', '0.350', '0.350']
[012] fedavg     | atk=None | V1=0 V2=0 | consensus=1 heal=0 | acc=10.00% | byz_w=['0.100', '0.100', '0.100']
[013] fedavg     | atk=None | V1=0 V2=0 | consensus=1 heal=0 | acc=10.00% | byz_w=['0.100', '0.100', '0.100']
[014] fedavg     | atk=  A1 | V1=0 V2=0 | consensus=1 heal=0 | acc=10.00% | byz_w=['0.700', '0.700', '0.700']
[015] fedavg     | atk=  A1 | V1=0 V2=0 | consensus=1 heal=0 | acc=10.00% | byz_w=['0.700', '0.700', '0.700']
[016] fedavg     | atk=None | V1=0 V2=0 | consensus=1 heal=0 | acc=10.00% | byz_w=['0.100', '0.100', '0.100']
[017] fedavg     | atk=  A3 | V1=0 V2=0 | consensus=1 heal=0 | acc=10.00% | byz_w=['0.700', '0.700', '0.700']
[018] fedavg     | atk=  A2 | V1=0 V2=0 | consensus=1 heal=0 | acc=10.00% | byz_w=['0.350', '0.350', '0.350']
[019] fedavg     | atk=None | V1=0 V2=0 | consensus=1 heal=0 | acc=10.26% | byz_w=['0.100', '0.100', '0.100']
[020] fedavg     | atk=  A1 | V1=0 V2=0 | consensus=1 heal=0 | acc=10.01% | byz_w=['0.700', '0.700', '0.700']
[021] fedavg     | atk=None | V1=0 V2=0 | consensus=1 heal=0 | acc=10.00% | byz_w=['0.100', '0.100', '0.100']
[022] fedavg     | atk=None | V1=0 V2=0 | consensus=1 heal=0 | acc=10.01% | byz_w=['0.100', '0.100', '0.100']
[023] fedavg     | atk=  A3 | V1=0 V2=0 | consensus=1 heal=0 | acc=9.99% | byz_w=['0.700', '0.700', '0.700']
[024] fedavg     | atk=  A3 | V1=0 V2=0 | consensus=1 heal=0 | acc=10.00% | byz_w=['0.700', '0.700', '0.700']
[025] fedavg     | atk=None | V1=0 V2=0 | consensus=1 heal=0 | acc=10.00% | byz_w=['0.100', '0.100', '0.100']
[026] fedavg     | atk=  A2 | V1=0 V2=0 | consensus=1 heal=0 | acc=10.00% | byz_w=['0.350', '0.350', '0.350']
[027] fedavg     | atk=None | V1=0 V2=0 | consensus=1 heal=0 | acc=10.00% | byz_w=['0.100', '0.100', '0.100']
[028] fedavg     | atk=  A2 | V1=0 V2=0 | consensus=1 heal=0 | acc=10.00% | byz_w=['0.350', '0.350', '0.350']
[029] fedavg     | atk=  A1 | V1=0 V2=0 | consensus=1 heal=0 | acc=10.00% | byz_w=['0.700', '0.700', '0.700']
[030] fedavg     | atk=  A3 | V1=0 V2=0 | consensus=1 heal=0 | acc=10.00% | byz_w=['0.700', '0.700', '0.700']
[031] fedavg     | atk=None | V1=0 V2=0 | consensus=1 heal=0 | acc=10.00% | byz_w=['0.100', '0.100', '0.100']
[032] fedavg     | atk=  A3 | V1=0 V2=0 | consensus=1 heal=0 | acc=10.00% | byz_w=['0.700', '0.700', '0.700']
[033] fedavg     | atk=  A3 | V1=0 V2=0 | consensus=1 heal=0 | acc=10.00% | byz_w=['0.700', '0.700', '0.700']
[034] fedavg     | atk=  A2 | V1=0 V2=0 | consensus=1 heal=0 | acc=10.00% | byz_w=['0.350', '0.350', '0.350']
[035] fedavg     | atk=  A3 | V1=0 V2=0 | consensus=1 heal=0 | acc=10.00% | byz_w=['0.700', '0.700', '0.700']
[036] fedavg     | atk=  A3 | V1=0 V2=0 | consensus=1 heal=0 | acc=10.00% | byz_w=['0.700', '0.700', '0.700']
[037] fedavg     | atk=None | V1=0 V2=0 | consensus=1 heal=0 | acc=10.00% | byz_w=['0.100', '0.100', '0.100']
[038] fedavg     | atk=None | V1=0 V2=0 | consensus=1 heal=0 | acc=10.00% | byz_w=['0.100', '0.100', '0.100']
[039] fedavg     | atk=  A1 | V1=0 V2=0 | consensus=1 heal=0 | acc=10.00% | byz_w=['0.700', '0.700', '0.700']
[040] fedavg     | atk=None | V1=0 V2=0 | consensus=1 heal=0 | acc=10.00% | byz_w=['0.100', '0.100', '0.100']
[041] fedavg     | atk=  A2 | V1=0 V2=0 | consensus=1 heal=0 | acc=10.00% | byz_w=['0.350', '0.350', '0.350']
[042] fedavg     | atk=None | V1=0 V2=0 | consensus=1 heal=0 | acc=10.00% | byz_w=['0.100', '0.100', '0.100']
[043] fedavg     | atk=None | V1=0 V2=0 | consensus=1 heal=0 | acc=10.00% | byz_w=['0.100', '0.100', '0.100']
[044] fedavg     | atk=  A1 | V1=0 V2=0 | consensus=1 heal=0 | acc=10.00% | byz_w=['0.700', '0.700', '0.700']
[045] fedavg     | atk=None | V1=0 V2=0 | consensus=1 heal=0 | acc=10.00% | byz_w=['0.100', '0.100', '0.100']
[046] fedavg     | atk=  A3 | V1=0 V2=0 | consensus=1 heal=0 | acc=10.00% | byz_w=['0.700', '0.700', '0.700']
[047] fedavg     | atk=  A3 | V1=0 V2=0 | consensus=1 heal=0 | acc=10.00% | byz_w=['0.700', '0.700', '0.700']
[048] fedavg     | atk=  A2 | V1=0 V2=0 | consensus=1 heal=0 | acc=10.00% | byz_w=['0.350', '0.350', '0.350']
[049] fedavg     | atk=None | V1=0 V2=0 | consensus=1 heal=0 | acc=10.00% | byz_w=['0.100', '0.100', '0.100']
[050] fedavg     | atk=  A3 | V1=0 V2=0 | consensus=1 heal=0 | acc=10.00% | byz_w=['0.700', '0.700', '0.700']
[051] fedavg     | atk=None | V1=0 V2=0 | consensus=1 heal=0 | acc=10.00% | byz_w=['0.100', '0.100', '0.100']
[052] fedavg     | atk=None | V1=0 V2=0 | consensus=1 heal=0 | acc=10.00% | byz_w=['0.100', '0.100', '0.100']
[053] fedavg     | atk=  A1 | V1=0 V2=0 | consensus=1 heal=0 | acc=10.00% | byz_w=['0.700', '0.700', '0.700']
[054] fedavg     | atk=  A3 | V1=0 V2=0 | consensus=1 heal=0 | acc=10.00% | byz_w=['0.700', '0.700', '0.700']
[055] fedavg     | atk=  A3 | V1=0 V2=0 | consensus=1 heal=0 | acc=10.00% | byz_w=['0.700', '0.700', '0.700']
[056] fedavg     | atk=None | V1=0 V2=0 | consensus=1 heal=0 | acc=10.00% | byz_w=['0.100', '0.100', '0.100']
[057] fedavg     | atk=  A3 | V1=0 V2=0 | consensus=1 heal=0 | acc=10.00% | byz_w=['0.700', '0.700', '0.700']
[058] fedavg     | atk=  A2 | V1=0 V2=0 | consensus=1 heal=0 | acc=10.00% | byz_w=['0.350', '0.350', '0.350']
[059] fedavg     | atk=None | V1=0 V2=0 | consensus=1 heal=0 | acc=10.00% | byz_w=['0.100', '0.100', '0.100']
[060] fedavg     | atk=  A3 | V1=0 V2=0 | consensus=1 heal=0 | acc=10.00% | byz_w=['0.700', '0.700', '0.700']
[061] fedavg     | atk=  A2 | V1=0 V2=0 | consensus=1 heal=0 | acc=10.00% | byz_w=['0.350', '0.350', '0.350']
[062] fedavg     | atk=None | V1=0 V2=0 | consensus=1 heal=0 | acc=10.00% | byz_w=['0.100', '0.100', '0.100']
[063] fedavg     | atk=  A3 | V1=0 V2=0 | consensus=1 heal=0 | acc=10.00% | byz_w=['0.700', '0.700', '0.700']
[064] fedavg     | atk=  A3 | V1=0 V2=0 | consensus=1 heal=0 | acc=10.00% | byz_w=['0.700', '0.700', '0.700']
[065] fedavg     | atk=  A1 | V1=0 V2=0 | consensus=1 heal=0 | acc=10.00% | byz_w=['0.700', '0.700', '0.700']
[066] fedavg     | atk=  A2 | V1=0 V2=0 | consensus=1 heal=0 | acc=10.00% | byz_w=['0.350', '0.350', '0.350']
[067] fedavg     | atk=None | V1=0 V2=0 | consensus=1 heal=0 | acc=10.00% | byz_w=['0.100', '0.100', '0.100']
[068] fedavg     | atk=  A2 | V1=0 V2=0 | consensus=1 heal=0 | acc=10.00% | byz_w=['0.350', '0.350', '0.350']
[069] fedavg     | atk=None | V1=0 V2=0 | consensus=1 heal=0 | acc=10.00% | byz_w=['0.100', '0.100', '0.100']
[070] fedavg     | atk=None | V1=0 V2=0 | consensus=1 heal=0 | acc=10.00% | byz_w=['0.100', '0.100', '0.100']
[071] fedavg     | atk=None | V1=0 V2=0 | consensus=1 heal=0 | acc=10.00% | byz_w=['0.100', '0.100', '0.100']
[072] fedavg     | atk=  A3 | V1=0 V2=0 | consensus=1 heal=0 | acc=10.00% | byz_w=['0.700', '0.700', '0.700']
[073] fedavg     | atk=None | V1=0 V2=0 | consensus=1 heal=0 | acc=10.00% | byz_w=['0.100', '0.100', '0.100']
[074] fedavg     | atk=  A2 | V1=0 V2=0 | consensus=1 heal=0 | acc=10.00% | byz_w=['0.350', '0.350', '0.350']
[075] fedavg     | atk=  A3 | V1=0 V2=0 | consensus=1 heal=0 | acc=10.00% | byz_w=['0.700', '0.700', '0.700']
[076] fedavg     | atk=  A3 | V1=0 V2=0 | consensus=1 heal=0 | acc=10.00% | byz_w=['0.700', '0.700', '0.700']
[077] fedavg     | atk=None | V1=0 V2=0 | consensus=1 heal=0 | acc=10.00% | byz_w=['0.100', '0.100', '0.100']
[078] fedavg     | atk=  A2 | V1=0 V2=0 | consensus=1 heal=0 | acc=10.00% | byz_w=['0.350', '0.350', '0.350']
[079] fedavg     | atk=None | V1=0 V2=0 | consensus=1 heal=0 | acc=10.00% | byz_w=['0.100', '0.100', '0.100']
[080] fedavg     | atk=  A2 | V1=0 V2=0 | consensus=1 heal=0 | acc=10.00% | byz_w=['0.350', '0.350', '0.350']
[081] fedavg     | atk=None | V1=0 V2=0 | consensus=1 heal=0 | acc=10.00% | byz_w=['0.100', '0.100', '0.100']
[082] fedavg     | atk=  A3 | V1=0 V2=0 | consensus=1 heal=0 | acc=10.00% | byz_w=['0.700', '0.700', '0.700']
[083] fedavg     | atk=  A3 | V1=0 V2=0 | consensus=1 heal=0 | acc=10.00% | byz_w=['0.700', '0.700', '0.700']
[084] fedavg     | atk=  A1 | V1=0 V2=0 | consensus=1 heal=0 | acc=10.00% | byz_w=['0.700', '0.700', '0.700']
[085] fedavg     | atk=None | V1=0 V2=0 | consensus=1 heal=0 | acc=10.00% | byz_w=['0.100', '0.100', '0.100']
[086] fedavg     | atk=None | V1=0 V2=0 | consensus=1 heal=0 | acc=10.00% | byz_w=['0.100', '0.100', '0.100']
[087] fedavg     | atk=  A1 | V1=0 V2=0 | consensus=1 heal=0 | acc=10.00% | byz_w=['0.700', '0.700', '0.700']
[088] fedavg     | atk=  A1 | V1=0 V2=0 | consensus=1 heal=0 | acc=10.00% | byz_w=['0.700', '0.700', '0.700']
[089] fedavg     | atk=  A2 | V1=0 V2=0 | consensus=1 heal=0 | acc=10.00% | byz_w=['0.350', '0.350', '0.350']
[090] fedavg     | atk=None | V1=0 V2=0 | consensus=1 heal=0 | acc=10.00% | byz_w=['0.100', '0.100', '0.100']
[091] fedavg     | atk=None | V1=0 V2=0 | consensus=1 heal=0 | acc=10.00% | byz_w=['0.100', '0.100', '0.100']
[092] fedavg     | atk=  A2 | V1=0 V2=0 | consensus=1 heal=0 | acc=10.00% | byz_w=['0.350', '0.350', '0.350']
[093] fedavg     | atk=  A3 | V1=0 V2=0 | consensus=1 heal=0 | acc=10.00% | byz_w=['0.700', '0.700', '0.700']
[094] fedavg     | atk=None | V1=0 V2=0 | consensus=1 heal=0 | acc=10.00% | byz_w=['0.100', '0.100', '0.100']
[095] fedavg     | atk=None | V1=0 V2=0 | consensus=1 heal=0 | acc=10.00% | byz_w=['0.100', '0.100', '0.100']
[096] fedavg     | atk=None | V1=0 V2=0 | consensus=1 heal=0 | acc=10.00% | byz_w=['0.100', '0.100', '0.100']
[097] fedavg     | atk=  A2 | V1=0 V2=0 | consensus=1 heal=0 | acc=10.00% | byz_w=['0.350', '0.350', '0.350']
[098] fedavg     | atk=  A3 | V1=0 V2=0 | consensus=1 heal=0 | acc=10.00% | byz_w=['0.700', '0.700', '0.700']
[099] fedavg     | atk=  A2 | V1=0 V2=0 | consensus=1 heal=0 | acc=10.00% | byz_w=['0.350', '0.350', '0.350']
[100] fedavg     | atk=  A2 | V1=0 V2=0 | consensus=1 heal=0 | acc=10.00% | byz_w=['0.350', '0.350', '0.350']
[101] fedavg     | atk=  A3 | V1=0 V2=0 | consensus=1 heal=0 | acc=10.00% | byz_w=['0.700', '0.700', '0.700']
[102] fedavg     | atk=None | V1=0 V2=0 | consensus=1 heal=0 | acc=10.00% | byz_w=['0.100', '0.100', '0.100']
[103] fedavg     | atk=  A3 | V1=0 V2=0 | consensus=1 heal=0 | acc=10.00% | byz_w=['0.700', '0.700', '0.700']
[104] fedavg     | atk=  A2 | V1=0 V2=0 | consensus=1 heal=0 | acc=10.00% | byz_w=['0.350', '0.350', '0.350']
[105] fedavg     | atk=  A3 | V1=0 V2=0 | consensus=1 heal=0 | acc=10.00% | byz_w=['0.700', '0.700', '0.700']
[106] fedavg     | atk=None | V1=0 V2=0 | consensus=1 heal=0 | acc=10.00% | byz_w=['0.100', '0.100', '0.100']
[107] fedavg     | atk=None | V1=0 V2=0 | consensus=1 heal=0 | acc=10.00% | byz_w=['0.100', '0.100', '0.100']
[108] fedavg     | atk=None | V1=0 V2=0 | consensus=1 heal=0 | acc=10.00% | byz_w=['0.100', '0.100', '0.100']
[109] fedavg     | atk=  A2 | V1=0 V2=0 | consensus=1 heal=0 | acc=10.00% | byz_w=['0.350', '0.350', '0.350']
[110] fedavg     | atk=  A2 | V1=0 V2=0 | consensus=1 heal=0 | acc=10.00% | byz_w=['0.350', '0.350', '0.350']
[111] fedavg     | atk=  A1 | V1=0 V2=0 | consensus=1 heal=0 | acc=10.00% | byz_w=['0.700', '0.700', '0.700']
[112] fedavg     | atk=None | V1=0 V2=0 | consensus=1 heal=0 | acc=10.00% | byz_w=['0.100', '0.100', '0.100']
[113] fedavg     | atk=  A2 | V1=0 V2=0 | consensus=1 heal=0 | acc=10.00% | byz_w=['0.350', '0.350', '0.350']
[114] fedavg     | atk=None | V1=0 V2=0 | consensus=1 heal=0 | acc=10.00% | byz_w=['0.100', '0.100', '0.100']
[115] fedavg     | atk=None | V1=0 V2=0 | consensus=1 heal=0 | acc=10.00% | byz_w=['0.100', '0.100', '0.100']
[116] fedavg     | atk=  A3 | V1=0 V2=0 | consensus=1 heal=0 | acc=10.00% | byz_w=['0.700', '0.700', '0.700']
[117] fedavg     | atk=  A2 | V1=0 V2=0 | consensus=1 heal=0 | acc=10.00% | byz_w=['0.350', '0.350', '0.350']
[118] fedavg     | atk=  A1 | V1=0 V2=0 | consensus=1 heal=0 | acc=10.00% | byz_w=['0.700', '0.700', '0.700']
[119] fedavg     | atk=None | V1=0 V2=0 | consensus=1 heal=0 | acc=10.00% | byz_w=['0.100', '0.100', '0.100']
[120] fedavg     | atk=  A2 | V1=0 V2=0 | consensus=1 heal=0 | acc=10.00% | byz_w=['0.350', '0.350', '0.350']
[121] fedavg     | atk=  A1 | V1=0 V2=0 | consensus=1 heal=0 | acc=10.00% | byz_w=['0.700', '0.700', '0.700']
[122] fedavg     | atk=None | V1=0 V2=0 | consensus=1 heal=0 | acc=10.00% | byz_w=['0.100', '0.100', '0.100']
[123] fedavg     | atk=  A3 | V1=0 V2=0 | consensus=1 heal=0 | acc=10.00% | byz_w=['0.700', '0.700', '0.700']
[124] fedavg     | atk=  A1 | V1=0 V2=0 | consensus=1 heal=0 | acc=10.00% | byz_w=['0.700', '0.700', '0.700']
[125] fedavg     | atk=None | V1=0 V2=0 | consensus=1 heal=0 | acc=10.00% | byz_w=['0.100', '0.100', '0.100']
[126] fedavg     | atk=None | V1=0 V2=0 | consensus=1 heal=0 | acc=10.00% | byz_w=['0.100', '0.100', '0.100']
[127] fedavg     | atk=  A1 | V1=0 V2=0 | consensus=1 heal=0 | acc=10.00% | byz_w=['0.700', '0.700', '0.700']
[128] fedavg     | atk=  A3 | V1=0 V2=0 | consensus=1 heal=0 | acc=10.00% | byz_w=['0.700', '0.700', '0.700']
[129] fedavg     | atk=  A3 | V1=0 V2=0 | consensus=1 heal=0 | acc=10.00% | byz_w=['0.700', '0.700', '0.700']
[130] fedavg     | atk=None | V1=0 V2=0 | consensus=1 heal=0 | acc=10.00% | byz_w=['0.100', '0.100', '0.100']
[131] fedavg     | atk=  A1 | V1=0 V2=0 | consensus=1 heal=0 | acc=10.00% | byz_w=['0.700', '0.700', '0.700']
[132] fedavg     | atk=  A1 | V1=0 V2=0 | consensus=1 heal=0 | acc=10.00% | byz_w=['0.700', '0.700', '0.700']
[133] fedavg     | atk=  A3 | V1=0 V2=0 | consensus=1 heal=0 | acc=10.00% | byz_w=['0.700', '0.700', '0.700']
[134] fedavg     | atk=None | V1=0 V2=0 | consensus=1 heal=0 | acc=10.00% | byz_w=['0.100', '0.100', '0.100']
[135] fedavg     | atk=  A2 | V1=0 V2=0 | consensus=1 heal=0 | acc=10.00% | byz_w=['0.350', '0.350', '0.350']
[136] fedavg     | atk=  A3 | V1=0 V2=0 | consensus=1 heal=0 | acc=10.00% | byz_w=['0.700', '0.700', '0.700']
[137] fedavg     | atk=  A3 | V1=0 V2=0 | consensus=1 heal=0 | acc=10.00% | byz_w=['0.700', '0.700', '0.700']
[138] fedavg     | atk=None | V1=0 V2=0 | consensus=1 heal=0 | acc=10.00% | byz_w=['0.100', '0.100', '0.100']
[139] fedavg     | atk=None | V1=0 V2=0 | consensus=1 heal=0 | acc=10.00% | byz_w=['0.100', '0.100', '0.100']
[140] fedavg     | atk=None | V1=0 V2=0 | consensus=1 heal=0 | acc=10.00% | byz_w=['0.100', '0.100', '0.100']
[141] fedavg     | atk=None | V1=0 V2=0 | consensus=1 heal=0 | acc=10.00% | byz_w=['0.100', '0.100', '0.100']
[142] fedavg     | atk=  A2 | V1=0 V2=0 | consensus=1 heal=0 | acc=10.00% | byz_w=['0.350', '0.350', '0.350']
[143] fedavg     | atk=  A3 | V1=0 V2=0 | consensus=1 heal=0 | acc=10.00% | byz_w=['0.700', '0.700', '0.700']
[144] fedavg     | atk=  A3 | V1=0 V2=0 | consensus=1 heal=0 | acc=10.00% | byz_w=['0.700', '0.700', '0.700']
[145] fedavg     | atk=  A1 | V1=0 V2=0 | consensus=1 heal=0 | acc=10.00% | byz_w=['0.700', '0.700', '0.700']
[146] fedavg     | atk=None | V1=0 V2=0 | consensus=1 heal=0 | acc=10.00% | byz_w=['0.100', '0.100', '0.100']
[147] fedavg     | atk=None | V1=0 V2=0 | consensus=1 heal=0 | acc=10.00% | byz_w=['0.100', '0.100', '0.100']
[148] fedavg     | atk=  A3 | V1=0 V2=0 | consensus=1 heal=0 | acc=10.00% | byz_w=['0.700', '0.700', '0.700']
[149] fedavg     | atk=None | V1=0 V2=0 | consensus=1 heal=0 | acc=10.00% | byz_w=['0.100', '0.100', '0.100']
[150] fedavg     | atk=  A2 | V1=0 V2=0 | consensus=1 heal=0 | acc=10.00% | byz_w=['0.350', '0.350', '0.350']
[151] fedavg     | atk=None | V1=0 V2=0 | consensus=1 heal=0 | acc=10.00% | byz_w=['0.100', '0.100', '0.100']
[152] fedavg     | atk=None | V1=0 V2=0 | consensus=1 heal=0 | acc=10.00% | byz_w=['0.100', '0.100', '0.100']
[153] fedavg     | atk=  A1 | V1=0 V2=0 | consensus=1 heal=0 | acc=10.00% | byz_w=['0.700', '0.700', '0.700']
[154] fedavg     | atk=  A1 | V1=0 V2=0 | consensus=1 heal=0 | acc=10.00% | byz_w=['0.700', '0.700', '0.700']
[155] fedavg     | atk=  A1 | V1=0 V2=0 | consensus=1 heal=0 | acc=10.00% | byz_w=['0.700', '0.700', '0.700']
[156] fedavg     | atk=  A1 | V1=0 V2=0 | consensus=1 heal=0 | acc=10.00% | byz_w=['0.700', '0.700', '0.700']
[157] fedavg     | atk=None | V1=0 V2=0 | consensus=1 heal=0 | acc=10.00% | byz_w=['0.100', '0.100', '0.100']
[158] fedavg     | atk=  A2 | V1=0 V2=0 | consensus=1 heal=0 | acc=10.00% | byz_w=['0.350', '0.350', '0.350']
[159] fedavg     | atk=None | V1=0 V2=0 | consensus=1 heal=0 | acc=10.00% | byz_w=['0.100', '0.100', '0.100']
[160] fedavg     | atk=  A3 | V1=0 V2=0 | consensus=1 heal=0 | acc=10.00% | byz_w=['0.700', '0.700', '0.700']
[161] fedavg     | atk=  A3 | V1=0 V2=0 | consensus=1 heal=0 | acc=10.00% | byz_w=['0.700', '0.700', '0.700']
[162] fedavg     | atk=  A1 | V1=0 V2=0 | consensus=1 heal=0 | acc=10.00% | byz_w=['0.700', '0.700', '0.700']
[163] fedavg     | atk=  A2 | V1=0 V2=0 | consensus=1 heal=0 | acc=10.00% | byz_w=['0.350', '0.350', '0.350']
[164] fedavg     | atk=None | V1=0 V2=0 | consensus=1 heal=0 | acc=10.00% | byz_w=['0.100', '0.100', '0.100']
[165] fedavg     | atk=None | V1=0 V2=0 | consensus=1 heal=0 | acc=10.00% | byz_w=['0.100', '0.100', '0.100']
[166] fedavg     | atk=  A3 | V1=0 V2=0 | consensus=1 heal=0 | acc=10.00% | byz_w=['0.700', '0.700', '0.700']
[167] fedavg     | atk=  A1 | V1=0 V2=0 | consensus=1 heal=0 | acc=10.00% | byz_w=['0.700', '0.700', '0.700']
[168] fedavg     | atk=None | V1=0 V2=0 | consensus=1 heal=0 | acc=10.00% | byz_w=['0.100', '0.100', '0.100']
[169] fedavg     | atk=None | V1=0 V2=0 | consensus=1 heal=0 | acc=10.00% | byz_w=['0.100', '0.100', '0.100']
[170] fedavg     | atk=  A2 | V1=0 V2=0 | consensus=1 heal=0 | acc=10.00% | byz_w=['0.350', '0.350', '0.350']
[171] fedavg     | atk=  A1 | V1=0 V2=0 | consensus=1 heal=0 | acc=10.00% | byz_w=['0.700', '0.700', '0.700']
[172] fedavg     | atk=None | V1=0 V2=0 | consensus=1 heal=0 | acc=10.00% | byz_w=['0.100', '0.100', '0.100']
[173] fedavg     | atk=None | V1=0 V2=0 | consensus=1 heal=0 | acc=10.00% | byz_w=['0.100', '0.100', '0.100']
[174] fedavg     | atk=  A3 | V1=0 V2=0 | consensus=1 heal=0 | acc=10.00% | byz_w=['0.700', '0.700', '0.700']
[175] fedavg     | atk=  A3 | V1=0 V2=0 | consensus=1 heal=0 | acc=10.00% | byz_w=['0.700', '0.700', '0.700']
[176] fedavg     | atk=  A1 | V1=0 V2=0 | consensus=1 heal=0 | acc=10.00% | byz_w=['0.700', '0.700', '0.700']
[177] fedavg     | atk=None | V1=0 V2=0 | consensus=1 heal=0 | acc=10.00% | byz_w=['0.100', '0.100', '0.100']
[178] fedavg     | atk=  A3 | V1=0 V2=0 | consensus=1 heal=0 | acc=10.00% | byz_w=['0.700', '0.700', '0.700']
[179] fedavg     | atk=  A3 | V1=0 V2=0 | consensus=1 heal=0 | acc=10.00% | byz_w=['0.700', '0.700', '0.700']
[180] fedavg     | atk=None | V1=0 V2=0 | consensus=1 heal=0 | acc=10.00% | byz_w=['0.100', '0.100', '0.100']
[181] fedavg     | atk=None | V1=0 V2=0 | consensus=1 heal=0 | acc=10.00% | byz_w=['0.100', '0.100', '0.100']
[182] fedavg     | atk=  A1 | V1=0 V2=0 | consensus=1 heal=0 | acc=10.00% | byz_w=['0.700', '0.700', '0.700']
[183] fedavg     | atk=None | V1=0 V2=0 | consensus=1 heal=0 | acc=10.00% | byz_w=['0.100', '0.100', '0.100']
[184] fedavg     | atk=  A3 | V1=0 V2=0 | consensus=1 heal=0 | acc=10.00% | byz_w=['0.700', '0.700', '0.700']
[185] fedavg     | atk=  A2 | V1=0 V2=0 | consensus=1 heal=0 | acc=10.00% | byz_w=['0.350', '0.350', '0.350']
[186] fedavg     | atk=  A1 | V1=0 V2=0 | consensus=1 heal=0 | acc=10.00% | byz_w=['0.700', '0.700', '0.700']
[187] fedavg     | atk=  A3 | V1=0 V2=0 | consensus=1 heal=0 | acc=10.00% | byz_w=['0.700', '0.700', '0.700']
[188] fedavg     | atk=None | V1=0 V2=0 | consensus=1 heal=0 | acc=10.00% | byz_w=['0.100', '0.100', '0.100']
[189] fedavg     | atk=None | V1=0 V2=0 | consensus=1 heal=0 | acc=10.00% | byz_w=['0.100', '0.100', '0.100']
[190] fedavg     | atk=  A3 | V1=0 V2=0 | consensus=1 heal=0 | acc=10.00% | byz_w=['0.700', '0.700', '0.700']
[191] fedavg     | atk=  A1 | V1=0 V2=0 | consensus=1 heal=0 | acc=10.00% | byz_w=['0.700', '0.700', '0.700']
[192] fedavg     | atk=None | V1=0 V2=0 | consensus=1 heal=0 | acc=10.00% | byz_w=['0.100', '0.100', '0.100']
[193] fedavg     | atk=  A3 | V1=0 V2=0 | consensus=1 heal=0 | acc=10.00% | byz_w=['0.700', '0.700', '0.700']
[194] fedavg     | atk=  A2 | V1=0 V2=0 | consensus=1 heal=0 | acc=10.00% | byz_w=['0.350', '0.350', '0.350']
[195] fedavg     | atk=  A3 | V1=0 V2=0 | consensus=1 heal=0 | acc=10.00% | byz_w=['0.700', '0.700', '0.700']
[196] fedavg     | atk=  A2 | V1=0 V2=0 | consensus=1 heal=0 | acc=10.00% | byz_w=['0.350', '0.350', '0.350']
[197] fedavg     | atk=None | V1=0 V2=0 | consensus=1 heal=0 | acc=10.00% | byz_w=['0.100', '0.100', '0.100']
[198] fedavg     | atk=  A3 | V1=0 V2=0 | consensus=1 heal=0 | acc=10.00% | byz_w=['0.700', '0.700', '0.700']
[199] fedavg     | atk=None | V1=0 V2=0 | consensus=1 heal=0 | acc=10.00% | byz_w=['0.100', '0.100', '0.100']
[200] fedavg     | atk=None | V1=0 V2=0 | consensus=1 heal=0 | acc=10.00% | byz_w=['0.100', '0.100', '0.100']

============================================================
=== Trust Only ===
[001] trust_only | atk=None | V1=0 V2=0 | consensus=1 heal=0 | acc=10.00% | byz_w=['0.000', '0.000', '0.000']
[002] trust_only | atk=  A3 | V1=0 V2=0 | consensus=1 heal=0 | acc=10.00% | byz_w=['0.000', '0.000', '0.019']
[003] trust_only | atk=None | V1=0 V2=0 | consensus=1 heal=0 | acc=10.24% | byz_w=['0.000', '0.000', '0.028']
[004] trust_only | atk=None | V1=0 V2=0 | consensus=1 heal=0 | acc=24.15% | byz_w=['0.000', '0.000', '0.008']
[005] trust_only | atk=  A3 | V1=0 V2=0 | consensus=1 heal=0 | acc=10.00% | byz_w=['0.000', '0.000', '0.002']
[006] trust_only | atk=  A2 | V1=0 V2=0 | consensus=1 heal=0 | acc=10.00% | byz_w=['0.000', '0.015', '0.001']
[007] trust_only | atk=None | V1=0 V2=0 | consensus=1 heal=0 | acc=10.32% | byz_w=['0.000', '0.005', '0.000']
[008] trust_only | atk=  A3 | V1=0 V2=0 | consensus=1 heal=0 | acc=10.00% | byz_w=['0.000', '0.001', '0.009']
[009] trust_only | atk=  A2 | V1=0 V2=0 | consensus=1 heal=0 | acc=10.00% | byz_w=['0.000', '0.060', '0.003']
[010] trust_only | atk=  A3 | V1=0 V2=0 | consensus=1 heal=0 | acc=10.00% | byz_w=['0.000', '0.018', '0.001']
[011] trust_only | atk=  A2 | V1=0 V2=0 | consensus=1 heal=0 | acc=10.12% | byz_w=['0.126', '0.005', '0.000']
[012] trust_only | atk=None | V1=0 V2=0 | consensus=1 heal=0 | acc=10.00% | byz_w=['0.069', '0.002', '0.044']
[013] trust_only | atk=None | V1=0 V2=0 | consensus=1 heal=0 | acc=14.92% | byz_w=['0.053', '0.000', '0.068']
[014] trust_only | atk=  A1 | V1=0 V2=0 | consensus=1 heal=0 | acc=10.00% | byz_w=['0.048', '0.000', '0.072']
[015] trust_only | atk=  A1 | V1=0 V2=0 | consensus=1 heal=0 | acc=10.00% | byz_w=['0.014', '0.000', '0.073']
[016] trust_only | atk=None | V1=0 V2=0 | consensus=1 heal=0 | acc=10.00% | byz_w=['0.040', '0.000', '0.022']
[017] trust_only | atk=  A3 | V1=0 V2=0 | consensus=1 heal=0 | acc=10.00% | byz_w=['0.012', '0.000', '0.007']
[018] trust_only | atk=  A2 | V1=0 V2=0 | consensus=1 heal=0 | acc=9.12% | byz_w=['0.004', '0.000', '0.002']
[019] trust_only | atk=None | V1=0 V2=0 | consensus=1 heal=0 | acc=10.00% | byz_w=['0.001', '0.000', '0.001']
[020] trust_only | atk=  A1 | V1=0 V2=0 | consensus=1 heal=0 | acc=10.00% | byz_w=['0.000', '0.000', '0.000']
[021] trust_only | atk=None | V1=0 V2=0 | consensus=1 heal=0 | acc=10.00% | byz_w=['0.000', '0.000', '0.000']
[022] trust_only | atk=None | V1=0 V2=0 | consensus=1 heal=0 | acc=10.00% | byz_w=['0.000', '0.000', '0.012']
[023] trust_only | atk=  A3 | V1=0 V2=0 | consensus=1 heal=0 | acc=10.00% | byz_w=['0.000', '0.000', '0.017']
[024] trust_only | atk=  A3 | V1=0 V2=0 | consensus=1 heal=0 | acc=9.97% | byz_w=['0.000', '0.076', '0.013']
[025] trust_only | atk=None | V1=0 V2=0 | consensus=1 heal=0 | acc=10.00% | byz_w=['0.000', '0.023', '0.004']
[026] trust_only | atk=  A2 | V1=0 V2=0 | consensus=1 heal=0 | acc=10.00% | byz_w=['0.000', '0.007', '0.001']
[027] trust_only | atk=None | V1=0 V2=0 | consensus=1 heal=0 | acc=9.45% | byz_w=['0.000', '0.002', '0.000']
[028] trust_only | atk=  A2 | V1=0 V2=0 | consensus=1 heal=0 | acc=10.14% | byz_w=['0.000', '0.001', '0.000']
[029] trust_only | atk=  A1 | V1=0 V2=0 | consensus=1 heal=0 | acc=9.39% | byz_w=['0.000', '0.000', '0.000']
[030] trust_only | atk=  A3 | V1=0 V2=0 | consensus=1 heal=0 | acc=10.00% | byz_w=['0.066', '0.000', '0.038']
[031] trust_only | atk=None | V1=0 V2=0 | consensus=1 heal=0 | acc=10.00% | byz_w=['0.020', '0.000', '0.043']
[032] trust_only | atk=  A3 | V1=0 V2=0 | consensus=1 heal=0 | acc=10.00% | byz_w=['0.006', '0.000', '0.042']
[033] trust_only | atk=  A3 | V1=0 V2=0 | consensus=1 heal=0 | acc=10.00% | byz_w=['0.002', '0.000', '0.013']
[034] trust_only | atk=  A2 | V1=0 V2=0 | consensus=1 heal=0 | acc=10.00% | byz_w=['0.001', '0.000', '0.004']
[035] trust_only | atk=  A3 | V1=0 V2=0 | consensus=1 heal=0 | acc=10.00% | byz_w=['0.000', '0.000', '0.001']
[036] trust_only | atk=  A3 | V1=0 V2=0 | consensus=1 heal=0 | acc=10.00% | byz_w=['0.000', '0.000', '0.000']
[037] trust_only | atk=None | V1=0 V2=0 | consensus=1 heal=0 | acc=10.00% | byz_w=['0.000', '0.000', '0.000']
[038] trust_only | atk=None | V1=0 V2=0 | consensus=1 heal=0 | acc=10.00% | byz_w=['0.006', '0.000', '0.000']
[039] trust_only | atk=  A1 | V1=0 V2=0 | consensus=1 heal=0 | acc=10.00% | byz_w=['0.002', '0.000', '0.000']
[040] trust_only | atk=None | V1=0 V2=0 | consensus=1 heal=0 | acc=10.00% | byz_w=['0.001', '0.000', '0.000']
[041] trust_only | atk=  A2 | V1=0 V2=0 | consensus=1 heal=0 | acc=10.00% | byz_w=['0.000', '0.000', '0.000']
[042] trust_only | atk=None | V1=0 V2=0 | consensus=1 heal=0 | acc=10.00% | byz_w=['0.000', '0.000', '0.000']
[043] trust_only | atk=None | V1=0 V2=0 | consensus=1 heal=0 | acc=10.00% | byz_w=['0.000', '0.000', '0.000']
[044] trust_only | atk=  A1 | V1=0 V2=0 | consensus=1 heal=0 | acc=10.00% | byz_w=['0.000', '0.000', '0.000']
[045] trust_only | atk=None | V1=0 V2=0 | consensus=1 heal=0 | acc=10.00% | byz_w=['0.000', '0.000', '0.000']
[046] trust_only | atk=  A3 | V1=0 V2=0 | consensus=1 heal=0 | acc=10.00% | byz_w=['0.000', '0.000', '0.000']
[047] trust_only | atk=  A3 | V1=0 V2=0 | consensus=1 heal=0 | acc=10.00% | byz_w=['0.000', '0.000', '0.000']
[048] trust_only | atk=  A2 | V1=0 V2=0 | consensus=1 heal=0 | acc=10.00% | byz_w=['0.000', '0.000', '0.000']
[049] trust_only | atk=None | V1=0 V2=0 | consensus=1 heal=0 | acc=10.00% | byz_w=['0.000', '0.000', '0.000']
[050] trust_only | atk=  A3 | V1=0 V2=0 | consensus=1 heal=0 | acc=10.00% | byz_w=['0.000', '0.000', '0.000']
[051] trust_only | atk=None | V1=0 V2=0 | consensus=1 heal=0 | acc=10.00% | byz_w=['0.000', '0.000', '0.009']
[052] trust_only | atk=None | V1=0 V2=0 | consensus=1 heal=0 | acc=10.00% | byz_w=['0.000', '0.000', '0.003']
[053] trust_only | atk=  A1 | V1=0 V2=0 | consensus=1 heal=0 | acc=10.00% | byz_w=['0.000', '0.000', '0.001']
[054] trust_only | atk=  A3 | V1=0 V2=0 | consensus=1 heal=0 | acc=10.00% | byz_w=['0.000', '0.000', '0.021']
[055] trust_only | atk=  A3 | V1=0 V2=0 | consensus=1 heal=0 | acc=10.00% | byz_w=['0.000', '0.000', '0.006']
[056] trust_only | atk=None | V1=0 V2=0 | consensus=1 heal=0 | acc=10.00% | byz_w=['0.000', '0.000', '0.002']
[057] trust_only | atk=  A3 | V1=0 V2=0 | consensus=1 heal=0 | acc=10.00% | byz_w=['0.000', '0.000', '0.001']
[058] trust_only | atk=  A2 | V1=0 V2=0 | consensus=1 heal=0 | acc=10.00% | byz_w=['0.000', '0.000', '0.000']
[059] trust_only | atk=None | V1=0 V2=0 | consensus=1 heal=0 | acc=10.00% | byz_w=['0.000', '0.000', '0.002']
[060] trust_only | atk=  A3 | V1=0 V2=0 | consensus=1 heal=0 | acc=10.00% | byz_w=['0.000', '0.000', '0.001']
[061] trust_only | atk=  A2 | V1=0 V2=0 | consensus=1 heal=0 | acc=10.00% | byz_w=['0.000', '0.015', '0.000']
[062] trust_only | atk=None | V1=0 V2=0 | consensus=1 heal=0 | acc=10.00% | byz_w=['0.000', '0.005', '0.000']
[063] trust_only | atk=  A3 | V1=0 V2=0 | consensus=1 heal=0 | acc=10.00% | byz_w=['0.000', '0.001', '0.000']
[064] trust_only | atk=  A3 | V1=0 V2=0 | consensus=1 heal=0 | acc=10.00% | byz_w=['0.000', '0.000', '0.000']
[065] trust_only | atk=  A1 | V1=0 V2=0 | consensus=1 heal=0 | acc=10.00% | byz_w=['0.000', '0.000', '0.000']
[066] trust_only | atk=  A2 | V1=0 V2=0 | consensus=1 heal=0 | acc=10.00% | byz_w=['0.000', '0.000', '0.000']
[067] trust_only | atk=None | V1=0 V2=0 | consensus=1 heal=0 | acc=10.00% | byz_w=['0.000', '0.000', '0.000']
[068] trust_only | atk=  A2 | V1=0 V2=0 | consensus=1 heal=0 | acc=10.00% | byz_w=['0.000', '0.000', '0.000']
[069] trust_only | atk=None | V1=0 V2=0 | consensus=1 heal=0 | acc=10.00% | byz_w=['0.000', '0.000', '0.000']
[070] trust_only | atk=None | V1=0 V2=0 | consensus=1 heal=0 | acc=10.00% | byz_w=['0.000', '0.000', '0.000']
[071] trust_only | atk=None | V1=0 V2=0 | consensus=1 heal=0 | acc=10.00% | byz_w=['0.000', '0.000', '0.000']
[072] trust_only | atk=  A3 | V1=0 V2=0 | consensus=1 heal=0 | acc=10.00% | byz_w=['0.000', '0.000', '0.000']
[073] trust_only | atk=None | V1=0 V2=0 | consensus=1 heal=0 | acc=10.00% | byz_w=['0.000', '0.000', '0.000']
[074] trust_only | atk=  A2 | V1=0 V2=0 | consensus=1 heal=0 | acc=10.00% | byz_w=['0.070', '0.070', '0.070']
[075] trust_only | atk=  A3 | V1=0 V2=0 | consensus=1 heal=0 | acc=10.00% | byz_w=['0.021', '0.049', '0.035']
[076] trust_only | atk=  A3 | V1=0 V2=0 | consensus=1 heal=0 | acc=10.00% | byz_w=['0.006', '0.015', '0.010']
[077] trust_only | atk=None | V1=0 V2=0 | consensus=1 heal=0 | acc=10.00% | byz_w=['0.002', '0.004', '0.003']
[078] trust_only | atk=  A2 | V1=0 V2=0 | consensus=1 heal=0 | acc=10.00% | byz_w=['0.001', '0.001', '0.001']
[079] trust_only | atk=None | V1=0 V2=0 | consensus=1 heal=0 | acc=10.00% | byz_w=['0.000', '0.000', '0.000']
[080] trust_only | atk=  A2 | V1=0 V2=0 | consensus=1 heal=0 | acc=10.00% | byz_w=['0.000', '0.000', '0.000']
[081] trust_only | atk=None | V1=0 V2=0 | consensus=1 heal=0 | acc=10.00% | byz_w=['0.000', '0.017', '0.015']
[082] trust_only | atk=  A3 | V1=0 V2=0 | consensus=1 heal=0 | acc=10.00% | byz_w=['0.000', '0.005', '0.004']
[083] trust_only | atk=  A3 | V1=0 V2=0 | consensus=1 heal=0 | acc=10.00% | byz_w=['0.000', '0.002', '0.001']
[084] trust_only | atk=  A1 | V1=0 V2=0 | consensus=1 heal=0 | acc=10.00% | byz_w=['0.000', '0.000', '0.000']
[085] trust_only | atk=None | V1=0 V2=0 | consensus=1 heal=0 | acc=10.00% | byz_w=['0.000', '0.000', '0.000']
[086] trust_only | atk=None | V1=0 V2=0 | consensus=1 heal=0 | acc=10.00% | byz_w=['0.000', '0.000', '0.000']
[087] trust_only | atk=  A1 | V1=0 V2=0 | consensus=1 heal=0 | acc=10.00% | byz_w=['0.000', '0.000', '0.000']
[088] trust_only | atk=  A1 | V1=0 V2=0 | consensus=1 heal=0 | acc=10.00% | byz_w=['0.000', '0.000', '0.002']
[089] trust_only | atk=  A2 | V1=0 V2=0 | consensus=1 heal=0 | acc=10.00% | byz_w=['0.000', '0.000', '0.001']
[090] trust_only | atk=None | V1=0 V2=0 | consensus=1 heal=0 | acc=10.00% | byz_w=['0.000', '0.000', '0.000']
[091] trust_only | atk=None | V1=0 V2=0 | consensus=1 heal=0 | acc=10.00% | byz_w=['0.000', '0.000', '0.000']
[092] trust_only | atk=  A2 | V1=0 V2=0 | consensus=1 heal=0 | acc=10.00% | byz_w=['0.000', '0.000', '0.000']
[093] trust_only | atk=  A3 | V1=0 V2=0 | consensus=1 heal=0 | acc=10.00% | byz_w=['0.000', '0.000', '0.003']
[094] trust_only | atk=None | V1=0 V2=0 | consensus=1 heal=0 | acc=10.00% | byz_w=['0.000', '0.000', '0.001']
[095] trust_only | atk=None | V1=0 V2=0 | consensus=1 heal=0 | acc=10.00% | byz_w=['0.000', '0.000', '0.000']
[096] trust_only | atk=None | V1=0 V2=0 | consensus=1 heal=0 | acc=10.00% | byz_w=['0.000', '0.000', '0.000']
[097] trust_only | atk=  A2 | V1=0 V2=0 | consensus=1 heal=0 | acc=10.00% | byz_w=['0.000', '0.000', '0.000']
[098] trust_only | atk=  A3 | V1=0 V2=0 | consensus=1 heal=0 | acc=10.00% | byz_w=['0.000', '0.015', '0.001']
[099] trust_only | atk=  A2 | V1=0 V2=0 | consensus=1 heal=0 | acc=10.00% | byz_w=['0.000', '0.004', '0.000']
[100] trust_only | atk=  A2 | V1=0 V2=0 | consensus=1 heal=0 | acc=10.00% | byz_w=['0.000', '0.001', '0.000']
[101] trust_only | atk=  A3 | V1=0 V2=0 | consensus=1 heal=0 | acc=10.00% | byz_w=['0.000', '0.000', '0.000']
[102] trust_only | atk=None | V1=0 V2=0 | consensus=1 heal=0 | acc=10.00% | byz_w=['0.000', '0.000', '0.000']
[103] trust_only | atk=  A3 | V1=0 V2=0 | consensus=1 heal=0 | acc=10.00% | byz_w=['0.000', '0.000', '0.000']
[104] trust_only | atk=  A2 | V1=0 V2=0 | consensus=1 heal=0 | acc=10.00% | byz_w=['0.000', '0.000', '0.000']
[105] trust_only | atk=  A3 | V1=0 V2=0 | consensus=1 heal=0 | acc=10.00% | byz_w=['0.000', '0.000', '0.000']
[106] trust_only | atk=None | V1=0 V2=0 | consensus=1 heal=0 | acc=10.00% | byz_w=['0.000', '0.000', '0.000']
[107] trust_only | atk=None | V1=0 V2=0 | consensus=1 heal=0 | acc=10.00% | byz_w=['0.000', '0.000', '0.000']
[108] trust_only | atk=None | V1=0 V2=0 | consensus=1 heal=0 | acc=10.00% | byz_w=['0.000', '0.000', '0.000']
[109] trust_only | atk=  A2 | V1=0 V2=0 | consensus=1 heal=0 | acc=10.00% | byz_w=['0.000', '0.000', '0.000']
[110] trust_only | atk=  A2 | V1=0 V2=0 | consensus=1 heal=0 | acc=10.00% | byz_w=['0.000', '0.000', '0.009']
[111] trust_only | atk=  A1 | V1=0 V2=0 | consensus=1 heal=0 | acc=10.00% | byz_w=['0.000', '0.000', '0.003']
[112] trust_only | atk=None | V1=0 V2=0 | consensus=1 heal=0 | acc=10.00% | byz_w=['0.000', '0.000', '0.001']
[113] trust_only | atk=  A2 | V1=0 V2=0 | consensus=1 heal=0 | acc=10.00% | byz_w=['0.000', '0.000', '0.000']
[114] trust_only | atk=None | V1=0 V2=0 | consensus=1 heal=0 | acc=10.00% | byz_w=['0.000', '0.000', '0.000']
[115] trust_only | atk=None | V1=0 V2=0 | consensus=1 heal=0 | acc=10.00% | byz_w=['0.000', '0.000', '0.000']
[116] trust_only | atk=  A3 | V1=0 V2=0 | consensus=1 heal=0 | acc=10.00% | byz_w=['0.000', '0.000', '0.000']
[117] trust_only | atk=  A2 | V1=0 V2=0 | consensus=1 heal=0 | acc=10.00% | byz_w=['0.000', '0.000', '0.000']
[118] trust_only | atk=  A1 | V1=0 V2=0 | consensus=1 heal=0 | acc=10.00% | byz_w=['0.000', '0.000', '0.000']
[119] trust_only | atk=None | V1=0 V2=0 | consensus=1 heal=0 | acc=10.00% | byz_w=['0.000', '0.000', '0.000']
[120] trust_only | atk=  A2 | V1=0 V2=0 | consensus=1 heal=0 | acc=10.00% | byz_w=['0.000', '0.000', '0.000']
[121] trust_only | atk=  A1 | V1=0 V2=0 | consensus=1 heal=0 | acc=10.00% | byz_w=['0.000', '0.000', '0.000']
[122] trust_only | atk=None | V1=0 V2=0 | consensus=1 heal=0 | acc=10.00% | byz_w=['0.008', '0.000', '0.000']
[123] trust_only | atk=  A3 | V1=0 V2=0 | consensus=1 heal=0 | acc=10.00% | byz_w=['0.002', '0.000', '0.000']
[124] trust_only | atk=  A1 | V1=0 V2=0 | consensus=1 heal=0 | acc=10.00% | byz_w=['0.001', '0.000', '0.040']
[125] trust_only | atk=None | V1=0 V2=0 | consensus=1 heal=0 | acc=10.00% | byz_w=['0.000', '0.000', '0.012']
[126] trust_only | atk=None | V1=0 V2=0 | consensus=1 heal=0 | acc=10.00% | byz_w=['0.000', '0.000', '0.004']
[127] trust_only | atk=  A1 | V1=0 V2=0 | consensus=1 heal=0 | acc=10.00% | byz_w=['0.000', '0.000', '0.001']
[128] trust_only | atk=  A3 | V1=0 V2=0 | consensus=1 heal=0 | acc=10.00% | byz_w=['0.000', '0.000', '0.000']
[129] trust_only | atk=  A3 | V1=0 V2=0 | consensus=1 heal=0 | acc=10.00% | byz_w=['0.000', '0.000', '0.000']
[130] trust_only | atk=None | V1=0 V2=0 | consensus=1 heal=0 | acc=10.00% | byz_w=['0.000', '0.000', '0.000']
[131] trust_only | atk=  A1 | V1=0 V2=0 | consensus=1 heal=0 | acc=10.00% | byz_w=['0.000', '0.000', '0.000']
[132] trust_only | atk=  A1 | V1=0 V2=0 | consensus=1 heal=0 | acc=10.00% | byz_w=['0.000', '0.000', '0.000']
[133] trust_only | atk=  A3 | V1=0 V2=0 | consensus=1 heal=0 | acc=10.00% | byz_w=['0.000', '0.000', '0.000']
[134] trust_only | atk=None | V1=0 V2=0 | consensus=1 heal=0 | acc=10.00% | byz_w=['0.000', '0.000', '0.000']
[135] trust_only | atk=  A2 | V1=0 V2=0 | consensus=1 heal=0 | acc=10.00% | byz_w=['0.000', '0.000', '0.000']
[136] trust_only | atk=  A3 | V1=0 V2=0 | consensus=1 heal=0 | acc=10.00% | byz_w=['0.000', '0.000', '0.000']
[137] trust_only | atk=  A3 | V1=0 V2=0 | consensus=1 heal=0 | acc=10.00% | byz_w=['0.000', '0.000', '0.000']
[138] trust_only | atk=None | V1=0 V2=0 | consensus=1 heal=0 | acc=10.00% | byz_w=['0.000', '0.000', '0.000']
[139] trust_only | atk=None | V1=0 V2=0 | consensus=1 heal=0 | acc=10.00% | byz_w=['0.000', '0.000', '0.000']
[140] trust_only | atk=None | V1=0 V2=0 | consensus=1 heal=0 | acc=10.00% | byz_w=['0.000', '0.000', '0.000']
[141] trust_only | atk=None | V1=0 V2=0 | consensus=1 heal=0 | acc=10.00% | byz_w=['0.000', '0.000', '0.000']
[142] trust_only | atk=  A2 | V1=0 V2=0 | consensus=1 heal=0 | acc=10.00% | byz_w=['0.000', '0.000', '0.000']
[143] trust_only | atk=  A3 | V1=0 V2=0 | consensus=1 heal=0 | acc=10.00% | byz_w=['0.000', '0.028', '0.000']
[144] trust_only | atk=  A3 | V1=0 V2=0 | consensus=1 heal=0 | acc=10.00% | byz_w=['0.000', '0.008', '0.000']
[145] trust_only | atk=  A1 | V1=0 V2=0 | consensus=1 heal=0 | acc=10.00% | byz_w=['0.000', '0.003', '0.000']
[146] trust_only | atk=None | V1=0 V2=0 | consensus=1 heal=0 | acc=10.00% | byz_w=['0.000', '0.001', '0.000']
[147] trust_only | atk=None | V1=0 V2=0 | consensus=1 heal=0 | acc=10.00% | byz_w=['0.000', '0.000', '0.000']
[148] trust_only | atk=  A3 | V1=0 V2=0 | consensus=1 heal=0 | acc=10.00% | byz_w=['0.000', '0.000', '0.000']
[149] trust_only | atk=None | V1=0 V2=0 | consensus=1 heal=0 | acc=10.00% | byz_w=['0.000', '0.000', '0.000']
[150] trust_only | atk=  A2 | V1=0 V2=0 | consensus=1 heal=0 | acc=10.00% | byz_w=['0.000', '0.000', '0.000']
[151] trust_only | atk=None | V1=0 V2=0 | consensus=1 heal=0 | acc=10.00% | byz_w=['0.070', '0.070', '0.070']
[152] trust_only | atk=None | V1=0 V2=0 | consensus=1 heal=0 | acc=10.00% | byz_w=['0.021', '0.021', '0.021']
[153] trust_only | atk=  A1 | V1=0 V2=0 | consensus=1 heal=0 | acc=10.00% | byz_w=['0.076', '0.076', '0.076']
[154] trust_only | atk=  A1 | V1=0 V2=0 | consensus=1 heal=0 | acc=10.00% | byz_w=['0.023', '0.023', '0.023']
[155] trust_only | atk=  A1 | V1=0 V2=0 | consensus=1 heal=0 | acc=10.00% | byz_w=['0.007', '0.007', '0.007']
[156] trust_only | atk=  A1 | V1=0 V2=0 | consensus=1 heal=0 | acc=10.00% | byz_w=['0.002', '0.002', '0.002']
[157] trust_only | atk=None | V1=0 V2=0 | consensus=1 heal=0 | acc=10.00% | byz_w=['0.001', '0.001', '0.001']
[158] trust_only | atk=  A2 | V1=0 V2=0 | consensus=1 heal=0 | acc=10.00% | byz_w=['0.000', '0.000', '0.000']
[159] trust_only | atk=None | V1=0 V2=0 | consensus=1 heal=0 | acc=10.00% | byz_w=['0.000', '0.000', '0.000']
[160] trust_only | atk=  A3 | V1=0 V2=0 | consensus=1 heal=0 | acc=10.00% | byz_w=['0.000', '0.000', '0.000']
[161] trust_only | atk=  A3 | V1=0 V2=0 | consensus=1 heal=0 | acc=10.00% | byz_w=['0.000', '0.022', '0.033']
[162] trust_only | atk=  A1 | V1=0 V2=0 | consensus=1 heal=0 | acc=10.00% | byz_w=['0.000', '0.007', '0.010']
[163] trust_only | atk=  A2 | V1=0 V2=0 | consensus=1 heal=0 | acc=10.00% | byz_w=['0.000', '0.002', '0.011']
[164] trust_only | atk=None | V1=0 V2=0 | consensus=1 heal=0 | acc=10.00% | byz_w=['0.070', '0.071', '0.073']
[165] trust_only | atk=None | V1=0 V2=0 | consensus=1 heal=0 | acc=10.00% | byz_w=['0.021', '0.023', '0.022']
[166] trust_only | atk=  A3 | V1=0 V2=0 | consensus=1 heal=0 | acc=10.00% | byz_w=['0.006', '0.007', '0.007']
[167] trust_only | atk=  A1 | V1=0 V2=0 | consensus=1 heal=0 | acc=10.00% | byz_w=['0.002', '0.002', '0.003']
[168] trust_only | atk=None | V1=0 V2=0 | consensus=1 heal=0 | acc=10.00% | byz_w=['0.001', '0.001', '0.001']
[169] trust_only | atk=None | V1=0 V2=0 | consensus=1 heal=0 | acc=10.00% | byz_w=['0.000', '0.000', '0.000']
[170] trust_only | atk=  A2 | V1=0 V2=0 | consensus=1 heal=0 | acc=10.00% | byz_w=['0.000', '0.000', '0.000']
[171] trust_only | atk=  A1 | V1=0 V2=0 | consensus=1 heal=0 | acc=10.00% | byz_w=['0.000', '0.000', '0.000']
[172] trust_only | atk=None | V1=0 V2=0 | consensus=1 heal=0 | acc=10.00% | byz_w=['0.000', '0.000', '0.000']
[173] trust_only | atk=None | V1=0 V2=0 | consensus=1 heal=0 | acc=10.00% | byz_w=['0.000', '0.000', '0.000']
[174] trust_only | atk=  A3 | V1=0 V2=0 | consensus=1 heal=0 | acc=10.00% | byz_w=['0.000', '0.000', '0.000']
[175] trust_only | atk=  A3 | V1=0 V2=0 | consensus=1 heal=0 | acc=10.00% | byz_w=['0.000', '0.000', '0.000']
[176] trust_only | atk=  A1 | V1=0 V2=0 | consensus=1 heal=0 | acc=10.00% | byz_w=['0.000', '0.000', '0.000']
[177] trust_only | atk=None | V1=0 V2=0 | consensus=1 heal=0 | acc=10.00% | byz_w=['0.000', '0.000', '0.000']
[178] trust_only | atk=  A3 | V1=0 V2=0 | consensus=1 heal=0 | acc=10.00% | byz_w=['0.043', '0.000', '0.000']
[179] trust_only | atk=  A3 | V1=0 V2=0 | consensus=1 heal=0 | acc=10.00% | byz_w=['0.013', '0.000', '0.000']
[180] trust_only | atk=None | V1=0 V2=0 | consensus=1 heal=0 | acc=10.00% | byz_w=['0.004', '0.000', '0.000']
[181] trust_only | atk=None | V1=0 V2=0 | consensus=1 heal=0 | acc=10.00% | byz_w=['0.048', '0.000', '0.000']
[182] trust_only | atk=  A1 | V1=0 V2=0 | consensus=1 heal=0 | acc=10.00% | byz_w=['0.034', '0.000', '0.000']
[183] trust_only | atk=None | V1=0 V2=0 | consensus=1 heal=0 | acc=10.00% | byz_w=['0.010', '0.000', '0.000']
[184] trust_only | atk=  A3 | V1=0 V2=0 | consensus=1 heal=0 | acc=10.00% | byz_w=['0.003', '0.000', '0.000']
[185] trust_only | atk=  A2 | V1=0 V2=0 | consensus=1 heal=0 | acc=10.00% | byz_w=['0.001', '0.000', '0.000']
[186] trust_only | atk=  A1 | V1=0 V2=0 | consensus=1 heal=0 | acc=10.00% | byz_w=['0.000', '0.000', '0.000']
[187] trust_only | atk=  A3 | V1=0 V2=0 | consensus=1 heal=0 | acc=10.00% | byz_w=['0.000', '0.000', '0.000']
[188] trust_only | atk=None | V1=0 V2=0 | consensus=1 heal=0 | acc=10.00% | byz_w=['0.000', '0.000', '0.000']
[189] trust_only | atk=None | V1=0 V2=0 | consensus=1 heal=0 | acc=10.00% | byz_w=['0.000', '0.000', '0.000']
[190] trust_only | atk=  A3 | V1=0 V2=0 | consensus=1 heal=0 | acc=10.00% | byz_w=['0.000', '0.000', '0.000']
[191] trust_only | atk=  A1 | V1=0 V2=0 | consensus=1 heal=0 | acc=10.00% | byz_w=['0.000', '0.000', '0.000']
[192] trust_only | atk=None | V1=0 V2=0 | consensus=1 heal=0 | acc=10.00% | byz_w=['0.000', '0.000', '0.000']
[193] trust_only | atk=  A3 | V1=0 V2=0 | consensus=1 heal=0 | acc=10.00% | byz_w=['0.000', '0.000', '0.000']
[194] trust_only | atk=  A2 | V1=0 V2=0 | consensus=1 heal=0 | acc=10.00% | byz_w=['0.000', '0.000', '0.000']
[195] trust_only | atk=  A3 | V1=0 V2=0 | consensus=1 heal=0 | acc=10.00% | byz_w=['0.000', '0.000', '0.000']
[196] trust_only | atk=  A2 | V1=0 V2=0 | consensus=1 heal=0 | acc=10.00% | byz_w=['0.000', '0.000', '0.000']
[197] trust_only | atk=None | V1=0 V2=0 | consensus=1 heal=0 | acc=10.00% | byz_w=['0.070', '0.070', '0.070']
[198] trust_only | atk=  A3 | V1=0 V2=0 | consensus=1 heal=0 | acc=10.00% | byz_w=['0.021', '0.021', '0.021']
[199] trust_only | atk=None | V1=0 V2=0 | consensus=1 heal=0 | acc=10.00% | byz_w=['0.006', '0.006', '0.006']
[200] trust_only | atk=None | V1=0 V2=0 | consensus=1 heal=0 | acc=10.00% | byz_w=['0.002', '0.002', '0.002']

============================================================
=== V1 Only ===
[001] v1_only    | atk=None | V1=0 V2=0 | consensus=1 heal=0 | acc=9.16% | byz_w=['0.000', '0.000', '0.000']
[002] v1_only    | atk=  A3 | V1=1 V2=0 | consensus=0 heal=1V1 | acc=16.60% | byz_w=['0.000', '0.000', '0.016']
[003] v1_only    | atk=None | V1=0 V2=0 | consensus=1 heal=0 | acc=23.86% | byz_w=['0.000', '0.000', '0.005']
[004] v1_only    | atk=None | V1=0 V2=0 | consensus=1 heal=0 | acc=27.51% | byz_w=['0.000', '0.000', '0.001']
[005] v1_only    | atk=  A3 | V1=1 V2=0 | consensus=0 heal=1V1 | acc=31.33% | byz_w=['0.000', '0.000', '0.000']
[006] v1_only    | atk=  A2 | V1=1 V2=0 | consensus=0 heal=1V1 | acc=34.22% | byz_w=['0.000', '0.000', '0.000']
[007] v1_only    | atk=None | V1=0 V2=0 | consensus=1 heal=0 | acc=34.63% | byz_w=['0.000', '0.000', '0.000']
[008] v1_only    | atk=  A3 | V1=1 V2=0 | consensus=0 heal=1V1 | acc=38.35% | byz_w=['0.000', '0.000', '0.000']
[009] v1_only    | atk=  A2 | V1=0 V2=0 | consensus=1 heal=0 | acc=17.82% | byz_w=['0.000', '0.000', '0.000']
[010] v1_only    | atk=  A3 | V1=1 V2=0 | consensus=0 heal=1V1 | acc=10.11% | byz_w=['0.000', '0.000', '0.000']
[011] v1_only    | atk=  A2 | V1=1 V2=0 | consensus=0 heal=1V1 | acc=28.89% | byz_w=['0.000', '0.000', '0.000']
[012] v1_only    | atk=None | V1=0 V2=0 | consensus=1 heal=0 | acc=32.59% | byz_w=['0.000', '0.000', '0.000']
[013] v1_only    | atk=None | V1=0 V2=0 | consensus=1 heal=0 | acc=36.10% | byz_w=['0.000', '0.000', '0.000']
[014] v1_only    | atk=  A1 | V1=1 V2=0 | consensus=0 heal=1V1 | acc=39.05% | byz_w=['0.000', '0.000', '0.000']
[015] v1_only    | atk=  A1 | V1=1 V2=0 | consensus=0 heal=1V1 | acc=43.28% | byz_w=['0.000', '0.000', '0.000']
[016] v1_only    | atk=None | V1=0 V2=0 | consensus=1 heal=0 | acc=43.37% | byz_w=['0.000', '0.000', '0.000']
[017] v1_only    | atk=  A3 | V1=1 V2=0 | consensus=0 heal=1V1 | acc=47.03% | byz_w=['0.000', '0.000', '0.000']
[018] v1_only    | atk=  A2 | V1=1 V2=0 | consensus=0 heal=1V1 | acc=44.29% | byz_w=['0.000', '0.000', '0.000']
[019] v1_only    | atk=None | V1=0 V2=0 | consensus=1 heal=0 | acc=47.44% | byz_w=['0.000', '0.000', '0.000']
[020] v1_only    | atk=  A1 | V1=1 V2=0 | consensus=0 heal=1V1 | acc=50.21% | byz_w=['0.000', '0.000', '0.000']
[021] v1_only    | atk=None | V1=0 V2=0 | consensus=1 heal=0 | acc=50.48% | byz_w=['0.000', '0.000', '0.000']
[022] v1_only    | atk=None | V1=0 V2=0 | consensus=1 heal=0 | acc=53.03% | byz_w=['0.000', '0.000', '0.000']
[023] v1_only    | atk=  A3 | V1=1 V2=0 | consensus=0 heal=1V1 | acc=55.32% | byz_w=['0.000', '0.000', '0.000']
[024] v1_only    | atk=  A3 | V1=1 V2=0 | consensus=0 heal=1V1 | acc=52.73% | byz_w=['0.000', '0.000', '0.000']
[025] v1_only    | atk=None | V1=0 V2=0 | consensus=1 heal=0 | acc=54.81% | byz_w=['0.000', '0.000', '0.000']
[026] v1_only    | atk=  A2 | V1=0 V2=0 | consensus=1 heal=0 | acc=11.72% | byz_w=['0.000', '0.000', '0.000']
[027] v1_only    | atk=None | V1=0 V2=0 | consensus=1 heal=0 | acc=10.00% | byz_w=['0.000', '0.000', '0.000']
[028] v1_only    | atk=  A2 | V1=1 V2=0 | consensus=0 heal=1V1 | acc=36.42% | byz_w=['0.000', '0.000', '0.000']
[029] v1_only    | atk=  A1 | V1=1 V2=0 | consensus=0 heal=1V1 | acc=41.51% | byz_w=['0.000', '0.000', '0.000']
[030] v1_only    | atk=  A3 | V1=1 V2=0 | consensus=0 heal=1V1 | acc=47.56% | byz_w=['0.000', '0.000', '0.000']
[031] v1_only    | atk=None | V1=0 V2=0 | consensus=1 heal=0 | acc=47.61% | byz_w=['0.000', '0.000', '0.000']
[032] v1_only    | atk=  A3 | V1=1 V2=0 | consensus=0 heal=1V1 | acc=52.22% | byz_w=['0.000', '0.000', '0.000']
[033] v1_only    | atk=  A3 | V1=0 V2=0 | consensus=1 heal=0 | acc=15.09% | byz_w=['0.000', '0.000', '0.000']
[034] v1_only    | atk=  A2 | V1=1 V2=0 | consensus=0 heal=1V1 | acc=10.00% | byz_w=['0.000', '0.000', '0.000']
[035] v1_only    | atk=  A3 | V1=1 V2=0 | consensus=0 heal=1V1 | acc=10.00% | byz_w=['0.000', '0.000', '0.000']
[036] v1_only    | atk=  A3 | V1=1 V2=0 | consensus=0 heal=1V1 | acc=10.00% | byz_w=['0.000', '0.000', '0.000']
[037] v1_only    | atk=None | V1=0 V2=0 | consensus=1 heal=0 | acc=10.00% | byz_w=['0.000', '0.000', '0.000']
[038] v1_only    | atk=None | V1=0 V2=0 | consensus=1 heal=0 | acc=16.12% | byz_w=['0.000', '0.000', '0.000']
[039] v1_only    | atk=  A1 | V1=1 V2=0 | consensus=0 heal=1V1 | acc=19.66% | byz_w=['0.000', '0.000', '0.000']
[040] v1_only    | atk=None | V1=0 V2=0 | consensus=1 heal=0 | acc=23.96% | byz_w=['0.000', '0.000', '0.000']
[041] v1_only    | atk=  A2 | V1=0 V2=0 | consensus=1 heal=0 | acc=10.03% | byz_w=['0.000', '0.000', '0.000']
[042] v1_only    | atk=None | V1=0 V2=0 | consensus=1 heal=0 | acc=10.31% | byz_w=['0.004', '0.031', '0.020']
[043] v1_only    | atk=None | V1=0 V2=0 | consensus=1 heal=0 | acc=19.87% | byz_w=['0.001', '0.009', '0.006']
[044] v1_only    | atk=  A1 | V1=1 V2=0 | consensus=0 heal=1V1 | acc=24.13% | byz_w=['0.000', '0.003', '0.002']
[045] v1_only    | atk=None | V1=0 V2=0 | consensus=1 heal=0 | acc=24.72% | byz_w=['0.000', '0.001', '0.001']
[046] v1_only    | atk=  A3 | V1=1 V2=0 | consensus=0 heal=1V1 | acc=25.20% | byz_w=['0.000', '0.000', '0.000']
[047] v1_only    | atk=  A3 | V1=1 V2=0 | consensus=0 heal=1V1 | acc=24.55% | byz_w=['0.000', '0.000', '0.000']
[048] v1_only    | atk=  A2 | V1=1 V2=0 | consensus=0 heal=1V1 | acc=27.57% | byz_w=['0.000', '0.000', '0.000']
[049] v1_only    | atk=None | V1=0 V2=0 | consensus=1 heal=0 | acc=28.52% | byz_w=['0.000', '0.000', '0.000']
[050] v1_only    | atk=  A3 | V1=1 V2=0 | consensus=0 heal=1V1 | acc=25.18% | byz_w=['0.000', '0.000', '0.000']
[051] v1_only    | atk=None | V1=0 V2=0 | consensus=1 heal=0 | acc=31.28% | byz_w=['0.000', '0.000', '0.000']
[052] v1_only    | atk=None | V1=0 V2=0 | consensus=1 heal=0 | acc=26.44% | byz_w=['0.000', '0.000', '0.000']
[053] v1_only    | atk=  A1 | V1=1 V2=0 | consensus=0 heal=1V1 | acc=31.61% | byz_w=['0.000', '0.000', '0.000']
[054] v1_only    | atk=  A3 | V1=0 V2=0 | consensus=1 heal=0 | acc=10.00% | byz_w=['0.000', '0.000', '0.000']
[055] v1_only    | atk=  A3 | V1=1 V2=0 | consensus=0 heal=1V1 | acc=10.00% | byz_w=['0.000', '0.000', '0.000']
[056] v1_only    | atk=None | V1=0 V2=0 | consensus=1 heal=0 | acc=12.44% | byz_w=['0.000', '0.000', '0.000']
[057] v1_only    | atk=  A3 | V1=1 V2=0 | consensus=0 heal=1V1 | acc=17.07% | byz_w=['0.000', '0.000', '0.000']
[058] v1_only    | atk=  A2 | V1=1 V2=0 | consensus=0 heal=1V1 | acc=21.74% | byz_w=['0.000', '0.000', '0.000']
[059] v1_only    | atk=None | V1=0 V2=0 | consensus=1 heal=0 | acc=26.26% | byz_w=['0.000', '0.000', '0.000']
[060] v1_only    | atk=  A3 | V1=1 V2=0 | consensus=0 heal=1V1 | acc=25.44% | byz_w=['0.000', '0.000', '0.000']
[061] v1_only    | atk=  A2 | V1=1 V2=0 | consensus=0 heal=1V1 | acc=26.87% | byz_w=['0.000', '0.000', '0.000']
[062] v1_only    | atk=None | V1=0 V2=0 | consensus=1 heal=0 | acc=28.17% | byz_w=['0.000', '0.000', '0.000']
[063] v1_only    | atk=  A3 | V1=0 V2=0 | consensus=1 heal=0 | acc=10.00% | byz_w=['0.000', '0.000', '0.000']
[064] v1_only    | atk=  A3 | V1=1 V2=0 | consensus=0 heal=1V1 | acc=9.45% | byz_w=['0.038', '0.220', '0.157']
[065] v1_only    | atk=  A1 | V1=1 V2=0 | consensus=0 heal=1V1 | acc=10.00% | byz_w=['0.106', '0.066', '0.047']
[066] v1_only    | atk=  A2 | V1=1 V2=0 | consensus=0 heal=1V1 | acc=9.96% | byz_w=['0.032', '0.020', '0.042']
[067] v1_only    | atk=None | V1=0 V2=0 | consensus=1 heal=0 | acc=10.64% | byz_w=['0.010', '0.006', '0.025']
[068] v1_only    | atk=  A2 | V1=1 V2=0 | consensus=0 heal=1V1 | acc=15.31% | byz_w=['0.003', '0.002', '0.007']
[069] v1_only    | atk=None | V1=0 V2=0 | consensus=1 heal=0 | acc=16.34% | byz_w=['0.001', '0.001', '0.002']
[070] v1_only    | atk=None | V1=0 V2=0 | consensus=1 heal=0 | acc=17.08% | byz_w=['0.000', '0.000', '0.001']
[071] v1_only    | atk=None | V1=0 V2=0 | consensus=1 heal=0 | acc=17.98% | byz_w=['0.000', '0.000', '0.000']
[072] v1_only    | atk=  A3 | V1=1 V2=0 | consensus=0 heal=1V1 | acc=21.83% | byz_w=['0.000', '0.000', '0.000']
[073] v1_only    | atk=None | V1=0 V2=0 | consensus=1 heal=0 | acc=22.63% | byz_w=['0.000', '0.000', '0.000']
[074] v1_only    | atk=  A2 | V1=1 V2=0 | consensus=0 heal=1V1 | acc=23.32% | byz_w=['0.000', '0.000', '0.000']
[075] v1_only    | atk=  A3 | V1=1 V2=0 | consensus=0 heal=1V1 | acc=25.22% | byz_w=['0.000', '0.000', '0.000']
[076] v1_only    | atk=  A3 | V1=1 V2=0 | consensus=0 heal=1V1 | acc=24.24% | byz_w=['0.000', '0.000', '0.000']
[077] v1_only    | atk=None | V1=0 V2=0 | consensus=1 heal=0 | acc=27.86% | byz_w=['0.000', '0.000', '0.000']
[078] v1_only    | atk=  A2 | V1=1 V2=0 | consensus=0 heal=1V1 | acc=23.54% | byz_w=['0.000', '0.000', '0.000']
[079] v1_only    | atk=None | V1=0 V2=0 | consensus=1 heal=0 | acc=24.38% | byz_w=['0.000', '0.000', '0.000']
[080] v1_only    | atk=  A2 | V1=1 V2=0 | consensus=0 heal=1V1 | acc=23.86% | byz_w=['0.000', '0.000', '0.000']
[081] v1_only    | atk=None | V1=0 V2=0 | consensus=1 heal=0 | acc=21.89% | byz_w=['0.000', '0.000', '0.000']
[082] v1_only    | atk=  A3 | V1=1 V2=0 | consensus=0 heal=1V1 | acc=25.92% | byz_w=['0.000', '0.000', '0.000']
[083] v1_only    | atk=  A3 | V1=1 V2=0 | consensus=0 heal=1V1 | acc=28.25% | byz_w=['0.000', '0.000', '0.000']
[084] v1_only    | atk=  A1 | V1=0 V2=0 | consensus=1 heal=0 | acc=10.00% | byz_w=['0.000', '0.000', '0.000']
[085] v1_only    | atk=None | V1=0 V2=0 | consensus=1 heal=0 | acc=11.53% | byz_w=['0.000', '0.105', '0.000']
[086] v1_only    | atk=None | V1=0 V2=0 | consensus=1 heal=0 | acc=10.00% | byz_w=['0.070', '0.102', '0.070']
[087] v1_only    | atk=  A1 | V1=1 V2=0 | consensus=0 heal=1V1 | acc=13.12% | byz_w=['0.021', '0.037', '0.021']
[088] v1_only    | atk=  A1 | V1=0 V2=0 | consensus=1 heal=0 | acc=10.00% | byz_w=['0.006', '0.011', '0.006']
[089] v1_only    | atk=  A2 | V1=1 V2=0 | consensus=0 heal=1V1 | acc=9.96% | byz_w=['0.002', '0.037', '0.002']
[090] v1_only    | atk=None | V1=0 V2=0 | consensus=1 heal=0 | acc=16.19% | byz_w=['0.001', '0.011', '0.001']
[091] v1_only    | atk=None | V1=0 V2=0 | consensus=1 heal=0 | acc=16.95% | byz_w=['0.000', '0.003', '0.000']
[092] v1_only    | atk=  A2 | V1=1 V2=0 | consensus=0 heal=1V1 | acc=18.74% | byz_w=['0.000', '0.001', '0.000']
[093] v1_only    | atk=  A3 | V1=1 V2=0 | consensus=0 heal=1V1 | acc=13.77% | byz_w=['0.000', '0.000', '0.000']
[094] v1_only    | atk=None | V1=0 V2=0 | consensus=1 heal=0 | acc=21.47% | byz_w=['0.000', '0.000', '0.000']
[095] v1_only    | atk=None | V1=0 V2=0 | consensus=1 heal=0 | acc=24.38% | byz_w=['0.000', '0.000', '0.000']
[096] v1_only    | atk=None | V1=0 V2=0 | consensus=1 heal=0 | acc=23.57% | byz_w=['0.000', '0.000', '0.000']
[097] v1_only    | atk=  A2 | V1=1 V2=0 | consensus=0 heal=1V1 | acc=25.17% | byz_w=['0.000', '0.000', '0.000']
[098] v1_only    | atk=  A3 | V1=1 V2=0 | consensus=0 heal=1V1 | acc=24.21% | byz_w=['0.000', '0.000', '0.000']
[099] v1_only    | atk=  A2 | V1=0 V2=0 | consensus=1 heal=0 | acc=10.00% | byz_w=['0.000', '0.000', '0.000']
[100] v1_only    | atk=  A2 | V1=1 V2=0 | consensus=0 heal=1V1 | acc=10.00% | byz_w=['0.000', '0.053', '0.000']
[101] v1_only    | atk=  A3 | V1=1 V2=0 | consensus=0 heal=1V1 | acc=21.64% | byz_w=['0.000', '0.016', '0.000']
[102] v1_only    | atk=None | V1=0 V2=0 | consensus=1 heal=0 | acc=17.27% | byz_w=['0.000', '0.005', '0.000']
[103] v1_only    | atk=  A3 | V1=1 V2=0 | consensus=0 heal=1V1 | acc=22.30% | byz_w=['0.000', '0.001', '0.000']
[104] v1_only    | atk=  A2 | V1=1 V2=0 | consensus=0 heal=1V1 | acc=26.22% | byz_w=['0.000', '0.000', '0.000']
[105] v1_only    | atk=  A3 | V1=1 V2=0 | consensus=0 heal=1V1 | acc=26.24% | byz_w=['0.000', '0.000', '0.000']
[106] v1_only    | atk=None | V1=0 V2=0 | consensus=1 heal=0 | acc=25.16% | byz_w=['0.000', '0.000', '0.000']
[107] v1_only    | atk=None | V1=0 V2=0 | consensus=1 heal=0 | acc=17.70% | byz_w=['0.000', '0.000', '0.000']
[108] v1_only    | atk=None | V1=0 V2=0 | consensus=1 heal=0 | acc=22.02% | byz_w=['0.000', '0.000', '0.000']
[109] v1_only    | atk=  A2 | V1=1 V2=0 | consensus=0 heal=1V1 | acc=21.05% | byz_w=['0.000', '0.000', '0.000']
[110] v1_only    | atk=  A2 | V1=1 V2=0 | consensus=0 heal=1V1 | acc=23.42% | byz_w=['0.000', '0.000', '0.000']
[111] v1_only    | atk=  A1 | V1=1 V2=0 | consensus=0 heal=1V1 | acc=26.06% | byz_w=['0.000', '0.000', '0.000']
[112] v1_only    | atk=None | V1=0 V2=0 | consensus=1 heal=0 | acc=26.45% | byz_w=['0.000', '0.000', '0.000']
[113] v1_only    | atk=  A2 | V1=0 V2=0 | consensus=1 heal=0 | acc=10.00% | byz_w=['0.000', '0.000', '0.000']
[114] v1_only    | atk=None | V1=0 V2=0 | consensus=1 heal=0 | acc=10.00% | byz_w=['0.000', '0.007', '0.000']
[115] v1_only    | atk=None | V1=0 V2=0 | consensus=1 heal=0 | acc=18.10% | byz_w=['0.000', '0.002', '0.000']
[116] v1_only    | atk=  A3 | V1=1 V2=0 | consensus=0 heal=1V1 | acc=20.47% | byz_w=['0.000', '0.001', '0.000']
[117] v1_only    | atk=  A2 | V1=1 V2=0 | consensus=0 heal=1V1 | acc=22.93% | byz_w=['0.000', '0.000', '0.000']
[118] v1_only    | atk=  A1 | V1=0 V2=0 | consensus=1 heal=0 | acc=10.00% | byz_w=['0.000', '0.000', '0.000']
[119] v1_only    | atk=None | V1=0 V2=0 | consensus=1 heal=0 | acc=10.00% | byz_w=['0.000', '0.123', '0.000']
[120] v1_only    | atk=  A2 | V1=1 V2=0 | consensus=0 heal=1V1 | acc=10.00% | byz_w=['0.070', '0.107', '0.070']
[121] v1_only    | atk=  A1 | V1=0 V2=0 | consensus=1 heal=0 | acc=10.00% | byz_w=['0.021', '0.032', '0.021']
[122] v1_only    | atk=None | V1=0 V2=0 | consensus=1 heal=0 | acc=10.00% | byz_w=['0.006', '0.010', '0.006']
[123] v1_only    | atk=  A3 | V1=1 V2=0 | consensus=0 heal=1V1 | acc=10.00% | byz_w=['0.002', '0.003', '0.002']
[124] v1_only    | atk=  A1 | V1=0 V2=0 | consensus=1 heal=0 | acc=10.00% | byz_w=['0.001', '0.001', '0.001']
[125] v1_only    | atk=None | V1=0 V2=0 | consensus=1 heal=0 | acc=10.00% | byz_w=['0.000', '0.033', '0.000']
[126] v1_only    | atk=None | V1=0 V2=0 | consensus=1 heal=0 | acc=10.00% | byz_w=['0.000', '0.010', '0.000']
[127] v1_only    | atk=  A1 | V1=1 V2=0 | consensus=0 heal=1V1 | acc=10.00% | byz_w=['0.001', '0.003', '0.000']
[128] v1_only    | atk=  A3 | V1=1 V2=0 | consensus=0 heal=1V1 | acc=12.75% | byz_w=['0.000', '0.001', '0.000']
[129] v1_only    | atk=  A3 | V1=1 V2=0 | consensus=0 heal=1V1 | acc=18.48% | byz_w=['0.000', '0.000', '0.000']
[130] v1_only    | atk=None | V1=0 V2=0 | consensus=1 heal=0 | acc=21.61% | byz_w=['0.000', '0.000', '0.000']
[131] v1_only    | atk=  A1 | V1=1 V2=0 | consensus=0 heal=1V1 | acc=12.96% | byz_w=['0.000', '0.000', '0.000']
[132] v1_only    | atk=  A1 | V1=1 V2=0 | consensus=0 heal=1V1 | acc=19.70% | byz_w=['0.000', '0.000', '0.000']
[133] v1_only    | atk=  A3 | V1=1 V2=0 | consensus=0 heal=1V1 | acc=17.54% | byz_w=['0.000', '0.000', '0.000']
[134] v1_only    | atk=None | V1=0 V2=0 | consensus=1 heal=0 | acc=20.46% | byz_w=['0.000', '0.000', '0.000']
[135] v1_only    | atk=  A2 | V1=1 V2=0 | consensus=0 heal=1V1 | acc=24.83% | byz_w=['0.000', '0.000', '0.000']
[136] v1_only    | atk=  A3 | V1=1 V2=0 | consensus=0 heal=1V1 | acc=21.81% | byz_w=['0.000', '0.000', '0.000']
[137] v1_only    | atk=  A3 | V1=1 V2=0 | consensus=0 heal=1V1 | acc=22.44% | byz_w=['0.000', '0.000', '0.000']
[138] v1_only    | atk=None | V1=0 V2=0 | consensus=1 heal=0 | acc=19.11% | byz_w=['0.000', '0.000', '0.000']
[139] v1_only    | atk=None | V1=0 V2=0 | consensus=1 heal=0 | acc=24.03% | byz_w=['0.000', '0.000', '0.000']
[140] v1_only    | atk=None | V1=0 V2=0 | consensus=1 heal=0 | acc=17.99% | byz_w=['0.000', '0.000', '0.000']
[141] v1_only    | atk=None | V1=0 V2=0 | consensus=1 heal=0 | acc=20.33% | byz_w=['0.000', '0.000', '0.000']
[142] v1_only    | atk=  A2 | V1=0 V2=0 | consensus=1 heal=0 | acc=10.00% | byz_w=['0.000', '0.000', '0.000']
[143] v1_only    | atk=  A3 | V1=1 V2=0 | consensus=0 heal=1V1 | acc=10.00% | byz_w=['0.000', '0.022', '0.000']
[144] v1_only    | atk=  A3 | V1=1 V2=0 | consensus=0 heal=1V1 | acc=20.88% | byz_w=['0.000', '0.007', '0.000']
[145] v1_only    | atk=  A1 | V1=1 V2=0 | consensus=0 heal=1V1 | acc=21.40% | byz_w=['0.000', '0.002', '0.000']
[146] v1_only    | atk=None | V1=0 V2=0 | consensus=1 heal=0 | acc=16.31% | byz_w=['0.000', '0.001', '0.000']
[147] v1_only    | atk=None | V1=0 V2=0 | consensus=1 heal=0 | acc=18.91% | byz_w=['0.000', '0.000', '0.000']
[148] v1_only    | atk=  A3 | V1=1 V2=0 | consensus=0 heal=1V1 | acc=21.99% | byz_w=['0.000', '0.000', '0.000']
[149] v1_only    | atk=None | V1=0 V2=0 | consensus=1 heal=0 | acc=20.63% | byz_w=['0.000', '0.000', '0.000']
[150] v1_only    | atk=  A2 | V1=1 V2=0 | consensus=0 heal=1V1 | acc=20.50% | byz_w=['0.000', '0.000', '0.000']
[151] v1_only    | atk=None | V1=0 V2=0 | consensus=1 heal=0 | acc=25.92% | byz_w=['0.000', '0.000', '0.000']
[152] v1_only    | atk=None | V1=0 V2=0 | consensus=1 heal=0 | acc=22.29% | byz_w=['0.000', '0.000', '0.000']
[153] v1_only    | atk=  A1 | V1=0 V2=0 | consensus=1 heal=0 | acc=10.00% | byz_w=['0.000', '0.000', '0.000']
[154] v1_only    | atk=  A1 | V1=1 V2=0 | consensus=0 heal=1V1 | acc=10.00% | byz_w=['0.000', '0.000', '0.000']
[155] v1_only    | atk=  A1 | V1=1 V2=0 | consensus=0 heal=1V1 | acc=10.00% | byz_w=['0.000', '0.000', '0.000']
[156] v1_only    | atk=  A1 | V1=0 V2=0 | consensus=1 heal=0 | acc=10.00% | byz_w=['0.000', '0.000', '0.000']
[157] v1_only    | atk=None | V1=0 V2=0 | consensus=1 heal=0 | acc=10.00% | byz_w=['0.000', '0.000', '0.003']
[158] v1_only    | atk=  A2 | V1=0 V2=0 | consensus=1 heal=0 | acc=10.00% | byz_w=['0.000', '0.000', '0.001']
[159] v1_only    | atk=None | V1=0 V2=0 | consensus=1 heal=0 | acc=10.00% | byz_w=['0.000', '0.019', '0.005']
[160] v1_only    | atk=  A3 | V1=1 V2=0 | consensus=0 heal=1V1 | acc=10.00% | byz_w=['0.000', '0.006', '0.001']
[161] v1_only    | atk=  A3 | V1=1 V2=0 | consensus=0 heal=1V1 | acc=10.00% | byz_w=['0.000', '0.002', '0.000']
[162] v1_only    | atk=  A1 | V1=1 V2=0 | consensus=0 heal=1V1 | acc=10.00% | byz_w=['0.000', '0.001', '0.000']
[163] v1_only    | atk=  A2 | V1=1 V2=0 | consensus=0 heal=1V1 | acc=10.00% | byz_w=['0.000', '0.000', '0.000']
[164] v1_only    | atk=None | V1=0 V2=0 | consensus=1 heal=0 | acc=10.00% | byz_w=['0.000', '0.000', '0.000']
[165] v1_only    | atk=None | V1=0 V2=0 | consensus=1 heal=0 | acc=10.00% | byz_w=['0.000', '0.000', '0.000']
[166] v1_only    | atk=  A3 | V1=1 V2=0 | consensus=0 heal=1V1 | acc=10.00% | byz_w=['0.000', '0.000', '0.000']
[167] v1_only    | atk=  A1 | V1=1 V2=0 | consensus=0 heal=1V1 | acc=10.00% | byz_w=['0.000', '0.000', '0.000']
[168] v1_only    | atk=None | V1=0 V2=0 | consensus=1 heal=0 | acc=10.00% | byz_w=['0.000', '0.000', '0.000']
[169] v1_only    | atk=None | V1=0 V2=0 | consensus=1 heal=0 | acc=10.00% | byz_w=['0.000', '0.000', '0.000']
[170] v1_only    | atk=  A2 | V1=1 V2=0 | consensus=0 heal=1V1 | acc=10.00% | byz_w=['0.000', '0.000', '0.000']
[171] v1_only    | atk=  A1 | V1=0 V2=0 | consensus=1 heal=0 | acc=10.00% | byz_w=['0.000', '0.000', '0.000']
[172] v1_only    | atk=None | V1=0 V2=0 | consensus=1 heal=0 | acc=10.00% | byz_w=['0.000', '0.000', '0.020']
[173] v1_only    | atk=None | V1=0 V2=0 | consensus=1 heal=0 | acc=10.00% | byz_w=['0.000', '0.000', '0.006']
[174] v1_only    | atk=  A3 | V1=1 V2=0 | consensus=0 heal=1V1 | acc=10.00% | byz_w=['0.000', '0.000', '0.002']
[175] v1_only    | atk=  A3 | V1=1 V2=0 | consensus=0 heal=1V1 | acc=10.00% | byz_w=['0.000', '0.000', '0.001']
[176] v1_only    | atk=  A1 | V1=1 V2=0 | consensus=0 heal=1V1 | acc=10.00% | byz_w=['0.000', '0.000', '0.000']
[177] v1_only    | atk=None | V1=0 V2=0 | consensus=1 heal=0 | acc=10.00% | byz_w=['0.000', '0.000', '0.000']
[178] v1_only    | atk=  A3 | V1=1 V2=0 | consensus=0 heal=1V1 | acc=10.00% | byz_w=['0.000', '0.000', '0.000']
[179] v1_only    | atk=  A3 | V1=1 V2=0 | consensus=0 heal=1V1 | acc=10.00% | byz_w=['0.000', '0.000', '0.000']
[180] v1_only    | atk=None | V1=0 V2=0 | consensus=1 heal=0 | acc=10.00% | byz_w=['0.000', '0.000', '0.000']
[181] v1_only    | atk=None | V1=0 V2=0 | consensus=1 heal=0 | acc=10.00% | byz_w=['0.000', '0.000', '0.000']
[182] v1_only    | atk=  A1 | V1=1 V2=0 | consensus=0 heal=1V1 | acc=10.00% | byz_w=['0.000', '0.000', '0.000']
[183] v1_only    | atk=None | V1=0 V2=0 | consensus=1 heal=0 | acc=10.00% | byz_w=['0.000', '0.000', '0.000']
[184] v1_only    | atk=  A3 | V1=1 V2=0 | consensus=0 heal=1V1 | acc=10.00% | byz_w=['0.000', '0.000', '0.000']
[185] v1_only    | atk=  A2 | V1=1 V2=0 | consensus=0 heal=1V1 | acc=10.00% | byz_w=['0.000', '0.000', '0.000']
[186] v1_only    | atk=  A1 | V1=0 V2=0 | consensus=1 heal=0 | acc=10.00% | byz_w=['0.000', '0.000', '0.000']
[187] v1_only    | atk=  A3 | V1=1 V2=0 | consensus=0 heal=1V1 | acc=10.00% | byz_w=['0.000', '0.000', '0.000']
[188] v1_only    | atk=None | V1=0 V2=0 | consensus=1 heal=0 | acc=10.00% | byz_w=['0.000', '0.000', '0.000']
[189] v1_only    | atk=None | V1=0 V2=0 | consensus=1 heal=0 | acc=10.00% | byz_w=['0.000', '0.000', '0.000']
[190] v1_only    | atk=  A3 | V1=1 V2=0 | consensus=0 heal=1V1 | acc=10.00% | byz_w=['0.000', '0.000', '0.000']
[191] v1_only    | atk=  A1 | V1=1 V2=0 | consensus=0 heal=1V1 | acc=10.00% | byz_w=['0.000', '0.000', '0.000']
[192] v1_only    | atk=None | V1=0 V2=0 | consensus=1 heal=0 | acc=10.00% | byz_w=['0.000', '0.000', '0.000']
[193] v1_only    | atk=  A3 | V1=1 V2=0 | consensus=0 heal=1V1 | acc=10.00% | byz_w=['0.000', '0.000', '0.000']
[194] v1_only    | atk=  A2 | V1=1 V2=0 | consensus=0 heal=1V1 | acc=10.00% | byz_w=['0.000', '0.000', '0.000']
[195] v1_only    | atk=  A3 | V1=1 V2=0 | consensus=0 heal=1V1 | acc=10.00% | byz_w=['0.000', '0.000', '0.000']
[196] v1_only    | atk=  A2 | V1=0 V2=0 | consensus=1 heal=0 | acc=10.00% | byz_w=['0.000', '0.000', '0.000']
[197] v1_only    | atk=None | V1=0 V2=0 | consensus=1 heal=0 | acc=10.00% | byz_w=['0.000', '0.096', '0.012']
[198] v1_only    | atk=  A3 | V1=1 V2=0 | consensus=0 heal=1V1 | acc=10.00% | byz_w=['0.000', '0.029', '0.004']
[199] v1_only    | atk=None | V1=0 V2=0 | consensus=1 heal=0 | acc=10.00% | byz_w=['0.000', '0.009', '0.001']
[200] v1_only    | atk=None | V1=0 V2=0 | consensus=1 heal=0 | acc=10.00% | byz_w=['0.000', '0.003', '0.000']

============================================================
=== V2 Only ===
[001] v2_only    | atk=None | V1=0 V2=0 | consensus=1 heal=0 | acc=10.00% | byz_w=['0.000', '0.000', '0.000']
[002] v2_only    | atk=  A3 | V1=0 V2=0 | consensus=1 heal=0 | acc=10.00% | byz_w=['0.000', '0.000', '0.018']
[003] v2_only    | atk=None | V1=0 V2=0 | consensus=1 heal=0 | acc=11.19% | byz_w=['0.000', '0.000', '0.005']
[004] v2_only    | atk=None | V1=0 V2=0 | consensus=1 heal=0 | acc=21.63% | byz_w=['0.000', '0.000', '0.002']
[005] v2_only    | atk=  A3 | V1=0 V2=1 | consensus=0 heal=1V2 | acc=26.35% | byz_w=['0.000', '0.000', '0.000']
[006] v2_only    | atk=  A2 | V1=0 V2=1 | consensus=0 heal=1V2 | acc=27.71% | byz_w=['0.000', '0.000', '0.000']
[007] v2_only    | atk=None | V1=0 V2=0 | consensus=1 heal=0 | acc=28.87% | byz_w=['0.000', '0.000', '0.000']
[008] v2_only    | atk=  A3 | V1=0 V2=1 | consensus=0 heal=1V2 | acc=35.13% | byz_w=['0.000', '0.000', '0.000']
[009] v2_only    | atk=  A2 | V1=0 V2=1 | consensus=0 heal=1V2 | acc=37.07% | byz_w=['0.000', '0.000', '0.000']
[010] v2_only    | atk=  A3 | V1=0 V2=1 | consensus=0 heal=1V2 | acc=38.48% | byz_w=['0.000', '0.000', '0.000']
[011] v2_only    | atk=  A2 | V1=0 V2=1 | consensus=0 heal=1V2 | acc=42.68% | byz_w=['0.000', '0.000', '0.000']
[012] v2_only    | atk=None | V1=0 V2=0 | consensus=1 heal=0 | acc=41.05% | byz_w=['0.000', '0.000', '0.000']
[013] v2_only    | atk=None | V1=0 V2=0 | consensus=1 heal=0 | acc=44.55% | byz_w=['0.000', '0.000', '0.000']
[014] v2_only    | atk=  A1 | V1=0 V2=1 | consensus=0 heal=1V2 | acc=44.45% | byz_w=['0.000', '0.000', '0.000']
[015] v2_only    | atk=  A1 | V1=0 V2=1 | consensus=0 heal=1V2 | acc=47.81% | byz_w=['0.000', '0.000', '0.000']
[016] v2_only    | atk=None | V1=0 V2=0 | consensus=1 heal=0 | acc=44.88% | byz_w=['0.000', '0.000', '0.000']
[017] v2_only    | atk=  A3 | V1=0 V2=1 | consensus=0 heal=1V2 | acc=46.08% | byz_w=['0.000', '0.000', '0.000']
[018] v2_only    | atk=  A2 | V1=0 V2=1 | consensus=0 heal=1V2 | acc=53.19% | byz_w=['0.000', '0.000', '0.000']
[019] v2_only    | atk=None | V1=0 V2=0 | consensus=1 heal=0 | acc=53.18% | byz_w=['0.000', '0.000', '0.000']
[020] v2_only    | atk=  A1 | V1=0 V2=1 | consensus=0 heal=1V2 | acc=49.66% | byz_w=['0.000', '0.000', '0.000']
[021] v2_only    | atk=None | V1=0 V2=0 | consensus=1 heal=0 | acc=50.32% | byz_w=['0.000', '0.000', '0.000']
[022] v2_only    | atk=None | V1=0 V2=0 | consensus=1 heal=0 | acc=53.63% | byz_w=['0.000', '0.000', '0.000']
[023] v2_only    | atk=  A3 | V1=0 V2=1 | consensus=0 heal=1V2 | acc=53.50% | byz_w=['0.000', '0.000', '0.000']
[024] v2_only    | atk=  A3 | V1=0 V2=1 | consensus=0 heal=1V2 | acc=53.59% | byz_w=['0.000', '0.000', '0.000']
[025] v2_only    | atk=None | V1=0 V2=0 | consensus=1 heal=0 | acc=56.30% | byz_w=['0.000', '0.000', '0.000']
[026] v2_only    | atk=  A2 | V1=0 V2=1 | consensus=0 heal=1V2 | acc=58.30% | byz_w=['0.000', '0.000', '0.000']
[027] v2_only    | atk=None | V1=0 V2=0 | consensus=1 heal=0 | acc=57.30% | byz_w=['0.000', '0.000', '0.000']
[028] v2_only    | atk=  A2 | V1=0 V2=1 | consensus=0 heal=1V2 | acc=57.38% | byz_w=['0.000', '0.000', '0.000']
[029] v2_only    | atk=  A1 | V1=0 V2=1 | consensus=0 heal=1V2 | acc=59.09% | byz_w=['0.000', '0.000', '0.000']
[030] v2_only    | atk=  A3 | V1=0 V2=1 | consensus=0 heal=1V2 | acc=58.81% | byz_w=['0.000', '0.000', '0.000']
[031] v2_only    | atk=None | V1=0 V2=0 | consensus=1 heal=0 | acc=58.56% | byz_w=['0.000', '0.000', '0.000']
[032] v2_only    | atk=  A3 | V1=0 V2=1 | consensus=0 heal=1V2 | acc=59.51% | byz_w=['0.000', '0.000', '0.000']
[033] v2_only    | atk=  A3 | V1=0 V2=1 | consensus=0 heal=1V2 | acc=60.13% | byz_w=['0.000', '0.000', '0.000']
[034] v2_only    | atk=  A2 | V1=0 V2=1 | consensus=0 heal=1V2 | acc=59.17% | byz_w=['0.000', '0.000', '0.000']
[035] v2_only    | atk=  A3 | V1=0 V2=1 | consensus=0 heal=1V2 | acc=62.99% | byz_w=['0.000', '0.000', '0.000']
[036] v2_only    | atk=  A3 | V1=0 V2=1 | consensus=0 heal=1V2 | acc=60.27% | byz_w=['0.000', '0.000', '0.000']
[037] v2_only    | atk=None | V1=0 V2=0 | consensus=1 heal=0 | acc=61.62% | byz_w=['0.000', '0.000', '0.000']
[038] v2_only    | atk=None | V1=0 V2=0 | consensus=1 heal=0 | acc=61.42% | byz_w=['0.000', '0.000', '0.000']
[039] v2_only    | atk=  A1 | V1=0 V2=1 | consensus=0 heal=1V2 | acc=61.92% | byz_w=['0.000', '0.000', '0.000']
[040] v2_only    | atk=None | V1=0 V2=0 | consensus=1 heal=0 | acc=62.53% | byz_w=['0.000', '0.000', '0.000']
[041] v2_only    | atk=  A2 | V1=0 V2=1 | consensus=0 heal=1V2 | acc=64.22% | byz_w=['0.000', '0.000', '0.000']
[042] v2_only    | atk=None | V1=0 V2=0 | consensus=1 heal=0 | acc=62.20% | byz_w=['0.000', '0.000', '0.000']
[043] v2_only    | atk=None | V1=0 V2=0 | consensus=1 heal=0 | acc=62.53% | byz_w=['0.000', '0.000', '0.000']
[044] v2_only    | atk=  A1 | V1=0 V2=1 | consensus=0 heal=1V2 | acc=63.76% | byz_w=['0.000', '0.000', '0.000']
[045] v2_only    | atk=None | V1=0 V2=0 | consensus=1 heal=0 | acc=63.06% | byz_w=['0.000', '0.000', '0.000']
[046] v2_only    | atk=  A3 | V1=0 V2=1 | consensus=0 heal=1V2 | acc=63.51% | byz_w=['0.000', '0.000', '0.000']
[047] v2_only    | atk=  A3 | V1=0 V2=1 | consensus=0 heal=1V2 | acc=64.29% | byz_w=['0.000', '0.000', '0.000']
[048] v2_only    | atk=  A2 | V1=0 V2=1 | consensus=0 heal=1V2 | acc=63.36% | byz_w=['0.000', '0.000', '0.000']
[049] v2_only    | atk=None | V1=0 V2=0 | consensus=1 heal=0 | acc=64.14% | byz_w=['0.000', '0.000', '0.000']
[050] v2_only    | atk=  A3 | V1=0 V2=1 | consensus=0 heal=1V2 | acc=61.97% | byz_w=['0.000', '0.000', '0.000']
[051] v2_only    | atk=None | V1=0 V2=0 | consensus=1 heal=0 | acc=63.80% | byz_w=['0.000', '0.000', '0.000']
[052] v2_only    | atk=None | V1=0 V2=0 | consensus=1 heal=0 | acc=62.53% | byz_w=['0.000', '0.000', '0.000']
[053] v2_only    | atk=  A1 | V1=0 V2=1 | consensus=0 heal=1V2 | acc=63.50% | byz_w=['0.000', '0.000', '0.000']
[054] v2_only    | atk=  A3 | V1=0 V2=1 | consensus=0 heal=1V2 | acc=64.25% | byz_w=['0.000', '0.000', '0.000']
[055] v2_only    | atk=  A3 | V1=0 V2=1 | consensus=0 heal=1V2 | acc=64.15% | byz_w=['0.000', '0.000', '0.000']
[056] v2_only    | atk=None | V1=0 V2=0 | consensus=1 heal=0 | acc=65.35% | byz_w=['0.000', '0.000', '0.000']
[057] v2_only    | atk=  A3 | V1=0 V2=1 | consensus=0 heal=1V2 | acc=63.68% | byz_w=['0.000', '0.000', '0.000']
[058] v2_only    | atk=  A2 | V1=0 V2=1 | consensus=0 heal=1V2 | acc=65.33% | byz_w=['0.000', '0.000', '0.000']
[059] v2_only    | atk=None | V1=0 V2=0 | consensus=1 heal=0 | acc=64.08% | byz_w=['0.000', '0.000', '0.000']
[060] v2_only    | atk=  A3 | V1=0 V2=1 | consensus=0 heal=1V2 | acc=64.65% | byz_w=['0.000', '0.000', '0.000']
[061] v2_only    | atk=  A2 | V1=0 V2=1 | consensus=0 heal=1V2 | acc=65.69% | byz_w=['0.000', '0.000', '0.000']
[062] v2_only    | atk=None | V1=0 V2=0 | consensus=1 heal=0 | acc=63.57% | byz_w=['0.000', '0.000', '0.000']
[063] v2_only    | atk=  A3 | V1=0 V2=1 | consensus=0 heal=1V2 | acc=66.66% | byz_w=['0.000', '0.000', '0.000']
[064] v2_only    | atk=  A3 | V1=0 V2=1 | consensus=0 heal=1V2 | acc=65.58% | byz_w=['0.000', '0.000', '0.000']
[065] v2_only    | atk=  A1 | V1=0 V2=1 | consensus=0 heal=1V2 | acc=63.01% | byz_w=['0.000', '0.000', '0.000']
[066] v2_only    | atk=  A2 | V1=0 V2=1 | consensus=0 heal=1V2 | acc=66.46% | byz_w=['0.000', '0.000', '0.000']
[067] v2_only    | atk=None | V1=0 V2=0 | consensus=1 heal=0 | acc=62.97% | byz_w=['0.000', '0.000', '0.000']
[068] v2_only    | atk=  A2 | V1=0 V2=1 | consensus=0 heal=1V2 | acc=65.14% | byz_w=['0.000', '0.000', '0.000']
[069] v2_only    | atk=None | V1=0 V2=0 | consensus=1 heal=0 | acc=67.02% | byz_w=['0.000', '0.000', '0.000']
[070] v2_only    | atk=None | V1=0 V2=0 | consensus=1 heal=0 | acc=66.14% | byz_w=['0.000', '0.000', '0.000']
[071] v2_only    | atk=None | V1=0 V2=0 | consensus=1 heal=0 | acc=66.05% | byz_w=['0.000', '0.000', '0.000']
[072] v2_only    | atk=  A3 | V1=0 V2=1 | consensus=0 heal=1V2 | acc=66.95% | byz_w=['0.000', '0.000', '0.000']
[073] v2_only    | atk=None | V1=0 V2=0 | consensus=1 heal=0 | acc=65.87% | byz_w=['0.000', '0.000', '0.000']
[074] v2_only    | atk=  A2 | V1=0 V2=1 | consensus=0 heal=1V2 | acc=66.58% | byz_w=['0.000', '0.000', '0.000']
[075] v2_only    | atk=  A3 | V1=0 V2=1 | consensus=0 heal=1V2 | acc=66.45% | byz_w=['0.000', '0.000', '0.000']
[076] v2_only    | atk=  A3 | V1=0 V2=1 | consensus=0 heal=1V2 | acc=67.22% | byz_w=['0.000', '0.000', '0.000']
[077] v2_only    | atk=None | V1=0 V2=0 | consensus=1 heal=0 | acc=64.37% | byz_w=['0.000', '0.000', '0.000']
[078] v2_only    | atk=  A2 | V1=0 V2=1 | consensus=0 heal=1V2 | acc=67.13% | byz_w=['0.000', '0.000', '0.000']
[079] v2_only    | atk=None | V1=0 V2=0 | consensus=1 heal=0 | acc=65.61% | byz_w=['0.000', '0.000', '0.000']
[080] v2_only    | atk=  A2 | V1=0 V2=1 | consensus=0 heal=1V2 | acc=66.66% | byz_w=['0.000', '0.000', '0.000']
[081] v2_only    | atk=None | V1=0 V2=0 | consensus=1 heal=0 | acc=65.44% | byz_w=['0.000', '0.000', '0.000']
[082] v2_only    | atk=  A3 | V1=0 V2=1 | consensus=0 heal=1V2 | acc=65.98% | byz_w=['0.000', '0.000', '0.000']
[083] v2_only    | atk=  A3 | V1=0 V2=1 | consensus=0 heal=1V2 | acc=64.34% | byz_w=['0.000', '0.000', '0.000']
[084] v2_only    | atk=  A1 | V1=0 V2=1 | consensus=0 heal=1V2 | acc=65.75% | byz_w=['0.000', '0.000', '0.000']
[085] v2_only    | atk=None | V1=0 V2=0 | consensus=1 heal=0 | acc=65.34% | byz_w=['0.000', '0.000', '0.000']
[086] v2_only    | atk=None | V1=0 V2=0 | consensus=1 heal=0 | acc=67.36% | byz_w=['0.000', '0.000', '0.000']
[087] v2_only    | atk=  A1 | V1=0 V2=1 | consensus=0 heal=1V2 | acc=68.11% | byz_w=['0.000', '0.000', '0.000']
[088] v2_only    | atk=  A1 | V1=0 V2=1 | consensus=0 heal=1V2 | acc=67.91% | byz_w=['0.000', '0.000', '0.000']
[089] v2_only    | atk=  A2 | V1=0 V2=1 | consensus=0 heal=1V2 | acc=65.97% | byz_w=['0.000', '0.000', '0.000']
[090] v2_only    | atk=None | V1=0 V2=0 | consensus=1 heal=0 | acc=66.89% | byz_w=['0.000', '0.000', '0.000']
[091] v2_only    | atk=None | V1=0 V2=0 | consensus=1 heal=0 | acc=66.67% | byz_w=['0.000', '0.000', '0.000']
[092] v2_only    | atk=  A2 | V1=0 V2=1 | consensus=0 heal=1V2 | acc=66.48% | byz_w=['0.000', '0.000', '0.000']
[093] v2_only    | atk=  A3 | V1=0 V2=1 | consensus=0 heal=1V2 | acc=66.82% | byz_w=['0.000', '0.000', '0.000']
[094] v2_only    | atk=None | V1=0 V2=0 | consensus=1 heal=0 | acc=68.32% | byz_w=['0.000', '0.000', '0.000']
[095] v2_only    | atk=None | V1=0 V2=0 | consensus=1 heal=0 | acc=67.04% | byz_w=['0.000', '0.000', '0.000']
[096] v2_only    | atk=None | V1=0 V2=0 | consensus=1 heal=0 | acc=66.88% | byz_w=['0.000', '0.000', '0.000']
[097] v2_only    | atk=  A2 | V1=0 V2=1 | consensus=0 heal=1V2 | acc=67.30% | byz_w=['0.000', '0.000', '0.000']
[098] v2_only    | atk=  A3 | V1=0 V2=1 | consensus=0 heal=1V2 | acc=68.57% | byz_w=['0.000', '0.000', '0.000']
[099] v2_only    | atk=  A2 | V1=0 V2=1 | consensus=0 heal=1V2 | acc=68.38% | byz_w=['0.000', '0.000', '0.000']
[100] v2_only    | atk=  A2 | V1=0 V2=1 | consensus=0 heal=1V2 | acc=68.54% | byz_w=['0.000', '0.000', '0.000']
[101] v2_only    | atk=  A3 | V1=0 V2=1 | consensus=0 heal=1V2 | acc=66.27% | byz_w=['0.000', '0.000', '0.000']
[102] v2_only    | atk=None | V1=0 V2=0 | consensus=1 heal=0 | acc=69.69% | byz_w=['0.000', '0.000', '0.000']
[103] v2_only    | atk=  A3 | V1=0 V2=1 | consensus=0 heal=1V2 | acc=66.22% | byz_w=['0.000', '0.000', '0.000']
[104] v2_only    | atk=  A2 | V1=0 V2=1 | consensus=0 heal=1V2 | acc=66.42% | byz_w=['0.000', '0.000', '0.000']
[105] v2_only    | atk=  A3 | V1=0 V2=1 | consensus=0 heal=1V2 | acc=69.54% | byz_w=['0.000', '0.000', '0.000']
[106] v2_only    | atk=None | V1=0 V2=0 | consensus=1 heal=0 | acc=68.28% | byz_w=['0.000', '0.000', '0.000']
[107] v2_only    | atk=None | V1=0 V2=0 | consensus=1 heal=0 | acc=68.29% | byz_w=['0.000', '0.000', '0.000']
[108] v2_only    | atk=None | V1=0 V2=0 | consensus=1 heal=0 | acc=68.83% | byz_w=['0.000', '0.000', '0.000']
[109] v2_only    | atk=  A2 | V1=0 V2=1 | consensus=0 heal=1V2 | acc=68.76% | byz_w=['0.000', '0.000', '0.000']
[110] v2_only    | atk=  A2 | V1=0 V2=1 | consensus=0 heal=1V2 | acc=68.26% | byz_w=['0.000', '0.000', '0.000']
[111] v2_only    | atk=  A1 | V1=0 V2=1 | consensus=0 heal=1V2 | acc=67.80% | byz_w=['0.000', '0.000', '0.000']
[112] v2_only    | atk=None | V1=0 V2=0 | consensus=1 heal=0 | acc=66.35% | byz_w=['0.000', '0.000', '0.000']
[113] v2_only    | atk=  A2 | V1=0 V2=1 | consensus=0 heal=1V2 | acc=68.69% | byz_w=['0.000', '0.000', '0.000']
[114] v2_only    | atk=None | V1=0 V2=0 | consensus=1 heal=0 | acc=68.70% | byz_w=['0.000', '0.000', '0.000']
[115] v2_only    | atk=None | V1=0 V2=0 | consensus=1 heal=0 | acc=69.59% | byz_w=['0.000', '0.000', '0.000']
[116] v2_only    | atk=  A3 | V1=0 V2=1 | consensus=0 heal=1V2 | acc=68.49% | byz_w=['0.000', '0.000', '0.000']
[117] v2_only    | atk=  A2 | V1=0 V2=1 | consensus=0 heal=1V2 | acc=67.26% | byz_w=['0.000', '0.000', '0.000']
[118] v2_only    | atk=  A1 | V1=0 V2=1 | consensus=0 heal=1V2 | acc=68.37% | byz_w=['0.000', '0.000', '0.000']
[119] v2_only    | atk=None | V1=0 V2=0 | consensus=1 heal=0 | acc=65.61% | byz_w=['0.000', '0.000', '0.000']
[120] v2_only    | atk=  A2 | V1=0 V2=1 | consensus=0 heal=1V2 | acc=69.19% | byz_w=['0.000', '0.000', '0.000']
[121] v2_only    | atk=  A1 | V1=0 V2=1 | consensus=0 heal=1V2 | acc=66.82% | byz_w=['0.000', '0.000', '0.000']
[122] v2_only    | atk=None | V1=0 V2=0 | consensus=1 heal=0 | acc=69.31% | byz_w=['0.000', '0.000', '0.000']
[123] v2_only    | atk=  A3 | V1=0 V2=1 | consensus=0 heal=1V2 | acc=67.21% | byz_w=['0.000', '0.000', '0.000']
[124] v2_only    | atk=  A1 | V1=0 V2=1 | consensus=0 heal=1V2 | acc=67.27% | byz_w=['0.000', '0.000', '0.000']
[125] v2_only    | atk=None | V1=0 V2=0 | consensus=1 heal=0 | acc=67.98% | byz_w=['0.000', '0.000', '0.000']
[126] v2_only    | atk=None | V1=0 V2=0 | consensus=1 heal=0 | acc=69.17% | byz_w=['0.000', '0.000', '0.000']
[127] v2_only    | atk=  A1 | V1=0 V2=1 | consensus=0 heal=1V2 | acc=68.67% | byz_w=['0.000', '0.000', '0.000']
[128] v2_only    | atk=  A3 | V1=0 V2=1 | consensus=0 heal=1V2 | acc=67.83% | byz_w=['0.000', '0.000', '0.000']
[129] v2_only    | atk=  A3 | V1=0 V2=1 | consensus=0 heal=1V2 | acc=69.71% | byz_w=['0.000', '0.000', '0.000']
[130] v2_only    | atk=None | V1=0 V2=0 | consensus=1 heal=0 | acc=68.17% | byz_w=['0.000', '0.000', '0.000']
[131] v2_only    | atk=  A1 | V1=0 V2=1 | consensus=0 heal=1V2 | acc=68.58% | byz_w=['0.000', '0.000', '0.000']
[132] v2_only    | atk=  A1 | V1=0 V2=1 | consensus=0 heal=1V2 | acc=68.39% | byz_w=['0.000', '0.000', '0.000']
[133] v2_only    | atk=  A3 | V1=0 V2=1 | consensus=0 heal=1V2 | acc=69.00% | byz_w=['0.000', '0.000', '0.000']
[134] v2_only    | atk=None | V1=0 V2=0 | consensus=1 heal=0 | acc=69.46% | byz_w=['0.000', '0.000', '0.000']
[135] v2_only    | atk=  A2 | V1=0 V2=1 | consensus=0 heal=1V2 | acc=66.72% | byz_w=['0.000', '0.000', '0.000']
[136] v2_only    | atk=  A3 | V1=0 V2=1 | consensus=0 heal=1V2 | acc=69.83% | byz_w=['0.000', '0.000', '0.000']
[137] v2_only    | atk=  A3 | V1=0 V2=1 | consensus=0 heal=1V2 | acc=68.27% | byz_w=['0.000', '0.000', '0.000']
[138] v2_only    | atk=None | V1=0 V2=0 | consensus=1 heal=0 | acc=69.99% | byz_w=['0.000', '0.000', '0.000']
[139] v2_only    | atk=None | V1=0 V2=0 | consensus=1 heal=0 | acc=69.46% | byz_w=['0.000', '0.000', '0.000']
[140] v2_only    | atk=None | V1=0 V2=0 | consensus=1 heal=0 | acc=68.63% | byz_w=['0.000', '0.000', '0.000']
[141] v2_only    | atk=None | V1=0 V2=0 | consensus=1 heal=0 | acc=69.92% | byz_w=['0.000', '0.000', '0.000']
[142] v2_only    | atk=  A2 | V1=0 V2=1 | consensus=0 heal=1V2 | acc=70.20% | byz_w=['0.000', '0.000', '0.000']
[143] v2_only    | atk=  A3 | V1=0 V2=1 | consensus=0 heal=1V2 | acc=69.00% | byz_w=['0.000', '0.000', '0.000']
[144] v2_only    | atk=  A3 | V1=0 V2=1 | consensus=0 heal=1V2 | acc=70.11% | byz_w=['0.000', '0.000', '0.000']
[145] v2_only    | atk=  A1 | V1=0 V2=1 | consensus=0 heal=1V2 | acc=69.37% | byz_w=['0.000', '0.000', '0.000']
[146] v2_only    | atk=None | V1=0 V2=0 | consensus=1 heal=0 | acc=67.50% | byz_w=['0.000', '0.000', '0.000']
[147] v2_only    | atk=None | V1=0 V2=0 | consensus=1 heal=0 | acc=67.82% | byz_w=['0.000', '0.000', '0.000']
[148] v2_only    | atk=  A3 | V1=0 V2=1 | consensus=0 heal=1V2 | acc=68.42% | byz_w=['0.000', '0.000', '0.000']
[149] v2_only    | atk=None | V1=0 V2=0 | consensus=1 heal=0 | acc=70.04% | byz_w=['0.000', '0.000', '0.000']
[150] v2_only    | atk=  A2 | V1=0 V2=1 | consensus=0 heal=1V2 | acc=67.58% | byz_w=['0.000', '0.000', '0.000']
[151] v2_only    | atk=None | V1=0 V2=0 | consensus=1 heal=0 | acc=69.49% | byz_w=['0.000', '0.000', '0.000']
[152] v2_only    | atk=None | V1=0 V2=0 | consensus=1 heal=0 | acc=69.89% | byz_w=['0.000', '0.000', '0.000']
[153] v2_only    | atk=  A1 | V1=0 V2=1 | consensus=0 heal=1V2 | acc=70.76% | byz_w=['0.000', '0.000', '0.000']
[154] v2_only    | atk=  A1 | V1=0 V2=1 | consensus=0 heal=1V2 | acc=64.93% | byz_w=['0.000', '0.000', '0.000']
[155] v2_only    | atk=  A1 | V1=0 V2=1 | consensus=0 heal=1V2 | acc=69.42% | byz_w=['0.000', '0.000', '0.000']
[156] v2_only    | atk=  A1 | V1=0 V2=1 | consensus=0 heal=1V2 | acc=70.65% | byz_w=['0.000', '0.000', '0.000']
[157] v2_only    | atk=None | V1=0 V2=0 | consensus=1 heal=0 | acc=69.44% | byz_w=['0.000', '0.000', '0.000']
[158] v2_only    | atk=  A2 | V1=0 V2=1 | consensus=0 heal=1V2 | acc=66.82% | byz_w=['0.000', '0.000', '0.000']
[159] v2_only    | atk=None | V1=0 V2=0 | consensus=1 heal=0 | acc=71.13% | byz_w=['0.000', '0.000', '0.000']
[160] v2_only    | atk=  A3 | V1=0 V2=1 | consensus=0 heal=1V2 | acc=69.23% | byz_w=['0.000', '0.000', '0.000']
[161] v2_only    | atk=  A3 | V1=0 V2=1 | consensus=0 heal=1V2 | acc=69.41% | byz_w=['0.000', '0.000', '0.000']
[162] v2_only    | atk=  A1 | V1=0 V2=1 | consensus=0 heal=1V2 | acc=70.54% | byz_w=['0.000', '0.000', '0.000']
[163] v2_only    | atk=  A2 | V1=0 V2=1 | consensus=0 heal=1V2 | acc=70.33% | byz_w=['0.000', '0.000', '0.000']
[164] v2_only    | atk=None | V1=0 V2=0 | consensus=1 heal=0 | acc=70.35% | byz_w=['0.000', '0.000', '0.000']
[165] v2_only    | atk=None | V1=0 V2=0 | consensus=1 heal=0 | acc=68.10% | byz_w=['0.000', '0.000', '0.000']
[166] v2_only    | atk=  A3 | V1=0 V2=1 | consensus=0 heal=1V2 | acc=70.63% | byz_w=['0.000', '0.000', '0.000']
[167] v2_only    | atk=  A1 | V1=0 V2=1 | consensus=0 heal=1V2 | acc=70.79% | byz_w=['0.000', '0.000', '0.000']
[168] v2_only    | atk=None | V1=0 V2=0 | consensus=1 heal=0 | acc=70.46% | byz_w=['0.000', '0.000', '0.000']
[169] v2_only    | atk=None | V1=0 V2=0 | consensus=1 heal=0 | acc=68.21% | byz_w=['0.000', '0.000', '0.000']
[170] v2_only    | atk=  A2 | V1=0 V2=1 | consensus=0 heal=1V2 | acc=70.85% | byz_w=['0.000', '0.000', '0.000']
[171] v2_only    | atk=  A1 | V1=0 V2=1 | consensus=0 heal=1V2 | acc=68.85% | byz_w=['0.000', '0.000', '0.000']
[172] v2_only    | atk=None | V1=0 V2=0 | consensus=1 heal=0 | acc=70.32% | byz_w=['0.000', '0.000', '0.000']
[173] v2_only    | atk=None | V1=0 V2=0 | consensus=1 heal=0 | acc=69.52% | byz_w=['0.000', '0.000', '0.000']
[174] v2_only    | atk=  A3 | V1=0 V2=1 | consensus=0 heal=1V2 | acc=68.24% | byz_w=['0.000', '0.000', '0.000']
[175] v2_only    | atk=  A3 | V1=0 V2=1 | consensus=0 heal=1V2 | acc=71.75% | byz_w=['0.000', '0.000', '0.000']
[176] v2_only    | atk=  A1 | V1=0 V2=1 | consensus=0 heal=1V2 | acc=69.59% | byz_w=['0.000', '0.000', '0.000']
[177] v2_only    | atk=None | V1=0 V2=0 | consensus=1 heal=0 | acc=70.83% | byz_w=['0.000', '0.000', '0.000']
[178] v2_only    | atk=  A3 | V1=0 V2=1 | consensus=0 heal=1V2 | acc=69.77% | byz_w=['0.000', '0.000', '0.000']
[179] v2_only    | atk=  A3 | V1=0 V2=1 | consensus=0 heal=1V2 | acc=68.78% | byz_w=['0.000', '0.000', '0.000']
[180] v2_only    | atk=None | V1=0 V2=0 | consensus=1 heal=0 | acc=66.21% | byz_w=['0.000', '0.000', '0.000']
[181] v2_only    | atk=None | V1=0 V2=0 | consensus=1 heal=0 | acc=69.02% | byz_w=['0.000', '0.000', '0.000']
[182] v2_only    | atk=  A1 | V1=0 V2=1 | consensus=0 heal=1V2 | acc=69.62% | byz_w=['0.000', '0.000', '0.000']
[183] v2_only    | atk=None | V1=0 V2=0 | consensus=1 heal=0 | acc=71.31% | byz_w=['0.000', '0.000', '0.000']
[184] v2_only    | atk=  A3 | V1=0 V2=1 | consensus=0 heal=1V2 | acc=70.59% | byz_w=['0.000', '0.000', '0.000']
[185] v2_only    | atk=  A2 | V1=0 V2=1 | consensus=0 heal=1V2 | acc=69.39% | byz_w=['0.000', '0.000', '0.000']
[186] v2_only    | atk=  A1 | V1=0 V2=1 | consensus=0 heal=1V2 | acc=71.76% | byz_w=['0.000', '0.000', '0.000']
[187] v2_only    | atk=  A3 | V1=0 V2=1 | consensus=0 heal=1V2 | acc=70.33% | byz_w=['0.000', '0.000', '0.000']
[188] v2_only    | atk=None | V1=0 V2=0 | consensus=1 heal=0 | acc=70.66% | byz_w=['0.000', '0.000', '0.000']
[189] v2_only    | atk=None | V1=0 V2=0 | consensus=1 heal=0 | acc=71.07% | byz_w=['0.000', '0.000', '0.000']
[190] v2_only    | atk=  A3 | V1=0 V2=1 | consensus=0 heal=1V2 | acc=69.76% | byz_w=['0.000', '0.000', '0.000']
[191] v2_only    | atk=  A1 | V1=0 V2=1 | consensus=0 heal=1V2 | acc=69.99% | byz_w=['0.000', '0.000', '0.000']
[192] v2_only    | atk=None | V1=0 V2=0 | consensus=1 heal=0 | acc=69.72% | byz_w=['0.000', '0.000', '0.000']
[193] v2_only    | atk=  A3 | V1=0 V2=1 | consensus=0 heal=1V2 | acc=70.48% | byz_w=['0.000', '0.000', '0.000']
[194] v2_only    | atk=  A2 | V1=0 V2=1 | consensus=0 heal=1V2 | acc=70.44% | byz_w=['0.000', '0.000', '0.000']
[195] v2_only    | atk=  A3 | V1=0 V2=1 | consensus=0 heal=1V2 | acc=70.78% | byz_w=['0.000', '0.000', '0.000']
[196] v2_only    | atk=  A2 | V1=0 V2=1 | consensus=0 heal=1V2 | acc=70.40% | byz_w=['0.000', '0.000', '0.000']
[197] v2_only    | atk=None | V1=0 V2=0 | consensus=1 heal=0 | acc=70.60% | byz_w=['0.000', '0.000', '0.000']
[198] v2_only    | atk=  A3 | V1=0 V2=1 | consensus=0 heal=1V2 | acc=71.78% | byz_w=['0.000', '0.000', '0.000']
[199] v2_only    | atk=None | V1=0 V2=0 | consensus=1 heal=0 | acc=70.38% | byz_w=['0.000', '0.000', '0.000']
[200] v2_only    | atk=None | V1=0 V2=0 | consensus=1 heal=0 | acc=68.37% | byz_w=['0.000', '0.000', '0.000']

============================================================
=== TAS ===
[001] tas        | atk=None | V1=0 V2=0 | consensus=1 heal=0 | acc=14.27% | byz_w=['0.000', '0.000', '0.000']
[002] tas        | atk=  A3 | V1=1 V2=0 | consensus=0 heal=1V1 | acc=19.39% | byz_w=['0.000', '0.000', '0.017']
[003] tas        | atk=None | V1=0 V2=0 | consensus=1 heal=0 | acc=24.61% | byz_w=['0.000', '0.000', '0.013']
[004] tas        | atk=None | V1=0 V2=0 | consensus=1 heal=0 | acc=29.17% | byz_w=['0.000', '0.000', '0.004']
[005] tas        | atk=  A3 | V1=1 V2=1 | consensus=0 heal=1V1 | acc=31.64% | byz_w=['0.000', '0.000', '0.001']
[006] tas        | atk=  A2 | V1=1 V2=1 | consensus=0 heal=1V1 | acc=31.52% | byz_w=['0.000', '0.000', '0.000']
[007] tas        | atk=None | V1=0 V2=0 | consensus=1 heal=0 | acc=33.58% | byz_w=['0.000', '0.000', '0.000']
[008] tas        | atk=  A3 | V1=1 V2=1 | consensus=0 heal=1V1 | acc=35.96% | byz_w=['0.000', '0.000', '0.000']
[009] tas        | atk=  A2 | V1=0 V2=1 | consensus=0 heal=1V2 | acc=38.71% | byz_w=['0.000', '0.000', '0.000']
[010] tas        | atk=  A3 | V1=1 V2=1 | consensus=0 heal=1V1 | acc=41.50% | byz_w=['0.000', '0.000', '0.000']
[011] tas        | atk=  A2 | V1=1 V2=1 | consensus=0 heal=1V1 | acc=44.66% | byz_w=['0.000', '0.000', '0.000']
[012] tas        | atk=None | V1=0 V2=0 | consensus=1 heal=0 | acc=44.32% | byz_w=['0.000', '0.000', '0.000']
[013] tas        | atk=None | V1=0 V2=0 | consensus=1 heal=0 | acc=48.34% | byz_w=['0.000', '0.000', '0.000']
[014] tas        | atk=  A1 | V1=1 V2=1 | consensus=0 heal=1V1 | acc=46.03% | byz_w=['0.000', '0.000', '0.000']
[015] tas        | atk=  A1 | V1=1 V2=1 | consensus=0 heal=1V1 | acc=51.13% | byz_w=['0.000', '0.000', '0.000']
[016] tas        | atk=None | V1=0 V2=0 | consensus=1 heal=0 | acc=50.43% | byz_w=['0.000', '0.000', '0.000']
[017] tas        | atk=  A3 | V1=1 V2=1 | consensus=0 heal=1V1 | acc=51.58% | byz_w=['0.000', '0.000', '0.000']
[018] tas        | atk=  A2 | V1=1 V2=1 | consensus=0 heal=1V1 | acc=50.83% | byz_w=['0.000', '0.000', '0.000']
[019] tas        | atk=None | V1=0 V2=0 | consensus=1 heal=0 | acc=54.22% | byz_w=['0.000', '0.000', '0.000']
[020] tas        | atk=  A1 | V1=1 V2=1 | consensus=0 heal=1V1 | acc=56.55% | byz_w=['0.000', '0.000', '0.000']
[021] tas        | atk=None | V1=0 V2=0 | consensus=1 heal=0 | acc=57.29% | byz_w=['0.000', '0.000', '0.000']
[022] tas        | atk=None | V1=0 V2=0 | consensus=1 heal=0 | acc=56.01% | byz_w=['0.000', '0.000', '0.000']
[023] tas        | atk=  A3 | V1=1 V2=1 | consensus=0 heal=1V1 | acc=57.17% | byz_w=['0.000', '0.000', '0.000']
[024] tas        | atk=  A3 | V1=0 V2=1 | consensus=0 heal=1V2 | acc=59.04% | byz_w=['0.000', '0.000', '0.000']
[025] tas        | atk=None | V1=0 V2=0 | consensus=1 heal=0 | acc=59.23% | byz_w=['0.000', '0.000', '0.000']
[026] tas        | atk=  A2 | V1=0 V2=1 | consensus=0 heal=1V2 | acc=58.81% | byz_w=['0.000', '0.000', '0.000']
[027] tas        | atk=None | V1=0 V2=0 | consensus=1 heal=0 | acc=60.00% | byz_w=['0.000', '0.000', '0.000']
[028] tas        | atk=  A2 | V1=1 V2=1 | consensus=0 heal=1V1 | acc=59.25% | byz_w=['0.000', '0.000', '0.000']
[029] tas        | atk=  A1 | V1=1 V2=1 | consensus=0 heal=1V1 | acc=61.15% | byz_w=['0.000', '0.000', '0.000']
[030] tas        | atk=  A3 | V1=1 V2=1 | consensus=0 heal=1V1 | acc=60.48% | byz_w=['0.000', '0.000', '0.000']
[031] tas        | atk=None | V1=0 V2=0 | consensus=1 heal=0 | acc=60.83% | byz_w=['0.000', '0.000', '0.000']
[032] tas        | atk=  A3 | V1=1 V2=1 | consensus=0 heal=1V1 | acc=61.47% | byz_w=['0.000', '0.000', '0.000']
[033] tas        | atk=  A3 | V1=1 V2=1 | consensus=0 heal=1V1 | acc=63.85% | byz_w=['0.000', '0.000', '0.000']
[034] tas        | atk=  A2 | V1=1 V2=1 | consensus=0 heal=1V1 | acc=61.37% | byz_w=['0.000', '0.000', '0.000']
[035] tas        | atk=  A3 | V1=1 V2=1 | consensus=0 heal=1V1 | acc=63.53% | byz_w=['0.000', '0.000', '0.000']
[036] tas        | atk=  A3 | V1=1 V2=1 | consensus=0 heal=1V1 | acc=63.98% | byz_w=['0.000', '0.000', '0.000']
[037] tas        | atk=None | V1=0 V2=0 | consensus=1 heal=0 | acc=63.53% | byz_w=['0.000', '0.000', '0.000']
[038] tas        | atk=None | V1=0 V2=0 | consensus=1 heal=0 | acc=62.90% | byz_w=['0.000', '0.000', '0.000']
[039] tas        | atk=  A1 | V1=1 V2=1 | consensus=0 heal=1V1 | acc=63.57% | byz_w=['0.000', '0.000', '0.000']
[040] tas        | atk=None | V1=0 V2=0 | consensus=1 heal=0 | acc=62.20% | byz_w=['0.000', '0.000', '0.000']
[041] tas        | atk=  A2 | V1=0 V2=1 | consensus=0 heal=1V2 | acc=63.84% | byz_w=['0.000', '0.000', '0.000']
[042] tas        | atk=None | V1=0 V2=0 | consensus=1 heal=0 | acc=63.21% | byz_w=['0.000', '0.000', '0.000']
[043] tas        | atk=None | V1=0 V2=0 | consensus=1 heal=0 | acc=64.16% | byz_w=['0.000', '0.000', '0.000']
[044] tas        | atk=  A1 | V1=1 V2=1 | consensus=0 heal=1V1 | acc=64.49% | byz_w=['0.000', '0.000', '0.000']
[045] tas        | atk=None | V1=0 V2=0 | consensus=1 heal=0 | acc=64.14% | byz_w=['0.000', '0.000', '0.000']
[046] tas        | atk=  A3 | V1=1 V2=1 | consensus=0 heal=1V1 | acc=63.90% | byz_w=['0.000', '0.000', '0.000']
[047] tas        | atk=  A3 | V1=1 V2=1 | consensus=0 heal=1V1 | acc=65.66% | byz_w=['0.000', '0.000', '0.000']
[048] tas        | atk=  A2 | V1=1 V2=1 | consensus=0 heal=1V1 | acc=64.31% | byz_w=['0.000', '0.000', '0.000']
[049] tas        | atk=None | V1=0 V2=0 | consensus=1 heal=0 | acc=67.20% | byz_w=['0.000', '0.000', '0.000']
[050] tas        | atk=  A3 | V1=1 V2=1 | consensus=0 heal=1V1 | acc=64.75% | byz_w=['0.000', '0.000', '0.000']
[051] tas        | atk=None | V1=0 V2=0 | consensus=1 heal=0 | acc=66.73% | byz_w=['0.000', '0.000', '0.000']
[052] tas        | atk=None | V1=0 V2=0 | consensus=1 heal=0 | acc=64.96% | byz_w=['0.000', '0.000', '0.000']
[053] tas        | atk=  A1 | V1=1 V2=1 | consensus=0 heal=1V1 | acc=65.66% | byz_w=['0.000', '0.000', '0.000']
[054] tas        | atk=  A3 | V1=1 V2=1 | consensus=0 heal=1V1 | acc=65.04% | byz_w=['0.000', '0.000', '0.000']
[055] tas        | atk=  A3 | V1=1 V2=1 | consensus=0 heal=1V1 | acc=65.47% | byz_w=['0.000', '0.000', '0.000']
[056] tas        | atk=None | V1=0 V2=0 | consensus=1 heal=0 | acc=67.94% | byz_w=['0.000', '0.000', '0.000']
[057] tas        | atk=  A3 | V1=1 V2=1 | consensus=0 heal=1V1 | acc=66.31% | byz_w=['0.000', '0.000', '0.000']
[058] tas        | atk=  A2 | V1=1 V2=1 | consensus=0 heal=1V1 | acc=66.73% | byz_w=['0.000', '0.000', '0.000']
[059] tas        | atk=None | V1=0 V2=0 | consensus=1 heal=0 | acc=66.65% | byz_w=['0.000', '0.000', '0.000']
[060] tas        | atk=  A3 | V1=1 V2=1 | consensus=0 heal=1V1 | acc=65.84% | byz_w=['0.000', '0.000', '0.000']
[061] tas        | atk=  A2 | V1=1 V2=1 | consensus=0 heal=1V1 | acc=67.40% | byz_w=['0.000', '0.000', '0.000']
[062] tas        | atk=None | V1=0 V2=0 | consensus=1 heal=0 | acc=66.53% | byz_w=['0.000', '0.000', '0.000']
[063] tas        | atk=  A3 | V1=0 V2=1 | consensus=0 heal=1V2 | acc=64.48% | byz_w=['0.000', '0.000', '0.000']
[064] tas        | atk=  A3 | V1=1 V2=1 | consensus=0 heal=1V1 | acc=66.95% | byz_w=['0.000', '0.000', '0.000']
[065] tas        | atk=  A1 | V1=1 V2=1 | consensus=0 heal=1V1 | acc=68.18% | byz_w=['0.000', '0.000', '0.000']
[066] tas        | atk=  A2 | V1=1 V2=1 | consensus=0 heal=1V1 | acc=66.30% | byz_w=['0.000', '0.000', '0.000']
[067] tas        | atk=None | V1=0 V2=0 | consensus=1 heal=0 | acc=66.91% | byz_w=['0.000', '0.000', '0.000']
[068] tas        | atk=  A2 | V1=1 V2=1 | consensus=0 heal=1V1 | acc=67.09% | byz_w=['0.000', '0.000', '0.000']
[069] tas        | atk=None | V1=0 V2=0 | consensus=1 heal=0 | acc=66.40% | byz_w=['0.000', '0.000', '0.000']
[070] tas        | atk=None | V1=0 V2=0 | consensus=1 heal=0 | acc=67.84% | byz_w=['0.000', '0.000', '0.000']
[071] tas        | atk=None | V1=0 V2=0 | consensus=1 heal=0 | acc=66.01% | byz_w=['0.000', '0.000', '0.000']
[072] tas        | atk=  A3 | V1=1 V2=1 | consensus=0 heal=1V1 | acc=66.39% | byz_w=['0.000', '0.000', '0.000']
[073] tas        | atk=None | V1=0 V2=0 | consensus=1 heal=0 | acc=67.75% | byz_w=['0.000', '0.000', '0.000']
[074] tas        | atk=  A2 | V1=1 V2=1 | consensus=0 heal=1V1 | acc=68.39% | byz_w=['0.000', '0.000', '0.000']
[075] tas        | atk=  A3 | V1=1 V2=1 | consensus=0 heal=1V1 | acc=67.59% | byz_w=['0.000', '0.000', '0.000']
[076] tas        | atk=  A3 | V1=0 V2=1 | consensus=0 heal=1V2 | acc=65.05% | byz_w=['0.000', '0.000', '0.000']
[077] tas        | atk=None | V1=0 V2=0 | consensus=1 heal=0 | acc=68.01% | byz_w=['0.000', '0.000', '0.000']
[078] tas        | atk=  A2 | V1=1 V2=1 | consensus=0 heal=1V1 | acc=69.29% | byz_w=['0.000', '0.000', '0.000']
[079] tas        | atk=None | V1=0 V2=0 | consensus=1 heal=0 | acc=68.18% | byz_w=['0.000', '0.000', '0.000']
[080] tas        | atk=  A2 | V1=1 V2=1 | consensus=0 heal=1V1 | acc=67.64% | byz_w=['0.000', '0.000', '0.000']
[081] tas        | atk=None | V1=0 V2=0 | consensus=1 heal=0 | acc=67.36% | byz_w=['0.000', '0.000', '0.000']
[082] tas        | atk=  A3 | V1=1 V2=1 | consensus=0 heal=1V1 | acc=66.79% | byz_w=['0.000', '0.000', '0.000']
[083] tas        | atk=  A3 | V1=1 V2=1 | consensus=0 heal=1V1 | acc=67.68% | byz_w=['0.000', '0.000', '0.000']
[084] tas        | atk=  A1 | V1=0 V2=1 | consensus=0 heal=1V2 | acc=67.43% | byz_w=['0.000', '0.000', '0.000']
[085] tas        | atk=None | V1=0 V2=0 | consensus=1 heal=0 | acc=67.91% | byz_w=['0.000', '0.000', '0.000']
[086] tas        | atk=None | V1=0 V2=0 | consensus=1 heal=0 | acc=68.39% | byz_w=['0.000', '0.000', '0.000']
[087] tas        | atk=  A1 | V1=1 V2=1 | consensus=0 heal=1V1 | acc=69.04% | byz_w=['0.000', '0.000', '0.000']
[088] tas        | atk=  A1 | V1=0 V2=1 | consensus=0 heal=1V2 | acc=67.10% | byz_w=['0.000', '0.000', '0.000']
[089] tas        | atk=  A2 | V1=1 V2=1 | consensus=0 heal=1V1 | acc=70.12% | byz_w=['0.000', '0.000', '0.000']
[090] tas        | atk=None | V1=0 V2=0 | consensus=1 heal=0 | acc=69.38% | byz_w=['0.000', '0.000', '0.000']
[091] tas        | atk=None | V1=0 V2=0 | consensus=1 heal=0 | acc=68.17% | byz_w=['0.000', '0.000', '0.000']
[092] tas        | atk=  A2 | V1=1 V2=1 | consensus=0 heal=1V1 | acc=69.91% | byz_w=['0.000', '0.000', '0.000']
[093] tas        | atk=  A3 | V1=1 V2=1 | consensus=0 heal=1V1 | acc=68.53% | byz_w=['0.000', '0.000', '0.000']
[094] tas        | atk=None | V1=0 V2=0 | consensus=1 heal=0 | acc=68.37% | byz_w=['0.000', '0.000', '0.000']
[095] tas        | atk=None | V1=0 V2=0 | consensus=1 heal=0 | acc=69.22% | byz_w=['0.000', '0.000', '0.000']
[096] tas        | atk=None | V1=0 V2=0 | consensus=1 heal=0 | acc=66.74% | byz_w=['0.000', '0.000', '0.000']
[097] tas        | atk=  A2 | V1=1 V2=1 | consensus=0 heal=1V1 | acc=69.29% | byz_w=['0.000', '0.000', '0.000']
[098] tas        | atk=  A3 | V1=1 V2=1 | consensus=0 heal=1V1 | acc=67.52% | byz_w=['0.000', '0.000', '0.000']
[099] tas        | atk=  A2 | V1=0 V2=1 | consensus=0 heal=1V2 | acc=69.99% | byz_w=['0.000', '0.000', '0.000']
[100] tas        | atk=  A2 | V1=1 V2=1 | consensus=0 heal=1V1 | acc=68.70% | byz_w=['0.000', '0.000', '0.000']
[101] tas        | atk=  A3 | V1=1 V2=1 | consensus=0 heal=1V1 | acc=67.36% | byz_w=['0.000', '0.000', '0.000']
[102] tas        | atk=None | V1=0 V2=0 | consensus=1 heal=0 | acc=70.49% | byz_w=['0.000', '0.000', '0.000']
[103] tas        | atk=  A3 | V1=1 V2=1 | consensus=0 heal=1V1 | acc=66.45% | byz_w=['0.000', '0.000', '0.000']
[104] tas        | atk=  A2 | V1=1 V2=1 | consensus=0 heal=1V1 | acc=69.77% | byz_w=['0.000', '0.000', '0.000']
[105] tas        | atk=  A3 | V1=1 V2=1 | consensus=0 heal=1V1 | acc=70.41% | byz_w=['0.000', '0.000', '0.000']
[106] tas        | atk=None | V1=0 V2=0 | consensus=1 heal=0 | acc=67.36% | byz_w=['0.000', '0.000', '0.000']
[107] tas        | atk=None | V1=0 V2=0 | consensus=1 heal=0 | acc=71.00% | byz_w=['0.000', '0.000', '0.000']
[108] tas        | atk=None | V1=0 V2=0 | consensus=1 heal=0 | acc=69.33% | byz_w=['0.000', '0.000', '0.000']
[109] tas        | atk=  A2 | V1=1 V2=1 | consensus=0 heal=1V1 | acc=69.72% | byz_w=['0.000', '0.000', '0.000']
[110] tas        | atk=  A2 | V1=1 V2=1 | consensus=0 heal=1V1 | acc=69.10% | byz_w=['0.000', '0.000', '0.000']
[111] tas        | atk=  A1 | V1=1 V2=1 | consensus=0 heal=1V1 | acc=69.17% | byz_w=['0.000', '0.000', '0.000']
[112] tas        | atk=None | V1=0 V2=0 | consensus=1 heal=0 | acc=69.50% | byz_w=['0.000', '0.000', '0.000']
[113] tas        | atk=  A2 | V1=0 V2=1 | consensus=0 heal=1V2 | acc=70.43% | byz_w=['0.000', '0.000', '0.000']
[114] tas        | atk=None | V1=0 V2=0 | consensus=1 heal=0 | acc=69.89% | byz_w=['0.000', '0.000', '0.000']
[115] tas        | atk=None | V1=0 V2=0 | consensus=1 heal=0 | acc=70.13% | byz_w=['0.000', '0.000', '0.000']
[116] tas        | atk=  A3 | V1=1 V2=1 | consensus=0 heal=1V1 | acc=68.83% | byz_w=['0.000', '0.000', '0.000']
[117] tas        | atk=  A2 | V1=1 V2=1 | consensus=0 heal=1V1 | acc=71.40% | byz_w=['0.000', '0.000', '0.000']
[118] tas        | atk=  A1 | V1=0 V2=1 | consensus=0 heal=1V2 | acc=70.23% | byz_w=['0.000', '0.000', '0.000']
[119] tas        | atk=None | V1=0 V2=0 | consensus=1 heal=0 | acc=69.59% | byz_w=['0.000', '0.000', '0.000']
[120] tas        | atk=  A2 | V1=1 V2=1 | consensus=0 heal=1V1 | acc=68.81% | byz_w=['0.000', '0.000', '0.000']
[121] tas        | atk=  A1 | V1=0 V2=1 | consensus=0 heal=1V2 | acc=70.96% | byz_w=['0.000', '0.000', '0.000']
[122] tas        | atk=None | V1=0 V2=0 | consensus=1 heal=0 | acc=70.29% | byz_w=['0.000', '0.000', '0.000']
[123] tas        | atk=  A3 | V1=1 V2=1 | consensus=0 heal=1V1 | acc=70.13% | byz_w=['0.000', '0.000', '0.000']
[124] tas        | atk=  A1 | V1=0 V2=1 | consensus=0 heal=1V2 | acc=70.93% | byz_w=['0.000', '0.000', '0.000']
[125] tas        | atk=None | V1=0 V2=0 | consensus=1 heal=0 | acc=68.81% | byz_w=['0.000', '0.000', '0.000']
[126] tas        | atk=None | V1=0 V2=0 | consensus=1 heal=0 | acc=71.56% | byz_w=['0.000', '0.000', '0.000']
[127] tas        | atk=  A1 | V1=1 V2=1 | consensus=0 heal=1V1 | acc=70.90% | byz_w=['0.000', '0.000', '0.000']
[128] tas        | atk=  A3 | V1=1 V2=1 | consensus=0 heal=1V1 | acc=69.88% | byz_w=['0.000', '0.000', '0.000']
[129] tas        | atk=  A3 | V1=0 V2=1 | consensus=0 heal=1V2 | acc=70.74% | byz_w=['0.000', '0.000', '0.000']
[130] tas        | atk=None | V1=0 V2=0 | consensus=1 heal=0 | acc=71.21% | byz_w=['0.000', '0.000', '0.000']
[131] tas        | atk=  A1 | V1=1 V2=1 | consensus=0 heal=1V1 | acc=69.92% | byz_w=['0.000', '0.000', '0.000']
[132] tas        | atk=  A1 | V1=1 V2=1 | consensus=0 heal=1V1 | acc=70.98% | byz_w=['0.000', '0.000', '0.000']
[133] tas        | atk=  A3 | V1=1 V2=1 | consensus=0 heal=1V1 | acc=71.26% | byz_w=['0.000', '0.000', '0.000']
[134] tas        | atk=None | V1=0 V2=0 | consensus=1 heal=0 | acc=70.38% | byz_w=['0.000', '0.000', '0.000']
[135] tas        | atk=  A2 | V1=1 V2=1 | consensus=0 heal=1V1 | acc=70.44% | byz_w=['0.000', '0.000', '0.000']
[136] tas        | atk=  A3 | V1=1 V2=1 | consensus=0 heal=1V1 | acc=73.21% | byz_w=['0.000', '0.000', '0.000']
[137] tas        | atk=  A3 | V1=1 V2=1 | consensus=0 heal=1V1 | acc=72.36% | byz_w=['0.000', '0.000', '0.000']
[138] tas        | atk=None | V1=0 V2=0 | consensus=1 heal=0 | acc=70.48% | byz_w=['0.000', '0.000', '0.000']
[139] tas        | atk=None | V1=0 V2=0 | consensus=1 heal=0 | acc=71.27% | byz_w=['0.000', '0.000', '0.000']
[140] tas        | atk=None | V1=0 V2=0 | consensus=1 heal=0 | acc=70.30% | byz_w=['0.000', '0.000', '0.000']
[141] tas        | atk=None | V1=0 V2=0 | consensus=1 heal=0 | acc=68.57% | byz_w=['0.000', '0.000', '0.000']
[142] tas        | atk=  A2 | V1=0 V2=1 | consensus=0 heal=1V2 | acc=72.93% | byz_w=['0.000', '0.000', '0.000']
[143] tas        | atk=  A3 | V1=1 V2=1 | consensus=0 heal=1V1 | acc=71.20% | byz_w=['0.000', '0.000', '0.000']
[144] tas        | atk=  A3 | V1=1 V2=1 | consensus=0 heal=1V1 | acc=70.02% | byz_w=['0.000', '0.000', '0.000']
[145] tas        | atk=  A1 | V1=1 V2=1 | consensus=0 heal=1V1 | acc=70.95% | byz_w=['0.000', '0.000', '0.000']
[146] tas        | atk=None | V1=0 V2=0 | consensus=1 heal=0 | acc=70.15% | byz_w=['0.000', '0.000', '0.000']
[147] tas        | atk=None | V1=0 V2=0 | consensus=1 heal=0 | acc=71.21% | byz_w=['0.000', '0.000', '0.000']
[148] tas        | atk=  A3 | V1=1 V2=1 | consensus=0 heal=1V1 | acc=69.49% | byz_w=['0.000', '0.000', '0.000']
[149] tas        | atk=None | V1=0 V2=0 | consensus=1 heal=0 | acc=70.72% | byz_w=['0.000', '0.000', '0.000']
[150] tas        | atk=  A2 | V1=1 V2=1 | consensus=0 heal=1V1 | acc=71.35% | byz_w=['0.000', '0.000', '0.000']
[151] tas        | atk=None | V1=0 V2=0 | consensus=1 heal=0 | acc=71.24% | byz_w=['0.000', '0.000', '0.000']
[152] tas        | atk=None | V1=0 V2=0 | consensus=1 heal=0 | acc=71.89% | byz_w=['0.000', '0.000', '0.000']
[153] tas        | atk=  A1 | V1=0 V2=1 | consensus=0 heal=1V2 | acc=71.13% | byz_w=['0.000', '0.000', '0.000']
[154] tas        | atk=  A1 | V1=1 V2=1 | consensus=0 heal=1V1 | acc=70.15% | byz_w=['0.000', '0.000', '0.000']
[155] tas        | atk=  A1 | V1=1 V2=1 | consensus=0 heal=1V1 | acc=67.71% | byz_w=['0.000', '0.000', '0.000']
[156] tas        | atk=  A1 | V1=0 V2=1 | consensus=0 heal=1V2 | acc=72.32% | byz_w=['0.000', '0.000', '0.000']
[157] tas        | atk=None | V1=0 V2=0 | consensus=1 heal=0 | acc=71.41% | byz_w=['0.000', '0.000', '0.000']
[158] tas        | atk=  A2 | V1=0 V2=1 | consensus=0 heal=1V2 | acc=71.91% | byz_w=['0.000', '0.000', '0.000']
[159] tas        | atk=None | V1=0 V2=0 | consensus=1 heal=0 | acc=70.52% | byz_w=['0.000', '0.000', '0.000']
[160] tas        | atk=  A3 | V1=1 V2=1 | consensus=0 heal=1V1 | acc=69.16% | byz_w=['0.000', '0.000', '0.000']
[161] tas        | atk=  A3 | V1=1 V2=1 | consensus=0 heal=1V1 | acc=70.44% | byz_w=['0.000', '0.000', '0.000']
[162] tas        | atk=  A1 | V1=1 V2=1 | consensus=0 heal=1V1 | acc=71.06% | byz_w=['0.000', '0.000', '0.000']
[163] tas        | atk=  A2 | V1=1 V2=1 | consensus=0 heal=1V1 | acc=71.58% | byz_w=['0.000', '0.000', '0.000']
[164] tas        | atk=None | V1=0 V2=0 | consensus=1 heal=0 | acc=72.19% | byz_w=['0.000', '0.000', '0.000']
[165] tas        | atk=None | V1=0 V2=0 | consensus=1 heal=0 | acc=71.89% | byz_w=['0.000', '0.000', '0.000']
[166] tas        | atk=  A3 | V1=1 V2=1 | consensus=0 heal=1V1 | acc=70.01% | byz_w=['0.000', '0.000', '0.000']
[167] tas        | atk=  A1 | V1=1 V2=1 | consensus=0 heal=1V1 | acc=71.27% | byz_w=['0.000', '0.000', '0.000']
[168] tas        | atk=None | V1=0 V2=0 | consensus=1 heal=0 | acc=73.02% | byz_w=['0.000', '0.000', '0.000']
[169] tas        | atk=None | V1=0 V2=0 | consensus=1 heal=0 | acc=71.47% | byz_w=['0.000', '0.000', '0.000']
[170] tas        | atk=  A2 | V1=1 V2=1 | consensus=0 heal=1V1 | acc=71.28% | byz_w=['0.000', '0.000', '0.000']
[171] tas        | atk=  A1 | V1=0 V2=1 | consensus=0 heal=1V2 | acc=71.24% | byz_w=['0.000', '0.000', '0.000']
[172] tas        | atk=None | V1=0 V2=0 | consensus=1 heal=0 | acc=73.35% | byz_w=['0.000', '0.000', '0.000']
[173] tas        | atk=None | V1=0 V2=0 | consensus=1 heal=0 | acc=71.68% | byz_w=['0.000', '0.000', '0.000']
[174] tas        | atk=  A3 | V1=1 V2=1 | consensus=0 heal=1V1 | acc=69.45% | byz_w=['0.000', '0.000', '0.000']
[175] tas        | atk=  A3 | V1=1 V2=1 | consensus=0 heal=1V1 | acc=72.36% | byz_w=['0.000', '0.000', '0.000']
[176] tas        | atk=  A1 | V1=1 V2=1 | consensus=0 heal=1V1 | acc=70.88% | byz_w=['0.000', '0.000', '0.000']
[177] tas        | atk=None | V1=0 V2=0 | consensus=1 heal=0 | acc=70.91% | byz_w=['0.000', '0.000', '0.000']
[178] tas        | atk=  A3 | V1=1 V2=1 | consensus=0 heal=1V1 | acc=70.90% | byz_w=['0.000', '0.000', '0.000']
[179] tas        | atk=  A3 | V1=1 V2=1 | consensus=0 heal=1V1 | acc=72.11% | byz_w=['0.000', '0.000', '0.000']
[180] tas        | atk=None | V1=0 V2=0 | consensus=1 heal=0 | acc=72.49% | byz_w=['0.000', '0.000', '0.000']
[181] tas        | atk=None | V1=0 V2=0 | consensus=1 heal=0 | acc=69.43% | byz_w=['0.000', '0.000', '0.000']
[182] tas        | atk=  A1 | V1=1 V2=1 | consensus=0 heal=1V1 | acc=72.79% | byz_w=['0.000', '0.000', '0.000']
[183] tas        | atk=None | V1=0 V2=0 | consensus=1 heal=0 | acc=73.00% | byz_w=['0.000', '0.000', '0.000']
[184] tas        | atk=  A3 | V1=1 V2=1 | consensus=0 heal=1V1 | acc=72.38% | byz_w=['0.000', '0.000', '0.000']
[185] tas        | atk=  A2 | V1=1 V2=1 | consensus=0 heal=1V1 | acc=71.48% | byz_w=['0.000', '0.000', '0.000']
[186] tas        | atk=  A1 | V1=0 V2=1 | consensus=0 heal=1V2 | acc=72.64% | byz_w=['0.000', '0.000', '0.000']
[187] tas        | atk=  A3 | V1=1 V2=1 | consensus=0 heal=1V1 | acc=70.10% | byz_w=['0.000', '0.000', '0.000']
[188] tas        | atk=None | V1=0 V2=0 | consensus=1 heal=0 | acc=71.43% | byz_w=['0.000', '0.000', '0.000']
[189] tas        | atk=None | V1=0 V2=0 | consensus=1 heal=0 | acc=71.64% | byz_w=['0.000', '0.000', '0.000']
[190] tas        | atk=  A3 | V1=1 V2=1 | consensus=0 heal=1V1 | acc=70.42% | byz_w=['0.000', '0.000', '0.000']
[191] tas        | atk=  A1 | V1=1 V2=1 | consensus=0 heal=1V1 | acc=74.02% | byz_w=['0.000', '0.000', '0.000']
[192] tas        | atk=None | V1=0 V2=0 | consensus=1 heal=0 | acc=71.33% | byz_w=['0.000', '0.000', '0.000']
[193] tas        | atk=  A3 | V1=1 V2=1 | consensus=0 heal=1V1 | acc=69.49% | byz_w=['0.000', '0.000', '0.000']
[194] tas        | atk=  A2 | V1=1 V2=1 | consensus=0 heal=1V1 | acc=70.63% | byz_w=['0.000', '0.000', '0.000']
[195] tas        | atk=  A3 | V1=1 V2=1 | consensus=0 heal=1V1 | acc=72.35% | byz_w=['0.000', '0.000', '0.000']
[196] tas        | atk=  A2 | V1=0 V2=1 | consensus=0 heal=1V2 | acc=72.99% | byz_w=['0.000', '0.000', '0.000']
[197] tas        | atk=None | V1=0 V2=0 | consensus=1 heal=0 | acc=71.53% | byz_w=['0.000', '0.000', '0.000']
[198] tas        | atk=  A3 | V1=1 V2=1 | consensus=0 heal=1V1 | acc=71.34% | byz_w=['0.000', '0.000', '0.000']
[199] tas        | atk=None | V1=0 V2=0 | consensus=1 heal=0 | acc=71.50% | byz_w=['0.000', '0.000', '0.000']
[200] tas        | atk=None | V1=0 V2=0 | consensus=1 heal=0 | acc=72.89% | byz_w=['0.000', '0.000', '0.000']

============================================================
=== CIFAR-10 r30 Governance Scaling (Full TASL Trust) ===
============================================================
Config                   Best      Avg
fedavg                  12.70    10.01
trust_only              24.15    10.09
v1_only                 55.32    19.35
v2_only                 71.78    63.60
tas                     74.02    65.57
