[Gov Scaling r40] 10c, 4B (40%), 200r
Files already downloaded and verified
Files already downloaded and verified
[Data] CIFAR-10: 10 clients, Non-IID α=0.3, test=10000
  Client 0: total=3148, top3=[(9, 1523), (7, 866), (5, 287)]
  Client 1: total=5007, top3=[(4, 3598), (6, 787), (0, 300)]
  Client 2: total=2301, top3=[(1, 1112), (4, 829), (6, 333)]
  Client 3: total=2713, top3=[(0, 1500), (1, 497), (9, 371)]
  Client 4: total=7529, top3=[(0, 2923), (2, 2062), (8, 1427)]
  Client 5: total=4093, top3=[(3, 2715), (2, 927), (1, 275)]
  Client 6: total=7590, top3=[(7, 3896), (5, 2303), (6, 1134)]
  Client 7: total=5279, top3=[(1, 2738), (6, 1655), (2, 280)]
  Client 8: total=6165, top3=[(8, 2778), (9, 2083), (5, 669)]
  Client 9: total=6175, top3=[(3, 1917), (2, 1475), (6, 794)]

============================================================
=== FedAvg ===
[001] fedavg     | atk=None | V1=0 V2=0 | consensus=1 heal=0 | acc=10.00% | byz_w=['0.100', '0.100', '0.100', '0.100']
[002] fedavg     | atk=  A3 | V1=0 V2=0 | consensus=1 heal=0 | acc=9.37% | byz_w=['0.700', '0.700', '0.700', '0.700']
[003] fedavg     | atk=None | V1=0 V2=0 | consensus=1 heal=0 | acc=10.00% | byz_w=['0.100', '0.100', '0.100', '0.100']
[004] fedavg     | atk=None | V1=0 V2=0 | consensus=1 heal=0 | acc=11.58% | byz_w=['0.100', '0.100', '0.100', '0.100']
[005] fedavg     | atk=  A3 | V1=0 V2=0 | consensus=1 heal=0 | acc=10.00% | byz_w=['0.700', '0.700', '0.700', '0.700']
[006] fedavg     | atk=  A2 | V1=0 V2=0 | consensus=1 heal=0 | acc=9.64% | byz_w=['0.350', '0.350', '0.350', '0.350']
[007] fedavg     | atk=None | V1=0 V2=0 | consensus=1 heal=0 | acc=10.00% | byz_w=['0.100', '0.100', '0.100', '0.100']
[008] fedavg     | atk=  A3 | V1=0 V2=0 | consensus=1 heal=0 | acc=10.00% | byz_w=['0.700', '0.700', '0.700', '0.700']
[009] fedavg     | atk=  A2 | V1=0 V2=0 | consensus=1 heal=0 | acc=10.00% | byz_w=['0.350', '0.350', '0.350', '0.350']
[010] fedavg     | atk=  A3 | V1=0 V2=0 | consensus=1 heal=0 | acc=10.00% | byz_w=['0.700', '0.700', '0.700', '0.700']
[011] fedavg     | atk=  A2 | V1=0 V2=0 | consensus=1 heal=0 | acc=10.00% | byz_w=['0.350', '0.350', '0.350', '0.350']
[012] fedavg     | atk=None | V1=0 V2=0 | consensus=1 heal=0 | acc=10.00% | byz_w=['0.100', '0.100', '0.100', '0.100']
[013] fedavg     | atk=None | V1=0 V2=0 | consensus=1 heal=0 | acc=10.00% | byz_w=['0.100', '0.100', '0.100', '0.100']
[014] fedavg     | atk=  A1 | V1=0 V2=0 | consensus=1 heal=0 | acc=10.00% | byz_w=['0.700', '0.700', '0.700', '0.700']
[015] fedavg     | atk=  A1 | V1=0 V2=0 | consensus=1 heal=0 | acc=10.00% | byz_w=['0.700', '0.700', '0.700', '0.700']
[016] fedavg     | atk=None | V1=0 V2=0 | consensus=1 heal=0 | acc=10.00% | byz_w=['0.100', '0.100', '0.100', '0.100']
[017] fedavg     | atk=  A3 | V1=0 V2=0 | consensus=1 heal=0 | acc=10.00% | byz_w=['0.700', '0.700', '0.700', '0.700']
[018] fedavg     | atk=  A2 | V1=0 V2=0 | consensus=1 heal=0 | acc=10.00% | byz_w=['0.350', '0.350', '0.350', '0.350']
[019] fedavg     | atk=None | V1=0 V2=0 | consensus=1 heal=0 | acc=10.00% | byz_w=['0.100', '0.100', '0.100', '0.100']
[020] fedavg     | atk=  A1 | V1=0 V2=0 | consensus=1 heal=0 | acc=10.00% | byz_w=['0.700', '0.700', '0.700', '0.700']
[021] fedavg     | atk=None | V1=0 V2=0 | consensus=1 heal=0 | acc=10.00% | byz_w=['0.100', '0.100', '0.100', '0.100']
[022] fedavg     | atk=None | V1=0 V2=0 | consensus=1 heal=0 | acc=10.00% | byz_w=['0.100', '0.100', '0.100', '0.100']
[023] fedavg     | atk=  A3 | V1=0 V2=0 | consensus=1 heal=0 | acc=10.00% | byz_w=['0.700', '0.700', '0.700', '0.700']
[024] fedavg     | atk=  A3 | V1=0 V2=0 | consensus=1 heal=0 | acc=10.00% | byz_w=['0.700', '0.700', '0.700', '0.700']
[025] fedavg     | atk=None | V1=0 V2=0 | consensus=1 heal=0 | acc=10.00% | byz_w=['0.100', '0.100', '0.100', '0.100']
[026] fedavg     | atk=  A2 | V1=0 V2=0 | consensus=1 heal=0 | acc=10.00% | byz_w=['0.350', '0.350', '0.350', '0.350']
[027] fedavg     | atk=None | V1=0 V2=0 | consensus=1 heal=0 | acc=10.00% | byz_w=['0.100', '0.100', '0.100', '0.100']
[028] fedavg     | atk=  A2 | V1=0 V2=0 | consensus=1 heal=0 | acc=10.00% | byz_w=['0.350', '0.350', '0.350', '0.350']
[029] fedavg     | atk=  A1 | V1=0 V2=0 | consensus=1 heal=0 | acc=10.00% | byz_w=['0.700', '0.700', '0.700', '0.700']
[030] fedavg     | atk=  A3 | V1=0 V2=0 | consensus=1 heal=0 | acc=10.00% | byz_w=['0.700', '0.700', '0.700', '0.700']
[031] fedavg     | atk=None | V1=0 V2=0 | consensus=1 heal=0 | acc=10.00% | byz_w=['0.100', '0.100', '0.100', '0.100']
[032] fedavg     | atk=  A3 | V1=0 V2=0 | consensus=1 heal=0 | acc=10.00% | byz_w=['0.700', '0.700', '0.700', '0.700']
[033] fedavg     | atk=  A3 | V1=0 V2=0 | consensus=1 heal=0 | acc=10.00% | byz_w=['0.700', '0.700', '0.700', '0.700']
[034] fedavg     | atk=  A2 | V1=0 V2=0 | consensus=1 heal=0 | acc=10.00% | byz_w=['0.350', '0.350', '0.350', '0.350']
[035] fedavg     | atk=  A3 | V1=0 V2=0 | consensus=1 heal=0 | acc=10.00% | byz_w=['0.700', '0.700', '0.700', '0.700']
[036] fedavg     | atk=  A3 | V1=0 V2=0 | consensus=1 heal=0 | acc=10.00% | byz_w=['0.700', '0.700', '0.700', '0.700']
[037] fedavg     | atk=None | V1=0 V2=0 | consensus=1 heal=0 | acc=10.00% | byz_w=['0.100', '0.100', '0.100', '0.100']
[038] fedavg     | atk=None | V1=0 V2=0 | consensus=1 heal=0 | acc=10.00% | byz_w=['0.100', '0.100', '0.100', '0.100']
[039] fedavg     | atk=  A1 | V1=0 V2=0 | consensus=1 heal=0 | acc=10.00% | byz_w=['0.700', '0.700', '0.700', '0.700']
[040] fedavg     | atk=None | V1=0 V2=0 | consensus=1 heal=0 | acc=10.00% | byz_w=['0.100', '0.100', '0.100', '0.100']
[041] fedavg     | atk=  A2 | V1=0 V2=0 | consensus=1 heal=0 | acc=10.00% | byz_w=['0.350', '0.350', '0.350', '0.350']
[042] fedavg     | atk=None | V1=0 V2=0 | consensus=1 heal=0 | acc=10.00% | byz_w=['0.100', '0.100', '0.100', '0.100']
[043] fedavg     | atk=None | V1=0 V2=0 | consensus=1 heal=0 | acc=10.00% | byz_w=['0.100', '0.100', '0.100', '0.100']
[044] fedavg     | atk=  A1 | V1=0 V2=0 | consensus=1 heal=0 | acc=10.00% | byz_w=['0.700', '0.700', '0.700', '0.700']
[045] fedavg     | atk=None | V1=0 V2=0 | consensus=1 heal=0 | acc=10.00% | byz_w=['0.100', '0.100', '0.100', '0.100']
[046] fedavg     | atk=  A3 | V1=0 V2=0 | consensus=1 heal=0 | acc=10.00% | byz_w=['0.700', '0.700', '0.700', '0.700']
[047] fedavg     | atk=  A3 | V1=0 V2=0 | consensus=1 heal=0 | acc=10.00% | byz_w=['0.700', '0.700', '0.700', '0.700']
[048] fedavg     | atk=  A2 | V1=0 V2=0 | consensus=1 heal=0 | acc=10.00% | byz_w=['0.350', '0.350', '0.350', '0.350']
[049] fedavg     | atk=None | V1=0 V2=0 | consensus=1 heal=0 | acc=10.00% | byz_w=['0.100', '0.100', '0.100', '0.100']
[050] fedavg     | atk=  A3 | V1=0 V2=0 | consensus=1 heal=0 | acc=10.00% | byz_w=['0.700', '0.700', '0.700', '0.700']
[051] fedavg     | atk=None | V1=0 V2=0 | consensus=1 heal=0 | acc=10.00% | byz_w=['0.100', '0.100', '0.100', '0.100']
[052] fedavg     | atk=None | V1=0 V2=0 | consensus=1 heal=0 | acc=10.00% | byz_w=['0.100', '0.100', '0.100', '0.100']
[053] fedavg     | atk=  A1 | V1=0 V2=0 | consensus=1 heal=0 | acc=10.00% | byz_w=['0.700', '0.700', '0.700', '0.700']
[054] fedavg     | atk=  A3 | V1=0 V2=0 | consensus=1 heal=0 | acc=10.00% | byz_w=['0.700', '0.700', '0.700', '0.700']
[055] fedavg     | atk=  A3 | V1=0 V2=0 | consensus=1 heal=0 | acc=10.00% | byz_w=['0.700', '0.700', '0.700', '0.700']
[056] fedavg     | atk=None | V1=0 V2=0 | consensus=1 heal=0 | acc=10.00% | byz_w=['0.100', '0.100', '0.100', '0.100']
[057] fedavg     | atk=  A3 | V1=0 V2=0 | consensus=1 heal=0 | acc=10.00% | byz_w=['0.700', '0.700', '0.700', '0.700']
[058] fedavg     | atk=  A2 | V1=0 V2=0 | consensus=1 heal=0 | acc=10.00% | byz_w=['0.350', '0.350', '0.350', '0.350']
[059] fedavg     | atk=None | V1=0 V2=0 | consensus=1 heal=0 | acc=10.00% | byz_w=['0.100', '0.100', '0.100', '0.100']
[060] fedavg     | atk=  A3 | V1=0 V2=0 | consensus=1 heal=0 | acc=10.00% | byz_w=['0.700', '0.700', '0.700', '0.700']
[061] fedavg     | atk=  A2 | V1=0 V2=0 | consensus=1 heal=0 | acc=10.00% | byz_w=['0.350', '0.350', '0.350', '0.350']
[062] fedavg     | atk=None | V1=0 V2=0 | consensus=1 heal=0 | acc=10.00% | byz_w=['0.100', '0.100', '0.100', '0.100']
[063] fedavg     | atk=  A3 | V1=0 V2=0 | consensus=1 heal=0 | acc=10.00% | byz_w=['0.700', '0.700', '0.700', '0.700']
[064] fedavg     | atk=  A3 | V1=0 V2=0 | consensus=1 heal=0 | acc=10.00% | byz_w=['0.700', '0.700', '0.700', '0.700']
[065] fedavg     | atk=  A1 | V1=0 V2=0 | consensus=1 heal=0 | acc=10.00% | byz_w=['0.700', '0.700', '0.700', '0.700']
[066] fedavg     | atk=  A2 | V1=0 V2=0 | consensus=1 heal=0 | acc=10.00% | byz_w=['0.350', '0.350', '0.350', '0.350']
[067] fedavg     | atk=None | V1=0 V2=0 | consensus=1 heal=0 | acc=10.00% | byz_w=['0.100', '0.100', '0.100', '0.100']
[068] fedavg     | atk=  A2 | V1=0 V2=0 | consensus=1 heal=0 | acc=10.00% | byz_w=['0.350', '0.350', '0.350', '0.350']
[069] fedavg     | atk=None | V1=0 V2=0 | consensus=1 heal=0 | acc=10.00% | byz_w=['0.100', '0.100', '0.100', '0.100']
[070] fedavg     | atk=None | V1=0 V2=0 | consensus=1 heal=0 | acc=10.00% | byz_w=['0.100', '0.100', '0.100', '0.100']
[071] fedavg     | atk=None | V1=0 V2=0 | consensus=1 heal=0 | acc=10.00% | byz_w=['0.100', '0.100', '0.100', '0.100']
[072] fedavg     | atk=  A3 | V1=0 V2=0 | consensus=1 heal=0 | acc=10.00% | byz_w=['0.700', '0.700', '0.700', '0.700']
[073] fedavg     | atk=None | V1=0 V2=0 | consensus=1 heal=0 | acc=10.00% | byz_w=['0.100', '0.100', '0.100', '0.100']
[074] fedavg     | atk=  A2 | V1=0 V2=0 | consensus=1 heal=0 | acc=10.00% | byz_w=['0.350', '0.350', '0.350', '0.350']
[075] fedavg     | atk=  A3 | V1=0 V2=0 | consensus=1 heal=0 | acc=10.00% | byz_w=['0.700', '0.700', '0.700', '0.700']
[076] fedavg     | atk=  A3 | V1=0 V2=0 | consensus=1 heal=0 | acc=10.00% | byz_w=['0.700', '0.700', '0.700', '0.700']
[077] fedavg     | atk=None | V1=0 V2=0 | consensus=1 heal=0 | acc=10.00% | byz_w=['0.100', '0.100', '0.100', '0.100']
[078] fedavg     | atk=  A2 | V1=0 V2=0 | consensus=1 heal=0 | acc=10.00% | byz_w=['0.350', '0.350', '0.350', '0.350']
[079] fedavg     | atk=None | V1=0 V2=0 | consensus=1 heal=0 | acc=10.00% | byz_w=['0.100', '0.100', '0.100', '0.100']
[080] fedavg     | atk=  A2 | V1=0 V2=0 | consensus=1 heal=0 | acc=10.00% | byz_w=['0.350', '0.350', '0.350', '0.350']
[081] fedavg     | atk=None | V1=0 V2=0 | consensus=1 heal=0 | acc=10.00% | byz_w=['0.100', '0.100', '0.100', '0.100']
[082] fedavg     | atk=  A3 | V1=0 V2=0 | consensus=1 heal=0 | acc=10.00% | byz_w=['0.700', '0.700', '0.700', '0.700']
[083] fedavg     | atk=  A3 | V1=0 V2=0 | consensus=1 heal=0 | acc=10.00% | byz_w=['0.700', '0.700', '0.700', '0.700']
[084] fedavg     | atk=  A1 | V1=0 V2=0 | consensus=1 heal=0 | acc=10.00% | byz_w=['0.700', '0.700', '0.700', '0.700']
[085] fedavg     | atk=None | V1=0 V2=0 | consensus=1 heal=0 | acc=10.00% | byz_w=['0.100', '0.100', '0.100', '0.100']
[086] fedavg     | atk=None | V1=0 V2=0 | consensus=1 heal=0 | acc=10.00% | byz_w=['0.100', '0.100', '0.100', '0.100']
[087] fedavg     | atk=  A1 | V1=0 V2=0 | consensus=1 heal=0 | acc=10.00% | byz_w=['0.700', '0.700', '0.700', '0.700']
[088] fedavg     | atk=  A1 | V1=0 V2=0 | consensus=1 heal=0 | acc=10.00% | byz_w=['0.700', '0.700', '0.700', '0.700']
[089] fedavg     | atk=  A2 | V1=0 V2=0 | consensus=1 heal=0 | acc=10.00% | byz_w=['0.350', '0.350', '0.350', '0.350']
[090] fedavg     | atk=None | V1=0 V2=0 | consensus=1 heal=0 | acc=10.00% | byz_w=['0.100', '0.100', '0.100', '0.100']
[091] fedavg     | atk=None | V1=0 V2=0 | consensus=1 heal=0 | acc=10.00% | byz_w=['0.100', '0.100', '0.100', '0.100']
[092] fedavg     | atk=  A2 | V1=0 V2=0 | consensus=1 heal=0 | acc=10.00% | byz_w=['0.350', '0.350', '0.350', '0.350']
[093] fedavg     | atk=  A3 | V1=0 V2=0 | consensus=1 heal=0 | acc=10.00% | byz_w=['0.700', '0.700', '0.700', '0.700']
[094] fedavg     | atk=None | V1=0 V2=0 | consensus=1 heal=0 | acc=10.00% | byz_w=['0.100', '0.100', '0.100', '0.100']
[095] fedavg     | atk=None | V1=0 V2=0 | consensus=1 heal=0 | acc=10.00% | byz_w=['0.100', '0.100', '0.100', '0.100']
[096] fedavg     | atk=None | V1=0 V2=0 | consensus=1 heal=0 | acc=10.00% | byz_w=['0.100', '0.100', '0.100', '0.100']
[097] fedavg     | atk=  A2 | V1=0 V2=0 | consensus=1 heal=0 | acc=10.00% | byz_w=['0.350', '0.350', '0.350', '0.350']
[098] fedavg     | atk=  A3 | V1=0 V2=0 | consensus=1 heal=0 | acc=10.00% | byz_w=['0.700', '0.700', '0.700', '0.700']
[099] fedavg     | atk=  A2 | V1=0 V2=0 | consensus=1 heal=0 | acc=10.00% | byz_w=['0.350', '0.350', '0.350', '0.350']
[100] fedavg     | atk=  A2 | V1=0 V2=0 | consensus=1 heal=0 | acc=10.00% | byz_w=['0.350', '0.350', '0.350', '0.350']
[101] fedavg     | atk=  A3 | V1=0 V2=0 | consensus=1 heal=0 | acc=10.00% | byz_w=['0.700', '0.700', '0.700', '0.700']
[102] fedavg     | atk=None | V1=0 V2=0 | consensus=1 heal=0 | acc=10.00% | byz_w=['0.100', '0.100', '0.100', '0.100']
[103] fedavg     | atk=  A3 | V1=0 V2=0 | consensus=1 heal=0 | acc=10.00% | byz_w=['0.700', '0.700', '0.700', '0.700']
[104] fedavg     | atk=  A2 | V1=0 V2=0 | consensus=1 heal=0 | acc=10.00% | byz_w=['0.350', '0.350', '0.350', '0.350']
[105] fedavg     | atk=  A3 | V1=0 V2=0 | consensus=1 heal=0 | acc=10.00% | byz_w=['0.700', '0.700', '0.700', '0.700']
[106] fedavg     | atk=None | V1=0 V2=0 | consensus=1 heal=0 | acc=10.00% | byz_w=['0.100', '0.100', '0.100', '0.100']
[107] fedavg     | atk=None | V1=0 V2=0 | consensus=1 heal=0 | acc=10.00% | byz_w=['0.100', '0.100', '0.100', '0.100']
[108] fedavg     | atk=None | V1=0 V2=0 | consensus=1 heal=0 | acc=10.00% | byz_w=['0.100', '0.100', '0.100', '0.100']
[109] fedavg     | atk=  A2 | V1=0 V2=0 | consensus=1 heal=0 | acc=10.00% | byz_w=['0.350', '0.350', '0.350', '0.350']
[110] fedavg     | atk=  A2 | V1=0 V2=0 | consensus=1 heal=0 | acc=10.00% | byz_w=['0.350', '0.350', '0.350', '0.350']
[111] fedavg     | atk=  A1 | V1=0 V2=0 | consensus=1 heal=0 | acc=10.00% | byz_w=['0.700', '0.700', '0.700', '0.700']
[112] fedavg     | atk=None | V1=0 V2=0 | consensus=1 heal=0 | acc=10.00% | byz_w=['0.100', '0.100', '0.100', '0.100']
[113] fedavg     | atk=  A2 | V1=0 V2=0 | consensus=1 heal=0 | acc=10.00% | byz_w=['0.350', '0.350', '0.350', '0.350']
[114] fedavg     | atk=None | V1=0 V2=0 | consensus=1 heal=0 | acc=10.00% | byz_w=['0.100', '0.100', '0.100', '0.100']
[115] fedavg     | atk=None | V1=0 V2=0 | consensus=1 heal=0 | acc=10.00% | byz_w=['0.100', '0.100', '0.100', '0.100']
[116] fedavg     | atk=  A3 | V1=0 V2=0 | consensus=1 heal=0 | acc=10.00% | byz_w=['0.700', '0.700', '0.700', '0.700']
[117] fedavg     | atk=  A2 | V1=0 V2=0 | consensus=1 heal=0 | acc=10.00% | byz_w=['0.350', '0.350', '0.350', '0.350']
[118] fedavg     | atk=  A1 | V1=0 V2=0 | consensus=1 heal=0 | acc=10.00% | byz_w=['0.700', '0.700', '0.700', '0.700']
[119] fedavg     | atk=None | V1=0 V2=0 | consensus=1 heal=0 | acc=10.00% | byz_w=['0.100', '0.100', '0.100', '0.100']
[120] fedavg     | atk=  A2 | V1=0 V2=0 | consensus=1 heal=0 | acc=10.00% | byz_w=['0.350', '0.350', '0.350', '0.350']
[121] fedavg     | atk=  A1 | V1=0 V2=0 | consensus=1 heal=0 | acc=10.00% | byz_w=['0.700', '0.700', '0.700', '0.700']
[122] fedavg     | atk=None | V1=0 V2=0 | consensus=1 heal=0 | acc=10.00% | byz_w=['0.100', '0.100', '0.100', '0.100']
[123] fedavg     | atk=  A3 | V1=0 V2=0 | consensus=1 heal=0 | acc=10.00% | byz_w=['0.700', '0.700', '0.700', '0.700']
[124] fedavg     | atk=  A1 | V1=0 V2=0 | consensus=1 heal=0 | acc=10.00% | byz_w=['0.700', '0.700', '0.700', '0.700']
[125] fedavg     | atk=None | V1=0 V2=0 | consensus=1 heal=0 | acc=10.00% | byz_w=['0.100', '0.100', '0.100', '0.100']
[126] fedavg     | atk=None | V1=0 V2=0 | consensus=1 heal=0 | acc=10.00% | byz_w=['0.100', '0.100', '0.100', '0.100']
[127] fedavg     | atk=  A1 | V1=0 V2=0 | consensus=1 heal=0 | acc=10.00% | byz_w=['0.700', '0.700', '0.700', '0.700']
[128] fedavg     | atk=  A3 | V1=0 V2=0 | consensus=1 heal=0 | acc=10.00% | byz_w=['0.700', '0.700', '0.700', '0.700']
[129] fedavg     | atk=  A3 | V1=0 V2=0 | consensus=1 heal=0 | acc=10.00% | byz_w=['0.700', '0.700', '0.700', '0.700']
[130] fedavg     | atk=None | V1=0 V2=0 | consensus=1 heal=0 | acc=10.00% | byz_w=['0.100', '0.100', '0.100', '0.100']
[131] fedavg     | atk=  A1 | V1=0 V2=0 | consensus=1 heal=0 | acc=10.00% | byz_w=['0.700', '0.700', '0.700', '0.700']
[132] fedavg     | atk=  A1 | V1=0 V2=0 | consensus=1 heal=0 | acc=10.00% | byz_w=['0.700', '0.700', '0.700', '0.700']
[133] fedavg     | atk=  A3 | V1=0 V2=0 | consensus=1 heal=0 | acc=10.00% | byz_w=['0.700', '0.700', '0.700', '0.700']
[134] fedavg     | atk=None | V1=0 V2=0 | consensus=1 heal=0 | acc=10.00% | byz_w=['0.100', '0.100', '0.100', '0.100']
[135] fedavg     | atk=  A2 | V1=0 V2=0 | consensus=1 heal=0 | acc=10.00% | byz_w=['0.350', '0.350', '0.350', '0.350']
[136] fedavg     | atk=  A3 | V1=0 V2=0 | consensus=1 heal=0 | acc=10.00% | byz_w=['0.700', '0.700', '0.700', '0.700']
[137] fedavg     | atk=  A3 | V1=0 V2=0 | consensus=1 heal=0 | acc=10.00% | byz_w=['0.700', '0.700', '0.700', '0.700']
[138] fedavg     | atk=None | V1=0 V2=0 | consensus=1 heal=0 | acc=10.00% | byz_w=['0.100', '0.100', '0.100', '0.100']
[139] fedavg     | atk=None | V1=0 V2=0 | consensus=1 heal=0 | acc=10.00% | byz_w=['0.100', '0.100', '0.100', '0.100']
[140] fedavg     | atk=None | V1=0 V2=0 | consensus=1 heal=0 | acc=10.00% | byz_w=['0.100', '0.100', '0.100', '0.100']
[141] fedavg     | atk=None | V1=0 V2=0 | consensus=1 heal=0 | acc=10.00% | byz_w=['0.100', '0.100', '0.100', '0.100']
[142] fedavg     | atk=  A2 | V1=0 V2=0 | consensus=1 heal=0 | acc=10.00% | byz_w=['0.350', '0.350', '0.350', '0.350']
[143] fedavg     | atk=  A3 | V1=0 V2=0 | consensus=1 heal=0 | acc=10.00% | byz_w=['0.700', '0.700', '0.700', '0.700']
[144] fedavg     | atk=  A3 | V1=0 V2=0 | consensus=1 heal=0 | acc=10.00% | byz_w=['0.700', '0.700', '0.700', '0.700']
[145] fedavg     | atk=  A1 | V1=0 V2=0 | consensus=1 heal=0 | acc=10.00% | byz_w=['0.700', '0.700', '0.700', '0.700']
[146] fedavg     | atk=None | V1=0 V2=0 | consensus=1 heal=0 | acc=10.00% | byz_w=['0.100', '0.100', '0.100', '0.100']
[147] fedavg     | atk=None | V1=0 V2=0 | consensus=1 heal=0 | acc=10.00% | byz_w=['0.100', '0.100', '0.100', '0.100']
[148] fedavg     | atk=  A3 | V1=0 V2=0 | consensus=1 heal=0 | acc=10.00% | byz_w=['0.700', '0.700', '0.700', '0.700']
[149] fedavg     | atk=None | V1=0 V2=0 | consensus=1 heal=0 | acc=10.00% | byz_w=['0.100', '0.100', '0.100', '0.100']
[150] fedavg     | atk=  A2 | V1=0 V2=0 | consensus=1 heal=0 | acc=10.00% | byz_w=['0.350', '0.350', '0.350', '0.350']
[151] fedavg     | atk=None | V1=0 V2=0 | consensus=1 heal=0 | acc=10.00% | byz_w=['0.100', '0.100', '0.100', '0.100']
[152] fedavg     | atk=None | V1=0 V2=0 | consensus=1 heal=0 | acc=10.00% | byz_w=['0.100', '0.100', '0.100', '0.100']
[153] fedavg     | atk=  A1 | V1=0 V2=0 | consensus=1 heal=0 | acc=10.00% | byz_w=['0.700', '0.700', '0.700', '0.700']
[154] fedavg     | atk=  A1 | V1=0 V2=0 | consensus=1 heal=0 | acc=10.00% | byz_w=['0.700', '0.700', '0.700', '0.700']
[155] fedavg     | atk=  A1 | V1=0 V2=0 | consensus=1 heal=0 | acc=10.00% | byz_w=['0.700', '0.700', '0.700', '0.700']
[156] fedavg     | atk=  A1 | V1=0 V2=0 | consensus=1 heal=0 | acc=10.00% | byz_w=['0.700', '0.700', '0.700', '0.700']
[157] fedavg     | atk=None | V1=0 V2=0 | consensus=1 heal=0 | acc=10.00% | byz_w=['0.100', '0.100', '0.100', '0.100']
[158] fedavg     | atk=  A2 | V1=0 V2=0 | consensus=1 heal=0 | acc=10.00% | byz_w=['0.350', '0.350', '0.350', '0.350']
[159] fedavg     | atk=None | V1=0 V2=0 | consensus=1 heal=0 | acc=10.00% | byz_w=['0.100', '0.100', '0.100', '0.100']
[160] fedavg     | atk=  A3 | V1=0 V2=0 | consensus=1 heal=0 | acc=10.00% | byz_w=['0.700', '0.700', '0.700', '0.700']
[161] fedavg     | atk=  A3 | V1=0 V2=0 | consensus=1 heal=0 | acc=10.00% | byz_w=['0.700', '0.700', '0.700', '0.700']
[162] fedavg     | atk=  A1 | V1=0 V2=0 | consensus=1 heal=0 | acc=10.00% | byz_w=['0.700', '0.700', '0.700', '0.700']
[163] fedavg     | atk=  A2 | V1=0 V2=0 | consensus=1 heal=0 | acc=10.00% | byz_w=['0.350', '0.350', '0.350', '0.350']
[164] fedavg     | atk=None | V1=0 V2=0 | consensus=1 heal=0 | acc=10.00% | byz_w=['0.100', '0.100', '0.100', '0.100']
[165] fedavg     | atk=None | V1=0 V2=0 | consensus=1 heal=0 | acc=10.00% | byz_w=['0.100', '0.100', '0.100', '0.100']
[166] fedavg     | atk=  A3 | V1=0 V2=0 | consensus=1 heal=0 | acc=10.00% | byz_w=['0.700', '0.700', '0.700', '0.700']
[167] fedavg     | atk=  A1 | V1=0 V2=0 | consensus=1 heal=0 | acc=10.00% | byz_w=['0.700', '0.700', '0.700', '0.700']
[168] fedavg     | atk=None | V1=0 V2=0 | consensus=1 heal=0 | acc=10.00% | byz_w=['0.100', '0.100', '0.100', '0.100']
[169] fedavg     | atk=None | V1=0 V2=0 | consensus=1 heal=0 | acc=10.00% | byz_w=['0.100', '0.100', '0.100', '0.100']
[170] fedavg     | atk=  A2 | V1=0 V2=0 | consensus=1 heal=0 | acc=10.00% | byz_w=['0.350', '0.350', '0.350', '0.350']
[171] fedavg     | atk=  A1 | V1=0 V2=0 | consensus=1 heal=0 | acc=10.00% | byz_w=['0.700', '0.700', '0.700', '0.700']
[172] fedavg     | atk=None | V1=0 V2=0 | consensus=1 heal=0 | acc=10.00% | byz_w=['0.100', '0.100', '0.100', '0.100']
[173] fedavg     | atk=None | V1=0 V2=0 | consensus=1 heal=0 | acc=10.00% | byz_w=['0.100', '0.100', '0.100', '0.100']
[174] fedavg     | atk=  A3 | V1=0 V2=0 | consensus=1 heal=0 | acc=10.00% | byz_w=['0.700', '0.700', '0.700', '0.700']
[175] fedavg     | atk=  A3 | V1=0 V2=0 | consensus=1 heal=0 | acc=10.00% | byz_w=['0.700', '0.700', '0.700', '0.700']
[176] fedavg     | atk=  A1 | V1=0 V2=0 | consensus=1 heal=0 | acc=10.00% | byz_w=['0.700', '0.700', '0.700', '0.700']
[177] fedavg     | atk=None | V1=0 V2=0 | consensus=1 heal=0 | acc=10.00% | byz_w=['0.100', '0.100', '0.100', '0.100']
[178] fedavg     | atk=  A3 | V1=0 V2=0 | consensus=1 heal=0 | acc=10.00% | byz_w=['0.700', '0.700', '0.700', '0.700']
[179] fedavg     | atk=  A3 | V1=0 V2=0 | consensus=1 heal=0 | acc=10.00% | byz_w=['0.700', '0.700', '0.700', '0.700']
[180] fedavg     | atk=None | V1=0 V2=0 | consensus=1 heal=0 | acc=10.00% | byz_w=['0.100', '0.100', '0.100', '0.100']
[181] fedavg     | atk=None | V1=0 V2=0 | consensus=1 heal=0 | acc=10.00% | byz_w=['0.100', '0.100', '0.100', '0.100']
[182] fedavg     | atk=  A1 | V1=0 V2=0 | consensus=1 heal=0 | acc=10.00% | byz_w=['0.700', '0.700', '0.700', '0.700']
[183] fedavg     | atk=None | V1=0 V2=0 | consensus=1 heal=0 | acc=10.00% | byz_w=['0.100', '0.100', '0.100', '0.100']
[184] fedavg     | atk=  A3 | V1=0 V2=0 | consensus=1 heal=0 | acc=10.00% | byz_w=['0.700', '0.700', '0.700', '0.700']
[185] fedavg     | atk=  A2 | V1=0 V2=0 | consensus=1 heal=0 | acc=10.00% | byz_w=['0.350', '0.350', '0.350', '0.350']
[186] fedavg     | atk=  A1 | V1=0 V2=0 | consensus=1 heal=0 | acc=10.00% | byz_w=['0.700', '0.700', '0.700', '0.700']
[187] fedavg     | atk=  A3 | V1=0 V2=0 | consensus=1 heal=0 | acc=10.00% | byz_w=['0.700', '0.700', '0.700', '0.700']
[188] fedavg     | atk=None | V1=0 V2=0 | consensus=1 heal=0 | acc=10.00% | byz_w=['0.100', '0.100', '0.100', '0.100']
[189] fedavg     | atk=None | V1=0 V2=0 | consensus=1 heal=0 | acc=10.00% | byz_w=['0.100', '0.100', '0.100', '0.100']
[190] fedavg     | atk=  A3 | V1=0 V2=0 | consensus=1 heal=0 | acc=10.00% | byz_w=['0.700', '0.700', '0.700', '0.700']
[191] fedavg     | atk=  A1 | V1=0 V2=0 | consensus=1 heal=0 | acc=10.00% | byz_w=['0.700', '0.700', '0.700', '0.700']
[192] fedavg     | atk=None | V1=0 V2=0 | consensus=1 heal=0 | acc=10.00% | byz_w=['0.100', '0.100', '0.100', '0.100']
[193] fedavg     | atk=  A3 | V1=0 V2=0 | consensus=1 heal=0 | acc=10.00% | byz_w=['0.700', '0.700', '0.700', '0.700']
[194] fedavg     | atk=  A2 | V1=0 V2=0 | consensus=1 heal=0 | acc=10.00% | byz_w=['0.350', '0.350', '0.350', '0.350']
[195] fedavg     | atk=  A3 | V1=0 V2=0 | consensus=1 heal=0 | acc=10.00% | byz_w=['0.700', '0.700', '0.700', '0.700']
[196] fedavg     | atk=  A2 | V1=0 V2=0 | consensus=1 heal=0 | acc=10.00% | byz_w=['0.350', '0.350', '0.350', '0.350']
[197] fedavg     | atk=None | V1=0 V2=0 | consensus=1 heal=0 | acc=10.00% | byz_w=['0.100', '0.100', '0.100', '0.100']
[198] fedavg     | atk=  A3 | V1=0 V2=0 | consensus=1 heal=0 | acc=10.00% | byz_w=['0.700', '0.700', '0.700', '0.700']
[199] fedavg     | atk=None | V1=0 V2=0 | consensus=1 heal=0 | acc=10.00% | byz_w=['0.100', '0.100', '0.100', '0.100']
[200] fedavg     | atk=None | V1=0 V2=0 | consensus=1 heal=0 | acc=10.00% | byz_w=['0.100', '0.100', '0.100', '0.100']

============================================================
=== Trust Only ===
[001] trust_only | atk=None | V1=0 V2=0 | consensus=1 heal=0 | acc=10.00% | byz_w=['0.000', '0.000', '0.000', '0.000']
[002] trust_only | atk=  A3 | V1=0 V2=0 | consensus=1 heal=0 | acc=10.00% | byz_w=['0.027', '0.000', '0.022', '0.033']
[003] trust_only | atk=None | V1=0 V2=0 | consensus=1 heal=0 | acc=9.66% | byz_w=['0.008', '0.000', '0.028', '0.010']
[004] trust_only | atk=None | V1=0 V2=0 | consensus=1 heal=0 | acc=15.34% | byz_w=['0.002', '0.000', '0.008', '0.003']
[005] trust_only | atk=  A3 | V1=0 V2=0 | consensus=1 heal=0 | acc=9.99% | byz_w=['0.001', '0.000', '0.003', '0.001']
[006] trust_only | atk=  A2 | V1=0 V2=0 | consensus=1 heal=0 | acc=10.00% | byz_w=['0.000', '0.004', '0.001', '0.000']
[007] trust_only | atk=None | V1=0 V2=0 | consensus=1 heal=0 | acc=10.00% | byz_w=['0.000', '0.001', '0.000', '0.000']
[008] trust_only | atk=  A3 | V1=0 V2=0 | consensus=1 heal=0 | acc=13.45% | byz_w=['0.000', '0.000', '0.000', '0.000']
[009] trust_only | atk=  A2 | V1=0 V2=0 | consensus=1 heal=0 | acc=10.00% | byz_w=['0.000', '0.000', '0.000', '0.000']
[010] trust_only | atk=  A3 | V1=0 V2=0 | consensus=1 heal=0 | acc=10.00% | byz_w=['0.000', '0.000', '0.000', '0.000']
[011] trust_only | atk=  A2 | V1=0 V2=0 | consensus=1 heal=0 | acc=10.18% | byz_w=['0.000', '0.041', '0.116', '0.112']
[012] trust_only | atk=None | V1=0 V2=0 | consensus=1 heal=0 | acc=9.31% | byz_w=['0.000', '0.012', '0.035', '0.033']
[013] trust_only | atk=None | V1=0 V2=0 | consensus=1 heal=0 | acc=10.00% | byz_w=['0.038', '0.004', '0.073', '0.059']
[014] trust_only | atk=  A1 | V1=0 V2=0 | consensus=1 heal=0 | acc=10.00% | byz_w=['0.050', '0.001', '0.082', '0.066']
[015] trust_only | atk=  A1 | V1=0 V2=0 | consensus=1 heal=0 | acc=10.00% | byz_w=['0.039', '0.000', '0.093', '0.062']
[016] trust_only | atk=None | V1=0 V2=0 | consensus=1 heal=0 | acc=9.27% | byz_w=['0.012', '0.000', '0.028', '0.019']
[017] trust_only | atk=  A3 | V1=0 V2=0 | consensus=1 heal=0 | acc=10.00% | byz_w=['0.004', '0.190', '0.008', '0.006']
[018] trust_only | atk=  A2 | V1=0 V2=0 | consensus=1 heal=0 | acc=10.00% | byz_w=['0.010', '0.116', '0.002', '0.049']
[019] trust_only | atk=None | V1=0 V2=0 | consensus=1 heal=0 | acc=10.00% | byz_w=['0.003', '0.035', '0.021', '0.047']
[020] trust_only | atk=  A1 | V1=0 V2=0 | consensus=1 heal=0 | acc=10.00% | byz_w=['0.036', '0.010', '0.051', '0.055']
[021] trust_only | atk=None | V1=0 V2=0 | consensus=1 heal=0 | acc=10.00% | byz_w=['0.011', '0.003', '0.113', '0.017']
[022] trust_only | atk=None | V1=0 V2=0 | consensus=1 heal=0 | acc=10.00% | byz_w=['0.003', '0.001', '0.034', '0.005']
[023] trust_only | atk=  A3 | V1=0 V2=0 | consensus=1 heal=0 | acc=10.00% | byz_w=['0.001', '0.000', '0.010', '0.001']
[024] trust_only | atk=  A3 | V1=0 V2=0 | consensus=1 heal=0 | acc=10.00% | byz_w=['0.000', '0.039', '0.011', '0.000']
[025] trust_only | atk=None | V1=0 V2=0 | consensus=1 heal=0 | acc=10.00% | byz_w=['0.000', '0.012', '0.003', '0.000']
[026] trust_only | atk=  A2 | V1=0 V2=0 | consensus=1 heal=0 | acc=10.00% | byz_w=['0.000', '0.004', '0.001', '0.000']
[027] trust_only | atk=None | V1=0 V2=0 | consensus=1 heal=0 | acc=10.00% | byz_w=['0.000', '0.001', '0.017', '0.000']
[028] trust_only | atk=  A2 | V1=0 V2=0 | consensus=1 heal=0 | acc=10.00% | byz_w=['0.000', '0.000', '0.005', '0.000']
[029] trust_only | atk=  A1 | V1=0 V2=0 | consensus=1 heal=0 | acc=10.00% | byz_w=['0.000', '0.036', '0.006', '0.000']
[030] trust_only | atk=  A3 | V1=0 V2=0 | consensus=1 heal=0 | acc=10.00% | byz_w=['0.000', '0.011', '0.002', '0.000']
[031] trust_only | atk=None | V1=0 V2=0 | consensus=1 heal=0 | acc=10.00% | byz_w=['0.000', '0.003', '0.001', '0.000']
[032] trust_only | atk=  A3 | V1=0 V2=0 | consensus=1 heal=0 | acc=10.00% | byz_w=['0.000', '0.001', '0.000', '0.000']
[033] trust_only | atk=  A3 | V1=0 V2=0 | consensus=1 heal=0 | acc=10.00% | byz_w=['0.000', '0.021', '0.008', '0.000']
[034] trust_only | atk=  A2 | V1=0 V2=0 | consensus=1 heal=0 | acc=10.00% | byz_w=['0.000', '0.006', '0.003', '0.000']
[035] trust_only | atk=  A3 | V1=0 V2=0 | consensus=1 heal=0 | acc=10.00% | byz_w=['0.000', '0.002', '0.001', '0.000']
[036] trust_only | atk=  A3 | V1=0 V2=0 | consensus=1 heal=0 | acc=10.00% | byz_w=['0.000', '0.001', '0.000', '0.000']
[037] trust_only | atk=None | V1=0 V2=0 | consensus=1 heal=0 | acc=10.00% | byz_w=['0.000', '0.000', '0.053', '0.000']
[038] trust_only | atk=None | V1=0 V2=0 | consensus=1 heal=0 | acc=10.00% | byz_w=['0.003', '0.000', '0.016', '0.000']
[039] trust_only | atk=  A1 | V1=0 V2=0 | consensus=1 heal=0 | acc=10.00% | byz_w=['0.001', '0.000', '0.005', '0.000']
[040] trust_only | atk=None | V1=0 V2=0 | consensus=1 heal=0 | acc=10.00% | byz_w=['0.000', '0.000', '0.001', '0.000']
[041] trust_only | atk=  A2 | V1=0 V2=0 | consensus=1 heal=0 | acc=10.00% | byz_w=['0.000', '0.000', '0.000', '0.000']
[042] trust_only | atk=None | V1=0 V2=0 | consensus=1 heal=0 | acc=10.00% | byz_w=['0.000', '0.001', '0.000', '0.000']
[043] trust_only | atk=None | V1=0 V2=0 | consensus=1 heal=0 | acc=10.00% | byz_w=['0.000', '0.000', '0.000', '0.000']
[044] trust_only | atk=  A1 | V1=0 V2=0 | consensus=1 heal=0 | acc=10.00% | byz_w=['0.000', '0.000', '0.000', '0.000']
[045] trust_only | atk=None | V1=0 V2=0 | consensus=1 heal=0 | acc=10.00% | byz_w=['0.000', '0.000', '0.001', '0.000']
[046] trust_only | atk=  A3 | V1=0 V2=0 | consensus=1 heal=0 | acc=10.00% | byz_w=['0.000', '0.000', '0.000', '0.000']
[047] trust_only | atk=  A3 | V1=0 V2=0 | consensus=1 heal=0 | acc=10.00% | byz_w=['0.000', '0.025', '0.010', '0.000']
[048] trust_only | atk=  A2 | V1=0 V2=0 | consensus=1 heal=0 | acc=10.00% | byz_w=['0.000', '0.007', '0.003', '0.000']
[049] trust_only | atk=None | V1=0 V2=0 | consensus=1 heal=0 | acc=10.00% | byz_w=['0.000', '0.002', '0.010', '0.000']
[050] trust_only | atk=  A3 | V1=0 V2=0 | consensus=1 heal=0 | acc=10.00% | byz_w=['0.000', '0.001', '0.003', '0.000']
[051] trust_only | atk=None | V1=0 V2=0 | consensus=1 heal=0 | acc=10.00% | byz_w=['0.000', '0.000', '0.001', '0.000']
[052] trust_only | atk=None | V1=0 V2=0 | consensus=1 heal=0 | acc=10.00% | byz_w=['0.000', '0.000', '0.000', '0.000']
[053] trust_only | atk=  A1 | V1=0 V2=0 | consensus=1 heal=0 | acc=10.00% | byz_w=['0.000', '0.000', '0.000', '0.000']
[054] trust_only | atk=  A3 | V1=0 V2=0 | consensus=1 heal=0 | acc=10.00% | byz_w=['0.000', '0.000', '0.000', '0.000']
[055] trust_only | atk=  A3 | V1=0 V2=0 | consensus=1 heal=0 | acc=10.00% | byz_w=['0.000', '0.000', '0.000', '0.000']
[056] trust_only | atk=None | V1=0 V2=0 | consensus=1 heal=0 | acc=10.00% | byz_w=['0.000', '0.000', '0.000', '0.000']
[057] trust_only | atk=  A3 | V1=0 V2=0 | consensus=1 heal=0 | acc=10.00% | byz_w=['0.014', '0.000', '0.000', '0.000']
[058] trust_only | atk=  A2 | V1=0 V2=0 | consensus=1 heal=0 | acc=10.00% | byz_w=['0.004', '0.000', '0.000', '0.000']
[059] trust_only | atk=None | V1=0 V2=0 | consensus=1 heal=0 | acc=10.00% | byz_w=['0.054', '0.000', '0.000', '0.000']
[060] trust_only | atk=  A3 | V1=0 V2=0 | consensus=1 heal=0 | acc=10.00% | byz_w=['0.024', '0.000', '0.000', '0.000']
[061] trust_only | atk=  A2 | V1=0 V2=0 | consensus=1 heal=0 | acc=10.00% | byz_w=['0.007', '0.000', '0.004', '0.000']
[062] trust_only | atk=None | V1=0 V2=0 | consensus=1 heal=0 | acc=10.00% | byz_w=['0.097', '0.000', '0.001', '0.000']
[063] trust_only | atk=  A3 | V1=0 V2=0 | consensus=1 heal=0 | acc=10.00% | byz_w=['0.050', '0.000', '0.000', '0.000']
[064] trust_only | atk=  A3 | V1=0 V2=0 | consensus=1 heal=0 | acc=10.00% | byz_w=['0.015', '0.000', '0.000', '0.000']
[065] trust_only | atk=  A1 | V1=0 V2=0 | consensus=1 heal=0 | acc=10.00% | byz_w=['0.087', '0.064', '0.000', '0.000']
[066] trust_only | atk=  A2 | V1=0 V2=0 | consensus=1 heal=0 | acc=10.00% | byz_w=['0.026', '0.019', '0.000', '0.000']
[067] trust_only | atk=None | V1=0 V2=0 | consensus=1 heal=0 | acc=10.00% | byz_w=['0.008', '0.069', '0.000', '0.000']
[068] trust_only | atk=  A2 | V1=0 V2=0 | consensus=1 heal=0 | acc=10.00% | byz_w=['0.007', '0.041', '0.000', '0.000']
[069] trust_only | atk=None | V1=0 V2=0 | consensus=1 heal=0 | acc=10.00% | byz_w=['0.002', '0.012', '0.000', '0.000']
[070] trust_only | atk=None | V1=0 V2=0 | consensus=1 heal=0 | acc=10.00% | byz_w=['0.001', '0.004', '0.000', '0.000']
[071] trust_only | atk=None | V1=0 V2=0 | consensus=1 heal=0 | acc=10.00% | byz_w=['0.000', '0.001', '0.000', '0.000']
[072] trust_only | atk=  A3 | V1=0 V2=0 | consensus=1 heal=0 | acc=10.00% | byz_w=['0.000', '0.000', '0.000', '0.000']
[073] trust_only | atk=None | V1=0 V2=0 | consensus=1 heal=0 | acc=10.00% | byz_w=['0.000', '0.000', '0.010', '0.000']
[074] trust_only | atk=  A2 | V1=0 V2=0 | consensus=1 heal=0 | acc=10.00% | byz_w=['0.000', '0.000', '0.003', '0.000']
[075] trust_only | atk=  A3 | V1=0 V2=0 | consensus=1 heal=0 | acc=10.00% | byz_w=['0.000', '0.031', '0.001', '0.000']
[076] trust_only | atk=  A3 | V1=0 V2=0 | consensus=1 heal=0 | acc=10.00% | byz_w=['0.000', '0.009', '0.000', '0.000']
[077] trust_only | atk=None | V1=0 V2=0 | consensus=1 heal=0 | acc=10.00% | byz_w=['0.000', '0.003', '0.000', '0.000']
[078] trust_only | atk=  A2 | V1=0 V2=0 | consensus=1 heal=0 | acc=10.00% | byz_w=['0.000', '0.001', '0.000', '0.000']
[079] trust_only | atk=None | V1=0 V2=0 | consensus=1 heal=0 | acc=10.00% | byz_w=['0.000', '0.000', '0.000', '0.000']
[080] trust_only | atk=  A2 | V1=0 V2=0 | consensus=1 heal=0 | acc=10.00% | byz_w=['0.000', '0.000', '0.000', '0.000']
[081] trust_only | atk=None | V1=0 V2=0 | consensus=1 heal=0 | acc=10.00% | byz_w=['0.000', '0.002', '0.005', '0.000']
[082] trust_only | atk=  A3 | V1=0 V2=0 | consensus=1 heal=0 | acc=10.00% | byz_w=['0.000', '0.001', '0.002', '0.000']
[083] trust_only | atk=  A3 | V1=0 V2=0 | consensus=1 heal=0 | acc=10.00% | byz_w=['0.000', '0.024', '0.010', '0.000']
[084] trust_only | atk=  A1 | V1=0 V2=0 | consensus=1 heal=0 | acc=10.00% | byz_w=['0.000', '0.007', '0.003', '0.000']
[085] trust_only | atk=None | V1=0 V2=0 | consensus=1 heal=0 | acc=10.00% | byz_w=['0.000', '0.002', '0.001', '0.000']
[086] trust_only | atk=None | V1=0 V2=0 | consensus=1 heal=0 | acc=10.00% | byz_w=['0.000', '0.001', '0.000', '0.037']
[087] trust_only | atk=  A1 | V1=0 V2=0 | consensus=1 heal=0 | acc=10.00% | byz_w=['0.000', '0.000', '0.000', '0.011']
[088] trust_only | atk=  A1 | V1=0 V2=0 | consensus=1 heal=0 | acc=10.00% | byz_w=['0.000', '0.000', '0.002', '0.003']
[089] trust_only | atk=  A2 | V1=0 V2=0 | consensus=1 heal=0 | acc=10.00% | byz_w=['0.000', '0.000', '0.001', '0.001']
[090] trust_only | atk=None | V1=0 V2=0 | consensus=1 heal=0 | acc=10.00% | byz_w=['0.000', '0.000', '0.010', '0.000']
[091] trust_only | atk=None | V1=0 V2=0 | consensus=1 heal=0 | acc=10.00% | byz_w=['0.000', '0.000', '0.003', '0.000']
[092] trust_only | atk=  A2 | V1=0 V2=0 | consensus=1 heal=0 | acc=10.00% | byz_w=['0.000', '0.000', '0.001', '0.000']
[093] trust_only | atk=  A3 | V1=0 V2=0 | consensus=1 heal=0 | acc=10.00% | byz_w=['0.000', '0.002', '0.001', '0.000']
[094] trust_only | atk=None | V1=0 V2=0 | consensus=1 heal=0 | acc=10.00% | byz_w=['0.000', '0.001', '0.000', '0.000']
[095] trust_only | atk=None | V1=0 V2=0 | consensus=1 heal=0 | acc=10.00% | byz_w=['0.000', '0.000', '0.000', '0.000']
[096] trust_only | atk=None | V1=0 V2=0 | consensus=1 heal=0 | acc=10.00% | byz_w=['0.000', '0.000', '0.000', '0.000']
[097] trust_only | atk=  A2 | V1=0 V2=0 | consensus=1 heal=0 | acc=10.00% | byz_w=['0.000', '0.000', '0.000', '0.000']
[098] trust_only | atk=  A3 | V1=0 V2=0 | consensus=1 heal=0 | acc=10.00% | byz_w=['0.000', '0.000', '0.000', '0.000']
[099] trust_only | atk=  A2 | V1=0 V2=0 | consensus=1 heal=0 | acc=10.00% | byz_w=['0.000', '0.000', '0.000', '0.000']
[100] trust_only | atk=  A2 | V1=0 V2=0 | consensus=1 heal=0 | acc=10.00% | byz_w=['0.000', '0.000', '0.000', '0.000']
[101] trust_only | atk=  A3 | V1=0 V2=0 | consensus=1 heal=0 | acc=10.00% | byz_w=['0.000', '0.000', '0.000', '0.000']
[102] trust_only | atk=None | V1=0 V2=0 | consensus=1 heal=0 | acc=10.00% | byz_w=['0.000', '0.000', '0.000', '0.000']
[103] trust_only | atk=  A3 | V1=0 V2=0 | consensus=1 heal=0 | acc=10.00% | byz_w=['0.003', '0.000', '0.000', '0.000']
[104] trust_only | atk=  A2 | V1=0 V2=0 | consensus=1 heal=0 | acc=10.00% | byz_w=['0.001', '0.000', '0.000', '0.000']
[105] trust_only | atk=  A3 | V1=0 V2=0 | consensus=1 heal=0 | acc=10.00% | byz_w=['0.020', '0.000', '0.000', '0.000']
[106] trust_only | atk=None | V1=0 V2=0 | consensus=1 heal=0 | acc=10.00% | byz_w=['0.006', '0.000', '0.000', '0.000']
[107] trust_only | atk=None | V1=0 V2=0 | consensus=1 heal=0 | acc=10.00% | byz_w=['0.002', '0.000', '0.000', '0.000']
[108] trust_only | atk=None | V1=0 V2=0 | consensus=1 heal=0 | acc=10.00% | byz_w=['0.001', '0.000', '0.000', '0.000']
[109] trust_only | atk=  A2 | V1=0 V2=0 | consensus=1 heal=0 | acc=10.00% | byz_w=['0.000', '0.000', '0.000', '0.000']
[110] trust_only | atk=  A2 | V1=0 V2=0 | consensus=1 heal=0 | acc=10.00% | byz_w=['0.000', '0.000', '0.000', '0.000']
[111] trust_only | atk=  A1 | V1=0 V2=0 | consensus=1 heal=0 | acc=10.00% | byz_w=['0.000', '0.000', '0.000', '0.000']
[112] trust_only | atk=None | V1=0 V2=0 | consensus=1 heal=0 | acc=10.00% | byz_w=['0.000', '0.000', '0.000', '0.000']
[113] trust_only | atk=  A2 | V1=0 V2=0 | consensus=1 heal=0 | acc=10.00% | byz_w=['0.000', '0.000', '0.000', '0.000']
[114] trust_only | atk=None | V1=0 V2=0 | consensus=1 heal=0 | acc=10.00% | byz_w=['0.000', '0.000', '0.000', '0.000']
[115] trust_only | atk=None | V1=0 V2=0 | consensus=1 heal=0 | acc=10.00% | byz_w=['0.000', '0.000', '0.000', '0.000']
[116] trust_only | atk=  A3 | V1=0 V2=0 | consensus=1 heal=0 | acc=10.00% | byz_w=['0.000', '0.000', '0.000', '0.000']
[117] trust_only | atk=  A2 | V1=0 V2=0 | consensus=1 heal=0 | acc=10.00% | byz_w=['0.000', '0.062', '0.034', '0.000']
[118] trust_only | atk=  A1 | V1=0 V2=0 | consensus=1 heal=0 | acc=10.00% | byz_w=['0.000', '0.019', '0.010', '0.000']
[119] trust_only | atk=None | V1=0 V2=0 | consensus=1 heal=0 | acc=10.00% | byz_w=['0.000', '0.006', '0.010', '0.000']
[120] trust_only | atk=  A2 | V1=0 V2=0 | consensus=1 heal=0 | acc=10.00% | byz_w=['0.000', '0.002', '0.003', '0.000']
[121] trust_only | atk=  A1 | V1=0 V2=0 | consensus=1 heal=0 | acc=10.00% | byz_w=['0.000', '0.001', '0.001', '0.000']
[122] trust_only | atk=None | V1=0 V2=0 | consensus=1 heal=0 | acc=10.00% | byz_w=['0.000', '0.000', '0.000', '0.000']
[123] trust_only | atk=  A3 | V1=0 V2=0 | consensus=1 heal=0 | acc=10.00% | byz_w=['0.000', '0.000', '0.000', '0.000']
[124] trust_only | atk=  A1 | V1=0 V2=0 | consensus=1 heal=0 | acc=10.00% | byz_w=['0.000', '0.000', '0.006', '0.000']
[125] trust_only | atk=None | V1=0 V2=0 | consensus=1 heal=0 | acc=10.00% | byz_w=['0.000', '0.000', '0.002', '0.000']
[126] trust_only | atk=None | V1=0 V2=0 | consensus=1 heal=0 | acc=10.00% | byz_w=['0.000', '0.000', '0.001', '0.012']
[127] trust_only | atk=  A1 | V1=0 V2=0 | consensus=1 heal=0 | acc=10.00% | byz_w=['0.000', '0.000', '0.000', '0.006']
[128] trust_only | atk=  A3 | V1=0 V2=0 | consensus=1 heal=0 | acc=10.00% | byz_w=['0.000', '0.000', '0.000', '0.002']
[129] trust_only | atk=  A3 | V1=0 V2=0 | consensus=1 heal=0 | acc=10.00% | byz_w=['0.000', '0.000', '0.000', '0.069']
[130] trust_only | atk=None | V1=0 V2=0 | consensus=1 heal=0 | acc=10.00% | byz_w=['0.000', '0.000', '0.000', '0.021']
[131] trust_only | atk=  A1 | V1=0 V2=0 | consensus=1 heal=0 | acc=10.00% | byz_w=['0.000', '0.000', '0.000', '0.006']
[132] trust_only | atk=  A1 | V1=0 V2=0 | consensus=1 heal=0 | acc=10.00% | byz_w=['0.000', '0.015', '0.000', '0.023']
[133] trust_only | atk=  A3 | V1=0 V2=0 | consensus=1 heal=0 | acc=10.00% | byz_w=['0.003', '0.005', '0.000', '0.007']
[134] trust_only | atk=None | V1=0 V2=0 | consensus=1 heal=0 | acc=10.00% | byz_w=['0.001', '0.001', '0.002', '0.002']
[135] trust_only | atk=  A2 | V1=0 V2=0 | consensus=1 heal=0 | acc=10.00% | byz_w=['0.000', '0.000', '0.001', '0.034']
[136] trust_only | atk=  A3 | V1=0 V2=0 | consensus=1 heal=0 | acc=10.00% | byz_w=['0.000', '0.000', '0.000', '0.010']
[137] trust_only | atk=  A3 | V1=0 V2=0 | consensus=1 heal=0 | acc=10.00% | byz_w=['0.000', '0.000', '0.013', '0.003']
[138] trust_only | atk=None | V1=0 V2=0 | consensus=1 heal=0 | acc=10.00% | byz_w=['0.009', '0.000', '0.004', '0.001']
[139] trust_only | atk=None | V1=0 V2=0 | consensus=1 heal=0 | acc=10.00% | byz_w=['0.003', '0.000', '0.001', '0.000']
[140] trust_only | atk=None | V1=0 V2=0 | consensus=1 heal=0 | acc=10.00% | byz_w=['0.001', '0.000', '0.000', '0.000']
[141] trust_only | atk=None | V1=0 V2=0 | consensus=1 heal=0 | acc=10.00% | byz_w=['0.000', '0.000', '0.000', '0.000']
[142] trust_only | atk=  A2 | V1=0 V2=0 | consensus=1 heal=0 | acc=10.00% | byz_w=['0.000', '0.000', '0.000', '0.000']
[143] trust_only | atk=  A3 | V1=0 V2=0 | consensus=1 heal=0 | acc=10.00% | byz_w=['0.000', '0.000', '0.000', '0.000']
[144] trust_only | atk=  A3 | V1=0 V2=0 | consensus=1 heal=0 | acc=10.00% | byz_w=['0.000', '0.000', '0.000', '0.000']
[145] trust_only | atk=  A1 | V1=0 V2=0 | consensus=1 heal=0 | acc=10.00% | byz_w=['0.000', '0.000', '0.000', '0.000']
[146] trust_only | atk=None | V1=0 V2=0 | consensus=1 heal=0 | acc=10.00% | byz_w=['0.000', '0.000', '0.000', '0.000']
[147] trust_only | atk=None | V1=0 V2=0 | consensus=1 heal=0 | acc=10.00% | byz_w=['0.000', '0.000', '0.000', '0.000']
[148] trust_only | atk=  A3 | V1=0 V2=0 | consensus=1 heal=0 | acc=10.00% | byz_w=['0.000', '0.000', '0.000', '0.000']
[149] trust_only | atk=None | V1=0 V2=0 | consensus=1 heal=0 | acc=10.00% | byz_w=['0.000', '0.000', '0.000', '0.000']
[150] trust_only | atk=  A2 | V1=0 V2=0 | consensus=1 heal=0 | acc=10.00% | byz_w=['0.000', '0.000', '0.000', '0.000']
[151] trust_only | atk=None | V1=0 V2=0 | consensus=1 heal=0 | acc=10.00% | byz_w=['0.000', '0.000', '0.000', '0.000']
[152] trust_only | atk=None | V1=0 V2=0 | consensus=1 heal=0 | acc=10.00% | byz_w=['0.000', '0.000', '0.000', '0.000']
[153] trust_only | atk=  A1 | V1=0 V2=0 | consensus=1 heal=0 | acc=10.00% | byz_w=['0.000', '0.000', '0.000', '0.000']
[154] trust_only | atk=  A1 | V1=0 V2=0 | consensus=1 heal=0 | acc=10.00% | byz_w=['0.000', '0.000', '0.020', '0.000']
[155] trust_only | atk=  A1 | V1=0 V2=0 | consensus=1 heal=0 | acc=10.00% | byz_w=['0.000', '0.000', '0.006', '0.000']
[156] trust_only | atk=  A1 | V1=0 V2=0 | consensus=1 heal=0 | acc=10.00% | byz_w=['0.000', '0.000', '0.002', '0.000']
[157] trust_only | atk=None | V1=0 V2=0 | consensus=1 heal=0 | acc=10.00% | byz_w=['0.000', '0.000', '0.001', '0.000']
[158] trust_only | atk=  A2 | V1=0 V2=0 | consensus=1 heal=0 | acc=10.00% | byz_w=['0.000', '0.000', '0.000', '0.000']
[159] trust_only | atk=None | V1=0 V2=0 | consensus=1 heal=0 | acc=10.00% | byz_w=['0.000', '0.000', '0.000', '0.000']
[160] trust_only | atk=  A3 | V1=0 V2=0 | consensus=1 heal=0 | acc=10.00% | byz_w=['0.000', '0.000', '0.000', '0.000']
[161] trust_only | atk=  A3 | V1=0 V2=0 | consensus=1 heal=0 | acc=10.00% | byz_w=['0.000', '0.000', '0.001', '0.000']
[162] trust_only | atk=  A1 | V1=0 V2=0 | consensus=1 heal=0 | acc=10.00% | byz_w=['0.000', '0.000', '0.000', '0.000']
[163] trust_only | atk=  A2 | V1=0 V2=0 | consensus=1 heal=0 | acc=10.00% | byz_w=['0.000', '0.000', '0.000', '0.000']
[164] trust_only | atk=None | V1=0 V2=0 | consensus=1 heal=0 | acc=10.00% | byz_w=['0.000', '0.000', '0.000', '0.070']
[165] trust_only | atk=None | V1=0 V2=0 | consensus=1 heal=0 | acc=10.00% | byz_w=['0.000', '0.000', '0.000', '0.021']
[166] trust_only | atk=  A3 | V1=0 V2=0 | consensus=1 heal=0 | acc=10.00% | byz_w=['0.000', '0.000', '0.000', '0.006']
[167] trust_only | atk=  A1 | V1=0 V2=0 | consensus=1 heal=0 | acc=10.00% | byz_w=['0.000', '0.000', '0.000', '0.002']
[168] trust_only | atk=None | V1=0 V2=0 | consensus=1 heal=0 | acc=10.00% | byz_w=['0.000', '0.000', '0.000', '0.001']
[169] trust_only | atk=None | V1=0 V2=0 | consensus=1 heal=0 | acc=10.00% | byz_w=['0.000', '0.000', '0.000', '0.012']
[170] trust_only | atk=  A2 | V1=0 V2=0 | consensus=1 heal=0 | acc=10.00% | byz_w=['0.000', '0.000', '0.000', '0.012']
[171] trust_only | atk=  A1 | V1=0 V2=0 | consensus=1 heal=0 | acc=10.00% | byz_w=['0.000', '0.000', '0.000', '0.004']
[172] trust_only | atk=None | V1=0 V2=0 | consensus=1 heal=0 | acc=10.00% | byz_w=['0.000', '0.000', '0.000', '0.070']
[173] trust_only | atk=None | V1=0 V2=0 | consensus=1 heal=0 | acc=10.00% | byz_w=['0.000', '0.000', '0.000', '0.036']
[174] trust_only | atk=  A3 | V1=0 V2=0 | consensus=1 heal=0 | acc=10.00% | byz_w=['0.000', '0.000', '0.000', '0.025']
[175] trust_only | atk=  A3 | V1=0 V2=0 | consensus=1 heal=0 | acc=10.00% | byz_w=['0.000', '0.000', '0.000', '0.007']
[176] trust_only | atk=  A1 | V1=0 V2=0 | consensus=1 heal=0 | acc=10.00% | byz_w=['0.000', '0.000', '0.000', '0.045']
[177] trust_only | atk=None | V1=0 V2=0 | consensus=1 heal=0 | acc=10.00% | byz_w=['0.000', '0.000', '0.000', '0.014']
[178] trust_only | atk=  A3 | V1=0 V2=0 | consensus=1 heal=0 | acc=10.00% | byz_w=['0.000', '0.000', '0.000', '0.004']
[179] trust_only | atk=  A3 | V1=0 V2=0 | consensus=1 heal=0 | acc=10.00% | byz_w=['0.000', '0.000', '0.000', '0.001']
[180] trust_only | atk=None | V1=0 V2=0 | consensus=1 heal=0 | acc=10.00% | byz_w=['0.041', '0.000', '0.000', '0.000']
[181] trust_only | atk=None | V1=0 V2=0 | consensus=1 heal=0 | acc=10.00% | byz_w=['0.028', '0.000', '0.000', '0.000']
[182] trust_only | atk=  A1 | V1=0 V2=0 | consensus=1 heal=0 | acc=10.00% | byz_w=['0.017', '0.000', '0.000', '0.000']
[183] trust_only | atk=None | V1=0 V2=0 | consensus=1 heal=0 | acc=10.00% | byz_w=['0.005', '0.000', '0.000', '0.000']
[184] trust_only | atk=  A3 | V1=0 V2=0 | consensus=1 heal=0 | acc=10.00% | byz_w=['0.001', '0.000', '0.000', '0.000']
[185] trust_only | atk=  A2 | V1=0 V2=0 | consensus=1 heal=0 | acc=10.00% | byz_w=['0.000', '0.000', '0.000', '0.000']
[186] trust_only | atk=  A1 | V1=0 V2=0 | consensus=1 heal=0 | acc=10.00% | byz_w=['0.000', '0.000', '0.000', '0.000']
[187] trust_only | atk=  A3 | V1=0 V2=0 | consensus=1 heal=0 | acc=10.00% | byz_w=['0.000', '0.000', '0.000', '0.000']
[188] trust_only | atk=None | V1=0 V2=0 | consensus=1 heal=0 | acc=10.00% | byz_w=['0.000', '0.000', '0.000', '0.000']
[189] trust_only | atk=None | V1=0 V2=0 | consensus=1 heal=0 | acc=10.00% | byz_w=['0.000', '0.000', '0.000', '0.026']
[190] trust_only | atk=  A3 | V1=0 V2=0 | consensus=1 heal=0 | acc=10.00% | byz_w=['0.000', '0.000', '0.000', '0.020']
[191] trust_only | atk=  A1 | V1=0 V2=0 | consensus=1 heal=0 | acc=10.00% | byz_w=['0.000', '0.000', '0.000', '0.006']
[192] trust_only | atk=None | V1=0 V2=0 | consensus=1 heal=0 | acc=10.00% | byz_w=['0.000', '0.000', '0.000', '0.067']
[193] trust_only | atk=  A3 | V1=0 V2=0 | consensus=1 heal=0 | acc=10.00% | byz_w=['0.000', '0.000', '0.000', '0.058']
[194] trust_only | atk=  A2 | V1=0 V2=0 | consensus=1 heal=0 | acc=10.00% | byz_w=['0.000', '0.000', '0.000', '0.017']
[195] trust_only | atk=  A3 | V1=0 V2=0 | consensus=1 heal=0 | acc=10.00% | byz_w=['0.000', '0.000', '0.000', '0.042']
[196] trust_only | atk=  A2 | V1=0 V2=0 | consensus=1 heal=0 | acc=10.00% | byz_w=['0.000', '0.000', '0.000', '0.013']
[197] trust_only | atk=None | V1=0 V2=0 | consensus=1 heal=0 | acc=10.00% | byz_w=['0.000', '0.000', '0.000', '0.051']
[198] trust_only | atk=  A3 | V1=0 V2=0 | consensus=1 heal=0 | acc=10.00% | byz_w=['0.000', '0.000', '0.000', '0.074']
[199] trust_only | atk=None | V1=0 V2=0 | consensus=1 heal=0 | acc=10.00% | byz_w=['0.000', '0.000', '0.000', '0.022']
[200] trust_only | atk=None | V1=0 V2=0 | consensus=1 heal=0 | acc=10.00% | byz_w=['0.000', '0.000', '0.000', '0.007']

============================================================
=== V1 Only ===
[001] v1_only    | atk=None | V1=0 V2=0 | consensus=1 heal=0 | acc=10.64% | byz_w=['0.000', '0.000', '0.000', '0.000']
[002] v1_only    | atk=  A3 | V1=1 V2=0 | consensus=0 heal=1V1 | acc=15.74% | byz_w=['0.028', '0.000', '0.016', '0.024']
[003] v1_only    | atk=None | V1=0 V2=0 | consensus=1 heal=0 | acc=23.42% | byz_w=['0.008', '0.000', '0.012', '0.038']
[004] v1_only    | atk=None | V1=0 V2=0 | consensus=1 heal=0 | acc=30.17% | byz_w=['0.003', '0.000', '0.004', '0.037']
[005] v1_only    | atk=  A3 | V1=1 V2=0 | consensus=0 heal=1V1 | acc=30.12% | byz_w=['0.001', '0.000', '0.001', '0.011']
[006] v1_only    | atk=  A2 | V1=1 V2=0 | consensus=0 heal=1V1 | acc=32.73% | byz_w=['0.000', '0.000', '0.000', '0.003']
[007] v1_only    | atk=None | V1=0 V2=0 | consensus=1 heal=0 | acc=35.06% | byz_w=['0.000', '0.000', '0.000', '0.001']
[008] v1_only    | atk=  A3 | V1=1 V2=0 | consensus=0 heal=1V1 | acc=36.21% | byz_w=['0.000', '0.000', '0.000', '0.000']
[009] v1_only    | atk=  A2 | V1=0 V2=0 | consensus=1 heal=0 | acc=18.97% | byz_w=['0.000', '0.000', '0.000', '0.000']
[010] v1_only    | atk=  A3 | V1=1 V2=0 | consensus=0 heal=1V1 | acc=20.21% | byz_w=['0.000', '0.000', '0.000', '0.000']
[011] v1_only    | atk=  A2 | V1=1 V2=0 | consensus=0 heal=1V1 | acc=34.43% | byz_w=['0.000', '0.000', '0.000', '0.000']
[012] v1_only    | atk=None | V1=0 V2=0 | consensus=1 heal=0 | acc=39.75% | byz_w=['0.000', '0.000', '0.000', '0.000']
[013] v1_only    | atk=None | V1=0 V2=0 | consensus=1 heal=0 | acc=42.02% | byz_w=['0.000', '0.000', '0.000', '0.000']
[014] v1_only    | atk=  A1 | V1=1 V2=0 | consensus=0 heal=1V1 | acc=43.00% | byz_w=['0.000', '0.000', '0.000', '0.000']
[015] v1_only    | atk=  A1 | V1=1 V2=0 | consensus=0 heal=1V1 | acc=44.95% | byz_w=['0.000', '0.000', '0.000', '0.000']
[016] v1_only    | atk=None | V1=0 V2=0 | consensus=1 heal=0 | acc=50.77% | byz_w=['0.000', '0.000', '0.000', '0.000']
[017] v1_only    | atk=  A3 | V1=1 V2=0 | consensus=0 heal=1V1 | acc=54.52% | byz_w=['0.000', '0.000', '0.000', '0.000']
[018] v1_only    | atk=  A2 | V1=1 V2=0 | consensus=0 heal=1V1 | acc=54.84% | byz_w=['0.000', '0.000', '0.000', '0.000']
[019] v1_only    | atk=None | V1=0 V2=0 | consensus=1 heal=0 | acc=55.15% | byz_w=['0.000', '0.000', '0.000', '0.000']
[020] v1_only    | atk=  A1 | V1=1 V2=0 | consensus=0 heal=1V1 | acc=53.09% | byz_w=['0.000', '0.000', '0.000', '0.000']
[021] v1_only    | atk=None | V1=0 V2=0 | consensus=1 heal=0 | acc=57.20% | byz_w=['0.000', '0.000', '0.000', '0.000']
[022] v1_only    | atk=None | V1=0 V2=0 | consensus=1 heal=0 | acc=56.75% | byz_w=['0.000', '0.000', '0.000', '0.000']
[023] v1_only    | atk=  A3 | V1=1 V2=0 | consensus=0 heal=1V1 | acc=59.33% | byz_w=['0.000', '0.000', '0.000', '0.000']
[024] v1_only    | atk=  A3 | V1=1 V2=0 | consensus=0 heal=1V1 | acc=57.29% | byz_w=['0.000', '0.000', '0.000', '0.000']
[025] v1_only    | atk=None | V1=0 V2=0 | consensus=1 heal=0 | acc=58.52% | byz_w=['0.000', '0.000', '0.000', '0.000']
[026] v1_only    | atk=  A2 | V1=0 V2=0 | consensus=1 heal=0 | acc=25.07% | byz_w=['0.000', '0.000', '0.000', '0.000']
[027] v1_only    | atk=None | V1=0 V2=0 | consensus=1 heal=0 | acc=45.76% | byz_w=['0.000', '0.000', '0.000', '0.000']
[028] v1_only    | atk=  A2 | V1=1 V2=0 | consensus=0 heal=1V1 | acc=54.61% | byz_w=['0.000', '0.000', '0.000', '0.000']
[029] v1_only    | atk=  A1 | V1=1 V2=0 | consensus=0 heal=1V1 | acc=58.00% | byz_w=['0.000', '0.000', '0.000', '0.000']
[030] v1_only    | atk=  A3 | V1=1 V2=0 | consensus=0 heal=1V1 | acc=58.44% | byz_w=['0.000', '0.000', '0.000', '0.000']
[031] v1_only    | atk=None | V1=0 V2=0 | consensus=1 heal=0 | acc=60.67% | byz_w=['0.000', '0.000', '0.000', '0.000']
[032] v1_only    | atk=  A3 | V1=1 V2=0 | consensus=0 heal=1V1 | acc=61.85% | byz_w=['0.000', '0.000', '0.000', '0.000']
[033] v1_only    | atk=  A3 | V1=1 V2=0 | consensus=0 heal=1V1 | acc=60.81% | byz_w=['0.000', '0.000', '0.000', '0.000']
[034] v1_only    | atk=  A2 | V1=1 V2=0 | consensus=0 heal=1V1 | acc=62.68% | byz_w=['0.000', '0.000', '0.000', '0.000']
[035] v1_only    | atk=  A3 | V1=1 V2=0 | consensus=0 heal=1V1 | acc=63.01% | byz_w=['0.000', '0.000', '0.000', '0.000']
[036] v1_only    | atk=  A3 | V1=1 V2=0 | consensus=0 heal=1V1 | acc=60.63% | byz_w=['0.000', '0.000', '0.000', '0.000']
[037] v1_only    | atk=None | V1=0 V2=0 | consensus=1 heal=0 | acc=63.75% | byz_w=['0.000', '0.000', '0.000', '0.000']
[038] v1_only    | atk=None | V1=0 V2=0 | consensus=1 heal=0 | acc=63.19% | byz_w=['0.000', '0.000', '0.000', '0.000']
[039] v1_only    | atk=  A1 | V1=1 V2=0 | consensus=0 heal=1V1 | acc=63.11% | byz_w=['0.000', '0.000', '0.000', '0.000']
[040] v1_only    | atk=None | V1=0 V2=0 | consensus=1 heal=0 | acc=64.08% | byz_w=['0.000', '0.000', '0.000', '0.000']
[041] v1_only    | atk=  A2 | V1=0 V2=0 | consensus=1 heal=0 | acc=26.66% | byz_w=['0.000', '0.000', '0.000', '0.000']
[042] v1_only    | atk=None | V1=0 V2=0 | consensus=1 heal=0 | acc=10.07% | byz_w=['0.065', '0.003', '0.009', '0.000']
[043] v1_only    | atk=None | V1=0 V2=0 | consensus=1 heal=0 | acc=52.98% | byz_w=['0.020', '0.001', '0.003', '0.000']
[044] v1_only    | atk=  A1 | V1=1 V2=0 | consensus=0 heal=1V1 | acc=54.23% | byz_w=['0.006', '0.000', '0.001', '0.000']
[045] v1_only    | atk=None | V1=0 V2=0 | consensus=1 heal=0 | acc=59.47% | byz_w=['0.002', '0.000', '0.000', '0.000']
[046] v1_only    | atk=  A3 | V1=1 V2=0 | consensus=0 heal=1V1 | acc=59.11% | byz_w=['0.001', '0.000', '0.000', '0.000']
[047] v1_only    | atk=  A3 | V1=1 V2=0 | consensus=0 heal=1V1 | acc=63.92% | byz_w=['0.000', '0.000', '0.000', '0.000']
[048] v1_only    | atk=  A2 | V1=1 V2=0 | consensus=0 heal=1V1 | acc=63.13% | byz_w=['0.000', '0.000', '0.000', '0.000']
[049] v1_only    | atk=None | V1=0 V2=0 | consensus=1 heal=0 | acc=63.67% | byz_w=['0.000', '0.000', '0.000', '0.000']
[050] v1_only    | atk=  A3 | V1=1 V2=0 | consensus=0 heal=1V1 | acc=63.50% | byz_w=['0.000', '0.000', '0.000', '0.000']
[051] v1_only    | atk=None | V1=0 V2=0 | consensus=1 heal=0 | acc=62.84% | byz_w=['0.000', '0.000', '0.000', '0.000']
[052] v1_only    | atk=None | V1=0 V2=0 | consensus=1 heal=0 | acc=60.06% | byz_w=['0.000', '0.000', '0.000', '0.000']
[053] v1_only    | atk=  A1 | V1=1 V2=0 | consensus=0 heal=1V1 | acc=66.26% | byz_w=['0.000', '0.000', '0.000', '0.000']
[054] v1_only    | atk=  A3 | V1=1 V2=0 | consensus=0 heal=1V1 | acc=62.06% | byz_w=['0.000', '0.000', '0.000', '0.000']
[055] v1_only    | atk=  A3 | V1=1 V2=0 | consensus=0 heal=1V1 | acc=64.70% | byz_w=['0.000', '0.000', '0.000', '0.000']
[056] v1_only    | atk=None | V1=0 V2=0 | consensus=1 heal=0 | acc=62.41% | byz_w=['0.000', '0.000', '0.000', '0.000']
[057] v1_only    | atk=  A3 | V1=1 V2=0 | consensus=0 heal=1V1 | acc=63.54% | byz_w=['0.000', '0.000', '0.000', '0.000']
[058] v1_only    | atk=  A2 | V1=1 V2=0 | consensus=0 heal=1V1 | acc=62.60% | byz_w=['0.000', '0.000', '0.000', '0.000']
[059] v1_only    | atk=None | V1=0 V2=0 | consensus=1 heal=0 | acc=64.76% | byz_w=['0.000', '0.000', '0.000', '0.000']
[060] v1_only    | atk=  A3 | V1=1 V2=0 | consensus=0 heal=1V1 | acc=63.78% | byz_w=['0.000', '0.000', '0.000', '0.000']
[061] v1_only    | atk=  A2 | V1=1 V2=0 | consensus=0 heal=1V1 | acc=65.51% | byz_w=['0.000', '0.000', '0.000', '0.000']
[062] v1_only    | atk=None | V1=0 V2=0 | consensus=1 heal=0 | acc=64.96% | byz_w=['0.000', '0.000', '0.000', '0.000']
[063] v1_only    | atk=  A3 | V1=1 V2=0 | consensus=0 heal=1V1 | acc=64.95% | byz_w=['0.000', '0.000', '0.000', '0.000']
[064] v1_only    | atk=  A3 | V1=1 V2=0 | consensus=0 heal=1V1 | acc=65.26% | byz_w=['0.000', '0.000', '0.000', '0.000']
[065] v1_only    | atk=  A1 | V1=1 V2=0 | consensus=0 heal=1V1 | acc=62.98% | byz_w=['0.000', '0.000', '0.000', '0.000']
[066] v1_only    | atk=  A2 | V1=1 V2=0 | consensus=0 heal=1V1 | acc=64.42% | byz_w=['0.000', '0.000', '0.000', '0.000']
[067] v1_only    | atk=None | V1=0 V2=0 | consensus=1 heal=0 | acc=66.81% | byz_w=['0.000', '0.000', '0.000', '0.000']
[068] v1_only    | atk=  A2 | V1=1 V2=0 | consensus=0 heal=1V1 | acc=65.48% | byz_w=['0.000', '0.000', '0.000', '0.000']
[069] v1_only    | atk=None | V1=0 V2=0 | consensus=1 heal=0 | acc=67.17% | byz_w=['0.000', '0.000', '0.000', '0.000']
[070] v1_only    | atk=None | V1=0 V2=0 | consensus=1 heal=0 | acc=65.45% | byz_w=['0.000', '0.000', '0.000', '0.000']
[071] v1_only    | atk=None | V1=0 V2=0 | consensus=1 heal=0 | acc=65.94% | byz_w=['0.000', '0.000', '0.000', '0.000']
[072] v1_only    | atk=  A3 | V1=1 V2=0 | consensus=0 heal=1V1 | acc=66.53% | byz_w=['0.000', '0.000', '0.000', '0.000']
[073] v1_only    | atk=None | V1=0 V2=0 | consensus=1 heal=0 | acc=65.63% | byz_w=['0.000', '0.000', '0.000', '0.000']
[074] v1_only    | atk=  A2 | V1=1 V2=0 | consensus=0 heal=1V1 | acc=63.29% | byz_w=['0.000', '0.000', '0.000', '0.000']
[075] v1_only    | atk=  A3 | V1=1 V2=0 | consensus=0 heal=1V1 | acc=65.68% | byz_w=['0.000', '0.000', '0.000', '0.000']
[076] v1_only    | atk=  A3 | V1=1 V2=0 | consensus=0 heal=1V1 | acc=64.18% | byz_w=['0.000', '0.000', '0.000', '0.000']
[077] v1_only    | atk=None | V1=0 V2=0 | consensus=1 heal=0 | acc=64.87% | byz_w=['0.000', '0.000', '0.000', '0.000']
[078] v1_only    | atk=  A2 | V1=1 V2=0 | consensus=0 heal=1V1 | acc=65.68% | byz_w=['0.000', '0.000', '0.000', '0.000']
[079] v1_only    | atk=None | V1=0 V2=0 | consensus=1 heal=0 | acc=66.74% | byz_w=['0.000', '0.000', '0.000', '0.000']
[080] v1_only    | atk=  A2 | V1=1 V2=0 | consensus=0 heal=1V1 | acc=66.16% | byz_w=['0.000', '0.000', '0.000', '0.000']
[081] v1_only    | atk=None | V1=0 V2=0 | consensus=1 heal=0 | acc=66.89% | byz_w=['0.000', '0.000', '0.000', '0.000']
[082] v1_only    | atk=  A3 | V1=1 V2=0 | consensus=0 heal=1V1 | acc=64.74% | byz_w=['0.000', '0.000', '0.000', '0.000']
[083] v1_only    | atk=  A3 | V1=1 V2=0 | consensus=0 heal=1V1 | acc=67.38% | byz_w=['0.000', '0.000', '0.000', '0.000']
[084] v1_only    | atk=  A1 | V1=1 V2=0 | consensus=0 heal=1V1 | acc=64.43% | byz_w=['0.000', '0.000', '0.000', '0.000']
[085] v1_only    | atk=None | V1=0 V2=0 | consensus=1 heal=0 | acc=67.70% | byz_w=['0.000', '0.000', '0.000', '0.000']
[086] v1_only    | atk=None | V1=0 V2=0 | consensus=1 heal=0 | acc=64.13% | byz_w=['0.000', '0.000', '0.000', '0.000']
[087] v1_only    | atk=  A1 | V1=1 V2=0 | consensus=0 heal=1V1 | acc=67.00% | byz_w=['0.000', '0.000', '0.000', '0.000']
[088] v1_only    | atk=  A1 | V1=1 V2=0 | consensus=0 heal=1V1 | acc=65.93% | byz_w=['0.000', '0.000', '0.000', '0.000']
[089] v1_only    | atk=  A2 | V1=1 V2=0 | consensus=0 heal=1V1 | acc=65.85% | byz_w=['0.000', '0.000', '0.000', '0.000']
[090] v1_only    | atk=None | V1=0 V2=0 | consensus=1 heal=0 | acc=65.81% | byz_w=['0.000', '0.000', '0.000', '0.000']
[091] v1_only    | atk=None | V1=0 V2=0 | consensus=1 heal=0 | acc=65.81% | byz_w=['0.000', '0.000', '0.000', '0.000']
[092] v1_only    | atk=  A2 | V1=1 V2=0 | consensus=0 heal=1V1 | acc=65.28% | byz_w=['0.000', '0.000', '0.000', '0.000']
[093] v1_only    | atk=  A3 | V1=1 V2=0 | consensus=0 heal=1V1 | acc=63.94% | byz_w=['0.000', '0.000', '0.000', '0.000']
[094] v1_only    | atk=None | V1=0 V2=0 | consensus=1 heal=0 | acc=64.99% | byz_w=['0.000', '0.000', '0.000', '0.000']
[095] v1_only    | atk=None | V1=0 V2=0 | consensus=1 heal=0 | acc=65.61% | byz_w=['0.000', '0.000', '0.000', '0.000']
[096] v1_only    | atk=None | V1=0 V2=0 | consensus=1 heal=0 | acc=65.20% | byz_w=['0.000', '0.000', '0.000', '0.000']
[097] v1_only    | atk=  A2 | V1=1 V2=0 | consensus=0 heal=1V1 | acc=66.80% | byz_w=['0.000', '0.000', '0.000', '0.000']
[098] v1_only    | atk=  A3 | V1=1 V2=0 | consensus=0 heal=1V1 | acc=66.68% | byz_w=['0.000', '0.000', '0.000', '0.000']
[099] v1_only    | atk=  A2 | V1=0 V2=0 | consensus=1 heal=0 | acc=20.01% | byz_w=['0.000', '0.000', '0.000', '0.000']
[100] v1_only    | atk=  A2 | V1=1 V2=0 | consensus=0 heal=1V1 | acc=10.00% | byz_w=['0.000', '0.000', '0.000', '0.000']
[101] v1_only    | atk=  A3 | V1=1 V2=0 | consensus=0 heal=1V1 | acc=13.85% | byz_w=['0.000', '0.000', '0.000', '0.000']
[102] v1_only    | atk=None | V1=0 V2=0 | consensus=1 heal=0 | acc=26.64% | byz_w=['0.000', '0.000', '0.000', '0.000']
[103] v1_only    | atk=  A3 | V1=1 V2=0 | consensus=0 heal=1V1 | acc=29.89% | byz_w=['0.000', '0.000', '0.000', '0.000']
[104] v1_only    | atk=  A2 | V1=1 V2=0 | consensus=0 heal=1V1 | acc=29.85% | byz_w=['0.000', '0.000', '0.000', '0.000']
[105] v1_only    | atk=  A3 | V1=1 V2=0 | consensus=0 heal=1V1 | acc=31.65% | byz_w=['0.000', '0.000', '0.000', '0.000']
[106] v1_only    | atk=None | V1=0 V2=0 | consensus=1 heal=0 | acc=34.87% | byz_w=['0.000', '0.000', '0.000', '0.000']
[107] v1_only    | atk=None | V1=0 V2=0 | consensus=1 heal=0 | acc=39.69% | byz_w=['0.000', '0.000', '0.000', '0.000']
[108] v1_only    | atk=None | V1=0 V2=0 | consensus=1 heal=0 | acc=40.72% | byz_w=['0.000', '0.000', '0.000', '0.000']
[109] v1_only    | atk=  A2 | V1=1 V2=0 | consensus=0 heal=1V1 | acc=40.99% | byz_w=['0.000', '0.000', '0.000', '0.000']
[110] v1_only    | atk=  A2 | V1=1 V2=0 | consensus=0 heal=1V1 | acc=39.60% | byz_w=['0.000', '0.000', '0.000', '0.000']
[111] v1_only    | atk=  A1 | V1=1 V2=0 | consensus=0 heal=1V1 | acc=43.30% | byz_w=['0.000', '0.000', '0.000', '0.000']
[112] v1_only    | atk=None | V1=0 V2=0 | consensus=1 heal=0 | acc=44.85% | byz_w=['0.000', '0.000', '0.000', '0.000']
[113] v1_only    | atk=  A2 | V1=1 V2=0 | consensus=0 heal=1V1 | acc=41.27% | byz_w=['0.000', '0.000', '0.000', '0.000']
[114] v1_only    | atk=None | V1=0 V2=0 | consensus=1 heal=0 | acc=43.42% | byz_w=['0.000', '0.000', '0.000', '0.000']
[115] v1_only    | atk=None | V1=0 V2=0 | consensus=1 heal=0 | acc=46.39% | byz_w=['0.000', '0.000', '0.000', '0.000']
[116] v1_only    | atk=  A3 | V1=1 V2=0 | consensus=0 heal=1V1 | acc=30.16% | byz_w=['0.000', '0.000', '0.000', '0.000']
[117] v1_only    | atk=  A2 | V1=1 V2=0 | consensus=0 heal=1V1 | acc=32.34% | byz_w=['0.000', '0.000', '0.000', '0.000']
[118] v1_only    | atk=  A1 | V1=0 V2=0 | consensus=1 heal=0 | acc=11.98% | byz_w=['0.000', '0.000', '0.000', '0.000']
[119] v1_only    | atk=None | V1=0 V2=0 | consensus=1 heal=0 | acc=11.83% | byz_w=['0.000', '0.058', '0.000', '0.000']
[120] v1_only    | atk=  A2 | V1=1 V2=0 | consensus=0 heal=1V1 | acc=10.00% | byz_w=['0.070', '0.087', '0.070', '0.070']
[121] v1_only    | atk=  A1 | V1=0 V2=0 | consensus=1 heal=0 | acc=10.00% | byz_w=['0.021', '0.026', '0.034', '0.074']
[122] v1_only    | atk=None | V1=0 V2=0 | consensus=1 heal=0 | acc=9.91% | byz_w=['0.010', '0.008', '0.010', '0.022']
[123] v1_only    | atk=  A3 | V1=1 V2=0 | consensus=0 heal=1V1 | acc=9.83% | byz_w=['0.003', '0.002', '0.003', '0.044']
[124] v1_only    | atk=  A1 | V1=1 V2=0 | consensus=0 heal=1V1 | acc=10.00% | byz_w=['0.002', '0.001', '0.001', '0.013']
[125] v1_only    | atk=None | V1=0 V2=0 | consensus=1 heal=0 | acc=10.00% | byz_w=['0.001', '0.000', '0.000', '0.004']
[126] v1_only    | atk=None | V1=0 V2=0 | consensus=1 heal=0 | acc=10.00% | byz_w=['0.000', '0.000', '0.000', '0.001']
[127] v1_only    | atk=  A1 | V1=1 V2=0 | consensus=0 heal=1V1 | acc=10.00% | byz_w=['0.000', '0.000', '0.000', '0.000']
[128] v1_only    | atk=  A3 | V1=1 V2=0 | consensus=0 heal=1V1 | acc=10.00% | byz_w=['0.000', '0.000', '0.000', '0.000']
[129] v1_only    | atk=  A3 | V1=1 V2=0 | consensus=0 heal=1V1 | acc=10.00% | byz_w=['0.000', '0.000', '0.000', '0.000']
[130] v1_only    | atk=None | V1=0 V2=0 | consensus=1 heal=0 | acc=10.00% | byz_w=['0.000', '0.000', '0.000', '0.000']
[131] v1_only    | atk=  A1 | V1=1 V2=0 | consensus=0 heal=1V1 | acc=10.00% | byz_w=['0.000', '0.000', '0.000', '0.000']
[132] v1_only    | atk=  A1 | V1=1 V2=0 | consensus=0 heal=1V1 | acc=10.00% | byz_w=['0.000', '0.000', '0.000', '0.000']
[133] v1_only    | atk=  A3 | V1=1 V2=0 | consensus=0 heal=1V1 | acc=10.00% | byz_w=['0.000', '0.000', '0.000', '0.000']
[134] v1_only    | atk=None | V1=0 V2=0 | consensus=1 heal=0 | acc=10.00% | byz_w=['0.000', '0.000', '0.000', '0.000']
[135] v1_only    | atk=  A2 | V1=1 V2=0 | consensus=0 heal=1V1 | acc=10.00% | byz_w=['0.000', '0.000', '0.000', '0.000']
[136] v1_only    | atk=  A3 | V1=1 V2=0 | consensus=0 heal=1V1 | acc=10.00% | byz_w=['0.000', '0.000', '0.000', '0.000']
[137] v1_only    | atk=  A3 | V1=1 V2=0 | consensus=0 heal=1V1 | acc=10.00% | byz_w=['0.000', '0.000', '0.000', '0.000']
[138] v1_only    | atk=None | V1=0 V2=0 | consensus=1 heal=0 | acc=10.00% | byz_w=['0.000', '0.000', '0.000', '0.000']
[139] v1_only    | atk=None | V1=0 V2=0 | consensus=1 heal=0 | acc=10.00% | byz_w=['0.000', '0.000', '0.000', '0.000']
[140] v1_only    | atk=None | V1=0 V2=0 | consensus=1 heal=0 | acc=10.00% | byz_w=['0.000', '0.000', '0.000', '0.000']
[141] v1_only    | atk=None | V1=0 V2=0 | consensus=1 heal=0 | acc=10.00% | byz_w=['0.000', '0.000', '0.000', '0.000']
[142] v1_only    | atk=  A2 | V1=0 V2=0 | consensus=1 heal=0 | acc=10.00% | byz_w=['0.000', '0.000', '0.000', '0.000']
[143] v1_only    | atk=  A3 | V1=1 V2=0 | consensus=0 heal=1V1 | acc=10.00% | byz_w=['0.000', '0.030', '0.000', '0.000']
[144] v1_only    | atk=  A3 | V1=1 V2=0 | consensus=0 heal=1V1 | acc=10.00% | byz_w=['0.000', '0.009', '0.000', '0.000']
[145] v1_only    | atk=  A1 | V1=1 V2=0 | consensus=0 heal=1V1 | acc=10.00% | byz_w=['0.000', '0.003', '0.000', '0.000']
[146] v1_only    | atk=None | V1=0 V2=0 | consensus=1 heal=0 | acc=10.00% | byz_w=['0.000', '0.001', '0.000', '0.000']
[147] v1_only    | atk=None | V1=0 V2=0 | consensus=1 heal=0 | acc=10.00% | byz_w=['0.000', '0.000', '0.000', '0.000']
[148] v1_only    | atk=  A3 | V1=1 V2=0 | consensus=0 heal=1V1 | acc=10.00% | byz_w=['0.000', '0.000', '0.000', '0.000']
[149] v1_only    | atk=None | V1=0 V2=0 | consensus=1 heal=0 | acc=10.00% | byz_w=['0.000', '0.000', '0.000', '0.000']
[150] v1_only    | atk=  A2 | V1=1 V2=0 | consensus=0 heal=1V1 | acc=10.00% | byz_w=['0.000', '0.000', '0.000', '0.000']
[151] v1_only    | atk=None | V1=0 V2=0 | consensus=1 heal=0 | acc=10.00% | byz_w=['0.000', '0.000', '0.000', '0.000']
[152] v1_only    | atk=None | V1=0 V2=0 | consensus=1 heal=0 | acc=10.00% | byz_w=['0.000', '0.000', '0.000', '0.000']
[153] v1_only    | atk=  A1 | V1=1 V2=0 | consensus=0 heal=1V1 | acc=10.00% | byz_w=['0.000', '0.000', '0.000', '0.000']
[154] v1_only    | atk=  A1 | V1=1 V2=0 | consensus=0 heal=1V1 | acc=10.00% | byz_w=['0.000', '0.000', '0.000', '0.000']
[155] v1_only    | atk=  A1 | V1=1 V2=0 | consensus=0 heal=1V1 | acc=10.00% | byz_w=['0.000', '0.000', '0.000', '0.000']
[156] v1_only    | atk=  A1 | V1=0 V2=0 | consensus=1 heal=0 | acc=10.00% | byz_w=['0.000', '0.000', '0.000', '0.000']
[157] v1_only    | atk=None | V1=0 V2=0 | consensus=1 heal=0 | acc=10.00% | byz_w=['0.000', '0.000', '0.000', '0.000']
[158] v1_only    | atk=  A2 | V1=0 V2=0 | consensus=1 heal=0 | acc=10.00% | byz_w=['0.000', '0.000', '0.000', '0.000']
[159] v1_only    | atk=None | V1=0 V2=0 | consensus=1 heal=0 | acc=10.00% | byz_w=['0.000', '0.020', '0.011', '0.000']
[160] v1_only    | atk=  A3 | V1=1 V2=0 | consensus=0 heal=1V1 | acc=10.00% | byz_w=['0.000', '0.006', '0.003', '0.000']
[161] v1_only    | atk=  A3 | V1=1 V2=0 | consensus=0 heal=1V1 | acc=10.00% | byz_w=['0.000', '0.002', '0.001', '0.000']
[162] v1_only    | atk=  A1 | V1=1 V2=0 | consensus=0 heal=1V1 | acc=10.00% | byz_w=['0.000', '0.001', '0.000', '0.000']
[163] v1_only    | atk=  A2 | V1=1 V2=0 | consensus=0 heal=1V1 | acc=10.00% | byz_w=['0.000', '0.000', '0.000', '0.000']
[164] v1_only    | atk=None | V1=0 V2=0 | consensus=1 heal=0 | acc=10.00% | byz_w=['0.000', '0.000', '0.000', '0.000']
[165] v1_only    | atk=None | V1=0 V2=0 | consensus=1 heal=0 | acc=10.00% | byz_w=['0.000', '0.000', '0.000', '0.000']
[166] v1_only    | atk=  A3 | V1=1 V2=0 | consensus=0 heal=1V1 | acc=10.00% | byz_w=['0.000', '0.000', '0.000', '0.000']
[167] v1_only    | atk=  A1 | V1=1 V2=0 | consensus=0 heal=1V1 | acc=10.00% | byz_w=['0.000', '0.000', '0.000', '0.000']
[168] v1_only    | atk=None | V1=0 V2=0 | consensus=1 heal=0 | acc=10.00% | byz_w=['0.000', '0.000', '0.000', '0.000']
[169] v1_only    | atk=None | V1=0 V2=0 | consensus=1 heal=0 | acc=10.00% | byz_w=['0.000', '0.000', '0.000', '0.000']
[170] v1_only    | atk=  A2 | V1=1 V2=0 | consensus=0 heal=1V1 | acc=10.00% | byz_w=['0.000', '0.000', '0.000', '0.000']
[171] v1_only    | atk=  A1 | V1=1 V2=0 | consensus=0 heal=1V1 | acc=10.00% | byz_w=['0.000', '0.000', '0.000', '0.000']
[172] v1_only    | atk=None | V1=0 V2=0 | consensus=1 heal=0 | acc=10.00% | byz_w=['0.000', '0.000', '0.000', '0.000']
[173] v1_only    | atk=None | V1=0 V2=0 | consensus=1 heal=0 | acc=10.00% | byz_w=['0.000', '0.000', '0.000', '0.000']
[174] v1_only    | atk=  A3 | V1=1 V2=0 | consensus=0 heal=1V1 | acc=10.00% | byz_w=['0.000', '0.000', '0.000', '0.000']
[175] v1_only    | atk=  A3 | V1=1 V2=0 | consensus=0 heal=1V1 | acc=10.00% | byz_w=['0.000', '0.000', '0.000', '0.000']
[176] v1_only    | atk=  A1 | V1=1 V2=0 | consensus=0 heal=1V1 | acc=10.00% | byz_w=['0.000', '0.000', '0.000', '0.000']
[177] v1_only    | atk=None | V1=0 V2=0 | consensus=1 heal=0 | acc=10.00% | byz_w=['0.000', '0.000', '0.000', '0.000']
[178] v1_only    | atk=  A3 | V1=1 V2=0 | consensus=0 heal=1V1 | acc=10.00% | byz_w=['0.000', '0.000', '0.000', '0.000']
[179] v1_only    | atk=  A3 | V1=1 V2=0 | consensus=0 heal=1V1 | acc=10.00% | byz_w=['0.000', '0.000', '0.000', '0.000']
[180] v1_only    | atk=None | V1=0 V2=0 | consensus=1 heal=0 | acc=10.00% | byz_w=['0.000', '0.000', '0.000', '0.000']
[181] v1_only    | atk=None | V1=0 V2=0 | consensus=1 heal=0 | acc=10.00% | byz_w=['0.000', '0.000', '0.000', '0.000']
[182] v1_only    | atk=  A1 | V1=1 V2=0 | consensus=0 heal=1V1 | acc=10.00% | byz_w=['0.000', '0.000', '0.000', '0.000']
[183] v1_only    | atk=None | V1=0 V2=0 | consensus=1 heal=0 | acc=10.00% | byz_w=['0.000', '0.000', '0.000', '0.000']
[184] v1_only    | atk=  A3 | V1=1 V2=0 | consensus=0 heal=1V1 | acc=10.00% | byz_w=['0.000', '0.000', '0.000', '0.000']
[185] v1_only    | atk=  A2 | V1=1 V2=0 | consensus=0 heal=1V1 | acc=10.00% | byz_w=['0.000', '0.000', '0.000', '0.000']
[186] v1_only    | atk=  A1 | V1=0 V2=0 | consensus=1 heal=0 | acc=10.00% | byz_w=['0.000', '0.000', '0.000', '0.000']
[187] v1_only    | atk=  A3 | V1=1 V2=0 | consensus=0 heal=1V1 | acc=10.00% | byz_w=['0.000', '0.000', '0.018', '0.000']
[188] v1_only    | atk=None | V1=0 V2=0 | consensus=1 heal=0 | acc=10.00% | byz_w=['0.000', '0.000', '0.005', '0.000']
[189] v1_only    | atk=None | V1=0 V2=0 | consensus=1 heal=0 | acc=10.00% | byz_w=['0.000', '0.000', '0.002', '0.000']
[190] v1_only    | atk=  A3 | V1=1 V2=0 | consensus=0 heal=1V1 | acc=10.00% | byz_w=['0.000', '0.000', '0.000', '0.000']
[191] v1_only    | atk=  A1 | V1=1 V2=0 | consensus=0 heal=1V1 | acc=10.00% | byz_w=['0.000', '0.000', '0.000', '0.000']
[192] v1_only    | atk=None | V1=0 V2=0 | consensus=1 heal=0 | acc=10.00% | byz_w=['0.000', '0.000', '0.000', '0.000']
[193] v1_only    | atk=  A3 | V1=1 V2=0 | consensus=0 heal=1V1 | acc=10.00% | byz_w=['0.000', '0.000', '0.000', '0.000']
[194] v1_only    | atk=  A2 | V1=1 V2=0 | consensus=0 heal=1V1 | acc=10.00% | byz_w=['0.000', '0.000', '0.000', '0.000']
[195] v1_only    | atk=  A3 | V1=1 V2=0 | consensus=0 heal=1V1 | acc=10.00% | byz_w=['0.000', '0.000', '0.000', '0.000']
[196] v1_only    | atk=  A2 | V1=0 V2=0 | consensus=1 heal=0 | acc=10.00% | byz_w=['0.000', '0.000', '0.000', '0.000']
[197] v1_only    | atk=None | V1=0 V2=0 | consensus=1 heal=0 | acc=10.00% | byz_w=['0.000', '0.000', '0.000', '0.000']
[198] v1_only    | atk=  A3 | V1=1 V2=0 | consensus=0 heal=1V1 | acc=10.00% | byz_w=['0.000', '0.000', '0.000', '0.000']
[199] v1_only    | atk=None | V1=0 V2=0 | consensus=1 heal=0 | acc=10.00% | byz_w=['0.000', '0.000', '0.000', '0.000']
[200] v1_only    | atk=None | V1=0 V2=0 | consensus=1 heal=0 | acc=10.00% | byz_w=['0.000', '0.000', '0.000', '0.000']

============================================================
=== V2 Only ===
[001] v2_only    | atk=None | V1=0 V2=0 | consensus=1 heal=0 | acc=10.00% | byz_w=['0.000', '0.000', '0.000', '0.000']
[002] v2_only    | atk=  A3 | V1=0 V2=0 | consensus=1 heal=0 | acc=10.00% | byz_w=['0.023', '0.000', '0.018', '0.036']
[003] v2_only    | atk=None | V1=0 V2=0 | consensus=1 heal=0 | acc=13.53% | byz_w=['0.007', '0.000', '0.040', '0.011']
[004] v2_only    | atk=None | V1=0 V2=0 | consensus=1 heal=0 | acc=25.33% | byz_w=['0.002', '0.000', '0.012', '0.021']
[005] v2_only    | atk=  A3 | V1=0 V2=1 | consensus=0 heal=1V2 | acc=26.50% | byz_w=['0.001', '0.000', '0.004', '0.006']
[006] v2_only    | atk=  A2 | V1=0 V2=1 | consensus=0 heal=1V2 | acc=29.22% | byz_w=['0.000', '0.000', '0.001', '0.002']
[007] v2_only    | atk=None | V1=0 V2=0 | consensus=1 heal=0 | acc=28.92% | byz_w=['0.000', '0.000', '0.000', '0.001']
[008] v2_only    | atk=  A3 | V1=0 V2=1 | consensus=0 heal=1V2 | acc=34.70% | byz_w=['0.000', '0.000', '0.000', '0.000']
[009] v2_only    | atk=  A2 | V1=0 V2=1 | consensus=0 heal=1V2 | acc=34.17% | byz_w=['0.000', '0.000', '0.000', '0.000']
[010] v2_only    | atk=  A3 | V1=0 V2=1 | consensus=0 heal=1V2 | acc=34.72% | byz_w=['0.000', '0.000', '0.000', '0.000']
[011] v2_only    | atk=  A2 | V1=0 V2=1 | consensus=0 heal=1V2 | acc=39.52% | byz_w=['0.000', '0.000', '0.000', '0.000']
[012] v2_only    | atk=None | V1=0 V2=0 | consensus=1 heal=0 | acc=38.30% | byz_w=['0.000', '0.000', '0.000', '0.000']
[013] v2_only    | atk=None | V1=0 V2=0 | consensus=1 heal=0 | acc=37.68% | byz_w=['0.000', '0.000', '0.000', '0.000']
[014] v2_only    | atk=  A1 | V1=0 V2=1 | consensus=0 heal=1V2 | acc=43.24% | byz_w=['0.000', '0.000', '0.000', '0.000']
[015] v2_only    | atk=  A1 | V1=0 V2=1 | consensus=0 heal=1V2 | acc=46.04% | byz_w=['0.000', '0.000', '0.000', '0.000']
[016] v2_only    | atk=None | V1=0 V2=0 | consensus=1 heal=0 | acc=47.94% | byz_w=['0.000', '0.000', '0.000', '0.000']
[017] v2_only    | atk=  A3 | V1=0 V2=1 | consensus=0 heal=1V2 | acc=47.31% | byz_w=['0.000', '0.000', '0.000', '0.000']
[018] v2_only    | atk=  A2 | V1=0 V2=1 | consensus=0 heal=1V2 | acc=47.35% | byz_w=['0.000', '0.000', '0.000', '0.000']
[019] v2_only    | atk=None | V1=0 V2=0 | consensus=1 heal=0 | acc=52.07% | byz_w=['0.000', '0.000', '0.000', '0.000']
[020] v2_only    | atk=  A1 | V1=0 V2=1 | consensus=0 heal=1V2 | acc=52.90% | byz_w=['0.000', '0.000', '0.000', '0.000']
[021] v2_only    | atk=None | V1=0 V2=0 | consensus=1 heal=0 | acc=52.50% | byz_w=['0.000', '0.000', '0.000', '0.000']
[022] v2_only    | atk=None | V1=0 V2=0 | consensus=1 heal=0 | acc=53.40% | byz_w=['0.000', '0.000', '0.000', '0.000']
[023] v2_only    | atk=  A3 | V1=0 V2=1 | consensus=0 heal=1V2 | acc=55.64% | byz_w=['0.000', '0.000', '0.000', '0.000']
[024] v2_only    | atk=  A3 | V1=0 V2=1 | consensus=0 heal=1V2 | acc=57.06% | byz_w=['0.000', '0.000', '0.000', '0.000']
[025] v2_only    | atk=None | V1=0 V2=0 | consensus=1 heal=0 | acc=56.70% | byz_w=['0.000', '0.000', '0.000', '0.000']
[026] v2_only    | atk=  A2 | V1=0 V2=1 | consensus=0 heal=1V2 | acc=57.53% | byz_w=['0.000', '0.000', '0.000', '0.000']
[027] v2_only    | atk=None | V1=0 V2=0 | consensus=1 heal=0 | acc=58.72% | byz_w=['0.000', '0.000', '0.000', '0.000']
[028] v2_only    | atk=  A2 | V1=0 V2=1 | consensus=0 heal=1V2 | acc=56.29% | byz_w=['0.000', '0.000', '0.000', '0.000']
[029] v2_only    | atk=  A1 | V1=0 V2=1 | consensus=0 heal=1V2 | acc=60.65% | byz_w=['0.000', '0.000', '0.000', '0.000']
[030] v2_only    | atk=  A3 | V1=0 V2=1 | consensus=0 heal=1V2 | acc=58.82% | byz_w=['0.000', '0.000', '0.000', '0.000']
[031] v2_only    | atk=None | V1=0 V2=0 | consensus=1 heal=0 | acc=60.20% | byz_w=['0.000', '0.000', '0.000', '0.000']
[032] v2_only    | atk=  A3 | V1=0 V2=1 | consensus=0 heal=1V2 | acc=60.00% | byz_w=['0.000', '0.000', '0.000', '0.000']
[033] v2_only    | atk=  A3 | V1=0 V2=1 | consensus=0 heal=1V2 | acc=61.64% | byz_w=['0.000', '0.000', '0.000', '0.000']
[034] v2_only    | atk=  A2 | V1=0 V2=1 | consensus=0 heal=1V2 | acc=58.30% | byz_w=['0.000', '0.000', '0.000', '0.000']
[035] v2_only    | atk=  A3 | V1=0 V2=1 | consensus=0 heal=1V2 | acc=61.48% | byz_w=['0.000', '0.000', '0.000', '0.000']
[036] v2_only    | atk=  A3 | V1=0 V2=1 | consensus=0 heal=1V2 | acc=60.92% | byz_w=['0.000', '0.000', '0.000', '0.000']
[037] v2_only    | atk=None | V1=0 V2=0 | consensus=1 heal=0 | acc=61.97% | byz_w=['0.000', '0.000', '0.000', '0.000']
[038] v2_only    | atk=None | V1=0 V2=0 | consensus=1 heal=0 | acc=62.34% | byz_w=['0.000', '0.000', '0.000', '0.000']
[039] v2_only    | atk=  A1 | V1=0 V2=1 | consensus=0 heal=1V2 | acc=61.87% | byz_w=['0.000', '0.000', '0.000', '0.000']
[040] v2_only    | atk=None | V1=0 V2=0 | consensus=1 heal=0 | acc=60.30% | byz_w=['0.000', '0.000', '0.000', '0.000']
[041] v2_only    | atk=  A2 | V1=0 V2=1 | consensus=0 heal=1V2 | acc=64.04% | byz_w=['0.000', '0.000', '0.000', '0.000']
[042] v2_only    | atk=None | V1=0 V2=0 | consensus=1 heal=0 | acc=61.88% | byz_w=['0.000', '0.000', '0.000', '0.000']
[043] v2_only    | atk=None | V1=0 V2=0 | consensus=1 heal=0 | acc=64.02% | byz_w=['0.000', '0.000', '0.000', '0.000']
[044] v2_only    | atk=  A1 | V1=0 V2=1 | consensus=0 heal=1V2 | acc=63.67% | byz_w=['0.000', '0.000', '0.000', '0.000']
[045] v2_only    | atk=None | V1=0 V2=0 | consensus=1 heal=0 | acc=64.23% | byz_w=['0.000', '0.000', '0.000', '0.000']
[046] v2_only    | atk=  A3 | V1=0 V2=1 | consensus=0 heal=1V2 | acc=63.40% | byz_w=['0.000', '0.000', '0.000', '0.000']
[047] v2_only    | atk=  A3 | V1=0 V2=1 | consensus=0 heal=1V2 | acc=64.60% | byz_w=['0.000', '0.000', '0.000', '0.000']
[048] v2_only    | atk=  A2 | V1=0 V2=1 | consensus=0 heal=1V2 | acc=64.04% | byz_w=['0.000', '0.000', '0.000', '0.000']
[049] v2_only    | atk=None | V1=0 V2=0 | consensus=1 heal=0 | acc=64.39% | byz_w=['0.000', '0.000', '0.000', '0.000']
[050] v2_only    | atk=  A3 | V1=0 V2=1 | consensus=0 heal=1V2 | acc=64.11% | byz_w=['0.000', '0.000', '0.000', '0.000']
[051] v2_only    | atk=None | V1=0 V2=0 | consensus=1 heal=0 | acc=64.32% | byz_w=['0.000', '0.000', '0.000', '0.000']
[052] v2_only    | atk=None | V1=0 V2=0 | consensus=1 heal=0 | acc=65.38% | byz_w=['0.000', '0.000', '0.000', '0.000']
[053] v2_only    | atk=  A1 | V1=0 V2=1 | consensus=0 heal=1V2 | acc=63.80% | byz_w=['0.000', '0.000', '0.000', '0.000']
[054] v2_only    | atk=  A3 | V1=0 V2=1 | consensus=0 heal=1V2 | acc=64.52% | byz_w=['0.000', '0.000', '0.000', '0.000']
[055] v2_only    | atk=  A3 | V1=0 V2=1 | consensus=0 heal=1V2 | acc=63.76% | byz_w=['0.000', '0.000', '0.000', '0.000']
[056] v2_only    | atk=None | V1=0 V2=0 | consensus=1 heal=0 | acc=63.78% | byz_w=['0.000', '0.000', '0.000', '0.000']
[057] v2_only    | atk=  A3 | V1=0 V2=1 | consensus=0 heal=1V2 | acc=63.98% | byz_w=['0.000', '0.000', '0.000', '0.000']
[058] v2_only    | atk=  A2 | V1=0 V2=1 | consensus=0 heal=1V2 | acc=68.68% | byz_w=['0.000', '0.000', '0.000', '0.000']
[059] v2_only    | atk=None | V1=0 V2=0 | consensus=1 heal=0 | acc=64.65% | byz_w=['0.000', '0.000', '0.000', '0.000']
[060] v2_only    | atk=  A3 | V1=0 V2=1 | consensus=0 heal=1V2 | acc=64.68% | byz_w=['0.000', '0.000', '0.000', '0.000']
[061] v2_only    | atk=  A2 | V1=0 V2=1 | consensus=0 heal=1V2 | acc=68.09% | byz_w=['0.000', '0.000', '0.000', '0.000']
[062] v2_only    | atk=None | V1=0 V2=0 | consensus=1 heal=0 | acc=63.89% | byz_w=['0.000', '0.000', '0.000', '0.000']
[063] v2_only    | atk=  A3 | V1=0 V2=1 | consensus=0 heal=1V2 | acc=65.67% | byz_w=['0.000', '0.000', '0.000', '0.000']
[064] v2_only    | atk=  A3 | V1=0 V2=1 | consensus=0 heal=1V2 | acc=66.51% | byz_w=['0.000', '0.000', '0.000', '0.000']
[065] v2_only    | atk=  A1 | V1=0 V2=1 | consensus=0 heal=1V2 | acc=66.01% | byz_w=['0.000', '0.000', '0.000', '0.000']
[066] v2_only    | atk=  A2 | V1=0 V2=1 | consensus=0 heal=1V2 | acc=66.79% | byz_w=['0.000', '0.000', '0.000', '0.000']
[067] v2_only    | atk=None | V1=0 V2=0 | consensus=1 heal=0 | acc=65.79% | byz_w=['0.000', '0.000', '0.000', '0.000']
[068] v2_only    | atk=  A2 | V1=0 V2=1 | consensus=0 heal=1V2 | acc=62.80% | byz_w=['0.000', '0.000', '0.000', '0.000']
[069] v2_only    | atk=None | V1=0 V2=0 | consensus=1 heal=0 | acc=68.85% | byz_w=['0.000', '0.000', '0.000', '0.000']
[070] v2_only    | atk=None | V1=0 V2=0 | consensus=1 heal=0 | acc=66.03% | byz_w=['0.000', '0.000', '0.000', '0.000']
[071] v2_only    | atk=None | V1=0 V2=0 | consensus=1 heal=0 | acc=66.70% | byz_w=['0.000', '0.000', '0.000', '0.000']
[072] v2_only    | atk=  A3 | V1=0 V2=1 | consensus=0 heal=1V2 | acc=65.72% | byz_w=['0.000', '0.000', '0.000', '0.000']
[073] v2_only    | atk=None | V1=0 V2=0 | consensus=1 heal=0 | acc=67.45% | byz_w=['0.000', '0.000', '0.000', '0.000']
[074] v2_only    | atk=  A2 | V1=0 V2=1 | consensus=0 heal=1V2 | acc=65.08% | byz_w=['0.000', '0.000', '0.000', '0.000']
[075] v2_only    | atk=  A3 | V1=0 V2=1 | consensus=0 heal=1V2 | acc=68.44% | byz_w=['0.000', '0.000', '0.000', '0.000']
[076] v2_only    | atk=  A3 | V1=0 V2=1 | consensus=0 heal=1V2 | acc=65.93% | byz_w=['0.000', '0.000', '0.000', '0.000']
[077] v2_only    | atk=None | V1=0 V2=0 | consensus=1 heal=0 | acc=67.46% | byz_w=['0.000', '0.000', '0.000', '0.000']
[078] v2_only    | atk=  A2 | V1=0 V2=1 | consensus=0 heal=1V2 | acc=66.15% | byz_w=['0.000', '0.000', '0.000', '0.000']
[079] v2_only    | atk=None | V1=0 V2=0 | consensus=1 heal=0 | acc=68.12% | byz_w=['0.000', '0.000', '0.000', '0.000']
[080] v2_only    | atk=  A2 | V1=0 V2=1 | consensus=0 heal=1V2 | acc=65.91% | byz_w=['0.000', '0.000', '0.000', '0.000']
[081] v2_only    | atk=None | V1=0 V2=0 | consensus=1 heal=0 | acc=64.66% | byz_w=['0.000', '0.000', '0.000', '0.000']
[082] v2_only    | atk=  A3 | V1=0 V2=1 | consensus=0 heal=1V2 | acc=69.20% | byz_w=['0.000', '0.000', '0.000', '0.000']
[083] v2_only    | atk=  A3 | V1=0 V2=1 | consensus=0 heal=1V2 | acc=67.10% | byz_w=['0.000', '0.000', '0.000', '0.000']
[084] v2_only    | atk=  A1 | V1=0 V2=1 | consensus=0 heal=1V2 | acc=68.08% | byz_w=['0.000', '0.000', '0.000', '0.000']
[085] v2_only    | atk=None | V1=0 V2=0 | consensus=1 heal=0 | acc=66.14% | byz_w=['0.000', '0.000', '0.000', '0.000']
[086] v2_only    | atk=None | V1=0 V2=0 | consensus=1 heal=0 | acc=68.96% | byz_w=['0.000', '0.000', '0.000', '0.000']
[087] v2_only    | atk=  A1 | V1=0 V2=1 | consensus=0 heal=1V2 | acc=66.31% | byz_w=['0.000', '0.000', '0.000', '0.000']
[088] v2_only    | atk=  A1 | V1=0 V2=1 | consensus=0 heal=1V2 | acc=68.83% | byz_w=['0.000', '0.000', '0.000', '0.000']
[089] v2_only    | atk=  A2 | V1=0 V2=1 | consensus=0 heal=1V2 | acc=68.35% | byz_w=['0.000', '0.000', '0.000', '0.000']
[090] v2_only    | atk=None | V1=0 V2=0 | consensus=1 heal=0 | acc=67.38% | byz_w=['0.000', '0.000', '0.000', '0.000']
[091] v2_only    | atk=None | V1=0 V2=0 | consensus=1 heal=0 | acc=66.96% | byz_w=['0.000', '0.000', '0.000', '0.000']
[092] v2_only    | atk=  A2 | V1=0 V2=1 | consensus=0 heal=1V2 | acc=66.88% | byz_w=['0.000', '0.000', '0.000', '0.000']
[093] v2_only    | atk=  A3 | V1=0 V2=1 | consensus=0 heal=1V2 | acc=67.17% | byz_w=['0.000', '0.000', '0.000', '0.000']
[094] v2_only    | atk=None | V1=0 V2=0 | consensus=1 heal=0 | acc=66.78% | byz_w=['0.000', '0.000', '0.000', '0.000']
[095] v2_only    | atk=None | V1=0 V2=0 | consensus=1 heal=0 | acc=66.78% | byz_w=['0.000', '0.000', '0.000', '0.000']
[096] v2_only    | atk=None | V1=0 V2=0 | consensus=1 heal=0 | acc=66.77% | byz_w=['0.000', '0.000', '0.000', '0.000']
[097] v2_only    | atk=  A2 | V1=0 V2=1 | consensus=0 heal=1V2 | acc=66.66% | byz_w=['0.000', '0.000', '0.000', '0.000']
[098] v2_only    | atk=  A3 | V1=0 V2=1 | consensus=0 heal=1V2 | acc=67.97% | byz_w=['0.000', '0.000', '0.000', '0.000']
[099] v2_only    | atk=  A2 | V1=0 V2=1 | consensus=0 heal=1V2 | acc=66.37% | byz_w=['0.000', '0.000', '0.000', '0.000']
[100] v2_only    | atk=  A2 | V1=0 V2=1 | consensus=0 heal=1V2 | acc=68.47% | byz_w=['0.000', '0.000', '0.000', '0.000']
[101] v2_only    | atk=  A3 | V1=0 V2=1 | consensus=0 heal=1V2 | acc=65.13% | byz_w=['0.000', '0.000', '0.000', '0.000']
[102] v2_only    | atk=None | V1=0 V2=0 | consensus=1 heal=0 | acc=69.99% | byz_w=['0.000', '0.000', '0.000', '0.000']
[103] v2_only    | atk=  A3 | V1=0 V2=1 | consensus=0 heal=1V2 | acc=68.44% | byz_w=['0.000', '0.000', '0.000', '0.000']
[104] v2_only    | atk=  A2 | V1=0 V2=1 | consensus=0 heal=1V2 | acc=65.65% | byz_w=['0.000', '0.000', '0.000', '0.000']
[105] v2_only    | atk=  A3 | V1=0 V2=1 | consensus=0 heal=1V2 | acc=70.61% | byz_w=['0.000', '0.000', '0.000', '0.000']
[106] v2_only    | atk=None | V1=0 V2=0 | consensus=1 heal=0 | acc=65.97% | byz_w=['0.000', '0.000', '0.000', '0.000']
[107] v2_only    | atk=None | V1=0 V2=0 | consensus=1 heal=0 | acc=67.11% | byz_w=['0.000', '0.000', '0.000', '0.000']
[108] v2_only    | atk=None | V1=0 V2=0 | consensus=1 heal=0 | acc=67.42% | byz_w=['0.000', '0.000', '0.000', '0.000']
[109] v2_only    | atk=  A2 | V1=0 V2=1 | consensus=0 heal=1V2 | acc=68.23% | byz_w=['0.000', '0.000', '0.000', '0.000']
[110] v2_only    | atk=  A2 | V1=0 V2=1 | consensus=0 heal=1V2 | acc=67.32% | byz_w=['0.000', '0.000', '0.000', '0.000']
[111] v2_only    | atk=  A1 | V1=0 V2=1 | consensus=0 heal=1V2 | acc=67.60% | byz_w=['0.000', '0.000', '0.000', '0.000']
[112] v2_only    | atk=None | V1=0 V2=0 | consensus=1 heal=0 | acc=67.66% | byz_w=['0.000', '0.000', '0.000', '0.000']
[113] v2_only    | atk=  A2 | V1=0 V2=1 | consensus=0 heal=1V2 | acc=69.71% | byz_w=['0.000', '0.000', '0.000', '0.000']
[114] v2_only    | atk=None | V1=0 V2=0 | consensus=1 heal=0 | acc=67.77% | byz_w=['0.000', '0.000', '0.000', '0.000']
[115] v2_only    | atk=None | V1=0 V2=0 | consensus=1 heal=0 | acc=68.21% | byz_w=['0.000', '0.000', '0.000', '0.000']
[116] v2_only    | atk=  A3 | V1=0 V2=1 | consensus=0 heal=1V2 | acc=67.79% | byz_w=['0.000', '0.000', '0.000', '0.000']
[117] v2_only    | atk=  A2 | V1=0 V2=1 | consensus=0 heal=1V2 | acc=66.56% | byz_w=['0.000', '0.000', '0.000', '0.000']
[118] v2_only    | atk=  A1 | V1=0 V2=1 | consensus=0 heal=1V2 | acc=68.84% | byz_w=['0.000', '0.000', '0.000', '0.000']
[119] v2_only    | atk=None | V1=0 V2=0 | consensus=1 heal=0 | acc=69.11% | byz_w=['0.000', '0.000', '0.000', '0.000']
[120] v2_only    | atk=  A2 | V1=0 V2=1 | consensus=0 heal=1V2 | acc=69.02% | byz_w=['0.000', '0.000', '0.000', '0.000']
[121] v2_only    | atk=  A1 | V1=0 V2=1 | consensus=0 heal=1V2 | acc=64.49% | byz_w=['0.000', '0.000', '0.000', '0.000']
[122] v2_only    | atk=None | V1=0 V2=0 | consensus=1 heal=0 | acc=68.63% | byz_w=['0.000', '0.000', '0.000', '0.000']
[123] v2_only    | atk=  A3 | V1=0 V2=1 | consensus=0 heal=1V2 | acc=66.54% | byz_w=['0.000', '0.000', '0.000', '0.000']
[124] v2_only    | atk=  A1 | V1=0 V2=1 | consensus=0 heal=1V2 | acc=67.42% | byz_w=['0.000', '0.000', '0.000', '0.000']
[125] v2_only    | atk=None | V1=0 V2=0 | consensus=1 heal=0 | acc=67.82% | byz_w=['0.000', '0.000', '0.000', '0.000']
[126] v2_only    | atk=None | V1=0 V2=0 | consensus=1 heal=0 | acc=67.27% | byz_w=['0.000', '0.000', '0.000', '0.000']
[127] v2_only    | atk=  A1 | V1=0 V2=1 | consensus=0 heal=1V2 | acc=68.82% | byz_w=['0.000', '0.000', '0.000', '0.000']
[128] v2_only    | atk=  A3 | V1=0 V2=1 | consensus=0 heal=1V2 | acc=68.33% | byz_w=['0.000', '0.000', '0.000', '0.000']
[129] v2_only    | atk=  A3 | V1=0 V2=1 | consensus=0 heal=1V2 | acc=68.89% | byz_w=['0.000', '0.000', '0.000', '0.000']
[130] v2_only    | atk=None | V1=0 V2=0 | consensus=1 heal=0 | acc=67.58% | byz_w=['0.000', '0.000', '0.000', '0.000']
[131] v2_only    | atk=  A1 | V1=0 V2=1 | consensus=0 heal=1V2 | acc=68.04% | byz_w=['0.000', '0.000', '0.000', '0.000']
[132] v2_only    | atk=  A1 | V1=0 V2=1 | consensus=0 heal=1V2 | acc=67.10% | byz_w=['0.000', '0.000', '0.000', '0.000']
[133] v2_only    | atk=  A3 | V1=0 V2=1 | consensus=0 heal=1V2 | acc=68.47% | byz_w=['0.000', '0.000', '0.000', '0.000']
[134] v2_only    | atk=None | V1=0 V2=0 | consensus=1 heal=0 | acc=70.15% | byz_w=['0.000', '0.000', '0.000', '0.000']
[135] v2_only    | atk=  A2 | V1=0 V2=1 | consensus=0 heal=1V2 | acc=68.52% | byz_w=['0.000', '0.000', '0.000', '0.000']
[136] v2_only    | atk=  A3 | V1=0 V2=1 | consensus=0 heal=1V2 | acc=68.42% | byz_w=['0.000', '0.000', '0.000', '0.000']
[137] v2_only    | atk=  A3 | V1=0 V2=1 | consensus=0 heal=1V2 | acc=70.09% | byz_w=['0.000', '0.000', '0.000', '0.000']
[138] v2_only    | atk=None | V1=0 V2=0 | consensus=1 heal=0 | acc=66.71% | byz_w=['0.000', '0.000', '0.000', '0.000']
[139] v2_only    | atk=None | V1=0 V2=0 | consensus=1 heal=0 | acc=68.55% | byz_w=['0.000', '0.000', '0.000', '0.000']
[140] v2_only    | atk=None | V1=0 V2=0 | consensus=1 heal=0 | acc=66.37% | byz_w=['0.000', '0.000', '0.000', '0.000']
[141] v2_only    | atk=None | V1=0 V2=0 | consensus=1 heal=0 | acc=68.85% | byz_w=['0.000', '0.000', '0.000', '0.000']
[142] v2_only    | atk=  A2 | V1=0 V2=1 | consensus=0 heal=1V2 | acc=67.96% | byz_w=['0.000', '0.000', '0.000', '0.000']
[143] v2_only    | atk=  A3 | V1=0 V2=1 | consensus=0 heal=1V2 | acc=68.03% | byz_w=['0.000', '0.000', '0.000', '0.000']
[144] v2_only    | atk=  A3 | V1=0 V2=1 | consensus=0 heal=1V2 | acc=69.05% | byz_w=['0.000', '0.000', '0.000', '0.000']
[145] v2_only    | atk=  A1 | V1=0 V2=1 | consensus=0 heal=1V2 | acc=67.10% | byz_w=['0.000', '0.000', '0.000', '0.000']
[146] v2_only    | atk=None | V1=0 V2=0 | consensus=1 heal=0 | acc=65.38% | byz_w=['0.000', '0.000', '0.000', '0.000']
[147] v2_only    | atk=None | V1=0 V2=0 | consensus=1 heal=0 | acc=68.96% | byz_w=['0.000', '0.000', '0.000', '0.000']
[148] v2_only    | atk=  A3 | V1=0 V2=1 | consensus=0 heal=1V2 | acc=68.34% | byz_w=['0.000', '0.000', '0.000', '0.000']
[149] v2_only    | atk=None | V1=0 V2=0 | consensus=1 heal=0 | acc=68.25% | byz_w=['0.000', '0.000', '0.000', '0.000']
[150] v2_only    | atk=  A2 | V1=0 V2=1 | consensus=0 heal=1V2 | acc=68.33% | byz_w=['0.000', '0.000', '0.000', '0.000']
[151] v2_only    | atk=None | V1=0 V2=0 | consensus=1 heal=0 | acc=69.35% | byz_w=['0.000', '0.000', '0.000', '0.000']
[152] v2_only    | atk=None | V1=0 V2=0 | consensus=1 heal=0 | acc=68.81% | byz_w=['0.000', '0.000', '0.000', '0.000']
[153] v2_only    | atk=  A1 | V1=0 V2=1 | consensus=0 heal=1V2 | acc=69.06% | byz_w=['0.000', '0.000', '0.000', '0.000']
[154] v2_only    | atk=  A1 | V1=0 V2=1 | consensus=0 heal=1V2 | acc=67.16% | byz_w=['0.000', '0.000', '0.000', '0.000']
[155] v2_only    | atk=  A1 | V1=0 V2=1 | consensus=0 heal=1V2 | acc=67.02% | byz_w=['0.000', '0.000', '0.000', '0.000']
[156] v2_only    | atk=  A1 | V1=0 V2=1 | consensus=0 heal=1V2 | acc=70.88% | byz_w=['0.000', '0.000', '0.000', '0.000']
[157] v2_only    | atk=None | V1=0 V2=0 | consensus=1 heal=0 | acc=68.74% | byz_w=['0.000', '0.000', '0.000', '0.000']
[158] v2_only    | atk=  A2 | V1=0 V2=1 | consensus=0 heal=1V2 | acc=67.66% | byz_w=['0.000', '0.000', '0.000', '0.000']
[159] v2_only    | atk=None | V1=0 V2=0 | consensus=1 heal=0 | acc=69.96% | byz_w=['0.000', '0.000', '0.000', '0.000']
[160] v2_only    | atk=  A3 | V1=0 V2=1 | consensus=0 heal=1V2 | acc=67.11% | byz_w=['0.000', '0.000', '0.000', '0.000']
[161] v2_only    | atk=  A3 | V1=0 V2=1 | consensus=0 heal=1V2 | acc=69.70% | byz_w=['0.000', '0.000', '0.000', '0.000']
[162] v2_only    | atk=  A1 | V1=0 V2=1 | consensus=0 heal=1V2 | acc=70.44% | byz_w=['0.000', '0.000', '0.000', '0.000']
[163] v2_only    | atk=  A2 | V1=0 V2=1 | consensus=0 heal=1V2 | acc=69.17% | byz_w=['0.000', '0.000', '0.000', '0.000']
[164] v2_only    | atk=None | V1=0 V2=0 | consensus=1 heal=0 | acc=69.41% | byz_w=['0.000', '0.000', '0.000', '0.000']
[165] v2_only    | atk=None | V1=0 V2=0 | consensus=1 heal=0 | acc=68.67% | byz_w=['0.000', '0.000', '0.000', '0.000']
[166] v2_only    | atk=  A3 | V1=0 V2=1 | consensus=0 heal=1V2 | acc=67.34% | byz_w=['0.000', '0.000', '0.000', '0.000']
[167] v2_only    | atk=  A1 | V1=0 V2=1 | consensus=0 heal=1V2 | acc=71.40% | byz_w=['0.000', '0.000', '0.000', '0.000']
[168] v2_only    | atk=None | V1=0 V2=0 | consensus=1 heal=0 | acc=66.46% | byz_w=['0.000', '0.000', '0.000', '0.000']
[169] v2_only    | atk=None | V1=0 V2=0 | consensus=1 heal=0 | acc=71.13% | byz_w=['0.000', '0.000', '0.000', '0.000']
[170] v2_only    | atk=  A2 | V1=0 V2=1 | consensus=0 heal=1V2 | acc=66.30% | byz_w=['0.000', '0.000', '0.000', '0.000']
[171] v2_only    | atk=  A1 | V1=0 V2=1 | consensus=0 heal=1V2 | acc=67.24% | byz_w=['0.000', '0.000', '0.000', '0.000']
[172] v2_only    | atk=None | V1=0 V2=0 | consensus=1 heal=0 | acc=68.20% | byz_w=['0.000', '0.000', '0.000', '0.000']
[173] v2_only    | atk=None | V1=0 V2=0 | consensus=1 heal=0 | acc=69.39% | byz_w=['0.000', '0.000', '0.000', '0.000']
[174] v2_only    | atk=  A3 | V1=0 V2=1 | consensus=0 heal=1V2 | acc=67.61% | byz_w=['0.000', '0.000', '0.000', '0.000']
[175] v2_only    | atk=  A3 | V1=0 V2=1 | consensus=0 heal=1V2 | acc=70.35% | byz_w=['0.000', '0.000', '0.000', '0.000']
[176] v2_only    | atk=  A1 | V1=0 V2=1 | consensus=0 heal=1V2 | acc=68.09% | byz_w=['0.000', '0.000', '0.000', '0.000']
[177] v2_only    | atk=None | V1=0 V2=0 | consensus=1 heal=0 | acc=68.95% | byz_w=['0.000', '0.000', '0.000', '0.000']
[178] v2_only    | atk=  A3 | V1=0 V2=1 | consensus=0 heal=1V2 | acc=70.84% | byz_w=['0.000', '0.000', '0.000', '0.000']
[179] v2_only    | atk=  A3 | V1=0 V2=1 | consensus=0 heal=1V2 | acc=65.11% | byz_w=['0.000', '0.000', '0.000', '0.000']
[180] v2_only    | atk=None | V1=0 V2=0 | consensus=1 heal=0 | acc=70.47% | byz_w=['0.000', '0.000', '0.000', '0.000']
[181] v2_only    | atk=None | V1=0 V2=0 | consensus=1 heal=0 | acc=66.15% | byz_w=['0.000', '0.000', '0.000', '0.000']
[182] v2_only    | atk=  A1 | V1=0 V2=1 | consensus=0 heal=1V2 | acc=71.24% | byz_w=['0.000', '0.000', '0.000', '0.000']
[183] v2_only    | atk=None | V1=0 V2=0 | consensus=1 heal=0 | acc=65.83% | byz_w=['0.000', '0.000', '0.000', '0.000']
[184] v2_only    | atk=  A3 | V1=0 V2=1 | consensus=0 heal=1V2 | acc=71.27% | byz_w=['0.000', '0.000', '0.000', '0.000']
[185] v2_only    | atk=  A2 | V1=0 V2=1 | consensus=0 heal=1V2 | acc=67.53% | byz_w=['0.000', '0.000', '0.000', '0.000']
[186] v2_only    | atk=  A1 | V1=0 V2=1 | consensus=0 heal=1V2 | acc=70.13% | byz_w=['0.000', '0.000', '0.000', '0.000']
[187] v2_only    | atk=  A3 | V1=0 V2=1 | consensus=0 heal=1V2 | acc=66.21% | byz_w=['0.000', '0.000', '0.000', '0.000']
[188] v2_only    | atk=None | V1=0 V2=0 | consensus=1 heal=0 | acc=69.70% | byz_w=['0.000', '0.000', '0.000', '0.000']
[189] v2_only    | atk=None | V1=0 V2=0 | consensus=1 heal=0 | acc=70.19% | byz_w=['0.000', '0.000', '0.000', '0.000']
[190] v2_only    | atk=  A3 | V1=0 V2=1 | consensus=0 heal=1V2 | acc=65.56% | byz_w=['0.000', '0.000', '0.000', '0.000']
[191] v2_only    | atk=  A1 | V1=0 V2=1 | consensus=0 heal=1V2 | acc=70.47% | byz_w=['0.000', '0.000', '0.000', '0.000']
[192] v2_only    | atk=None | V1=0 V2=0 | consensus=1 heal=0 | acc=69.37% | byz_w=['0.000', '0.000', '0.000', '0.000']
[193] v2_only    | atk=  A3 | V1=0 V2=1 | consensus=0 heal=1V2 | acc=67.24% | byz_w=['0.000', '0.000', '0.000', '0.000']
[194] v2_only    | atk=  A2 | V1=0 V2=1 | consensus=0 heal=1V2 | acc=65.63% | byz_w=['0.000', '0.000', '0.000', '0.000']
[195] v2_only    | atk=  A3 | V1=0 V2=1 | consensus=0 heal=1V2 | acc=69.04% | byz_w=['0.000', '0.000', '0.000', '0.000']
[196] v2_only    | atk=  A2 | V1=0 V2=1 | consensus=0 heal=1V2 | acc=67.84% | byz_w=['0.000', '0.000', '0.000', '0.000']
[197] v2_only    | atk=None | V1=0 V2=0 | consensus=1 heal=0 | acc=69.51% | byz_w=['0.000', '0.000', '0.000', '0.000']
[198] v2_only    | atk=  A3 | V1=0 V2=1 | consensus=0 heal=1V2 | acc=68.26% | byz_w=['0.000', '0.000', '0.000', '0.000']
[199] v2_only    | atk=None | V1=0 V2=0 | consensus=1 heal=0 | acc=70.65% | byz_w=['0.000', '0.000', '0.000', '0.000']
[200] v2_only    | atk=None | V1=0 V2=0 | consensus=1 heal=0 | acc=67.58% | byz_w=['0.000', '0.000', '0.000', '0.000']

============================================================
=== TAS ===
[001] tas        | atk=None | V1=0 V2=0 | consensus=1 heal=0 | acc=12.78% | byz_w=['0.000', '0.000', '0.000', '0.000']
[002] tas        | atk=  A3 | V1=1 V2=0 | consensus=0 heal=1V1 | acc=17.26% | byz_w=['0.000', '0.000', '0.021', '0.028']
[003] tas        | atk=None | V1=0 V2=0 | consensus=1 heal=0 | acc=27.15% | byz_w=['0.000', '0.000', '0.016', '0.038']
[004] tas        | atk=None | V1=0 V2=0 | consensus=1 heal=0 | acc=29.93% | byz_w=['0.000', '0.000', '0.005', '0.039']
[005] tas        | atk=  A3 | V1=1 V2=1 | consensus=0 heal=1V1 | acc=34.53% | byz_w=['0.000', '0.000', '0.001', '0.031']
[006] tas        | atk=  A2 | V1=1 V2=1 | consensus=0 heal=1V1 | acc=32.16% | byz_w=['0.000', '0.000', '0.000', '0.009']
[007] tas        | atk=None | V1=0 V2=0 | consensus=1 heal=0 | acc=33.60% | byz_w=['0.000', '0.000', '0.000', '0.003']
[008] tas        | atk=  A3 | V1=1 V2=1 | consensus=0 heal=1V1 | acc=35.93% | byz_w=['0.000', '0.000', '0.000', '0.001']
[009] tas        | atk=  A2 | V1=0 V2=1 | consensus=0 heal=1V2 | acc=35.88% | byz_w=['0.000', '0.000', '0.000', '0.000']
[010] tas        | atk=  A3 | V1=1 V2=1 | consensus=0 heal=1V1 | acc=39.39% | byz_w=['0.000', '0.000', '0.000', '0.000']
[011] tas        | atk=  A2 | V1=1 V2=1 | consensus=0 heal=1V1 | acc=41.26% | byz_w=['0.000', '0.000', '0.000', '0.000']
[012] tas        | atk=None | V1=0 V2=0 | consensus=1 heal=0 | acc=43.68% | byz_w=['0.000', '0.000', '0.000', '0.000']
[013] tas        | atk=None | V1=0 V2=0 | consensus=1 heal=0 | acc=44.68% | byz_w=['0.000', '0.000', '0.000', '0.000']
[014] tas        | atk=  A1 | V1=1 V2=1 | consensus=0 heal=1V1 | acc=49.92% | byz_w=['0.000', '0.000', '0.000', '0.000']
[015] tas        | atk=  A1 | V1=1 V2=1 | consensus=0 heal=1V1 | acc=45.14% | byz_w=['0.000', '0.000', '0.000', '0.000']
[016] tas        | atk=None | V1=0 V2=0 | consensus=1 heal=0 | acc=47.26% | byz_w=['0.000', '0.000', '0.000', '0.000']
[017] tas        | atk=  A3 | V1=1 V2=1 | consensus=0 heal=1V1 | acc=47.41% | byz_w=['0.000', '0.000', '0.000', '0.000']
[018] tas        | atk=  A2 | V1=1 V2=1 | consensus=0 heal=1V1 | acc=51.67% | byz_w=['0.000', '0.000', '0.000', '0.000']
[019] tas        | atk=None | V1=0 V2=0 | consensus=1 heal=0 | acc=54.30% | byz_w=['0.000', '0.000', '0.000', '0.000']
[020] tas        | atk=  A1 | V1=1 V2=1 | consensus=0 heal=1V1 | acc=54.05% | byz_w=['0.000', '0.000', '0.000', '0.000']
[021] tas        | atk=None | V1=0 V2=0 | consensus=1 heal=0 | acc=52.12% | byz_w=['0.000', '0.000', '0.000', '0.000']
[022] tas        | atk=None | V1=0 V2=0 | consensus=1 heal=0 | acc=55.46% | byz_w=['0.000', '0.000', '0.000', '0.000']
[023] tas        | atk=  A3 | V1=1 V2=1 | consensus=0 heal=1V1 | acc=56.05% | byz_w=['0.000', '0.000', '0.000', '0.000']
[024] tas        | atk=  A3 | V1=0 V2=1 | consensus=0 heal=1V2 | acc=56.94% | byz_w=['0.000', '0.000', '0.000', '0.000']
[025] tas        | atk=None | V1=0 V2=0 | consensus=1 heal=0 | acc=56.56% | byz_w=['0.000', '0.000', '0.000', '0.000']
[026] tas        | atk=  A2 | V1=0 V2=1 | consensus=0 heal=1V2 | acc=59.14% | byz_w=['0.000', '0.000', '0.000', '0.000']
[027] tas        | atk=None | V1=0 V2=0 | consensus=1 heal=0 | acc=59.91% | byz_w=['0.000', '0.000', '0.000', '0.000']
[028] tas        | atk=  A2 | V1=1 V2=1 | consensus=0 heal=1V1 | acc=57.76% | byz_w=['0.000', '0.000', '0.000', '0.000']
[029] tas        | atk=  A1 | V1=1 V2=1 | consensus=0 heal=1V1 | acc=58.90% | byz_w=['0.000', '0.000', '0.000', '0.000']
[030] tas        | atk=  A3 | V1=1 V2=1 | consensus=0 heal=1V1 | acc=59.83% | byz_w=['0.000', '0.000', '0.000', '0.000']
[031] tas        | atk=None | V1=0 V2=0 | consensus=1 heal=0 | acc=59.53% | byz_w=['0.000', '0.000', '0.000', '0.000']
[032] tas        | atk=  A3 | V1=1 V2=1 | consensus=0 heal=1V1 | acc=61.08% | byz_w=['0.000', '0.000', '0.000', '0.000']
[033] tas        | atk=  A3 | V1=1 V2=1 | consensus=0 heal=1V1 | acc=61.85% | byz_w=['0.000', '0.000', '0.000', '0.000']
[034] tas        | atk=  A2 | V1=1 V2=1 | consensus=0 heal=1V1 | acc=60.43% | byz_w=['0.000', '0.000', '0.000', '0.000']
[035] tas        | atk=  A3 | V1=1 V2=1 | consensus=0 heal=1V1 | acc=63.38% | byz_w=['0.000', '0.000', '0.000', '0.000']
[036] tas        | atk=  A3 | V1=1 V2=1 | consensus=0 heal=1V1 | acc=60.92% | byz_w=['0.000', '0.000', '0.000', '0.000']
[037] tas        | atk=None | V1=0 V2=0 | consensus=1 heal=0 | acc=63.86% | byz_w=['0.000', '0.000', '0.000', '0.000']
[038] tas        | atk=None | V1=0 V2=0 | consensus=1 heal=0 | acc=63.71% | byz_w=['0.000', '0.000', '0.000', '0.000']
[039] tas        | atk=  A1 | V1=1 V2=1 | consensus=0 heal=1V1 | acc=62.42% | byz_w=['0.000', '0.000', '0.000', '0.000']
[040] tas        | atk=None | V1=0 V2=0 | consensus=1 heal=0 | acc=61.99% | byz_w=['0.000', '0.000', '0.000', '0.000']
[041] tas        | atk=  A2 | V1=0 V2=1 | consensus=0 heal=1V2 | acc=62.38% | byz_w=['0.000', '0.000', '0.000', '0.000']
[042] tas        | atk=None | V1=0 V2=0 | consensus=1 heal=0 | acc=61.84% | byz_w=['0.000', '0.000', '0.000', '0.000']
[043] tas        | atk=None | V1=0 V2=0 | consensus=1 heal=0 | acc=64.38% | byz_w=['0.000', '0.000', '0.000', '0.000']
[044] tas        | atk=  A1 | V1=1 V2=1 | consensus=0 heal=1V1 | acc=62.40% | byz_w=['0.000', '0.000', '0.000', '0.000']
[045] tas        | atk=None | V1=0 V2=0 | consensus=1 heal=0 | acc=62.24% | byz_w=['0.000', '0.000', '0.000', '0.000']
[046] tas        | atk=  A3 | V1=1 V2=1 | consensus=0 heal=1V1 | acc=64.50% | byz_w=['0.000', '0.000', '0.000', '0.000']
[047] tas        | atk=  A3 | V1=1 V2=1 | consensus=0 heal=1V1 | acc=62.94% | byz_w=['0.000', '0.000', '0.000', '0.000']
[048] tas        | atk=  A2 | V1=1 V2=1 | consensus=0 heal=1V1 | acc=65.28% | byz_w=['0.000', '0.000', '0.000', '0.000']
[049] tas        | atk=None | V1=0 V2=0 | consensus=1 heal=0 | acc=62.98% | byz_w=['0.000', '0.000', '0.000', '0.000']
[050] tas        | atk=  A3 | V1=1 V2=1 | consensus=0 heal=1V1 | acc=65.32% | byz_w=['0.000', '0.000', '0.000', '0.000']
[051] tas        | atk=None | V1=0 V2=0 | consensus=1 heal=0 | acc=64.12% | byz_w=['0.000', '0.000', '0.000', '0.000']
[052] tas        | atk=None | V1=0 V2=0 | consensus=1 heal=0 | acc=62.28% | byz_w=['0.000', '0.000', '0.000', '0.000']
[053] tas        | atk=  A1 | V1=1 V2=1 | consensus=0 heal=1V1 | acc=65.74% | byz_w=['0.000', '0.000', '0.000', '0.000']
[054] tas        | atk=  A3 | V1=1 V2=1 | consensus=0 heal=1V1 | acc=65.90% | byz_w=['0.000', '0.000', '0.000', '0.000']
[055] tas        | atk=  A3 | V1=1 V2=1 | consensus=0 heal=1V1 | acc=62.76% | byz_w=['0.000', '0.000', '0.000', '0.000']
[056] tas        | atk=None | V1=0 V2=0 | consensus=1 heal=0 | acc=67.98% | byz_w=['0.000', '0.000', '0.000', '0.000']
[057] tas        | atk=  A3 | V1=1 V2=1 | consensus=0 heal=1V1 | acc=64.45% | byz_w=['0.000', '0.000', '0.000', '0.000']
[058] tas        | atk=  A2 | V1=1 V2=1 | consensus=0 heal=1V1 | acc=66.45% | byz_w=['0.000', '0.000', '0.000', '0.000']
[059] tas        | atk=None | V1=0 V2=0 | consensus=1 heal=0 | acc=64.66% | byz_w=['0.000', '0.000', '0.000', '0.000']
[060] tas        | atk=  A3 | V1=1 V2=1 | consensus=0 heal=1V1 | acc=67.06% | byz_w=['0.000', '0.000', '0.000', '0.000']
[061] tas        | atk=  A2 | V1=1 V2=1 | consensus=0 heal=1V1 | acc=65.94% | byz_w=['0.000', '0.000', '0.000', '0.000']
[062] tas        | atk=None | V1=0 V2=0 | consensus=1 heal=0 | acc=66.00% | byz_w=['0.000', '0.000', '0.000', '0.000']
[063] tas        | atk=  A3 | V1=1 V2=1 | consensus=0 heal=1V1 | acc=64.26% | byz_w=['0.000', '0.000', '0.000', '0.000']
[064] tas        | atk=  A3 | V1=1 V2=1 | consensus=0 heal=1V1 | acc=66.34% | byz_w=['0.000', '0.000', '0.000', '0.000']
[065] tas        | atk=  A1 | V1=1 V2=1 | consensus=0 heal=1V1 | acc=64.04% | byz_w=['0.000', '0.000', '0.000', '0.000']
[066] tas        | atk=  A2 | V1=1 V2=1 | consensus=0 heal=1V1 | acc=66.07% | byz_w=['0.000', '0.000', '0.000', '0.000']
[067] tas        | atk=None | V1=0 V2=0 | consensus=1 heal=0 | acc=64.06% | byz_w=['0.000', '0.000', '0.000', '0.000']
[068] tas        | atk=  A2 | V1=1 V2=1 | consensus=0 heal=1V1 | acc=64.66% | byz_w=['0.000', '0.000', '0.000', '0.000']
[069] tas        | atk=None | V1=0 V2=0 | consensus=1 heal=0 | acc=65.26% | byz_w=['0.000', '0.000', '0.000', '0.000']
[070] tas        | atk=None | V1=0 V2=0 | consensus=1 heal=0 | acc=66.65% | byz_w=['0.000', '0.000', '0.000', '0.000']
[071] tas        | atk=None | V1=0 V2=0 | consensus=1 heal=0 | acc=64.00% | byz_w=['0.000', '0.000', '0.000', '0.000']
[072] tas        | atk=  A3 | V1=1 V2=1 | consensus=0 heal=1V1 | acc=66.89% | byz_w=['0.000', '0.000', '0.000', '0.000']
[073] tas        | atk=None | V1=0 V2=0 | consensus=1 heal=0 | acc=64.43% | byz_w=['0.000', '0.000', '0.000', '0.000']
[074] tas        | atk=  A2 | V1=1 V2=1 | consensus=0 heal=1V1 | acc=66.77% | byz_w=['0.000', '0.000', '0.000', '0.000']
[075] tas        | atk=  A3 | V1=1 V2=1 | consensus=0 heal=1V1 | acc=66.20% | byz_w=['0.000', '0.000', '0.000', '0.000']
[076] tas        | atk=  A3 | V1=1 V2=1 | consensus=0 heal=1V1 | acc=67.31% | byz_w=['0.000', '0.000', '0.000', '0.000']
[077] tas        | atk=None | V1=0 V2=0 | consensus=1 heal=0 | acc=66.88% | byz_w=['0.000', '0.000', '0.000', '0.000']
[078] tas        | atk=  A2 | V1=1 V2=1 | consensus=0 heal=1V1 | acc=65.07% | byz_w=['0.000', '0.000', '0.000', '0.000']
[079] tas        | atk=None | V1=0 V2=0 | consensus=1 heal=0 | acc=69.29% | byz_w=['0.000', '0.000', '0.000', '0.000']
[080] tas        | atk=  A2 | V1=1 V2=1 | consensus=0 heal=1V1 | acc=65.76% | byz_w=['0.000', '0.000', '0.000', '0.000']
[081] tas        | atk=None | V1=0 V2=0 | consensus=1 heal=0 | acc=68.31% | byz_w=['0.000', '0.000', '0.000', '0.000']
[082] tas        | atk=  A3 | V1=1 V2=1 | consensus=0 heal=1V1 | acc=66.88% | byz_w=['0.000', '0.000', '0.000', '0.000']
[083] tas        | atk=  A3 | V1=1 V2=1 | consensus=0 heal=1V1 | acc=65.02% | byz_w=['0.000', '0.000', '0.000', '0.000']
[084] tas        | atk=  A1 | V1=1 V2=1 | consensus=0 heal=1V1 | acc=66.86% | byz_w=['0.000', '0.000', '0.000', '0.000']
[085] tas        | atk=None | V1=0 V2=0 | consensus=1 heal=0 | acc=65.70% | byz_w=['0.000', '0.000', '0.000', '0.000']
[086] tas        | atk=None | V1=0 V2=0 | consensus=1 heal=0 | acc=65.76% | byz_w=['0.000', '0.000', '0.000', '0.000']
[087] tas        | atk=  A1 | V1=1 V2=1 | consensus=0 heal=1V1 | acc=65.96% | byz_w=['0.000', '0.000', '0.000', '0.000']
[088] tas        | atk=  A1 | V1=1 V2=1 | consensus=0 heal=1V1 | acc=63.41% | byz_w=['0.000', '0.000', '0.000', '0.000']
[089] tas        | atk=  A2 | V1=1 V2=1 | consensus=0 heal=1V1 | acc=69.61% | byz_w=['0.000', '0.000', '0.000', '0.000']
[090] tas        | atk=None | V1=0 V2=0 | consensus=1 heal=0 | acc=65.70% | byz_w=['0.000', '0.000', '0.000', '0.000']
[091] tas        | atk=None | V1=0 V2=0 | consensus=1 heal=0 | acc=67.07% | byz_w=['0.000', '0.000', '0.000', '0.000']
[092] tas        | atk=  A2 | V1=1 V2=1 | consensus=0 heal=1V1 | acc=67.50% | byz_w=['0.000', '0.000', '0.000', '0.000']
[093] tas        | atk=  A3 | V1=1 V2=1 | consensus=0 heal=1V1 | acc=67.44% | byz_w=['0.000', '0.000', '0.000', '0.000']
[094] tas        | atk=None | V1=0 V2=0 | consensus=1 heal=0 | acc=68.80% | byz_w=['0.000', '0.000', '0.000', '0.000']
[095] tas        | atk=None | V1=0 V2=0 | consensus=1 heal=0 | acc=65.46% | byz_w=['0.000', '0.000', '0.000', '0.000']
[096] tas        | atk=None | V1=0 V2=0 | consensus=1 heal=0 | acc=66.21% | byz_w=['0.000', '0.000', '0.000', '0.000']
[097] tas        | atk=  A2 | V1=1 V2=1 | consensus=0 heal=1V1 | acc=68.91% | byz_w=['0.000', '0.000', '0.000', '0.000']
[098] tas        | atk=  A3 | V1=1 V2=1 | consensus=0 heal=1V1 | acc=66.45% | byz_w=['0.000', '0.000', '0.000', '0.000']
[099] tas        | atk=  A2 | V1=0 V2=1 | consensus=0 heal=1V2 | acc=69.13% | byz_w=['0.000', '0.000', '0.000', '0.000']
[100] tas        | atk=  A2 | V1=1 V2=1 | consensus=0 heal=1V1 | acc=66.60% | byz_w=['0.000', '0.000', '0.000', '0.000']
[101] tas        | atk=  A3 | V1=1 V2=1 | consensus=0 heal=1V1 | acc=67.97% | byz_w=['0.000', '0.000', '0.000', '0.000']
[102] tas        | atk=None | V1=0 V2=0 | consensus=1 heal=0 | acc=68.09% | byz_w=['0.000', '0.000', '0.000', '0.000']
[103] tas        | atk=  A3 | V1=1 V2=1 | consensus=0 heal=1V1 | acc=65.35% | byz_w=['0.000', '0.000', '0.000', '0.000']
[104] tas        | atk=  A2 | V1=1 V2=1 | consensus=0 heal=1V1 | acc=66.90% | byz_w=['0.000', '0.000', '0.000', '0.000']
[105] tas        | atk=  A3 | V1=1 V2=1 | consensus=0 heal=1V1 | acc=67.61% | byz_w=['0.000', '0.000', '0.000', '0.000']
[106] tas        | atk=None | V1=0 V2=0 | consensus=1 heal=0 | acc=66.21% | byz_w=['0.000', '0.000', '0.000', '0.000']
[107] tas        | atk=None | V1=0 V2=0 | consensus=1 heal=0 | acc=67.86% | byz_w=['0.000', '0.000', '0.000', '0.000']
[108] tas        | atk=None | V1=0 V2=0 | consensus=1 heal=0 | acc=65.07% | byz_w=['0.000', '0.000', '0.000', '0.000']
[109] tas        | atk=  A2 | V1=1 V2=1 | consensus=0 heal=1V1 | acc=68.73% | byz_w=['0.000', '0.000', '0.000', '0.000']
[110] tas        | atk=  A2 | V1=1 V2=1 | consensus=0 heal=1V1 | acc=67.66% | byz_w=['0.000', '0.000', '0.000', '0.000']
[111] tas        | atk=  A1 | V1=1 V2=1 | consensus=0 heal=1V1 | acc=65.72% | byz_w=['0.000', '0.000', '0.000', '0.000']
[112] tas        | atk=None | V1=0 V2=0 | consensus=1 heal=0 | acc=70.21% | byz_w=['0.000', '0.000', '0.000', '0.000']
[113] tas        | atk=  A2 | V1=1 V2=1 | consensus=0 heal=1V1 | acc=68.58% | byz_w=['0.000', '0.000', '0.000', '0.000']
[114] tas        | atk=None | V1=0 V2=0 | consensus=1 heal=0 | acc=68.99% | byz_w=['0.000', '0.000', '0.000', '0.000']
[115] tas        | atk=None | V1=0 V2=0 | consensus=1 heal=0 | acc=66.58% | byz_w=['0.000', '0.000', '0.000', '0.000']
[116] tas        | atk=  A3 | V1=1 V2=1 | consensus=0 heal=1V1 | acc=69.30% | byz_w=['0.000', '0.000', '0.000', '0.000']
[117] tas        | atk=  A2 | V1=1 V2=1 | consensus=0 heal=1V1 | acc=67.11% | byz_w=['0.000', '0.000', '0.000', '0.000']
[118] tas        | atk=  A1 | V1=0 V2=1 | consensus=0 heal=1V2 | acc=68.14% | byz_w=['0.000', '0.000', '0.000', '0.000']
[119] tas        | atk=None | V1=0 V2=0 | consensus=1 heal=0 | acc=68.31% | byz_w=['0.000', '0.000', '0.000', '0.000']
[120] tas        | atk=  A2 | V1=1 V2=1 | consensus=0 heal=1V1 | acc=67.37% | byz_w=['0.000', '0.000', '0.000', '0.000']
[121] tas        | atk=  A1 | V1=0 V2=1 | consensus=0 heal=1V2 | acc=69.60% | byz_w=['0.000', '0.000', '0.000', '0.000']
[122] tas        | atk=None | V1=0 V2=0 | consensus=1 heal=0 | acc=65.33% | byz_w=['0.000', '0.000', '0.000', '0.000']
[123] tas        | atk=  A3 | V1=1 V2=1 | consensus=0 heal=1V1 | acc=67.84% | byz_w=['0.000', '0.000', '0.000', '0.000']
[124] tas        | atk=  A1 | V1=1 V2=1 | consensus=0 heal=1V1 | acc=67.26% | byz_w=['0.000', '0.000', '0.000', '0.000']
[125] tas        | atk=None | V1=0 V2=0 | consensus=1 heal=0 | acc=70.53% | byz_w=['0.000', '0.000', '0.000', '0.000']
[126] tas        | atk=None | V1=0 V2=0 | consensus=1 heal=0 | acc=67.56% | byz_w=['0.000', '0.000', '0.000', '0.000']
[127] tas        | atk=  A1 | V1=1 V2=1 | consensus=0 heal=1V1 | acc=68.70% | byz_w=['0.000', '0.000', '0.000', '0.000']
[128] tas        | atk=  A3 | V1=1 V2=1 | consensus=0 heal=1V1 | acc=10.06% | byz_w=['0.000', '0.000', '0.436', '0.000']
[129] tas        | atk=  A3 | V1=1 V2=1 | consensus=0 heal=1V1 | acc=10.46% | byz_w=['0.000', '0.007', '0.131', '0.000']
[130] tas        | atk=None | V1=0 V2=0 | consensus=1 heal=0 | acc=14.69% | byz_w=['0.000', '0.002', '0.039', '0.000']
[131] tas        | atk=  A1 | V1=1 V2=1 | consensus=0 heal=1V1 | acc=21.19% | byz_w=['0.000', '0.001', '0.012', '0.000']
[132] tas        | atk=  A1 | V1=1 V2=1 | consensus=0 heal=1V1 | acc=20.40% | byz_w=['0.000', '0.000', '0.004', '0.000']
[133] tas        | atk=  A3 | V1=1 V2=1 | consensus=0 heal=1V1 | acc=22.00% | byz_w=['0.000', '0.000', '0.001', '0.000']
[134] tas        | atk=None | V1=0 V2=0 | consensus=1 heal=0 | acc=23.11% | byz_w=['0.000', '0.000', '0.000', '0.000']
[135] tas        | atk=  A2 | V1=1 V2=1 | consensus=0 heal=1V1 | acc=22.08% | byz_w=['0.000', '0.000', '0.000', '0.000']
[136] tas        | atk=  A3 | V1=1 V2=1 | consensus=0 heal=1V1 | acc=26.17% | byz_w=['0.000', '0.000', '0.000', '0.000']
[137] tas        | atk=  A3 | V1=1 V2=1 | consensus=0 heal=1V1 | acc=26.49% | byz_w=['0.000', '0.000', '0.000', '0.000']
[138] tas        | atk=None | V1=0 V2=0 | consensus=1 heal=0 | acc=28.21% | byz_w=['0.000', '0.000', '0.000', '0.000']
[139] tas        | atk=None | V1=0 V2=0 | consensus=1 heal=0 | acc=27.41% | byz_w=['0.000', '0.000', '0.000', '0.000']
[140] tas        | atk=None | V1=0 V2=0 | consensus=1 heal=0 | acc=30.51% | byz_w=['0.000', '0.000', '0.000', '0.000']
[141] tas        | atk=None | V1=0 V2=0 | consensus=1 heal=0 | acc=29.88% | byz_w=['0.000', '0.000', '0.000', '0.000']
[142] tas        | atk=  A2 | V1=0 V2=1 | consensus=0 heal=1V2 | acc=29.45% | byz_w=['0.000', '0.000', '0.000', '0.000']
[143] tas        | atk=  A3 | V1=1 V2=1 | consensus=0 heal=1V1 | acc=32.88% | byz_w=['0.000', '0.000', '0.000', '0.000']
[144] tas        | atk=  A3 | V1=1 V2=1 | consensus=0 heal=1V1 | acc=28.92% | byz_w=['0.000', '0.000', '0.000', '0.000']
[145] tas        | atk=  A1 | V1=1 V2=1 | consensus=0 heal=1V1 | acc=30.20% | byz_w=['0.000', '0.000', '0.000', '0.000']
[146] tas        | atk=None | V1=0 V2=0 | consensus=1 heal=0 | acc=27.64% | byz_w=['0.000', '0.000', '0.000', '0.000']
[147] tas        | atk=None | V1=0 V2=0 | consensus=1 heal=0 | acc=33.05% | byz_w=['0.000', '0.000', '0.000', '0.000']
[148] tas        | atk=  A3 | V1=1 V2=1 | consensus=0 heal=1V1 | acc=28.61% | byz_w=['0.000', '0.000', '0.000', '0.000']
[149] tas        | atk=None | V1=0 V2=0 | consensus=1 heal=0 | acc=34.43% | byz_w=['0.000', '0.000', '0.000', '0.000']
[150] tas        | atk=  A2 | V1=1 V2=1 | consensus=0 heal=1V1 | acc=35.08% | byz_w=['0.000', '0.000', '0.000', '0.000']
[151] tas        | atk=None | V1=0 V2=0 | consensus=1 heal=0 | acc=33.85% | byz_w=['0.000', '0.000', '0.000', '0.000']
[152] tas        | atk=None | V1=0 V2=0 | consensus=1 heal=0 | acc=35.41% | byz_w=['0.000', '0.000', '0.000', '0.000']
[153] tas        | atk=  A1 | V1=1 V2=1 | consensus=0 heal=1V1 | acc=34.79% | byz_w=['0.000', '0.000', '0.000', '0.000']
[154] tas        | atk=  A1 | V1=1 V2=1 | consensus=0 heal=1V1 | acc=27.70% | byz_w=['0.000', '0.000', '0.000', '0.000']
[155] tas        | atk=  A1 | V1=1 V2=1 | consensus=0 heal=1V1 | acc=34.04% | byz_w=['0.000', '0.000', '0.000', '0.000']
[156] tas        | atk=  A1 | V1=0 V2=1 | consensus=0 heal=1V2 | acc=37.49% | byz_w=['0.000', '0.000', '0.000', '0.000']
[157] tas        | atk=None | V1=0 V2=0 | consensus=1 heal=0 | acc=29.63% | byz_w=['0.000', '0.000', '0.000', '0.000']
[158] tas        | atk=  A2 | V1=0 V2=1 | consensus=0 heal=1V2 | acc=31.26% | byz_w=['0.000', '0.000', '0.000', '0.000']
[159] tas        | atk=None | V1=0 V2=0 | consensus=1 heal=0 | acc=36.54% | byz_w=['0.000', '0.000', '0.000', '0.000']
[160] tas        | atk=  A3 | V1=1 V2=1 | consensus=0 heal=1V1 | acc=34.57% | byz_w=['0.000', '0.000', '0.000', '0.000']
[161] tas        | atk=  A3 | V1=1 V2=1 | consensus=0 heal=1V1 | acc=35.49% | byz_w=['0.000', '0.000', '0.000', '0.000']
[162] tas        | atk=  A1 | V1=1 V2=1 | consensus=0 heal=1V1 | acc=33.62% | byz_w=['0.000', '0.000', '0.000', '0.000']
[163] tas        | atk=  A2 | V1=1 V2=1 | consensus=0 heal=1V1 | acc=25.64% | byz_w=['0.000', '0.000', '0.000', '0.000']
[164] tas        | atk=None | V1=0 V2=0 | consensus=1 heal=0 | acc=37.55% | byz_w=['0.000', '0.000', '0.000', '0.000']
[165] tas        | atk=None | V1=0 V2=0 | consensus=1 heal=0 | acc=36.69% | byz_w=['0.000', '0.000', '0.000', '0.000']
[166] tas        | atk=  A3 | V1=1 V2=1 | consensus=0 heal=1V1 | acc=32.27% | byz_w=['0.000', '0.000', '0.000', '0.000']
[167] tas        | atk=  A1 | V1=1 V2=1 | consensus=0 heal=1V1 | acc=33.04% | byz_w=['0.000', '0.000', '0.000', '0.000']
[168] tas        | atk=None | V1=0 V2=0 | consensus=1 heal=0 | acc=40.28% | byz_w=['0.000', '0.000', '0.000', '0.000']
[169] tas        | atk=None | V1=0 V2=0 | consensus=1 heal=0 | acc=39.78% | byz_w=['0.000', '0.000', '0.000', '0.000']
[170] tas        | atk=  A2 | V1=1 V2=1 | consensus=0 heal=1V1 | acc=36.88% | byz_w=['0.000', '0.000', '0.000', '0.000']
[171] tas        | atk=  A1 | V1=1 V2=1 | consensus=0 heal=1V1 | acc=32.16% | byz_w=['0.000', '0.000', '0.000', '0.000']
[172] tas        | atk=None | V1=0 V2=0 | consensus=1 heal=0 | acc=39.35% | byz_w=['0.000', '0.000', '0.000', '0.000']
[173] tas        | atk=None | V1=0 V2=0 | consensus=1 heal=0 | acc=40.11% | byz_w=['0.000', '0.000', '0.000', '0.000']
[174] tas        | atk=  A3 | V1=1 V2=1 | consensus=0 heal=1V1 | acc=37.66% | byz_w=['0.000', '0.000', '0.000', '0.000']
[175] tas        | atk=  A3 | V1=1 V2=1 | consensus=0 heal=1V1 | acc=42.70% | byz_w=['0.000', '0.000', '0.000', '0.000']
[176] tas        | atk=  A1 | V1=1 V2=1 | consensus=0 heal=1V1 | acc=33.92% | byz_w=['0.000', '0.000', '0.000', '0.000']
[177] tas        | atk=None | V1=0 V2=0 | consensus=1 heal=0 | acc=42.67% | byz_w=['0.000', '0.000', '0.000', '0.000']
[178] tas        | atk=  A3 | V1=1 V2=1 | consensus=0 heal=1V1 | acc=39.97% | byz_w=['0.000', '0.000', '0.000', '0.000']
[179] tas        | atk=  A3 | V1=1 V2=1 | consensus=0 heal=1V1 | acc=34.51% | byz_w=['0.000', '0.000', '0.000', '0.000']
[180] tas        | atk=None | V1=0 V2=0 | consensus=1 heal=0 | acc=38.90% | byz_w=['0.000', '0.000', '0.000', '0.000']
[181] tas        | atk=None | V1=0 V2=0 | consensus=1 heal=0 | acc=42.84% | byz_w=['0.000', '0.000', '0.000', '0.000']
[182] tas        | atk=  A1 | V1=1 V2=1 | consensus=0 heal=1V1 | acc=41.45% | byz_w=['0.000', '0.000', '0.000', '0.000']
[183] tas        | atk=None | V1=0 V2=0 | consensus=1 heal=0 | acc=43.78% | byz_w=['0.000', '0.000', '0.000', '0.000']
[184] tas        | atk=  A3 | V1=1 V2=1 | consensus=0 heal=1V1 | acc=40.43% | byz_w=['0.000', '0.000', '0.000', '0.000']
[185] tas        | atk=  A2 | V1=1 V2=1 | consensus=0 heal=1V1 | acc=39.80% | byz_w=['0.000', '0.000', '0.000', '0.000']
[186] tas        | atk=  A1 | V1=0 V2=1 | consensus=0 heal=1V2 | acc=42.36% | byz_w=['0.000', '0.000', '0.000', '0.000']
[187] tas        | atk=  A3 | V1=1 V2=1 | consensus=0 heal=1V1 | acc=34.22% | byz_w=['0.000', '0.000', '0.000', '0.000']
[188] tas        | atk=None | V1=0 V2=0 | consensus=1 heal=0 | acc=38.48% | byz_w=['0.000', '0.000', '0.000', '0.000']
[189] tas        | atk=None | V1=0 V2=0 | consensus=1 heal=0 | acc=42.53% | byz_w=['0.000', '0.000', '0.000', '0.000']
[190] tas        | atk=  A3 | V1=1 V2=1 | consensus=0 heal=1V1 | acc=35.20% | byz_w=['0.000', '0.000', '0.000', '0.000']
[191] tas        | atk=  A1 | V1=1 V2=1 | consensus=0 heal=1V1 | acc=42.91% | byz_w=['0.000', '0.000', '0.000', '0.000']
[192] tas        | atk=None | V1=0 V2=0 | consensus=1 heal=0 | acc=45.05% | byz_w=['0.000', '0.000', '0.000', '0.000']
[193] tas        | atk=  A3 | V1=1 V2=1 | consensus=0 heal=1V1 | acc=43.26% | byz_w=['0.000', '0.000', '0.000', '0.000']
[194] tas        | atk=  A2 | V1=1 V2=1 | consensus=0 heal=1V1 | acc=37.74% | byz_w=['0.000', '0.000', '0.000', '0.000']
[195] tas        | atk=  A3 | V1=1 V2=1 | consensus=0 heal=1V1 | acc=43.24% | byz_w=['0.000', '0.000', '0.000', '0.000']
[196] tas        | atk=  A2 | V1=0 V2=1 | consensus=0 heal=1V2 | acc=40.98% | byz_w=['0.000', '0.000', '0.000', '0.000']
[197] tas        | atk=None | V1=0 V2=0 | consensus=1 heal=0 | acc=47.30% | byz_w=['0.000', '0.000', '0.000', '0.000']
[198] tas        | atk=  A3 | V1=1 V2=1 | consensus=0 heal=1V1 | acc=41.86% | byz_w=['0.000', '0.000', '0.000', '0.000']
[199] tas        | atk=None | V1=0 V2=0 | consensus=1 heal=0 | acc=32.23% | byz_w=['0.070', '0.070', '0.070', '0.070']
[200] tas        | atk=None | V1=0 V2=0 | consensus=1 heal=0 | acc=39.64% | byz_w=['0.021', '0.021', '0.021', '0.021']

============================================================
=== CIFAR-10 r40 Governance Scaling (Full TASL Trust) ===
============================================================
Config                   Best      Avg
fedavg                  11.58    10.00
trust_only              15.34    10.04
v1_only                 67.70    34.98
v2_only                 71.40    63.31
tas                     70.53    51.07
