[Gov Ablation] 10c, 3B (30%), 200r
Files already downloaded and verified
Files already downloaded and verified
[Data] CIFAR-10: 10 clients, Non-IID α=0.3, test=10000
  Client 0: total=3148, top3=[(9, 1523), (7, 866), (5, 287)]
  Client 1: total=5007, top3=[(4, 3598), (6, 787), (0, 300)]
  Client 2: total=2301, top3=[(1, 1112), (4, 829), (6, 333)]
  Client 3: total=2713, top3=[(0, 1500), (1, 497), (9, 371)]
  Client 4: total=7529, top3=[(0, 2923), (2, 2062), (8, 1427)]
  Client 5: total=4093, top3=[(3, 2715), (2, 927), (1, 275)]
  Client 6: total=7590, top3=[(7, 3896), (5, 2303), (6, 1134)]
  Client 7: total=5279, top3=[(1, 2738), (6, 1655), (2, 280)]
  Client 8: total=6165, top3=[(8, 2778), (9, 2083), (5, 669)]
  Client 9: total=6175, top3=[(3, 1917), (2, 1475), (6, 794)]

============================================================
=== FedAvg (No Defense) ===
[001] fedavg     | atk=None | V1=0 V2=0 | consensus=1 heal=0 | acc=10.00% | byz_w=['0.100', '0.100', '0.100']
[002] fedavg     | atk=  A3 | V1=0 V2=0 | consensus=1 heal=0 | acc=10.00% | byz_w=['0.700', '0.700', '0.700']
[003] fedavg     | atk=None | V1=0 V2=0 | consensus=1 heal=0 | acc=19.09% | byz_w=['0.100', '0.100', '0.100']
[004] fedavg     | atk=None | V1=0 V2=0 | consensus=1 heal=0 | acc=17.76% | byz_w=['0.100', '0.100', '0.100']
[005] fedavg     | atk=  A3 | V1=0 V2=0 | consensus=1 heal=0 | acc=15.24% | byz_w=['0.700', '0.700', '0.700']
[006] fedavg     | atk=  A2 | V1=0 V2=0 | consensus=1 heal=0 | acc=17.99% | byz_w=['0.350', '0.350', '0.350']
[007] fedavg     | atk=None | V1=0 V2=0 | consensus=1 heal=0 | acc=23.95% | byz_w=['0.100', '0.100', '0.100']
[008] fedavg     | atk=  A3 | V1=0 V2=0 | consensus=1 heal=0 | acc=16.98% | byz_w=['0.700', '0.700', '0.700']
[009] fedavg     | atk=  A2 | V1=0 V2=0 | consensus=1 heal=0 | acc=19.36% | byz_w=['0.350', '0.350', '0.350']
[010] fedavg     | atk=  A3 | V1=0 V2=0 | consensus=1 heal=0 | acc=18.35% | byz_w=['0.700', '0.700', '0.700']
[011] fedavg     | atk=  A2 | V1=0 V2=0 | consensus=1 heal=0 | acc=19.56% | byz_w=['0.350', '0.350', '0.350']
[012] fedavg     | atk=None | V1=0 V2=0 | consensus=1 heal=0 | acc=30.43% | byz_w=['0.100', '0.100', '0.100']
[013] fedavg     | atk=None | V1=0 V2=0 | consensus=1 heal=0 | acc=31.41% | byz_w=['0.100', '0.100', '0.100']
[014] fedavg     | atk=  A1 | V1=0 V2=0 | consensus=1 heal=0 | acc=20.06% | byz_w=['0.700', '0.700', '0.700']
[015] fedavg     | atk=  A1 | V1=0 V2=0 | consensus=1 heal=0 | acc=19.55% | byz_w=['0.700', '0.700', '0.700']
[016] fedavg     | atk=None | V1=0 V2=0 | consensus=1 heal=0 | acc=36.00% | byz_w=['0.100', '0.100', '0.100']
[017] fedavg     | atk=  A3 | V1=0 V2=0 | consensus=1 heal=0 | acc=18.85% | byz_w=['0.700', '0.700', '0.700']
[018] fedavg     | atk=  A2 | V1=0 V2=0 | consensus=1 heal=0 | acc=19.15% | byz_w=['0.350', '0.350', '0.350']
[019] fedavg     | atk=None | V1=0 V2=0 | consensus=1 heal=0 | acc=36.79% | byz_w=['0.100', '0.100', '0.100']
[020] fedavg     | atk=  A1 | V1=0 V2=0 | consensus=1 heal=0 | acc=20.53% | byz_w=['0.700', '0.700', '0.700']
[021] fedavg     | atk=None | V1=0 V2=0 | consensus=1 heal=0 | acc=43.09% | byz_w=['0.100', '0.100', '0.100']
[022] fedavg     | atk=None | V1=0 V2=0 | consensus=1 heal=0 | acc=39.89% | byz_w=['0.100', '0.100', '0.100']
[023] fedavg     | atk=  A3 | V1=0 V2=0 | consensus=1 heal=0 | acc=19.47% | byz_w=['0.700', '0.700', '0.700']
[024] fedavg     | atk=  A3 | V1=0 V2=0 | consensus=1 heal=0 | acc=17.68% | byz_w=['0.700', '0.700', '0.700']
[025] fedavg     | atk=None | V1=0 V2=0 | consensus=1 heal=0 | acc=48.14% | byz_w=['0.100', '0.100', '0.100']
[026] fedavg     | atk=  A2 | V1=0 V2=0 | consensus=1 heal=0 | acc=24.07% | byz_w=['0.350', '0.350', '0.350']
[027] fedavg     | atk=None | V1=0 V2=0 | consensus=1 heal=0 | acc=52.93% | byz_w=['0.100', '0.100', '0.100']
[028] fedavg     | atk=  A2 | V1=0 V2=0 | consensus=1 heal=0 | acc=25.33% | byz_w=['0.350', '0.350', '0.350']
[029] fedavg     | atk=  A1 | V1=0 V2=0 | consensus=1 heal=0 | acc=22.47% | byz_w=['0.700', '0.700', '0.700']
[030] fedavg     | atk=  A3 | V1=0 V2=0 | consensus=1 heal=0 | acc=18.41% | byz_w=['0.700', '0.700', '0.700']
[031] fedavg     | atk=None | V1=0 V2=0 | consensus=1 heal=0 | acc=52.93% | byz_w=['0.100', '0.100', '0.100']
[032] fedavg     | atk=  A3 | V1=0 V2=0 | consensus=1 heal=0 | acc=20.89% | byz_w=['0.700', '0.700', '0.700']
[033] fedavg     | atk=  A3 | V1=0 V2=0 | consensus=1 heal=0 | acc=18.15% | byz_w=['0.700', '0.700', '0.700']
[034] fedavg     | atk=  A2 | V1=0 V2=0 | consensus=1 heal=0 | acc=25.36% | byz_w=['0.350', '0.350', '0.350']
[035] fedavg     | atk=  A3 | V1=0 V2=0 | consensus=1 heal=0 | acc=20.03% | byz_w=['0.700', '0.700', '0.700']
[036] fedavg     | atk=  A3 | V1=0 V2=0 | consensus=1 heal=0 | acc=16.65% | byz_w=['0.700', '0.700', '0.700']
[037] fedavg     | atk=None | V1=0 V2=0 | consensus=1 heal=0 | acc=55.23% | byz_w=['0.100', '0.100', '0.100']
[038] fedavg     | atk=None | V1=0 V2=0 | consensus=1 heal=0 | acc=51.93% | byz_w=['0.100', '0.100', '0.100']
[039] fedavg     | atk=  A1 | V1=0 V2=0 | consensus=1 heal=0 | acc=26.89% | byz_w=['0.700', '0.700', '0.700']
[040] fedavg     | atk=None | V1=0 V2=0 | consensus=1 heal=0 | acc=57.72% | byz_w=['0.100', '0.100', '0.100']
[041] fedavg     | atk=  A2 | V1=0 V2=0 | consensus=1 heal=0 | acc=29.57% | byz_w=['0.350', '0.350', '0.350']
[042] fedavg     | atk=None | V1=0 V2=0 | consensus=1 heal=0 | acc=58.70% | byz_w=['0.100', '0.100', '0.100']
[043] fedavg     | atk=None | V1=0 V2=0 | consensus=1 heal=0 | acc=50.50% | byz_w=['0.100', '0.100', '0.100']
[044] fedavg     | atk=  A1 | V1=0 V2=0 | consensus=1 heal=0 | acc=27.68% | byz_w=['0.700', '0.700', '0.700']
[045] fedavg     | atk=None | V1=0 V2=0 | consensus=1 heal=0 | acc=59.30% | byz_w=['0.100', '0.100', '0.100']
[046] fedavg     | atk=  A3 | V1=0 V2=0 | consensus=1 heal=0 | acc=21.78% | byz_w=['0.700', '0.700', '0.700']
[047] fedavg     | atk=  A3 | V1=0 V2=0 | consensus=1 heal=0 | acc=18.11% | byz_w=['0.700', '0.700', '0.700']
[048] fedavg     | atk=  A2 | V1=0 V2=0 | consensus=1 heal=0 | acc=31.09% | byz_w=['0.350', '0.350', '0.350']
[049] fedavg     | atk=None | V1=0 V2=0 | consensus=1 heal=0 | acc=59.16% | byz_w=['0.100', '0.100', '0.100']
[050] fedavg     | atk=  A3 | V1=0 V2=0 | consensus=1 heal=0 | acc=22.95% | byz_w=['0.700', '0.700', '0.700']
[051] fedavg     | atk=None | V1=0 V2=0 | consensus=1 heal=0 | acc=57.16% | byz_w=['0.100', '0.100', '0.100']
[052] fedavg     | atk=None | V1=0 V2=0 | consensus=1 heal=0 | acc=56.32% | byz_w=['0.100', '0.100', '0.100']
[053] fedavg     | atk=  A1 | V1=0 V2=0 | consensus=1 heal=0 | acc=25.79% | byz_w=['0.700', '0.700', '0.700']
[054] fedavg     | atk=  A3 | V1=0 V2=0 | consensus=1 heal=0 | acc=19.44% | byz_w=['0.700', '0.700', '0.700']
[055] fedavg     | atk=  A3 | V1=0 V2=0 | consensus=1 heal=0 | acc=17.83% | byz_w=['0.700', '0.700', '0.700']
[056] fedavg     | atk=None | V1=0 V2=0 | consensus=1 heal=0 | acc=58.94% | byz_w=['0.100', '0.100', '0.100']
[057] fedavg     | atk=  A3 | V1=0 V2=0 | consensus=1 heal=0 | acc=20.84% | byz_w=['0.700', '0.700', '0.700']
[058] fedavg     | atk=  A2 | V1=0 V2=0 | consensus=1 heal=0 | acc=32.55% | byz_w=['0.350', '0.350', '0.350']
[059] fedavg     | atk=None | V1=0 V2=0 | consensus=1 heal=0 | acc=58.94% | byz_w=['0.100', '0.100', '0.100']
[060] fedavg     | atk=  A3 | V1=0 V2=0 | consensus=1 heal=0 | acc=23.37% | byz_w=['0.700', '0.700', '0.700']
[061] fedavg     | atk=  A2 | V1=0 V2=0 | consensus=1 heal=0 | acc=29.97% | byz_w=['0.350', '0.350', '0.350']
[062] fedavg     | atk=None | V1=0 V2=0 | consensus=1 heal=0 | acc=58.64% | byz_w=['0.100', '0.100', '0.100']
[063] fedavg     | atk=  A3 | V1=0 V2=0 | consensus=1 heal=0 | acc=22.72% | byz_w=['0.700', '0.700', '0.700']
[064] fedavg     | atk=  A3 | V1=0 V2=0 | consensus=1 heal=0 | acc=18.94% | byz_w=['0.700', '0.700', '0.700']
[065] fedavg     | atk=  A1 | V1=0 V2=0 | consensus=1 heal=0 | acc=23.13% | byz_w=['0.700', '0.700', '0.700']
[066] fedavg     | atk=  A2 | V1=0 V2=0 | consensus=1 heal=0 | acc=30.94% | byz_w=['0.350', '0.350', '0.350']
[067] fedavg     | atk=None | V1=0 V2=0 | consensus=1 heal=0 | acc=60.29% | byz_w=['0.100', '0.100', '0.100']
[068] fedavg     | atk=  A2 | V1=0 V2=0 | consensus=1 heal=0 | acc=33.34% | byz_w=['0.350', '0.350', '0.350']
[069] fedavg     | atk=None | V1=0 V2=0 | consensus=1 heal=0 | acc=59.73% | byz_w=['0.100', '0.100', '0.100']
[070] fedavg     | atk=None | V1=0 V2=0 | consensus=1 heal=0 | acc=54.19% | byz_w=['0.100', '0.100', '0.100']
[071] fedavg     | atk=None | V1=0 V2=0 | consensus=1 heal=0 | acc=60.18% | byz_w=['0.100', '0.100', '0.100']
[072] fedavg     | atk=  A3 | V1=0 V2=0 | consensus=1 heal=0 | acc=22.19% | byz_w=['0.700', '0.700', '0.700']
[073] fedavg     | atk=None | V1=0 V2=0 | consensus=1 heal=0 | acc=60.18% | byz_w=['0.100', '0.100', '0.100']
[074] fedavg     | atk=  A2 | V1=0 V2=0 | consensus=1 heal=0 | acc=32.99% | byz_w=['0.350', '0.350', '0.350']
[075] fedavg     | atk=  A3 | V1=0 V2=0 | consensus=1 heal=0 | acc=19.84% | byz_w=['0.700', '0.700', '0.700']
[076] fedavg     | atk=  A3 | V1=0 V2=0 | consensus=1 heal=0 | acc=20.10% | byz_w=['0.700', '0.700', '0.700']
[077] fedavg     | atk=None | V1=0 V2=0 | consensus=1 heal=0 | acc=59.45% | byz_w=['0.100', '0.100', '0.100']
[078] fedavg     | atk=  A2 | V1=0 V2=0 | consensus=1 heal=0 | acc=32.52% | byz_w=['0.350', '0.350', '0.350']
[079] fedavg     | atk=None | V1=0 V2=0 | consensus=1 heal=0 | acc=60.30% | byz_w=['0.100', '0.100', '0.100']
[080] fedavg     | atk=  A2 | V1=0 V2=0 | consensus=1 heal=0 | acc=34.01% | byz_w=['0.350', '0.350', '0.350']
[081] fedavg     | atk=None | V1=0 V2=0 | consensus=1 heal=0 | acc=60.84% | byz_w=['0.100', '0.100', '0.100']
[082] fedavg     | atk=  A3 | V1=0 V2=0 | consensus=1 heal=0 | acc=22.02% | byz_w=['0.700', '0.700', '0.700']
[083] fedavg     | atk=  A3 | V1=0 V2=0 | consensus=1 heal=0 | acc=18.99% | byz_w=['0.700', '0.700', '0.700']
[084] fedavg     | atk=  A1 | V1=0 V2=0 | consensus=1 heal=0 | acc=20.68% | byz_w=['0.700', '0.700', '0.700']
[085] fedavg     | atk=None | V1=0 V2=0 | consensus=1 heal=0 | acc=59.46% | byz_w=['0.100', '0.100', '0.100']
[086] fedavg     | atk=None | V1=0 V2=0 | consensus=1 heal=0 | acc=54.09% | byz_w=['0.100', '0.100', '0.100']
[087] fedavg     | atk=  A1 | V1=0 V2=0 | consensus=1 heal=0 | acc=26.03% | byz_w=['0.700', '0.700', '0.700']
[088] fedavg     | atk=  A1 | V1=0 V2=0 | consensus=1 heal=0 | acc=19.72% | byz_w=['0.700', '0.700', '0.700']
[089] fedavg     | atk=  A2 | V1=0 V2=0 | consensus=1 heal=0 | acc=32.90% | byz_w=['0.350', '0.350', '0.350']
[090] fedavg     | atk=None | V1=0 V2=0 | consensus=1 heal=0 | acc=61.11% | byz_w=['0.100', '0.100', '0.100']
[091] fedavg     | atk=None | V1=0 V2=0 | consensus=1 heal=0 | acc=56.17% | byz_w=['0.100', '0.100', '0.100']
[092] fedavg     | atk=  A2 | V1=0 V2=0 | consensus=1 heal=0 | acc=34.78% | byz_w=['0.350', '0.350', '0.350']
[093] fedavg     | atk=  A3 | V1=0 V2=0 | consensus=1 heal=0 | acc=17.96% | byz_w=['0.700', '0.700', '0.700']
[094] fedavg     | atk=None | V1=0 V2=0 | consensus=1 heal=0 | acc=60.71% | byz_w=['0.100', '0.100', '0.100']
[095] fedavg     | atk=None | V1=0 V2=0 | consensus=1 heal=0 | acc=54.12% | byz_w=['0.100', '0.100', '0.100']
[096] fedavg     | atk=None | V1=0 V2=0 | consensus=1 heal=0 | acc=62.60% | byz_w=['0.100', '0.100', '0.100']
[097] fedavg     | atk=  A2 | V1=0 V2=0 | consensus=1 heal=0 | acc=35.08% | byz_w=['0.350', '0.350', '0.350']
[098] fedavg     | atk=  A3 | V1=0 V2=0 | consensus=1 heal=0 | acc=19.70% | byz_w=['0.700', '0.700', '0.700']
[099] fedavg     | atk=  A2 | V1=0 V2=0 | consensus=1 heal=0 | acc=34.73% | byz_w=['0.350', '0.350', '0.350']
[100] fedavg     | atk=  A2 | V1=0 V2=0 | consensus=1 heal=0 | acc=31.83% | byz_w=['0.350', '0.350', '0.350']
[101] fedavg     | atk=  A3 | V1=0 V2=0 | consensus=1 heal=0 | acc=18.99% | byz_w=['0.700', '0.700', '0.700']
[102] fedavg     | atk=None | V1=0 V2=0 | consensus=1 heal=0 | acc=59.65% | byz_w=['0.100', '0.100', '0.100']
[103] fedavg     | atk=  A3 | V1=0 V2=0 | consensus=1 heal=0 | acc=25.87% | byz_w=['0.700', '0.700', '0.700']
[104] fedavg     | atk=  A2 | V1=0 V2=0 | consensus=1 heal=0 | acc=28.19% | byz_w=['0.350', '0.350', '0.350']
[105] fedavg     | atk=  A3 | V1=0 V2=0 | consensus=1 heal=0 | acc=20.89% | byz_w=['0.700', '0.700', '0.700']
[106] fedavg     | atk=None | V1=0 V2=0 | consensus=1 heal=0 | acc=59.86% | byz_w=['0.100', '0.100', '0.100']
[107] fedavg     | atk=None | V1=0 V2=0 | consensus=1 heal=0 | acc=55.00% | byz_w=['0.100', '0.100', '0.100']
[108] fedavg     | atk=None | V1=0 V2=0 | consensus=1 heal=0 | acc=62.31% | byz_w=['0.100', '0.100', '0.100']
[109] fedavg     | atk=  A2 | V1=0 V2=0 | consensus=1 heal=0 | acc=34.78% | byz_w=['0.350', '0.350', '0.350']
[110] fedavg     | atk=  A2 | V1=0 V2=0 | consensus=1 heal=0 | acc=32.92% | byz_w=['0.350', '0.350', '0.350']
[111] fedavg     | atk=  A1 | V1=0 V2=0 | consensus=1 heal=0 | acc=23.62% | byz_w=['0.700', '0.700', '0.700']
[112] fedavg     | atk=None | V1=0 V2=0 | consensus=1 heal=0 | acc=60.75% | byz_w=['0.100', '0.100', '0.100']
[113] fedavg     | atk=  A2 | V1=0 V2=0 | consensus=1 heal=0 | acc=34.61% | byz_w=['0.350', '0.350', '0.350']
[114] fedavg     | atk=None | V1=0 V2=0 | consensus=1 heal=0 | acc=62.03% | byz_w=['0.100', '0.100', '0.100']
[115] fedavg     | atk=None | V1=0 V2=0 | consensus=1 heal=0 | acc=56.64% | byz_w=['0.100', '0.100', '0.100']
[116] fedavg     | atk=  A3 | V1=0 V2=0 | consensus=1 heal=0 | acc=22.89% | byz_w=['0.700', '0.700', '0.700']
[117] fedavg     | atk=  A2 | V1=0 V2=0 | consensus=1 heal=0 | acc=33.43% | byz_w=['0.350', '0.350', '0.350']
[118] fedavg     | atk=  A1 | V1=0 V2=0 | consensus=1 heal=0 | acc=21.99% | byz_w=['0.700', '0.700', '0.700']
[119] fedavg     | atk=None | V1=0 V2=0 | consensus=1 heal=0 | acc=61.01% | byz_w=['0.100', '0.100', '0.100']
[120] fedavg     | atk=  A2 | V1=0 V2=0 | consensus=1 heal=0 | acc=35.26% | byz_w=['0.350', '0.350', '0.350']
[121] fedavg     | atk=  A1 | V1=0 V2=0 | consensus=1 heal=0 | acc=21.18% | byz_w=['0.700', '0.700', '0.700']
[122] fedavg     | atk=None | V1=0 V2=0 | consensus=1 heal=0 | acc=61.69% | byz_w=['0.100', '0.100', '0.100']
[123] fedavg     | atk=  A3 | V1=0 V2=0 | consensus=1 heal=0 | acc=22.45% | byz_w=['0.700', '0.700', '0.700']
[124] fedavg     | atk=  A1 | V1=0 V2=0 | consensus=1 heal=0 | acc=19.59% | byz_w=['0.700', '0.700', '0.700']
[125] fedavg     | atk=None | V1=0 V2=0 | consensus=1 heal=0 | acc=60.98% | byz_w=['0.100', '0.100', '0.100']
[126] fedavg     | atk=None | V1=0 V2=0 | consensus=1 heal=0 | acc=55.10% | byz_w=['0.100', '0.100', '0.100']
[127] fedavg     | atk=  A1 | V1=0 V2=0 | consensus=1 heal=0 | acc=23.98% | byz_w=['0.700', '0.700', '0.700']
[128] fedavg     | atk=  A3 | V1=0 V2=0 | consensus=1 heal=0 | acc=20.26% | byz_w=['0.700', '0.700', '0.700']
[129] fedavg     | atk=  A3 | V1=0 V2=0 | consensus=1 heal=0 | acc=18.86% | byz_w=['0.700', '0.700', '0.700']
[130] fedavg     | atk=None | V1=0 V2=0 | consensus=1 heal=0 | acc=59.53% | byz_w=['0.100', '0.100', '0.100']
[131] fedavg     | atk=  A1 | V1=0 V2=0 | consensus=1 heal=0 | acc=28.94% | byz_w=['0.700', '0.700', '0.700']
[132] fedavg     | atk=  A1 | V1=0 V2=0 | consensus=1 heal=0 | acc=19.31% | byz_w=['0.700', '0.700', '0.700']
[133] fedavg     | atk=  A3 | V1=0 V2=0 | consensus=1 heal=0 | acc=21.31% | byz_w=['0.700', '0.700', '0.700']
[134] fedavg     | atk=None | V1=0 V2=0 | consensus=1 heal=0 | acc=59.55% | byz_w=['0.100', '0.100', '0.100']
[135] fedavg     | atk=  A2 | V1=0 V2=0 | consensus=1 heal=0 | acc=31.53% | byz_w=['0.350', '0.350', '0.350']
[136] fedavg     | atk=  A3 | V1=0 V2=0 | consensus=1 heal=0 | acc=20.52% | byz_w=['0.700', '0.700', '0.700']
[137] fedavg     | atk=  A3 | V1=0 V2=0 | consensus=1 heal=0 | acc=18.07% | byz_w=['0.700', '0.700', '0.700']
[138] fedavg     | atk=None | V1=0 V2=0 | consensus=1 heal=0 | acc=60.02% | byz_w=['0.100', '0.100', '0.100']
[139] fedavg     | atk=None | V1=0 V2=0 | consensus=1 heal=0 | acc=57.23% | byz_w=['0.100', '0.100', '0.100']
[140] fedavg     | atk=None | V1=0 V2=0 | consensus=1 heal=0 | acc=61.95% | byz_w=['0.100', '0.100', '0.100']
[141] fedavg     | atk=None | V1=0 V2=0 | consensus=1 heal=0 | acc=61.18% | byz_w=['0.100', '0.100', '0.100']
[142] fedavg     | atk=  A2 | V1=0 V2=0 | consensus=1 heal=0 | acc=35.93% | byz_w=['0.350', '0.350', '0.350']
[143] fedavg     | atk=  A3 | V1=0 V2=0 | consensus=1 heal=0 | acc=19.92% | byz_w=['0.700', '0.700', '0.700']
[144] fedavg     | atk=  A3 | V1=0 V2=0 | consensus=1 heal=0 | acc=18.41% | byz_w=['0.700', '0.700', '0.700']
[145] fedavg     | atk=  A1 | V1=0 V2=0 | consensus=1 heal=0 | acc=21.84% | byz_w=['0.700', '0.700', '0.700']
[146] fedavg     | atk=None | V1=0 V2=0 | consensus=1 heal=0 | acc=59.81% | byz_w=['0.100', '0.100', '0.100']
[147] fedavg     | atk=None | V1=0 V2=0 | consensus=1 heal=0 | acc=53.87% | byz_w=['0.100', '0.100', '0.100']
[148] fedavg     | atk=  A3 | V1=0 V2=0 | consensus=1 heal=0 | acc=22.10% | byz_w=['0.700', '0.700', '0.700']
[149] fedavg     | atk=None | V1=0 V2=0 | consensus=1 heal=0 | acc=60.90% | byz_w=['0.100', '0.100', '0.100']
[150] fedavg     | atk=  A2 | V1=0 V2=0 | consensus=1 heal=0 | acc=33.94% | byz_w=['0.350', '0.350', '0.350']
[151] fedavg     | atk=None | V1=0 V2=0 | consensus=1 heal=0 | acc=62.70% | byz_w=['0.100', '0.100', '0.100']
[152] fedavg     | atk=None | V1=0 V2=0 | consensus=1 heal=0 | acc=57.47% | byz_w=['0.100', '0.100', '0.100']
[153] fedavg     | atk=  A1 | V1=0 V2=0 | consensus=1 heal=0 | acc=23.49% | byz_w=['0.700', '0.700', '0.700']
[154] fedavg     | atk=  A1 | V1=0 V2=0 | consensus=1 heal=0 | acc=25.01% | byz_w=['0.700', '0.700', '0.700']
[155] fedavg     | atk=  A1 | V1=0 V2=0 | consensus=1 heal=0 | acc=21.96% | byz_w=['0.700', '0.700', '0.700']
[156] fedavg     | atk=  A1 | V1=0 V2=0 | consensus=1 heal=0 | acc=20.20% | byz_w=['0.700', '0.700', '0.700']
[157] fedavg     | atk=None | V1=0 V2=0 | consensus=1 heal=0 | acc=61.16% | byz_w=['0.100', '0.100', '0.100']
[158] fedavg     | atk=  A2 | V1=0 V2=0 | consensus=1 heal=0 | acc=33.94% | byz_w=['0.350', '0.350', '0.350']
[159] fedavg     | atk=None | V1=0 V2=0 | consensus=1 heal=0 | acc=62.05% | byz_w=['0.100', '0.100', '0.100']
[160] fedavg     | atk=  A3 | V1=0 V2=0 | consensus=1 heal=0 | acc=24.55% | byz_w=['0.700', '0.700', '0.700']
[161] fedavg     | atk=  A3 | V1=0 V2=0 | consensus=1 heal=0 | acc=17.71% | byz_w=['0.700', '0.700', '0.700']
[162] fedavg     | atk=  A1 | V1=0 V2=0 | consensus=1 heal=0 | acc=20.61% | byz_w=['0.700', '0.700', '0.700']
[163] fedavg     | atk=  A2 | V1=0 V2=0 | consensus=1 heal=0 | acc=26.53% | byz_w=['0.350', '0.350', '0.350']
[164] fedavg     | atk=None | V1=0 V2=0 | consensus=1 heal=0 | acc=61.11% | byz_w=['0.100', '0.100', '0.100']
[165] fedavg     | atk=None | V1=0 V2=0 | consensus=1 heal=0 | acc=58.51% | byz_w=['0.100', '0.100', '0.100']
[166] fedavg     | atk=  A3 | V1=0 V2=0 | consensus=1 heal=0 | acc=25.20% | byz_w=['0.700', '0.700', '0.700']
[167] fedavg     | atk=  A1 | V1=0 V2=0 | consensus=1 heal=0 | acc=19.35% | byz_w=['0.700', '0.700', '0.700']
[168] fedavg     | atk=None | V1=0 V2=0 | consensus=1 heal=0 | acc=62.55% | byz_w=['0.100', '0.100', '0.100']
[169] fedavg     | atk=None | V1=0 V2=0 | consensus=1 heal=0 | acc=55.74% | byz_w=['0.100', '0.100', '0.100']
[170] fedavg     | atk=  A2 | V1=0 V2=0 | consensus=1 heal=0 | acc=35.13% | byz_w=['0.350', '0.350', '0.350']
[171] fedavg     | atk=  A1 | V1=0 V2=0 | consensus=1 heal=0 | acc=21.93% | byz_w=['0.700', '0.700', '0.700']
[172] fedavg     | atk=None | V1=0 V2=0 | consensus=1 heal=0 | acc=63.62% | byz_w=['0.100', '0.100', '0.100']
[173] fedavg     | atk=None | V1=0 V2=0 | consensus=1 heal=0 | acc=56.00% | byz_w=['0.100', '0.100', '0.100']
[174] fedavg     | atk=  A3 | V1=0 V2=0 | consensus=1 heal=0 | acc=23.36% | byz_w=['0.700', '0.700', '0.700']
[175] fedavg     | atk=  A3 | V1=0 V2=0 | consensus=1 heal=0 | acc=19.98% | byz_w=['0.700', '0.700', '0.700']
[176] fedavg     | atk=  A1 | V1=0 V2=0 | consensus=1 heal=0 | acc=22.48% | byz_w=['0.700', '0.700', '0.700']
[177] fedavg     | atk=None | V1=0 V2=0 | consensus=1 heal=0 | acc=61.62% | byz_w=['0.100', '0.100', '0.100']
[178] fedavg     | atk=  A3 | V1=0 V2=0 | consensus=1 heal=0 | acc=25.40% | byz_w=['0.700', '0.700', '0.700']
[179] fedavg     | atk=  A3 | V1=0 V2=0 | consensus=1 heal=0 | acc=18.91% | byz_w=['0.700', '0.700', '0.700']
[180] fedavg     | atk=None | V1=0 V2=0 | consensus=1 heal=0 | acc=61.04% | byz_w=['0.100', '0.100', '0.100']
[181] fedavg     | atk=None | V1=0 V2=0 | consensus=1 heal=0 | acc=57.41% | byz_w=['0.100', '0.100', '0.100']
[182] fedavg     | atk=  A1 | V1=0 V2=0 | consensus=1 heal=0 | acc=26.73% | byz_w=['0.700', '0.700', '0.700']
[183] fedavg     | atk=None | V1=0 V2=0 | consensus=1 heal=0 | acc=62.46% | byz_w=['0.100', '0.100', '0.100']
[184] fedavg     | atk=  A3 | V1=0 V2=0 | consensus=1 heal=0 | acc=22.62% | byz_w=['0.700', '0.700', '0.700']
[185] fedavg     | atk=  A2 | V1=0 V2=0 | consensus=1 heal=0 | acc=33.41% | byz_w=['0.350', '0.350', '0.350']
[186] fedavg     | atk=  A1 | V1=0 V2=0 | consensus=1 heal=0 | acc=20.62% | byz_w=['0.700', '0.700', '0.700']
[187] fedavg     | atk=  A3 | V1=0 V2=0 | consensus=1 heal=0 | acc=18.22% | byz_w=['0.700', '0.700', '0.700']
[188] fedavg     | atk=None | V1=0 V2=0 | consensus=1 heal=0 | acc=60.69% | byz_w=['0.100', '0.100', '0.100']
[189] fedavg     | atk=None | V1=0 V2=0 | consensus=1 heal=0 | acc=58.10% | byz_w=['0.100', '0.100', '0.100']
[190] fedavg     | atk=  A3 | V1=0 V2=0 | consensus=1 heal=0 | acc=24.22% | byz_w=['0.700', '0.700', '0.700']
[191] fedavg     | atk=  A1 | V1=0 V2=0 | consensus=1 heal=0 | acc=20.42% | byz_w=['0.700', '0.700', '0.700']
[192] fedavg     | atk=None | V1=0 V2=0 | consensus=1 heal=0 | acc=62.84% | byz_w=['0.100', '0.100', '0.100']
[193] fedavg     | atk=  A3 | V1=0 V2=0 | consensus=1 heal=0 | acc=25.41% | byz_w=['0.700', '0.700', '0.700']
[194] fedavg     | atk=  A2 | V1=0 V2=0 | consensus=1 heal=0 | acc=29.50% | byz_w=['0.350', '0.350', '0.350']
[195] fedavg     | atk=  A3 | V1=0 V2=0 | consensus=1 heal=0 | acc=18.87% | byz_w=['0.700', '0.700', '0.700']
[196] fedavg     | atk=  A2 | V1=0 V2=0 | consensus=1 heal=0 | acc=30.34% | byz_w=['0.350', '0.350', '0.350']
[197] fedavg     | atk=None | V1=0 V2=0 | consensus=1 heal=0 | acc=60.42% | byz_w=['0.100', '0.100', '0.100']
[198] fedavg     | atk=  A3 | V1=0 V2=0 | consensus=1 heal=0 | acc=22.29% | byz_w=['0.700', '0.700', '0.700']
[199] fedavg     | atk=None | V1=0 V2=0 | consensus=1 heal=0 | acc=61.34% | byz_w=['0.100', '0.100', '0.100']
[200] fedavg     | atk=None | V1=0 V2=0 | consensus=1 heal=0 | acc=56.28% | byz_w=['0.100', '0.100', '0.100']

============================================================
=== Trust Only ===
[001] trust_only | atk=None | V1=0 V2=0 | consensus=1 heal=0 | acc=10.00% | byz_w=['0.013', '0.073', '0.063']
[002] trust_only | atk=  A3 | V1=0 V2=0 | consensus=1 heal=0 | acc=10.00% | byz_w=['0.050', '0.108', '0.061']
[003] trust_only | atk=None | V1=0 V2=0 | consensus=1 heal=0 | acc=12.00% | byz_w=['0.061', '0.129', '0.055']
[004] trust_only | atk=None | V1=0 V2=0 | consensus=1 heal=0 | acc=17.24% | byz_w=['0.059', '0.139', '0.053']
[005] trust_only | atk=  A3 | V1=0 V2=0 | consensus=1 heal=0 | acc=18.24% | byz_w=['0.054', '0.141', '0.050']
[006] trust_only | atk=  A2 | V1=0 V2=0 | consensus=1 heal=0 | acc=17.22% | byz_w=['0.055', '0.145', '0.047']
[007] trust_only | atk=None | V1=0 V2=0 | consensus=1 heal=0 | acc=22.93% | byz_w=['0.050', '0.138', '0.041']
[008] trust_only | atk=  A3 | V1=0 V2=0 | consensus=1 heal=0 | acc=19.45% | byz_w=['0.043', '0.126', '0.040']
[009] trust_only | atk=  A2 | V1=0 V2=0 | consensus=1 heal=0 | acc=20.43% | byz_w=['0.038', '0.112', '0.033']
[010] trust_only | atk=  A3 | V1=0 V2=0 | consensus=1 heal=0 | acc=19.55% | byz_w=['0.027', '0.086', '0.028']
[011] trust_only | atk=  A2 | V1=0 V2=0 | consensus=1 heal=0 | acc=21.35% | byz_w=['0.018', '0.060', '0.018']
[012] trust_only | atk=None | V1=0 V2=0 | consensus=1 heal=0 | acc=34.30% | byz_w=['0.012', '0.040', '0.011']
[013] trust_only | atk=None | V1=0 V2=0 | consensus=1 heal=0 | acc=30.90% | byz_w=['0.020', '0.094', '0.061']
[014] trust_only | atk=  A1 | V1=0 V2=0 | consensus=1 heal=0 | acc=20.92% | byz_w=['0.040', '0.093', '0.062']
[015] trust_only | atk=  A1 | V1=0 V2=0 | consensus=1 heal=0 | acc=19.90% | byz_w=['0.019', '0.043', '0.028']
[016] trust_only | atk=None | V1=0 V2=0 | consensus=1 heal=0 | acc=38.84% | byz_w=['0.009', '0.019', '0.012']
[017] trust_only | atk=  A3 | V1=0 V2=0 | consensus=1 heal=0 | acc=19.97% | byz_w=['0.031', '0.102', '0.094']
[018] trust_only | atk=  A2 | V1=0 V2=0 | consensus=1 heal=0 | acc=28.09% | byz_w=['0.016', '0.045', '0.040']
[019] trust_only | atk=None | V1=0 V2=0 | consensus=1 heal=0 | acc=41.94% | byz_w=['0.009', '0.024', '0.018']
[020] trust_only | atk=  A1 | V1=0 V2=0 | consensus=1 heal=0 | acc=20.40% | byz_w=['0.033', '0.099', '0.054']
[021] trust_only | atk=None | V1=0 V2=0 | consensus=1 heal=0 | acc=43.63% | byz_w=['0.021', '0.043', '0.024']
[022] trust_only | atk=None | V1=0 V2=0 | consensus=1 heal=0 | acc=42.62% | byz_w=['0.034', '0.090', '0.072']
[023] trust_only | atk=  A3 | V1=0 V2=0 | consensus=1 heal=0 | acc=23.43% | byz_w=['0.048', '0.083', '0.060']
[024] trust_only | atk=  A3 | V1=0 V2=0 | consensus=1 heal=0 | acc=20.88% | byz_w=['0.022', '0.036', '0.026']
[025] trust_only | atk=None | V1=0 V2=0 | consensus=1 heal=0 | acc=44.56% | byz_w=['0.011', '0.016', '0.011']
[026] trust_only | atk=  A2 | V1=0 V2=0 | consensus=1 heal=0 | acc=23.96% | byz_w=['0.048', '0.081', '0.073']
[027] trust_only | atk=None | V1=0 V2=0 | consensus=1 heal=0 | acc=51.19% | byz_w=['0.029', '0.039', '0.032']
[028] trust_only | atk=  A2 | V1=0 V2=0 | consensus=1 heal=0 | acc=27.68% | byz_w=['0.041', '0.104', '0.076']
[029] trust_only | atk=  A1 | V1=0 V2=0 | consensus=1 heal=0 | acc=25.22% | byz_w=['0.022', '0.045', '0.033']
[030] trust_only | atk=  A3 | V1=0 V2=0 | consensus=1 heal=0 | acc=21.29% | byz_w=['0.012', '0.020', '0.014']
[031] trust_only | atk=None | V1=0 V2=0 | consensus=1 heal=0 | acc=51.82% | byz_w=['0.008', '0.008', '0.007']
[032] trust_only | atk=  A3 | V1=0 V2=0 | consensus=1 heal=0 | acc=23.05% | byz_w=['0.042', '0.081', '0.102']
[033] trust_only | atk=  A3 | V1=0 V2=0 | consensus=1 heal=0 | acc=22.79% | byz_w=['0.030', '0.038', '0.045']
[034] trust_only | atk=  A2 | V1=0 V2=0 | consensus=1 heal=0 | acc=44.70% | byz_w=['0.015', '0.017', '0.020']
[035] trust_only | atk=  A3 | V1=0 V2=0 | consensus=1 heal=0 | acc=23.20% | byz_w=['0.009', '0.009', '0.010']
[036] trust_only | atk=  A3 | V1=0 V2=0 | consensus=1 heal=0 | acc=20.23% | byz_w=['0.006', '0.005', '0.006']
[037] trust_only | atk=None | V1=0 V2=0 | consensus=1 heal=0 | acc=52.27% | byz_w=['0.005', '0.003', '0.003']
[038] trust_only | atk=None | V1=0 V2=0 | consensus=1 heal=0 | acc=48.81% | byz_w=['0.038', '0.073', '0.086']
[039] trust_only | atk=  A1 | V1=0 V2=0 | consensus=1 heal=0 | acc=27.42% | byz_w=['0.044', '0.077', '0.063']
[040] trust_only | atk=None | V1=0 V2=0 | consensus=1 heal=0 | acc=57.19% | byz_w=['0.021', '0.034', '0.029']
[041] trust_only | atk=  A2 | V1=0 V2=0 | consensus=1 heal=0 | acc=30.95% | byz_w=['0.058', '0.087', '0.063']
[042] trust_only | atk=None | V1=0 V2=0 | consensus=1 heal=0 | acc=55.47% | byz_w=['0.033', '0.040', '0.030']
[043] trust_only | atk=None | V1=0 V2=0 | consensus=1 heal=0 | acc=50.38% | byz_w=['0.053', '0.094', '0.095']
[044] trust_only | atk=  A1 | V1=0 V2=0 | consensus=1 heal=0 | acc=27.31% | byz_w=['0.061', '0.085', '0.065']
[045] trust_only | atk=None | V1=0 V2=0 | consensus=1 heal=0 | acc=57.72% | byz_w=['0.033', '0.037', '0.029']
[046] trust_only | atk=  A3 | V1=0 V2=0 | consensus=1 heal=0 | acc=26.29% | byz_w=['0.052', '0.097', '0.088']
[047] trust_only | atk=  A3 | V1=0 V2=0 | consensus=1 heal=0 | acc=25.29% | byz_w=['0.031', '0.044', '0.041']
[048] trust_only | atk=  A2 | V1=0 V2=0 | consensus=1 heal=0 | acc=52.70% | byz_w=['0.017', '0.021', '0.019']
[049] trust_only | atk=None | V1=0 V2=0 | consensus=1 heal=0 | acc=58.44% | byz_w=['0.012', '0.013', '0.011']
[050] trust_only | atk=  A3 | V1=0 V2=0 | consensus=1 heal=0 | acc=27.80% | byz_w=['0.063', '0.091', '0.090']
[051] trust_only | atk=None | V1=0 V2=0 | consensus=1 heal=0 | acc=55.77% | byz_w=['0.033', '0.041', '0.041']
[052] trust_only | atk=None | V1=0 V2=0 | consensus=1 heal=0 | acc=59.79% | byz_w=['0.043', '0.068', '0.064']
[053] trust_only | atk=  A1 | V1=0 V2=0 | consensus=1 heal=0 | acc=29.77% | byz_w=['0.064', '0.099', '0.061']
[054] trust_only | atk=  A3 | V1=0 V2=0 | consensus=1 heal=0 | acc=25.27% | byz_w=['0.033', '0.044', '0.028']
[055] trust_only | atk=  A3 | V1=0 V2=0 | consensus=1 heal=0 | acc=21.64% | byz_w=['0.018', '0.020', '0.016']
[056] trust_only | atk=None | V1=0 V2=0 | consensus=1 heal=0 | acc=56.87% | byz_w=['0.012', '0.011', '0.010']
[057] trust_only | atk=  A3 | V1=0 V2=0 | consensus=1 heal=0 | acc=25.73% | byz_w=['0.041', '0.071', '0.082']
[058] trust_only | atk=  A2 | V1=0 V2=0 | consensus=1 heal=0 | acc=51.10% | byz_w=['0.030', '0.034', '0.040']
[059] trust_only | atk=None | V1=0 V2=0 | consensus=1 heal=0 | acc=59.59% | byz_w=['0.020', '0.021', '0.022']
[060] trust_only | atk=  A3 | V1=0 V2=0 | consensus=1 heal=0 | acc=26.18% | byz_w=['0.050', '0.089', '0.081']
[061] trust_only | atk=  A2 | V1=0 V2=0 | consensus=1 heal=0 | acc=52.62% | byz_w=['0.028', '0.042', '0.039']
[062] trust_only | atk=None | V1=0 V2=0 | consensus=1 heal=0 | acc=59.32% | byz_w=['0.017', '0.025', '0.022']
[063] trust_only | atk=  A3 | V1=0 V2=0 | consensus=1 heal=0 | acc=27.58% | byz_w=['0.057', '0.087', '0.070']
[064] trust_only | atk=  A3 | V1=0 V2=0 | consensus=1 heal=0 | acc=24.09% | byz_w=['0.032', '0.041', '0.034']
[065] trust_only | atk=  A1 | V1=0 V2=0 | consensus=1 heal=0 | acc=26.06% | byz_w=['0.017', '0.020', '0.019']
[066] trust_only | atk=  A2 | V1=0 V2=0 | consensus=1 heal=0 | acc=58.46% | byz_w=['0.010', '0.011', '0.011']
[067] trust_only | atk=None | V1=0 V2=0 | consensus=1 heal=0 | acc=59.20% | byz_w=['0.010', '0.012', '0.010']
[068] trust_only | atk=  A2 | V1=0 V2=0 | consensus=1 heal=0 | acc=33.64% | byz_w=['0.043', '0.092', '0.076']
[069] trust_only | atk=None | V1=0 V2=0 | consensus=1 heal=0 | acc=57.61% | byz_w=['0.030', '0.045', '0.039']
[070] trust_only | atk=None | V1=0 V2=0 | consensus=1 heal=0 | acc=62.60% | byz_w=['0.054', '0.089', '0.064']
[071] trust_only | atk=None | V1=0 V2=0 | consensus=1 heal=0 | acc=63.12% | byz_w=['0.060', '0.094', '0.055']
[072] trust_only | atk=  A3 | V1=0 V2=0 | consensus=1 heal=0 | acc=28.13% | byz_w=['0.066', '0.102', '0.055']
[073] trust_only | atk=None | V1=0 V2=0 | consensus=1 heal=0 | acc=58.85% | byz_w=['0.034', '0.046', '0.027']
[074] trust_only | atk=  A2 | V1=0 V2=0 | consensus=1 heal=0 | acc=34.15% | byz_w=['0.051', '0.093', '0.067']
[075] trust_only | atk=  A3 | V1=0 V2=0 | consensus=1 heal=0 | acc=28.84% | byz_w=['0.037', '0.046', '0.035']
[076] trust_only | atk=  A3 | V1=0 V2=0 | consensus=1 heal=0 | acc=23.18% | byz_w=['0.022', '0.024', '0.020']
[077] trust_only | atk=None | V1=0 V2=0 | consensus=1 heal=0 | acc=57.24% | byz_w=['0.013', '0.012', '0.013']
[078] trust_only | atk=  A2 | V1=0 V2=0 | consensus=1 heal=0 | acc=34.90% | byz_w=['0.041', '0.084', '0.090']
[079] trust_only | atk=None | V1=0 V2=0 | consensus=1 heal=0 | acc=58.80% | byz_w=['0.032', '0.042', '0.044']
[080] trust_only | atk=  A2 | V1=0 V2=0 | consensus=1 heal=0 | acc=33.50% | byz_w=['0.055', '0.091', '0.065']
[081] trust_only | atk=None | V1=0 V2=0 | consensus=1 heal=0 | acc=60.13% | byz_w=['0.036', '0.045', '0.035']
[082] trust_only | atk=  A3 | V1=0 V2=0 | consensus=1 heal=0 | acc=29.30% | byz_w=['0.053', '0.093', '0.071']
[083] trust_only | atk=  A3 | V1=0 V2=0 | consensus=1 heal=0 | acc=24.51% | byz_w=['0.036', '0.048', '0.039']
[084] trust_only | atk=  A1 | V1=0 V2=0 | consensus=1 heal=0 | acc=22.11% | byz_w=['0.020', '0.025', '0.021']
[085] trust_only | atk=None | V1=0 V2=0 | consensus=1 heal=0 | acc=59.14% | byz_w=['0.013', '0.014', '0.014']
[086] trust_only | atk=None | V1=0 V2=0 | consensus=1 heal=0 | acc=60.51% | byz_w=['0.045', '0.085', '0.074']
[087] trust_only | atk=  A1 | V1=0 V2=0 | consensus=1 heal=0 | acc=31.04% | byz_w=['0.070', '0.096', '0.064']
[088] trust_only | atk=  A1 | V1=0 V2=0 | consensus=1 heal=0 | acc=30.96% | byz_w=['0.037', '0.045', '0.035']
[089] trust_only | atk=  A2 | V1=0 V2=0 | consensus=1 heal=0 | acc=52.51% | byz_w=['0.023', '0.023', '0.019']
[090] trust_only | atk=None | V1=0 V2=0 | consensus=1 heal=0 | acc=59.90% | byz_w=['0.021', '0.019', '0.015']
[091] trust_only | atk=None | V1=0 V2=0 | consensus=1 heal=0 | acc=60.08% | byz_w=['0.057', '0.095', '0.078']
[092] trust_only | atk=  A2 | V1=0 V2=0 | consensus=1 heal=0 | acc=35.64% | byz_w=['0.062', '0.093', '0.061']
[093] trust_only | atk=  A3 | V1=0 V2=0 | consensus=1 heal=0 | acc=24.05% | byz_w=['0.037', '0.052', '0.036']
[094] trust_only | atk=None | V1=0 V2=0 | consensus=1 heal=0 | acc=58.86% | byz_w=['0.021', '0.026', '0.020']
[095] trust_only | atk=None | V1=0 V2=0 | consensus=1 heal=0 | acc=59.60% | byz_w=['0.049', '0.090', '0.089']
[096] trust_only | atk=None | V1=0 V2=0 | consensus=1 heal=0 | acc=63.99% | byz_w=['0.064', '0.081', '0.067']
[097] trust_only | atk=  A2 | V1=0 V2=0 | consensus=1 heal=0 | acc=36.17% | byz_w=['0.066', '0.099', '0.063']
[098] trust_only | atk=  A3 | V1=0 V2=0 | consensus=1 heal=0 | acc=23.71% | byz_w=['0.044', '0.053', '0.037']
[099] trust_only | atk=  A2 | V1=0 V2=0 | consensus=1 heal=0 | acc=57.89% | byz_w=['0.024', '0.028', '0.022']
[100] trust_only | atk=  A2 | V1=0 V2=0 | consensus=1 heal=0 | acc=43.94% | byz_w=['0.020', '0.024', '0.017']
[101] trust_only | atk=  A3 | V1=0 V2=0 | consensus=1 heal=0 | acc=21.37% | byz_w=['0.017', '0.018', '0.017']
[102] trust_only | atk=None | V1=0 V2=0 | consensus=1 heal=0 | acc=58.39% | byz_w=['0.013', '0.011', '0.012']
[103] trust_only | atk=  A3 | V1=0 V2=0 | consensus=1 heal=0 | acc=26.80% | byz_w=['0.047', '0.094', '0.093']
[104] trust_only | atk=  A2 | V1=0 V2=0 | consensus=1 heal=0 | acc=54.81% | byz_w=['0.034', '0.049', '0.049']
[105] trust_only | atk=  A3 | V1=0 V2=0 | consensus=1 heal=0 | acc=28.27% | byz_w=['0.023', '0.030', '0.028']
[106] trust_only | atk=None | V1=0 V2=0 | consensus=1 heal=0 | acc=58.85% | byz_w=['0.016', '0.017', '0.018']
[107] trust_only | atk=None | V1=0 V2=0 | consensus=1 heal=0 | acc=59.55% | byz_w=['0.051', '0.081', '0.082']
[108] trust_only | atk=None | V1=0 V2=0 | consensus=1 heal=0 | acc=64.13% | byz_w=['0.061', '0.086', '0.061']
[109] trust_only | atk=  A2 | V1=0 V2=0 | consensus=1 heal=0 | acc=35.84% | byz_w=['0.070', '0.099', '0.053']
[110] trust_only | atk=  A2 | V1=0 V2=0 | consensus=1 heal=0 | acc=57.88% | byz_w=['0.043', '0.054', '0.037']
[111] trust_only | atk=  A1 | V1=0 V2=0 | consensus=1 heal=0 | acc=28.21% | byz_w=['0.032', '0.034', '0.022']
[112] trust_only | atk=None | V1=0 V2=0 | consensus=1 heal=0 | acc=60.00% | byz_w=['0.019', '0.019', '0.017']
[113] trust_only | atk=  A2 | V1=0 V2=0 | consensus=1 heal=0 | acc=33.24% | byz_w=['0.054', '0.084', '0.078']
[114] trust_only | atk=None | V1=0 V2=0 | consensus=1 heal=0 | acc=60.11% | byz_w=['0.039', '0.047', '0.044']
[115] trust_only | atk=None | V1=0 V2=0 | consensus=1 heal=0 | acc=61.57% | byz_w=['0.052', '0.100', '0.081']
[116] trust_only | atk=  A3 | V1=0 V2=0 | consensus=1 heal=0 | acc=30.82% | byz_w=['0.058', '0.082', '0.058']
[117] trust_only | atk=  A2 | V1=0 V2=0 | consensus=1 heal=0 | acc=58.09% | byz_w=['0.034', '0.041', '0.033']
[118] trust_only | atk=  A1 | V1=0 V2=0 | consensus=1 heal=0 | acc=29.41% | byz_w=['0.025', '0.029', '0.022']
[119] trust_only | atk=None | V1=0 V2=0 | consensus=1 heal=0 | acc=59.45% | byz_w=['0.020', '0.017', '0.016']
[120] trust_only | atk=  A2 | V1=0 V2=0 | consensus=1 heal=0 | acc=31.35% | byz_w=['0.050', '0.092', '0.087']
[121] trust_only | atk=  A1 | V1=0 V2=0 | consensus=1 heal=0 | acc=32.37% | byz_w=['0.040', '0.050', '0.046']
[122] trust_only | atk=None | V1=0 V2=0 | consensus=1 heal=0 | acc=60.49% | byz_w=['0.024', '0.027', '0.026']
[123] trust_only | atk=  A3 | V1=0 V2=0 | consensus=1 heal=0 | acc=29.76% | byz_w=['0.050', '0.086', '0.073']
[124] trust_only | atk=  A1 | V1=0 V2=0 | consensus=1 heal=0 | acc=24.36% | byz_w=['0.032', '0.043', '0.038']
[125] trust_only | atk=None | V1=0 V2=0 | consensus=1 heal=0 | acc=60.35% | byz_w=['0.020', '0.026', '0.023']
[126] trust_only | atk=None | V1=0 V2=0 | consensus=1 heal=0 | acc=63.93% | byz_w=['0.051', '0.089', '0.071']
[127] trust_only | atk=  A1 | V1=0 V2=0 | consensus=1 heal=0 | acc=32.24% | byz_w=['0.063', '0.089', '0.059']
[128] trust_only | atk=  A3 | V1=0 V2=0 | consensus=1 heal=0 | acc=23.84% | byz_w=['0.037', '0.047', '0.035']
[129] trust_only | atk=  A3 | V1=0 V2=0 | consensus=1 heal=0 | acc=22.14% | byz_w=['0.022', '0.024', '0.022']
[130] trust_only | atk=None | V1=0 V2=0 | consensus=1 heal=0 | acc=57.30% | byz_w=['0.016', '0.015', '0.016']
[131] trust_only | atk=  A1 | V1=0 V2=0 | consensus=1 heal=0 | acc=28.35% | byz_w=['0.042', '0.075', '0.077']
[132] trust_only | atk=  A1 | V1=0 V2=0 | consensus=1 heal=0 | acc=27.43% | byz_w=['0.029', '0.043', '0.046']
[133] trust_only | atk=  A3 | V1=0 V2=0 | consensus=1 heal=0 | acc=27.31% | byz_w=['0.018', '0.024', '0.027']
[134] trust_only | atk=None | V1=0 V2=0 | consensus=1 heal=0 | acc=57.31% | byz_w=['0.015', '0.015', '0.017']
[135] trust_only | atk=  A2 | V1=0 V2=0 | consensus=1 heal=0 | acc=34.64% | byz_w=['0.036', '0.074', '0.068']
[136] trust_only | atk=  A3 | V1=0 V2=0 | consensus=1 heal=0 | acc=28.11% | byz_w=['0.029', '0.043', '0.042']
[137] trust_only | atk=  A3 | V1=0 V2=0 | consensus=1 heal=0 | acc=23.35% | byz_w=['0.021', '0.025', '0.024']
[138] trust_only | atk=None | V1=0 V2=0 | consensus=1 heal=0 | acc=57.69% | byz_w=['0.014', '0.016', '0.019']
[139] trust_only | atk=None | V1=0 V2=0 | consensus=1 heal=0 | acc=59.52% | byz_w=['0.038', '0.067', '0.085']
[140] trust_only | atk=None | V1=0 V2=0 | consensus=1 heal=0 | acc=66.20% | byz_w=['0.054', '0.083', '0.068']
[141] trust_only | atk=None | V1=0 V2=0 | consensus=1 heal=0 | acc=65.63% | byz_w=['0.070', '0.099', '0.063']
[142] trust_only | atk=  A2 | V1=0 V2=0 | consensus=1 heal=0 | acc=37.74% | byz_w=['0.064', '0.098', '0.068']
[143] trust_only | atk=  A3 | V1=0 V2=0 | consensus=1 heal=0 | acc=27.46% | byz_w=['0.040', '0.049', '0.036']
[144] trust_only | atk=  A3 | V1=0 V2=0 | consensus=1 heal=0 | acc=22.15% | byz_w=['0.023', '0.027', '0.022']
[145] trust_only | atk=  A1 | V1=0 V2=0 | consensus=1 heal=0 | acc=22.85% | byz_w=['0.016', '0.015', '0.018']
[146] trust_only | atk=None | V1=0 V2=0 | consensus=1 heal=0 | acc=60.16% | byz_w=['0.012', '0.011', '0.013']
[147] trust_only | atk=None | V1=0 V2=0 | consensus=1 heal=0 | acc=58.28% | byz_w=['0.045', '0.084', '0.091']
[148] trust_only | atk=  A3 | V1=0 V2=0 | consensus=1 heal=0 | acc=29.88% | byz_w=['0.057', '0.082', '0.073']
[149] trust_only | atk=None | V1=0 V2=0 | consensus=1 heal=0 | acc=60.20% | byz_w=['0.034', '0.041', '0.037']
[150] trust_only | atk=  A2 | V1=0 V2=0 | consensus=1 heal=0 | acc=35.94% | byz_w=['0.044', '0.082', '0.067']
[151] trust_only | atk=None | V1=0 V2=0 | consensus=1 heal=0 | acc=63.47% | byz_w=['0.032', '0.049', '0.040']
[152] trust_only | atk=None | V1=0 V2=0 | consensus=1 heal=0 | acc=62.91% | byz_w=['0.060', '0.090', '0.073']
[153] trust_only | atk=  A1 | V1=0 V2=0 | consensus=1 heal=0 | acc=32.00% | byz_w=['0.065', '0.091', '0.061']
[154] trust_only | atk=  A1 | V1=0 V2=0 | consensus=1 heal=0 | acc=29.18% | byz_w=['0.036', '0.047', '0.035']
[155] trust_only | atk=  A1 | V1=0 V2=0 | consensus=1 heal=0 | acc=25.64% | byz_w=['0.023', '0.026', '0.023']
[156] trust_only | atk=  A1 | V1=0 V2=0 | consensus=1 heal=0 | acc=24.07% | byz_w=['0.016', '0.017', '0.017']
[157] trust_only | atk=None | V1=0 V2=0 | consensus=1 heal=0 | acc=60.04% | byz_w=['0.014', '0.013', '0.012']
[158] trust_only | atk=  A2 | V1=0 V2=0 | consensus=1 heal=0 | acc=35.17% | byz_w=['0.048', '0.075', '0.089']
[159] trust_only | atk=None | V1=0 V2=0 | consensus=1 heal=0 | acc=64.35% | byz_w=['0.034', '0.044', '0.048']
[160] trust_only | atk=  A3 | V1=0 V2=0 | consensus=1 heal=0 | acc=30.30% | byz_w=['0.056', '0.077', '0.061']
[161] trust_only | atk=  A3 | V1=0 V2=0 | consensus=1 heal=0 | acc=25.89% | byz_w=['0.035', '0.041', '0.035']
[162] trust_only | atk=  A1 | V1=0 V2=0 | consensus=1 heal=0 | acc=23.05% | byz_w=['0.020', '0.023', '0.023']
[163] trust_only | atk=  A2 | V1=0 V2=0 | consensus=1 heal=0 | acc=58.99% | byz_w=['0.014', '0.014', '0.015']
[164] trust_only | atk=None | V1=0 V2=0 | consensus=1 heal=0 | acc=60.17% | byz_w=['0.016', '0.022', '0.014']
[165] trust_only | atk=None | V1=0 V2=0 | consensus=1 heal=0 | acc=65.64% | byz_w=['0.055', '0.083', '0.056']
[166] trust_only | atk=  A3 | V1=0 V2=0 | consensus=1 heal=0 | acc=29.38% | byz_w=['0.059', '0.093', '0.057']
[167] trust_only | atk=  A1 | V1=0 V2=0 | consensus=1 heal=0 | acc=23.59% | byz_w=['0.035', '0.045', '0.033']
[168] trust_only | atk=None | V1=0 V2=0 | consensus=1 heal=0 | acc=60.94% | byz_w=['0.020', '0.025', '0.023']
[169] trust_only | atk=None | V1=0 V2=0 | consensus=1 heal=0 | acc=66.13% | byz_w=['0.042', '0.084', '0.061']
[170] trust_only | atk=  A2 | V1=0 V2=0 | consensus=1 heal=0 | acc=38.67% | byz_w=['0.059', '0.096', '0.065']
[171] trust_only | atk=  A1 | V1=0 V2=0 | consensus=1 heal=0 | acc=29.18% | byz_w=['0.037', '0.053', '0.040']
[172] trust_only | atk=None | V1=0 V2=0 | consensus=1 heal=0 | acc=61.34% | byz_w=['0.023', '0.031', '0.028']
[173] trust_only | atk=None | V1=0 V2=0 | consensus=1 heal=0 | acc=62.44% | byz_w=['0.051', '0.082', '0.083']
[174] trust_only | atk=  A3 | V1=0 V2=0 | consensus=1 heal=0 | acc=27.27% | byz_w=['0.065', '0.093', '0.060']
[175] trust_only | atk=  A3 | V1=0 V2=0 | consensus=1 heal=0 | acc=25.03% | byz_w=['0.039', '0.050', '0.038']
[176] trust_only | atk=  A1 | V1=0 V2=0 | consensus=1 heal=0 | acc=22.47% | byz_w=['0.024', '0.027', '0.022']
[177] trust_only | atk=None | V1=0 V2=0 | consensus=1 heal=0 | acc=59.45% | byz_w=['0.016', '0.016', '0.016']
[178] trust_only | atk=  A3 | V1=0 V2=0 | consensus=1 heal=0 | acc=28.85% | byz_w=['0.053', '0.083', '0.079']
[179] trust_only | atk=  A3 | V1=0 V2=0 | consensus=1 heal=0 | acc=23.04% | byz_w=['0.034', '0.044', '0.043']
[180] trust_only | atk=None | V1=0 V2=0 | consensus=1 heal=0 | acc=58.77% | byz_w=['0.022', '0.025', '0.027']
[181] trust_only | atk=None | V1=0 V2=0 | consensus=1 heal=0 | acc=62.18% | byz_w=['0.042', '0.084', '0.077']
[182] trust_only | atk=  A1 | V1=0 V2=0 | consensus=1 heal=0 | acc=33.04% | byz_w=['0.060', '0.078', '0.061']
[183] trust_only | atk=None | V1=0 V2=0 | consensus=1 heal=0 | acc=58.10% | byz_w=['0.035', '0.043', '0.040']
[184] trust_only | atk=  A3 | V1=0 V2=0 | consensus=1 heal=0 | acc=28.63% | byz_w=['0.052', '0.077', '0.059']
[185] trust_only | atk=  A2 | V1=0 V2=0 | consensus=1 heal=0 | acc=51.12% | byz_w=['0.033', '0.042', '0.036']
[186] trust_only | atk=  A1 | V1=0 V2=0 | consensus=1 heal=0 | acc=29.39% | byz_w=['0.023', '0.029', '0.026']
[187] trust_only | atk=  A3 | V1=0 V2=0 | consensus=1 heal=0 | acc=21.13% | byz_w=['0.016', '0.018', '0.018']
[188] trust_only | atk=None | V1=0 V2=0 | consensus=1 heal=0 | acc=59.10% | byz_w=['0.012', '0.013', '0.013']
[189] trust_only | atk=None | V1=0 V2=0 | consensus=1 heal=0 | acc=62.58% | byz_w=['0.040', '0.080', '0.093']
[190] trust_only | atk=  A3 | V1=0 V2=0 | consensus=1 heal=0 | acc=27.11% | byz_w=['0.067', '0.076', '0.069']
[191] trust_only | atk=  A1 | V1=0 V2=0 | consensus=1 heal=0 | acc=29.29% | byz_w=['0.043', '0.042', '0.039']
[192] trust_only | atk=None | V1=0 V2=0 | consensus=1 heal=0 | acc=59.95% | byz_w=['0.026', '0.026', '0.024']
[193] trust_only | atk=  A3 | V1=0 V2=0 | consensus=1 heal=0 | acc=28.51% | byz_w=['0.047', '0.082', '0.071']
[194] trust_only | atk=  A2 | V1=0 V2=0 | consensus=1 heal=0 | acc=55.81% | byz_w=['0.035', '0.046', '0.044']
[195] trust_only | atk=  A3 | V1=0 V2=0 | consensus=1 heal=0 | acc=27.24% | byz_w=['0.024', '0.035', '0.030']
[196] trust_only | atk=  A2 | V1=0 V2=0 | consensus=1 heal=0 | acc=60.14% | byz_w=['0.018', '0.021', '0.019']
[197] trust_only | atk=None | V1=0 V2=0 | consensus=1 heal=0 | acc=60.97% | byz_w=['0.017', '0.021', '0.019']
[198] trust_only | atk=  A3 | V1=0 V2=0 | consensus=1 heal=0 | acc=29.89% | byz_w=['0.051', '0.078', '0.068']
[199] trust_only | atk=None | V1=0 V2=0 | consensus=1 heal=0 | acc=56.91% | byz_w=['0.036', '0.041', '0.039']
[200] trust_only | atk=None | V1=0 V2=0 | consensus=1 heal=0 | acc=62.91% | byz_w=['0.035', '0.079', '0.067']

============================================================
=== V1 Only (Score Aud) ===
[001] v1_only    | atk=None | V1=0 V2=0 | consensus=1 heal=0 | acc=9.81% | byz_w=['0.028', '0.102', '0.042']
[002] v1_only    | atk=  A3 | V1=1 V2=0 | consensus=0 heal=1V1 | acc=10.08% | byz_w=['0.058', '0.114', '0.061']
[003] v1_only    | atk=None | V1=0 V2=0 | consensus=1 heal=0 | acc=17.89% | byz_w=['0.061', '0.126', '0.052']
[004] v1_only    | atk=None | V1=0 V2=0 | consensus=1 heal=0 | acc=19.17% | byz_w=['0.056', '0.131', '0.048']
[005] v1_only    | atk=  A3 | V1=1 V2=0 | consensus=0 heal=1V1 | acc=22.60% | byz_w=['0.052', '0.132', '0.041']
[006] v1_only    | atk=  A2 | V1=1 V2=0 | consensus=0 heal=1V1 | acc=27.12% | byz_w=['0.044', '0.131', '0.038']
[007] v1_only    | atk=None | V1=0 V2=0 | consensus=1 heal=0 | acc=30.57% | byz_w=['0.040', '0.113', '0.034']
[008] v1_only    | atk=  A3 | V1=1 V2=0 | consensus=0 heal=1V1 | acc=33.16% | byz_w=['0.034', '0.105', '0.035']
[009] v1_only    | atk=  A2 | V1=0 V2=0 | consensus=1 heal=0 | acc=21.63% | byz_w=['0.037', '0.102', '0.035']
[010] v1_only    | atk=  A3 | V1=1 V2=0 | consensus=0 heal=1V1 | acc=40.83% | byz_w=['0.024', '0.066', '0.023']
[011] v1_only    | atk=  A2 | V1=1 V2=0 | consensus=0 heal=1V1 | acc=33.87% | byz_w=['0.033', '0.100', '0.047']
[012] v1_only    | atk=None | V1=0 V2=0 | consensus=1 heal=0 | acc=40.26% | byz_w=['0.055', '0.101', '0.040']
[013] v1_only    | atk=None | V1=0 V2=0 | consensus=1 heal=0 | acc=38.22% | byz_w=['0.056', '0.114', '0.047']
[014] v1_only    | atk=  A1 | V1=1 V2=0 | consensus=0 heal=1V1 | acc=43.44% | byz_w=['0.066', '0.098', '0.047']
[015] v1_only    | atk=  A1 | V1=1 V2=0 | consensus=0 heal=1V1 | acc=43.27% | byz_w=['0.063', '0.119', '0.076']
[016] v1_only    | atk=None | V1=0 V2=0 | consensus=1 heal=0 | acc=43.99% | byz_w=['0.062', '0.113', '0.060']
[017] v1_only    | atk=  A3 | V1=1 V2=0 | consensus=0 heal=1V1 | acc=47.97% | byz_w=['0.071', '0.105', '0.061']
[018] v1_only    | atk=  A2 | V1=1 V2=0 | consensus=0 heal=1V1 | acc=47.23% | byz_w=['0.062', '0.120', '0.073']
[019] v1_only    | atk=None | V1=0 V2=0 | consensus=1 heal=0 | acc=49.13% | byz_w=['0.063', '0.095', '0.062']
[020] v1_only    | atk=  A1 | V1=1 V2=0 | consensus=0 heal=1V1 | acc=51.28% | byz_w=['0.059', '0.110', '0.068']
[021] v1_only    | atk=None | V1=0 V2=0 | consensus=1 heal=0 | acc=49.71% | byz_w=['0.070', '0.113', '0.078']
[022] v1_only    | atk=None | V1=0 V2=0 | consensus=1 heal=0 | acc=54.20% | byz_w=['0.072', '0.098', '0.065']
[023] v1_only    | atk=  A3 | V1=1 V2=0 | consensus=0 heal=1V1 | acc=53.70% | byz_w=['0.066', '0.107', '0.078']
[024] v1_only    | atk=  A3 | V1=1 V2=0 | consensus=0 heal=1V1 | acc=54.26% | byz_w=['0.065', '0.106', '0.059']
[025] v1_only    | atk=None | V1=0 V2=0 | consensus=1 heal=0 | acc=55.21% | byz_w=['0.059', '0.116', '0.062']
[026] v1_only    | atk=  A2 | V1=0 V2=0 | consensus=1 heal=0 | acc=29.55% | byz_w=['0.066', '0.108', '0.063']
[027] v1_only    | atk=None | V1=0 V2=0 | consensus=1 heal=0 | acc=57.09% | byz_w=['0.035', '0.050', '0.031']
[028] v1_only    | atk=  A2 | V1=1 V2=0 | consensus=0 heal=1V1 | acc=44.46% | byz_w=['0.059', '0.118', '0.111']
[029] v1_only    | atk=  A1 | V1=1 V2=0 | consensus=0 heal=1V1 | acc=58.84% | byz_w=['0.073', '0.085', '0.070']
[030] v1_only    | atk=  A3 | V1=1 V2=0 | consensus=0 heal=1V1 | acc=56.48% | byz_w=['0.065', '0.109', '0.079']
[031] v1_only    | atk=None | V1=0 V2=0 | consensus=1 heal=0 | acc=58.40% | byz_w=['0.068', '0.099', '0.064']
[032] v1_only    | atk=  A3 | V1=1 V2=0 | consensus=0 heal=1V1 | acc=57.72% | byz_w=['0.072', '0.119', '0.075']
[033] v1_only    | atk=  A3 | V1=1 V2=0 | consensus=0 heal=1V1 | acc=59.26% | byz_w=['0.061', '0.105', '0.069']
[034] v1_only    | atk=  A2 | V1=1 V2=0 | consensus=0 heal=1V1 | acc=57.92% | byz_w=['0.076', '0.103', '0.070']
[035] v1_only    | atk=  A3 | V1=1 V2=0 | consensus=0 heal=1V1 | acc=59.75% | byz_w=['0.070', '0.100', '0.066']
[036] v1_only    | atk=  A3 | V1=1 V2=0 | consensus=0 heal=1V1 | acc=59.22% | byz_w=['0.066', '0.096', '0.069']
[037] v1_only    | atk=None | V1=0 V2=0 | consensus=1 heal=0 | acc=60.98% | byz_w=['0.070', '0.113', '0.064']
[038] v1_only    | atk=None | V1=0 V2=0 | consensus=1 heal=0 | acc=60.63% | byz_w=['0.077', '0.102', '0.071']
[039] v1_only    | atk=  A1 | V1=1 V2=0 | consensus=0 heal=1V1 | acc=61.12% | byz_w=['0.073', '0.104', '0.064']
[040] v1_only    | atk=None | V1=0 V2=0 | consensus=1 heal=0 | acc=61.37% | byz_w=['0.074', '0.107', '0.065']
[041] v1_only    | atk=  A2 | V1=0 V2=0 | consensus=1 heal=0 | acc=32.51% | byz_w=['0.071', '0.098', '0.060']
[042] v1_only    | atk=None | V1=0 V2=0 | consensus=1 heal=0 | acc=61.10% | byz_w=['0.041', '0.051', '0.034']
[043] v1_only    | atk=None | V1=0 V2=0 | consensus=1 heal=0 | acc=52.12% | byz_w=['0.073', '0.102', '0.102']
[044] v1_only    | atk=  A1 | V1=1 V2=0 | consensus=0 heal=1V1 | acc=63.19% | byz_w=['0.073', '0.095', '0.072']
[045] v1_only    | atk=None | V1=0 V2=0 | consensus=1 heal=0 | acc=58.54% | byz_w=['0.080', '0.108', '0.080']
[046] v1_only    | atk=  A3 | V1=1 V2=0 | consensus=0 heal=1V1 | acc=60.66% | byz_w=['0.066', '0.095', '0.066']
[047] v1_only    | atk=  A3 | V1=1 V2=0 | consensus=0 heal=1V1 | acc=61.89% | byz_w=['0.072', '0.104', '0.067']
[048] v1_only    | atk=  A2 | V1=1 V2=0 | consensus=0 heal=1V1 | acc=62.07% | byz_w=['0.074', '0.106', '0.060']
[049] v1_only    | atk=None | V1=0 V2=0 | consensus=1 heal=0 | acc=60.71% | byz_w=['0.078', '0.105', '0.061']
[050] v1_only    | atk=  A3 | V1=1 V2=0 | consensus=0 heal=1V1 | acc=63.77% | byz_w=['0.065', '0.101', '0.059']
[051] v1_only    | atk=None | V1=0 V2=0 | consensus=1 heal=0 | acc=61.76% | byz_w=['0.077', '0.106', '0.065']
[052] v1_only    | atk=None | V1=0 V2=0 | consensus=1 heal=0 | acc=63.68% | byz_w=['0.073', '0.104', '0.067']
[053] v1_only    | atk=  A1 | V1=1 V2=0 | consensus=0 heal=1V1 | acc=63.92% | byz_w=['0.076', '0.103', '0.056']
[054] v1_only    | atk=  A3 | V1=1 V2=0 | consensus=0 heal=1V1 | acc=62.13% | byz_w=['0.075', '0.107', '0.054']
[055] v1_only    | atk=  A3 | V1=1 V2=0 | consensus=0 heal=1V1 | acc=65.02% | byz_w=['0.074', '0.101', '0.058']
[056] v1_only    | atk=None | V1=0 V2=0 | consensus=1 heal=0 | acc=63.72% | byz_w=['0.069', '0.108', '0.073']
[057] v1_only    | atk=  A3 | V1=1 V2=0 | consensus=0 heal=1V1 | acc=65.54% | byz_w=['0.066', '0.094', '0.061']
[058] v1_only    | atk=  A2 | V1=1 V2=0 | consensus=0 heal=1V1 | acc=64.81% | byz_w=['0.070', '0.107', '0.066']
[059] v1_only    | atk=None | V1=0 V2=0 | consensus=1 heal=0 | acc=63.40% | byz_w=['0.071', '0.098', '0.070']
[060] v1_only    | atk=  A3 | V1=1 V2=0 | consensus=0 heal=1V1 | acc=64.50% | byz_w=['0.069', '0.096', '0.058']
[061] v1_only    | atk=  A2 | V1=1 V2=0 | consensus=0 heal=1V1 | acc=62.47% | byz_w=['0.071', '0.102', '0.062']
[062] v1_only    | atk=None | V1=0 V2=0 | consensus=1 heal=0 | acc=64.76% | byz_w=['0.070', '0.105', '0.064']
[063] v1_only    | atk=  A3 | V1=0 V2=0 | consensus=1 heal=0 | acc=31.71% | byz_w=['0.073', '0.100', '0.057']
[064] v1_only    | atk=  A3 | V1=1 V2=0 | consensus=0 heal=1V1 | acc=60.93% | byz_w=['0.040', '0.048', '0.031']
[065] v1_only    | atk=  A1 | V1=1 V2=0 | consensus=0 heal=1V1 | acc=65.69% | byz_w=['0.053', '0.096', '0.070']
[066] v1_only    | atk=  A2 | V1=1 V2=0 | consensus=0 heal=1V1 | acc=64.97% | byz_w=['0.065', '0.092', '0.058']
[067] v1_only    | atk=None | V1=0 V2=0 | consensus=1 heal=0 | acc=64.46% | byz_w=['0.075', '0.101', '0.054']
[068] v1_only    | atk=  A2 | V1=1 V2=0 | consensus=0 heal=1V1 | acc=66.42% | byz_w=['0.074', '0.101', '0.056']
[069] v1_only    | atk=None | V1=0 V2=0 | consensus=1 heal=0 | acc=64.33% | byz_w=['0.064', '0.104', '0.055']
[070] v1_only    | atk=None | V1=0 V2=0 | consensus=1 heal=0 | acc=63.42% | byz_w=['0.076', '0.105', '0.064']
[071] v1_only    | atk=None | V1=0 V2=0 | consensus=1 heal=0 | acc=64.81% | byz_w=['0.068', '0.104', '0.052']
[072] v1_only    | atk=  A3 | V1=1 V2=0 | consensus=0 heal=1V1 | acc=67.30% | byz_w=['0.071', '0.097', '0.052']
[073] v1_only    | atk=None | V1=0 V2=0 | consensus=1 heal=0 | acc=63.17% | byz_w=['0.075', '0.103', '0.068']
[074] v1_only    | atk=  A2 | V1=1 V2=0 | consensus=0 heal=1V1 | acc=67.64% | byz_w=['0.077', '0.100', '0.056']
[075] v1_only    | atk=  A3 | V1=1 V2=0 | consensus=0 heal=1V1 | acc=63.74% | byz_w=['0.067', '0.106', '0.056']
[076] v1_only    | atk=  A3 | V1=0 V2=0 | consensus=1 heal=0 | acc=29.37% | byz_w=['0.070', '0.103', '0.055']
[077] v1_only    | atk=None | V1=0 V2=0 | consensus=1 heal=0 | acc=60.70% | byz_w=['0.040', '0.050', '0.033']
[078] v1_only    | atk=  A2 | V1=1 V2=0 | consensus=0 heal=1V1 | acc=65.07% | byz_w=['0.048', '0.097', '0.064']
[079] v1_only    | atk=None | V1=0 V2=0 | consensus=1 heal=0 | acc=68.33% | byz_w=['0.061', '0.093', '0.059']
[080] v1_only    | atk=  A2 | V1=1 V2=0 | consensus=0 heal=1V1 | acc=67.44% | byz_w=['0.073', '0.107', '0.058']
[081] v1_only    | atk=None | V1=0 V2=0 | consensus=1 heal=0 | acc=65.65% | byz_w=['0.066', '0.094', '0.051']
[082] v1_only    | atk=  A3 | V1=1 V2=0 | consensus=0 heal=1V1 | acc=65.86% | byz_w=['0.070', '0.108', '0.062']
[083] v1_only    | atk=  A3 | V1=1 V2=0 | consensus=0 heal=1V1 | acc=68.70% | byz_w=['0.066', '0.100', '0.052']
[084] v1_only    | atk=  A1 | V1=0 V2=0 | consensus=1 heal=0 | acc=31.57% | byz_w=['0.070', '0.104', '0.056']
[085] v1_only    | atk=None | V1=0 V2=0 | consensus=1 heal=0 | acc=61.41% | byz_w=['0.041', '0.052', '0.033']
[086] v1_only    | atk=None | V1=0 V2=0 | consensus=1 heal=0 | acc=63.66% | byz_w=['0.058', '0.097', '0.086']
[087] v1_only    | atk=  A1 | V1=1 V2=0 | consensus=0 heal=1V1 | acc=67.77% | byz_w=['0.061', '0.091', '0.061']
[088] v1_only    | atk=  A1 | V1=0 V2=0 | consensus=1 heal=0 | acc=31.33% | byz_w=['0.070', '0.098', '0.059']
[089] v1_only    | atk=  A2 | V1=1 V2=0 | consensus=0 heal=1V1 | acc=60.71% | byz_w=['0.041', '0.049', '0.033']
[090] v1_only    | atk=None | V1=0 V2=0 | consensus=1 heal=0 | acc=64.32% | byz_w=['0.056', '0.089', '0.061']
[091] v1_only    | atk=None | V1=0 V2=0 | consensus=1 heal=0 | acc=66.14% | byz_w=['0.065', '0.096', '0.058']
[092] v1_only    | atk=  A2 | V1=1 V2=0 | consensus=0 heal=1V1 | acc=66.46% | byz_w=['0.062', '0.104', '0.066']
[093] v1_only    | atk=  A3 | V1=1 V2=0 | consensus=0 heal=1V1 | acc=67.32% | byz_w=['0.070', '0.097', '0.063']
[094] v1_only    | atk=None | V1=0 V2=0 | consensus=1 heal=0 | acc=66.29% | byz_w=['0.068', '0.104', '0.058']
[095] v1_only    | atk=None | V1=0 V2=0 | consensus=1 heal=0 | acc=66.37% | byz_w=['0.069', '0.099', '0.056']
[096] v1_only    | atk=None | V1=0 V2=0 | consensus=1 heal=0 | acc=65.11% | byz_w=['0.068', '0.117', '0.067']
[097] v1_only    | atk=  A2 | V1=1 V2=0 | consensus=0 heal=1V1 | acc=66.18% | byz_w=['0.075', '0.102', '0.056']
[098] v1_only    | atk=  A3 | V1=1 V2=0 | consensus=0 heal=1V1 | acc=67.50% | byz_w=['0.067', '0.110', '0.066']
[099] v1_only    | atk=  A2 | V1=0 V2=0 | consensus=1 heal=0 | acc=35.74% | byz_w=['0.068', '0.100', '0.069']
[100] v1_only    | atk=  A2 | V1=1 V2=0 | consensus=0 heal=1V1 | acc=65.65% | byz_w=['0.041', '0.055', '0.041']
[101] v1_only    | atk=  A3 | V1=1 V2=0 | consensus=0 heal=1V1 | acc=64.03% | byz_w=['0.061', '0.102', '0.086']
[102] v1_only    | atk=None | V1=0 V2=0 | consensus=1 heal=0 | acc=67.84% | byz_w=['0.066', '0.088', '0.064']
[103] v1_only    | atk=  A3 | V1=1 V2=0 | consensus=0 heal=1V1 | acc=64.80% | byz_w=['0.071', '0.101', '0.064']
[104] v1_only    | atk=  A2 | V1=1 V2=0 | consensus=0 heal=1V1 | acc=67.96% | byz_w=['0.060', '0.104', '0.062']
[105] v1_only    | atk=  A3 | V1=1 V2=0 | consensus=0 heal=1V1 | acc=67.20% | byz_w=['0.065', '0.103', '0.066']
[106] v1_only    | atk=None | V1=0 V2=0 | consensus=1 heal=0 | acc=66.26% | byz_w=['0.064', '0.109', '0.059']
[107] v1_only    | atk=None | V1=0 V2=0 | consensus=1 heal=0 | acc=66.36% | byz_w=['0.072', '0.106', '0.058']
[108] v1_only    | atk=None | V1=0 V2=0 | consensus=1 heal=0 | acc=66.23% | byz_w=['0.074', '0.105', '0.056']
[109] v1_only    | atk=  A2 | V1=1 V2=0 | consensus=0 heal=1V1 | acc=67.77% | byz_w=['0.069', '0.109', '0.060']
[110] v1_only    | atk=  A2 | V1=1 V2=0 | consensus=0 heal=1V1 | acc=66.55% | byz_w=['0.069', '0.101', '0.061']
[111] v1_only    | atk=  A1 | V1=1 V2=0 | consensus=0 heal=1V1 | acc=66.75% | byz_w=['0.069', '0.096', '0.072']
[112] v1_only    | atk=None | V1=0 V2=0 | consensus=1 heal=0 | acc=67.98% | byz_w=['0.067', '0.104', '0.069']
[113] v1_only    | atk=  A2 | V1=0 V2=0 | consensus=1 heal=0 | acc=35.80% | byz_w=['0.065', '0.101', '0.061']
[114] v1_only    | atk=None | V1=0 V2=0 | consensus=1 heal=0 | acc=64.49% | byz_w=['0.042', '0.054', '0.040']
[115] v1_only    | atk=None | V1=0 V2=0 | consensus=1 heal=0 | acc=64.54% | byz_w=['0.064', '0.100', '0.078']
[116] v1_only    | atk=  A3 | V1=1 V2=0 | consensus=0 heal=1V1 | acc=68.45% | byz_w=['0.065', '0.097', '0.061']
[117] v1_only    | atk=  A2 | V1=1 V2=0 | consensus=0 heal=1V1 | acc=67.79% | byz_w=['0.077', '0.111', '0.065']
[118] v1_only    | atk=  A1 | V1=0 V2=0 | consensus=1 heal=0 | acc=32.72% | byz_w=['0.069', '0.101', '0.060']
[119] v1_only    | atk=None | V1=0 V2=0 | consensus=1 heal=0 | acc=64.51% | byz_w=['0.041', '0.051', '0.035']
[120] v1_only    | atk=  A2 | V1=1 V2=0 | consensus=0 heal=1V1 | acc=65.84% | byz_w=['0.056', '0.087', '0.079']
[121] v1_only    | atk=  A1 | V1=0 V2=0 | consensus=1 heal=0 | acc=32.32% | byz_w=['0.065', '0.096', '0.064']
[122] v1_only    | atk=None | V1=0 V2=0 | consensus=1 heal=0 | acc=63.64% | byz_w=['0.037', '0.048', '0.037']
[123] v1_only    | atk=  A3 | V1=1 V2=0 | consensus=0 heal=1V1 | acc=63.81% | byz_w=['0.062', '0.095', '0.078']
[124] v1_only    | atk=  A1 | V1=0 V2=0 | consensus=1 heal=0 | acc=32.99% | byz_w=['0.065', '0.094', '0.064']
[125] v1_only    | atk=None | V1=0 V2=0 | consensus=1 heal=0 | acc=61.86% | byz_w=['0.039', '0.051', '0.041']
[126] v1_only    | atk=None | V1=0 V2=0 | consensus=1 heal=0 | acc=64.47% | byz_w=['0.051', '0.094', '0.087']
[127] v1_only    | atk=  A1 | V1=1 V2=0 | consensus=0 heal=1V1 | acc=67.94% | byz_w=['0.066', '0.089', '0.063']
[128] v1_only    | atk=  A3 | V1=1 V2=0 | consensus=0 heal=1V1 | acc=66.03% | byz_w=['0.066', '0.101', '0.058']
[129] v1_only    | atk=  A3 | V1=0 V2=0 | consensus=1 heal=0 | acc=28.17% | byz_w=['0.058', '0.097', '0.056']
[130] v1_only    | atk=None | V1=0 V2=0 | consensus=1 heal=0 | acc=62.06% | byz_w=['0.038', '0.050', '0.033']
[131] v1_only    | atk=  A1 | V1=1 V2=0 | consensus=0 heal=1V1 | acc=66.60% | byz_w=['0.054', '0.083', '0.068']
[132] v1_only    | atk=  A1 | V1=1 V2=0 | consensus=0 heal=1V1 | acc=67.29% | byz_w=['0.068', '0.090', '0.059']
[133] v1_only    | atk=  A3 | V1=1 V2=0 | consensus=0 heal=1V1 | acc=66.33% | byz_w=['0.061', '0.100', '0.051']
[134] v1_only    | atk=None | V1=0 V2=0 | consensus=1 heal=0 | acc=67.41% | byz_w=['0.071', '0.115', '0.062']
[135] v1_only    | atk=  A2 | V1=1 V2=0 | consensus=0 heal=1V1 | acc=67.60% | byz_w=['0.064', '0.104', '0.058']
[136] v1_only    | atk=  A3 | V1=1 V2=0 | consensus=0 heal=1V1 | acc=67.35% | byz_w=['0.064', '0.100', '0.047']
[137] v1_only    | atk=  A3 | V1=1 V2=0 | consensus=0 heal=1V1 | acc=66.54% | byz_w=['0.065', '0.102', '0.062']
[138] v1_only    | atk=None | V1=0 V2=0 | consensus=1 heal=0 | acc=68.51% | byz_w=['0.071', '0.100', '0.061']
[139] v1_only    | atk=None | V1=0 V2=0 | consensus=1 heal=0 | acc=67.21% | byz_w=['0.067', '0.099', '0.049']
[140] v1_only    | atk=None | V1=0 V2=0 | consensus=1 heal=0 | acc=68.79% | byz_w=['0.076', '0.111', '0.051']
[141] v1_only    | atk=None | V1=0 V2=0 | consensus=1 heal=0 | acc=67.10% | byz_w=['0.074', '0.108', '0.046']
[142] v1_only    | atk=  A2 | V1=0 V2=0 | consensus=1 heal=0 | acc=36.85% | byz_w=['0.062', '0.104', '0.057']
[143] v1_only    | atk=  A3 | V1=1 V2=0 | consensus=0 heal=1V1 | acc=64.47% | byz_w=['0.039', '0.057', '0.040']
[144] v1_only    | atk=  A3 | V1=1 V2=0 | consensus=0 heal=1V1 | acc=64.77% | byz_w=['0.061', '0.098', '0.075']
[145] v1_only    | atk=  A1 | V1=1 V2=0 | consensus=0 heal=1V1 | acc=67.94% | byz_w=['0.059', '0.094', '0.068']
[146] v1_only    | atk=None | V1=0 V2=0 | consensus=1 heal=0 | acc=63.91% | byz_w=['0.073', '0.102', '0.064']
[147] v1_only    | atk=None | V1=0 V2=0 | consensus=1 heal=0 | acc=68.38% | byz_w=['0.065', '0.096', '0.061']
[148] v1_only    | atk=  A3 | V1=1 V2=0 | consensus=0 heal=1V1 | acc=67.42% | byz_w=['0.077', '0.108', '0.069']
[149] v1_only    | atk=None | V1=0 V2=0 | consensus=1 heal=0 | acc=65.64% | byz_w=['0.070', '0.097', '0.061']
[150] v1_only    | atk=  A2 | V1=1 V2=0 | consensus=0 heal=1V1 | acc=68.85% | byz_w=['0.070', '0.107', '0.069']
[151] v1_only    | atk=None | V1=0 V2=0 | consensus=1 heal=0 | acc=67.08% | byz_w=['0.072', '0.098', '0.064']
[152] v1_only    | atk=None | V1=0 V2=0 | consensus=1 heal=0 | acc=68.52% | byz_w=['0.070', '0.098', '0.060']
[153] v1_only    | atk=  A1 | V1=0 V2=0 | consensus=1 heal=0 | acc=31.14% | byz_w=['0.063', '0.104', '0.061']
[154] v1_only    | atk=  A1 | V1=1 V2=0 | consensus=0 heal=1V1 | acc=63.61% | byz_w=['0.038', '0.053', '0.036']
[155] v1_only    | atk=  A1 | V1=1 V2=0 | consensus=0 heal=1V1 | acc=65.69% | byz_w=['0.060', '0.093', '0.070']
[156] v1_only    | atk=  A1 | V1=0 V2=0 | consensus=1 heal=0 | acc=30.22% | byz_w=['0.068', '0.091', '0.062']
[157] v1_only    | atk=None | V1=0 V2=0 | consensus=1 heal=0 | acc=64.78% | byz_w=['0.041', '0.049', '0.040']
[158] v1_only    | atk=  A2 | V1=0 V2=0 | consensus=1 heal=0 | acc=36.57% | byz_w=['0.056', '0.087', '0.063']
[159] v1_only    | atk=None | V1=0 V2=0 | consensus=1 heal=0 | acc=65.01% | byz_w=['0.039', '0.051', '0.043']
[160] v1_only    | atk=  A3 | V1=1 V2=0 | consensus=0 heal=1V1 | acc=66.79% | byz_w=['0.055', '0.100', '0.079']
[161] v1_only    | atk=  A3 | V1=1 V2=0 | consensus=0 heal=1V1 | acc=65.89% | byz_w=['0.068', '0.105', '0.070']
[162] v1_only    | atk=  A1 | V1=1 V2=0 | consensus=0 heal=1V1 | acc=65.99% | byz_w=['0.069', '0.103', '0.066']
[163] v1_only    | atk=  A2 | V1=1 V2=0 | consensus=0 heal=1V1 | acc=68.61% | byz_w=['0.065', '0.098', '0.062']
[164] v1_only    | atk=None | V1=0 V2=0 | consensus=1 heal=0 | acc=67.23% | byz_w=['0.068', '0.105', '0.066']
[165] v1_only    | atk=None | V1=0 V2=0 | consensus=1 heal=0 | acc=67.82% | byz_w=['0.068', '0.094', '0.061']
[166] v1_only    | atk=  A3 | V1=1 V2=0 | consensus=0 heal=1V1 | acc=65.69% | byz_w=['0.066', '0.101', '0.070']
[167] v1_only    | atk=  A1 | V1=1 V2=0 | consensus=0 heal=1V1 | acc=68.40% | byz_w=['0.066', '0.110', '0.073']
[168] v1_only    | atk=None | V1=0 V2=0 | consensus=1 heal=0 | acc=66.98% | byz_w=['0.065', '0.098', '0.066']
[169] v1_only    | atk=None | V1=0 V2=0 | consensus=1 heal=0 | acc=66.36% | byz_w=['0.067', '0.100', '0.075']
[170] v1_only    | atk=  A2 | V1=1 V2=0 | consensus=0 heal=1V1 | acc=66.32% | byz_w=['0.070', '0.096', '0.068']
[171] v1_only    | atk=  A1 | V1=0 V2=0 | consensus=1 heal=0 | acc=29.42% | byz_w=['0.079', '0.101', '0.068']
[172] v1_only    | atk=None | V1=0 V2=0 | consensus=1 heal=0 | acc=61.33% | byz_w=['0.044', '0.052', '0.039']
[173] v1_only    | atk=None | V1=0 V2=0 | consensus=1 heal=0 | acc=64.50% | byz_w=['0.063', '0.093', '0.072']
[174] v1_only    | atk=  A3 | V1=1 V2=0 | consensus=0 heal=1V1 | acc=66.99% | byz_w=['0.070', '0.096', '0.068']
[175] v1_only    | atk=  A3 | V1=1 V2=0 | consensus=0 heal=1V1 | acc=67.72% | byz_w=['0.065', '0.096', '0.058']
[176] v1_only    | atk=  A1 | V1=1 V2=0 | consensus=0 heal=1V1 | acc=66.34% | byz_w=['0.068', '0.100', '0.069']
[177] v1_only    | atk=None | V1=0 V2=0 | consensus=1 heal=0 | acc=68.65% | byz_w=['0.063', '0.105', '0.063']
[178] v1_only    | atk=  A3 | V1=1 V2=0 | consensus=0 heal=1V1 | acc=65.90% | byz_w=['0.063', '0.105', '0.070']
[179] v1_only    | atk=  A3 | V1=1 V2=0 | consensus=0 heal=1V1 | acc=68.24% | byz_w=['0.066', '0.106', '0.066']
[180] v1_only    | atk=None | V1=0 V2=0 | consensus=1 heal=0 | acc=63.97% | byz_w=['0.072', '0.101', '0.064']
[181] v1_only    | atk=None | V1=0 V2=0 | consensus=1 heal=0 | acc=66.27% | byz_w=['0.070', '0.098', '0.061']
[182] v1_only    | atk=  A1 | V1=1 V2=0 | consensus=0 heal=1V1 | acc=67.87% | byz_w=['0.071', '0.106', '0.064']
[183] v1_only    | atk=None | V1=0 V2=0 | consensus=1 heal=0 | acc=65.96% | byz_w=['0.075', '0.103', '0.066']
[184] v1_only    | atk=  A3 | V1=1 V2=0 | consensus=0 heal=1V1 | acc=66.99% | byz_w=['0.072', '0.088', '0.070']
[185] v1_only    | atk=  A2 | V1=1 V2=0 | consensus=0 heal=1V1 | acc=68.42% | byz_w=['0.068', '0.106', '0.063']
[186] v1_only    | atk=  A1 | V1=0 V2=0 | consensus=1 heal=0 | acc=29.13% | byz_w=['0.068', '0.108', '0.068']
[187] v1_only    | atk=  A3 | V1=1 V2=0 | consensus=0 heal=1V1 | acc=62.24% | byz_w=['0.040', '0.055', '0.038']
[188] v1_only    | atk=None | V1=0 V2=0 | consensus=1 heal=0 | acc=64.74% | byz_w=['0.051', '0.102', '0.073']
[189] v1_only    | atk=None | V1=0 V2=0 | consensus=1 heal=0 | acc=68.52% | byz_w=['0.068', '0.095', '0.065']
[190] v1_only    | atk=  A3 | V1=1 V2=0 | consensus=0 heal=1V1 | acc=66.93% | byz_w=['0.064', '0.100', '0.060']
[191] v1_only    | atk=  A1 | V1=1 V2=0 | consensus=0 heal=1V1 | acc=69.47% | byz_w=['0.067', '0.097', '0.058']
[192] v1_only    | atk=None | V1=0 V2=0 | consensus=1 heal=0 | acc=67.71% | byz_w=['0.067', '0.099', '0.058']
[193] v1_only    | atk=  A3 | V1=1 V2=0 | consensus=0 heal=1V1 | acc=67.33% | byz_w=['0.069', '0.114', '0.071']
[194] v1_only    | atk=  A2 | V1=1 V2=0 | consensus=0 heal=1V1 | acc=65.50% | byz_w=['0.070', '0.096', '0.066']
[195] v1_only    | atk=  A3 | V1=1 V2=0 | consensus=0 heal=1V1 | acc=67.02% | byz_w=['0.072', '0.097', '0.067']
[196] v1_only    | atk=  A2 | V1=0 V2=0 | consensus=1 heal=0 | acc=35.10% | byz_w=['0.073', '0.102', '0.065']
[197] v1_only    | atk=None | V1=0 V2=0 | consensus=1 heal=0 | acc=63.96% | byz_w=['0.047', '0.059', '0.045']
[198] v1_only    | atk=  A3 | V1=1 V2=0 | consensus=0 heal=1V1 | acc=61.52% | byz_w=['0.061', '0.100', '0.085']
[199] v1_only    | atk=None | V1=0 V2=0 | consensus=1 heal=0 | acc=67.19% | byz_w=['0.061', '0.098', '0.076']
[200] v1_only    | atk=None | V1=0 V2=0 | consensus=1 heal=0 | acc=65.93% | byz_w=['0.068', '0.111', '0.066']

============================================================
=== V2 Only (Projection Aud) ===
[001] v2_only    | atk=None | V1=0 V2=0 | consensus=1 heal=0 | acc=10.00% | byz_w=['0.093', '0.133', '0.047']
[002] v2_only    | atk=  A3 | V1=0 V2=0 | consensus=1 heal=0 | acc=10.00% | byz_w=['0.087', '0.126', '0.057']
[003] v2_only    | atk=None | V1=0 V2=0 | consensus=1 heal=0 | acc=15.88% | byz_w=['0.072', '0.130', '0.064']
[004] v2_only    | atk=None | V1=0 V2=0 | consensus=1 heal=0 | acc=18.47% | byz_w=['0.066', '0.129', '0.053']
[005] v2_only    | atk=  A3 | V1=0 V2=1 | consensus=0 heal=1V2 | acc=21.09% | byz_w=['0.055', '0.131', '0.045']
[006] v2_only    | atk=  A2 | V1=0 V2=1 | consensus=0 heal=1V2 | acc=22.92% | byz_w=['0.047', '0.139', '0.042']
[007] v2_only    | atk=None | V1=0 V2=0 | consensus=1 heal=0 | acc=24.45% | byz_w=['0.045', '0.129', '0.037']
[008] v2_only    | atk=  A3 | V1=0 V2=1 | consensus=0 heal=1V2 | acc=28.91% | byz_w=['0.040', '0.108', '0.038']
[009] v2_only    | atk=  A2 | V1=0 V2=1 | consensus=0 heal=1V2 | acc=31.40% | byz_w=['0.036', '0.085', '0.037']
[010] v2_only    | atk=  A3 | V1=0 V2=1 | consensus=0 heal=1V2 | acc=32.07% | byz_w=['0.033', '0.073', '0.030']
[011] v2_only    | atk=  A2 | V1=0 V2=1 | consensus=0 heal=1V2 | acc=33.13% | byz_w=['0.044', '0.108', '0.050']
[012] v2_only    | atk=None | V1=0 V2=0 | consensus=1 heal=0 | acc=34.84% | byz_w=['0.048', '0.124', '0.068']
[013] v2_only    | atk=None | V1=0 V2=0 | consensus=1 heal=0 | acc=36.99% | byz_w=['0.048', '0.111', '0.062']
[014] v2_only    | atk=  A1 | V1=0 V2=1 | consensus=0 heal=1V2 | acc=40.35% | byz_w=['0.060', '0.099', '0.057']
[015] v2_only    | atk=  A1 | V1=0 V2=1 | consensus=0 heal=1V2 | acc=40.10% | byz_w=['0.066', '0.106', '0.067']
[016] v2_only    | atk=None | V1=0 V2=0 | consensus=1 heal=0 | acc=42.21% | byz_w=['0.078', '0.090', '0.066']
[017] v2_only    | atk=  A3 | V1=0 V2=1 | consensus=0 heal=1V2 | acc=44.68% | byz_w=['0.078', '0.090', '0.070']
[018] v2_only    | atk=  A2 | V1=0 V2=1 | consensus=0 heal=1V2 | acc=45.95% | byz_w=['0.071', '0.099', '0.073']
[019] v2_only    | atk=None | V1=0 V2=0 | consensus=1 heal=0 | acc=43.67% | byz_w=['0.077', '0.116', '0.089']
[020] v2_only    | atk=  A1 | V1=0 V2=1 | consensus=0 heal=1V2 | acc=47.82% | byz_w=['0.079', '0.088', '0.058']
[021] v2_only    | atk=None | V1=0 V2=0 | consensus=1 heal=0 | acc=43.67% | byz_w=['0.081', '0.107', '0.091']
[022] v2_only    | atk=None | V1=0 V2=0 | consensus=1 heal=0 | acc=49.87% | byz_w=['0.069', '0.093', '0.063']
[023] v2_only    | atk=  A3 | V1=0 V2=1 | consensus=0 heal=1V2 | acc=48.27% | byz_w=['0.071', '0.113', '0.074']
[024] v2_only    | atk=  A3 | V1=0 V2=1 | consensus=0 heal=1V2 | acc=50.82% | byz_w=['0.061', '0.113', '0.077']
[025] v2_only    | atk=None | V1=0 V2=0 | consensus=1 heal=0 | acc=51.66% | byz_w=['0.075', '0.094', '0.068']
[026] v2_only    | atk=  A2 | V1=0 V2=1 | consensus=0 heal=1V2 | acc=52.00% | byz_w=['0.080', '0.106', '0.064']
[027] v2_only    | atk=None | V1=0 V2=0 | consensus=1 heal=0 | acc=52.26% | byz_w=['0.059', '0.111', '0.056']
[028] v2_only    | atk=  A2 | V1=0 V2=1 | consensus=0 heal=1V2 | acc=51.80% | byz_w=['0.087', '0.106', '0.076']
[029] v2_only    | atk=  A1 | V1=0 V2=1 | consensus=0 heal=1V2 | acc=53.93% | byz_w=['0.068', '0.099', '0.060']
[030] v2_only    | atk=  A3 | V1=0 V2=1 | consensus=0 heal=1V2 | acc=53.63% | byz_w=['0.086', '0.108', '0.070']
[031] v2_only    | atk=None | V1=0 V2=0 | consensus=1 heal=0 | acc=53.76% | byz_w=['0.063', '0.119', '0.066']
[032] v2_only    | atk=  A3 | V1=0 V2=1 | consensus=0 heal=1V2 | acc=54.45% | byz_w=['0.072', '0.113', '0.061']
[033] v2_only    | atk=  A3 | V1=0 V2=1 | consensus=0 heal=1V2 | acc=56.60% | byz_w=['0.070', '0.100', '0.054']
[034] v2_only    | atk=  A2 | V1=0 V2=1 | consensus=0 heal=1V2 | acc=54.58% | byz_w=['0.068', '0.101', '0.083']
[035] v2_only    | atk=  A3 | V1=0 V2=1 | consensus=0 heal=1V2 | acc=57.21% | byz_w=['0.071', '0.104', '0.066']
[036] v2_only    | atk=  A3 | V1=0 V2=1 | consensus=0 heal=1V2 | acc=55.13% | byz_w=['0.070', '0.120', '0.080']
[037] v2_only    | atk=None | V1=0 V2=0 | consensus=1 heal=0 | acc=56.82% | byz_w=['0.066', '0.104', '0.064']
[038] v2_only    | atk=None | V1=0 V2=0 | consensus=1 heal=0 | acc=53.96% | byz_w=['0.079', '0.114', '0.080']
[039] v2_only    | atk=  A1 | V1=0 V2=1 | consensus=0 heal=1V2 | acc=58.42% | byz_w=['0.077', '0.099', '0.068']
[040] v2_only    | atk=None | V1=0 V2=0 | consensus=1 heal=0 | acc=58.10% | byz_w=['0.074', '0.108', '0.061']
[041] v2_only    | atk=  A2 | V1=0 V2=1 | consensus=0 heal=1V2 | acc=58.18% | byz_w=['0.071', '0.100', '0.066']
[042] v2_only    | atk=None | V1=0 V2=0 | consensus=1 heal=0 | acc=58.39% | byz_w=['0.088', '0.109', '0.072']
[043] v2_only    | atk=None | V1=0 V2=0 | consensus=1 heal=0 | acc=58.78% | byz_w=['0.076', '0.105', '0.071']
[044] v2_only    | atk=  A1 | V1=0 V2=1 | consensus=0 heal=1V2 | acc=58.60% | byz_w=['0.071', '0.107', '0.069']
[045] v2_only    | atk=None | V1=0 V2=0 | consensus=1 heal=0 | acc=59.46% | byz_w=['0.077', '0.107', '0.065']
[046] v2_only    | atk=  A3 | V1=0 V2=1 | consensus=0 heal=1V2 | acc=58.81% | byz_w=['0.076', '0.102', '0.073']
[047] v2_only    | atk=  A3 | V1=0 V2=1 | consensus=0 heal=1V2 | acc=59.12% | byz_w=['0.083', '0.092', '0.079']
[048] v2_only    | atk=  A2 | V1=0 V2=1 | consensus=0 heal=1V2 | acc=60.08% | byz_w=['0.069', '0.095', '0.070']
[049] v2_only    | atk=None | V1=0 V2=0 | consensus=1 heal=0 | acc=59.99% | byz_w=['0.073', '0.117', '0.070']
[050] v2_only    | atk=  A3 | V1=0 V2=1 | consensus=0 heal=1V2 | acc=58.99% | byz_w=['0.069', '0.107', '0.055']
[051] v2_only    | atk=None | V1=0 V2=0 | consensus=1 heal=0 | acc=60.64% | byz_w=['0.077', '0.105', '0.067']
[052] v2_only    | atk=None | V1=0 V2=0 | consensus=1 heal=0 | acc=59.97% | byz_w=['0.069', '0.103', '0.071']
[053] v2_only    | atk=  A1 | V1=0 V2=1 | consensus=0 heal=1V2 | acc=59.54% | byz_w=['0.085', '0.104', '0.070']
[054] v2_only    | atk=  A3 | V1=0 V2=1 | consensus=0 heal=1V2 | acc=61.65% | byz_w=['0.075', '0.108', '0.075']
[055] v2_only    | atk=  A3 | V1=0 V2=1 | consensus=0 heal=1V2 | acc=61.60% | byz_w=['0.069', '0.098', '0.066']
[056] v2_only    | atk=None | V1=0 V2=0 | consensus=1 heal=0 | acc=58.82% | byz_w=['0.083', '0.106', '0.077']
[057] v2_only    | atk=  A3 | V1=0 V2=1 | consensus=0 heal=1V2 | acc=62.01% | byz_w=['0.069', '0.100', '0.071']
[058] v2_only    | atk=  A2 | V1=0 V2=1 | consensus=0 heal=1V2 | acc=60.26% | byz_w=['0.071', '0.103', '0.072']
[059] v2_only    | atk=None | V1=0 V2=0 | consensus=1 heal=0 | acc=61.99% | byz_w=['0.080', '0.096', '0.075']
[060] v2_only    | atk=  A3 | V1=0 V2=1 | consensus=0 heal=1V2 | acc=61.04% | byz_w=['0.073', '0.110', '0.072']
[061] v2_only    | atk=  A2 | V1=0 V2=1 | consensus=0 heal=1V2 | acc=61.99% | byz_w=['0.072', '0.107', '0.072']
[062] v2_only    | atk=None | V1=0 V2=0 | consensus=1 heal=0 | acc=62.24% | byz_w=['0.074', '0.098', '0.072']
[063] v2_only    | atk=  A3 | V1=0 V2=1 | consensus=0 heal=1V2 | acc=61.92% | byz_w=['0.072', '0.098', '0.073']
[064] v2_only    | atk=  A3 | V1=0 V2=1 | consensus=0 heal=1V2 | acc=63.67% | byz_w=['0.068', '0.099', '0.060']
[065] v2_only    | atk=  A1 | V1=0 V2=1 | consensus=0 heal=1V2 | acc=61.91% | byz_w=['0.067', '0.103', '0.074']
[066] v2_only    | atk=  A2 | V1=0 V2=1 | consensus=0 heal=1V2 | acc=63.05% | byz_w=['0.074', '0.094', '0.074']
[067] v2_only    | atk=None | V1=0 V2=0 | consensus=1 heal=0 | acc=60.32% | byz_w=['0.067', '0.099', '0.081']
[068] v2_only    | atk=  A2 | V1=0 V2=1 | consensus=0 heal=1V2 | acc=61.17% | byz_w=['0.078', '0.101', '0.074']
[069] v2_only    | atk=None | V1=0 V2=0 | consensus=1 heal=0 | acc=63.22% | byz_w=['0.073', '0.099', '0.071']
[070] v2_only    | atk=None | V1=0 V2=0 | consensus=1 heal=0 | acc=62.47% | byz_w=['0.064', '0.097', '0.071']
[071] v2_only    | atk=None | V1=0 V2=0 | consensus=1 heal=0 | acc=63.45% | byz_w=['0.078', '0.111', '0.065']
[072] v2_only    | atk=  A3 | V1=0 V2=1 | consensus=0 heal=1V2 | acc=60.45% | byz_w=['0.074', '0.098', '0.074']
[073] v2_only    | atk=None | V1=0 V2=0 | consensus=1 heal=0 | acc=62.47% | byz_w=['0.070', '0.093', '0.069']
[074] v2_only    | atk=  A2 | V1=0 V2=1 | consensus=0 heal=1V2 | acc=60.63% | byz_w=['0.075', '0.110', '0.081']
[075] v2_only    | atk=  A3 | V1=0 V2=1 | consensus=0 heal=1V2 | acc=63.38% | byz_w=['0.073', '0.096', '0.070']
[076] v2_only    | atk=  A3 | V1=0 V2=1 | consensus=0 heal=1V2 | acc=62.06% | byz_w=['0.077', '0.101', '0.068']
[077] v2_only    | atk=None | V1=0 V2=0 | consensus=1 heal=0 | acc=62.87% | byz_w=['0.071', '0.094', '0.072']
[078] v2_only    | atk=  A2 | V1=0 V2=1 | consensus=0 heal=1V2 | acc=60.91% | byz_w=['0.084', '0.100', '0.080']
[079] v2_only    | atk=None | V1=0 V2=0 | consensus=1 heal=0 | acc=63.66% | byz_w=['0.075', '0.098', '0.070']
[080] v2_only    | atk=  A2 | V1=0 V2=1 | consensus=0 heal=1V2 | acc=62.03% | byz_w=['0.068', '0.105', '0.079']
[081] v2_only    | atk=None | V1=0 V2=0 | consensus=1 heal=0 | acc=64.06% | byz_w=['0.071', '0.100', '0.067']
[082] v2_only    | atk=  A3 | V1=0 V2=1 | consensus=0 heal=1V2 | acc=63.90% | byz_w=['0.067', '0.100', '0.065']
[083] v2_only    | atk=  A3 | V1=0 V2=1 | consensus=0 heal=1V2 | acc=63.33% | byz_w=['0.074', '0.108', '0.067']
[084] v2_only    | atk=  A1 | V1=0 V2=1 | consensus=0 heal=1V2 | acc=63.72% | byz_w=['0.070', '0.101', '0.062']
[085] v2_only    | atk=None | V1=0 V2=0 | consensus=1 heal=0 | acc=63.13% | byz_w=['0.071', '0.103', '0.074']
[086] v2_only    | atk=None | V1=0 V2=0 | consensus=1 heal=0 | acc=63.39% | byz_w=['0.074', '0.101', '0.075']
[087] v2_only    | atk=  A1 | V1=0 V2=1 | consensus=0 heal=1V2 | acc=63.06% | byz_w=['0.082', '0.114', '0.073']
[088] v2_only    | atk=  A1 | V1=0 V2=1 | consensus=0 heal=1V2 | acc=64.51% | byz_w=['0.071', '0.092', '0.070']
[089] v2_only    | atk=  A2 | V1=0 V2=1 | consensus=0 heal=1V2 | acc=61.48% | byz_w=['0.081', '0.106', '0.076']
[090] v2_only    | atk=None | V1=0 V2=0 | consensus=1 heal=0 | acc=63.18% | byz_w=['0.071', '0.098', '0.070']
[091] v2_only    | atk=None | V1=0 V2=0 | consensus=1 heal=0 | acc=61.59% | byz_w=['0.071', '0.114', '0.069']
[092] v2_only    | atk=  A2 | V1=0 V2=1 | consensus=0 heal=1V2 | acc=65.09% | byz_w=['0.063', '0.104', '0.062']
[093] v2_only    | atk=  A3 | V1=0 V2=1 | consensus=0 heal=1V2 | acc=63.33% | byz_w=['0.071', '0.103', '0.069']
[094] v2_only    | atk=None | V1=0 V2=0 | consensus=1 heal=0 | acc=65.14% | byz_w=['0.070', '0.096', '0.064']
[095] v2_only    | atk=None | V1=0 V2=0 | consensus=1 heal=0 | acc=64.68% | byz_w=['0.078', '0.096', '0.066']
[096] v2_only    | atk=None | V1=0 V2=0 | consensus=1 heal=0 | acc=63.23% | byz_w=['0.069', '0.099', '0.076']
[097] v2_only    | atk=  A2 | V1=0 V2=1 | consensus=0 heal=1V2 | acc=64.71% | byz_w=['0.074', '0.101', '0.065']
[098] v2_only    | atk=  A3 | V1=0 V2=1 | consensus=0 heal=1V2 | acc=64.01% | byz_w=['0.073', '0.100', '0.058']
[099] v2_only    | atk=  A2 | V1=0 V2=1 | consensus=0 heal=1V2 | acc=63.71% | byz_w=['0.070', '0.099', '0.068']
[100] v2_only    | atk=  A2 | V1=0 V2=1 | consensus=0 heal=1V2 | acc=63.57% | byz_w=['0.069', '0.111', '0.069']
[101] v2_only    | atk=  A3 | V1=0 V2=1 | consensus=0 heal=1V2 | acc=63.95% | byz_w=['0.071', '0.094', '0.063']
[102] v2_only    | atk=None | V1=0 V2=0 | consensus=1 heal=0 | acc=64.16% | byz_w=['0.073', '0.105', '0.069']
[103] v2_only    | atk=  A3 | V1=0 V2=1 | consensus=0 heal=1V2 | acc=64.86% | byz_w=['0.071', '0.097', '0.056']
[104] v2_only    | atk=  A2 | V1=0 V2=1 | consensus=0 heal=1V2 | acc=63.93% | byz_w=['0.075', '0.114', '0.069']
[105] v2_only    | atk=  A3 | V1=0 V2=1 | consensus=0 heal=1V2 | acc=64.90% | byz_w=['0.068', '0.100', '0.061']
[106] v2_only    | atk=None | V1=0 V2=0 | consensus=1 heal=0 | acc=63.79% | byz_w=['0.077', '0.095', '0.066']
[107] v2_only    | atk=None | V1=0 V2=0 | consensus=1 heal=0 | acc=63.21% | byz_w=['0.073', '0.100', '0.073']
[108] v2_only    | atk=None | V1=0 V2=0 | consensus=1 heal=0 | acc=65.03% | byz_w=['0.074', '0.102', '0.059']
[109] v2_only    | atk=  A2 | V1=0 V2=1 | consensus=0 heal=1V2 | acc=62.79% | byz_w=['0.074', '0.115', '0.084']
[110] v2_only    | atk=  A2 | V1=0 V2=1 | consensus=0 heal=1V2 | acc=65.12% | byz_w=['0.077', '0.103', '0.063']
[111] v2_only    | atk=  A1 | V1=0 V2=1 | consensus=0 heal=1V2 | acc=64.68% | byz_w=['0.065', '0.094', '0.063']
[112] v2_only    | atk=None | V1=0 V2=0 | consensus=1 heal=0 | acc=64.17% | byz_w=['0.071', '0.102', '0.062']
[113] v2_only    | atk=  A2 | V1=0 V2=1 | consensus=0 heal=1V2 | acc=64.56% | byz_w=['0.066', '0.101', '0.063']
[114] v2_only    | atk=None | V1=0 V2=0 | consensus=1 heal=0 | acc=64.05% | byz_w=['0.073', '0.109', '0.057']
[115] v2_only    | atk=None | V1=0 V2=0 | consensus=1 heal=0 | acc=65.79% | byz_w=['0.077', '0.103', '0.060']
[116] v2_only    | atk=  A3 | V1=0 V2=1 | consensus=0 heal=1V2 | acc=65.47% | byz_w=['0.073', '0.102', '0.049']
[117] v2_only    | atk=  A2 | V1=0 V2=1 | consensus=0 heal=1V2 | acc=63.80% | byz_w=['0.071', '0.109', '0.070']
[118] v2_only    | atk=  A1 | V1=0 V2=1 | consensus=0 heal=1V2 | acc=63.09% | byz_w=['0.068', '0.104', '0.065']
[119] v2_only    | atk=None | V1=0 V2=0 | consensus=1 heal=0 | acc=63.55% | byz_w=['0.074', '0.098', '0.071']
[120] v2_only    | atk=  A2 | V1=0 V2=1 | consensus=0 heal=1V2 | acc=65.83% | byz_w=['0.073', '0.100', '0.071']
[121] v2_only    | atk=  A1 | V1=0 V2=1 | consensus=0 heal=1V2 | acc=64.98% | byz_w=['0.070', '0.094', '0.063']
[122] v2_only    | atk=None | V1=0 V2=0 | consensus=1 heal=0 | acc=64.77% | byz_w=['0.071', '0.098', '0.067']
[123] v2_only    | atk=  A3 | V1=0 V2=1 | consensus=0 heal=1V2 | acc=64.04% | byz_w=['0.074', '0.098', '0.062']
[124] v2_only    | atk=  A1 | V1=0 V2=1 | consensus=0 heal=1V2 | acc=65.86% | byz_w=['0.073', '0.112', '0.058']
[125] v2_only    | atk=None | V1=0 V2=0 | consensus=1 heal=0 | acc=65.48% | byz_w=['0.064', '0.107', '0.062']
[126] v2_only    | atk=None | V1=0 V2=0 | consensus=1 heal=0 | acc=65.78% | byz_w=['0.068', '0.104', '0.064']
[127] v2_only    | atk=  A1 | V1=0 V2=1 | consensus=0 heal=1V2 | acc=64.51% | byz_w=['0.073', '0.102', '0.060']
[128] v2_only    | atk=  A3 | V1=0 V2=1 | consensus=0 heal=1V2 | acc=66.78% | byz_w=['0.070', '0.093', '0.057']
[129] v2_only    | atk=  A3 | V1=0 V2=1 | consensus=0 heal=1V2 | acc=66.21% | byz_w=['0.071', '0.101', '0.064']
[130] v2_only    | atk=None | V1=0 V2=0 | consensus=1 heal=0 | acc=66.49% | byz_w=['0.068', '0.099', '0.062']
[131] v2_only    | atk=  A1 | V1=0 V2=1 | consensus=0 heal=1V2 | acc=66.64% | byz_w=['0.074', '0.106', '0.062']
[132] v2_only    | atk=  A1 | V1=0 V2=1 | consensus=0 heal=1V2 | acc=65.75% | byz_w=['0.060', '0.099', '0.062']
[133] v2_only    | atk=  A3 | V1=0 V2=1 | consensus=0 heal=1V2 | acc=64.99% | byz_w=['0.083', '0.106', '0.067']
[134] v2_only    | atk=None | V1=0 V2=0 | consensus=1 heal=0 | acc=66.94% | byz_w=['0.071', '0.099', '0.073']
[135] v2_only    | atk=  A2 | V1=0 V2=1 | consensus=0 heal=1V2 | acc=63.91% | byz_w=['0.077', '0.097', '0.074']
[136] v2_only    | atk=  A3 | V1=0 V2=1 | consensus=0 heal=1V2 | acc=65.86% | byz_w=['0.062', '0.102', '0.077']
[137] v2_only    | atk=  A3 | V1=0 V2=1 | consensus=0 heal=1V2 | acc=62.76% | byz_w=['0.068', '0.113', '0.073']
[138] v2_only    | atk=None | V1=0 V2=0 | consensus=1 heal=0 | acc=66.34% | byz_w=['0.069', '0.094', '0.063']
[139] v2_only    | atk=None | V1=0 V2=0 | consensus=1 heal=0 | acc=66.49% | byz_w=['0.073', '0.101', '0.058']
[140] v2_only    | atk=None | V1=0 V2=0 | consensus=1 heal=0 | acc=63.85% | byz_w=['0.064', '0.103', '0.072']
[141] v2_only    | atk=None | V1=0 V2=0 | consensus=1 heal=0 | acc=67.05% | byz_w=['0.072', '0.092', '0.069']
[142] v2_only    | atk=  A2 | V1=0 V2=1 | consensus=0 heal=1V2 | acc=64.27% | byz_w=['0.079', '0.105', '0.071']
[143] v2_only    | atk=  A3 | V1=0 V2=1 | consensus=0 heal=1V2 | acc=64.79% | byz_w=['0.068', '0.094', '0.057']
[144] v2_only    | atk=  A3 | V1=0 V2=1 | consensus=0 heal=1V2 | acc=66.90% | byz_w=['0.072', '0.104', '0.063']
[145] v2_only    | atk=  A1 | V1=0 V2=1 | consensus=0 heal=1V2 | acc=64.40% | byz_w=['0.072', '0.102', '0.070']
[146] v2_only    | atk=None | V1=0 V2=0 | consensus=1 heal=0 | acc=63.25% | byz_w=['0.080', '0.101', '0.062']
[147] v2_only    | atk=None | V1=0 V2=0 | consensus=1 heal=0 | acc=65.33% | byz_w=['0.061', '0.111', '0.065']
[148] v2_only    | atk=  A3 | V1=0 V2=1 | consensus=0 heal=1V2 | acc=65.44% | byz_w=['0.072', '0.101', '0.073']
[149] v2_only    | atk=None | V1=0 V2=0 | consensus=1 heal=0 | acc=65.09% | byz_w=['0.068', '0.103', '0.069']
[150] v2_only    | atk=  A2 | V1=0 V2=1 | consensus=0 heal=1V2 | acc=63.47% | byz_w=['0.067', '0.099', '0.070']
[151] v2_only    | atk=None | V1=0 V2=0 | consensus=1 heal=0 | acc=67.20% | byz_w=['0.067', '0.099', '0.063']
[152] v2_only    | atk=None | V1=0 V2=0 | consensus=1 heal=0 | acc=66.29% | byz_w=['0.073', '0.099', '0.066']
[153] v2_only    | atk=  A1 | V1=0 V2=1 | consensus=0 heal=1V2 | acc=66.28% | byz_w=['0.066', '0.101', '0.069']
[154] v2_only    | atk=  A1 | V1=0 V2=1 | consensus=0 heal=1V2 | acc=66.47% | byz_w=['0.063', '0.096', '0.062']
[155] v2_only    | atk=  A1 | V1=0 V2=1 | consensus=0 heal=1V2 | acc=62.80% | byz_w=['0.077', '0.113', '0.081']
[156] v2_only    | atk=  A1 | V1=0 V2=1 | consensus=0 heal=1V2 | acc=66.78% | byz_w=['0.063', '0.106', '0.059']
[157] v2_only    | atk=None | V1=0 V2=0 | consensus=1 heal=0 | acc=65.32% | byz_w=['0.075', '0.097', '0.063']
[158] v2_only    | atk=  A2 | V1=0 V2=1 | consensus=0 heal=1V2 | acc=66.53% | byz_w=['0.072', '0.094', '0.064']
[159] v2_only    | atk=None | V1=0 V2=0 | consensus=1 heal=0 | acc=65.01% | byz_w=['0.073', '0.099', '0.071']
[160] v2_only    | atk=  A3 | V1=0 V2=1 | consensus=0 heal=1V2 | acc=66.29% | byz_w=['0.064', '0.100', '0.072']
[161] v2_only    | atk=  A3 | V1=0 V2=1 | consensus=0 heal=1V2 | acc=64.71% | byz_w=['0.072', '0.102', '0.064']
[162] v2_only    | atk=  A1 | V1=0 V2=1 | consensus=0 heal=1V2 | acc=67.49% | byz_w=['0.066', '0.105', '0.062']
[163] v2_only    | atk=  A2 | V1=0 V2=1 | consensus=0 heal=1V2 | acc=65.62% | byz_w=['0.073', '0.109', '0.065']
[164] v2_only    | atk=None | V1=0 V2=0 | consensus=1 heal=0 | acc=67.92% | byz_w=['0.071', '0.103', '0.056']
[165] v2_only    | atk=None | V1=0 V2=0 | consensus=1 heal=0 | acc=65.31% | byz_w=['0.065', '0.101', '0.065']
[166] v2_only    | atk=  A3 | V1=0 V2=1 | consensus=0 heal=1V2 | acc=65.73% | byz_w=['0.064', '0.097', '0.064']
[167] v2_only    | atk=  A1 | V1=0 V2=1 | consensus=0 heal=1V2 | acc=65.01% | byz_w=['0.069', '0.104', '0.064']
[168] v2_only    | atk=None | V1=0 V2=0 | consensus=1 heal=0 | acc=67.30% | byz_w=['0.066', '0.110', '0.057']
[169] v2_only    | atk=None | V1=0 V2=0 | consensus=1 heal=0 | acc=64.60% | byz_w=['0.070', '0.101', '0.073']
[170] v2_only    | atk=  A2 | V1=0 V2=1 | consensus=0 heal=1V2 | acc=67.67% | byz_w=['0.064', '0.097', '0.063']
[171] v2_only    | atk=  A1 | V1=0 V2=1 | consensus=0 heal=1V2 | acc=66.86% | byz_w=['0.067', '0.098', '0.059']
[172] v2_only    | atk=None | V1=0 V2=0 | consensus=1 heal=0 | acc=66.24% | byz_w=['0.067', '0.098', '0.063']
[173] v2_only    | atk=None | V1=0 V2=0 | consensus=1 heal=0 | acc=66.14% | byz_w=['0.073', '0.103', '0.062']
[174] v2_only    | atk=  A3 | V1=0 V2=1 | consensus=0 heal=1V2 | acc=66.84% | byz_w=['0.063', '0.097', '0.064']
[175] v2_only    | atk=  A3 | V1=0 V2=1 | consensus=0 heal=1V2 | acc=65.67% | byz_w=['0.070', '0.101', '0.069']
[176] v2_only    | atk=  A1 | V1=0 V2=1 | consensus=0 heal=1V2 | acc=65.54% | byz_w=['0.067', '0.097', '0.066']
[177] v2_only    | atk=None | V1=0 V2=0 | consensus=1 heal=0 | acc=67.76% | byz_w=['0.069', '0.102', '0.062']
[178] v2_only    | atk=  A3 | V1=0 V2=1 | consensus=0 heal=1V2 | acc=64.56% | byz_w=['0.073', '0.098', '0.069']
[179] v2_only    | atk=  A3 | V1=0 V2=1 | consensus=0 heal=1V2 | acc=65.91% | byz_w=['0.078', '0.108', '0.071']
[180] v2_only    | atk=None | V1=0 V2=0 | consensus=1 heal=0 | acc=66.01% | byz_w=['0.066', '0.100', '0.061']
[181] v2_only    | atk=None | V1=0 V2=0 | consensus=1 heal=0 | acc=64.78% | byz_w=['0.074', '0.110', '0.068']
[182] v2_only    | atk=  A1 | V1=0 V2=1 | consensus=0 heal=1V2 | acc=65.52% | byz_w=['0.062', '0.100', '0.069']
[183] v2_only    | atk=None | V1=0 V2=0 | consensus=1 heal=0 | acc=63.54% | byz_w=['0.073', '0.112', '0.070']
[184] v2_only    | atk=  A3 | V1=0 V2=1 | consensus=0 heal=1V2 | acc=68.19% | byz_w=['0.063', '0.091', '0.057']
[185] v2_only    | atk=  A2 | V1=0 V2=1 | consensus=0 heal=1V2 | acc=66.01% | byz_w=['0.067', '0.098', '0.074']
[186] v2_only    | atk=  A1 | V1=0 V2=1 | consensus=0 heal=1V2 | acc=67.32% | byz_w=['0.067', '0.097', '0.063']
[187] v2_only    | atk=  A3 | V1=0 V2=1 | consensus=0 heal=1V2 | acc=64.60% | byz_w=['0.073', '0.110', '0.075']
[188] v2_only    | atk=None | V1=0 V2=0 | consensus=1 heal=0 | acc=67.90% | byz_w=['0.066', '0.102', '0.058']
[189] v2_only    | atk=None | V1=0 V2=0 | consensus=1 heal=0 | acc=67.63% | byz_w=['0.069', '0.099', '0.060']
[190] v2_only    | atk=  A3 | V1=0 V2=1 | consensus=0 heal=1V2 | acc=64.56% | byz_w=['0.070', '0.105', '0.065']
[191] v2_only    | atk=  A1 | V1=0 V2=1 | consensus=0 heal=1V2 | acc=67.33% | byz_w=['0.068', '0.095', '0.061']
[192] v2_only    | atk=None | V1=0 V2=0 | consensus=1 heal=0 | acc=64.77% | byz_w=['0.066', '0.113', '0.076']
[193] v2_only    | atk=  A3 | V1=0 V2=1 | consensus=0 heal=1V2 | acc=64.75% | byz_w=['0.069', '0.096', '0.066']
[194] v2_only    | atk=  A2 | V1=0 V2=1 | consensus=0 heal=1V2 | acc=66.02% | byz_w=['0.068', '0.107', '0.062']
[195] v2_only    | atk=  A3 | V1=0 V2=1 | consensus=0 heal=1V2 | acc=68.32% | byz_w=['0.065', '0.105', '0.058']
[196] v2_only    | atk=  A2 | V1=0 V2=1 | consensus=0 heal=1V2 | acc=65.06% | byz_w=['0.070', '0.103', '0.068']
[197] v2_only    | atk=None | V1=0 V2=0 | consensus=1 heal=0 | acc=66.94% | byz_w=['0.064', '0.097', '0.066']
[198] v2_only    | atk=  A3 | V1=0 V2=1 | consensus=0 heal=1V2 | acc=67.38% | byz_w=['0.063', '0.098', '0.062']
[199] v2_only    | atk=None | V1=0 V2=0 | consensus=1 heal=0 | acc=66.47% | byz_w=['0.069', '0.103', '0.068']
[200] v2_only    | atk=None | V1=0 V2=0 | consensus=1 heal=0 | acc=65.54% | byz_w=['0.066', '0.096', '0.062']

============================================================
=== TAS (V1+V2) ===
[001] tas        | atk=None | V1=0 V2=0 | consensus=1 heal=0 | acc=10.00% | byz_w=['0.091', '0.066', '0.033']
[002] tas        | atk=  A3 | V1=1 V2=0 | consensus=0 heal=1V1 | acc=14.44% | byz_w=['0.089', '0.103', '0.051']
[003] tas        | atk=None | V1=0 V2=0 | consensus=1 heal=0 | acc=19.65% | byz_w=['0.071', '0.115', '0.049']
[004] tas        | atk=None | V1=0 V2=0 | consensus=1 heal=0 | acc=21.68% | byz_w=['0.057', '0.127', '0.045']
[005] tas        | atk=  A3 | V1=1 V2=1 | consensus=0 heal=1V1 | acc=22.03% | byz_w=['0.048', '0.135', '0.041']
[006] tas        | atk=  A2 | V1=1 V2=1 | consensus=0 heal=1V1 | acc=24.02% | byz_w=['0.041', '0.134', '0.037']
[007] tas        | atk=None | V1=0 V2=0 | consensus=1 heal=0 | acc=27.89% | byz_w=['0.036', '0.123', '0.030']
[008] tas        | atk=  A3 | V1=1 V2=1 | consensus=0 heal=1V1 | acc=31.23% | byz_w=['0.033', '0.107', '0.034']
[009] tas        | atk=  A2 | V1=0 V2=1 | consensus=0 heal=1V2 | acc=32.09% | byz_w=['0.034', '0.099', '0.037']
[010] tas        | atk=  A3 | V1=1 V2=1 | consensus=0 heal=1V1 | acc=33.33% | byz_w=['0.039', '0.120', '0.051']
[011] tas        | atk=  A2 | V1=1 V2=1 | consensus=0 heal=1V1 | acc=34.79% | byz_w=['0.037', '0.118', '0.064']
[012] tas        | atk=None | V1=0 V2=0 | consensus=1 heal=0 | acc=38.64% | byz_w=['0.048', '0.110', '0.061']
[013] tas        | atk=None | V1=0 V2=0 | consensus=1 heal=0 | acc=40.47% | byz_w=['0.048', '0.100', '0.064']
[014] tas        | atk=  A1 | V1=1 V2=1 | consensus=0 heal=1V1 | acc=42.07% | byz_w=['0.052', '0.105', '0.063']
[015] tas        | atk=  A1 | V1=1 V2=1 | consensus=0 heal=1V1 | acc=43.68% | byz_w=['0.068', '0.097', '0.068']
[016] tas        | atk=None | V1=0 V2=0 | consensus=1 heal=0 | acc=44.73% | byz_w=['0.060', '0.098', '0.068']
[017] tas        | atk=  A3 | V1=1 V2=1 | consensus=0 heal=1V1 | acc=44.08% | byz_w=['0.070', '0.115', '0.072']
[018] tas        | atk=  A2 | V1=1 V2=1 | consensus=0 heal=1V1 | acc=48.24% | byz_w=['0.055', '0.108', '0.064']
[019] tas        | atk=None | V1=0 V2=0 | consensus=1 heal=0 | acc=50.13% | byz_w=['0.071', '0.101', '0.054']
[020] tas        | atk=  A1 | V1=1 V2=1 | consensus=0 heal=1V1 | acc=48.97% | byz_w=['0.065', '0.118', '0.079']
[021] tas        | atk=None | V1=0 V2=0 | consensus=1 heal=0 | acc=51.92% | byz_w=['0.062', '0.088', '0.066']
[022] tas        | atk=None | V1=0 V2=0 | consensus=1 heal=0 | acc=51.81% | byz_w=['0.063', '0.101', '0.079']
[023] tas        | atk=  A3 | V1=1 V2=1 | consensus=0 heal=1V1 | acc=51.89% | byz_w=['0.076', '0.104', '0.076']
[024] tas        | atk=  A3 | V1=1 V2=1 | consensus=0 heal=1V1 | acc=53.67% | byz_w=['0.066', '0.097', '0.059']
[025] tas        | atk=None | V1=0 V2=0 | consensus=1 heal=0 | acc=52.88% | byz_w=['0.062', '0.102', '0.079']
[026] tas        | atk=  A2 | V1=0 V2=1 | consensus=0 heal=1V2 | acc=51.62% | byz_w=['0.081', '0.126', '0.078']
[027] tas        | atk=None | V1=0 V2=0 | consensus=1 heal=0 | acc=53.25% | byz_w=['0.075', '0.102', '0.059']
[028] tas        | atk=  A2 | V1=1 V2=1 | consensus=0 heal=1V1 | acc=54.85% | byz_w=['0.064', '0.099', '0.069']
[029] tas        | atk=  A1 | V1=1 V2=1 | consensus=0 heal=1V1 | acc=54.04% | byz_w=['0.069', '0.121', '0.076']
[030] tas        | atk=  A3 | V1=1 V2=1 | consensus=0 heal=1V1 | acc=56.60% | byz_w=['0.061', '0.102', '0.056']
[031] tas        | atk=None | V1=0 V2=0 | consensus=1 heal=0 | acc=55.85% | byz_w=['0.076', '0.110', '0.066']
[032] tas        | atk=  A3 | V1=1 V2=1 | consensus=0 heal=1V1 | acc=55.69% | byz_w=['0.072', '0.117', '0.076']
[033] tas        | atk=  A3 | V1=1 V2=1 | consensus=0 heal=1V1 | acc=58.16% | byz_w=['0.064', '0.099', '0.063']
[034] tas        | atk=  A2 | V1=1 V2=1 | consensus=0 heal=1V1 | acc=57.80% | byz_w=['0.070', '0.112', '0.074']
[035] tas        | atk=  A3 | V1=1 V2=1 | consensus=0 heal=1V1 | acc=59.93% | byz_w=['0.068', '0.112', '0.065']
[036] tas        | atk=  A3 | V1=1 V2=1 | consensus=0 heal=1V1 | acc=57.62% | byz_w=['0.082', '0.104', '0.068']
[037] tas        | atk=None | V1=0 V2=0 | consensus=1 heal=0 | acc=59.18% | byz_w=['0.070', '0.107', '0.070']
[038] tas        | atk=None | V1=0 V2=0 | consensus=1 heal=0 | acc=57.76% | byz_w=['0.069', '0.100', '0.069']
[039] tas        | atk=  A1 | V1=1 V2=1 | consensus=0 heal=1V1 | acc=61.06% | byz_w=['0.071', '0.105', '0.079']
[040] tas        | atk=None | V1=0 V2=0 | consensus=1 heal=0 | acc=61.07% | byz_w=['0.079', '0.103', '0.071']
[041] tas        | atk=  A2 | V1=0 V2=1 | consensus=0 heal=1V2 | acc=59.39% | byz_w=['0.071', '0.102', '0.075']
[042] tas        | atk=None | V1=0 V2=0 | consensus=1 heal=0 | acc=60.13% | byz_w=['0.073', '0.096', '0.063']
[043] tas        | atk=None | V1=0 V2=0 | consensus=1 heal=0 | acc=60.24% | byz_w=['0.072', '0.118', '0.084']
[044] tas        | atk=  A1 | V1=1 V2=1 | consensus=0 heal=1V1 | acc=60.95% | byz_w=['0.069', '0.096', '0.069']
[045] tas        | atk=None | V1=0 V2=0 | consensus=1 heal=0 | acc=59.35% | byz_w=['0.069', '0.100', '0.078']
[046] tas        | atk=  A3 | V1=1 V2=1 | consensus=0 heal=1V1 | acc=60.91% | byz_w=['0.082', '0.109', '0.071']
[047] tas        | atk=  A3 | V1=1 V2=1 | consensus=0 heal=1V1 | acc=60.55% | byz_w=['0.076', '0.099', '0.069']
[048] tas        | atk=  A2 | V1=1 V2=1 | consensus=0 heal=1V1 | acc=61.46% | byz_w=['0.068', '0.101', '0.065']
[049] tas        | atk=None | V1=0 V2=0 | consensus=1 heal=0 | acc=60.39% | byz_w=['0.074', '0.114', '0.077']
[050] tas        | atk=  A3 | V1=1 V2=1 | consensus=0 heal=1V1 | acc=62.21% | byz_w=['0.073', '0.100', '0.064']
[051] tas        | atk=None | V1=0 V2=0 | consensus=1 heal=0 | acc=61.83% | byz_w=['0.070', '0.108', '0.075']
[052] tas        | atk=None | V1=0 V2=0 | consensus=1 heal=0 | acc=62.50% | byz_w=['0.071', '0.099', '0.061']
[053] tas        | atk=  A1 | V1=1 V2=1 | consensus=0 heal=1V1 | acc=59.76% | byz_w=['0.077', '0.114', '0.072']
[054] tas        | atk=  A3 | V1=1 V2=1 | consensus=0 heal=1V1 | acc=63.14% | byz_w=['0.066', '0.099', '0.067']
[055] tas        | atk=  A3 | V1=1 V2=1 | consensus=0 heal=1V1 | acc=60.66% | byz_w=['0.075', '0.108', '0.071']
[056] tas        | atk=None | V1=0 V2=0 | consensus=1 heal=0 | acc=62.42% | byz_w=['0.067', '0.102', '0.063']
[057] tas        | atk=  A3 | V1=1 V2=1 | consensus=0 heal=1V1 | acc=61.62% | byz_w=['0.067', '0.116', '0.081']
[058] tas        | atk=  A2 | V1=1 V2=1 | consensus=0 heal=1V1 | acc=63.84% | byz_w=['0.063', '0.100', '0.076']
[059] tas        | atk=None | V1=0 V2=0 | consensus=1 heal=0 | acc=61.43% | byz_w=['0.068', '0.104', '0.068']
[060] tas        | atk=  A3 | V1=1 V2=1 | consensus=0 heal=1V1 | acc=63.87% | byz_w=['0.072', '0.104', '0.072']
[061] tas        | atk=  A2 | V1=1 V2=1 | consensus=0 heal=1V1 | acc=63.16% | byz_w=['0.070', '0.099', '0.069']
[062] tas        | atk=None | V1=0 V2=0 | consensus=1 heal=0 | acc=62.64% | byz_w=['0.068', '0.095', '0.069']
[063] tas        | atk=  A3 | V1=0 V2=1 | consensus=0 heal=1V2 | acc=62.24% | byz_w=['0.071', '0.107', '0.080']
[064] tas        | atk=  A3 | V1=1 V2=1 | consensus=0 heal=1V1 | acc=62.57% | byz_w=['0.067', '0.098', '0.073']
[065] tas        | atk=  A1 | V1=1 V2=1 | consensus=0 heal=1V1 | acc=63.12% | byz_w=['0.067', '0.105', '0.076']
[066] tas        | atk=  A2 | V1=1 V2=1 | consensus=0 heal=1V1 | acc=62.06% | byz_w=['0.073', '0.094', '0.072']
[067] tas        | atk=None | V1=0 V2=0 | consensus=1 heal=0 | acc=61.20% | byz_w=['0.072', '0.111', '0.080']
[068] tas        | atk=  A2 | V1=1 V2=1 | consensus=0 heal=1V1 | acc=63.21% | byz_w=['0.067', '0.096', '0.063']
[069] tas        | atk=None | V1=0 V2=0 | consensus=1 heal=0 | acc=63.37% | byz_w=['0.070', '0.109', '0.067']
[070] tas        | atk=None | V1=0 V2=0 | consensus=1 heal=0 | acc=63.35% | byz_w=['0.067', '0.103', '0.070']
[071] tas        | atk=None | V1=0 V2=0 | consensus=1 heal=0 | acc=64.44% | byz_w=['0.060', '0.100', '0.069']
[072] tas        | atk=  A3 | V1=1 V2=1 | consensus=0 heal=1V1 | acc=62.31% | byz_w=['0.072', '0.099', '0.065']
[073] tas        | atk=None | V1=0 V2=0 | consensus=1 heal=0 | acc=64.25% | byz_w=['0.074', '0.094', '0.063']
[074] tas        | atk=  A2 | V1=1 V2=1 | consensus=0 heal=1V1 | acc=64.56% | byz_w=['0.072', '0.109', '0.064']
[075] tas        | atk=  A3 | V1=1 V2=1 | consensus=0 heal=1V1 | acc=64.08% | byz_w=['0.066', '0.104', '0.065']
[076] tas        | atk=  A3 | V1=0 V2=1 | consensus=0 heal=1V2 | acc=63.89% | byz_w=['0.063', '0.099', '0.073']
[077] tas        | atk=None | V1=0 V2=0 | consensus=1 heal=0 | acc=63.47% | byz_w=['0.067', '0.100', '0.073']
[078] tas        | atk=  A2 | V1=1 V2=1 | consensus=0 heal=1V1 | acc=63.67% | byz_w=['0.067', '0.097', '0.069']
[079] tas        | atk=None | V1=0 V2=0 | consensus=1 heal=0 | acc=63.12% | byz_w=['0.071', '0.099', '0.072']
[080] tas        | atk=  A2 | V1=1 V2=1 | consensus=0 heal=1V1 | acc=64.27% | byz_w=['0.066', '0.097', '0.070']
[081] tas        | atk=None | V1=0 V2=0 | consensus=1 heal=0 | acc=62.79% | byz_w=['0.064', '0.108', '0.073']
[082] tas        | atk=  A3 | V1=1 V2=1 | consensus=0 heal=1V1 | acc=65.94% | byz_w=['0.068', '0.096', '0.062']
[083] tas        | atk=  A3 | V1=1 V2=1 | consensus=0 heal=1V1 | acc=63.11% | byz_w=['0.074', '0.101', '0.080']
[084] tas        | atk=  A1 | V1=0 V2=1 | consensus=0 heal=1V2 | acc=64.86% | byz_w=['0.068', '0.096', '0.076']
[085] tas        | atk=None | V1=0 V2=0 | consensus=1 heal=0 | acc=64.80% | byz_w=['0.069', '0.104', '0.071']
[086] tas        | atk=None | V1=0 V2=0 | consensus=1 heal=0 | acc=64.00% | byz_w=['0.071', '0.102', '0.065']
[087] tas        | atk=  A1 | V1=1 V2=1 | consensus=0 heal=1V1 | acc=63.67% | byz_w=['0.065', '0.094', '0.067']
[088] tas        | atk=  A1 | V1=0 V2=1 | consensus=0 heal=1V2 | acc=62.91% | byz_w=['0.079', '0.110', '0.069']
[089] tas        | atk=  A2 | V1=1 V2=1 | consensus=0 heal=1V1 | acc=66.26% | byz_w=['0.065', '0.091', '0.064']
[090] tas        | atk=None | V1=0 V2=0 | consensus=1 heal=0 | acc=64.38% | byz_w=['0.069', '0.100', '0.071']
[091] tas        | atk=None | V1=0 V2=0 | consensus=1 heal=0 | acc=65.11% | byz_w=['0.076', '0.095', '0.066']
[092] tas        | atk=  A2 | V1=1 V2=1 | consensus=0 heal=1V1 | acc=63.58% | byz_w=['0.070', '0.110', '0.069']
[093] tas        | atk=  A3 | V1=1 V2=1 | consensus=0 heal=1V1 | acc=64.13% | byz_w=['0.061', '0.097', '0.064']
[094] tas        | atk=None | V1=0 V2=0 | consensus=1 heal=0 | acc=62.71% | byz_w=['0.068', '0.111', '0.080']
[095] tas        | atk=None | V1=0 V2=0 | consensus=1 heal=0 | acc=64.43% | byz_w=['0.063', '0.095', '0.058']
[096] tas        | atk=None | V1=0 V2=0 | consensus=1 heal=0 | acc=61.94% | byz_w=['0.075', '0.113', '0.070']
[097] tas        | atk=  A2 | V1=1 V2=1 | consensus=0 heal=1V1 | acc=65.79% | byz_w=['0.067', '0.095', '0.063']
[098] tas        | atk=  A3 | V1=1 V2=1 | consensus=0 heal=1V1 | acc=62.77% | byz_w=['0.073', '0.108', '0.073']
[099] tas        | atk=  A2 | V1=0 V2=1 | consensus=0 heal=1V2 | acc=65.45% | byz_w=['0.063', '0.090', '0.063']
[100] tas        | atk=  A2 | V1=1 V2=1 | consensus=0 heal=1V1 | acc=65.45% | byz_w=['0.067', '0.105', '0.067']
[101] tas        | atk=  A3 | V1=1 V2=1 | consensus=0 heal=1V1 | acc=63.41% | byz_w=['0.064', '0.099', '0.061']
[102] tas        | atk=None | V1=0 V2=0 | consensus=1 heal=0 | acc=59.81% | byz_w=['0.069', '0.099', '0.069']
[103] tas        | atk=  A3 | V1=1 V2=1 | consensus=0 heal=1V1 | acc=65.24% | byz_w=['0.064', '0.101', '0.069']
[104] tas        | atk=  A2 | V1=1 V2=1 | consensus=0 heal=1V1 | acc=64.59% | byz_w=['0.070', '0.100', '0.075']
[105] tas        | atk=  A3 | V1=1 V2=1 | consensus=0 heal=1V1 | acc=65.65% | byz_w=['0.060', '0.094', '0.069']
[106] tas        | atk=None | V1=0 V2=0 | consensus=1 heal=0 | acc=63.16% | byz_w=['0.066', '0.100', '0.064']
[107] tas        | atk=None | V1=0 V2=0 | consensus=1 heal=0 | acc=65.63% | byz_w=['0.063', '0.102', '0.071']
[108] tas        | atk=None | V1=0 V2=0 | consensus=1 heal=0 | acc=64.32% | byz_w=['0.072', '0.106', '0.068']
[109] tas        | atk=  A2 | V1=1 V2=1 | consensus=0 heal=1V1 | acc=66.08% | byz_w=['0.067', '0.100', '0.065']
[110] tas        | atk=  A2 | V1=1 V2=1 | consensus=0 heal=1V1 | acc=62.95% | byz_w=['0.067', '0.108', '0.070']
[111] tas        | atk=  A1 | V1=1 V2=1 | consensus=0 heal=1V1 | acc=64.90% | byz_w=['0.057', '0.099', '0.060']
[112] tas        | atk=None | V1=0 V2=0 | consensus=1 heal=0 | acc=64.11% | byz_w=['0.067', '0.105', '0.069']
[113] tas        | atk=  A2 | V1=0 V2=1 | consensus=0 heal=1V2 | acc=66.27% | byz_w=['0.070', '0.104', '0.072']
[114] tas        | atk=None | V1=0 V2=0 | consensus=1 heal=0 | acc=65.85% | byz_w=['0.068', '0.098', '0.062']
[115] tas        | atk=None | V1=0 V2=0 | consensus=1 heal=0 | acc=65.14% | byz_w=['0.065', '0.093', '0.067']
[116] tas        | atk=  A3 | V1=1 V2=1 | consensus=0 heal=1V1 | acc=64.72% | byz_w=['0.068', '0.096', '0.066']
[117] tas        | atk=  A2 | V1=1 V2=1 | consensus=0 heal=1V1 | acc=64.92% | byz_w=['0.065', '0.104', '0.068']
[118] tas        | atk=  A1 | V1=0 V2=1 | consensus=0 heal=1V2 | acc=65.27% | byz_w=['0.066', '0.099', '0.068']
[119] tas        | atk=None | V1=0 V2=0 | consensus=1 heal=0 | acc=65.14% | byz_w=['0.068', '0.100', '0.067']
[120] tas        | atk=  A2 | V1=1 V2=1 | consensus=0 heal=1V1 | acc=66.87% | byz_w=['0.061', '0.099', '0.065']
[121] tas        | atk=  A1 | V1=0 V2=1 | consensus=0 heal=1V2 | acc=65.27% | byz_w=['0.064', '0.106', '0.064']
[122] tas        | atk=None | V1=0 V2=0 | consensus=1 heal=0 | acc=66.33% | byz_w=['0.068', '0.104', '0.068']
[123] tas        | atk=  A3 | V1=1 V2=1 | consensus=0 heal=1V1 | acc=63.07% | byz_w=['0.066', '0.111', '0.062']
[124] tas        | atk=  A1 | V1=0 V2=1 | consensus=0 heal=1V2 | acc=66.80% | byz_w=['0.070', '0.096', '0.064']
[125] tas        | atk=None | V1=0 V2=0 | consensus=1 heal=0 | acc=66.16% | byz_w=['0.066', '0.094', '0.062']
[126] tas        | atk=None | V1=0 V2=0 | consensus=1 heal=0 | acc=65.58% | byz_w=['0.063', '0.096', '0.072']
[127] tas        | atk=  A1 | V1=1 V2=1 | consensus=0 heal=1V1 | acc=66.96% | byz_w=['0.061', '0.100', '0.069']
[128] tas        | atk=  A3 | V1=1 V2=1 | consensus=0 heal=1V1 | acc=65.68% | byz_w=['0.057', '0.101', '0.066']
[129] tas        | atk=  A3 | V1=0 V2=1 | consensus=0 heal=1V2 | acc=66.30% | byz_w=['0.062', '0.096', '0.063']
[130] tas        | atk=None | V1=0 V2=0 | consensus=1 heal=0 | acc=64.08% | byz_w=['0.071', '0.104', '0.062']
[131] tas        | atk=  A1 | V1=1 V2=1 | consensus=0 heal=1V1 | acc=66.46% | byz_w=['0.065', '0.104', '0.063']
[132] tas        | atk=  A1 | V1=1 V2=1 | consensus=0 heal=1V1 | acc=65.78% | byz_w=['0.070', '0.101', '0.056']
[133] tas        | atk=  A3 | V1=1 V2=1 | consensus=0 heal=1V1 | acc=65.27% | byz_w=['0.067', '0.100', '0.063']
[134] tas        | atk=None | V1=0 V2=0 | consensus=1 heal=0 | acc=66.37% | byz_w=['0.058', '0.098', '0.055']
[135] tas        | atk=  A2 | V1=1 V2=1 | consensus=0 heal=1V1 | acc=65.23% | byz_w=['0.067', '0.104', '0.069']
[136] tas        | atk=  A3 | V1=1 V2=1 | consensus=0 heal=1V1 | acc=65.87% | byz_w=['0.064', '0.097', '0.056']
[137] tas        | atk=  A3 | V1=1 V2=1 | consensus=0 heal=1V1 | acc=66.89% | byz_w=['0.068', '0.103', '0.069']
[138] tas        | atk=None | V1=0 V2=0 | consensus=1 heal=0 | acc=65.57% | byz_w=['0.061', '0.093', '0.064']
[139] tas        | atk=None | V1=0 V2=0 | consensus=1 heal=0 | acc=65.05% | byz_w=['0.073', '0.099', '0.060']
[140] tas        | atk=None | V1=0 V2=0 | consensus=1 heal=0 | acc=65.17% | byz_w=['0.066', '0.109', '0.065']
[141] tas        | atk=None | V1=0 V2=0 | consensus=1 heal=0 | acc=65.77% | byz_w=['0.061', '0.100', '0.065']
[142] tas        | atk=  A2 | V1=0 V2=1 | consensus=0 heal=1V2 | acc=66.93% | byz_w=['0.071', '0.103', '0.063']
[143] tas        | atk=  A3 | V1=1 V2=1 | consensus=0 heal=1V1 | acc=65.64% | byz_w=['0.066', '0.104', '0.060']
[144] tas        | atk=  A3 | V1=1 V2=1 | consensus=0 heal=1V1 | acc=67.49% | byz_w=['0.064', '0.108', '0.059']
[145] tas        | atk=  A1 | V1=1 V2=1 | consensus=0 heal=1V1 | acc=64.50% | byz_w=['0.060', '0.103', '0.065']
[146] tas        | atk=None | V1=0 V2=0 | consensus=1 heal=0 | acc=64.77% | byz_w=['0.065', '0.099', '0.066']
[147] tas        | atk=None | V1=0 V2=0 | consensus=1 heal=0 | acc=66.26% | byz_w=['0.062', '0.095', '0.061']
[148] tas        | atk=  A3 | V1=1 V2=1 | consensus=0 heal=1V1 | acc=64.79% | byz_w=['0.065', '0.103', '0.068']
[149] tas        | atk=None | V1=0 V2=0 | consensus=1 heal=0 | acc=66.56% | byz_w=['0.070', '0.093', '0.059']
[150] tas        | atk=  A2 | V1=1 V2=1 | consensus=0 heal=1V1 | acc=65.15% | byz_w=['0.074', '0.113', '0.062']
[151] tas        | atk=None | V1=0 V2=0 | consensus=1 heal=0 | acc=66.14% | byz_w=['0.065', '0.099', '0.064']
[152] tas        | atk=None | V1=0 V2=0 | consensus=1 heal=0 | acc=65.67% | byz_w=['0.067', '0.104', '0.066']
[153] tas        | atk=  A1 | V1=0 V2=1 | consensus=0 heal=1V2 | acc=67.51% | byz_w=['0.072', '0.094', '0.060']
[154] tas        | atk=  A1 | V1=1 V2=1 | consensus=0 heal=1V1 | acc=66.66% | byz_w=['0.065', '0.096', '0.068']
[155] tas        | atk=  A1 | V1=1 V2=1 | consensus=0 heal=1V1 | acc=66.19% | byz_w=['0.067', '0.103', '0.056']
[156] tas        | atk=  A1 | V1=0 V2=1 | consensus=0 heal=1V2 | acc=67.80% | byz_w=['0.071', '0.106', '0.056']
[157] tas        | atk=None | V1=0 V2=0 | consensus=1 heal=0 | acc=65.78% | byz_w=['0.068', '0.106', '0.062']
[158] tas        | atk=  A2 | V1=0 V2=1 | consensus=0 heal=1V2 | acc=66.38% | byz_w=['0.066', '0.099', '0.054']
[159] tas        | atk=None | V1=0 V2=0 | consensus=1 heal=0 | acc=67.54% | byz_w=['0.067', '0.096', '0.066']
[160] tas        | atk=  A3 | V1=1 V2=1 | consensus=0 heal=1V1 | acc=64.85% | byz_w=['0.067', '0.093', '0.068']
[161] tas        | atk=  A3 | V1=1 V2=1 | consensus=0 heal=1V1 | acc=66.39% | byz_w=['0.068', '0.096', '0.069']
[162] tas        | atk=  A1 | V1=1 V2=1 | consensus=0 heal=1V1 | acc=66.65% | byz_w=['0.070', '0.092', '0.064']
[163] tas        | atk=  A2 | V1=1 V2=1 | consensus=0 heal=1V1 | acc=68.02% | byz_w=['0.067', '0.110', '0.065']
[164] tas        | atk=None | V1=0 V2=0 | consensus=1 heal=0 | acc=64.56% | byz_w=['0.062', '0.105', '0.059']
[165] tas        | atk=None | V1=0 V2=0 | consensus=1 heal=0 | acc=67.84% | byz_w=['0.069', '0.103', '0.057']
[166] tas        | atk=  A3 | V1=1 V2=1 | consensus=0 heal=1V1 | acc=66.52% | byz_w=['0.067', '0.096', '0.053']
[167] tas        | atk=  A1 | V1=1 V2=1 | consensus=0 heal=1V1 | acc=65.77% | byz_w=['0.065', '0.098', '0.059']
[168] tas        | atk=None | V1=0 V2=0 | consensus=1 heal=0 | acc=68.22% | byz_w=['0.072', '0.105', '0.059']
[169] tas        | atk=None | V1=0 V2=0 | consensus=1 heal=0 | acc=67.26% | byz_w=['0.068', '0.102', '0.055']
[170] tas        | atk=  A2 | V1=1 V2=1 | consensus=0 heal=1V1 | acc=64.86% | byz_w=['0.066', '0.103', '0.057']
[171] tas        | atk=  A1 | V1=0 V2=1 | consensus=0 heal=1V2 | acc=65.95% | byz_w=['0.065', '0.096', '0.066']
[172] tas        | atk=None | V1=0 V2=0 | consensus=1 heal=0 | acc=66.33% | byz_w=['0.066', '0.105', '0.059']
[173] tas        | atk=None | V1=0 V2=0 | consensus=1 heal=0 | acc=65.86% | byz_w=['0.068', '0.100', '0.064']
[174] tas        | atk=  A3 | V1=1 V2=1 | consensus=0 heal=1V1 | acc=67.88% | byz_w=['0.064', '0.098', '0.063']
[175] tas        | atk=  A3 | V1=1 V2=1 | consensus=0 heal=1V1 | acc=65.53% | byz_w=['0.061', '0.102', '0.067']
[176] tas        | atk=  A1 | V1=1 V2=1 | consensus=0 heal=1V1 | acc=65.10% | byz_w=['0.072', '0.106', '0.064']
[177] tas        | atk=None | V1=0 V2=0 | consensus=1 heal=0 | acc=67.51% | byz_w=['0.060', '0.098', '0.057']
[178] tas        | atk=  A3 | V1=1 V2=1 | consensus=0 heal=1V1 | acc=66.95% | byz_w=['0.064', '0.100', '0.061']
[179] tas        | atk=  A3 | V1=1 V2=1 | consensus=0 heal=1V1 | acc=66.77% | byz_w=['0.059', '0.103', '0.066']
[180] tas        | atk=None | V1=0 V2=0 | consensus=1 heal=0 | acc=66.21% | byz_w=['0.062', '0.098', '0.061']
[181] tas        | atk=None | V1=0 V2=0 | consensus=1 heal=0 | acc=66.14% | byz_w=['0.068', '0.106', '0.069']
[182] tas        | atk=  A1 | V1=1 V2=1 | consensus=0 heal=1V1 | acc=66.66% | byz_w=['0.063', '0.102', '0.066']
[183] tas        | atk=None | V1=0 V2=0 | consensus=1 heal=0 | acc=68.19% | byz_w=['0.065', '0.094', '0.055']
[184] tas        | atk=  A3 | V1=1 V2=1 | consensus=0 heal=1V1 | acc=66.80% | byz_w=['0.066', '0.108', '0.065']
[185] tas        | atk=  A2 | V1=1 V2=1 | consensus=0 heal=1V1 | acc=66.90% | byz_w=['0.069', '0.100', '0.061']
[186] tas        | atk=  A1 | V1=0 V2=1 | consensus=0 heal=1V2 | acc=67.73% | byz_w=['0.064', '0.100', '0.059']
[187] tas        | atk=  A3 | V1=1 V2=1 | consensus=0 heal=1V1 | acc=66.27% | byz_w=['0.063', '0.096', '0.060']
[188] tas        | atk=None | V1=0 V2=0 | consensus=1 heal=0 | acc=67.17% | byz_w=['0.067', '0.104', '0.063']
[189] tas        | atk=None | V1=0 V2=0 | consensus=1 heal=0 | acc=65.68% | byz_w=['0.070', '0.106', '0.064']
[190] tas        | atk=  A3 | V1=1 V2=1 | consensus=0 heal=1V1 | acc=66.88% | byz_w=['0.058', '0.102', '0.068']
[191] tas        | atk=  A1 | V1=1 V2=1 | consensus=0 heal=1V1 | acc=65.66% | byz_w=['0.068', '0.100', '0.063']
[192] tas        | atk=None | V1=0 V2=0 | consensus=1 heal=0 | acc=66.07% | byz_w=['0.068', '0.098', '0.057']
[193] tas        | atk=  A3 | V1=1 V2=1 | consensus=0 heal=1V1 | acc=66.23% | byz_w=['0.066', '0.101', '0.060']
[194] tas        | atk=  A2 | V1=1 V2=1 | consensus=0 heal=1V1 | acc=66.71% | byz_w=['0.060', '0.095', '0.059']
[195] tas        | atk=  A3 | V1=1 V2=1 | consensus=0 heal=1V1 | acc=68.15% | byz_w=['0.060', '0.101', '0.054']
[196] tas        | atk=  A2 | V1=0 V2=1 | consensus=0 heal=1V2 | acc=65.65% | byz_w=['0.069', '0.101', '0.060']
[197] tas        | atk=None | V1=0 V2=0 | consensus=1 heal=0 | acc=65.47% | byz_w=['0.068', '0.109', '0.065']
[198] tas        | atk=  A3 | V1=1 V2=1 | consensus=0 heal=1V1 | acc=68.42% | byz_w=['0.061', '0.096', '0.055']
[199] tas        | atk=None | V1=0 V2=0 | consensus=1 heal=0 | acc=66.10% | byz_w=['0.070', '0.106', '0.069']
[200] tas        | atk=None | V1=0 V2=0 | consensus=1 heal=0 | acc=68.50% | byz_w=['0.071', '0.092', '0.055']

============================================================
CIFAR-10 r30 Governance Ablation (Keep-Byzantine Healing)
============================================================
Config                   Best      Avg   Interc
fedavg                  63.62    36.34    0.0%
trust_only              66.20    40.38    0.0%
v1_only                 69.47    58.31   83.3%
v2_only                 68.32    59.78   99.2%
tas                     68.50    60.80  100.0%
