[Gov Ablation] 10c, 4B (40%), 200r
Files already downloaded and verified
Files already downloaded and verified
[Data] CIFAR-10: 10 clients, Non-IID α=0.3, test=10000
  Client 0: total=3148, top3=[(9, 1523), (7, 866), (5, 287)]
  Client 1: total=5007, top3=[(4, 3598), (6, 787), (0, 300)]
  Client 2: total=2301, top3=[(1, 1112), (4, 829), (6, 333)]
  Client 3: total=2713, top3=[(0, 1500), (1, 497), (9, 371)]
  Client 4: total=7529, top3=[(0, 2923), (2, 2062), (8, 1427)]
  Client 5: total=4093, top3=[(3, 2715), (2, 927), (1, 275)]
  Client 6: total=7590, top3=[(7, 3896), (5, 2303), (6, 1134)]
  Client 7: total=5279, top3=[(1, 2738), (6, 1655), (2, 280)]
  Client 8: total=6165, top3=[(8, 2778), (9, 2083), (5, 669)]
  Client 9: total=6175, top3=[(3, 1917), (2, 1475), (6, 794)]

============================================================
=== FedAvg (No Defense) ===
[001] fedavg     | atk=None | V1=0 V2=0 | consensus=1 heal=0 | acc=10.00% | byz_w=['0.100', '0.100', '0.100', '0.100']
[002] fedavg     | atk=  A3 | V1=0 V2=0 | consensus=1 heal=0 | acc=15.45% | byz_w=['0.700', '0.700', '0.700', '0.700']
[003] fedavg     | atk=None | V1=0 V2=0 | consensus=1 heal=0 | acc=16.75% | byz_w=['0.100', '0.100', '0.100', '0.100']
[004] fedavg     | atk=None | V1=0 V2=0 | consensus=1 heal=0 | acc=17.22% | byz_w=['0.100', '0.100', '0.100', '0.100']
[005] fedavg     | atk=  A3 | V1=0 V2=0 | consensus=1 heal=0 | acc=15.83% | byz_w=['0.700', '0.700', '0.700', '0.700']
[006] fedavg     | atk=  A2 | V1=0 V2=0 | consensus=1 heal=0 | acc=15.56% | byz_w=['0.350', '0.350', '0.350', '0.350']
[007] fedavg     | atk=None | V1=0 V2=0 | consensus=1 heal=0 | acc=19.93% | byz_w=['0.100', '0.100', '0.100', '0.100']
[008] fedavg     | atk=  A3 | V1=0 V2=0 | consensus=1 heal=0 | acc=16.93% | byz_w=['0.700', '0.700', '0.700', '0.700']
[009] fedavg     | atk=  A2 | V1=0 V2=0 | consensus=1 heal=0 | acc=15.86% | byz_w=['0.350', '0.350', '0.350', '0.350']
[010] fedavg     | atk=  A3 | V1=0 V2=0 | consensus=1 heal=0 | acc=15.68% | byz_w=['0.700', '0.700', '0.700', '0.700']
[011] fedavg     | atk=  A2 | V1=0 V2=0 | consensus=1 heal=0 | acc=16.15% | byz_w=['0.350', '0.350', '0.350', '0.350']
[012] fedavg     | atk=None | V1=0 V2=0 | consensus=1 heal=0 | acc=24.19% | byz_w=['0.100', '0.100', '0.100', '0.100']
[013] fedavg     | atk=None | V1=0 V2=0 | consensus=1 heal=0 | acc=24.87% | byz_w=['0.100', '0.100', '0.100', '0.100']
[014] fedavg     | atk=  A1 | V1=0 V2=0 | consensus=1 heal=0 | acc=17.53% | byz_w=['0.700', '0.700', '0.700', '0.700']
[015] fedavg     | atk=  A1 | V1=0 V2=0 | consensus=1 heal=0 | acc=14.73% | byz_w=['0.700', '0.700', '0.700', '0.700']
[016] fedavg     | atk=None | V1=0 V2=0 | consensus=1 heal=0 | acc=25.53% | byz_w=['0.100', '0.100', '0.100', '0.100']
[017] fedavg     | atk=  A3 | V1=0 V2=0 | consensus=1 heal=0 | acc=14.11% | byz_w=['0.700', '0.700', '0.700', '0.700']
[018] fedavg     | atk=  A2 | V1=0 V2=0 | consensus=1 heal=0 | acc=16.31% | byz_w=['0.350', '0.350', '0.350', '0.350']
[019] fedavg     | atk=None | V1=0 V2=0 | consensus=1 heal=0 | acc=26.80% | byz_w=['0.100', '0.100', '0.100', '0.100']
[020] fedavg     | atk=  A1 | V1=0 V2=0 | consensus=1 heal=0 | acc=15.90% | byz_w=['0.700', '0.700', '0.700', '0.700']
[021] fedavg     | atk=None | V1=0 V2=0 | consensus=1 heal=0 | acc=28.63% | byz_w=['0.100', '0.100', '0.100', '0.100']
[022] fedavg     | atk=None | V1=0 V2=0 | consensus=1 heal=0 | acc=32.78% | byz_w=['0.100', '0.100', '0.100', '0.100']
[023] fedavg     | atk=  A3 | V1=0 V2=0 | consensus=1 heal=0 | acc=17.09% | byz_w=['0.700', '0.700', '0.700', '0.700']
[024] fedavg     | atk=  A3 | V1=0 V2=0 | consensus=1 heal=0 | acc=15.08% | byz_w=['0.700', '0.700', '0.700', '0.700']
[025] fedavg     | atk=None | V1=0 V2=0 | consensus=1 heal=0 | acc=26.23% | byz_w=['0.100', '0.100', '0.100', '0.100']
[026] fedavg     | atk=  A2 | V1=0 V2=0 | consensus=1 heal=0 | acc=18.48% | byz_w=['0.350', '0.350', '0.350', '0.350']
[027] fedavg     | atk=None | V1=0 V2=0 | consensus=1 heal=0 | acc=42.06% | byz_w=['0.100', '0.100', '0.100', '0.100']
[028] fedavg     | atk=  A2 | V1=0 V2=0 | consensus=1 heal=0 | acc=18.84% | byz_w=['0.350', '0.350', '0.350', '0.350']
[029] fedavg     | atk=  A1 | V1=0 V2=0 | consensus=1 heal=0 | acc=16.91% | byz_w=['0.700', '0.700', '0.700', '0.700']
[030] fedavg     | atk=  A3 | V1=0 V2=0 | consensus=1 heal=0 | acc=16.87% | byz_w=['0.700', '0.700', '0.700', '0.700']
[031] fedavg     | atk=None | V1=0 V2=0 | consensus=1 heal=0 | acc=39.61% | byz_w=['0.100', '0.100', '0.100', '0.100']
[032] fedavg     | atk=  A3 | V1=0 V2=0 | consensus=1 heal=0 | acc=17.28% | byz_w=['0.700', '0.700', '0.700', '0.700']
[033] fedavg     | atk=  A3 | V1=0 V2=0 | consensus=1 heal=0 | acc=15.45% | byz_w=['0.700', '0.700', '0.700', '0.700']
[034] fedavg     | atk=  A2 | V1=0 V2=0 | consensus=1 heal=0 | acc=18.56% | byz_w=['0.350', '0.350', '0.350', '0.350']
[035] fedavg     | atk=  A3 | V1=0 V2=0 | consensus=1 heal=0 | acc=16.57% | byz_w=['0.700', '0.700', '0.700', '0.700']
[036] fedavg     | atk=  A3 | V1=0 V2=0 | consensus=1 heal=0 | acc=15.16% | byz_w=['0.700', '0.700', '0.700', '0.700']
[037] fedavg     | atk=None | V1=0 V2=0 | consensus=1 heal=0 | acc=39.00% | byz_w=['0.100', '0.100', '0.100', '0.100']
[038] fedavg     | atk=None | V1=0 V2=0 | consensus=1 heal=0 | acc=43.16% | byz_w=['0.100', '0.100', '0.100', '0.100']
[039] fedavg     | atk=  A1 | V1=0 V2=0 | consensus=1 heal=0 | acc=19.35% | byz_w=['0.700', '0.700', '0.700', '0.700']
[040] fedavg     | atk=None | V1=0 V2=0 | consensus=1 heal=0 | acc=45.13% | byz_w=['0.100', '0.100', '0.100', '0.100']
[041] fedavg     | atk=  A2 | V1=0 V2=0 | consensus=1 heal=0 | acc=22.13% | byz_w=['0.350', '0.350', '0.350', '0.350']
[042] fedavg     | atk=None | V1=0 V2=0 | consensus=1 heal=0 | acc=55.84% | byz_w=['0.100', '0.100', '0.100', '0.100']
[043] fedavg     | atk=None | V1=0 V2=0 | consensus=1 heal=0 | acc=43.47% | byz_w=['0.100', '0.100', '0.100', '0.100']
[044] fedavg     | atk=  A1 | V1=0 V2=0 | consensus=1 heal=0 | acc=19.45% | byz_w=['0.700', '0.700', '0.700', '0.700']
[045] fedavg     | atk=None | V1=0 V2=0 | consensus=1 heal=0 | acc=45.75% | byz_w=['0.100', '0.100', '0.100', '0.100']
[046] fedavg     | atk=  A3 | V1=0 V2=0 | consensus=1 heal=0 | acc=17.38% | byz_w=['0.700', '0.700', '0.700', '0.700']
[047] fedavg     | atk=  A3 | V1=0 V2=0 | consensus=1 heal=0 | acc=15.82% | byz_w=['0.700', '0.700', '0.700', '0.700']
[048] fedavg     | atk=  A2 | V1=0 V2=0 | consensus=1 heal=0 | acc=17.86% | byz_w=['0.350', '0.350', '0.350', '0.350']
[049] fedavg     | atk=None | V1=0 V2=0 | consensus=1 heal=0 | acc=52.45% | byz_w=['0.100', '0.100', '0.100', '0.100']
[050] fedavg     | atk=  A3 | V1=0 V2=0 | consensus=1 heal=0 | acc=19.41% | byz_w=['0.700', '0.700', '0.700', '0.700']
[051] fedavg     | atk=None | V1=0 V2=0 | consensus=1 heal=0 | acc=37.03% | byz_w=['0.100', '0.100', '0.100', '0.100']
[052] fedavg     | atk=None | V1=0 V2=0 | consensus=1 heal=0 | acc=45.75% | byz_w=['0.100', '0.100', '0.100', '0.100']
[053] fedavg     | atk=  A1 | V1=0 V2=0 | consensus=1 heal=0 | acc=20.21% | byz_w=['0.700', '0.700', '0.700', '0.700']
[054] fedavg     | atk=  A3 | V1=0 V2=0 | consensus=1 heal=0 | acc=15.01% | byz_w=['0.700', '0.700', '0.700', '0.700']
[055] fedavg     | atk=  A3 | V1=0 V2=0 | consensus=1 heal=0 | acc=15.31% | byz_w=['0.700', '0.700', '0.700', '0.700']
[056] fedavg     | atk=None | V1=0 V2=0 | consensus=1 heal=0 | acc=46.59% | byz_w=['0.100', '0.100', '0.100', '0.100']
[057] fedavg     | atk=  A3 | V1=0 V2=0 | consensus=1 heal=0 | acc=16.66% | byz_w=['0.700', '0.700', '0.700', '0.700']
[058] fedavg     | atk=  A2 | V1=0 V2=0 | consensus=1 heal=0 | acc=18.43% | byz_w=['0.350', '0.350', '0.350', '0.350']
[059] fedavg     | atk=None | V1=0 V2=0 | consensus=1 heal=0 | acc=46.92% | byz_w=['0.100', '0.100', '0.100', '0.100']
[060] fedavg     | atk=  A3 | V1=0 V2=0 | consensus=1 heal=0 | acc=18.39% | byz_w=['0.700', '0.700', '0.700', '0.700']
[061] fedavg     | atk=  A2 | V1=0 V2=0 | consensus=1 heal=0 | acc=18.87% | byz_w=['0.350', '0.350', '0.350', '0.350']
[062] fedavg     | atk=None | V1=0 V2=0 | consensus=1 heal=0 | acc=53.00% | byz_w=['0.100', '0.100', '0.100', '0.100']
[063] fedavg     | atk=  A3 | V1=0 V2=0 | consensus=1 heal=0 | acc=19.65% | byz_w=['0.700', '0.700', '0.700', '0.700']
[064] fedavg     | atk=  A3 | V1=0 V2=0 | consensus=1 heal=0 | acc=15.11% | byz_w=['0.700', '0.700', '0.700', '0.700']
[065] fedavg     | atk=  A1 | V1=0 V2=0 | consensus=1 heal=0 | acc=15.35% | byz_w=['0.700', '0.700', '0.700', '0.700']
[066] fedavg     | atk=  A2 | V1=0 V2=0 | consensus=1 heal=0 | acc=17.26% | byz_w=['0.350', '0.350', '0.350', '0.350']
[067] fedavg     | atk=None | V1=0 V2=0 | consensus=1 heal=0 | acc=57.75% | byz_w=['0.100', '0.100', '0.100', '0.100']
[068] fedavg     | atk=  A2 | V1=0 V2=0 | consensus=1 heal=0 | acc=22.16% | byz_w=['0.350', '0.350', '0.350', '0.350']
[069] fedavg     | atk=None | V1=0 V2=0 | consensus=1 heal=0 | acc=56.67% | byz_w=['0.100', '0.100', '0.100', '0.100']
[070] fedavg     | atk=None | V1=0 V2=0 | consensus=1 heal=0 | acc=47.36% | byz_w=['0.100', '0.100', '0.100', '0.100']
[071] fedavg     | atk=None | V1=0 V2=0 | consensus=1 heal=0 | acc=52.06% | byz_w=['0.100', '0.100', '0.100', '0.100']
[072] fedavg     | atk=  A3 | V1=0 V2=0 | consensus=1 heal=0 | acc=18.67% | byz_w=['0.700', '0.700', '0.700', '0.700']
[073] fedavg     | atk=None | V1=0 V2=0 | consensus=1 heal=0 | acc=48.74% | byz_w=['0.100', '0.100', '0.100', '0.100']
[074] fedavg     | atk=  A2 | V1=0 V2=0 | consensus=1 heal=0 | acc=24.23% | byz_w=['0.350', '0.350', '0.350', '0.350']
[075] fedavg     | atk=  A3 | V1=0 V2=0 | consensus=1 heal=0 | acc=14.94% | byz_w=['0.700', '0.700', '0.700', '0.700']
[076] fedavg     | atk=  A3 | V1=0 V2=0 | consensus=1 heal=0 | acc=14.79% | byz_w=['0.700', '0.700', '0.700', '0.700']
[077] fedavg     | atk=None | V1=0 V2=0 | consensus=1 heal=0 | acc=55.57% | byz_w=['0.100', '0.100', '0.100', '0.100']
[078] fedavg     | atk=  A2 | V1=0 V2=0 | consensus=1 heal=0 | acc=21.56% | byz_w=['0.350', '0.350', '0.350', '0.350']
[079] fedavg     | atk=None | V1=0 V2=0 | consensus=1 heal=0 | acc=59.39% | byz_w=['0.100', '0.100', '0.100', '0.100']
[080] fedavg     | atk=  A2 | V1=0 V2=0 | consensus=1 heal=0 | acc=21.71% | byz_w=['0.350', '0.350', '0.350', '0.350']
[081] fedavg     | atk=None | V1=0 V2=0 | consensus=1 heal=0 | acc=51.77% | byz_w=['0.100', '0.100', '0.100', '0.100']
[082] fedavg     | atk=  A3 | V1=0 V2=0 | consensus=1 heal=0 | acc=17.05% | byz_w=['0.700', '0.700', '0.700', '0.700']
[083] fedavg     | atk=  A3 | V1=0 V2=0 | consensus=1 heal=0 | acc=13.18% | byz_w=['0.700', '0.700', '0.700', '0.700']
[084] fedavg     | atk=  A1 | V1=0 V2=0 | consensus=1 heal=0 | acc=14.16% | byz_w=['0.700', '0.700', '0.700', '0.700']
[085] fedavg     | atk=None | V1=0 V2=0 | consensus=1 heal=0 | acc=42.11% | byz_w=['0.100', '0.100', '0.100', '0.100']
[086] fedavg     | atk=None | V1=0 V2=0 | consensus=1 heal=0 | acc=46.90% | byz_w=['0.100', '0.100', '0.100', '0.100']
[087] fedavg     | atk=  A1 | V1=0 V2=0 | consensus=1 heal=0 | acc=17.42% | byz_w=['0.700', '0.700', '0.700', '0.700']
[088] fedavg     | atk=  A1 | V1=0 V2=0 | consensus=1 heal=0 | acc=15.29% | byz_w=['0.700', '0.700', '0.700', '0.700']
[089] fedavg     | atk=  A2 | V1=0 V2=0 | consensus=1 heal=0 | acc=16.89% | byz_w=['0.350', '0.350', '0.350', '0.350']
[090] fedavg     | atk=None | V1=0 V2=0 | consensus=1 heal=0 | acc=59.10% | byz_w=['0.100', '0.100', '0.100', '0.100']
[091] fedavg     | atk=None | V1=0 V2=0 | consensus=1 heal=0 | acc=51.81% | byz_w=['0.100', '0.100', '0.100', '0.100']
[092] fedavg     | atk=  A2 | V1=0 V2=0 | consensus=1 heal=0 | acc=23.03% | byz_w=['0.350', '0.350', '0.350', '0.350']
[093] fedavg     | atk=  A3 | V1=0 V2=0 | consensus=1 heal=0 | acc=15.81% | byz_w=['0.700', '0.700', '0.700', '0.700']
[094] fedavg     | atk=None | V1=0 V2=0 | consensus=1 heal=0 | acc=58.52% | byz_w=['0.100', '0.100', '0.100', '0.100']
[095] fedavg     | atk=None | V1=0 V2=0 | consensus=1 heal=0 | acc=46.73% | byz_w=['0.100', '0.100', '0.100', '0.100']
[096] fedavg     | atk=None | V1=0 V2=0 | consensus=1 heal=0 | acc=57.37% | byz_w=['0.100', '0.100', '0.100', '0.100']
[097] fedavg     | atk=  A2 | V1=0 V2=0 | consensus=1 heal=0 | acc=23.87% | byz_w=['0.350', '0.350', '0.350', '0.350']
[098] fedavg     | atk=  A3 | V1=0 V2=0 | consensus=1 heal=0 | acc=14.80% | byz_w=['0.700', '0.700', '0.700', '0.700']
[099] fedavg     | atk=  A2 | V1=0 V2=0 | consensus=1 heal=0 | acc=16.45% | byz_w=['0.350', '0.350', '0.350', '0.350']
[100] fedavg     | atk=  A2 | V1=0 V2=0 | consensus=1 heal=0 | acc=17.23% | byz_w=['0.350', '0.350', '0.350', '0.350']
[101] fedavg     | atk=  A3 | V1=0 V2=0 | consensus=1 heal=0 | acc=14.19% | byz_w=['0.700', '0.700', '0.700', '0.700']
[102] fedavg     | atk=None | V1=0 V2=0 | consensus=1 heal=0 | acc=58.20% | byz_w=['0.100', '0.100', '0.100', '0.100']
[103] fedavg     | atk=  A3 | V1=0 V2=0 | consensus=1 heal=0 | acc=17.08% | byz_w=['0.700', '0.700', '0.700', '0.700']
[104] fedavg     | atk=  A2 | V1=0 V2=0 | consensus=1 heal=0 | acc=15.71% | byz_w=['0.350', '0.350', '0.350', '0.350']
[105] fedavg     | atk=  A3 | V1=0 V2=0 | consensus=1 heal=0 | acc=13.50% | byz_w=['0.700', '0.700', '0.700', '0.700']
[106] fedavg     | atk=None | V1=0 V2=0 | consensus=1 heal=0 | acc=59.15% | byz_w=['0.100', '0.100', '0.100', '0.100']
[107] fedavg     | atk=None | V1=0 V2=0 | consensus=1 heal=0 | acc=49.94% | byz_w=['0.100', '0.100', '0.100', '0.100']
[108] fedavg     | atk=None | V1=0 V2=0 | consensus=1 heal=0 | acc=56.14% | byz_w=['0.100', '0.100', '0.100', '0.100']
[109] fedavg     | atk=  A2 | V1=0 V2=0 | consensus=1 heal=0 | acc=22.26% | byz_w=['0.350', '0.350', '0.350', '0.350']
[110] fedavg     | atk=  A2 | V1=0 V2=0 | consensus=1 heal=0 | acc=23.02% | byz_w=['0.350', '0.350', '0.350', '0.350']
[111] fedavg     | atk=  A1 | V1=0 V2=0 | consensus=1 heal=0 | acc=15.79% | byz_w=['0.700', '0.700', '0.700', '0.700']
[112] fedavg     | atk=None | V1=0 V2=0 | consensus=1 heal=0 | acc=58.41% | byz_w=['0.100', '0.100', '0.100', '0.100']
[113] fedavg     | atk=  A2 | V1=0 V2=0 | consensus=1 heal=0 | acc=23.43% | byz_w=['0.350', '0.350', '0.350', '0.350']
[114] fedavg     | atk=None | V1=0 V2=0 | consensus=1 heal=0 | acc=60.05% | byz_w=['0.100', '0.100', '0.100', '0.100']
[115] fedavg     | atk=None | V1=0 V2=0 | consensus=1 heal=0 | acc=45.03% | byz_w=['0.100', '0.100', '0.100', '0.100']
[116] fedavg     | atk=  A3 | V1=0 V2=0 | consensus=1 heal=0 | acc=17.75% | byz_w=['0.700', '0.700', '0.700', '0.700']
[117] fedavg     | atk=  A2 | V1=0 V2=0 | consensus=1 heal=0 | acc=17.11% | byz_w=['0.350', '0.350', '0.350', '0.350']
[118] fedavg     | atk=  A1 | V1=0 V2=0 | consensus=1 heal=0 | acc=15.66% | byz_w=['0.700', '0.700', '0.700', '0.700']
[119] fedavg     | atk=None | V1=0 V2=0 | consensus=1 heal=0 | acc=58.67% | byz_w=['0.100', '0.100', '0.100', '0.100']
[120] fedavg     | atk=  A2 | V1=0 V2=0 | consensus=1 heal=0 | acc=22.84% | byz_w=['0.350', '0.350', '0.350', '0.350']
[121] fedavg     | atk=  A1 | V1=0 V2=0 | consensus=1 heal=0 | acc=16.96% | byz_w=['0.700', '0.700', '0.700', '0.700']
[122] fedavg     | atk=None | V1=0 V2=0 | consensus=1 heal=0 | acc=58.27% | byz_w=['0.100', '0.100', '0.100', '0.100']
[123] fedavg     | atk=  A3 | V1=0 V2=0 | consensus=1 heal=0 | acc=18.14% | byz_w=['0.700', '0.700', '0.700', '0.700']
[124] fedavg     | atk=  A1 | V1=0 V2=0 | consensus=1 heal=0 | acc=14.45% | byz_w=['0.700', '0.700', '0.700', '0.700']
[125] fedavg     | atk=None | V1=0 V2=0 | consensus=1 heal=0 | acc=48.30% | byz_w=['0.100', '0.100', '0.100', '0.100']
[126] fedavg     | atk=None | V1=0 V2=0 | consensus=1 heal=0 | acc=44.72% | byz_w=['0.100', '0.100', '0.100', '0.100']
[127] fedavg     | atk=  A1 | V1=0 V2=0 | consensus=1 heal=0 | acc=19.18% | byz_w=['0.700', '0.700', '0.700', '0.700']
[128] fedavg     | atk=  A3 | V1=0 V2=0 | consensus=1 heal=0 | acc=14.59% | byz_w=['0.700', '0.700', '0.700', '0.700']
[129] fedavg     | atk=  A3 | V1=0 V2=0 | consensus=1 heal=0 | acc=13.97% | byz_w=['0.700', '0.700', '0.700', '0.700']
[130] fedavg     | atk=None | V1=0 V2=0 | consensus=1 heal=0 | acc=55.23% | byz_w=['0.100', '0.100', '0.100', '0.100']
[131] fedavg     | atk=  A1 | V1=0 V2=0 | consensus=1 heal=0 | acc=21.24% | byz_w=['0.700', '0.700', '0.700', '0.700']
[132] fedavg     | atk=  A1 | V1=0 V2=0 | consensus=1 heal=0 | acc=15.73% | byz_w=['0.700', '0.700', '0.700', '0.700']
[133] fedavg     | atk=  A3 | V1=0 V2=0 | consensus=1 heal=0 | acc=14.37% | byz_w=['0.700', '0.700', '0.700', '0.700']
[134] fedavg     | atk=None | V1=0 V2=0 | consensus=1 heal=0 | acc=44.45% | byz_w=['0.100', '0.100', '0.100', '0.100']
[135] fedavg     | atk=  A2 | V1=0 V2=0 | consensus=1 heal=0 | acc=21.21% | byz_w=['0.350', '0.350', '0.350', '0.350']
[136] fedavg     | atk=  A3 | V1=0 V2=0 | consensus=1 heal=0 | acc=14.98% | byz_w=['0.700', '0.700', '0.700', '0.700']
[137] fedavg     | atk=  A3 | V1=0 V2=0 | consensus=1 heal=0 | acc=13.86% | byz_w=['0.700', '0.700', '0.700', '0.700']
[138] fedavg     | atk=None | V1=0 V2=0 | consensus=1 heal=0 | acc=58.59% | byz_w=['0.100', '0.100', '0.100', '0.100']
[139] fedavg     | atk=None | V1=0 V2=0 | consensus=1 heal=0 | acc=49.65% | byz_w=['0.100', '0.100', '0.100', '0.100']
[140] fedavg     | atk=None | V1=0 V2=0 | consensus=1 heal=0 | acc=57.96% | byz_w=['0.100', '0.100', '0.100', '0.100']
[141] fedavg     | atk=None | V1=0 V2=0 | consensus=1 heal=0 | acc=54.92% | byz_w=['0.100', '0.100', '0.100', '0.100']
[142] fedavg     | atk=  A2 | V1=0 V2=0 | consensus=1 heal=0 | acc=22.97% | byz_w=['0.350', '0.350', '0.350', '0.350']
[143] fedavg     | atk=  A3 | V1=0 V2=0 | consensus=1 heal=0 | acc=13.61% | byz_w=['0.700', '0.700', '0.700', '0.700']
[144] fedavg     | atk=  A3 | V1=0 V2=0 | consensus=1 heal=0 | acc=13.77% | byz_w=['0.700', '0.700', '0.700', '0.700']
[145] fedavg     | atk=  A1 | V1=0 V2=0 | consensus=1 heal=0 | acc=14.14% | byz_w=['0.700', '0.700', '0.700', '0.700']
[146] fedavg     | atk=None | V1=0 V2=0 | consensus=1 heal=0 | acc=59.03% | byz_w=['0.100', '0.100', '0.100', '0.100']
[147] fedavg     | atk=None | V1=0 V2=0 | consensus=1 heal=0 | acc=45.15% | byz_w=['0.100', '0.100', '0.100', '0.100']
[148] fedavg     | atk=  A3 | V1=0 V2=0 | consensus=1 heal=0 | acc=16.30% | byz_w=['0.700', '0.700', '0.700', '0.700']
[149] fedavg     | atk=None | V1=0 V2=0 | consensus=1 heal=0 | acc=52.35% | byz_w=['0.100', '0.100', '0.100', '0.100']
[150] fedavg     | atk=  A2 | V1=0 V2=0 | consensus=1 heal=0 | acc=21.55% | byz_w=['0.350', '0.350', '0.350', '0.350']
[151] fedavg     | atk=None | V1=0 V2=0 | consensus=1 heal=0 | acc=61.51% | byz_w=['0.100', '0.100', '0.100', '0.100']
[152] fedavg     | atk=None | V1=0 V2=0 | consensus=1 heal=0 | acc=46.25% | byz_w=['0.100', '0.100', '0.100', '0.100']
[153] fedavg     | atk=  A1 | V1=0 V2=0 | consensus=1 heal=0 | acc=17.18% | byz_w=['0.700', '0.700', '0.700', '0.700']
[154] fedavg     | atk=  A1 | V1=0 V2=0 | consensus=1 heal=0 | acc=16.83% | byz_w=['0.700', '0.700', '0.700', '0.700']
[155] fedavg     | atk=  A1 | V1=0 V2=0 | consensus=1 heal=0 | acc=16.13% | byz_w=['0.700', '0.700', '0.700', '0.700']
[156] fedavg     | atk=  A1 | V1=0 V2=0 | consensus=1 heal=0 | acc=16.51% | byz_w=['0.700', '0.700', '0.700', '0.700']
[157] fedavg     | atk=None | V1=0 V2=0 | consensus=1 heal=0 | acc=59.42% | byz_w=['0.100', '0.100', '0.100', '0.100']
[158] fedavg     | atk=  A2 | V1=0 V2=0 | consensus=1 heal=0 | acc=21.55% | byz_w=['0.350', '0.350', '0.350', '0.350']
[159] fedavg     | atk=None | V1=0 V2=0 | consensus=1 heal=0 | acc=51.65% | byz_w=['0.100', '0.100', '0.100', '0.100']
[160] fedavg     | atk=  A3 | V1=0 V2=0 | consensus=1 heal=0 | acc=16.95% | byz_w=['0.700', '0.700', '0.700', '0.700']
[161] fedavg     | atk=  A3 | V1=0 V2=0 | consensus=1 heal=0 | acc=14.51% | byz_w=['0.700', '0.700', '0.700', '0.700']
[162] fedavg     | atk=  A1 | V1=0 V2=0 | consensus=1 heal=0 | acc=14.69% | byz_w=['0.700', '0.700', '0.700', '0.700']
[163] fedavg     | atk=  A2 | V1=0 V2=0 | consensus=1 heal=0 | acc=16.93% | byz_w=['0.350', '0.350', '0.350', '0.350']
[164] fedavg     | atk=None | V1=0 V2=0 | consensus=1 heal=0 | acc=58.74% | byz_w=['0.100', '0.100', '0.100', '0.100']
[165] fedavg     | atk=None | V1=0 V2=0 | consensus=1 heal=0 | acc=40.49% | byz_w=['0.100', '0.100', '0.100', '0.100']
[166] fedavg     | atk=  A3 | V1=0 V2=0 | consensus=1 heal=0 | acc=17.31% | byz_w=['0.700', '0.700', '0.700', '0.700']
[167] fedavg     | atk=  A1 | V1=0 V2=0 | consensus=1 heal=0 | acc=14.21% | byz_w=['0.700', '0.700', '0.700', '0.700']
[168] fedavg     | atk=None | V1=0 V2=0 | consensus=1 heal=0 | acc=57.08% | byz_w=['0.100', '0.100', '0.100', '0.100']
[169] fedavg     | atk=None | V1=0 V2=0 | consensus=1 heal=0 | acc=44.89% | byz_w=['0.100', '0.100', '0.100', '0.100']
[170] fedavg     | atk=  A2 | V1=0 V2=0 | consensus=1 heal=0 | acc=24.83% | byz_w=['0.350', '0.350', '0.350', '0.350']
[171] fedavg     | atk=  A1 | V1=0 V2=0 | consensus=1 heal=0 | acc=17.33% | byz_w=['0.700', '0.700', '0.700', '0.700']
[172] fedavg     | atk=None | V1=0 V2=0 | consensus=1 heal=0 | acc=59.83% | byz_w=['0.100', '0.100', '0.100', '0.100']
[173] fedavg     | atk=None | V1=0 V2=0 | consensus=1 heal=0 | acc=39.86% | byz_w=['0.100', '0.100', '0.100', '0.100']
[174] fedavg     | atk=  A3 | V1=0 V2=0 | consensus=1 heal=0 | acc=14.79% | byz_w=['0.700', '0.700', '0.700', '0.700']
[175] fedavg     | atk=  A3 | V1=0 V2=0 | consensus=1 heal=0 | acc=14.49% | byz_w=['0.700', '0.700', '0.700', '0.700']
[176] fedavg     | atk=  A1 | V1=0 V2=0 | consensus=1 heal=0 | acc=13.33% | byz_w=['0.700', '0.700', '0.700', '0.700']
[177] fedavg     | atk=None | V1=0 V2=0 | consensus=1 heal=0 | acc=58.94% | byz_w=['0.100', '0.100', '0.100', '0.100']
[178] fedavg     | atk=  A3 | V1=0 V2=0 | consensus=1 heal=0 | acc=17.85% | byz_w=['0.700', '0.700', '0.700', '0.700']
[179] fedavg     | atk=  A3 | V1=0 V2=0 | consensus=1 heal=0 | acc=15.61% | byz_w=['0.700', '0.700', '0.700', '0.700']
[180] fedavg     | atk=None | V1=0 V2=0 | consensus=1 heal=0 | acc=42.81% | byz_w=['0.100', '0.100', '0.100', '0.100']
[181] fedavg     | atk=None | V1=0 V2=0 | consensus=1 heal=0 | acc=47.00% | byz_w=['0.100', '0.100', '0.100', '0.100']
[182] fedavg     | atk=  A1 | V1=0 V2=0 | consensus=1 heal=0 | acc=18.83% | byz_w=['0.700', '0.700', '0.700', '0.700']
[183] fedavg     | atk=None | V1=0 V2=0 | consensus=1 heal=0 | acc=59.81% | byz_w=['0.100', '0.100', '0.100', '0.100']
[184] fedavg     | atk=  A3 | V1=0 V2=0 | consensus=1 heal=0 | acc=19.30% | byz_w=['0.700', '0.700', '0.700', '0.700']
[185] fedavg     | atk=  A2 | V1=0 V2=0 | consensus=1 heal=0 | acc=16.54% | byz_w=['0.350', '0.350', '0.350', '0.350']
[186] fedavg     | atk=  A1 | V1=0 V2=0 | consensus=1 heal=0 | acc=15.19% | byz_w=['0.700', '0.700', '0.700', '0.700']
[187] fedavg     | atk=  A3 | V1=0 V2=0 | consensus=1 heal=0 | acc=13.84% | byz_w=['0.700', '0.700', '0.700', '0.700']
[188] fedavg     | atk=None | V1=0 V2=0 | consensus=1 heal=0 | acc=55.27% | byz_w=['0.100', '0.100', '0.100', '0.100']
[189] fedavg     | atk=None | V1=0 V2=0 | consensus=1 heal=0 | acc=50.51% | byz_w=['0.100', '0.100', '0.100', '0.100']
[190] fedavg     | atk=  A3 | V1=0 V2=0 | consensus=1 heal=0 | acc=19.22% | byz_w=['0.700', '0.700', '0.700', '0.700']
[191] fedavg     | atk=  A1 | V1=0 V2=0 | consensus=1 heal=0 | acc=14.58% | byz_w=['0.700', '0.700', '0.700', '0.700']
[192] fedavg     | atk=None | V1=0 V2=0 | consensus=1 heal=0 | acc=58.15% | byz_w=['0.100', '0.100', '0.100', '0.100']
[193] fedavg     | atk=  A3 | V1=0 V2=0 | consensus=1 heal=0 | acc=19.28% | byz_w=['0.700', '0.700', '0.700', '0.700']
[194] fedavg     | atk=  A2 | V1=0 V2=0 | consensus=1 heal=0 | acc=16.33% | byz_w=['0.350', '0.350', '0.350', '0.350']
[195] fedavg     | atk=  A3 | V1=0 V2=0 | consensus=1 heal=0 | acc=13.97% | byz_w=['0.700', '0.700', '0.700', '0.700']
[196] fedavg     | atk=  A2 | V1=0 V2=0 | consensus=1 heal=0 | acc=15.53% | byz_w=['0.350', '0.350', '0.350', '0.350']
[197] fedavg     | atk=None | V1=0 V2=0 | consensus=1 heal=0 | acc=53.47% | byz_w=['0.100', '0.100', '0.100', '0.100']
[198] fedavg     | atk=  A3 | V1=0 V2=0 | consensus=1 heal=0 | acc=17.01% | byz_w=['0.700', '0.700', '0.700', '0.700']
[199] fedavg     | atk=None | V1=0 V2=0 | consensus=1 heal=0 | acc=42.65% | byz_w=['0.100', '0.100', '0.100', '0.100']
[200] fedavg     | atk=None | V1=0 V2=0 | consensus=1 heal=0 | acc=46.63% | byz_w=['0.100', '0.100', '0.100', '0.100']

============================================================
=== Trust Only ===
[001] trust_only | atk=None | V1=0 V2=0 | consensus=1 heal=0 | acc=10.00% | byz_w=['0.010', '0.071', '0.066', '0.037']
[002] trust_only | atk=  A3 | V1=0 V2=0 | consensus=1 heal=0 | acc=13.97% | byz_w=['0.049', '0.105', '0.068', '0.059']
[003] trust_only | atk=None | V1=0 V2=0 | consensus=1 heal=0 | acc=12.46% | byz_w=['0.057', '0.126', '0.058', '0.065']
[004] trust_only | atk=None | V1=0 V2=0 | consensus=1 heal=0 | acc=18.53% | byz_w=['0.055', '0.130', '0.041', '0.058']
[005] trust_only | atk=  A3 | V1=0 V2=0 | consensus=1 heal=0 | acc=15.89% | byz_w=['0.046', '0.144', '0.044', '0.056']
[006] trust_only | atk=  A2 | V1=0 V2=0 | consensus=1 heal=0 | acc=18.44% | byz_w=['0.031', '0.155', '0.039', '0.054']
[007] trust_only | atk=None | V1=0 V2=0 | consensus=1 heal=0 | acc=19.37% | byz_w=['0.033', '0.152', '0.035', '0.042']
[008] trust_only | atk=  A3 | V1=0 V2=0 | consensus=1 heal=0 | acc=19.40% | byz_w=['0.035', '0.146', '0.040', '0.038']
[009] trust_only | atk=  A2 | V1=0 V2=0 | consensus=1 heal=0 | acc=18.31% | byz_w=['0.039', '0.125', '0.037', '0.031']
[010] trust_only | atk=  A3 | V1=0 V2=0 | consensus=1 heal=0 | acc=16.66% | byz_w=['0.034', '0.102', '0.034', '0.026']
[011] trust_only | atk=  A2 | V1=0 V2=0 | consensus=1 heal=0 | acc=17.32% | byz_w=['0.030', '0.087', '0.037', '0.027']
[012] trust_only | atk=None | V1=0 V2=0 | consensus=1 heal=0 | acc=32.47% | byz_w=['0.024', '0.075', '0.035', '0.022']
[013] trust_only | atk=None | V1=0 V2=0 | consensus=1 heal=0 | acc=28.18% | byz_w=['0.043', '0.107', '0.069', '0.030']
[014] trust_only | atk=  A1 | V1=0 V2=0 | consensus=1 heal=0 | acc=19.98% | byz_w=['0.057', '0.122', '0.072', '0.040']
[015] trust_only | atk=  A1 | V1=0 V2=0 | consensus=1 heal=0 | acc=15.47% | byz_w=['0.035', '0.067', '0.038', '0.021']
[016] trust_only | atk=None | V1=0 V2=0 | consensus=1 heal=0 | acc=38.48% | byz_w=['0.029', '0.033', '0.020', '0.015']
[017] trust_only | atk=  A3 | V1=0 V2=0 | consensus=1 heal=0 | acc=18.34% | byz_w=['0.049', '0.122', '0.098', '0.071']
[018] trust_only | atk=  A2 | V1=0 V2=0 | consensus=1 heal=0 | acc=19.34% | byz_w=['0.039', '0.061', '0.048', '0.037']
[019] trust_only | atk=None | V1=0 V2=0 | consensus=1 heal=0 | acc=41.80% | byz_w=['0.027', '0.034', '0.025', '0.020']
[020] trust_only | atk=  A1 | V1=0 V2=0 | consensus=1 heal=0 | acc=19.35% | byz_w=['0.053', '0.126', '0.114', '0.096']
[021] trust_only | atk=None | V1=0 V2=0 | consensus=1 heal=0 | acc=43.78% | byz_w=['0.036', '0.061', '0.050', '0.047']
[022] trust_only | atk=None | V1=0 V2=0 | consensus=1 heal=0 | acc=27.97% | byz_w=['0.057', '0.139', '0.120', '0.085']
[023] trust_only | atk=  A3 | V1=0 V2=0 | consensus=1 heal=0 | acc=17.29% | byz_w=['0.090', '0.089', '0.072', '0.066']
[024] trust_only | atk=  A3 | V1=0 V2=0 | consensus=1 heal=0 | acc=14.17% | byz_w=['0.047', '0.039', '0.033', '0.035']
[025] trust_only | atk=None | V1=0 V2=0 | consensus=1 heal=0 | acc=47.68% | byz_w=['0.030', '0.017', '0.016', '0.018']
[026] trust_only | atk=  A2 | V1=0 V2=0 | consensus=1 heal=0 | acc=21.62% | byz_w=['0.055', '0.133', '0.132', '0.054']
[027] trust_only | atk=None | V1=0 V2=0 | consensus=1 heal=0 | acc=49.70% | byz_w=['0.055', '0.063', '0.060', '0.037']
[028] trust_only | atk=  A2 | V1=0 V2=0 | consensus=1 heal=0 | acc=21.26% | byz_w=['0.073', '0.128', '0.102', '0.067']
[029] trust_only | atk=  A1 | V1=0 V2=0 | consensus=1 heal=0 | acc=16.00% | byz_w=['0.056', '0.058', '0.047', '0.037']
[030] trust_only | atk=  A3 | V1=0 V2=0 | consensus=1 heal=0 | acc=14.84% | byz_w=['0.036', '0.028', '0.025', '0.022']
[031] trust_only | atk=None | V1=0 V2=0 | consensus=1 heal=0 | acc=51.16% | byz_w=['0.028', '0.013', '0.013', '0.014']
[032] trust_only | atk=  A3 | V1=0 V2=0 | consensus=1 heal=0 | acc=19.15% | byz_w=['0.052', '0.129', '0.129', '0.078']
[033] trust_only | atk=  A3 | V1=0 V2=0 | consensus=1 heal=0 | acc=15.24% | byz_w=['0.052', '0.060', '0.059', '0.040']
[034] trust_only | atk=  A2 | V1=0 V2=0 | consensus=1 heal=0 | acc=24.13% | byz_w=['0.031', '0.030', '0.032', '0.022']
[035] trust_only | atk=  A3 | V1=0 V2=0 | consensus=1 heal=0 | acc=16.00% | byz_w=['0.023', '0.022', '0.025', '0.016']
[036] trust_only | atk=  A3 | V1=0 V2=0 | consensus=1 heal=0 | acc=14.60% | byz_w=['0.018', '0.013', '0.014', '0.010']
[037] trust_only | atk=None | V1=0 V2=0 | consensus=1 heal=0 | acc=52.92% | byz_w=['0.015', '0.009', '0.008', '0.008']
[038] trust_only | atk=None | V1=0 V2=0 | consensus=1 heal=0 | acc=38.73% | byz_w=['0.040', '0.125', '0.126', '0.071']
[039] trust_only | atk=  A1 | V1=0 V2=0 | consensus=1 heal=0 | acc=21.01% | byz_w=['0.088', '0.087', '0.085', '0.072']
[040] trust_only | atk=None | V1=0 V2=0 | consensus=1 heal=0 | acc=54.63% | byz_w=['0.047', '0.045', '0.043', '0.038']
[041] trust_only | atk=  A2 | V1=0 V2=0 | consensus=1 heal=0 | acc=21.78% | byz_w=['0.064', '0.123', '0.131', '0.073']
[042] trust_only | atk=None | V1=0 V2=0 | consensus=1 heal=0 | acc=55.09% | byz_w=['0.049', '0.063', '0.066', '0.043']
[043] trust_only | atk=None | V1=0 V2=0 | consensus=1 heal=0 | acc=43.56% | byz_w=['0.071', '0.120', '0.134', '0.065']
[044] trust_only | atk=  A1 | V1=0 V2=0 | consensus=1 heal=0 | acc=19.95% | byz_w=['0.078', '0.098', '0.089', '0.080']
[045] trust_only | atk=None | V1=0 V2=0 | consensus=1 heal=0 | acc=53.74% | byz_w=['0.049', '0.050', '0.046', '0.042']
[046] trust_only | atk=  A3 | V1=0 V2=0 | consensus=1 heal=0 | acc=20.73% | byz_w=['0.071', '0.138', '0.142', '0.066']
[047] trust_only | atk=  A3 | V1=0 V2=0 | consensus=1 heal=0 | acc=16.92% | byz_w=['0.045', '0.066', '0.064', '0.043']
[048] trust_only | atk=  A2 | V1=0 V2=0 | consensus=1 heal=0 | acc=22.42% | byz_w=['0.031', '0.033', '0.035', '0.023']
[049] trust_only | atk=None | V1=0 V2=0 | consensus=1 heal=0 | acc=56.63% | byz_w=['0.027', '0.028', '0.030', '0.018']
[050] trust_only | atk=  A3 | V1=0 V2=0 | consensus=1 heal=0 | acc=20.13% | byz_w=['0.077', '0.132', '0.133', '0.070']
[051] trust_only | atk=None | V1=0 V2=0 | consensus=1 heal=0 | acc=55.93% | byz_w=['0.049', '0.064', '0.065', '0.035']
[052] trust_only | atk=None | V1=0 V2=0 | consensus=1 heal=0 | acc=45.07% | byz_w=['0.065', '0.107', '0.115', '0.068']
[053] trust_only | atk=  A1 | V1=0 V2=0 | consensus=1 heal=0 | acc=19.69% | byz_w=['0.087', '0.091', '0.087', '0.069']
[054] trust_only | atk=  A3 | V1=0 V2=0 | consensus=1 heal=0 | acc=18.05% | byz_w=['0.049', '0.048', '0.048', '0.040']
[055] trust_only | atk=  A3 | V1=0 V2=0 | consensus=1 heal=0 | acc=16.89% | byz_w=['0.032', '0.026', '0.026', '0.025']
[056] trust_only | atk=None | V1=0 V2=0 | consensus=1 heal=0 | acc=56.37% | byz_w=['0.023', '0.018', '0.018', '0.016']
[057] trust_only | atk=  A3 | V1=0 V2=0 | consensus=1 heal=0 | acc=20.93% | byz_w=['0.050', '0.119', '0.130', '0.065']
[058] trust_only | atk=  A2 | V1=0 V2=0 | consensus=1 heal=0 | acc=24.10% | byz_w=['0.041', '0.062', '0.068', '0.039']
[059] trust_only | atk=None | V1=0 V2=0 | consensus=1 heal=0 | acc=56.77% | byz_w=['0.034', '0.039', '0.043', '0.027']
[060] trust_only | atk=  A3 | V1=0 V2=0 | consensus=1 heal=0 | acc=22.30% | byz_w=['0.073', '0.123', '0.130', '0.066']
[061] trust_only | atk=  A2 | V1=0 V2=0 | consensus=1 heal=0 | acc=25.15% | byz_w=['0.047', '0.063', '0.068', '0.046']
[062] trust_only | atk=None | V1=0 V2=0 | consensus=1 heal=0 | acc=58.46% | byz_w=['0.037', '0.043', '0.042', '0.029']
[063] trust_only | atk=  A3 | V1=0 V2=0 | consensus=1 heal=0 | acc=20.84% | byz_w=['0.061', '0.118', '0.133', '0.069']
[064] trust_only | atk=  A3 | V1=0 V2=0 | consensus=1 heal=0 | acc=17.82% | byz_w=['0.047', '0.061', '0.067', '0.043']
[065] trust_only | atk=  A1 | V1=0 V2=0 | consensus=1 heal=0 | acc=18.78% | byz_w=['0.034', '0.035', '0.037', '0.027']
[066] trust_only | atk=  A2 | V1=0 V2=0 | consensus=1 heal=0 | acc=25.18% | byz_w=['0.026', '0.025', '0.026', '0.019']
[067] trust_only | atk=None | V1=0 V2=0 | consensus=1 heal=0 | acc=58.46% | byz_w=['0.028', '0.027', '0.030', '0.022']
[068] trust_only | atk=  A2 | V1=0 V2=0 | consensus=1 heal=0 | acc=24.97% | byz_w=['0.065', '0.129', '0.136', '0.064']
[069] trust_only | atk=None | V1=0 V2=0 | consensus=1 heal=0 | acc=57.66% | byz_w=['0.050', '0.068', '0.079', '0.041']
[070] trust_only | atk=None | V1=0 V2=0 | consensus=1 heal=0 | acc=44.67% | byz_w=['0.068', '0.112', '0.132', '0.062']
[071] trust_only | atk=None | V1=0 V2=0 | consensus=1 heal=0 | acc=60.02% | byz_w=['0.080', '0.088', '0.092', '0.063']
[072] trust_only | atk=  A3 | V1=0 V2=0 | consensus=1 heal=0 | acc=19.97% | byz_w=['0.079', '0.116', '0.128', '0.071']
[073] trust_only | atk=None | V1=0 V2=0 | consensus=1 heal=0 | acc=56.72% | byz_w=['0.048', '0.060', '0.064', '0.043']
[074] trust_only | atk=  A2 | V1=0 V2=0 | consensus=1 heal=0 | acc=27.97% | byz_w=['0.063', '0.104', '0.113', '0.065']
[075] trust_only | atk=  A3 | V1=0 V2=0 | consensus=1 heal=0 | acc=18.11% | byz_w=['0.050', '0.057', '0.063', '0.041']
[076] trust_only | atk=  A3 | V1=0 V2=0 | consensus=1 heal=0 | acc=16.26% | byz_w=['0.035', '0.033', '0.038', '0.025']
[077] trust_only | atk=None | V1=0 V2=0 | consensus=1 heal=0 | acc=55.98% | byz_w=['0.026', '0.023', '0.028', '0.020']
[078] trust_only | atk=  A2 | V1=0 V2=0 | consensus=1 heal=0 | acc=29.74% | byz_w=['0.056', '0.117', '0.119', '0.065']
[079] trust_only | atk=None | V1=0 V2=0 | consensus=1 heal=0 | acc=58.74% | byz_w=['0.048', '0.070', '0.067', '0.047']
[080] trust_only | atk=  A2 | V1=0 V2=0 | consensus=1 heal=0 | acc=25.45% | byz_w=['0.056', '0.120', '0.132', '0.063']
[081] trust_only | atk=None | V1=0 V2=0 | consensus=1 heal=0 | acc=57.48% | byz_w=['0.051', '0.065', '0.073', '0.049']
[082] trust_only | atk=  A3 | V1=0 V2=0 | consensus=1 heal=0 | acc=22.37% | byz_w=['0.072', '0.118', '0.129', '0.068']
[083] trust_only | atk=  A3 | V1=0 V2=0 | consensus=1 heal=0 | acc=16.26% | byz_w=['0.050', '0.064', '0.071', '0.045']
[084] trust_only | atk=  A1 | V1=0 V2=0 | consensus=1 heal=0 | acc=17.70% | byz_w=['0.035', '0.037', '0.043', '0.027']
[085] trust_only | atk=None | V1=0 V2=0 | consensus=1 heal=0 | acc=56.68% | byz_w=['0.025', '0.028', '0.032', '0.020']
[086] trust_only | atk=None | V1=0 V2=0 | consensus=1 heal=0 | acc=49.58% | byz_w=['0.055', '0.096', '0.134', '0.051']
[087] trust_only | atk=  A1 | V1=0 V2=0 | consensus=1 heal=0 | acc=20.17% | byz_w=['0.084', '0.100', '0.099', '0.055']
[088] trust_only | atk=  A1 | V1=0 V2=0 | consensus=1 heal=0 | acc=18.21% | byz_w=['0.057', '0.058', '0.057', '0.037']
[089] trust_only | atk=  A2 | V1=0 V2=0 | consensus=1 heal=0 | acc=27.92% | byz_w=['0.036', '0.034', '0.039', '0.028']
[090] trust_only | atk=None | V1=0 V2=0 | consensus=1 heal=0 | acc=56.89% | byz_w=['0.034', '0.034', '0.041', '0.029']
[091] trust_only | atk=None | V1=0 V2=0 | consensus=1 heal=0 | acc=50.13% | byz_w=['0.068', '0.117', '0.122', '0.071']
[092] trust_only | atk=  A2 | V1=0 V2=0 | consensus=1 heal=0 | acc=25.10% | byz_w=['0.084', '0.098', '0.098', '0.074']
[093] trust_only | atk=  A3 | V1=0 V2=0 | consensus=1 heal=0 | acc=17.79% | byz_w=['0.059', '0.061', '0.060', '0.047']
[094] trust_only | atk=None | V1=0 V2=0 | consensus=1 heal=0 | acc=58.12% | byz_w=['0.038', '0.036', '0.037', '0.032']
[095] trust_only | atk=None | V1=0 V2=0 | consensus=1 heal=0 | acc=42.59% | byz_w=['0.057', '0.113', '0.135', '0.066']
[096] trust_only | atk=None | V1=0 V2=0 | consensus=1 heal=0 | acc=60.79% | byz_w=['0.081', '0.085', '0.107', '0.080']
[097] trust_only | atk=  A2 | V1=0 V2=0 | consensus=1 heal=0 | acc=24.60% | byz_w=['0.079', '0.103', '0.124', '0.073']
[098] trust_only | atk=  A3 | V1=0 V2=0 | consensus=1 heal=0 | acc=18.54% | byz_w=['0.056', '0.063', '0.072', '0.050']
[099] trust_only | atk=  A2 | V1=0 V2=0 | consensus=1 heal=0 | acc=23.61% | byz_w=['0.037', '0.037', '0.040', '0.032']
[100] trust_only | atk=  A2 | V1=0 V2=0 | consensus=1 heal=0 | acc=27.51% | byz_w=['0.034', '0.034', '0.039', '0.024']
[101] trust_only | atk=  A3 | V1=0 V2=0 | consensus=1 heal=0 | acc=17.79% | byz_w=['0.034', '0.036', '0.041', '0.025']
[102] trust_only | atk=None | V1=0 V2=0 | consensus=1 heal=0 | acc=57.50% | byz_w=['0.023', '0.027', '0.033', '0.021']
[103] trust_only | atk=  A3 | V1=0 V2=0 | consensus=1 heal=0 | acc=22.69% | byz_w=['0.051', '0.124', '0.137', '0.071']
[104] trust_only | atk=  A2 | V1=0 V2=0 | consensus=1 heal=0 | acc=21.61% | byz_w=['0.048', '0.072', '0.079', '0.049']
[105] trust_only | atk=  A3 | V1=0 V2=0 | consensus=1 heal=0 | acc=18.61% | byz_w=['0.036', '0.053', '0.058', '0.038']
[106] trust_only | atk=None | V1=0 V2=0 | consensus=1 heal=0 | acc=56.81% | byz_w=['0.026', '0.032', '0.037', '0.023']
[107] trust_only | atk=None | V1=0 V2=0 | consensus=1 heal=0 | acc=51.39% | byz_w=['0.046', '0.100', '0.122', '0.068']
[108] trust_only | atk=None | V1=0 V2=0 | consensus=1 heal=0 | acc=63.80% | byz_w=['0.068', '0.094', '0.099', '0.063']
[109] trust_only | atk=  A2 | V1=0 V2=0 | consensus=1 heal=0 | acc=27.03% | byz_w=['0.076', '0.100', '0.101', '0.072']
[110] trust_only | atk=  A2 | V1=0 V2=0 | consensus=1 heal=0 | acc=24.36% | byz_w=['0.053', '0.064', '0.065', '0.053']
[111] trust_only | atk=  A1 | V1=0 V2=0 | consensus=1 heal=0 | acc=18.80% | byz_w=['0.043', '0.052', '0.053', '0.040']
[112] trust_only | atk=None | V1=0 V2=0 | consensus=1 heal=0 | acc=58.40% | byz_w=['0.034', '0.035', '0.040', '0.029']
[113] trust_only | atk=  A2 | V1=0 V2=0 | consensus=1 heal=0 | acc=28.04% | byz_w=['0.058', '0.106', '0.114', '0.068']
[114] trust_only | atk=None | V1=0 V2=0 | consensus=1 heal=0 | acc=60.07% | byz_w=['0.051', '0.066', '0.073', '0.052']
[115] trust_only | atk=None | V1=0 V2=0 | consensus=1 heal=0 | acc=49.70% | byz_w=['0.067', '0.111', '0.115', '0.059']
[116] trust_only | atk=  A3 | V1=0 V2=0 | consensus=1 heal=0 | acc=17.60% | byz_w=['0.091', '0.098', '0.097', '0.068']
[117] trust_only | atk=  A2 | V1=0 V2=0 | consensus=1 heal=0 | acc=24.44% | byz_w=['0.055', '0.058', '0.060', '0.045']
[118] trust_only | atk=  A1 | V1=0 V2=0 | consensus=1 heal=0 | acc=19.74% | byz_w=['0.047', '0.043', '0.046', '0.034']
[119] trust_only | atk=None | V1=0 V2=0 | consensus=1 heal=0 | acc=59.46% | byz_w=['0.034', '0.033', '0.035', '0.027']
[120] trust_only | atk=  A2 | V1=0 V2=0 | consensus=1 heal=0 | acc=24.78% | byz_w=['0.052', '0.109', '0.139', '0.069']
[121] trust_only | atk=  A1 | V1=0 V2=0 | consensus=1 heal=0 | acc=20.02% | byz_w=['0.049', '0.067', '0.080', '0.052']
[122] trust_only | atk=None | V1=0 V2=0 | consensus=1 heal=0 | acc=58.14% | byz_w=['0.037', '0.043', '0.049', '0.034']
[123] trust_only | atk=  A3 | V1=0 V2=0 | consensus=1 heal=0 | acc=20.97% | byz_w=['0.061', '0.126', '0.119', '0.060']
[124] trust_only | atk=  A1 | V1=0 V2=0 | consensus=1 heal=0 | acc=18.21% | byz_w=['0.047', '0.070', '0.068', '0.041']
[125] trust_only | atk=None | V1=0 V2=0 | consensus=1 heal=0 | acc=58.62% | byz_w=['0.032', '0.042', '0.044', '0.028']
[126] trust_only | atk=None | V1=0 V2=0 | consensus=1 heal=0 | acc=49.93% | byz_w=['0.058', '0.111', '0.117', '0.061']
[127] trust_only | atk=  A1 | V1=0 V2=0 | consensus=1 heal=0 | acc=20.99% | byz_w=['0.070', '0.096', '0.102', '0.062']
[128] trust_only | atk=  A3 | V1=0 V2=0 | consensus=1 heal=0 | acc=17.60% | byz_w=['0.049', '0.058', '0.062', '0.041']
[129] trust_only | atk=  A3 | V1=0 V2=0 | consensus=1 heal=0 | acc=16.04% | byz_w=['0.037', '0.036', '0.044', '0.031']
[130] trust_only | atk=None | V1=0 V2=0 | consensus=1 heal=0 | acc=57.26% | byz_w=['0.028', '0.026', '0.032', '0.026']
[131] trust_only | atk=  A1 | V1=0 V2=0 | consensus=1 heal=0 | acc=23.11% | byz_w=['0.048', '0.087', '0.119', '0.064']
[132] trust_only | atk=  A1 | V1=0 V2=0 | consensus=1 heal=0 | acc=16.62% | byz_w=['0.043', '0.057', '0.068', '0.045']
[133] trust_only | atk=  A3 | V1=0 V2=0 | consensus=1 heal=0 | acc=15.60% | byz_w=['0.036', '0.039', '0.046', '0.030']
[134] trust_only | atk=None | V1=0 V2=0 | consensus=1 heal=0 | acc=57.10% | byz_w=['0.028', '0.030', '0.032', '0.023']
[135] trust_only | atk=  A2 | V1=0 V2=0 | consensus=1 heal=0 | acc=24.76% | byz_w=['0.051', '0.112', '0.120', '0.067']
[136] trust_only | atk=  A3 | V1=0 V2=0 | consensus=1 heal=0 | acc=18.01% | byz_w=['0.048', '0.070', '0.075', '0.050']
[137] trust_only | atk=  A3 | V1=0 V2=0 | consensus=1 heal=0 | acc=18.51% | byz_w=['0.035', '0.045', '0.048', '0.032']
[138] trust_only | atk=None | V1=0 V2=0 | consensus=1 heal=0 | acc=57.99% | byz_w=['0.025', '0.028', '0.034', '0.026']
[139] trust_only | atk=None | V1=0 V2=0 | consensus=1 heal=0 | acc=43.73% | byz_w=['0.047', '0.108', '0.125', '0.060']
[140] trust_only | atk=None | V1=0 V2=0 | consensus=1 heal=0 | acc=61.63% | byz_w=['0.067', '0.091', '0.105', '0.069']
[141] trust_only | atk=None | V1=0 V2=0 | consensus=1 heal=0 | acc=54.38% | byz_w=['0.075', '0.107', '0.102', '0.081']
[142] trust_only | atk=  A2 | V1=0 V2=0 | consensus=1 heal=0 | acc=23.16% | byz_w=['0.076', '0.103', '0.097', '0.082']
[143] trust_only | atk=  A3 | V1=0 V2=0 | consensus=1 heal=0 | acc=16.70% | byz_w=['0.056', '0.068', '0.066', '0.054']
[144] trust_only | atk=  A3 | V1=0 V2=0 | consensus=1 heal=0 | acc=15.03% | byz_w=['0.040', '0.041', '0.043', '0.037']
[145] trust_only | atk=  A1 | V1=0 V2=0 | consensus=1 heal=0 | acc=18.39% | byz_w=['0.027', '0.029', '0.033', '0.026']
[146] trust_only | atk=None | V1=0 V2=0 | consensus=1 heal=0 | acc=58.05% | byz_w=['0.023', '0.027', '0.028', '0.024']
[147] trust_only | atk=None | V1=0 V2=0 | consensus=1 heal=0 | acc=43.75% | byz_w=['0.056', '0.101', '0.132', '0.072']
[148] trust_only | atk=  A3 | V1=0 V2=0 | consensus=1 heal=0 | acc=21.75% | byz_w=['0.075', '0.094', '0.107', '0.068']
[149] trust_only | atk=None | V1=0 V2=0 | consensus=1 heal=0 | acc=58.96% | byz_w=['0.052', '0.057', '0.062', '0.043']
[150] trust_only | atk=  A2 | V1=0 V2=0 | consensus=1 heal=0 | acc=25.34% | byz_w=['0.060', '0.091', '0.114', '0.060']
[151] trust_only | atk=None | V1=0 V2=0 | consensus=1 heal=0 | acc=57.73% | byz_w=['0.051', '0.061', '0.074', '0.051']
[152] trust_only | atk=None | V1=0 V2=0 | consensus=1 heal=0 | acc=51.16% | byz_w=['0.062', '0.101', '0.113', '0.070']
[153] trust_only | atk=  A1 | V1=0 V2=0 | consensus=1 heal=0 | acc=21.32% | byz_w=['0.082', '0.100', '0.100', '0.068']
[154] trust_only | atk=  A1 | V1=0 V2=0 | consensus=1 heal=0 | acc=17.90% | byz_w=['0.049', '0.061', '0.062', '0.049']
[155] trust_only | atk=  A1 | V1=0 V2=0 | consensus=1 heal=0 | acc=18.21% | byz_w=['0.041', '0.042', '0.044', '0.034']
[156] trust_only | atk=  A1 | V1=0 V2=0 | consensus=1 heal=0 | acc=17.89% | byz_w=['0.031', '0.032', '0.034', '0.029']
[157] trust_only | atk=None | V1=0 V2=0 | consensus=1 heal=0 | acc=59.54% | byz_w=['0.028', '0.028', '0.034', '0.025']
[158] trust_only | atk=  A2 | V1=0 V2=0 | consensus=1 heal=0 | acc=24.76% | byz_w=['0.055', '0.111', '0.127', '0.066']
[159] trust_only | atk=None | V1=0 V2=0 | consensus=1 heal=0 | acc=58.94% | byz_w=['0.048', '0.067', '0.079', '0.052']
[160] trust_only | atk=  A3 | V1=0 V2=0 | consensus=1 heal=0 | acc=21.77% | byz_w=['0.062', '0.102', '0.117', '0.063']
[161] trust_only | atk=  A3 | V1=0 V2=0 | consensus=1 heal=0 | acc=18.93% | byz_w=['0.049', '0.059', '0.063', '0.048']
[162] trust_only | atk=  A1 | V1=0 V2=0 | consensus=1 heal=0 | acc=14.40% | byz_w=['0.033', '0.036', '0.042', '0.031']
[163] trust_only | atk=  A2 | V1=0 V2=0 | consensus=1 heal=0 | acc=27.10% | byz_w=['0.028', '0.026', '0.035', '0.024']
[164] trust_only | atk=None | V1=0 V2=0 | consensus=1 heal=0 | acc=58.27% | byz_w=['0.028', '0.035', '0.036', '0.030']
[165] trust_only | atk=None | V1=0 V2=0 | consensus=1 heal=0 | acc=51.80% | byz_w=['0.059', '0.099', '0.127', '0.063']
[166] trust_only | atk=  A3 | V1=0 V2=0 | consensus=1 heal=0 | acc=18.79% | byz_w=['0.068', '0.097', '0.106', '0.071']
[167] trust_only | atk=  A1 | V1=0 V2=0 | consensus=1 heal=0 | acc=17.20% | byz_w=['0.048', '0.058', '0.061', '0.046']
[168] trust_only | atk=None | V1=0 V2=0 | consensus=1 heal=0 | acc=59.33% | byz_w=['0.033', '0.040', '0.042', '0.035']
[169] trust_only | atk=None | V1=0 V2=0 | consensus=1 heal=0 | acc=45.63% | byz_w=['0.054', '0.109', '0.130', '0.076']
[170] trust_only | atk=  A2 | V1=0 V2=0 | consensus=1 heal=0 | acc=23.79% | byz_w=['0.071', '0.092', '0.094', '0.067']
[171] trust_only | atk=  A1 | V1=0 V2=0 | consensus=1 heal=0 | acc=17.51% | byz_w=['0.055', '0.065', '0.064', '0.052']
[172] trust_only | atk=None | V1=0 V2=0 | consensus=1 heal=0 | acc=58.71% | byz_w=['0.038', '0.042', '0.042', '0.039']
[173] trust_only | atk=None | V1=0 V2=0 | consensus=1 heal=0 | acc=44.26% | byz_w=['0.062', '0.117', '0.139', '0.071']
[174] trust_only | atk=  A3 | V1=0 V2=0 | consensus=1 heal=0 | acc=19.47% | byz_w=['0.078', '0.095', '0.094', '0.079']
[175] trust_only | atk=  A3 | V1=0 V2=0 | consensus=1 heal=0 | acc=17.31% | byz_w=['0.052', '0.058', '0.057', '0.050']
[176] trust_only | atk=  A1 | V1=0 V2=0 | consensus=1 heal=0 | acc=15.46% | byz_w=['0.036', '0.038', '0.038', '0.031']
[177] trust_only | atk=None | V1=0 V2=0 | consensus=1 heal=0 | acc=58.35% | byz_w=['0.029', '0.027', '0.031', '0.027']
[178] trust_only | atk=  A3 | V1=0 V2=0 | consensus=1 heal=0 | acc=21.12% | byz_w=['0.065', '0.102', '0.133', '0.070']
[179] trust_only | atk=  A3 | V1=0 V2=0 | consensus=1 heal=0 | acc=18.39% | byz_w=['0.045', '0.062', '0.076', '0.051']
[180] trust_only | atk=None | V1=0 V2=0 | consensus=1 heal=0 | acc=58.17% | byz_w=['0.031', '0.039', '0.050', '0.032']
[181] trust_only | atk=None | V1=0 V2=0 | consensus=1 heal=0 | acc=51.63% | byz_w=['0.045', '0.093', '0.103', '0.062']
[182] trust_only | atk=  A1 | V1=0 V2=0 | consensus=1 heal=0 | acc=22.79% | byz_w=['0.073', '0.105', '0.097', '0.069']
[183] trust_only | atk=None | V1=0 V2=0 | consensus=1 heal=0 | acc=58.25% | byz_w=['0.051', '0.061', '0.064', '0.045']
[184] trust_only | atk=  A3 | V1=0 V2=0 | consensus=1 heal=0 | acc=20.90% | byz_w=['0.063', '0.104', '0.095', '0.066']
[185] trust_only | atk=  A2 | V1=0 V2=0 | consensus=1 heal=0 | acc=20.67% | byz_w=['0.045', '0.061', '0.062', '0.047']
[186] trust_only | atk=  A1 | V1=0 V2=0 | consensus=1 heal=0 | acc=17.45% | byz_w=['0.040', '0.053', '0.054', '0.041']
[187] trust_only | atk=  A3 | V1=0 V2=0 | consensus=1 heal=0 | acc=14.47% | byz_w=['0.030', '0.037', '0.040', '0.033']
[188] trust_only | atk=None | V1=0 V2=0 | consensus=1 heal=0 | acc=57.88% | byz_w=['0.025', '0.027', '0.030', '0.024']
[189] trust_only | atk=None | V1=0 V2=0 | consensus=1 heal=0 | acc=47.35% | byz_w=['0.050', '0.107', '0.113', '0.071']
[190] trust_only | atk=  A3 | V1=0 V2=0 | consensus=1 heal=0 | acc=21.20% | byz_w=['0.081', '0.093', '0.097', '0.064']
[191] trust_only | atk=  A1 | V1=0 V2=0 | consensus=1 heal=0 | acc=19.12% | byz_w=['0.056', '0.059', '0.061', '0.048']
[192] trust_only | atk=None | V1=0 V2=0 | consensus=1 heal=0 | acc=58.79% | byz_w=['0.039', '0.041', '0.046', '0.032']
[193] trust_only | atk=  A3 | V1=0 V2=0 | consensus=1 heal=0 | acc=21.25% | byz_w=['0.059', '0.097', '0.117', '0.061']
[194] trust_only | atk=  A2 | V1=0 V2=0 | consensus=1 heal=0 | acc=24.92% | byz_w=['0.048', '0.061', '0.073', '0.043']
[195] trust_only | atk=  A3 | V1=0 V2=0 | consensus=1 heal=0 | acc=15.73% | byz_w=['0.039', '0.045', '0.053', '0.039']
[196] trust_only | atk=  A2 | V1=0 V2=0 | consensus=1 heal=0 | acc=26.61% | byz_w=['0.031', '0.036', '0.040', '0.027']
[197] trust_only | atk=None | V1=0 V2=0 | consensus=1 heal=0 | acc=59.78% | byz_w=['0.034', '0.041', '0.046', '0.031']
[198] trust_only | atk=  A3 | V1=0 V2=0 | consensus=1 heal=0 | acc=23.00% | byz_w=['0.053', '0.098', '0.117', '0.068']
[199] trust_only | atk=None | V1=0 V2=0 | consensus=1 heal=0 | acc=57.93% | byz_w=['0.046', '0.058', '0.066', '0.050']
[200] trust_only | atk=None | V1=0 V2=0 | consensus=1 heal=0 | acc=51.09% | byz_w=['0.054', '0.105', '0.093', '0.056']

============================================================
=== V1 Only (Score Aud) ===
[001] v1_only    | atk=None | V1=0 V2=0 | consensus=1 heal=0 | acc=9.77% | byz_w=['0.023', '0.097', '0.048', '0.043']
[002] v1_only    | atk=  A3 | V1=1 V2=0 | consensus=0 heal=1V1 | acc=10.01% | byz_w=['0.053', '0.115', '0.050', '0.057']
[003] v1_only    | atk=None | V1=0 V2=0 | consensus=1 heal=0 | acc=17.57% | byz_w=['0.059', '0.128', '0.044', '0.061']
[004] v1_only    | atk=None | V1=0 V2=0 | consensus=1 heal=0 | acc=18.24% | byz_w=['0.052', '0.134', '0.045', '0.055']
[005] v1_only    | atk=  A3 | V1=1 V2=0 | consensus=0 heal=1V1 | acc=20.66% | byz_w=['0.052', '0.132', '0.044', '0.051']
[006] v1_only    | atk=  A2 | V1=1 V2=0 | consensus=0 heal=1V1 | acc=25.41% | byz_w=['0.044', '0.128', '0.043', '0.044']
[007] v1_only    | atk=None | V1=0 V2=0 | consensus=1 heal=0 | acc=24.65% | byz_w=['0.041', '0.122', '0.043', '0.043']
[008] v1_only    | atk=  A3 | V1=1 V2=0 | consensus=0 heal=1V1 | acc=28.42% | byz_w=['0.035', '0.122', '0.050', '0.044']
[009] v1_only    | atk=  A2 | V1=0 V2=0 | consensus=1 heal=0 | acc=20.36% | byz_w=['0.039', '0.125', '0.055', '0.047']
[010] v1_only    | atk=  A3 | V1=1 V2=0 | consensus=0 heal=1V1 | acc=35.18% | byz_w=['0.037', '0.098', '0.043', '0.037']
[011] v1_only    | atk=  A2 | V1=1 V2=0 | consensus=0 heal=1V1 | acc=29.03% | byz_w=['0.039', '0.143', '0.072', '0.060']
[012] v1_only    | atk=None | V1=0 V2=0 | consensus=1 heal=0 | acc=30.89% | byz_w=['0.060', '0.130', '0.084', '0.064']
[013] v1_only    | atk=None | V1=0 V2=0 | consensus=1 heal=0 | acc=30.18% | byz_w=['0.060', '0.143', '0.088', '0.073']
[014] v1_only    | atk=  A1 | V1=1 V2=0 | consensus=0 heal=1V1 | acc=32.79% | byz_w=['0.068', '0.137', '0.091', '0.073']
[015] v1_only    | atk=  A1 | V1=1 V2=0 | consensus=0 heal=1V1 | acc=37.77% | byz_w=['0.076', '0.132', '0.084', '0.072']
[016] v1_only    | atk=None | V1=0 V2=0 | consensus=1 heal=0 | acc=35.72% | byz_w=['0.086', '0.122', '0.080', '0.075']
[017] v1_only    | atk=  A3 | V1=1 V2=0 | consensus=0 heal=1V1 | acc=37.77% | byz_w=['0.077', '0.120', '0.080', '0.078']
[018] v1_only    | atk=  A2 | V1=1 V2=0 | consensus=0 heal=1V1 | acc=43.25% | byz_w=['0.082', '0.111', '0.078', '0.087']
[019] v1_only    | atk=None | V1=0 V2=0 | consensus=1 heal=0 | acc=43.15% | byz_w=['0.065', '0.113', '0.072', '0.088']
[020] v1_only    | atk=  A1 | V1=1 V2=0 | consensus=0 heal=1V1 | acc=43.24% | byz_w=['0.080', '0.109', '0.077', '0.093']
[021] v1_only    | atk=None | V1=0 V2=0 | consensus=1 heal=0 | acc=47.25% | byz_w=['0.070', '0.118', '0.077', '0.092']
[022] v1_only    | atk=None | V1=0 V2=0 | consensus=1 heal=0 | acc=45.19% | byz_w=['0.067', '0.114', '0.086', '0.078']
[023] v1_only    | atk=  A3 | V1=1 V2=0 | consensus=0 heal=1V1 | acc=48.03% | byz_w=['0.075', '0.123', '0.092', '0.078']
[024] v1_only    | atk=  A3 | V1=1 V2=0 | consensus=0 heal=1V1 | acc=47.88% | byz_w=['0.083', '0.110', '0.082', '0.073']
[025] v1_only    | atk=None | V1=0 V2=0 | consensus=1 heal=0 | acc=47.65% | byz_w=['0.083', '0.112', '0.083', '0.071']
[026] v1_only    | atk=  A2 | V1=0 V2=0 | consensus=1 heal=0 | acc=24.19% | byz_w=['0.075', '0.122', '0.085', '0.068']
[027] v1_only    | atk=None | V1=0 V2=0 | consensus=1 heal=0 | acc=55.74% | byz_w=['0.053', '0.061', '0.045', '0.041']
[028] v1_only    | atk=  A2 | V1=1 V2=0 | consensus=0 heal=1V1 | acc=35.27% | byz_w=['0.082', '0.143', '0.140', '0.082']
[029] v1_only    | atk=  A1 | V1=1 V2=0 | consensus=0 heal=1V1 | acc=55.11% | byz_w=['0.076', '0.093', '0.081', '0.062']
[030] v1_only    | atk=  A3 | V1=1 V2=0 | consensus=0 heal=1V1 | acc=47.37% | byz_w=['0.088', '0.118', '0.097', '0.069']
[031] v1_only    | atk=None | V1=0 V2=0 | consensus=1 heal=0 | acc=55.22% | byz_w=['0.088', '0.105', '0.088', '0.068']
[032] v1_only    | atk=  A3 | V1=1 V2=0 | consensus=0 heal=1V1 | acc=50.61% | byz_w=['0.077', '0.116', '0.094', '0.074']
[033] v1_only    | atk=  A3 | V1=1 V2=0 | consensus=0 heal=1V1 | acc=54.07% | byz_w=['0.077', '0.109', '0.096', '0.065']
[034] v1_only    | atk=  A2 | V1=1 V2=0 | consensus=0 heal=1V1 | acc=50.57% | byz_w=['0.084', '0.098', '0.096', '0.073']
[035] v1_only    | atk=  A3 | V1=1 V2=0 | consensus=0 heal=1V1 | acc=56.97% | byz_w=['0.081', '0.100', '0.100', '0.061']
[036] v1_only    | atk=  A3 | V1=1 V2=0 | consensus=0 heal=1V1 | acc=47.92% | byz_w=['0.088', '0.103', '0.106', '0.069']
[037] v1_only    | atk=None | V1=0 V2=0 | consensus=1 heal=0 | acc=56.59% | byz_w=['0.085', '0.101', '0.091', '0.057']
[038] v1_only    | atk=None | V1=0 V2=0 | consensus=1 heal=0 | acc=49.92% | byz_w=['0.080', '0.114', '0.101', '0.062']
[039] v1_only    | atk=  A1 | V1=1 V2=0 | consensus=0 heal=1V1 | acc=55.92% | byz_w=['0.077', '0.108', '0.090', '0.059']
[040] v1_only    | atk=None | V1=0 V2=0 | consensus=1 heal=0 | acc=51.99% | byz_w=['0.083', '0.117', '0.088', '0.070']
[041] v1_only    | atk=  A2 | V1=0 V2=0 | consensus=1 heal=0 | acc=27.12% | byz_w=['0.078', '0.101', '0.083', '0.061']
[042] v1_only    | atk=None | V1=0 V2=0 | consensus=1 heal=0 | acc=58.79% | byz_w=['0.051', '0.062', '0.056', '0.047']
[043] v1_only    | atk=None | V1=0 V2=0 | consensus=1 heal=0 | acc=46.83% | byz_w=['0.084', '0.117', '0.120', '0.072']
[044] v1_only    | atk=  A1 | V1=1 V2=0 | consensus=0 heal=1V1 | acc=60.19% | byz_w=['0.072', '0.091', '0.096', '0.063']
[045] v1_only    | atk=None | V1=0 V2=0 | consensus=1 heal=0 | acc=49.05% | byz_w=['0.079', '0.108', '0.095', '0.067']
[046] v1_only    | atk=  A3 | V1=1 V2=0 | consensus=0 heal=1V1 | acc=61.03% | byz_w=['0.074', '0.107', '0.093', '0.063']
[047] v1_only    | atk=  A3 | V1=1 V2=0 | consensus=0 heal=1V1 | acc=50.51% | byz_w=['0.082', '0.105', '0.095', '0.067']
[048] v1_only    | atk=  A2 | V1=1 V2=0 | consensus=0 heal=1V1 | acc=59.46% | byz_w=['0.076', '0.114', '0.087', '0.059']
[049] v1_only    | atk=None | V1=0 V2=0 | consensus=1 heal=0 | acc=50.27% | byz_w=['0.083', '0.108', '0.093', '0.062']
[050] v1_only    | atk=  A3 | V1=1 V2=0 | consensus=0 heal=1V1 | acc=59.92% | byz_w=['0.079', '0.106', '0.105', '0.062']
[051] v1_only    | atk=None | V1=0 V2=0 | consensus=1 heal=0 | acc=52.15% | byz_w=['0.077', '0.102', '0.099', '0.060']
[052] v1_only    | atk=None | V1=0 V2=0 | consensus=1 heal=0 | acc=59.06% | byz_w=['0.075', '0.102', '0.088', '0.066']
[053] v1_only    | atk=  A1 | V1=1 V2=0 | consensus=0 heal=1V1 | acc=52.78% | byz_w=['0.083', '0.108', '0.093', '0.065']
[054] v1_only    | atk=  A3 | V1=1 V2=0 | consensus=0 heal=1V1 | acc=59.62% | byz_w=['0.085', '0.115', '0.087', '0.055']
[055] v1_only    | atk=  A3 | V1=1 V2=0 | consensus=0 heal=1V1 | acc=52.18% | byz_w=['0.079', '0.110', '0.105', '0.064']
[056] v1_only    | atk=None | V1=0 V2=0 | consensus=1 heal=0 | acc=60.14% | byz_w=['0.082', '0.096', '0.097', '0.058']
[057] v1_only    | atk=  A3 | V1=1 V2=0 | consensus=0 heal=1V1 | acc=51.12% | byz_w=['0.081', '0.104', '0.109', '0.063']
[058] v1_only    | atk=  A2 | V1=1 V2=0 | consensus=0 heal=1V1 | acc=61.52% | byz_w=['0.075', '0.111', '0.092', '0.069']
[059] v1_only    | atk=None | V1=0 V2=0 | consensus=1 heal=0 | acc=51.07% | byz_w=['0.078', '0.107', '0.099', '0.058']
[060] v1_only    | atk=  A3 | V1=1 V2=0 | consensus=0 heal=1V1 | acc=61.26% | byz_w=['0.080', '0.102', '0.089', '0.064']
[061] v1_only    | atk=  A2 | V1=1 V2=0 | consensus=0 heal=1V1 | acc=51.64% | byz_w=['0.090', '0.109', '0.096', '0.058']
[062] v1_only    | atk=None | V1=0 V2=0 | consensus=1 heal=0 | acc=60.17% | byz_w=['0.076', '0.112', '0.099', '0.062']
[063] v1_only    | atk=  A3 | V1=1 V2=0 | consensus=0 heal=1V1 | acc=53.41% | byz_w=['0.082', '0.104', '0.095', '0.057']
[064] v1_only    | atk=  A3 | V1=1 V2=0 | consensus=0 heal=1V1 | acc=52.40% | byz_w=['0.082', '0.115', '0.108', '0.067']
[065] v1_only    | atk=  A1 | V1=1 V2=0 | consensus=0 heal=1V1 | acc=59.22% | byz_w=['0.077', '0.101', '0.109', '0.063']
[066] v1_only    | atk=  A2 | V1=1 V2=0 | consensus=0 heal=1V1 | acc=54.68% | byz_w=['0.076', '0.108', '0.102', '0.065']
[067] v1_only    | atk=None | V1=0 V2=0 | consensus=1 heal=0 | acc=61.05% | byz_w=['0.080', '0.102', '0.091', '0.065']
[068] v1_only    | atk=  A2 | V1=1 V2=0 | consensus=0 heal=1V1 | acc=53.53% | byz_w=['0.084', '0.104', '0.092', '0.072']
[069] v1_only    | atk=None | V1=0 V2=0 | consensus=1 heal=0 | acc=61.04% | byz_w=['0.072', '0.097', '0.096', '0.065']
[070] v1_only    | atk=None | V1=0 V2=0 | consensus=1 heal=0 | acc=51.02% | byz_w=['0.084', '0.114', '0.106', '0.055']
[071] v1_only    | atk=None | V1=0 V2=0 | consensus=1 heal=0 | acc=62.27% | byz_w=['0.082', '0.106', '0.091', '0.032']
[072] v1_only    | atk=  A3 | V1=1 V2=0 | consensus=0 heal=1V1 | acc=51.57% | byz_w=['0.091', '0.109', '0.104', '0.060']
[073] v1_only    | atk=None | V1=0 V2=0 | consensus=1 heal=0 | acc=63.50% | byz_w=['0.084', '0.102', '0.094', '0.061']
[074] v1_only    | atk=  A2 | V1=1 V2=0 | consensus=0 heal=1V1 | acc=52.39% | byz_w=['0.080', '0.111', '0.101', '0.065']
[075] v1_only    | atk=  A3 | V1=1 V2=0 | consensus=0 heal=1V1 | acc=63.34% | byz_w=['0.076', '0.112', '0.094', '0.064']
[076] v1_only    | atk=  A3 | V1=1 V2=0 | consensus=0 heal=1V1 | acc=53.19% | byz_w=['0.082', '0.107', '0.093', '0.070']
[077] v1_only    | atk=None | V1=0 V2=0 | consensus=1 heal=0 | acc=64.24% | byz_w=['0.074', '0.102', '0.090', '0.057']
[078] v1_only    | atk=  A2 | V1=1 V2=0 | consensus=0 heal=1V1 | acc=47.05% | byz_w=['0.081', '0.115', '0.104', '0.061']
[079] v1_only    | atk=None | V1=0 V2=0 | consensus=1 heal=0 | acc=65.49% | byz_w=['0.073', '0.093', '0.093', '0.058']
[080] v1_only    | atk=  A2 | V1=1 V2=0 | consensus=0 heal=1V1 | acc=51.18% | byz_w=['0.079', '0.108', '0.105', '0.054']
[081] v1_only    | atk=None | V1=0 V2=0 | consensus=1 heal=0 | acc=65.87% | byz_w=['0.077', '0.100', '0.097', '0.059']
[082] v1_only    | atk=  A3 | V1=1 V2=0 | consensus=0 heal=1V1 | acc=55.35% | byz_w=['0.077', '0.108', '0.098', '0.055']
[083] v1_only    | atk=  A3 | V1=1 V2=0 | consensus=0 heal=1V1 | acc=66.35% | byz_w=['0.076', '0.100', '0.087', '0.060']
[084] v1_only    | atk=  A1 | V1=1 V2=0 | consensus=0 heal=1V1 | acc=47.84% | byz_w=['0.080', '0.117', '0.103', '0.063']
[085] v1_only    | atk=None | V1=0 V2=0 | consensus=1 heal=0 | acc=63.31% | byz_w=['0.070', '0.097', '0.096', '0.043']
[086] v1_only    | atk=None | V1=0 V2=0 | consensus=1 heal=0 | acc=52.68% | byz_w=['0.079', '0.118', '0.105', '0.078']
[087] v1_only    | atk=  A1 | V1=1 V2=0 | consensus=0 heal=1V1 | acc=62.93% | byz_w=['0.085', '0.099', '0.091', '0.064']
[088] v1_only    | atk=  A1 | V1=1 V2=0 | consensus=0 heal=1V1 | acc=53.29% | byz_w=['0.081', '0.106', '0.099', '0.060']
[089] v1_only    | atk=  A2 | V1=1 V2=0 | consensus=0 heal=1V1 | acc=63.25% | byz_w=['0.083', '0.097', '0.094', '0.060']
[090] v1_only    | atk=None | V1=0 V2=0 | consensus=1 heal=0 | acc=53.71% | byz_w=['0.081', '0.105', '0.092', '0.063']
[091] v1_only    | atk=None | V1=0 V2=0 | consensus=1 heal=0 | acc=63.39% | byz_w=['0.076', '0.102', '0.094', '0.062']
[092] v1_only    | atk=  A2 | V1=1 V2=0 | consensus=0 heal=1V1 | acc=52.34% | byz_w=['0.080', '0.109', '0.094', '0.065']
[093] v1_only    | atk=  A3 | V1=1 V2=0 | consensus=0 heal=1V1 | acc=65.12% | byz_w=['0.080', '0.099', '0.091', '0.060']
[094] v1_only    | atk=None | V1=0 V2=0 | consensus=1 heal=0 | acc=51.68% | byz_w=['0.078', '0.107', '0.101', '0.070']
[095] v1_only    | atk=None | V1=0 V2=0 | consensus=1 heal=0 | acc=63.79% | byz_w=['0.077', '0.109', '0.088', '0.070']
[096] v1_only    | atk=None | V1=0 V2=0 | consensus=1 heal=0 | acc=52.43% | byz_w=['0.082', '0.106', '0.089', '0.065']
[097] v1_only    | atk=  A2 | V1=1 V2=0 | consensus=0 heal=1V1 | acc=63.63% | byz_w=['0.074', '0.101', '0.084', '0.056']
[098] v1_only    | atk=  A3 | V1=1 V2=0 | consensus=0 heal=1V1 | acc=54.80% | byz_w=['0.080', '0.108', '0.097', '0.062']
[099] v1_only    | atk=  A2 | V1=0 V2=0 | consensus=1 heal=0 | acc=24.09% | byz_w=['0.081', '0.100', '0.087', '0.057']
[100] v1_only    | atk=  A2 | V1=1 V2=0 | consensus=0 heal=1V1 | acc=61.24% | byz_w=['0.054', '0.063', '0.059', '0.048']
[101] v1_only    | atk=  A3 | V1=1 V2=0 | consensus=0 heal=1V1 | acc=43.94% | byz_w=['0.072', '0.122', '0.129', '0.064']
[102] v1_only    | atk=None | V1=0 V2=0 | consensus=1 heal=0 | acc=64.92% | byz_w=['0.076', '0.107', '0.103', '0.072']
[103] v1_only    | atk=  A3 | V1=1 V2=0 | consensus=0 heal=1V1 | acc=55.62% | byz_w=['0.078', '0.105', '0.101', '0.071']
[104] v1_only    | atk=  A2 | V1=1 V2=0 | consensus=0 heal=1V1 | acc=66.00% | byz_w=['0.072', '0.093', '0.088', '0.065']
[105] v1_only    | atk=  A3 | V1=1 V2=0 | consensus=0 heal=1V1 | acc=54.70% | byz_w=['0.082', '0.110', '0.090', '0.077']
[106] v1_only    | atk=None | V1=0 V2=0 | consensus=1 heal=0 | acc=64.53% | byz_w=['0.077', '0.104', '0.088', '0.065']
[107] v1_only    | atk=None | V1=0 V2=0 | consensus=1 heal=0 | acc=52.19% | byz_w=['0.079', '0.099', '0.092', '0.065']
[108] v1_only    | atk=None | V1=0 V2=0 | consensus=1 heal=0 | acc=62.52% | byz_w=['0.077', '0.101', '0.094', '0.061']
[109] v1_only    | atk=  A2 | V1=1 V2=0 | consensus=0 heal=1V1 | acc=58.89% | byz_w=['0.077', '0.106', '0.096', '0.069']
[110] v1_only    | atk=  A2 | V1=1 V2=0 | consensus=0 heal=1V1 | acc=64.50% | byz_w=['0.074', '0.101', '0.094', '0.065']
[111] v1_only    | atk=  A1 | V1=1 V2=0 | consensus=0 heal=1V1 | acc=55.79% | byz_w=['0.085', '0.107', '0.095', '0.059']
[112] v1_only    | atk=None | V1=0 V2=0 | consensus=1 heal=0 | acc=64.46% | byz_w=['0.074', '0.107', '0.091', '0.061']
[113] v1_only    | atk=  A2 | V1=1 V2=0 | consensus=0 heal=1V1 | acc=55.74% | byz_w=['0.077', '0.104', '0.092', '0.053']
[114] v1_only    | atk=None | V1=0 V2=0 | consensus=1 heal=0 | acc=61.87% | byz_w=['0.075', '0.111', '0.090', '0.063']
[115] v1_only    | atk=None | V1=0 V2=0 | consensus=1 heal=0 | acc=57.43% | byz_w=['0.074', '0.106', '0.094', '0.077']
[116] v1_only    | atk=  A3 | V1=1 V2=0 | consensus=0 heal=1V1 | acc=66.29% | byz_w=['0.072', '0.098', '0.083', '0.072']
[117] v1_only    | atk=  A2 | V1=1 V2=0 | consensus=0 heal=1V1 | acc=56.58% | byz_w=['0.081', '0.105', '0.095', '0.070']
[118] v1_only    | atk=  A1 | V1=0 V2=0 | consensus=1 heal=0 | acc=20.30% | byz_w=['0.080', '0.102', '0.092', '0.068']
[119] v1_only    | atk=None | V1=0 V2=0 | consensus=1 heal=0 | acc=60.46% | byz_w=['0.055', '0.065', '0.061', '0.045']
[120] v1_only    | atk=  A2 | V1=1 V2=0 | consensus=0 heal=1V1 | acc=50.60% | byz_w=['0.062', '0.109', '0.126', '0.070']
[121] v1_only    | atk=  A1 | V1=0 V2=0 | consensus=1 heal=0 | acc=21.53% | byz_w=['0.073', '0.100', '0.101', '0.074']
[122] v1_only    | atk=None | V1=0 V2=0 | consensus=1 heal=0 | acc=60.19% | byz_w=['0.052', '0.062', '0.062', '0.050']
[123] v1_only    | atk=  A3 | V1=1 V2=0 | consensus=0 heal=1V1 | acc=45.87% | byz_w=['0.062', '0.109', '0.110', '0.068']
[124] v1_only    | atk=  A1 | V1=1 V2=0 | consensus=0 heal=1V1 | acc=64.80% | byz_w=['0.071', '0.098', '0.087', '0.060']
[125] v1_only    | atk=None | V1=0 V2=0 | consensus=1 heal=0 | acc=56.61% | byz_w=['0.081', '0.109', '0.091', '0.067']
[126] v1_only    | atk=None | V1=0 V2=0 | consensus=1 heal=0 | acc=64.61% | byz_w=['0.074', '0.105', '0.093', '0.069']
[127] v1_only    | atk=  A1 | V1=1 V2=0 | consensus=0 heal=1V1 | acc=55.10% | byz_w=['0.083', '0.112', '0.095', '0.068']
[128] v1_only    | atk=  A3 | V1=1 V2=0 | consensus=0 heal=1V1 | acc=64.12% | byz_w=['0.079', '0.106', '0.088', '0.074']
[129] v1_only    | atk=  A3 | V1=1 V2=0 | consensus=0 heal=1V1 | acc=54.64% | byz_w=['0.084', '0.107', '0.096', '0.071']
[130] v1_only    | atk=None | V1=0 V2=0 | consensus=1 heal=0 | acc=64.30% | byz_w=['0.079', '0.104', '0.091', '0.069']
[131] v1_only    | atk=  A1 | V1=1 V2=0 | consensus=0 heal=1V1 | acc=56.66% | byz_w=['0.081', '0.106', '0.104', '0.068']
[132] v1_only    | atk=  A1 | V1=1 V2=0 | consensus=0 heal=1V1 | acc=63.27% | byz_w=['0.079', '0.101', '0.090', '0.064']
[133] v1_only    | atk=  A3 | V1=1 V2=0 | consensus=0 heal=1V1 | acc=56.45% | byz_w=['0.086', '0.103', '0.090', '0.073']
[134] v1_only    | atk=None | V1=0 V2=0 | consensus=1 heal=0 | acc=62.06% | byz_w=['0.076', '0.102', '0.097', '0.070']
[135] v1_only    | atk=  A2 | V1=1 V2=0 | consensus=0 heal=1V1 | acc=56.74% | byz_w=['0.076', '0.100', '0.091', '0.073']
[136] v1_only    | atk=  A3 | V1=1 V2=0 | consensus=0 heal=1V1 | acc=58.24% | byz_w=['0.080', '0.108', '0.105', '0.071']
[137] v1_only    | atk=  A3 | V1=1 V2=0 | consensus=0 heal=1V1 | acc=60.71% | byz_w=['0.076', '0.113', '0.097', '0.070']
[138] v1_only    | atk=None | V1=0 V2=0 | consensus=1 heal=0 | acc=58.29% | byz_w=['0.086', '0.104', '0.086', '0.068']
[139] v1_only    | atk=None | V1=0 V2=0 | consensus=1 heal=0 | acc=64.72% | byz_w=['0.087', '0.098', '0.086', '0.079']
[140] v1_only    | atk=None | V1=0 V2=0 | consensus=1 heal=0 | acc=54.76% | byz_w=['0.085', '0.105', '0.095', '0.075']
[141] v1_only    | atk=None | V1=0 V2=0 | consensus=1 heal=0 | acc=65.20% | byz_w=['0.073', '0.102', '0.093', '0.068']
[142] v1_only    | atk=  A2 | V1=0 V2=0 | consensus=1 heal=0 | acc=24.49% | byz_w=['0.083', '0.107', '0.096', '0.070']
[143] v1_only    | atk=  A3 | V1=1 V2=0 | consensus=0 heal=1V1 | acc=62.62% | byz_w=['0.060', '0.067', '0.063', '0.050']
[144] v1_only    | atk=  A3 | V1=1 V2=0 | consensus=0 heal=1V1 | acc=46.39% | byz_w=['0.067', '0.118', '0.116', '0.071']
[145] v1_only    | atk=  A1 | V1=1 V2=0 | consensus=0 heal=1V1 | acc=66.46% | byz_w=['0.073', '0.092', '0.090', '0.069']
[146] v1_only    | atk=None | V1=0 V2=0 | consensus=1 heal=0 | acc=52.29% | byz_w=['0.072', '0.111', '0.099', '0.067']
[147] v1_only    | atk=None | V1=0 V2=0 | consensus=1 heal=0 | acc=65.38% | byz_w=['0.080', '0.106', '0.092', '0.070']
[148] v1_only    | atk=  A3 | V1=1 V2=0 | consensus=0 heal=1V1 | acc=53.40% | byz_w=['0.079', '0.111', '0.095', '0.076']
[149] v1_only    | atk=None | V1=0 V2=0 | consensus=1 heal=0 | acc=65.55% | byz_w=['0.081', '0.098', '0.090', '0.070']
[150] v1_only    | atk=  A2 | V1=1 V2=0 | consensus=0 heal=1V1 | acc=56.71% | byz_w=['0.084', '0.100', '0.093', '0.071']
[151] v1_only    | atk=None | V1=0 V2=0 | consensus=1 heal=0 | acc=65.16% | byz_w=['0.078', '0.098', '0.092', '0.071']
[152] v1_only    | atk=None | V1=0 V2=0 | consensus=1 heal=0 | acc=55.51% | byz_w=['0.080', '0.106', '0.097', '0.065']
[153] v1_only    | atk=  A1 | V1=1 V2=0 | consensus=0 heal=1V1 | acc=65.57% | byz_w=['0.076', '0.100', '0.092', '0.069']
[154] v1_only    | atk=  A1 | V1=1 V2=0 | consensus=0 heal=1V1 | acc=54.76% | byz_w=['0.080', '0.104', '0.106', '0.071']
[155] v1_only    | atk=  A1 | V1=1 V2=0 | consensus=0 heal=1V1 | acc=65.20% | byz_w=['0.084', '0.101', '0.094', '0.076']
[156] v1_only    | atk=  A1 | V1=0 V2=0 | consensus=1 heal=0 | acc=21.31% | byz_w=['0.081', '0.109', '0.084', '0.070']
[157] v1_only    | atk=None | V1=0 V2=0 | consensus=1 heal=0 | acc=58.83% | byz_w=['0.055', '0.067', '0.056', '0.048']
[158] v1_only    | atk=  A2 | V1=0 V2=0 | consensus=1 heal=0 | acc=26.45% | byz_w=['0.069', '0.103', '0.110', '0.073']
[159] v1_only    | atk=None | V1=0 V2=0 | consensus=1 heal=0 | acc=61.16% | byz_w=['0.052', '0.066', '0.068', '0.054']
[160] v1_only    | atk=  A3 | V1=1 V2=0 | consensus=0 heal=1V1 | acc=56.89% | byz_w=['0.066', '0.095', '0.101', '0.065']
[161] v1_only    | atk=  A3 | V1=1 V2=0 | consensus=0 heal=1V1 | acc=65.21% | byz_w=['0.079', '0.105', '0.092', '0.066']
[162] v1_only    | atk=  A1 | V1=1 V2=0 | consensus=0 heal=1V1 | acc=58.96% | byz_w=['0.078', '0.102', '0.094', '0.074']
[163] v1_only    | atk=  A2 | V1=1 V2=0 | consensus=0 heal=1V1 | acc=60.75% | byz_w=['0.078', '0.106', '0.096', '0.070']
[164] v1_only    | atk=None | V1=0 V2=0 | consensus=1 heal=0 | acc=62.34% | byz_w=['0.079', '0.102', '0.088', '0.070']
[165] v1_only    | atk=None | V1=0 V2=0 | consensus=1 heal=0 | acc=58.20% | byz_w=['0.080', '0.105', '0.094', '0.070']
[166] v1_only    | atk=  A3 | V1=1 V2=0 | consensus=0 heal=1V1 | acc=65.44% | byz_w=['0.083', '0.100', '0.090', '0.074']
[167] v1_only    | atk=  A1 | V1=1 V2=0 | consensus=0 heal=1V1 | acc=55.37% | byz_w=['0.086', '0.114', '0.096', '0.077']
[168] v1_only    | atk=None | V1=0 V2=0 | consensus=1 heal=0 | acc=66.80% | byz_w=['0.080', '0.103', '0.083', '0.076']
[169] v1_only    | atk=None | V1=0 V2=0 | consensus=1 heal=0 | acc=54.40% | byz_w=['0.085', '0.102', '0.103', '0.067']
[170] v1_only    | atk=  A2 | V1=1 V2=0 | consensus=0 heal=1V1 | acc=65.43% | byz_w=['0.087', '0.105', '0.087', '0.068']
[171] v1_only    | atk=  A1 | V1=1 V2=0 | consensus=0 heal=1V1 | acc=57.64% | byz_w=['0.078', '0.109', '0.089', '0.070']
[172] v1_only    | atk=None | V1=0 V2=0 | consensus=1 heal=0 | acc=63.72% | byz_w=['0.074', '0.104', '0.089', '0.076']
[173] v1_only    | atk=None | V1=0 V2=0 | consensus=1 heal=0 | acc=57.27% | byz_w=['0.082', '0.104', '0.085', '0.077']
[174] v1_only    | atk=  A3 | V1=1 V2=0 | consensus=0 heal=1V1 | acc=63.94% | byz_w=['0.077', '0.100', '0.091', '0.073']
[175] v1_only    | atk=  A3 | V1=1 V2=0 | consensus=0 heal=1V1 | acc=63.54% | byz_w=['0.082', '0.102', '0.086', '0.068']
[176] v1_only    | atk=  A1 | V1=1 V2=0 | consensus=0 heal=1V1 | acc=57.97% | byz_w=['0.075', '0.109', '0.100', '0.075']
[177] v1_only    | atk=None | V1=0 V2=0 | consensus=1 heal=0 | acc=64.68% | byz_w=['0.079', '0.107', '0.095', '0.068']
[178] v1_only    | atk=  A3 | V1=1 V2=0 | consensus=0 heal=1V1 | acc=56.91% | byz_w=['0.080', '0.105', '0.096', '0.072']
[179] v1_only    | atk=  A3 | V1=1 V2=0 | consensus=0 heal=1V1 | acc=65.34% | byz_w=['0.082', '0.104', '0.094', '0.072']
[180] v1_only    | atk=None | V1=0 V2=0 | consensus=1 heal=0 | acc=56.76% | byz_w=['0.080', '0.108', '0.091', '0.074']
[181] v1_only    | atk=None | V1=0 V2=0 | consensus=1 heal=0 | acc=64.50% | byz_w=['0.086', '0.099', '0.085', '0.072']
[182] v1_only    | atk=  A1 | V1=1 V2=0 | consensus=0 heal=1V1 | acc=64.56% | byz_w=['0.077', '0.106', '0.088', '0.058']
[183] v1_only    | atk=None | V1=0 V2=0 | consensus=1 heal=0 | acc=59.08% | byz_w=['0.075', '0.108', '0.097', '0.068']
[184] v1_only    | atk=  A3 | V1=1 V2=0 | consensus=0 heal=1V1 | acc=64.36% | byz_w=['0.079', '0.110', '0.086', '0.073']
[185] v1_only    | atk=  A2 | V1=1 V2=0 | consensus=0 heal=1V1 | acc=57.74% | byz_w=['0.075', '0.105', '0.086', '0.070']
[186] v1_only    | atk=  A1 | V1=0 V2=0 | consensus=1 heal=0 | acc=21.36% | byz_w=['0.078', '0.105', '0.093', '0.068']
[187] v1_only    | atk=  A3 | V1=1 V2=0 | consensus=0 heal=1V1 | acc=60.29% | byz_w=['0.055', '0.061', '0.060', '0.050']
[188] v1_only    | atk=None | V1=0 V2=0 | consensus=1 heal=0 | acc=48.63% | byz_w=['0.057', '0.105', '0.116', '0.070']
[189] v1_only    | atk=None | V1=0 V2=0 | consensus=1 heal=0 | acc=65.93% | byz_w=['0.081', '0.101', '0.093', '0.068']
[190] v1_only    | atk=  A3 | V1=1 V2=0 | consensus=0 heal=1V1 | acc=52.70% | byz_w=['0.077', '0.106', '0.097', '0.070']
[191] v1_only    | atk=  A1 | V1=1 V2=0 | consensus=0 heal=1V1 | acc=67.35% | byz_w=['0.079', '0.098', '0.092', '0.075']
[192] v1_only    | atk=None | V1=0 V2=0 | consensus=1 heal=0 | acc=53.78% | byz_w=['0.075', '0.109', '0.100', '0.076']
[193] v1_only    | atk=  A3 | V1=1 V2=0 | consensus=0 heal=1V1 | acc=65.54% | byz_w=['0.082', '0.099', '0.093', '0.074']
[194] v1_only    | atk=  A2 | V1=1 V2=0 | consensus=0 heal=1V1 | acc=50.78% | byz_w=['0.086', '0.109', '0.106', '0.064']
[195] v1_only    | atk=  A3 | V1=1 V2=0 | consensus=0 heal=1V1 | acc=65.72% | byz_w=['0.075', '0.099', '0.094', '0.066']
[196] v1_only    | atk=  A2 | V1=0 V2=0 | consensus=1 heal=0 | acc=28.04% | byz_w=['0.088', '0.104', '0.098', '0.082']
[197] v1_only    | atk=None | V1=0 V2=0 | consensus=1 heal=0 | acc=61.40% | byz_w=['0.065', '0.071', '0.067', '0.056']
[198] v1_only    | atk=  A3 | V1=1 V2=0 | consensus=0 heal=1V1 | acc=51.04% | byz_w=['0.071', '0.104', '0.110', '0.069']
[199] v1_only    | atk=None | V1=0 V2=0 | consensus=1 heal=0 | acc=65.68% | byz_w=['0.072', '0.096', '0.089', '0.065']
[200] v1_only    | atk=None | V1=0 V2=0 | consensus=1 heal=0 | acc=54.25% | byz_w=['0.079', '0.113', '0.095', '0.071']

============================================================
=== V2 Only (Projection Aud) ===
[001] v2_only    | atk=None | V1=0 V2=0 | consensus=1 heal=0 | acc=10.00% | byz_w=['0.073', '0.135', '0.054', '0.067']
[002] v2_only    | atk=  A3 | V1=0 V2=0 | consensus=1 heal=0 | acc=14.09% | byz_w=['0.074', '0.128', '0.062', '0.070']
[003] v2_only    | atk=None | V1=0 V2=0 | consensus=1 heal=0 | acc=15.35% | byz_w=['0.067', '0.131', '0.061', '0.067']
[004] v2_only    | atk=None | V1=0 V2=0 | consensus=1 heal=0 | acc=16.85% | byz_w=['0.063', '0.132', '0.051', '0.064']
[005] v2_only    | atk=  A3 | V1=0 V2=1 | consensus=0 heal=1V2 | acc=20.20% | byz_w=['0.052', '0.136', '0.050', '0.059']
[006] v2_only    | atk=  A2 | V1=0 V2=1 | consensus=0 heal=1V2 | acc=21.04% | byz_w=['0.047', '0.147', '0.047', '0.052']
[007] v2_only    | atk=None | V1=0 V2=0 | consensus=1 heal=0 | acc=22.63% | byz_w=['0.041', '0.147', '0.045', '0.044']
[008] v2_only    | atk=  A3 | V1=0 V2=1 | consensus=0 heal=1V2 | acc=23.92% | byz_w=['0.040', '0.145', '0.050', '0.048']
[009] v2_only    | atk=  A2 | V1=0 V2=1 | consensus=0 heal=1V2 | acc=27.23% | byz_w=['0.042', '0.130', '0.053', '0.048']
[010] v2_only    | atk=  A3 | V1=0 V2=1 | consensus=0 heal=1V2 | acc=29.72% | byz_w=['0.045', '0.119', '0.034', '0.053']
[011] v2_only    | atk=  A2 | V1=0 V2=1 | consensus=0 heal=1V2 | acc=28.78% | byz_w=['0.045', '0.124', '0.074', '0.062']
[012] v2_only    | atk=None | V1=0 V2=0 | consensus=1 heal=0 | acc=27.60% | byz_w=['0.047', '0.123', '0.100', '0.064']
[013] v2_only    | atk=None | V1=0 V2=0 | consensus=1 heal=0 | acc=30.08% | byz_w=['0.051', '0.125', '0.099', '0.072']
[014] v2_only    | atk=  A1 | V1=0 V2=1 | consensus=0 heal=1V2 | acc=32.68% | byz_w=['0.066', '0.116', '0.089', '0.057']
[015] v2_only    | atk=  A1 | V1=0 V2=1 | consensus=0 heal=1V2 | acc=30.99% | byz_w=['0.060', '0.109', '0.109', '0.071']
[016] v2_only    | atk=None | V1=0 V2=0 | consensus=1 heal=0 | acc=34.78% | byz_w=['0.084', '0.107', '0.092', '0.076']
[017] v2_only    | atk=  A3 | V1=0 V2=1 | consensus=0 heal=1V2 | acc=35.60% | byz_w=['0.078', '0.119', '0.095', '0.079']
[018] v2_only    | atk=  A2 | V1=0 V2=1 | consensus=0 heal=1V2 | acc=33.42% | byz_w=['0.099', '0.122', '0.087', '0.060']
[019] v2_only    | atk=None | V1=0 V2=0 | consensus=1 heal=0 | acc=34.54% | byz_w=['0.087', '0.122', '0.114', '0.086']
[020] v2_only    | atk=  A1 | V1=0 V2=1 | consensus=0 heal=1V2 | acc=38.87% | byz_w=['0.093', '0.105', '0.089', '0.074']
[021] v2_only    | atk=None | V1=0 V2=0 | consensus=1 heal=0 | acc=32.59% | byz_w=['0.100', '0.148', '0.105', '0.085']
[022] v2_only    | atk=None | V1=0 V2=0 | consensus=1 heal=0 | acc=41.73% | byz_w=['0.089', '0.099', '0.077', '0.091']
[023] v2_only    | atk=  A3 | V1=0 V2=1 | consensus=0 heal=1V2 | acc=34.09% | byz_w=['0.092', '0.125', '0.125', '0.079']
[024] v2_only    | atk=  A3 | V1=0 V2=1 | consensus=0 heal=1V2 | acc=45.57% | byz_w=['0.081', '0.091', '0.090', '0.091']
[025] v2_only    | atk=None | V1=0 V2=0 | consensus=1 heal=0 | acc=40.11% | byz_w=['0.090', '0.097', '0.108', '0.078']
[026] v2_only    | atk=  A2 | V1=0 V2=1 | consensus=0 heal=1V2 | acc=45.35% | byz_w=['0.094', '0.108', '0.092', '0.073']
[027] v2_only    | atk=None | V1=0 V2=0 | consensus=1 heal=0 | acc=41.63% | byz_w=['0.081', '0.112', '0.104', '0.080']
[028] v2_only    | atk=  A2 | V1=0 V2=1 | consensus=0 heal=1V2 | acc=45.93% | byz_w=['0.080', '0.105', '0.080', '0.090']
[029] v2_only    | atk=  A1 | V1=0 V2=1 | consensus=0 heal=1V2 | acc=44.78% | byz_w=['0.066', '0.121', '0.108', '0.091']
[030] v2_only    | atk=  A3 | V1=0 V2=1 | consensus=0 heal=1V2 | acc=51.17% | byz_w=['0.078', '0.097', '0.092', '0.073']
[031] v2_only    | atk=None | V1=0 V2=0 | consensus=1 heal=0 | acc=43.54% | byz_w=['0.088', '0.107', '0.106', '0.073']
[032] v2_only    | atk=  A3 | V1=0 V2=1 | consensus=0 heal=1V2 | acc=52.68% | byz_w=['0.080', '0.103', '0.088', '0.076']
[033] v2_only    | atk=  A3 | V1=0 V2=1 | consensus=0 heal=1V2 | acc=46.92% | byz_w=['0.079', '0.116', '0.093', '0.081']
[034] v2_only    | atk=  A2 | V1=0 V2=1 | consensus=0 heal=1V2 | acc=52.08% | byz_w=['0.074', '0.109', '0.094', '0.070']
[035] v2_only    | atk=  A3 | V1=0 V2=1 | consensus=0 heal=1V2 | acc=46.93% | byz_w=['0.088', '0.107', '0.110', '0.077']
[036] v2_only    | atk=  A3 | V1=0 V2=1 | consensus=0 heal=1V2 | acc=54.45% | byz_w=['0.084', '0.105', '0.094', '0.063']
[037] v2_only    | atk=None | V1=0 V2=0 | consensus=1 heal=0 | acc=44.71% | byz_w=['0.083', '0.127', '0.116', '0.070']
[038] v2_only    | atk=None | V1=0 V2=0 | consensus=1 heal=0 | acc=56.40% | byz_w=['0.079', '0.103', '0.090', '0.068']
[039] v2_only    | atk=  A1 | V1=0 V2=1 | consensus=0 heal=1V2 | acc=47.48% | byz_w=['0.082', '0.123', '0.102', '0.075']
[040] v2_only    | atk=None | V1=0 V2=0 | consensus=1 heal=0 | acc=56.25% | byz_w=['0.081', '0.106', '0.088', '0.066']
[041] v2_only    | atk=  A2 | V1=0 V2=1 | consensus=0 heal=1V2 | acc=46.01% | byz_w=['0.084', '0.117', '0.111', '0.069']
[042] v2_only    | atk=None | V1=0 V2=0 | consensus=1 heal=0 | acc=56.49% | byz_w=['0.084', '0.095', '0.094', '0.068']
[043] v2_only    | atk=None | V1=0 V2=0 | consensus=1 heal=0 | acc=49.66% | byz_w=['0.086', '0.108', '0.100', '0.066']
[044] v2_only    | atk=  A1 | V1=0 V2=1 | consensus=0 heal=1V2 | acc=55.87% | byz_w=['0.068', '0.103', '0.104', '0.063']
[045] v2_only    | atk=None | V1=0 V2=0 | consensus=1 heal=0 | acc=50.75% | byz_w=['0.092', '0.100', '0.098', '0.064']
[046] v2_only    | atk=  A3 | V1=0 V2=1 | consensus=0 heal=1V2 | acc=55.14% | byz_w=['0.076', '0.106', '0.103', '0.066']
[047] v2_only    | atk=  A3 | V1=0 V2=1 | consensus=0 heal=1V2 | acc=50.98% | byz_w=['0.084', '0.106', '0.107', '0.073']
[048] v2_only    | atk=  A2 | V1=0 V2=1 | consensus=0 heal=1V2 | acc=55.92% | byz_w=['0.087', '0.106', '0.095', '0.064']
[049] v2_only    | atk=None | V1=0 V2=0 | consensus=1 heal=0 | acc=56.75% | byz_w=['0.086', '0.113', '0.088', '0.065']
[050] v2_only    | atk=  A3 | V1=0 V2=1 | consensus=0 heal=1V2 | acc=52.33% | byz_w=['0.082', '0.110', '0.100', '0.068']
[051] v2_only    | atk=None | V1=0 V2=0 | consensus=1 heal=0 | acc=56.08% | byz_w=['0.081', '0.107', '0.096', '0.073']
[052] v2_only    | atk=None | V1=0 V2=0 | consensus=1 heal=0 | acc=51.56% | byz_w=['0.090', '0.107', '0.104', '0.065']
[053] v2_only    | atk=  A1 | V1=0 V2=1 | consensus=0 heal=1V2 | acc=55.99% | byz_w=['0.086', '0.099', '0.095', '0.073']
[054] v2_only    | atk=  A3 | V1=0 V2=1 | consensus=0 heal=1V2 | acc=54.43% | byz_w=['0.077', '0.102', '0.098', '0.067']
[055] v2_only    | atk=  A3 | V1=0 V2=1 | consensus=0 heal=1V2 | acc=55.03% | byz_w=['0.087', '0.104', '0.101', '0.066']
[056] v2_only    | atk=None | V1=0 V2=0 | consensus=1 heal=0 | acc=57.94% | byz_w=['0.080', '0.097', '0.087', '0.068']
[057] v2_only    | atk=  A3 | V1=0 V2=1 | consensus=0 heal=1V2 | acc=51.96% | byz_w=['0.077', '0.113', '0.110', '0.076']
[058] v2_only    | atk=  A2 | V1=0 V2=1 | consensus=0 heal=1V2 | acc=58.50% | byz_w=['0.076', '0.101', '0.100', '0.073']
[059] v2_only    | atk=None | V1=0 V2=0 | consensus=1 heal=0 | acc=53.71% | byz_w=['0.086', '0.117', '0.094', '0.061']
[060] v2_only    | atk=  A3 | V1=0 V2=1 | consensus=0 heal=1V2 | acc=59.18% | byz_w=['0.078', '0.101', '0.090', '0.068']
[061] v2_only    | atk=  A2 | V1=0 V2=1 | consensus=0 heal=1V2 | acc=52.32% | byz_w=['0.082', '0.117', '0.098', '0.068']
[062] v2_only    | atk=None | V1=0 V2=0 | consensus=1 heal=0 | acc=57.20% | byz_w=['0.079', '0.111', '0.095', '0.065']
[063] v2_only    | atk=  A3 | V1=0 V2=1 | consensus=0 heal=1V2 | acc=58.77% | byz_w=['0.085', '0.093', '0.087', '0.074']
[064] v2_only    | atk=  A3 | V1=0 V2=1 | consensus=0 heal=1V2 | acc=49.86% | byz_w=['0.085', '0.117', '0.107', '0.072']
[065] v2_only    | atk=  A1 | V1=0 V2=1 | consensus=0 heal=1V2 | acc=59.20% | byz_w=['0.077', '0.098', '0.095', '0.065']
[066] v2_only    | atk=  A2 | V1=0 V2=1 | consensus=0 heal=1V2 | acc=53.06% | byz_w=['0.087', '0.105', '0.110', '0.065']
[067] v2_only    | atk=None | V1=0 V2=0 | consensus=1 heal=0 | acc=58.61% | byz_w=['0.086', '0.093', '0.090', '0.062']
[068] v2_only    | atk=  A2 | V1=0 V2=1 | consensus=0 heal=1V2 | acc=49.33% | byz_w=['0.092', '0.114', '0.095', '0.059']
[069] v2_only    | atk=None | V1=0 V2=0 | consensus=1 heal=0 | acc=60.05% | byz_w=['0.075', '0.114', '0.096', '0.068']
[070] v2_only    | atk=None | V1=0 V2=0 | consensus=1 heal=0 | acc=52.31% | byz_w=['0.086', '0.104', '0.097', '0.066']
[071] v2_only    | atk=None | V1=0 V2=0 | consensus=1 heal=0 | acc=58.80% | byz_w=['0.082', '0.110', '0.095', '0.071']
[072] v2_only    | atk=  A3 | V1=0 V2=1 | consensus=0 heal=1V2 | acc=60.20% | byz_w=['0.078', '0.107', '0.094', '0.067']
[073] v2_only    | atk=None | V1=0 V2=0 | consensus=1 heal=0 | acc=57.35% | byz_w=['0.085', '0.103', '0.097', '0.074']
[074] v2_only    | atk=  A2 | V1=0 V2=1 | consensus=0 heal=1V2 | acc=54.42% | byz_w=['0.084', '0.098', '0.091', '0.073']
[075] v2_only    | atk=  A3 | V1=0 V2=1 | consensus=0 heal=1V2 | acc=59.64% | byz_w=['0.079', '0.104', '0.093', '0.063']
[076] v2_only    | atk=  A3 | V1=0 V2=1 | consensus=0 heal=1V2 | acc=59.34% | byz_w=['0.076', '0.125', '0.090', '0.062']
[077] v2_only    | atk=None | V1=0 V2=0 | consensus=1 heal=0 | acc=53.24% | byz_w=['0.080', '0.108', '0.091', '0.070']
[078] v2_only    | atk=  A2 | V1=0 V2=1 | consensus=0 heal=1V2 | acc=55.96% | byz_w=['0.088', '0.105', '0.097', '0.064']
[079] v2_only    | atk=None | V1=0 V2=0 | consensus=1 heal=0 | acc=59.67% | byz_w=['0.081', '0.106', '0.099', '0.060']
[080] v2_only    | atk=  A2 | V1=0 V2=1 | consensus=0 heal=1V2 | acc=58.46% | byz_w=['0.076', '0.103', '0.095', '0.067']
[081] v2_only    | atk=None | V1=0 V2=0 | consensus=1 heal=0 | acc=57.59% | byz_w=['0.085', '0.111', '0.092', '0.065']
[082] v2_only    | atk=  A3 | V1=0 V2=1 | consensus=0 heal=1V2 | acc=54.25% | byz_w=['0.078', '0.117', '0.099', '0.069']
[083] v2_only    | atk=  A3 | V1=0 V2=1 | consensus=0 heal=1V2 | acc=58.71% | byz_w=['0.081', '0.109', '0.094', '0.069']
[084] v2_only    | atk=  A1 | V1=0 V2=1 | consensus=0 heal=1V2 | acc=54.30% | byz_w=['0.080', '0.093', '0.097', '0.070']
[085] v2_only    | atk=None | V1=0 V2=0 | consensus=1 heal=0 | acc=60.14% | byz_w=['0.078', '0.102', '0.095', '0.059']
[086] v2_only    | atk=None | V1=0 V2=0 | consensus=1 heal=0 | acc=55.67% | byz_w=['0.080', '0.115', '0.094', '0.063']
[087] v2_only    | atk=  A1 | V1=0 V2=1 | consensus=0 heal=1V2 | acc=60.01% | byz_w=['0.086', '0.117', '0.091', '0.071']
[088] v2_only    | atk=  A1 | V1=0 V2=1 | consensus=0 heal=1V2 | acc=59.76% | byz_w=['0.078', '0.102', '0.091', '0.067']
[089] v2_only    | atk=  A2 | V1=0 V2=1 | consensus=0 heal=1V2 | acc=57.28% | byz_w=['0.078', '0.108', '0.098', '0.070']
[090] v2_only    | atk=None | V1=0 V2=0 | consensus=1 heal=0 | acc=62.19% | byz_w=['0.089', '0.102', '0.083', '0.060']
[091] v2_only    | atk=None | V1=0 V2=0 | consensus=1 heal=0 | acc=54.58% | byz_w=['0.085', '0.111', '0.094', '0.060']
[092] v2_only    | atk=  A2 | V1=0 V2=1 | consensus=0 heal=1V2 | acc=56.78% | byz_w=['0.080', '0.112', '0.110', '0.064']
[093] v2_only    | atk=  A3 | V1=0 V2=1 | consensus=0 heal=1V2 | acc=56.43% | byz_w=['0.083', '0.106', '0.101', '0.065']
[094] v2_only    | atk=None | V1=0 V2=0 | consensus=1 heal=0 | acc=61.38% | byz_w=['0.084', '0.104', '0.088', '0.064']
[095] v2_only    | atk=None | V1=0 V2=0 | consensus=1 heal=0 | acc=55.55% | byz_w=['0.086', '0.105', '0.094', '0.066']
[096] v2_only    | atk=None | V1=0 V2=0 | consensus=1 heal=0 | acc=59.68% | byz_w=['0.078', '0.100', '0.102', '0.069']
[097] v2_only    | atk=  A2 | V1=0 V2=1 | consensus=0 heal=1V2 | acc=57.86% | byz_w=['0.077', '0.096', '0.095', '0.076']
[098] v2_only    | atk=  A3 | V1=0 V2=1 | consensus=0 heal=1V2 | acc=58.53% | byz_w=['0.071', '0.109', '0.097', '0.073']
[099] v2_only    | atk=  A2 | V1=0 V2=1 | consensus=0 heal=1V2 | acc=57.31% | byz_w=['0.087', '0.108', '0.091', '0.075']
[100] v2_only    | atk=  A2 | V1=0 V2=1 | consensus=0 heal=1V2 | acc=57.25% | byz_w=['0.080', '0.107', '0.097', '0.065']
[101] v2_only    | atk=  A3 | V1=0 V2=1 | consensus=0 heal=1V2 | acc=58.25% | byz_w=['0.077', '0.105', '0.091', '0.062']
[102] v2_only    | atk=None | V1=0 V2=0 | consensus=1 heal=0 | acc=56.78% | byz_w=['0.077', '0.108', '0.092', '0.067']
[103] v2_only    | atk=  A3 | V1=0 V2=1 | consensus=0 heal=1V2 | acc=57.85% | byz_w=['0.083', '0.115', '0.093', '0.066']
[104] v2_only    | atk=  A2 | V1=0 V2=1 | consensus=0 heal=1V2 | acc=55.15% | byz_w=['0.085', '0.109', '0.094', '0.070']
[105] v2_only    | atk=  A3 | V1=0 V2=1 | consensus=0 heal=1V2 | acc=63.11% | byz_w=['0.079', '0.110', '0.091', '0.072']
[106] v2_only    | atk=None | V1=0 V2=0 | consensus=1 heal=0 | acc=56.16% | byz_w=['0.090', '0.106', '0.091', '0.072']
[107] v2_only    | atk=None | V1=0 V2=0 | consensus=1 heal=0 | acc=60.67% | byz_w=['0.077', '0.099', '0.095', '0.068']
[108] v2_only    | atk=None | V1=0 V2=0 | consensus=1 heal=0 | acc=53.50% | byz_w=['0.078', '0.112', '0.102', '0.065']
[109] v2_only    | atk=  A2 | V1=0 V2=1 | consensus=0 heal=1V2 | acc=63.07% | byz_w=['0.079', '0.105', '0.091', '0.074']
[110] v2_only    | atk=  A2 | V1=0 V2=1 | consensus=0 heal=1V2 | acc=56.20% | byz_w=['0.078', '0.113', '0.083', '0.070']
[111] v2_only    | atk=  A1 | V1=0 V2=1 | consensus=0 heal=1V2 | acc=58.69% | byz_w=['0.071', '0.108', '0.094', '0.062']
[112] v2_only    | atk=None | V1=0 V2=0 | consensus=1 heal=0 | acc=58.90% | byz_w=['0.081', '0.105', '0.091', '0.073']
[113] v2_only    | atk=  A2 | V1=0 V2=1 | consensus=0 heal=1V2 | acc=59.29% | byz_w=['0.084', '0.106', '0.097', '0.067']
[114] v2_only    | atk=None | V1=0 V2=0 | consensus=1 heal=0 | acc=58.22% | byz_w=['0.082', '0.106', '0.096', '0.066']
[115] v2_only    | atk=None | V1=0 V2=0 | consensus=1 heal=0 | acc=62.50% | byz_w=['0.085', '0.109', '0.092', '0.069']
[116] v2_only    | atk=  A3 | V1=0 V2=1 | consensus=0 heal=1V2 | acc=55.74% | byz_w=['0.080', '0.109', '0.098', '0.063']
[117] v2_only    | atk=  A2 | V1=0 V2=1 | consensus=0 heal=1V2 | acc=61.74% | byz_w=['0.074', '0.111', '0.102', '0.060']
[118] v2_only    | atk=  A1 | V1=0 V2=1 | consensus=0 heal=1V2 | acc=54.76% | byz_w=['0.078', '0.096', '0.099', '0.070']
[119] v2_only    | atk=None | V1=0 V2=0 | consensus=1 heal=0 | acc=60.47% | byz_w=['0.074', '0.103', '0.099', '0.069']
[120] v2_only    | atk=  A2 | V1=0 V2=1 | consensus=0 heal=1V2 | acc=58.96% | byz_w=['0.076', '0.127', '0.091', '0.064']
[121] v2_only    | atk=  A1 | V1=0 V2=1 | consensus=0 heal=1V2 | acc=59.88% | byz_w=['0.084', '0.106', '0.090', '0.061']
[122] v2_only    | atk=None | V1=0 V2=0 | consensus=1 heal=0 | acc=50.71% | byz_w=['0.087', '0.104', '0.092', '0.063']
[123] v2_only    | atk=  A3 | V1=0 V2=1 | consensus=0 heal=1V2 | acc=59.52% | byz_w=['0.078', '0.100', '0.100', '0.066']
[124] v2_only    | atk=  A1 | V1=0 V2=1 | consensus=0 heal=1V2 | acc=50.99% | byz_w=['0.080', '0.112', '0.096', '0.069']
[125] v2_only    | atk=None | V1=0 V2=0 | consensus=1 heal=0 | acc=63.15% | byz_w=['0.069', '0.110', '0.096', '0.071']
[126] v2_only    | atk=None | V1=0 V2=0 | consensus=1 heal=0 | acc=44.64% | byz_w=['0.085', '0.114', '0.093', '0.077']
[127] v2_only    | atk=  A1 | V1=0 V2=1 | consensus=0 heal=1V2 | acc=63.34% | byz_w=['0.073', '0.107', '0.095', '0.065']
[128] v2_only    | atk=  A3 | V1=0 V2=1 | consensus=0 heal=1V2 | acc=54.97% | byz_w=['0.075', '0.111', '0.094', '0.060']
[129] v2_only    | atk=  A3 | V1=0 V2=1 | consensus=0 heal=1V2 | acc=62.04% | byz_w=['0.074', '0.105', '0.100', '0.059']
[130] v2_only    | atk=None | V1=0 V2=0 | consensus=1 heal=0 | acc=51.15% | byz_w=['0.079', '0.104', '0.095', '0.063']
[131] v2_only    | atk=  A1 | V1=0 V2=1 | consensus=0 heal=1V2 | acc=64.09% | byz_w=['0.085', '0.101', '0.102', '0.068']
[132] v2_only    | atk=  A1 | V1=0 V2=1 | consensus=0 heal=1V2 | acc=53.80% | byz_w=['0.072', '0.095', '0.090', '0.069']
[133] v2_only    | atk=  A3 | V1=0 V2=1 | consensus=0 heal=1V2 | acc=62.86% | byz_w=['0.075', '0.114', '0.093', '0.058']
[134] v2_only    | atk=None | V1=0 V2=0 | consensus=1 heal=0 | acc=47.69% | byz_w=['0.076', '0.118', '0.096', '0.062']
[135] v2_only    | atk=  A2 | V1=0 V2=1 | consensus=0 heal=1V2 | acc=61.38% | byz_w=['0.066', '0.109', '0.091', '0.085']
[136] v2_only    | atk=  A3 | V1=0 V2=1 | consensus=0 heal=1V2 | acc=51.89% | byz_w=['0.080', '0.104', '0.096', '0.077']
[137] v2_only    | atk=  A3 | V1=0 V2=1 | consensus=0 heal=1V2 | acc=62.45% | byz_w=['0.068', '0.114', '0.096', '0.063']
[138] v2_only    | atk=None | V1=0 V2=0 | consensus=1 heal=0 | acc=54.15% | byz_w=['0.072', '0.113', '0.101', '0.070']
[139] v2_only    | atk=None | V1=0 V2=0 | consensus=1 heal=0 | acc=57.52% | byz_w=['0.075', '0.111', '0.093', '0.069']
[140] v2_only    | atk=None | V1=0 V2=0 | consensus=1 heal=0 | acc=55.83% | byz_w=['0.072', '0.106', '0.098', '0.067']
[141] v2_only    | atk=None | V1=0 V2=0 | consensus=1 heal=0 | acc=60.17% | byz_w=['0.067', '0.104', '0.094', '0.067']
[142] v2_only    | atk=  A2 | V1=0 V2=1 | consensus=0 heal=1V2 | acc=62.89% | byz_w=['0.075', '0.098', '0.091', '0.074']
[143] v2_only    | atk=  A3 | V1=0 V2=1 | consensus=0 heal=1V2 | acc=59.39% | byz_w=['0.073', '0.108', '0.088', '0.064']
[144] v2_only    | atk=  A3 | V1=0 V2=1 | consensus=0 heal=1V2 | acc=60.40% | byz_w=['0.074', '0.109', '0.092', '0.061']
[145] v2_only    | atk=  A1 | V1=0 V2=1 | consensus=0 heal=1V2 | acc=60.87% | byz_w=['0.064', '0.110', '0.099', '0.070']
[146] v2_only    | atk=None | V1=0 V2=0 | consensus=1 heal=0 | acc=53.46% | byz_w=['0.068', '0.116', '0.094', '0.063']
[147] v2_only    | atk=None | V1=0 V2=0 | consensus=1 heal=0 | acc=58.43% | byz_w=['0.059', '0.105', '0.094', '0.070']
[148] v2_only    | atk=  A3 | V1=0 V2=1 | consensus=0 heal=1V2 | acc=62.87% | byz_w=['0.042', '0.104', '0.082', '0.063']
[149] v2_only    | atk=None | V1=0 V2=0 | consensus=1 heal=0 | acc=46.26% | byz_w=['0.067', '0.111', '0.094', '0.074']
[150] v2_only    | atk=  A2 | V1=0 V2=1 | consensus=0 heal=1V2 | acc=63.91% | byz_w=['0.073', '0.107', '0.085', '0.070']
[151] v2_only    | atk=None | V1=0 V2=0 | consensus=1 heal=0 | acc=50.58% | byz_w=['0.081', '0.104', '0.090', '0.074']
[152] v2_only    | atk=None | V1=0 V2=0 | consensus=1 heal=0 | acc=62.81% | byz_w=['0.077', '0.115', '0.084', '0.074']
[153] v2_only    | atk=  A1 | V1=0 V2=1 | consensus=0 heal=1V2 | acc=52.94% | byz_w=['0.075', '0.106', '0.090', '0.059']
[154] v2_only    | atk=  A1 | V1=0 V2=1 | consensus=0 heal=1V2 | acc=62.10% | byz_w=['0.076', '0.103', '0.084', '0.050']
[155] v2_only    | atk=  A1 | V1=0 V2=1 | consensus=0 heal=1V2 | acc=43.52% | byz_w=['0.079', '0.121', '0.093', '0.055']
[156] v2_only    | atk=  A1 | V1=0 V2=1 | consensus=0 heal=1V2 | acc=64.04% | byz_w=['0.069', '0.101', '0.081', '0.047']
[157] v2_only    | atk=None | V1=0 V2=0 | consensus=1 heal=0 | acc=41.58% | byz_w=['0.083', '0.123', '0.095', '0.079']
[158] v2_only    | atk=  A2 | V1=0 V2=1 | consensus=0 heal=1V2 | acc=65.74% | byz_w=['0.071', '0.098', '0.080', '0.066']
[159] v2_only    | atk=None | V1=0 V2=0 | consensus=1 heal=0 | acc=52.06% | byz_w=['0.074', '0.118', '0.085', '0.071']
[160] v2_only    | atk=  A3 | V1=0 V2=1 | consensus=0 heal=1V2 | acc=64.37% | byz_w=['0.080', '0.109', '0.083', '0.064']
[161] v2_only    | atk=  A3 | V1=0 V2=1 | consensus=0 heal=1V2 | acc=52.87% | byz_w=['0.075', '0.105', '0.089', '0.072']
[162] v2_only    | atk=  A1 | V1=0 V2=1 | consensus=0 heal=1V2 | acc=63.31% | byz_w=['0.076', '0.112', '0.085', '0.070']
[163] v2_only    | atk=  A2 | V1=0 V2=1 | consensus=0 heal=1V2 | acc=59.16% | byz_w=['0.072', '0.107', '0.083', '0.071']
[164] v2_only    | atk=None | V1=0 V2=0 | consensus=1 heal=0 | acc=61.55% | byz_w=['0.066', '0.115', '0.090', '0.071']
[165] v2_only    | atk=None | V1=0 V2=0 | consensus=1 heal=0 | acc=64.33% | byz_w=['0.065', '0.101', '0.092', '0.064']
[166] v2_only    | atk=  A3 | V1=0 V2=1 | consensus=0 heal=1V2 | acc=50.54% | byz_w=['0.073', '0.101', '0.090', '0.074']
[167] v2_only    | atk=  A1 | V1=0 V2=1 | consensus=0 heal=1V2 | acc=63.16% | byz_w=['0.071', '0.111', '0.091', '0.065']
[168] v2_only    | atk=None | V1=0 V2=0 | consensus=1 heal=0 | acc=62.15% | byz_w=['0.071', '0.110', '0.085', '0.058']
[169] v2_only    | atk=None | V1=0 V2=0 | consensus=1 heal=0 | acc=63.17% | byz_w=['0.072', '0.110', '0.087', '0.048']
[170] v2_only    | atk=  A2 | V1=0 V2=1 | consensus=0 heal=1V2 | acc=59.76% | byz_w=['0.073', '0.112', '0.092', '0.056']
[171] v2_only    | atk=  A1 | V1=0 V2=1 | consensus=0 heal=1V2 | acc=63.57% | byz_w=['0.067', '0.102', '0.085', '0.067']
[172] v2_only    | atk=None | V1=0 V2=0 | consensus=1 heal=0 | acc=59.04% | byz_w=['0.084', '0.105', '0.087', '0.058']
[173] v2_only    | atk=None | V1=0 V2=0 | consensus=1 heal=0 | acc=65.11% | byz_w=['0.076', '0.106', '0.074', '0.065']
[174] v2_only    | atk=  A3 | V1=0 V2=1 | consensus=0 heal=1V2 | acc=47.03% | byz_w=['0.077', '0.109', '0.084', '0.063']
[175] v2_only    | atk=  A3 | V1=0 V2=1 | consensus=0 heal=1V2 | acc=64.51% | byz_w=['0.072', '0.108', '0.079', '0.063']
[176] v2_only    | atk=  A1 | V1=0 V2=1 | consensus=0 heal=1V2 | acc=54.51% | byz_w=['0.079', '0.109', '0.097', '0.079']
[177] v2_only    | atk=None | V1=0 V2=0 | consensus=1 heal=0 | acc=66.15% | byz_w=['0.083', '0.102', '0.093', '0.072']
[178] v2_only    | atk=  A3 | V1=0 V2=1 | consensus=0 heal=1V2 | acc=54.93% | byz_w=['0.085', '0.106', '0.089', '0.068']
[179] v2_only    | atk=  A3 | V1=0 V2=1 | consensus=0 heal=1V2 | acc=63.86% | byz_w=['0.080', '0.102', '0.095', '0.064']
[180] v2_only    | atk=None | V1=0 V2=0 | consensus=1 heal=0 | acc=54.33% | byz_w=['0.072', '0.104', '0.095', '0.069']
[181] v2_only    | atk=None | V1=0 V2=0 | consensus=1 heal=0 | acc=64.36% | byz_w=['0.064', '0.106', '0.082', '0.067']
[182] v2_only    | atk=  A1 | V1=0 V2=1 | consensus=0 heal=1V2 | acc=53.16% | byz_w=['0.067', '0.111', '0.087', '0.071']
[183] v2_only    | atk=None | V1=0 V2=0 | consensus=1 heal=0 | acc=63.97% | byz_w=['0.063', '0.103', '0.087', '0.063']
[184] v2_only    | atk=  A3 | V1=0 V2=1 | consensus=0 heal=1V2 | acc=50.02% | byz_w=['0.077', '0.113', '0.098', '0.066']
[185] v2_only    | atk=  A2 | V1=0 V2=1 | consensus=0 heal=1V2 | acc=65.77% | byz_w=['0.057', '0.107', '0.091', '0.064']
[186] v2_only    | atk=  A1 | V1=0 V2=1 | consensus=0 heal=1V2 | acc=45.74% | byz_w=['0.088', '0.114', '0.097', '0.081']
[187] v2_only    | atk=  A3 | V1=0 V2=1 | consensus=0 heal=1V2 | acc=65.50% | byz_w=['0.072', '0.097', '0.083', '0.074']
[188] v2_only    | atk=None | V1=0 V2=0 | consensus=1 heal=0 | acc=52.45% | byz_w=['0.067', '0.113', '0.087', '0.071']
[189] v2_only    | atk=None | V1=0 V2=0 | consensus=1 heal=0 | acc=64.57% | byz_w=['0.066', '0.096', '0.082', '0.065']
[190] v2_only    | atk=  A3 | V1=0 V2=1 | consensus=0 heal=1V2 | acc=45.46% | byz_w=['0.083', '0.120', '0.088', '0.068']
[191] v2_only    | atk=  A1 | V1=0 V2=1 | consensus=0 heal=1V2 | acc=63.86% | byz_w=['0.076', '0.104', '0.087', '0.061']
[192] v2_only    | atk=None | V1=0 V2=0 | consensus=1 heal=0 | acc=53.92% | byz_w=['0.078', '0.112', '0.086', '0.065']
[193] v2_only    | atk=  A3 | V1=0 V2=1 | consensus=0 heal=1V2 | acc=63.49% | byz_w=['0.075', '0.101', '0.085', '0.066']
[194] v2_only    | atk=  A2 | V1=0 V2=1 | consensus=0 heal=1V2 | acc=45.69% | byz_w=['0.077', '0.108', '0.083', '0.081']
[195] v2_only    | atk=  A3 | V1=0 V2=1 | consensus=0 heal=1V2 | acc=66.69% | byz_w=['0.072', '0.095', '0.081', '0.063']
[196] v2_only    | atk=  A2 | V1=0 V2=1 | consensus=0 heal=1V2 | acc=50.58% | byz_w=['0.071', '0.118', '0.101', '0.070']
[197] v2_only    | atk=None | V1=0 V2=0 | consensus=1 heal=0 | acc=64.74% | byz_w=['0.068', '0.099', '0.093', '0.061']
[198] v2_only    | atk=  A3 | V1=0 V2=1 | consensus=0 heal=1V2 | acc=55.03% | byz_w=['0.067', '0.118', '0.093', '0.065']
[199] v2_only    | atk=None | V1=0 V2=0 | consensus=1 heal=0 | acc=64.96% | byz_w=['0.064', '0.103', '0.082', '0.062']
[200] v2_only    | atk=None | V1=0 V2=0 | consensus=1 heal=0 | acc=54.20% | byz_w=['0.072', '0.117', '0.092', '0.070']

============================================================
=== TAS (V1+V2) ===
[001] tas        | atk=None | V1=0 V2=0 | consensus=1 heal=0 | acc=10.00% | byz_w=['0.072', '0.067', '0.037', '0.048']
[002] tas        | atk=  A3 | V1=1 V2=0 | consensus=0 heal=1V1 | acc=14.84% | byz_w=['0.078', '0.104', '0.060', '0.061']
[003] tas        | atk=None | V1=0 V2=0 | consensus=1 heal=0 | acc=19.17% | byz_w=['0.063', '0.119', '0.053', '0.067']
[004] tas        | atk=None | V1=0 V2=0 | consensus=1 heal=0 | acc=20.52% | byz_w=['0.057', '0.129', '0.048', '0.057']
[005] tas        | atk=  A3 | V1=1 V2=1 | consensus=0 heal=1V1 | acc=21.46% | byz_w=['0.046', '0.135', '0.044', '0.051']
[006] tas        | atk=  A2 | V1=1 V2=1 | consensus=0 heal=1V1 | acc=22.74% | byz_w=['0.040', '0.142', '0.046', '0.042']
[007] tas        | atk=None | V1=0 V2=0 | consensus=1 heal=0 | acc=25.06% | byz_w=['0.037', '0.139', '0.045', '0.036']
[008] tas        | atk=  A3 | V1=1 V2=1 | consensus=0 heal=1V1 | acc=26.33% | byz_w=['0.032', '0.135', '0.048', '0.035']
[009] tas        | atk=  A2 | V1=0 V2=1 | consensus=0 heal=1V2 | acc=26.40% | byz_w=['0.039', '0.131', '0.060', '0.042']
[010] tas        | atk=  A3 | V1=1 V2=1 | consensus=0 heal=1V1 | acc=26.71% | byz_w=['0.041', '0.147', '0.079', '0.043']
[011] tas        | atk=  A2 | V1=1 V2=1 | consensus=0 heal=1V1 | acc=32.01% | byz_w=['0.044', '0.133', '0.079', '0.058']
[012] tas        | atk=None | V1=0 V2=0 | consensus=1 heal=0 | acc=31.88% | byz_w=['0.050', '0.130', '0.088', '0.068']
[013] tas        | atk=None | V1=0 V2=0 | consensus=1 heal=0 | acc=35.10% | byz_w=['0.070', '0.132', '0.086', '0.059']
[014] tas        | atk=  A1 | V1=1 V2=1 | consensus=0 heal=1V1 | acc=33.83% | byz_w=['0.065', '0.133', '0.092', '0.060']
[015] tas        | atk=  A1 | V1=1 V2=1 | consensus=0 heal=1V1 | acc=38.52% | byz_w=['0.083', '0.123', '0.082', '0.062']
[016] tas        | atk=None | V1=0 V2=0 | consensus=1 heal=0 | acc=33.83% | byz_w=['0.063', '0.135', '0.097', '0.074']
[017] tas        | atk=  A3 | V1=1 V2=1 | consensus=0 heal=1V1 | acc=38.74% | byz_w=['0.066', '0.103', '0.076', '0.104']
[018] tas        | atk=  A2 | V1=1 V2=1 | consensus=0 heal=1V1 | acc=37.40% | byz_w=['0.074', '0.136', '0.080', '0.094']
[019] tas        | atk=None | V1=0 V2=0 | consensus=1 heal=0 | acc=44.68% | byz_w=['0.089', '0.107', '0.069', '0.079']
[020] tas        | atk=  A1 | V1=1 V2=1 | consensus=0 heal=1V1 | acc=34.27% | byz_w=['0.089', '0.126', '0.115', '0.089']
[021] tas        | atk=None | V1=0 V2=0 | consensus=1 heal=0 | acc=49.31% | byz_w=['0.083', '0.092', '0.079', '0.080']
[022] tas        | atk=None | V1=0 V2=0 | consensus=1 heal=0 | acc=40.86% | byz_w=['0.088', '0.120', '0.107', '0.098']
[023] tas        | atk=  A3 | V1=1 V2=1 | consensus=0 heal=1V1 | acc=48.06% | byz_w=['0.086', '0.095', '0.083', '0.075']
[024] tas        | atk=  A3 | V1=1 V2=1 | consensus=0 heal=1V1 | acc=40.78% | byz_w=['0.085', '0.127', '0.111', '0.086']
[025] tas        | atk=None | V1=0 V2=0 | consensus=1 heal=0 | acc=50.01% | byz_w=['0.074', '0.100', '0.080', '0.074']
[026] tas        | atk=  A2 | V1=0 V2=1 | consensus=0 heal=1V2 | acc=40.33% | byz_w=['0.086', '0.123', '0.116', '0.105']
[027] tas        | atk=None | V1=0 V2=0 | consensus=1 heal=0 | acc=53.15% | byz_w=['0.080', '0.094', '0.078', '0.073']
[028] tas        | atk=  A2 | V1=1 V2=0 | consensus=0 heal=1V1 | acc=43.93% | byz_w=['0.090', '0.123', '0.112', '0.092']
[029] tas        | atk=  A1 | V1=1 V2=1 | consensus=0 heal=1V1 | acc=55.30% | byz_w=['0.092', '0.091', '0.077', '0.068']
[030] tas        | atk=  A3 | V1=1 V2=1 | consensus=0 heal=1V1 | acc=42.13% | byz_w=['0.084', '0.127', '0.100', '0.079']
[031] tas        | atk=None | V1=0 V2=0 | consensus=1 heal=0 | acc=52.73% | byz_w=['0.085', '0.107', '0.086', '0.069']
[032] tas        | atk=  A3 | V1=1 V2=1 | consensus=0 heal=1V1 | acc=46.13% | byz_w=['0.083', '0.105', '0.112', '0.078']
[033] tas        | atk=  A3 | V1=1 V2=1 | consensus=0 heal=1V1 | acc=52.88% | byz_w=['0.085', '0.108', '0.089', '0.078']
[034] tas        | atk=  A2 | V1=1 V2=1 | consensus=0 heal=1V1 | acc=53.42% | byz_w=['0.082', '0.118', '0.092', '0.070']
[035] tas        | atk=  A3 | V1=1 V2=1 | consensus=0 heal=1V1 | acc=48.67% | byz_w=['0.092', '0.114', '0.099', '0.082']
[036] tas        | atk=  A3 | V1=1 V2=1 | consensus=0 heal=1V1 | acc=53.49% | byz_w=['0.087', '0.102', '0.100', '0.067']
[037] tas        | atk=None | V1=0 V2=0 | consensus=1 heal=0 | acc=47.65% | byz_w=['0.093', '0.121', '0.103', '0.074']
[038] tas        | atk=None | V1=0 V2=0 | consensus=1 heal=0 | acc=56.66% | byz_w=['0.082', '0.105', '0.097', '0.070']
[039] tas        | atk=  A1 | V1=1 V2=1 | consensus=0 heal=1V1 | acc=51.49% | byz_w=['0.081', '0.105', '0.099', '0.066']
[040] tas        | atk=None | V1=0 V2=0 | consensus=1 heal=0 | acc=52.70% | byz_w=['0.087', '0.102', '0.095', '0.075']
[041] tas        | atk=  A2 | V1=0 V2=1 | consensus=0 heal=1V2 | acc=50.70% | byz_w=['0.090', '0.108', '0.103', '0.076']
[042] tas        | atk=None | V1=0 V2=0 | consensus=1 heal=0 | acc=54.97% | byz_w=['0.079', '0.096', '0.099', '0.073']
[043] tas        | atk=None | V1=0 V2=0 | consensus=1 heal=0 | acc=50.57% | byz_w=['0.080', '0.119', '0.113', '0.077']
[044] tas        | atk=  A1 | V1=1 V2=1 | consensus=0 heal=1V1 | acc=58.19% | byz_w=['0.082', '0.099', '0.088', '0.062']
[045] tas        | atk=None | V1=0 V2=0 | consensus=1 heal=0 | acc=52.42% | byz_w=['0.085', '0.108', '0.105', '0.071']
[046] tas        | atk=  A3 | V1=1 V2=1 | consensus=0 heal=1V1 | acc=59.29% | byz_w=['0.086', '0.101', '0.092', '0.069']
[047] tas        | atk=  A3 | V1=1 V2=1 | consensus=0 heal=1V1 | acc=50.03% | byz_w=['0.078', '0.112', '0.103', '0.080']
[048] tas        | atk=  A2 | V1=1 V2=1 | consensus=0 heal=1V1 | acc=59.09% | byz_w=['0.076', '0.114', '0.097', '0.070']
[049] tas        | atk=None | V1=0 V2=0 | consensus=1 heal=0 | acc=55.49% | byz_w=['0.087', '0.112', '0.094', '0.067']
[050] tas        | atk=  A3 | V1=1 V2=1 | consensus=0 heal=1V1 | acc=56.91% | byz_w=['0.090', '0.109', '0.085', '0.067']
[051] tas        | atk=None | V1=0 V2=0 | consensus=1 heal=0 | acc=59.90% | byz_w=['0.079', '0.102', '0.095', '0.072']
[052] tas        | atk=None | V1=0 V2=0 | consensus=1 heal=0 | acc=52.81% | byz_w=['0.086', '0.108', '0.103', '0.072']
[053] tas        | atk=  A1 | V1=1 V2=1 | consensus=0 heal=1V1 | acc=56.18% | byz_w=['0.084', '0.101', '0.110', '0.085']
[054] tas        | atk=  A3 | V1=1 V2=1 | consensus=0 heal=1V1 | acc=56.85% | byz_w=['0.084', '0.092', '0.099', '0.074']
[055] tas        | atk=  A3 | V1=1 V2=1 | consensus=0 heal=1V1 | acc=56.96% | byz_w=['0.085', '0.103', '0.098', '0.065']
[056] tas        | atk=None | V1=0 V2=0 | consensus=1 heal=0 | acc=56.87% | byz_w=['0.078', '0.106', '0.099', '0.066']
[057] tas        | atk=  A3 | V1=1 V2=1 | consensus=0 heal=1V1 | acc=59.52% | byz_w=['0.092', '0.105', '0.088', '0.071']
[058] tas        | atk=  A2 | V1=1 V2=1 | consensus=0 heal=1V1 | acc=52.08% | byz_w=['0.080', '0.113', '0.110', '0.071']
[059] tas        | atk=None | V1=0 V2=0 | consensus=1 heal=0 | acc=61.00% | byz_w=['0.072', '0.099', '0.093', '0.073']
[060] tas        | atk=  A3 | V1=1 V2=1 | consensus=0 heal=1V1 | acc=50.88% | byz_w=['0.086', '0.112', '0.098', '0.074']
[061] tas        | atk=  A2 | V1=1 V2=1 | consensus=0 heal=1V1 | acc=61.25% | byz_w=['0.076', '0.103', '0.097', '0.068']
[062] tas        | atk=None | V1=0 V2=0 | consensus=1 heal=0 | acc=50.05% | byz_w=['0.081', '0.111', '0.103', '0.073']
[063] tas        | atk=  A3 | V1=1 V2=1 | consensus=0 heal=1V1 | acc=61.89% | byz_w=['0.076', '0.106', '0.088', '0.070']
[064] tas        | atk=  A3 | V1=1 V2=1 | consensus=0 heal=1V1 | acc=53.25% | byz_w=['0.082', '0.113', '0.097', '0.074']
[065] tas        | atk=  A1 | V1=1 V2=1 | consensus=0 heal=1V1 | acc=61.83% | byz_w=['0.082', '0.099', '0.093', '0.064']
[066] tas        | atk=  A2 | V1=1 V2=1 | consensus=0 heal=1V1 | acc=50.88% | byz_w=['0.082', '0.113', '0.093', '0.068']
[067] tas        | atk=None | V1=0 V2=0 | consensus=1 heal=0 | acc=61.63% | byz_w=['0.081', '0.106', '0.088', '0.062']
[068] tas        | atk=  A2 | V1=1 V2=1 | consensus=0 heal=1V1 | acc=54.64% | byz_w=['0.088', '0.107', '0.094', '0.071']
[069] tas        | atk=None | V1=0 V2=0 | consensus=1 heal=0 | acc=61.56% | byz_w=['0.077', '0.102', '0.092', '0.069']
[070] tas        | atk=None | V1=0 V2=0 | consensus=1 heal=0 | acc=52.17% | byz_w=['0.084', '0.105', '0.101', '0.068']
[071] tas        | atk=None | V1=0 V2=0 | consensus=1 heal=0 | acc=60.00% | byz_w=['0.075', '0.101', '0.087', '0.065']
[072] tas        | atk=  A3 | V1=1 V2=1 | consensus=0 heal=1V1 | acc=53.03% | byz_w=['0.088', '0.114', '0.090', '0.071']
[073] tas        | atk=None | V1=0 V2=0 | consensus=1 heal=0 | acc=62.19% | byz_w=['0.074', '0.106', '0.082', '0.064']
[074] tas        | atk=  A2 | V1=1 V2=1 | consensus=0 heal=1V1 | acc=54.64% | byz_w=['0.079', '0.108', '0.097', '0.067']
[075] tas        | atk=  A3 | V1=1 V2=1 | consensus=0 heal=1V1 | acc=58.72% | byz_w=['0.080', '0.108', '0.097', '0.064']
[076] tas        | atk=  A3 | V1=1 V2=1 | consensus=0 heal=1V1 | acc=59.70% | byz_w=['0.079', '0.103', '0.083', '0.080']
[077] tas        | atk=None | V1=0 V2=0 | consensus=1 heal=0 | acc=61.71% | byz_w=['0.077', '0.097', '0.091', '0.057']
[078] tas        | atk=  A2 | V1=1 V2=1 | consensus=0 heal=1V1 | acc=54.85% | byz_w=['0.078', '0.107', '0.094', '0.071']
[079] tas        | atk=None | V1=0 V2=0 | consensus=1 heal=0 | acc=61.96% | byz_w=['0.081', '0.102', '0.088', '0.059']
[080] tas        | atk=  A2 | V1=1 V2=1 | consensus=0 heal=1V1 | acc=51.58% | byz_w=['0.077', '0.117', '0.097', '0.064']
[081] tas        | atk=None | V1=0 V2=0 | consensus=1 heal=0 | acc=63.71% | byz_w=['0.069', '0.098', '0.083', '0.074']
[082] tas        | atk=  A3 | V1=1 V2=1 | consensus=0 heal=1V1 | acc=52.20% | byz_w=['0.077', '0.110', '0.104', '0.076']
[083] tas        | atk=  A3 | V1=1 V2=1 | consensus=0 heal=1V1 | acc=63.32% | byz_w=['0.077', '0.098', '0.088', '0.067']
[084] tas        | atk=  A1 | V1=1 V2=1 | consensus=0 heal=1V1 | acc=51.77% | byz_w=['0.080', '0.106', '0.097', '0.075']
[085] tas        | atk=None | V1=0 V2=0 | consensus=1 heal=0 | acc=62.76% | byz_w=['0.080', '0.102', '0.097', '0.069']
[086] tas        | atk=None | V1=0 V2=0 | consensus=1 heal=0 | acc=51.65% | byz_w=['0.081', '0.112', '0.102', '0.070']
[087] tas        | atk=  A1 | V1=1 V2=1 | consensus=0 heal=1V1 | acc=62.90% | byz_w=['0.075', '0.101', '0.089', '0.061']
[088] tas        | atk=  A1 | V1=1 V2=1 | consensus=0 heal=1V1 | acc=53.28% | byz_w=['0.084', '0.110', '0.097', '0.063']
[089] tas        | atk=  A2 | V1=1 V2=1 | consensus=0 heal=1V1 | acc=62.64% | byz_w=['0.075', '0.106', '0.086', '0.067']
[090] tas        | atk=None | V1=0 V2=0 | consensus=1 heal=0 | acc=55.55% | byz_w=['0.072', '0.103', '0.095', '0.069']
[091] tas        | atk=None | V1=0 V2=0 | consensus=1 heal=0 | acc=65.15% | byz_w=['0.073', '0.101', '0.089', '0.059']
[092] tas        | atk=  A2 | V1=1 V2=1 | consensus=0 heal=1V1 | acc=52.48% | byz_w=['0.075', '0.115', '0.094', '0.070']
[093] tas        | atk=  A3 | V1=1 V2=1 | consensus=0 heal=1V1 | acc=64.17% | byz_w=['0.071', '0.102', '0.081', '0.071']
[094] tas        | atk=None | V1=0 V2=0 | consensus=1 heal=0 | acc=51.82% | byz_w=['0.075', '0.109', '0.103', '0.069']
[095] tas        | atk=None | V1=0 V2=0 | consensus=1 heal=0 | acc=62.90% | byz_w=['0.072', '0.101', '0.091', '0.064']
[096] tas        | atk=None | V1=0 V2=0 | consensus=1 heal=0 | acc=52.90% | byz_w=['0.073', '0.107', '0.106', '0.071']
[097] tas        | atk=  A2 | V1=1 V2=1 | consensus=0 heal=1V1 | acc=63.60% | byz_w=['0.076', '0.095', '0.092', '0.059']
[098] tas        | atk=  A3 | V1=1 V2=1 | consensus=0 heal=1V1 | acc=50.66% | byz_w=['0.080', '0.116', '0.106', '0.068']
[099] tas        | atk=  A2 | V1=0 V2=1 | consensus=0 heal=1V2 | acc=62.97% | byz_w=['0.070', '0.098', '0.092', '0.064']
[100] tas        | atk=  A2 | V1=1 V2=1 | consensus=0 heal=1V1 | acc=52.82% | byz_w=['0.082', '0.104', '0.101', '0.065']
[101] tas        | atk=  A3 | V1=1 V2=1 | consensus=0 heal=1V1 | acc=63.47% | byz_w=['0.079', '0.100', '0.093', '0.063']
[102] tas        | atk=None | V1=0 V2=0 | consensus=1 heal=0 | acc=47.87% | byz_w=['0.068', '0.115', '0.109', '0.070']
[103] tas        | atk=  A3 | V1=1 V2=1 | consensus=0 heal=1V1 | acc=63.85% | byz_w=['0.069', '0.102', '0.091', '0.062']
[104] tas        | atk=  A2 | V1=1 V2=1 | consensus=0 heal=1V1 | acc=53.42% | byz_w=['0.075', '0.111', '0.101', '0.065']
[105] tas        | atk=  A3 | V1=1 V2=1 | consensus=0 heal=1V1 | acc=64.26% | byz_w=['0.068', '0.101', '0.089', '0.066']
[106] tas        | atk=None | V1=0 V2=0 | consensus=1 heal=0 | acc=49.92% | byz_w=['0.076', '0.111', '0.099', '0.067']
[107] tas        | atk=None | V1=0 V2=0 | consensus=1 heal=0 | acc=63.55% | byz_w=['0.067', '0.103', '0.092', '0.063']
[108] tas        | atk=None | V1=0 V2=0 | consensus=1 heal=0 | acc=54.59% | byz_w=['0.061', '0.107', '0.095', '0.068']
[109] tas        | atk=  A2 | V1=1 V2=1 | consensus=0 heal=1V1 | acc=61.75% | byz_w=['0.070', '0.109', '0.089', '0.062']
[110] tas        | atk=  A2 | V1=1 V2=1 | consensus=0 heal=1V1 | acc=51.52% | byz_w=['0.078', '0.114', '0.089', '0.063']
[111] tas        | atk=  A1 | V1=1 V2=1 | consensus=0 heal=1V1 | acc=62.61% | byz_w=['0.076', '0.102', '0.091', '0.063']
[112] tas        | atk=None | V1=0 V2=0 | consensus=1 heal=0 | acc=53.39% | byz_w=['0.072', '0.106', '0.095', '0.065']
[113] tas        | atk=  A2 | V1=1 V2=1 | consensus=0 heal=1V1 | acc=63.67% | byz_w=['0.069', '0.110', '0.085', '0.066']
[114] tas        | atk=None | V1=0 V2=0 | consensus=1 heal=0 | acc=54.11% | byz_w=['0.067', '0.116', '0.098', '0.068']
[115] tas        | atk=None | V1=0 V2=0 | consensus=1 heal=0 | acc=62.61% | byz_w=['0.070', '0.107', '0.091', '0.064']
[116] tas        | atk=  A3 | V1=1 V2=1 | consensus=0 heal=1V1 | acc=55.14% | byz_w=['0.074', '0.103', '0.085', '0.066']
[117] tas        | atk=  A2 | V1=1 V2=1 | consensus=0 heal=1V1 | acc=62.74% | byz_w=['0.074', '0.103', '0.084', '0.064']
[118] tas        | atk=  A1 | V1=0 V2=1 | consensus=0 heal=1V2 | acc=49.60% | byz_w=['0.079', '0.108', '0.088', '0.066']
[119] tas        | atk=None | V1=0 V2=0 | consensus=1 heal=0 | acc=62.31% | byz_w=['0.071', '0.097', '0.089', '0.067']
[120] tas        | atk=  A2 | V1=1 V2=1 | consensus=0 heal=1V1 | acc=52.35% | byz_w=['0.078', '0.103', '0.098', '0.067']
[121] tas        | atk=  A1 | V1=0 V2=1 | consensus=0 heal=1V2 | acc=63.67% | byz_w=['0.071', '0.107', '0.089', '0.072']
[122] tas        | atk=None | V1=0 V2=0 | consensus=1 heal=0 | acc=55.44% | byz_w=['0.076', '0.113', '0.086', '0.065']
[123] tas        | atk=  A3 | V1=1 V2=1 | consensus=0 heal=1V1 | acc=62.55% | byz_w=['0.072', '0.105', '0.086', '0.070']
[124] tas        | atk=  A1 | V1=1 V2=1 | consensus=0 heal=1V1 | acc=55.50% | byz_w=['0.070', '0.113', '0.084', '0.074']
[125] tas        | atk=None | V1=0 V2=0 | consensus=1 heal=0 | acc=64.38% | byz_w=['0.073', '0.102', '0.087', '0.060']
[126] tas        | atk=None | V1=0 V2=0 | consensus=1 heal=0 | acc=53.78% | byz_w=['0.070', '0.104', '0.095', '0.065']
[127] tas        | atk=  A1 | V1=1 V2=1 | consensus=0 heal=1V1 | acc=63.09% | byz_w=['0.071', '0.101', '0.093', '0.064']
[128] tas        | atk=  A3 | V1=1 V2=1 | consensus=0 heal=1V1 | acc=51.84% | byz_w=['0.073', '0.114', '0.094', '0.071']
[129] tas        | atk=  A3 | V1=1 V2=1 | consensus=0 heal=1V1 | acc=63.79% | byz_w=['0.065', '0.100', '0.083', '0.059']
[130] tas        | atk=None | V1=0 V2=0 | consensus=1 heal=0 | acc=47.20% | byz_w=['0.065', '0.122', '0.101', '0.069']
[131] tas        | atk=  A1 | V1=1 V2=1 | consensus=0 heal=1V1 | acc=64.02% | byz_w=['0.065', '0.104', '0.089', '0.069']
[132] tas        | atk=  A1 | V1=1 V2=1 | consensus=0 heal=1V1 | acc=55.27% | byz_w=['0.062', '0.110', '0.090', '0.077']
[133] tas        | atk=  A3 | V1=1 V2=1 | consensus=0 heal=1V1 | acc=64.38% | byz_w=['0.066', '0.091', '0.085', '0.071']
[134] tas        | atk=None | V1=0 V2=0 | consensus=1 heal=0 | acc=54.72% | byz_w=['0.078', '0.109', '0.088', '0.062']
[135] tas        | atk=  A2 | V1=1 V2=1 | consensus=0 heal=1V1 | acc=65.80% | byz_w=['0.063', '0.105', '0.082', '0.069']
[136] tas        | atk=  A3 | V1=1 V2=1 | consensus=0 heal=1V1 | acc=46.23% | byz_w=['0.073', '0.119', '0.086', '0.072']
[137] tas        | atk=  A3 | V1=1 V2=1 | consensus=0 heal=1V1 | acc=63.21% | byz_w=['0.052', '0.105', '0.091', '0.068']
[138] tas        | atk=None | V1=0 V2=0 | consensus=1 heal=0 | acc=54.55% | byz_w=['0.086', '0.102', '0.089', '0.065']
[139] tas        | atk=None | V1=0 V2=0 | consensus=1 heal=0 | acc=61.74% | byz_w=['0.072', '0.101', '0.088', '0.061']
[140] tas        | atk=None | V1=0 V2=0 | consensus=1 heal=0 | acc=55.11% | byz_w=['0.067', '0.108', '0.086', '0.064']
[141] tas        | atk=None | V1=0 V2=0 | consensus=1 heal=0 | acc=60.34% | byz_w=['0.064', '0.109', '0.085', '0.065']
[142] tas        | atk=  A2 | V1=0 V2=1 | consensus=0 heal=1V2 | acc=58.67% | byz_w=['0.071', '0.113', '0.085', '0.071']
[143] tas        | atk=  A3 | V1=1 V2=1 | consensus=0 heal=1V1 | acc=64.96% | byz_w=['0.074', '0.108', '0.088', '0.069']
[144] tas        | atk=  A3 | V1=1 V2=1 | consensus=0 heal=1V1 | acc=57.01% | byz_w=['0.067', '0.103', '0.085', '0.069']
[145] tas        | atk=  A1 | V1=1 V2=1 | consensus=0 heal=1V1 | acc=63.32% | byz_w=['0.064', '0.108', '0.087', '0.061']
[146] tas        | atk=None | V1=0 V2=0 | consensus=1 heal=0 | acc=57.86% | byz_w=['0.072', '0.103', '0.089', '0.073']
[147] tas        | atk=None | V1=0 V2=0 | consensus=1 heal=0 | acc=66.06% | byz_w=['0.066', '0.101', '0.084', '0.068']
[148] tas        | atk=  A3 | V1=1 V2=1 | consensus=0 heal=1V1 | acc=55.12% | byz_w=['0.070', '0.112', '0.083', '0.064']
[149] tas        | atk=None | V1=0 V2=0 | consensus=1 heal=0 | acc=66.38% | byz_w=['0.072', '0.106', '0.076', '0.065']
[150] tas        | atk=  A2 | V1=1 V2=1 | consensus=0 heal=1V1 | acc=58.05% | byz_w=['0.059', '0.118', '0.086', '0.074']
[151] tas        | atk=None | V1=0 V2=0 | consensus=1 heal=0 | acc=64.97% | byz_w=['0.062', '0.112', '0.078', '0.066']
[152] tas        | atk=None | V1=0 V2=0 | consensus=1 heal=0 | acc=48.09% | byz_w=['0.075', '0.107', '0.097', '0.073']
[153] tas        | atk=  A1 | V1=1 V2=1 | consensus=0 heal=1V1 | acc=64.86% | byz_w=['0.068', '0.099', '0.076', '0.057']
[154] tas        | atk=  A1 | V1=1 V2=1 | consensus=0 heal=1V1 | acc=57.55% | byz_w=['0.081', '0.114', '0.088', '0.068']
[155] tas        | atk=  A1 | V1=1 V2=1 | consensus=0 heal=1V1 | acc=64.75% | byz_w=['0.073', '0.101', '0.084', '0.064']
[156] tas        | atk=  A1 | V1=0 V2=1 | consensus=0 heal=1V2 | acc=56.35% | byz_w=['0.079', '0.108', '0.089', '0.076']
[157] tas        | atk=None | V1=0 V2=0 | consensus=1 heal=0 | acc=63.06% | byz_w=['0.064', '0.106', '0.087', '0.072']
[158] tas        | atk=  A2 | V1=0 V2=1 | consensus=0 heal=1V2 | acc=58.18% | byz_w=['0.069', '0.105', '0.090', '0.060']
[159] tas        | atk=None | V1=0 V2=0 | consensus=1 heal=0 | acc=63.47% | byz_w=['0.067', '0.111', '0.089', '0.058']
[160] tas        | atk=  A3 | V1=1 V2=1 | consensus=0 heal=1V1 | acc=62.50% | byz_w=['0.057', '0.107', '0.088', '0.061']
[161] tas        | atk=  A3 | V1=1 V2=1 | consensus=0 heal=1V1 | acc=57.00% | byz_w=['0.073', '0.107', '0.094', '0.066']
[162] tas        | atk=  A1 | V1=1 V2=1 | consensus=0 heal=1V1 | acc=64.67% | byz_w=['0.072', '0.104', '0.088', '0.064']
[163] tas        | atk=  A2 | V1=1 V2=1 | consensus=0 heal=1V1 | acc=61.57% | byz_w=['0.066', '0.101', '0.083', '0.063']
[164] tas        | atk=None | V1=0 V2=0 | consensus=1 heal=0 | acc=62.84% | byz_w=['0.061', '0.098', '0.082', '0.067']
[165] tas        | atk=None | V1=0 V2=0 | consensus=1 heal=0 | acc=63.48% | byz_w=['0.065', '0.111', '0.097', '0.055']
[166] tas        | atk=  A3 | V1=1 V2=1 | consensus=0 heal=1V1 | acc=60.35% | byz_w=['0.072', '0.107', '0.082', '0.062']
[167] tas        | atk=  A1 | V1=1 V2=1 | consensus=0 heal=1V1 | acc=63.59% | byz_w=['0.067', '0.111', '0.087', '0.064']
[168] tas        | atk=None | V1=0 V2=0 | consensus=1 heal=0 | acc=59.34% | byz_w=['0.063', '0.115', '0.090', '0.060']
[169] tas        | atk=None | V1=0 V2=0 | consensus=1 heal=0 | acc=65.79% | byz_w=['0.073', '0.101', '0.082', '0.062']
[170] tas        | atk=  A2 | V1=1 V2=1 | consensus=0 heal=1V1 | acc=57.72% | byz_w=['0.066', '0.095', '0.089', '0.057']
[171] tas        | atk=  A1 | V1=1 V2=1 | consensus=0 heal=1V1 | acc=62.93% | byz_w=['0.064', '0.111', '0.088', '0.062']
[172] tas        | atk=None | V1=0 V2=0 | consensus=1 heal=0 | acc=56.29% | byz_w=['0.060', '0.110', '0.092', '0.059']
[173] tas        | atk=None | V1=0 V2=0 | consensus=1 heal=0 | acc=65.04% | byz_w=['0.072', '0.099', '0.085', '0.064']
[174] tas        | atk=  A3 | V1=1 V2=1 | consensus=0 heal=1V1 | acc=54.03% | byz_w=['0.070', '0.109', '0.098', '0.067']
[175] tas        | atk=  A3 | V1=1 V2=1 | consensus=0 heal=1V1 | acc=64.52% | byz_w=['0.070', '0.098', '0.091', '0.058']
[176] tas        | atk=  A1 | V1=1 V2=1 | consensus=0 heal=1V1 | acc=47.44% | byz_w=['0.074', '0.109', '0.092', '0.064']
[177] tas        | atk=None | V1=0 V2=0 | consensus=1 heal=0 | acc=65.68% | byz_w=['0.069', '0.101', '0.085', '0.060']
[178] tas        | atk=  A3 | V1=1 V2=1 | consensus=0 heal=1V1 | acc=53.18% | byz_w=['0.077', '0.114', '0.097', '0.073']
[179] tas        | atk=  A3 | V1=1 V2=1 | consensus=0 heal=1V1 | acc=67.02% | byz_w=['0.070', '0.109', '0.090', '0.071']
[180] tas        | atk=None | V1=0 V2=0 | consensus=1 heal=0 | acc=56.09% | byz_w=['0.088', '0.104', '0.087', '0.069']
[181] tas        | atk=None | V1=0 V2=0 | consensus=1 heal=0 | acc=64.41% | byz_w=['0.071', '0.103', '0.092', '0.066']
[182] tas        | atk=  A1 | V1=1 V2=1 | consensus=0 heal=1V1 | acc=51.94% | byz_w=['0.074', '0.102', '0.105', '0.081']
[183] tas        | atk=None | V1=0 V2=0 | consensus=1 heal=0 | acc=65.31% | byz_w=['0.073', '0.097', '0.096', '0.069']
[184] tas        | atk=  A3 | V1=1 V2=1 | consensus=0 heal=1V1 | acc=48.13% | byz_w=['0.089', '0.108', '0.096', '0.072']
[185] tas        | atk=  A2 | V1=1 V2=1 | consensus=0 heal=1V1 | acc=65.59% | byz_w=['0.079', '0.102', '0.088', '0.075']
[186] tas        | atk=  A1 | V1=0 V2=1 | consensus=0 heal=1V2 | acc=49.17% | byz_w=['0.078', '0.110', '0.100', '0.076']
[187] tas        | atk=  A3 | V1=1 V2=1 | consensus=0 heal=1V1 | acc=65.25% | byz_w=['0.074', '0.096', '0.090', '0.070']
[188] tas        | atk=None | V1=0 V2=0 | consensus=1 heal=0 | acc=54.61% | byz_w=['0.088', '0.112', '0.097', '0.072']
[189] tas        | atk=None | V1=0 V2=0 | consensus=1 heal=0 | acc=66.11% | byz_w=['0.077', '0.103', '0.086', '0.064']
[190] tas        | atk=  A3 | V1=1 V2=1 | consensus=0 heal=1V1 | acc=53.01% | byz_w=['0.080', '0.114', '0.098', '0.071']
[191] tas        | atk=  A1 | V1=1 V2=1 | consensus=0 heal=1V1 | acc=65.82% | byz_w=['0.084', '0.108', '0.087', '0.067']
[192] tas        | atk=None | V1=0 V2=0 | consensus=1 heal=0 | acc=57.31% | byz_w=['0.084', '0.101', '0.091', '0.058']
[193] tas        | atk=  A3 | V1=1 V2=1 | consensus=0 heal=1V1 | acc=66.03% | byz_w=['0.078', '0.103', '0.086', '0.064']
[194] tas        | atk=  A2 | V1=1 V2=1 | consensus=0 heal=1V1 | acc=56.19% | byz_w=['0.073', '0.109', '0.094', '0.075']
[195] tas        | atk=  A3 | V1=1 V2=1 | consensus=0 heal=1V1 | acc=66.62% | byz_w=['0.070', '0.104', '0.085', '0.073']
[196] tas        | atk=  A2 | V1=0 V2=1 | consensus=0 heal=1V2 | acc=52.16% | byz_w=['0.073', '0.113', '0.099', '0.063']
[197] tas        | atk=None | V1=0 V2=0 | consensus=1 heal=0 | acc=65.47% | byz_w=['0.074', '0.106', '0.097', '0.068']
[198] tas        | atk=  A3 | V1=1 V2=1 | consensus=0 heal=1V1 | acc=48.37% | byz_w=['0.081', '0.111', '0.099', '0.076']
[199] tas        | atk=None | V1=0 V2=0 | consensus=1 heal=0 | acc=63.05% | byz_w=['0.072', '0.105', '0.094', '0.071']
[200] tas        | atk=None | V1=0 V2=0 | consensus=1 heal=0 | acc=55.41% | byz_w=['0.080', '0.111', '0.094', '0.052']

============================================================
CIFAR-10 r40 Governance Ablation (Keep-Byzantine Healing)
============================================================
Config                   Best      Avg   Interc
fedavg                  61.51    29.25    0.0%
trust_only              63.80    32.56    0.0%
v1_only                 67.35    53.12   90.8%
v2_only                 66.69    53.09   99.2%
tas                     67.02    54.45  100.0%
