round,group,attack_active,attack_type,v1_trust,v1_agg,v2_trust,v2_agg,consensus_passed,healed_applied,heal_source,accuracy,v1_projection_residual,v1_projection_tolerance,v1_challenge_seed,proposal_commitment,proposal_binding_valid,update_hashes,recovery_commitment,recovery_v1_endorsed,recovery_v2_endorsed,recovery_endorsed,skipped,proposal_relative_error,committed_relative_error,published_weights,used_weights,attack_targets,excluded_clients,audit_executed,honest_rejection,recovery_attempted,recovery_consistent,recovery_relative_error,parent_hash,state_hash,events
1,trust_v1,0,none,0,0,0,0,1,0,,25.66,0.0,0.1,198434177869567578425921112452424202812,2d93a5f09181f0799243dc7f88b8766dbc6b1ba74cca2ec8f4bd99e3ec0d1a1c,1,"{""0"": ""88c9a4cd8bf3d6798154e601edcc72c5e749461c33b096e39240c5dea9ef8ae8"", ""1"": ""4dd02dcdd4b9e3a19b47bd06f80115c2c85363d17761bef9622c46640ea56754"", ""2"": ""369474dff814322f44db1623afadf10aa6114eff3b640ccef6891a4afe884236"", ""3"": ""db39e8ec85e8e25c5363f2c995a5dc8e6cf326caa9e90c4826778e5b0f51e01e"", ""4"": ""9b831094ee7ecf1597d18b3b653fd897c6f1c0687f9d9943468e1a4d4cb7f3da"", ""5"": ""aa609fbeaefbe040aa365563853c2db608c8ba0aa9d659acbeefec994c74dac4"", ""6"": ""19a47851ddfa14323ebe260183d661b67db4bfaed6417b7b9bb5b5962e9c7aec"", ""7"": ""21910a7db15bcd366abdd65674e4476364171af03621eb5d54741add1d343b85"", ""8"": ""c72347dbd032a74fdee6d9c11c7cac9eaeb61e096fd7e5e3e87f8ddcb9358abe"", ""9"": ""e10702ccb523218d073c1cadbc3837c4a3945467ed81cd91b617190cbf72f0df""}",,0,0,0,0,0.0,0.0,"{""0"": 0.06143630637432799, ""1"": 0.10093468071242997, ""2"": 0.0721160938374181, ""3"": 0.1266604133083979, ""4"": 0.13887871318442496, ""5"": 0.10214212636178466, ""6"": 0.09844064799422034, ""7"": 0.14811547849966059, ""8"": 0.1085788126701249, ""9"": 0.04269672705721061}","{""0"": 0.06143630637432799, ""1"": 0.10093468071242997, ""2"": 0.0721160938374181, ""3"": 0.1266604133083979, ""4"": 0.13887871318442496, ""5"": 0.10214212636178466, ""6"": 0.09844064799422034, ""7"": 0.14811547849966059, ""8"": 0.1085788126701249, ""9"": 0.04269672705721061}",[],[],1,0,0,0,0.0,f4ac57617d504e7ba7a633664431ae25cb1f93bbf9ff9678710d7e1c7991f31f,d5fab6edcc69a54c965526e13d74f4a6b7fb52e37fa2398bf91df68f8af29e5e,"[""proposal_created"", ""proposal_committed"", ""v1_challenge_sampled"", ""audit_accepted"", ""committed_once""]"
2,trust_v1,1,A2,0,1,0,0,0,1,V1,50.24,1.7101960751295342,0.1,261501497791290260119199475244132124360,268116a0b6bb4c8fb28e8c1761f0318e95178d815c950686dba3212a215f04d6,1,"{""0"": ""ab60c0e17cb80cdd1c2061198870a59e9dd842c2fb458459ce7f0c8794116871"", ""1"": ""5caec3deb4dad06fa3df0b28c6691040405481be5eb3ee74e6974de552685488"", ""2"": ""cd175dc47f9f97cf19093c9c47f937100bb91a431307fe90ed0d3658c60a8de8"", ""3"": ""8ab3d5e74d16a385cfa4e2f3e326b356758792999b8cfb50b7a01be02eae12e9"", ""4"": ""5a286afcd9bf0fd6bcaef05a01692109783d86187891cf9e41d62e80a13c5ba0"", ""5"": ""a79f5ce83ea7934a42433f5973b07cab5112cb8420da6454b95650b7b52414b8"", ""6"": ""1f29ed53224e4a431ec62ef3d5793c3a5a4dca6f92355ac7804ec12fc70c3c37"", ""7"": ""90ab3aa61db968eda5bfaf16763057b60953d1f566e62777c4abd1cadc6a0907"", ""8"": ""51a1f9d7adb8b8eded6d811731d0c92372f7da28487522de8a57a38f275e6aa5"", ""9"": ""cf997b1a14d226336b9135809d08b7381e80388cf47ea5293aebd4f5619d5ad3""}",7b1e429214d499200b5ef82d36b99b45ffcef74cea64528dc8f4ce9e6f5a1eff,1,0,1,0,0.7069823262940271,0.0,"{""0"": 0.019422365633221503, ""1"": 0.03447380375858201, ""2"": 0.021883322707415557, ""3"": 0.050784881063334675, ""4"": 0.19034066924862467, ""5"": 0.05548688511979412, ""6"": 0.17820924969156327, ""7"": 0.19311169884319535, ""8"": 0.18125069909433464, ""9"": 0.0750364248399341}","{""0"": 0.1347111828166108, ""1"": 0.14223690187929103, ""2"": 0.1359416613537078, ""3"": 0.15039244053166737, ""4"": 0.09517033462431235, ""5"": 0.027743442559897063, ""6"": 0.08910462484578165, ""7"": 0.09655584942159769, ""8"": 0.09062534954716733, ""9"": 0.037518212419967056}","[0, 1, 2, 3]",[],1,0,1,1,0.0,d5fab6edcc69a54c965526e13d74f4a6b7fb52e37fa2398bf91df68f8af29e5e,9850c301979a6e985165a50af0829dc0b1b5ba7bc628db7d1daa9d06ceacefc9,"[""proposal_created"", ""proposal_committed"", ""v1_challenge_sampled"", ""audit_rejected"", ""recovery_recomputed"", ""recovery_audited"", ""recovery_verified"", ""committed_once""]"
3,trust_v1,0,none,0,0,0,0,1,0,,53.65,0.0,0.1,42164849062373236352086161695299013228,936d891ae5fc1eaa23bac95de366c3f5bb10dbfa79c579c2f79133c08cd328b9,1,"{""0"": ""f533de16f0a68c67889b2e7201fb3c84e7a82b1015b5089d3132ead17d92e9fc"", ""1"": ""6ec9b50864a8aa5547da235f4f63c23ab40c3f7f33703e82dd08c5c7b4fd83bb"", ""2"": ""59ce6d0a2b86e9b139d27a82660007815aab547a68dd57ed6a4d57e80785ce5c"", ""3"": ""706827af18694cb504d36cc444ddb5dbb7aefcbec189950fc32e3cccff706685"", ""4"": ""35c91bdf0ed55e2c71674bc1ab39229bb6bd114e68f2bc1d1d1edcf48689050c"", ""5"": ""a61eb8b982d4740fde667e3dc4bd448a26e7adc260190e4fbe616acc8bcaccf9"", ""6"": ""974691564f0f2d7a8f7d2fa51fb4dd4dd75ad4ddfef5799821ad23616365673a"", ""7"": ""6bae7cec9118ac6df87a876834707d80ba50c5688c954bc15c61c849eb833dac"", ""8"": ""3a9a137459f149d863322848f0fb94e9fdfb9268e5921a8ad3103847cf671d09"", ""9"": ""7eabb5eed5647875ded65f8faed348f2d142d6b22bc4ecfbcdc4db6fe1cfad78""}",,0,0,0,0,0.0,0.0,"{""0"": 0.005826709689966452, ""1"": 0.010342141127574603, ""2"": 0.006564996812224668, ""3"": 0.015235464319000405, ""4"": 0.21385508535777165, ""5"": 0.060025775806371195, ""6"": 0.2102156594906532, ""7"": 0.21468639423614283, ""8"": 0.12605067471151915, ""9"": 0.13719709844877584}","{""0"": 0.005826709689966452, ""1"": 0.010342141127574603, ""2"": 0.006564996812224668, ""3"": 0.015235464319000405, ""4"": 0.21385508535777165, ""5"": 0.060025775806371195, ""6"": 0.2102156594906532, ""7"": 0.21468639423614283, ""8"": 0.12605067471151915, ""9"": 0.13719709844877584}",[],[],1,0,0,0,0.0,9850c301979a6e985165a50af0829dc0b1b5ba7bc628db7d1daa9d06ceacefc9,1c7508e4ee4b921537e8cbf30372eaa2a6e6d17b2082b1128cef5a6f78577240,"[""proposal_created"", ""proposal_committed"", ""v1_challenge_sampled"", ""audit_accepted"", ""committed_once""]"
4,trust_v1,0,none,0,0,0,0,1,0,,57.06,0.0,0.1,105394068000590877895254409629434180405,eea77db0baed9b4e8f718c7944fc6bbeee40ad51b4e48cf6f70f6a083c846282,1,"{""0"": ""af4fa747ad686b11ee6436b7edfb3d2734e395238cb7bba068a0a11e0c90b37a"", ""1"": ""2b408fdf7983eba715ab9ef83c920c5799596f9903811c5199e21592196a8d6c"", ""2"": ""8e7fbe652a1b46b61413b14b9655e982da904ac346bfa9d7553d8ef3b35ec836"", ""3"": ""4a8552a9a961e2adc5615d88b01bc13f9aa9a794b0983701199db8f87353b5e2"", ""4"": ""fc42240897661a6adba8d3b6e449204ae52938d609eb40dd67b8379feadd3f5a"", ""5"": ""dc98ac4521fe15bf79b8effb968a402bc2d0f9a8ac5429a88fe4d8b7a01a6356"", ""6"": ""e58fffba125ddb6d327d1663bd42e24282128cbedd0f5e356ca539717aed1de3"", ""7"": ""b4da8ff7d3d3861185031197b76723d24ada0a028d08d6ef0748a99fcd9e05da"", ""8"": ""418a90b7ac475ff620996c6322871b7b3d96df533e0f93ebf14d9dc4e3ae97dc"", ""9"": ""556251739ed285cdab7e5229f6d6a19e86a13f70568df174089fb53a8551c00f""}",,0,0,0,0,0.0,0.0,"{""0"": 0.001748012906989936, ""1"": 0.003102642338272381, ""2"": 0.0019694990436674004, ""3"": 0.004570639295700122, ""4"": 0.23802563259513804, ""5"": 0.02160820809417868, ""6"": 0.23693380483500254, ""7"": 0.2382750252586494, ""8"": 0.038738299109962175, ""9"": 0.2150282365224393}","{""0"": 0.001748012906989936, ""1"": 0.003102642338272381, ""2"": 0.0019694990436674004, ""3"": 0.004570639295700122, ""4"": 0.23802563259513804, ""5"": 0.02160820809417868, ""6"": 0.23693380483500254, ""7"": 0.2382750252586494, ""8"": 0.038738299109962175, ""9"": 0.2150282365224393}",[],[],1,0,0,0,0.0,1c7508e4ee4b921537e8cbf30372eaa2a6e6d17b2082b1128cef5a6f78577240,5aeb9507dc1e388256937fa65b999cf0465468e12003b23ae8805dce7fcc3b3e,"[""proposal_created"", ""proposal_committed"", ""v1_challenge_sampled"", ""audit_accepted"", ""committed_once""]"
5,trust_v1,1,A1,1,0,0,0,0,1,V1,63.1,0.0,0.1,175779771505670474591499454960684102294,28ca6e9e60a16d91064d6c52d9dacc80df1b7c88ecf687ae584ef58461cad9f1,1,"{""0"": ""0eeecc142ad3c6f08e48fdef83447fd484dec134843511dc5524e41f44a22bd5"", ""1"": ""063268334d4836910b8fdf710f9a17b339b3a6fe10e9d3666da020a598466df7"", ""2"": ""5dc61cd83892ad33055a376ea0bcf5101ea21dd85acb6242b64d877709abd185"", ""3"": ""b719db7e8aa108f4e34c5131d8300d6b5598a712dc60f8cf085cae5626d2d71c"", ""4"": ""37c3fd842e1faf438a32a842895d4d071b9dcf6f81698c1fb6cb133a7a7eb6a9"", ""5"": ""683ac19ea3050a639b912e0b32eaaac2e6d345f3b83bbd869cae24840fec7a8e"", ""6"": ""24b2e6ac5a3687c79a3f761ba5e977875b8fc5748cabbbdefe0c02db836e201c"", ""7"": ""d10143cf35343317a776fe3200618ac420c9e6d8e129242ea3883d68b15ca737"", ""8"": ""383c4b8267b72c51e87b291109dcaa777915ff10e2efc6f36683387450d4a006"", ""9"": ""b52b802d16514310bd8493e3df0b91609edd53426957aa463e2cc60791cccfd0""}",24c4a785ec7b6972f3f12b0e3ad937ae4c08964ed891aca8adea7f73d5d03fa2,1,0,1,0,2.3843125307414677,0.0,"{""0"": 0.75, ""1"": 0.75, ""2"": 0.75, ""3"": 0.75, ""4"": 0.16170561911287124, ""5"": 0.00862149600362106, ""6"": 0.3003612217945018, ""7"": 0.3007635879215959, ""8"": 0.014518407906090552, ""9"": 0.21061242918593043}","{""0"": 0.18766031999768393, ""1"": 0.18766031999768393, ""2"": 0.18766031999768393, ""3"": 0.18766031999768393, ""4"": 0.040460970970860016, ""5"": 0.002157216931864375, ""6"": 0.07515451066246871, ""7"": 0.07525518820402431, ""8"": 0.00363270543135181, ""9"": 0.052698127808695004}","[0, 1, 2, 3]",[],1,0,1,1,0.0,5aeb9507dc1e388256937fa65b999cf0465468e12003b23ae8805dce7fcc3b3e,7b9ac1a4ebc1ed0ba66552b63a1d11fdfbfa391f85304079dfd97c3521c0b74c,"[""proposal_created"", ""proposal_committed"", ""v1_challenge_sampled"", ""audit_rejected"", ""recovery_recomputed"", ""recovery_audited"", ""recovery_verified"", ""committed_once""]"
6,trust_v1,1,A2,0,1,0,0,0,1,V1,63.38,1.2441368429247655,0.1,259186071936392881173481476008767395343,c7dbf8f9947821359e33183b37c8a1443b2bc2cc0a4e41d349e1325d4276bb19,1,"{""0"": ""7bb80cc1134c4871b5b8e59324cdb1f2a1b66f5f4cd46bb780952c6691de21b5"", ""1"": ""6d2d8214b855cbf42e6d3d7d77b064a1293ba5c3bc991039fabc7e7c7689df67"", ""2"": ""7f86f455c291daead895825a0c51ee3f7d4c1413f02186a4101e60686db85d5b"", ""3"": ""20414c7b0e1b7c81481e8181379db313f4ea178c007edc1eed3a448fc05a787b"", ""4"": ""3cdea5127256f23b101324532967cc0ed4c0943008576941e2c5210336246da3"", ""5"": ""24599f01309821f5aa89ef58bf7134e386e352636b13d577773ad1304bc9a385"", ""6"": ""f4e546d93aa07c7f78b5c9dd15a85e44046b7cb38fe38fd2077a65d82e47d51a"", ""7"": ""183c5faf5550b291769163ae2029a6c133b07a9d07611f7e31d90e16608ce30d"", ""8"": ""b6cb9e30a015e6dc3a672c228339fab5a64c436e67e7adc1b3eda2c6eae1df10"", ""9"": ""fdb107373905c4f2cd2e5998559d8b5252f4f97d8ca00d17f76bfa3031adb0b7""}",a4576060d0f1b1902b355ebea55932d0f442d61e98d5755e40aeb197229f18cd,1,0,1,0,1.5884697963223398,0.0,"{""0"": 0.00015732116162909426, ""1"": 0.00027923781044451434, ""2"": 0.00017725491393006605, ""3"": 0.0004113575366130111, ""4"": 0.19062648063680793, ""5"": 0.0034017853288189097, ""6"": 0.42547763009764483, ""7"": 0.24579469404777476, ""8"": 0.015865168217485546, ""9"": 0.11780907024885134}","{""0"": 0.12507866058081454, ""1"": 0.12513961890522227, ""2"": 0.12508862745696503, ""3"": 0.12520567876830652, ""4"": 0.09531324031840396, ""5"": 0.0017008926644094548, ""6"": 0.21273881504882242, ""7"": 0.12289734702388738, ""8"": 0.007932584108742773, ""9"": 0.05890453512442567}","[0, 1, 2, 3]",[],1,0,1,1,0.0,7b9ac1a4ebc1ed0ba66552b63a1d11fdfbfa391f85304079dfd97c3521c0b74c,92c4a9c0ae9cd8a96a4ebadd568f322911dba56385f660934249b71ad796efef,"[""proposal_created"", ""proposal_committed"", ""v1_challenge_sampled"", ""audit_rejected"", ""recovery_recomputed"", ""recovery_audited"", ""recovery_verified"", ""committed_once""]"
7,trust_v1,0,none,0,0,0,0,1,0,,67.87,0.0,0.1,145003431151563265431445708502466390505,5d746921eff4b85b4a3fa23b98cc843211addb2b20fe9ca1c5f37f2e7cd2e48d,1,"{""0"": ""8fcfce8201c3c3c90d3ffaa726c22f73a11dfb9a7290e909538d74196fe22c08"", ""1"": ""59e8ab406576a5ac7fcb273e26783fed488b51276e2493ecf701057c79e70051"", ""2"": ""e53f5c3a3a365512b3433e8b1b364465dd12b60b5da6e168fdf8912872bfb1c2"", ""3"": ""2d2436103d5cf6e4c3e5cf9a41c6a82a801e48df2330fb4e9efe63699f65dcec"", ""4"": ""05effd617c54f733039e0539cbd6aab3a7fe2a250d343fae4918c1ee9ba446a6"", ""5"": ""fe2645119a6c2b531217086d9d22d2e4a8e81c4e901b321fe66c5cf6faf8bbec"", ""6"": ""d7065ded1e0269465bc7fb73011ffb5cbb4ba8ff3d1456c1d85f7ce758e09c84"", ""7"": ""d463deb8aa60cbca42e71c0613b21b7669a52e01f55b0e4082aa4c7e1d5bf3a8"", ""8"": ""ca2e7dff057fb83d5acb5e83f6cafb50c78aeb6e906100df5f59546c07a74435"", ""9"": ""6a4f0522b5915914912474105284c37f62cfec3901cff4d233c896cba0dd75dd""}",,0,0,0,0,0.0,0.0,"{""0"": 4.7196348488728285e-05, ""1"": 8.377134313335431e-05, ""2"": 5.317647417901982e-05, ""3"": 0.00012340726098390335, ""4"": 0.35687477458087624, ""5"": 0.0016642386913518854, ""6"": 0.42733011941912735, ""7"": 0.12532529313113247, ""8"": 0.015367429076110965, ""9"": 0.07313059367461602}","{""0"": 4.7196348488728285e-05, ""1"": 8.377134313335431e-05, ""2"": 5.317647417901982e-05, ""3"": 0.00012340726098390335, ""4"": 0.35687477458087624, ""5"": 0.0016642386913518854, ""6"": 0.42733011941912735, ""7"": 0.12532529313113247, ""8"": 0.015367429076110965, ""9"": 0.07313059367461602}",[],[],1,0,0,0,0.0,92c4a9c0ae9cd8a96a4ebadd568f322911dba56385f660934249b71ad796efef,27e861993509a2cc5d412fa34d869e37b37f33a64a8d30e8960dc3bdaf2ed273,"[""proposal_created"", ""proposal_committed"", ""v1_challenge_sampled"", ""audit_accepted"", ""committed_once""]"
8,trust_v1,1,A1,1,0,0,0,0,1,V1,66.05,0.0,0.1,105162882945562831064089958983903152612,eec1a7243f06e97dbc5b7dcf7c9c8ba5ef15239152e798a6ff1fec164380b174,1,"{""0"": ""e2a35bc145fb147ac4bbcf69d3ec76454971834c7a0134630dd39eb249704f8e"", ""1"": ""896921510936cc70d3e77b378e8bec9ff41a9658939fa1926f69c6665885b237"", ""2"": ""6c98a6451124649741e86bee11ad14f12043d1b48176f1c7213fc130e8ba47be"", ""3"": ""335f8306d41cd1877cade860ce294e0b662558a2010a062d8eb96b6bf9d62dfe"", ""4"": ""101715aaebaa130d31d9f10575edcd117f4a6408ce05be3dc63c065d3266e210"", ""5"": ""5e1c65a7ce22a0ce691f9f6fac036d5283ca596823812c8002965077a61697b4"", ""6"": ""9ac7a0e084c495885ecdd96af65d45b2eb1baf354f502492d6db572ecbe2417a"", ""7"": ""393181b602ff624ad431744f2f4839c7a4ee02eb750f2c98fe30d57af89092e2"", ""8"": ""d5698b9cab2c06776e1560174e8b8a2b141c248cbb37f72f09cca836da8385dc"", ""9"": ""ced5c600074ca6761e456212ab969ed2b4bea85de2585209544da21bb5878b7d""}",a1a3c8b42af2fc8a84b2a35da95907acea23dadd0fb452fc6355248004d908a0,1,0,1,0,2.474707239197097,0.0,"{""0"": 0.75, ""1"": 0.75, ""2"": 0.75, ""3"": 0.75, ""4"": 0.21619111840766903, ""5"": 0.0012944323184410442, ""6"": 0.6612333524298629, ""7"": 0.065499090922117, ""8"": 0.03130417087250831, ""9"": 0.02438556962136615}","{""0"": 0.18750432504170214, ""1"": 0.18750432504170214, ""2"": 0.18750432504170214, ""3"": 0.18750432504170214, ""4"": 0.05404902631605425, ""5"": 0.0003236155442419382, ""6"": 0.16531215125656454, ""7"": 0.016375150445595506, ""8"": 0.007826223240586376, ""9"": 0.006096533030148928}","[0, 1, 2, 3]",[],1,0,1,1,0.0,27e861993509a2cc5d412fa34d869e37b37f33a64a8d30e8960dc3bdaf2ed273,113bc3be7ba28fa128f744d5570445db1872eb1bcad673bca2bf9d17eec92dbe,"[""proposal_created"", ""proposal_committed"", ""v1_challenge_sampled"", ""audit_rejected"", ""recovery_recomputed"", ""recovery_audited"", ""recovery_verified"", ""committed_once""]"
9,trust_v1,1,A1,1,0,0,0,0,1,V1,65.32,0.0,0.1,323981123545160242358604045897316008458,da508c25c205cdb4bbd5e165768a3562cb53abe636c03e4a0bb835d87a2d05df,1,"{""0"": ""5b273cab493c9e794b58a42fed47520fcbeeabd32781babe5e3c9c876ccd3eb4"", ""1"": ""55d04f1c7dc869524e6139ed1bd4e01078881e0a939917c85c31d91dbe94cee4"", ""2"": ""6b44c5410b3d281fd1111b07d46bd9ec1dae0ac8d840572af1dc8a575c766d7b"", ""3"": ""bcc91e830d1d6997af9384c895637e4676c2c1e6744591d99437df17975fd557"", ""4"": ""4a983335675c9bf3a101b8071da02f01c082567453addf4646b4bc90a18819f4"", ""5"": ""37718106b982e122264310962311175d4a0fb544bc0a4e64284dc8db08b5a665"", ""6"": ""bf5a177086daef8d691cfd2e6997cac4a7c6d80257165f108a19afc8ed294de3"", ""7"": ""abbc34a6c34717f286297033f5b4b34bdf1d3b21e5d0f49734061bc54ec955cf"", ""8"": ""67dcf7bc0fd74fddd7c3f8b27f0cb164dd2acde83a1dc8e4075e270e2a368223"", ""9"": ""b0070dac163275c0df3edd3bb09bba3629f937c404a2774e476a62e292d9ddbb""}",48ec29de3f08c1253c5797fae37a38b89fa52ae7e3c92149fd167b129d5b04b7,1,0,1,0,2.714868734298035,0.0,"{""0"": 0.75, ""1"": 0.75, ""2"": 0.75, ""3"": 0.75, ""4"": 0.10935022684918949, ""5"": 0.0007325741585034165, ""6"": 0.7827108602048659, ""7"": 0.042091744567165065, ""8"": 0.03568349771505618, ""9"": 0.029403416876809356}","{""0"": 0.1875012974915603, ""1"": 0.1875012974915603, ""2"": 0.1875012974915603, ""3"": 0.1875012974915603, ""4"": 0.027337745886959308, ""5"": 0.00018314480697090472, ""6"": 0.19567906913219682, ""7"": 0.010523008960035711, ""8"": 0.008920936160813549, ""9"": 0.0073509050867826605}","[0, 1, 2, 3]",[],1,0,1,1,0.0,113bc3be7ba28fa128f744d5570445db1872eb1bcad673bca2bf9d17eec92dbe,8e8d0cf187761e429ccb723bc96dc348cda0ba7ef3f3fa334285246ad41f2208,"[""proposal_created"", ""proposal_committed"", ""v1_challenge_sampled"", ""audit_rejected"", ""recovery_recomputed"", ""recovery_audited"", ""recovery_verified"", ""committed_once""]"
10,trust_v1,1,A2,0,1,0,0,0,1,V1,69.36,0.5521626742650454,0.1,321925560171085096742514010063686853008,2ae831fd0e8632a3ed011e74aeb4b3a5adbb2c4fede01703181c3c113c819031,1,"{""0"": ""4070738b17411944616ccc609b16a76f7d6b953367df945774b8b6b943d4b5b3"", ""1"": ""75547a300bc5dcc2af6bdaa59974ae8945005a29ee2bac7b08e51ac9d8a39bb2"", ""2"": ""82300a3e413021cdb17365b3c4566c24f6fb7f50eee01202606e4754ccf259ae"", ""3"": ""c42f8c651e3a07eefb44b452e8e3fe573d229b85be1b85245544adabb4bf4656"", ""4"": ""4fce3cbeb09035cef4cf6a49c3ab697247256c195091f93e8e01120bbbee75ec"", ""5"": ""da8e1ce8dbca39ecbf1fcea894ee2682df5d18e04d239571594fc46d1e285369"", ""6"": ""38354afe8b6edcb2515cdd06b924a2ef34e35994f640209d6686a34aa1567f45"", ""7"": ""8489bc102ab9b49da2137e5ee5a64d2bc303b7fa403b0b28d992a7f9d53b7e28"", ""8"": ""d9622ddd03b09f8d3af321e08c9d3344595ca4a6c0725a843c554070ec05369a"", ""9"": ""01e390998bf2c3f9907b00f7bab4a51d8d98e61ab8880c47271e208538ca5496""}",eed6a8aa7ec0b18a223bd7f417771fc050f7df9694349584d7f48f88d335ca86,1,0,1,0,1.998887268794456,0.0,"{""0"": 1.2743014091956646e-06, ""1"": 2.261826264600568e-06, ""2"": 1.435764802833536e-06, ""3"": 3.3319960465653927e-06, ""4"": 0.08945756697304917, ""5"": 0.0002593384166073215, ""6"": 0.7952704417765392, ""7"": 0.034880804588528526, ""8"": 0.055319697899588766, ""9"": 0.024803846457163804}","{""0"": 0.12500063715070459, ""1"": 0.1250011309131323, ""2"": 0.1250007178824014, ""3"": 0.1250016659980233, ""4"": 0.044728783486524586, ""5"": 0.00012966920830366076, ""6"": 0.3976352208882696, ""7"": 0.017440402294264263, ""8"": 0.027659848949794383, ""9"": 0.012401923228581902}","[0, 1, 2, 3]",[],1,0,1,1,0.0,8e8d0cf187761e429ccb723bc96dc348cda0ba7ef3f3fa334285246ad41f2208,a46d7e63a7e6d1835033f305d6931580b5e53fe02b2049d2b2d5a266b5259b2b,"[""proposal_created"", ""proposal_committed"", ""v1_challenge_sampled"", ""audit_rejected"", ""recovery_recomputed"", ""recovery_audited"", ""recovery_verified"", ""committed_once""]"
11,trust_v1,1,A2,0,1,0,0,0,1,V1,72.46,1.9152853906129388,0.1,122598103025974413940464615175941470839,1609a72496d1fd5fae5f1f97d36dc55ff0f465eb0662241d44703c812cb7f049,1,"{""0"": ""f6f9efe984b94f0a052ed800f5484ea5b5b47344c5ef3dd52a23bfd00864b40b"", ""1"": ""21bd2b0a0ed9694cefa7e48ecd9f887721ed71c3894d2b1e04eeeb727bd6e919"", ""2"": ""40575df0afbdc7394298f100e49e022c427e867586b7122ee9d00088cd295fe3"", ""3"": ""11e89987cd3b394554bdccccc570dbb70101e7549b9f41b5d033d7a595580cd7"", ""4"": ""4f0aba01153fea0bcb87e34aed7a7b4ad541081ebc7fe60e06d16689161556dc"", ""5"": ""bbc6e579089b49b095be6b108451bad2f500c2a25305ca8209b2844678dfbc9b"", ""6"": ""20e9e8d30691c130d9e0858b3d3b35903d4b614bffdf751a53c3e5445ce2260e"", ""7"": ""e7603dbba4e4ea2a33c25e1f6ff538178e10fa19e8d77dc5bed38ceb738070f1"", ""8"": ""bdfda4c97f7f383e881af652f88e17780ae4dba69ac877ac87fa7db9c4a99fe5"", ""9"": ""d3c77708505f747172b1367e55e049aedabaafecf4a7430d321174d3f5673432""}",3a4dd4a2faaf900ed787350be72bae9a2093b4a86110337a4e4dd14036bc32e1,1,0,1,0,2.5527690596068413,0.0,"{""0"": 3.8229042275869944e-07, ""1"": 6.785478793801705e-07, ""2"": 4.3072944085006085e-07, ""3"": 9.995988139696178e-07, ""4"": 0.13737231337500974, ""5"": 7.780152498219646e-05, ""6"": 0.6078453421381923, ""7"": 0.06812959367425327, ""8"": 0.1349221793965318, ""9"": 0.05165027872447364}","{""0"": 0.12500019114521138, ""1"": 0.1250003392739397, ""2"": 0.12500021536472042, ""3"": 0.12500049979940697, ""4"": 0.06868615668750487, ""5"": 3.890076249109823e-05, ""6"": 0.30392267106909615, ""7"": 0.03406479683712663, ""8"": 0.0674610896982659, ""9"": 0.02582513936223682}","[0, 1, 2, 3]",[],1,0,1,1,0.0,a46d7e63a7e6d1835033f305d6931580b5e53fe02b2049d2b2d5a266b5259b2b,fdb0b06d673ebbca58f263459c708388fff5d7bcd43ba69711c9f82f2ec042f9,"[""proposal_created"", ""proposal_committed"", ""v1_challenge_sampled"", ""audit_rejected"", ""recovery_recomputed"", ""recovery_audited"", ""recovery_verified"", ""committed_once""]"
12,trust_v1,1,A2,0,1,0,0,0,1,V1,73.88,2.1671547266148674,0.1,219037015649799861076642245852241128005,ee0a1fbd3c4c25796d0adcfe55525379b0c1307e57f74c5223214f6365e368f8,1,"{""0"": ""69533b4252822cdcec617743732fac03a08b1c17f73070cceb34e2cc9d421004"", ""1"": ""f38e93d305150a0527371ed8fcc66d0b1d51764b6277cc76cd350a5dc2ffadb1"", ""2"": ""8199779004b2b4cc70661c846eebada4ec990dce85f5324dae3ad9b0f9440c85"", ""3"": ""9f7b5c19a5386a57a5079ce00c1db562b1751d2507391ad490a68a59ed00615f"", ""4"": ""94d4179c03eef2e3865bb1286bb51810e53cf811fabc013b0f661efb71dd9b07"", ""5"": ""d915bab9f27ff66e0c472d3c41fde08547ecb930f7f17df20004e974b9330422"", ""6"": ""644a1bfabfac34b81c9faf999d29df75d6493e561e8654e5965614a06cfbfaca"", ""7"": ""4a7b68cafe8bd3b8a6821edf27eaf4eab4766cee7b49e7d2721eebc25e6050e7"", ""8"": ""b1e1f0905370994addd35c5247f43ac0eae378dd8ae7a704af61b836829eb7a7"", ""9"": ""f9092395c7feb10e30dcb808e49343d8b86b772d823444967f2092f35cbff5ac""}",fe8bffc1ad5288f7771784dfd3214f4bea56c7a4ca5f7ef95a9fad2cab6cc157,1,0,1,0,2.933557039499467,0.0,"{""0"": 1.1468712682760985e-07, ""1"": 2.0356436381405118e-07, ""2"": 1.292188322550183e-07, ""3"": 2.998796441908854e-07, ""4"": 0.13798557840134404, ""5"": 2.3340457494658944e-05, ""6"": 0.4956294733575789, ""7"": 0.11880895082857673, ""8"": 0.21556219980639324, ""9"": 0.03198970979864526}","{""0"": 0.12500005734356343, ""1"": 0.1250001017821819, ""2"": 0.12500006460941612, ""3"": 0.12500014993982209, ""4"": 0.06899278920067202, ""5"": 1.1670228747329472e-05, ""6"": 0.24781473667878945, ""7"": 0.059404475414288366, ""8"": 0.10778109990319662, ""9"": 0.01599485489932263}","[0, 1, 2, 3]",[],1,0,1,1,0.0,fdb0b06d673ebbca58f263459c708388fff5d7bcd43ba69711c9f82f2ec042f9,34e0346583de038577d8d6944027f03f03140fd9c3550c93c3b5025e60a1a10f,"[""proposal_created"", ""proposal_committed"", ""v1_challenge_sampled"", ""audit_rejected"", ""recovery_recomputed"", ""recovery_audited"", ""recovery_verified"", ""committed_once""]"
13,trust_v1,0,none,0,0,0,0,1,0,,71.85,0.0,0.1,98328158600905866111492097596613505665,6f9d81e53d3bad1393a2278fc97eab6d1796b57b209da41bc3138b24dd6fb7a7,1,"{""0"": ""853da0cbc344f535e74da02a54f2f967d28237b3de4e0e38d45fb43233fc61a5"", ""1"": ""194f80326514468f020e768c1873b4ad23f8b289929e56e852279e2a63089a06"", ""2"": ""d7a07b1526c34c55964f8ba0494f46b9dc05e76cd7a18a19707236ed8ba1bd7b"", ""3"": ""41e655bab97bf7a3028c9ca6064b00a4450ce125c7167df4754ae1425ccf67b8"", ""4"": ""e368ddaea0f45ac7d663388f23cf7d7dcd6c7fb65c41cae8c3e11b2abd2b5dc7"", ""5"": ""b8eb5dab8bd753b2b2473a109c011926d5f9de1ec5feaadf6b2f07aab497ec56"", ""6"": ""46f0bb5f00c15dc4f81bb1f59ab16f9ea75cffc1c7bb8f850616d9dbe1b27de7"", ""7"": ""3e73bf0d8de69649bccbe18d8add0ab383147a81e0e30afb9a58dac9804a814e"", ""8"": ""6999c2d758f905ee9f97d00d66f3ac6a490ee40ac261f317edbe78a97862601a"", ""9"": ""3d5394039bbd4e0a43d84b537751ecd741ae30c911d78cde5f697c9ffa93996d""}",,0,0,0,0,0.0,0.0,"{""0"": 3.440613804828297e-08, ""1"": 6.106930914421538e-08, ""2"": 3.87656496765055e-08, ""3"": 8.996389325726564e-08, ""4"": 0.08409789326274443, ""5"": 7.002137248397685e-06, ""6"": 0.4749239436126789, ""7"": 0.1046434423694675, ""8"": 0.27146145530188276, ""9"": 0.0648660391109879}","{""0"": 3.440613804828297e-08, ""1"": 6.106930914421538e-08, ""2"": 3.87656496765055e-08, ""3"": 8.996389325726564e-08, ""4"": 0.08409789326274443, ""5"": 7.002137248397685e-06, ""6"": 0.4749239436126789, ""7"": 0.1046434423694675, ""8"": 0.27146145530188276, ""9"": 0.0648660391109879}",[],[],1,0,0,0,0.0,34e0346583de038577d8d6944027f03f03140fd9c3550c93c3b5025e60a1a10f,83b5e649805a8f0892bf1b7ae4936f50fddc6f28ef7aa7ebde13994a0458d7f6,"[""proposal_created"", ""proposal_committed"", ""v1_challenge_sampled"", ""audit_accepted"", ""committed_once""]"
14,trust_v1,1,A2,0,1,0,0,0,1,V1,69.14,1.1975388665453919,0.1,78844371586357005921184156804764775792,5b7970462be071d81e9fd52360a951ce8c11d3c8588cf51cb11628175a183dff,1,"{""0"": ""1e49b25dc07accc60c51a82176c6bea0b4543bf665de41445fa8f5203e3464a8"", ""1"": ""2c21ab4a982d8f886b10f6e1654436ed3665e5bfa16f4b06b9bbb9d05066c261"", ""2"": ""63317a436a47e83629a05dd141dd757681ee02ba2a81e6405b11969e7dbfffb0"", ""3"": ""59c7c7fad29c4ee66fd857ebe674ac671b001342db03411e3507e800327cf0d0"", ""4"": ""b4b0779ceb1ffe98f369d3c75415c3df3d97eafc5404f64350cc49be987353f2"", ""5"": ""8497b54b46c3e68807307ec72fc03b5d45fc03c8e2c892b8945c533c6bd69f49"", ""6"": ""8f2e204bf88c3f97e12b86dcd2737483c85ca835a82fe05fec3a00fb06406906"", ""7"": ""2cf889d3945b7892b225f218d878de218ebb9aac15a5aa4932188dccca6127fa"", ""8"": ""5f775a46a373f25744dd3758898e48e28938ece013557e9e950e1c895c10e790"", ""9"": ""3782e12a29e41b4991141053a8f902f4ba8e8739eb8cc1d45bc759d20d13ea19""}",77f58633d411a1e5039bc9ab57feebbcee42a38e23d8b10cc5a9bbcb95185756,1,0,1,0,2.673159545043718,0.0,"{""0"": 1.0321841414484894e-08, ""1"": 1.832079274326462e-08, ""2"": 1.1629694902951653e-08, ""3"": 2.69891679771797e-08, ""4"": 0.2337607566948151, ""5"": 2.1006411745193065e-06, ""6"": 0.5701598742797693, ""7"": 0.07788254225479588, ""8"": 0.09602021916996069, ""9"": 0.022174439697987557}","{""0"": 0.1250000051609207, ""1"": 0.12500000916039633, ""2"": 0.12500000581484744, ""3"": 0.12500001349458395, ""4"": 0.11688037834740753, ""5"": 1.050320587259653e-06, ""6"": 0.2850799371398846, ""7"": 0.03894127112739793, ""8"": 0.04801010958498033, ""9"": 0.011087219848993777}","[0, 1, 2, 3]",[],1,0,1,1,0.0,83b5e649805a8f0892bf1b7ae4936f50fddc6f28ef7aa7ebde13994a0458d7f6,8b583ab20504eaede16049eb3f98c8304ecc17f523fb31bba6c2bd5b0f95db03,"[""proposal_created"", ""proposal_committed"", ""v1_challenge_sampled"", ""audit_rejected"", ""recovery_recomputed"", ""recovery_audited"", ""recovery_verified"", ""committed_once""]"
15,trust_v1,1,A1,1,0,0,0,0,1,V1,71.16,0.0,0.1,258609010951079068769587456624947116208,955e5bce93c5063f03eb759d121c14929f56106482ca076b28a6de849fae5e12,1,"{""0"": ""e0ca7d6db75e7ab53d2b1565ebb5da6e2114f41f8200d4de8a8cd3358b27cc03"", ""1"": ""1c07e8ec09cd87e0b77d3cbbb373303f0c035101f701684cc042e5e66357fc04"", ""2"": ""a3691803a9b634b4e672d6a32d210ad6c5d04a3ba1e05780b2a9e72f48907082"", ""3"": ""b84c34c731ce04c44dcdae6c2f6eaaca0d6f191ce29eea2dc7d0e698469e99ba"", ""4"": ""3bd8fbf971c18cadd3ae57d31b68b7702e93ff025d1c3db715f69d66aeb1ed23"", ""5"": ""9d9e471632c01d7696484f2cf077276f366ed3af244c03f6f25ce6ddd96ae239"", ""6"": ""d41a5c1f9ec3d825b9cf54de630090956517de7d1119c0a56e2b429c4a31fffd"", ""7"": ""f6eb2d8e392e4939000fc9e213fcb5e6fd703fb60aece04328af8c842fa895bc"", ""8"": ""0ec283eaa0ab4e1c14e9960a2be92dafc41a7ade26c27693cee7bb535a37dce1"", ""9"": ""e379e39ec90ccb019bb871d9dfee839ebeaeacd73fc6940829a4cca6bb7482d1""}",e5bb0299354d7922856511ad220cfd5c14fc6131bd2d1c6d1c7d7783f432af70,1,0,1,0,4.539512319014433,0.0,"{""0"": 0.75, ""1"": 0.75, ""2"": 0.75, ""3"": 0.75, ""4"": 0.38521271347357455, ""5"": 6.301923523557921e-07, ""6"": 0.4861324487490608, ""7"": 0.09319578974617879, ""8"": 0.02880606575098821, ""9"": 0.006652331909396268}","{""0"": 0.1875000009458648, ""1"": 0.1875000009458648, ""2"": 0.1875000009458648, ""3"": 0.1875000009458648, ""4"": 0.09630317885420583, ""5"": 1.5754808888371705e-07, ""6"": 0.12153311280035263, ""7"": 0.023298947554078853, ""8"": 0.007201516474075911, ""9"": 0.001663082985738676}","[0, 1, 2, 3]",[],1,0,1,1,0.0,8b583ab20504eaede16049eb3f98c8304ecc17f523fb31bba6c2bd5b0f95db03,e39e23b5f549d2e884a7ea4080fcfc40728d1cf2fe4c281200dfbef91904cbeb,"[""proposal_created"", ""proposal_committed"", ""v1_challenge_sampled"", ""audit_rejected"", ""recovery_recomputed"", ""recovery_audited"", ""recovery_verified"", ""committed_once""]"
16,trust_v1,0,none,0,0,0,0,1,0,,73.16,0.0,0.1,148610487351302186439176789380732791593,a3feaeb60c48eb5766d647e2c476b0a0a3369ed774d46c01d0c3bfc5511e8625,1,"{""0"": ""7a5c7fddbe7e04ae0ada34908b9a7074f18cc738580a1969847bab6ce2d5cbaa"", ""1"": ""4937b0c2981cc5b52055d0d8b79e05fa759c29de2a917625f57f5fef9bc8572d"", ""2"": ""69d389f9b980899ee41364254450b2426066865a262bcde81c55c074e4b361a4"", ""3"": ""80486040cf66354c1bb45cfb7858f70ea0f949fe5c3f2022a3e67901fa3ac280"", ""4"": ""7928a5b9693da5777b7c3972accb2717bd83a24bc9b6a86070c103b31d5fc9f7"", ""5"": ""b884145580529b7c2fb3cd59a6fc4b438ec5f4301db1e7b35f0fd7d0226ecc3c"", ""6"": ""337f2da69c2cf8945c5ae7dca3387e539000f456ec6cbd6e7064e9cb55e40500"", ""7"": ""f760b36a5585bd6a209d8237d8f333000d85bc8989b5a1a1916c8283081d2247"", ""8"": ""91e16d1ca63e7038199e2dc7963c19ae52c886cf9c96790aa54d01fa325bae7e"", ""9"": ""4d0c438e4c67d90502428a17facc7b14c12ccafaa9d5b86977b731153a89c42c""}",,0,0,0,0,0.0,0.0,"{""0"": 9.289657273036409e-10, ""1"": 1.6488713468938164e-09, ""2"": 1.046672541265649e-09, ""3"": 2.429025117946174e-09, ""4"": 0.39719694898839797, ""5"": 1.8905770570673765e-07, ""6"": 0.42747286957104386, ""7"": 0.10068826313135454, ""8"": 0.06456949684725469, ""9"": 0.010072226350708618}","{""0"": 9.289657273036409e-10, ""1"": 1.6488713468938164e-09, ""2"": 1.046672541265649e-09, ""3"": 2.429025117946174e-09, ""4"": 0.39719694898839797, ""5"": 1.8905770570673765e-07, ""6"": 0.42747286957104386, ""7"": 0.10068826313135454, ""8"": 0.06456949684725469, ""9"": 0.010072226350708618}",[],[],1,0,0,0,0.0,e39e23b5f549d2e884a7ea4080fcfc40728d1cf2fe4c281200dfbef91904cbeb,b24c96621032b88070dd37305934c9040de05aace595ece11b133ee67c35f401,"[""proposal_created"", ""proposal_committed"", ""v1_challenge_sampled"", ""audit_accepted"", ""committed_once""]"
17,trust_v1,1,A2,0,1,0,0,0,1,V1,72.24,3.9726178644051098,0.1,48240351547579576184912003397173775023,a63a7794fffaee763e81a8f1efa9f58687106a15ed97922b2aa63c33e4963c61,1,"{""0"": ""17e97f5123d44ecd4e241129cc0f8ef617cff60da883086e46785fa32864907a"", ""1"": ""16b776cbb184a3e3044f5f759fd09b6b11b723598de95b1db6eb482dc3526c3c"", ""2"": ""9c560ba478432f379ff31e5ca0e4bbd3df1b2fd45e61a88eee641aadf35b3988"", ""3"": ""fcc4d6e130b0c8e92405613205beb39f428f9a9faf0e7a16b95c2a730e92c3b7"", ""4"": ""99026f75fcbbc519ba301639df051a0305e288b209f8261221555c26abbceea9"", ""5"": ""595c61be155c6a9cf5a0662aabff90832dec4f1163ea356ac7ce6e8fb1801c7f"", ""6"": ""5605d0090e2c52774c732ba1318dd1e880e18d7078d99eb3cd21d1e54ef4410b"", ""7"": ""1e5b32735c6a3aa565a82f1854bdf0c5cc80e568e49316d34846a31ee4b65e12"", ""8"": ""16fbc274c6e59379f119635306d3ee7ae15c2e27b808df133c7325576e172e3a"", ""9"": ""c995811bb1a94d38e876a4af87a7dcd01aeb23c1eb33e25e3564995cff49b2e2""}",e92ac8aea1ef690dec51978565a551a4872beb65c9cd726190cc5f4549005894,1,0,1,0,3.427175626510813,0.0,"{""0"": 2.7868971819109227e-10, ""1"": 4.946614040681449e-10, ""2"": 3.140017623796947e-10, ""3"": 7.287075353838521e-10, ""4"": 0.34407387208423484, ""5"": 5.671731171202129e-08, ""6"": 0.5051658299209073, ""7"": 0.09900497669598816, ""8"": 0.03411670671697364, ""9"": 0.017638556048524014}","{""0"": 0.12500000013934487, ""1"": 0.1250000002473307, ""2"": 0.12500000015700088, ""3"": 0.12500000036435377, ""4"": 0.17203693604211742, ""5"": 2.8358655856010645e-08, ""6"": 0.25258291496045365, ""7"": 0.04950248834799408, ""8"": 0.01705835335848682, ""9"": 0.008819278024262007}","[0, 1, 2, 3]",[],1,0,1,1,0.0,b24c96621032b88070dd37305934c9040de05aace595ece11b133ee67c35f401,2b4c04314de3ba3641137642854dcf30b45a190d399f237a8b6138089a2d4c1f,"[""proposal_created"", ""proposal_committed"", ""v1_challenge_sampled"", ""audit_rejected"", ""recovery_recomputed"", ""recovery_audited"", ""recovery_verified"", ""committed_once""]"
18,trust_v1,0,none,0,0,0,0,1,0,,72.1,0.0,0.1,319881165368741683711272644812342577874,f84391584b01280c912430d1ecb6be1bf9ea1bff1fa3b162f228cb9c499183b5,1,"{""0"": ""53cbaf6bc89ec882ba7ea028f374b3f0103a445ecfc6ae01f23528893831de16"", ""1"": ""fa76184e99d6126c96100e02ae691b857ec27eef9593332d54348c5cadc92a31"", ""2"": ""6996f4d961266812a1f8b956f33afa525994ca6a5f898f0b433abd4ef196d2e5"", ""3"": ""59b68d181a7dacd75c97a1d74ec8fd5e2e157565270fb98e424e44b585863011"", ""4"": ""0e427f33faa5cdf123da8ccd8a0c294b6bf1175519bb6b9a0b7709767b240668"", ""5"": ""f54d4ff3cd29425cb48aa3a32df68302a708ba70a1007ea336c0a01c72743548"", ""6"": ""4bf895213436f5347753607094fd7e11689b6c2b2220f15f86ece0d1d6a4f440"", ""7"": ""ffe02c3f430e9b0a0ed39e9809baf5b50cf587454555fc4928f12a6c06f61099"", ""8"": ""dc8c5ad42fbd49ca692c39c7d8ee8f6eb39fc51ddf90ff2634767b01186bf024"", ""9"": ""12192a19307e273142ea12b531bf26f0bbe95d603e8854eb9e9f0aeb2a8be32e""}",,0,0,0,0,0.0,0.0,"{""0"": 8.360691545732769e-11, ""1"": 1.483984212204435e-10, ""2"": 9.420052871390842e-11, ""3"": 2.1861226061515566e-10, ""4"": 0.2307260301216983, ""5"": 0.0011675976451577088, ""6"": 0.5338168821910658, ""7"": 0.1356949951348164, ""8"": 0.09330292754788638, ""9"": 0.005291566814557205}","{""0"": 8.360691545732769e-11, ""1"": 1.483984212204435e-10, ""2"": 9.420052871390842e-11, ""3"": 2.1861226061515566e-10, ""4"": 0.2307260301216983, ""5"": 0.0011675976451577088, ""6"": 0.5338168821910658, ""7"": 0.1356949951348164, ""8"": 0.09330292754788638, ""9"": 0.005291566814557205}",[],[],1,0,0,0,0.0,2b4c04314de3ba3641137642854dcf30b45a190d399f237a8b6138089a2d4c1f,1490d4032dfce6f2dd785c7b1c0fc5952dd32f8f0d22f1b5095df0a2bcb874dc,"[""proposal_created"", ""proposal_committed"", ""v1_challenge_sampled"", ""audit_accepted"", ""committed_once""]"
19,trust_v1,0,none,0,0,0,0,1,0,,76.46,0.0,0.1,246644919741041839846802474493630916072,ba710a273d357ce5558b96b5ae7bfe8ee032cb96bfce11f82d30550e7dcd6652,1,"{""0"": ""07c45c4788b8cfe76a626a232f096601b2f7b855631b9efb7b23d417ada298a6"", ""1"": ""cf97b5f87b35582e8fabe101ae0d88d5819d09ee7300b8eaf497abe392978036"", ""2"": ""4fd659cc47b7a5c0cecab4f7d2b9623b72a9e16c7c3dbddfc875dc410553dae8"", ""3"": ""6d54682baa1e7f03c123fe3ccd196b3f30633ddb9652455401720b842c7a1aaa"", ""4"": ""16a335fb589d7e86339ad911dfa923ad8f82fd17fa1711ca8631b4018eae2624"", ""5"": ""4af0dc960074322b14e34b602e30df0c80a9ff6f786cb297e6792f296446de9d"", ""6"": ""0a174a8070ba4822782decb9b1d63222d815e815a33496b96096205b858f608f"", ""7"": ""73e2b25500bcf6c2cfcf226b4ea0dcfeb2da02eaaecd15fb179689027bf27699"", ""8"": ""fd561a84808dd8775a71c3be4de2f24e4345d6da93aa1a2b4712d64d17848df4"", ""9"": ""67877ee502b305513cfba2b451909df3025c55f4d61757c79f02c2d585e06164""}",,0,0,0,0,0.0,0.0,"{""0"": 2.5082074637198316e-11, ""1"": 4.451952636613306e-11, ""2"": 2.826015861417253e-11, ""3"": 6.558367818454672e-11, ""4"": 0.12125893946743248, ""5"": 0.002527182008261176, ""6"": 0.33504217527577534, ""7"": 0.2156056091589005, ""8"": 0.2028879888828215, ""9"": 0.12267810504336363}","{""0"": 2.5082074637198316e-11, ""1"": 4.451952636613306e-11, ""2"": 2.826015861417253e-11, ""3"": 6.558367818454672e-11, ""4"": 0.12125893946743248, ""5"": 0.002527182008261176, ""6"": 0.33504217527577534, ""7"": 0.2156056091589005, ""8"": 0.2028879888828215, ""9"": 0.12267810504336363}",[],[],1,0,0,0,0.0,1490d4032dfce6f2dd785c7b1c0fc5952dd32f8f0d22f1b5095df0a2bcb874dc,64f86975ee02c2b8634a0700194ea0f8b5ad5e3c352a77909f0df48adea02591,"[""proposal_created"", ""proposal_committed"", ""v1_challenge_sampled"", ""audit_accepted"", ""committed_once""]"
20,trust_v1,1,A2,0,1,0,0,0,1,V1,74.36,4.403088953783078,0.1,331123860648367053557958043726173015960,e2ff9cc32d6f0002ed6fed8c848934598d90bb1f3bbf8b53f7f847533ab3e365,1,"{""0"": ""038e90061087083ac968166b37bb87a39f35b9bd94d9081257ec3e9f82f1592a"", ""1"": ""c0592bc94c1000590262e8252d43b71dd175e6feae04150ff3995fa2b843c388"", ""2"": ""3839c941a83837c206a3d4226b49115316cc7fca4027487ba9a6ec1c2eb4dd19"", ""3"": ""71e12cba0a6aabd2022680588107b6dc08144368db90cd577b408c1267105e5a"", ""4"": ""60237238976c41537b77b842de3dfdcae08adc7f40ddbd7f2abcb663e0cc3b12"", ""5"": ""bc79a8f500c91530925ced17b877cd66a89e62c77528f65ea3d324b88d1c93d6"", ""6"": ""e92faedcb57d1afe1a32181b990d1838e244c2cbc5fcc03fad5e7fdb27d11947"", ""7"": ""afea11c15935497b3329b855625c128e9e4705e70bc940960eaadfaf3793def0"", ""8"": ""91a22d44da34f14e342ea090ccd2d5085bd37a330cd8369e3d0f20a30c2a1c3b"", ""9"": ""95703f1133ebe399890365784bd4ee6ac1bc28df1906afd9febded2722f12cf3""}",03d201d0064615ba6dcc9c56b36cff594bccaa60b4766364ba410fea4c58fc4d,1,0,1,0,4.331271498969967,0.0,"{""0"": 7.524622391159496e-12, ""1"": 1.3355857909839919e-11, ""2"": 8.47804758425176e-12, ""3"": 1.967510345536402e-11, ""4"": 0.03637768184022975, ""5"": 0.0007581546024783528, ""6"": 0.35330581850920323, ""7"": 0.08440283543278072, ""8"": 0.31365956259131705, ""9"": 0.21149594697495727}","{""0"": 0.12500000000376232, ""1"": 0.12500000000667794, ""2"": 0.12500000000423903, ""3"": 0.12500000000983755, ""4"": 0.018188840920114874, ""5"": 0.0003790773012391764, ""6"": 0.17665290925460161, ""7"": 0.04220141771639036, ""8"": 0.15682978129565853, ""9"": 0.10574797348747864}","[0, 1, 2, 3]",[],1,0,1,1,0.0,64f86975ee02c2b8634a0700194ea0f8b5ad5e3c352a77909f0df48adea02591,d49f069d6d927f483b79500e1dc236375f4345efff95c227f00f160ba7149ba1,"[""proposal_created"", ""proposal_committed"", ""v1_challenge_sampled"", ""audit_rejected"", ""recovery_recomputed"", ""recovery_audited"", ""recovery_verified"", ""committed_once""]"
21,trust_v1,1,A1,1,0,0,0,0,1,V1,77.23,0.0,0.1,5966405478261618206624083752782636955,07163a44967cf36840b89927ec4191b228560f8496bd789c2f6fd2fd50f8d775,1,"{""0"": ""882d8423e93f49f14debe6e4ef5b7c670b2c3ca479bcfbab933cc9e8e1968b58"", ""1"": ""f380d4e54a40f0c2b08ec79f81663be9a2bf18d2d45d74c0ffcecb5e5fa2f1e4"", ""2"": ""fb3d4a05e9df8106e596127b2c9bc68f510ab7dfab96882e00d580d549aec549"", ""3"": ""83176c967c1e8a57ee36467dd1d788d7bdd5d3f85296834d6ad05a42958b2041"", ""4"": ""86b7b51cb2fc8a8a02b7be9494cf4f980c87c3a051ba5c2b7d4d6612917b49a9"", ""5"": ""fdc7647f327dabf62d5af741a4ecf2a605192305ff73c11ba7e5d20a8f1e43f0"", ""6"": ""33a1c9d07d90147bbda6dba716479b001277fe70b2ab2c577c20793ca6f00974"", ""7"": ""bb8d31a7ea89369ec53bbd3a56226845fbf9f458d06e73b5af95cf9c84a9067e"", ""8"": ""76e1fe7ccd00985d20964b12d3b39759041192402a45fc901c06edcec572f626"", ""9"": ""f49cd12afdd5f20b18ab5885cbd5524b1dc764f99d59d246a9f240e49ce12780""}",f331f7da5538783796e091a1c2d4a8eb901fc3c96740a97a482e9f9f9873dd28,1,0,1,0,5.461644013932823,0.0,"{""0"": 0.75, ""1"": 0.75, ""2"": 0.75, ""3"": 0.75, ""4"": 0.15502467368506787, ""5"": 0.010008771990359855, ""6"": 0.4703418425990497, ""7"": 0.17228701676943167, ""8"": 0.10603311483993587, ""9"": 0.08630458010144497}","{""0"": 0.1875000000006896, ""1"": 0.1875000000006896, ""2"": 0.1875000000006896, ""3"": 0.1875000000006896, ""4"": 0.0387561684214095, ""5"": 0.002502192997599166, ""6"": 0.11758546065019487, ""7"": 0.043071754192516326, ""8"": 0.02650827871008146, ""9"": 0.021576145025440592}","[0, 1, 2, 3]",[],1,0,1,1,0.0,d49f069d6d927f483b79500e1dc236375f4345efff95c227f00f160ba7149ba1,645992adf0cf8a583db7e196441fd087dd3a6993125abeeece0ace7342f507c4,"[""proposal_created"", ""proposal_committed"", ""v1_challenge_sampled"", ""audit_rejected"", ""recovery_recomputed"", ""recovery_audited"", ""recovery_verified"", ""committed_once""]"
22,trust_v1,1,A2,0,1,0,0,0,1,V1,74.29,2.5021515142809143,0.1,99021053155261935317853778262568792297,b60b713730ac5f80024c20a42b6c5d5e52e319affb20f3661a40cfc5121cd9ec,1,"{""0"": ""f1cc0c6583e8b9681fac7de74742c0eeb03bbb7fecfb1a35140f296157234519"", ""1"": ""3bb1a7d0d6ca5e294a93ae56a0b3042f08e7eb4ef0d22aea5d07288e0ae88697"", ""2"": ""369f04cd4415dd94c0aa98f81867a40eab1dfed1f9b6ab03a4ef505e5c77b157"", ""3"": ""f330204dd931a73e6634296e2791b7e059d198a9f0b5eca5163fe01932071318"", ""4"": ""fc366b547413628b2b28c07148ab6d25f0bb310394ce56255950b356f3458113"", ""5"": ""2129466be7801123335046e87df458473ade529e093c6f94f06cc9a6a4e353b5"", ""6"": ""1ec294945dae4b55417e9ea5260dc8f7f8423d3ed0d77eafae0675d3b0907974"", ""7"": ""f22290d8103ac7f0cd5d109f3846d09a758e31a95b294cbd950544e64c362275"", ""8"": ""2553fae18a12a912e36a2c3525eb8a0861172904d046fa913b63287f46daf76f"", ""9"": ""6466c317ce6faacf1071ee4c1175d6026814bcbafd04d729f450958bd6b75ffe""}",eb4b50467881e84cb9efac6b159179372dfcc5312b69bb5626ccef0aba9992f3,1,0,1,0,3.664713088773655,0.0,"{""0"": 6.772160152043549e-13, ""1"": 1.2020272118855931e-12, ""2"": 7.630242825826587e-13, ""3"": 1.7707593109827624e-12, ""4"": 0.046507402105520367, ""5"": 0.029667788719633936, ""6"": 0.43444702094963195, ""7"": 0.10786887471894062, ""8"": 0.32515440262189776, ""9"": 0.05635451087996238}","{""0"": 0.12500000000033862, ""1"": 0.12500000000060102, ""2"": 0.1250000000003815, ""3"": 0.12500000000088538, ""4"": 0.023253701052760183, ""5"": 0.014833894359816968, ""6"": 0.21722351047481597, ""7"": 0.05393443735947031, ""8"": 0.16257720131094888, ""9"": 0.02817725543998119}","[0, 1, 2, 3]",[],1,0,1,1,0.0,645992adf0cf8a583db7e196441fd087dd3a6993125abeeece0ace7342f507c4,50d077946fb29d87472ea908ac49a573762ed376b91eb6019ea5ece0b92036e4,"[""proposal_created"", ""proposal_committed"", ""v1_challenge_sampled"", ""audit_rejected"", ""recovery_recomputed"", ""recovery_audited"", ""recovery_verified"", ""committed_once""]"
23,trust_v1,1,A2,0,1,0,0,0,1,V1,74.95,15.408250938265907,0.1,1192422498411270990058774758121300930,f784ff99f0645697ed9ac86973dd67ab8ef435db3a13ff687f6447eb29034b3a,1,"{""0"": ""3111ec936d8e9dec59ccc3bd3cfd694604840b8fc665884e1210e1fb647dcfea"", ""1"": ""cd7ad2a9ae5d8bd184feab7782166ff45c7e4e8a0714927be76093990ff53829"", ""2"": ""a23be2054ef322f59e205fff1bea5293f649538a75c4398497a00d9ee05ffee9"", ""3"": ""a6a6cc6fdce9b17f710995c12ace72649e2d0de2b03d22f0fe4353c0305c0da1"", ""4"": ""e05e99148698c827518cd9fa45aa911a53e23c290ca7c5816e3a7fd7bf11fc4d"", ""5"": ""f2a2576ee76942315d1c22a9742965a940978e8092dcc85f0b8ca029c583d9f8"", ""6"": ""752de694bfa1721495d411288f7c439674ff864a6dd07d238b4abf750eadbbc2"", ""7"": ""12ccb42b83c262c7ae4df88b528517603842abcfe374372e9f784d76714fcd7c"", ""8"": ""3ac549c04489f72a1c628d5ade9968fbb9bbd41c9bbb3bee7f025b2d8b044444"", ""9"": ""f1ed03dea68e26efd3cf04dd75d2e4a57cd928c459446fd8dbc103f0478faf65""}",47ee8c435486b058fb3d35961a6af6403a15ebfee036a37f967bf833c7a8c2fb,1,0,1,0,3.6515878356164553,0.0,"{""0"": 2.0316480456130653e-13, ""1"": 3.6060816356567804e-13, ""2"": 2.289072847747977e-13, ""3"": 5.312277932948289e-13, ""4"": 0.033441054657100684, ""5"": 0.045388710896422796, ""6"": 0.452345502131901, ""7"": 0.35437205826269363, ""8"": 0.09754632078656936, ""9"": 0.01690635326398872}","{""0"": 0.12500000000010159, ""1"": 0.1250000000001803, ""2"": 0.12500000000011446, ""3"": 0.12500000000026562, ""4"": 0.016720527328550342, ""5"": 0.022694355448211398, ""6"": 0.2261727510659505, ""7"": 0.17718602913134682, ""8"": 0.04877316039328468, ""9"": 0.00845317663199436}","[0, 1, 2, 3]",[],1,0,1,1,0.0,50d077946fb29d87472ea908ac49a573762ed376b91eb6019ea5ece0b92036e4,6f6caf6dd909f2d19ebbf527006ebd611cb87f644168c350cca649832c086ec7,"[""proposal_created"", ""proposal_committed"", ""v1_challenge_sampled"", ""audit_rejected"", ""recovery_recomputed"", ""recovery_audited"", ""recovery_verified"", ""committed_once""]"
24,trust_v1,0,none,0,0,0,0,1,0,,76.83,0.0,0.1,83321648577878321471705850019052691253,5e12ffdfe7a00a3decd3be337aa2ddd64d14148133dbaec53907d25d408a4eb8,1,"{""0"": ""31e84bd0a6c43bc78021843d1d625095bf099f194d2c205974753316f3ee829b"", ""1"": ""803bd94e6cb428636dfb4cfea3cfb8f4e762fdff4a1992f0afe812d859bc698b"", ""2"": ""e21a6de902d13dcb0ad871a478ec44715bb4fd16a06f9457a60714a7e6000442"", ""3"": ""54b476da92dc70259b32f8d0678b725f35ae5f6ffccf043fd3511629ea25fd66"", ""4"": ""7680ca48151b8ee95d44b1f8775390eb21aa023f9ab32b06ebb55c048ff91054"", ""5"": ""f3b3b479df32929783f8275220f91f9842de160f3926fd32f3663930c19f42eb"", ""6"": ""1f4d8bd4f4707824cd19a0b0168e875c6fa1b79b4d804ba38e413d672086c284"", ""7"": ""86b916dcb4f64cefb9f09bbbd63604adf19633b14d32dd01e174a292601ccc4b"", ""8"": ""c8e10ec40e034a4e6e93a05a047329ead9cba8e1d19cec4e723a9fdb3e9c5f93"", ""9"": ""abad91597753d4125272c6dd2981633189bb6e20fcb4c4ba11d967397e1e86c0""}",,0,0,0,0,0.0,0.0,"{""0"": 6.094944136839197e-14, ""1"": 1.0818244906970343e-13, ""2"": 6.867218543243933e-14, ""3"": 1.593683379884487e-13, ""4"": 0.3157922516654674, ""5"": 0.01361661326892684, ""6"": 0.13570365063957032, ""7"": 0.41207155274714535, ""8"": 0.1177440256992963, ""9"": 0.005071905979196616}","{""0"": 6.094944136839197e-14, ""1"": 1.0818244906970343e-13, ""2"": 6.867218543243933e-14, ""3"": 1.593683379884487e-13, ""4"": 0.3157922516654674, ""5"": 0.01361661326892684, ""6"": 0.13570365063957032, ""7"": 0.41207155274714535, ""8"": 0.1177440256992963, ""9"": 0.005071905979196616}",[],[],1,0,0,0,0.0,6f6caf6dd909f2d19ebbf527006ebd611cb87f644168c350cca649832c086ec7,0075cec5c9a7a6bf5d3539899abfeb3e32c30540a24295b909ffa40c0898823e,"[""proposal_created"", ""proposal_committed"", ""v1_challenge_sampled"", ""audit_accepted"", ""committed_once""]"
25,trust_v1,0,none,0,0,0,0,1,0,,76.54,0.0,0.1,310663879149828439269317573106748165884,427923ec2e6feab46fc7b68ce86ae710ba3745334ba691f54cc8fa8fd0d3f91f,1,"{""0"": ""ce5f6b18c9f36a095ffe2231fa560931290b2446cb0a4266a73b9893c1817bf5"", ""1"": ""ca0c4da4ea4ccd82d6a8d0f5af7ed12793ad9286cef9369a70db2550ea510659"", ""2"": ""da9488b6d0b47586935c272d2d225992d20b089a3d623a8d3f0ccdb4cad94344"", ""3"": ""1cdb1dda49102749cc65aeb69532d98a3058c0e84f19bb226d3f9c90ebe331c0"", ""4"": ""8a3fd95105cc3a6a9860ed1867c4f33d0d0a6907ea117374abcb5a7e39e463d9"", ""5"": ""aab5e75c7092ad98812c4722f22fc5b488cc1d56be2ba2594c1fd6aacb1e0282"", ""6"": ""0f8ee0e70c50b432bfc87b71dfc752a13af6104ce8b04a51666a03d6d5ce1597"", ""7"": ""52d6a32b13eb7b9b1cf468d27b9fa1b602f0e4de158eaf905a17e9d84db1b706"", ""8"": ""15151cb6c6d95d2bfbb5a09caf125623c966f237caa24f3532367db9f73f47fb"", ""9"": ""931395352e73b9ef7f40ef1d04b6a4c475f3c325bb9c63eaa997cd5cbf58d7d1""}",,0,0,0,0,0.0,0.0,"{""0"": 1.8284832410517595e-14, ""1"": 3.2454734720911036e-14, ""2"": 2.0601655629731802e-14, ""3"": 4.7810501396534614e-14, ""4"": 0.09473767549964024, ""5"": 0.004084983980678053, ""6"": 0.4206046301442676, ""7"": 0.12362146582414363, ""8"": 0.35542967275739246, ""9"": 0.001521571793758985}","{""0"": 1.8284832410517595e-14, ""1"": 3.2454734720911036e-14, ""2"": 2.0601655629731802e-14, ""3"": 4.7810501396534614e-14, ""4"": 0.09473767549964024, ""5"": 0.004084983980678053, ""6"": 0.4206046301442676, ""7"": 0.12362146582414363, ""8"": 0.35542967275739246, ""9"": 0.001521571793758985}",[],[],1,0,0,0,0.0,0075cec5c9a7a6bf5d3539899abfeb3e32c30540a24295b909ffa40c0898823e,686f756cdcff71282e1d3d6fd24c6d7f0f751a365eddd440b57d55f97c7d7c56,"[""proposal_created"", ""proposal_committed"", ""v1_challenge_sampled"", ""audit_accepted"", ""committed_once""]"
26,trust_v1,1,A1,1,0,0,0,0,1,V1,78.5,0.0,0.1,331826390552652017561389969205634478108,5b0b5738c5651443cdbd229f4b18081c853cc5ea8ba8582bded4412ea8e345b2,1,"{""0"": ""0b781ee2e9516b6492e85289c7de99dc513c49f42fe13bfbbf401c0aad07015f"", ""1"": ""bfc42cc3ece64875eefb96272329cb6711bff9f035ba9da9fafabc23c783161b"", ""2"": ""5257646e1bf763c18d35decf0f024f86133fe17c5b5462e9f18341d44a868918"", ""3"": ""8b4a3746a81552e877e9b6987f677986b4e08d477a7b0bef8663e685cd236515"", ""4"": ""614a1f8dcdcd23521541526b10eb04b3df2d681523ef1231cd7b6bee70e77259"", ""5"": ""0efaf7e844d1897ff63f2382ae72f26c0a81a54a4723aa8cb7b72fd99ab746ce"", ""6"": ""4152cbc50747cae135a645b6d2fe9a097b8b3d5f3678586f6de18c19ebcf991b"", ""7"": ""e57b0bdf44d99377f670ebda6940f06891cfcf5f3f66f3b90c691b028a30591b"", ""8"": ""a0248a655a533a285b3ee280819e7fb29fa8b6b2e9155f29fb2d53ddad4cd6fb"", ""9"": ""13bc1368c93aa20a28be6dce8b1e129d650717acf4579f23c565ebc203e695ec""}",5c2a00a583c42341c64f44bf38b0cd4b0781e405b2e42783286f85304a925172,1,0,1,0,5.904190665971577,0.0,"{""0"": 0.75, ""1"": 0.75, ""2"": 0.75, ""3"": 0.75, ""4"": 0.2629435498204935, ""5"": 0.23574774236480486, ""6"": 0.35713689470207727, ""7"": 0.037086439747243086, ""8"": 0.10662890182721772, ""9"": 0.00045647153812769547}","{""0"": 0.1875000000000017, ""1"": 0.1875000000000017, ""2"": 0.1875000000000017, ""3"": 0.1875000000000017, ""4"": 0.06573588745512397, ""5"": 0.05893693559120174, ""6"": 0.08928422367552012, ""7"": 0.009271609936810855, ""8"": 0.02665722545680467, ""9"": 0.0001141178845319249}","[0, 1, 2, 3]",[],1,0,1,1,0.0,686f756cdcff71282e1d3d6fd24c6d7f0f751a365eddd440b57d55f97c7d7c56,d9678dd8cebf0c919ddc04c337d35a7cd87577fd3ffce7d24eda9b65a2d732b1,"[""proposal_created"", ""proposal_committed"", ""v1_challenge_sampled"", ""audit_rejected"", ""recovery_recomputed"", ""recovery_audited"", ""recovery_verified"", ""committed_once""]"
27,trust_v1,1,A2,0,1,0,0,0,1,V1,75.99,5.3715722852574626,0.1,332129493554939827580977834810989800095,a1cfb5f3c56c777f2d6afd125e7259cdf4b104fe71ffe0fdf5534fab3967dc10,1,"{""0"": ""79a7a90dffaf4938a13948c994a874274905d76765f670720a2c472e7afd1a64"", ""1"": ""06f837057b4e068ada113d067e7b28e1ca3ffcf960ee6487ca114254487b787b"", ""2"": ""e38b5af89c0d2bd1361bf419cb44b6220ac5377db9dde3f21bd2cb1a417759ca"", ""3"": ""754f9dbd0d217d05d0923d445462bb803856bcd8cc62494cc7ba8e102122b5c8"", ""4"": ""2b13a028a22d4a9d577545e053a00aae0f68c819ac0a620b183d170a5346e74c"", ""5"": ""d51b9c9932472b614bb3b0ef763f7582409eec7cf26972c94de9557b083c6583"", ""6"": ""23f094368b9ecc247a2008d144d422c095a9f06d87309d7dec377af030fcc369"", ""7"": ""c0c42d691071b85402be1fcf8745326a5d5524a16789a205231bc9068f7655f0"", ""8"": ""e8efc42eab61a6ba91ff94f015daacffdc6071dd7082a0786db557f157ad5a20"", ""9"": ""cf9acc42b69598fd158cc3092e8e6be8b0f7832966bfaabe80620ce8082109e7""}",e023444cc45ccbbbe4a98296ee01d4b3688112036fd5f4af0fb43e7d98e6b65f,1,0,1,0,3.5237258334916453,0.0,"{""0"": 1.6456349169465837e-15, ""1"": 2.9209261248819937e-15, ""2"": 1.854149006675862e-15, ""3"": 4.302945125688115e-15, ""4"": 0.07888306494614807, ""5"": 0.07072432270944147, ""6"": 0.4571410684106232, ""7"": 0.011125931924172928, ""8"": 0.3819886705481653, ""9"": 0.00013694146143830867}","{""0"": 0.12500000000000086, ""1"": 0.1250000000000015, ""2"": 0.12500000000000094, ""3"": 0.1250000000000022, ""4"": 0.03944153247307404, ""5"": 0.03536216135472074, ""6"": 0.22857053420531162, ""7"": 0.005562965962086465, ""8"": 0.1909943352740827, ""9"": 6.847073071915435e-05}","[0, 1, 2, 3]",[],1,0,1,1,0.0,d9678dd8cebf0c919ddc04c337d35a7cd87577fd3ffce7d24eda9b65a2d732b1,8ccc21c3bf61dab9698c0f88a6e65b3c643a3e7febf88575f51a7219cbe3e024,"[""proposal_created"", ""proposal_committed"", ""v1_challenge_sampled"", ""audit_rejected"", ""recovery_recomputed"", ""recovery_audited"", ""recovery_verified"", ""committed_once""]"
28,trust_v1,0,none,0,0,0,0,1,0,,77.61,0.0,0.1,188617587608337136515610881181329712359,83231cd4047aa9569e333d5c774799f882653e1971addd1903814ba52c48d4fa,1,"{""0"": ""e20b287ffd0f899f57e969ff3d1f3ea7980635c233a927ce0351a7038c2fed4d"", ""1"": ""d6048d8d907ad3cc703e12f4ef98c2448648903c293e6add09d18e0ed9a9a273"", ""2"": ""08fe3fb4049842aa2980d728d855289e1822dd56632a1429188eb242c63d7572"", ""3"": ""c7544ac6f5a86095b463990cb47ea0518fd392a9cc43a7c826fcc183953086fc"", ""4"": ""7d67c8d7aa67ed03ecd7b72de0ce871d994ed45762b864e2bc4863f383413a48"", ""5"": ""a9fdbfa18b68713e535587cf16a659f64d96fb4abb1dae9082bfd6ccddfe234f"", ""6"": ""a251276b30deadaf817fe7546421abc17288c13eac3759e7e1d1b6d0c5dc5769"", ""7"": ""451873fe7e3d15153501fb10546107fad73cd636d356db6ab6f92940d5af5f9a"", ""8"": ""c180a8c5e919fdc29ffc3cf4096e68f351a8de44c82f2dd0329606ca9b0df509"", ""9"": ""a64e9760b10af2679ca76f0f93577d2382c50dadaa63bec4ac312c1df72ba7ca""}",,0,0,0,0,0.0,0.0,"{""0"": 4.936904750839752e-16, ""1"": 8.762778374645983e-16, ""2"": 5.562447020027588e-16, ""3"": 1.2908835377064348e-15, ""4"": 0.1971600397782006, ""5"": 0.19471241710718862, ""6"": 0.3106374408175432, ""7"": 0.17683289987160805, ""8"": 0.11459660116444961, ""9"": 0.006060601261006799}","{""0"": 4.936904750839752e-16, ""1"": 8.762778374645983e-16, ""2"": 5.562447020027588e-16, ""3"": 1.2908835377064348e-15, ""4"": 0.1971600397782006, ""5"": 0.19471241710718862, ""6"": 0.3106374408175432, ""7"": 0.17683289987160805, ""8"": 0.11459660116444961, ""9"": 0.006060601261006799}",[],[],1,0,0,0,0.0,8ccc21c3bf61dab9698c0f88a6e65b3c643a3e7febf88575f51a7219cbe3e024,a1d7071969e48de199d88a40ac024ed06de0b4111533b35c55afe10035db274f,"[""proposal_created"", ""proposal_committed"", ""v1_challenge_sampled"", ""audit_accepted"", ""committed_once""]"
29,trust_v1,1,A2,0,1,0,0,0,1,V1,74.23,2.2881388521615573,0.1,176488718483725488826454716134791727766,b4fb94001bb8b864ecb9d553c51b7c7638ae141f7bd03ea8251401c6549f576c,1,"{""0"": ""e98fabd8d717a07cd694e988361486a08d8999fa24814d99eed62175dd84ad5c"", ""1"": ""ed087eac0ad0607854f3c4615630b7b05bad2aba73a638037a2f1859f3c8bed3"", ""2"": ""8b18d9b93ece9520a534d78a8d2cf4ad6b205ec6e7eb2d896e845bff870ae94f"", ""3"": ""c7b8c16fe0de27c4d426fb0430a2f9d5f30ba8c43a31a0950e1669b30aa89588"", ""4"": ""94460b4121d37cc28da42bec86aeb14cbe1a965132aa2506ebde89ff45b7adb7"", ""5"": ""7d20f81ab35d19c4d16a6ebecb60fb02e21b153223ae1db86f9f67fed5cbfb1f"", ""6"": ""486d5e4158c1b05ae11336810379e958e9c61c396652b4473a3a5365c5575358"", ""7"": ""9b0b425c43e1ed066fc13383260736c60e3fa7608e292ffb25eee92b4ffcbc1d"", ""8"": ""6d6794d8f52ac521003e0c1cb98300a0b44082bbd146dfae6b00535bcef11a2f"", ""9"": ""55b8a3ca359b585feb25539e19916f12a3239a467ffea02dd87f14a599850363""}",355c0fed302c1c2754d0018a0dfc12b2bcc34f462768c3b3b865208517803a94,1,0,1,0,3.1465220074481763,0.0,"{""0"": 1.4810714252519257e-16, ""1"": 2.6288335123937955e-16, ""2"": 1.6687341060082767e-16, ""3"": 3.872650613119305e-16, ""4"": 0.7591480119334602, ""5"": 0.05841372513215659, ""6"": 0.09319123224526298, ""7"": 0.05304986996148242, ""8"": 0.03437898034933489, ""9"": 0.00181818037830204}","{""0"": 0.12500000000000006, ""1"": 0.1250000000000001, ""2"": 0.12500000000000006, ""3"": 0.12500000000000017, ""4"": 0.37957400596672997, ""5"": 0.02920686256607829, ""6"": 0.04659561612263148, ""7"": 0.026524934980741204, ""8"": 0.017189490174667442, ""9"": 0.0009090901891510198}","[0, 1, 2, 3]",[],1,0,1,1,0.0,a1d7071969e48de199d88a40ac024ed06de0b4111533b35c55afe10035db274f,12a87ee180d8dd521a89e5b3ab6d7649d8514808441306e55cf6b35a1f782620,"[""proposal_created"", ""proposal_committed"", ""v1_challenge_sampled"", ""audit_rejected"", ""recovery_recomputed"", ""recovery_audited"", ""recovery_verified"", ""committed_once""]"
30,trust_v1,0,none,0,0,0,0,1,0,,77.96,0.0,0.1,255723141298465257689165985267432428596,01d6769b5284a440704e3f74c17c2bf29023e1088cdeec088d26340265b29f15,1,"{""0"": ""fbc9f2ccfc00539f65bbf3002e6acf45509a98e813331344bd1741b3988d7715"", ""1"": ""498ceee37260d415309f158ee4ee002aa9ec79dbca0de745afbae6cb3b7e99b7"", ""2"": ""d57ece1565711814019edd98bb228b914c80c688ecc771ad92b17eaab2757041"", ""3"": ""27899eb54be7b3b5a8bd370b281f49ab22cf065f10afe67fda0c13d06a25dfac"", ""4"": ""a0b57a335a31b2060c733484c5b66b8238691831870d1af26aaef989ae3be566"", ""5"": ""eebbbedc4313726cbe71ab087d58dd29dce1744f385ec6c52b2b9c5b108a26b9"", ""6"": ""f50f4436d1cac894d56203da7d66c1c6526f3b2d476dc76e17de91d60839f084"", ""7"": ""827639a57e964465b1a04c033ca93e9fdd8f1f33732469585fa1a3ae69d9213c"", ""8"": ""4891f2dfe69d8746bfcb355b4dd98e21f019a8d068ec7e03bf4211c2662c022c"", ""9"": ""f786b17173bae670f5c9ad4e99921c3f88bfa6de7c6b6327c0de1b76414cd70a""}",,0,0,0,0,0.0,0.0,"{""0"": 4.443214275755778e-17, ""1"": 7.886500537181387e-17, ""2"": 5.0062023180248304e-17, ""3"": 1.1617951839357917e-16, ""4"": 0.22774440358003809, ""5"": 0.021779028342707327, ""6"": 0.027957369673578897, ""7"": 0.3563986553885936, ""8"": 0.23399193072802887, ""9"": 0.1321286122870528}","{""0"": 4.443214275755778e-17, ""1"": 7.886500537181387e-17, ""2"": 5.0062023180248304e-17, ""3"": 1.1617951839357917e-16, ""4"": 0.22774440358003809, ""5"": 0.021779028342707327, ""6"": 0.027957369673578897, ""7"": 0.3563986553885936, ""8"": 0.23399193072802887, ""9"": 0.1321286122870528}",[],[],1,0,0,0,0.0,12a87ee180d8dd521a89e5b3ab6d7649d8514808441306e55cf6b35a1f782620,328ef842d27806ccdda7d4c2dac1722c0acdc105d2216c504292cca054aa61a4,"[""proposal_created"", ""proposal_committed"", ""v1_challenge_sampled"", ""audit_accepted"", ""committed_once""]"
31,trust_v1,1,A2,0,1,0,0,0,1,V1,65.45,21.95273980521795,0.1,174144386524516500499582141367893371319,81524b83af7cdb188e9db2937c7ede5ce93e443b9c01a1bbb2b07a0eb0962891,1,"{""0"": ""78a4b78697fb8f8e990b958f4dfacf5dfe6b3d6cd6c65547c708fc5ee3b24434"", ""1"": ""a1ef2a3a16207a897ba2004358e3e3972e0466bae85ba7ea6cfdb2df5c0ae9ed"", ""2"": ""c92e2b177aee223484a87082d697d0b5cba16a0e0eca9a2b90a4f9ef202b48b7"", ""3"": ""b4574592eb7c1af83fc09fd73583d4ab7b1308b09008a63f0a1d4306616dd399"", ""4"": ""1c212e8ed35eed7ee536888c49094b3115c6b476331b57991845e4bc8e071488"", ""5"": ""eb15966fb8a0c1263bd3e1b0f997b2e1aa5f277baf1a2fe469f5d692a6962930"", ""6"": ""640c783f1c520e5a90d703ee6d45f1997744c780556ea8556c8754f45a518369"", ""7"": ""c24a8b677f0fb5a155537a3e6dbacc877e69b12ecccd0f811a4a4ad84cb67e31"", ""8"": ""e8012da630578dc0ced065a236d9d4bf6ee1d182a533f43389017b01cf6dce7a"", ""9"": ""6e35fa0504b02b742bd47047f151179798094aa6cd9b230b5bf14ff1f467f3c5""}",7029b71d69c727c809b4a6aecd41db7f221a4f5ecfb205edf4ecdddd7e361168,1,0,1,0,3.7120823789944137,0.0,"{""0"": 1.3329642827267336e-17, ""1"": 2.365950161154417e-17, ""2"": 1.5018606954074496e-17, ""3"": 3.485385551807376e-17, ""4"": 0.06832332107401146, ""5"": 0.7065337085028123, ""6"": 0.008387210902073672, ""7"": 0.10691959661657811, ""8"": 0.07019757921840869, ""9"": 0.03963858368611586}","{""0"": 0.125, ""1"": 0.125, ""2"": 0.125, ""3"": 0.12500000000000003, ""4"": 0.03416166053700573, ""5"": 0.35326685425140614, ""6"": 0.004193605451036836, ""7"": 0.05345979830828906, ""8"": 0.035098789609204345, ""9"": 0.01981929184305793}","[0, 1, 2, 3]",[],1,0,1,1,0.0,328ef842d27806ccdda7d4c2dac1722c0acdc105d2216c504292cca054aa61a4,9af6cd8c0c73685fbdedd73b80adfd47b6ade1916cc7ee1d168d7735b619a516,"[""proposal_created"", ""proposal_committed"", ""v1_challenge_sampled"", ""audit_rejected"", ""recovery_recomputed"", ""recovery_audited"", ""recovery_verified"", ""committed_once""]"
32,trust_v1,0,none,0,0,0,0,1,0,,72.42,0.0,0.1,2739434333186874987662948934786589625,ee01f5b83f45f182d31de8e3c27c46e56f6bab4464a8134eb35a9f036ef39c09,1,"{""0"": ""129efed1404dd7986adc21e21e43c0c4cff2f2d24230f9697acbb15a54c54495"", ""1"": ""6c50bed663b67aa9b49c1a5857a91f22916e2bd7c41301d9184447eca0998544"", ""2"": ""a38fe9cdf2205c1d70cd5b1accc3d239b60d36e4186f65ab386f036f140830f9"", ""3"": ""a86fb40ebeb1ed70767e2568f02ed0c2b0c8e6b6aac1263df820e2da8c9f2f98"", ""4"": ""f90a8b368da0c2e16fa3fe27bf015acc611663b4eb053f6bb5b808af0ceeefec"", ""5"": ""3fb91b8f2cdb4a0c94acaed7f3c34797498e89993afc2043dae2eb9b4379bb19"", ""6"": ""ed9810a6d795f44cd6f1f44b2ff6ee792f6d0f171a6f0adcf63d20fd215ae944"", ""7"": ""87af721efbef1340426d41939e82e33d8bc2d43d2a1d72a0e23c79596656ffe8"", ""8"": ""dde86697b9eddd84f052de499b173a9e6a231d6b20bd0ea8421103bcfc321d7e"", ""9"": ""2bc9149684a5c3a04d213cf2c7e78d2e0968d2dae51f725047782b26b017c337""}",,0,0,0,0,0.0,0.0,"{""0"": 3.998892848180201e-18, ""1"": 7.097850483463252e-18, ""2"": 4.5055820862223495e-18, ""3"": 1.045615665542213e-17, ""4"": 0.12983061685381636, ""5"": 0.2119601125508437, ""6"": 0.0751123518684727, ""7"": 0.03207587898497344, ""8"": 0.4135453572942503, ""9"": 0.13747568244764358}","{""0"": 3.998892848180201e-18, ""1"": 7.097850483463252e-18, ""2"": 4.5055820862223495e-18, ""3"": 1.045615665542213e-17, ""4"": 0.12983061685381636, ""5"": 0.2119601125508437, ""6"": 0.0751123518684727, ""7"": 0.03207587898497344, ""8"": 0.4135453572942503, ""9"": 0.13747568244764358}",[],[],1,0,0,0,0.0,9af6cd8c0c73685fbdedd73b80adfd47b6ade1916cc7ee1d168d7735b619a516,69d20e86c083902a88ac2ec7ae0a8bf24ce36a424b24789016d2ec64a15fe7fc,"[""proposal_created"", ""proposal_committed"", ""v1_challenge_sampled"", ""audit_accepted"", ""committed_once""]"
33,trust_v1,0,none,0,0,0,0,1,0,,78.88,0.0,0.1,263362765308382889371972812575788197749,693665ba40c98285a6f13765418eff22db45d72c92bbd7c71fe76f317f3b3667,1,"{""0"": ""4b6a23bdb530dbad8e900461a178319cfca322f418638ef98cdfdbd555ac481e"", ""1"": ""822459572ce69f70e2ad662a6e55d8dee5080dda83b7d4a53e2a46ecb7b52300"", ""2"": ""e5b573153f263a850c1840d86eee583c20ef18bf76a61a2e07baca1f32f6f6f1"", ""3"": ""5dbb40b1cb050f6d3e66309229c1f31e9fbcb3d2c4445ade1cd88a70fdd78a0f"", ""4"": ""e9c48c920d966c879ff890d3492c72ee68f5feb14651e52039249734ebfe6b2d"", ""5"": ""3fab7f4174a11dad5ce1c973a0047c8d0a6fb75255999c2e49605addd3026f97"", ""6"": ""14594394bc814952d676123595cf575168e244a202449249ec85ca013985c888"", ""7"": ""98a9125a7b8051bc45d44d2b907acfbe27ab1a6dad01a1287b6704cedc275eb0"", ""8"": ""e5be701d1b6a29fbba178c8d022a856ee6d91e21b6cb750990938a45b2b9f524"", ""9"": ""87d680968f21f8ebd77f1c39fc28afe5f401073af5e7d83c979d5610846244fd""}",,0,0,0,0,0.0,0.0,"{""0"": 1.1996678544540603e-18, ""1"": 2.1293551450389757e-18, ""2"": 1.3516746258667046e-18, ""3"": 3.1368469966266385e-18, ""4"": 0.3889491850561448, ""5"": 0.06358803376525311, ""6"": 0.3725337055605417, ""7"": 0.009622763695492031, ""8"": 0.12406360718827508, ""9"": 0.04124270473429307}","{""0"": 1.1996678544540603e-18, ""1"": 2.1293551450389757e-18, ""2"": 1.3516746258667046e-18, ""3"": 3.1368469966266385e-18, ""4"": 0.3889491850561448, ""5"": 0.06358803376525311, ""6"": 0.3725337055605417, ""7"": 0.009622763695492031, ""8"": 0.12406360718827508, ""9"": 0.04124270473429307}",[],[],1,0,0,0,0.0,69d20e86c083902a88ac2ec7ae0a8bf24ce36a424b24789016d2ec64a15fe7fc,40d48966cbd7aa4f961bc7deee35a78eec8144c84f5797af9e4d108674c72816,"[""proposal_created"", ""proposal_committed"", ""v1_challenge_sampled"", ""audit_accepted"", ""committed_once""]"
34,trust_v1,1,A2,0,0,0,0,1,0,,71.82,0.0781992277525906,0.1,281769607494851710300633975090619924604,983d05311e8e7faa901a4aed961d7c2a7192ec19590a8cf2aeaa629fbb012abe,1,"{""0"": ""9c66f71c84b1dee6413d28e6bc8a0659f51317dde1706374243fd8bd4adce3c8"", ""1"": ""50312d8daf19e3769c066f7b7de5b7f6f540fba4b4401b51f62417d4b6b7d412"", ""2"": ""5bb77aa6408ff0d2cc1d3aa222ccc516ce631efa081f86dabec126db7d35af07"", ""3"": ""a15a0c674def0afe0e0831413c0c3909cf9da59b85552e51aa375f7311f312e9"", ""4"": ""3ba0525dc5e3780e41f71354f60f5eef01453a052a6d69ad8ed31a4d1280c5d3"", ""5"": ""a03958c5a9f86d93087b2de830732836768c5ff8bdf0f1ee7ac2a52e6d67080b"", ""6"": ""9260e2602b7dbf63179e28f23c41c9f240d974a09f6bfc0ee1a0f98e6f0080e2"", ""7"": ""5086f2a51a80d5e80b787c4c4c2e62a39ce7b524ba61a515bcca25f62ce43950"", ""8"": ""3e0f5ebe3693859dfec39c8927df127a96bf49c6959581ad571e74605ddb6ebb"", ""9"": ""c7ac29576d4c50c64a9d4b3704c434d73c43f2f2fea428503978dbcc8db63e4c""}",,0,0,0,0,3.033843417616913,3.033843417616913,"{""0"": 3.599003563362182e-19, ""1"": 6.38806543511693e-19, ""2"": 4.055023877600115e-19, ""3"": 9.410540989879919e-19, ""4"": 0.11668475551684347, ""5"": 0.01907641012957594, ""6"": 0.8117601116681626, ""7"": 0.0028868291086476105, ""8"": 0.037219082156482536, ""9"": 0.012372811420287923}","{""0"": 0.12499999999999997, ""1"": 0.12499999999999997, ""2"": 0.12499999999999997, ""3"": 0.12499999999999997, ""4"": 0.05834237775842172, ""5"": 0.009538205064787968, ""6"": 0.4058800558340812, ""7"": 0.001443414554323805, ""8"": 0.018609541078241264, ""9"": 0.00618640571014396}","[0, 1, 2, 3]",[],1,0,0,0,0.0,40d48966cbd7aa4f961bc7deee35a78eec8144c84f5797af9e4d108674c72816,429e48a20a1fcfd16122de808fcec5e995c6a8acf157b4fe40d714a40798b15d,"[""proposal_created"", ""proposal_committed"", ""v1_challenge_sampled"", ""audit_accepted"", ""committed_once""]"
35,trust_v1,0,none,0,0,0,0,1,0,,77.11,0.0,0.1,333986677969702267665070746053859741695,4b9df44eb4d67317f3ea39747e8836887d6daae8df13cc57471b8c2d997b5a6d,1,"{""0"": ""2daabc0eb039189229c724ae1c6299b0f71e51a21cba844e4ff193b73e882b3b"", ""1"": ""8692338226effd586893d289b172287f2362b96a1ad4c84883896536f5cb2524"", ""2"": ""b440f01e81e5098b5f6497b891c5a14a9974fd2aa4f7d7e0f10775eba5dd34d4"", ""3"": ""7f72d62c8816b61d071e6b8f688679e2441ea399f3d08d5de82bd4401fa385fc"", ""4"": ""9e91e08e0f064a68e39374ea5e7ca6968f509bd0e275f3f0e20d4f76ed811309"", ""5"": ""aa43325a5911ab3d674e7b0b3326680d2964ab8cddb6c7ef74574d2c26c72e0c"", ""6"": ""850ff16542c18ba5d98ed9e532a1fbe564ed45abc0fb9c349e97da326171b887"", ""7"": ""a7fc33b0c2e718e08e6b5e87b0b3c95e6ea400e33fcd5c16823ccbc8369599a8"", ""8"": ""c41c778775866fc4a2176755b5a34aca017b7bbe86d0e5bc3defd4d2c689d578"", ""9"": ""74fb233bcd5d25a020239e0481b462976fea4fe2c55fbd0b988effb5013e3cab""}",,0,0,0,0,0.0,0.0,"{""0"": 1.0797010690086549e-19, ""1"": 1.9164196305350793e-19, ""2"": 1.216507163280035e-19, ""3"": 2.8231622969639763e-19, ""4"": 0.22446290652643394, ""5"": 0.05525950565762192, ""6"": 0.4329855133718297, ""7"": 0.14229556887259662, ""8"": 0.026911150010341205, ""9"": 0.11808535556117662}","{""0"": 1.0797010690086549e-19, ""1"": 1.9164196305350793e-19, ""2"": 1.216507163280035e-19, ""3"": 2.8231622969639763e-19, ""4"": 0.22446290652643394, ""5"": 0.05525950565762192, ""6"": 0.4329855133718297, ""7"": 0.14229556887259662, ""8"": 0.026911150010341205, ""9"": 0.11808535556117662}",[],[],1,0,0,0,0.0,429e48a20a1fcfd16122de808fcec5e995c6a8acf157b4fe40d714a40798b15d,0b41d758edd1fcebcc88c38c696e04eafef1388d17b6d83011300f4c18c979cb,"[""proposal_created"", ""proposal_committed"", ""v1_challenge_sampled"", ""audit_accepted"", ""committed_once""]"
36,trust_v1,1,A2,0,1,0,0,0,1,V1,74.57,4.102498416872138,0.1,268556391359160244748498036952262311727,8c4eaaacd967ff510726576f34f1e53ea59a6ee9b0e8f86e95ee987bb430c3c3,1,"{""0"": ""0dc3fc899df67096449eeb61002f06fb56620888fd30ea489ba9f51777e83a30"", ""1"": ""512603c0acba63f9f5c9b0655365aba6134bd8babf922003787bd019fac4e34b"", ""2"": ""f4bc24462bbaea3c336d2089a28ba943d9b3b9f8be65f4ca2d21788f68ecca84"", ""3"": ""c178582b7496f4b4ffdeaae362e57201f69fd7c4e68fbcc83c4768923c625f9d"", ""4"": ""89aa8d0117b6e2f1d4dd36da01f456d2a2d2795547b16128c18ff0e8882aab32"", ""5"": ""6c7a5583bb46d0722af42ba9e14bba18fd5d9d399ed5b1ffb1f24f0783baf171"", ""6"": ""44d332a5b75e779eca6e53a5af989602c010539670fe351bc3332aa4eb6f8337"", ""7"": ""e526733752f6d01703a0ea6f727452012f291f0820bf84979125d9d418ffd58a"", ""8"": ""6cbdf612a5e1c96760cba1ca5b4a14ca5b20a507ae67b6792f20858a9d230dfc"", ""9"": ""b791f8f774e6b6e3e6991a00ea5691e4225e8ba2701c50036ccbed89938bcfbb""}",919ff3a3e4caa390ca351eee8fc984db4b095262703802747fe5eed5ae62a80b,1,0,1,0,3.0030377636278986,0.0,"{""0"": 3.2391032070259655e-20, ""1"": 5.74925889160524e-20, ""2"": 3.649521489840106e-20, ""3"": 8.469486890891932e-20, ""4"": 0.0673388719579302, ""5"": 0.016577851697286584, ""6"": 0.12989565401154896, ""7"": 0.1592453155730951, ""8"": 0.3594850157895288, ""9"": 0.2674572909706105}","{""0"": 0.125, ""1"": 0.125, ""2"": 0.125, ""3"": 0.125, ""4"": 0.0336694359789651, ""5"": 0.008288925848643292, ""6"": 0.06494782700577448, ""7"": 0.07962265778654755, ""8"": 0.1797425078947644, ""9"": 0.13372864548530525}","[0, 1, 2, 3]",[],1,0,1,1,0.0,0b41d758edd1fcebcc88c38c696e04eafef1388d17b6d83011300f4c18c979cb,d27d60b9fec0520476220d71d5570cfd5cb5f77802e6cef1cde59139c3dda0b4,"[""proposal_created"", ""proposal_committed"", ""v1_challenge_sampled"", ""audit_rejected"", ""recovery_recomputed"", ""recovery_audited"", ""recovery_verified"", ""committed_once""]"
37,trust_v1,1,A2,0,1,0,0,0,1,V1,76.39,2.2771436236041906,0.1,114600581344944361988708022945053999884,7b016b64782aca2916586f84124ba426b76adc17090289af3761ab83b1bbf0fd,1,"{""0"": ""4d344bd562e758f451e5ddb4186cecbcf76b302b406bd0faa23becb3fcdc1b07"", ""1"": ""3f8dbd495a7a6ae61c4c0ef487e2ef720a6ffce157de2937c77128cba5ce62c3"", ""2"": ""e2360a11b0afa57c2f7b1566e3676f86c767b2bdebafe3d59d3f2d85f8c656b8"", ""3"": ""fd55442a3cb46e27100ae8e6ae2252e94199415b9f6627060b96ef4653b9688f"", ""4"": ""7eb55ed06bee3bb167754f6531f971343e047184ee430273b2666e2126bfb4ad"", ""5"": ""b8f45332edfa1fedb8beb7325a05764948b2a089e3b9f2c0a3a05e5e3eb4f45a"", ""6"": ""416bac4d9879c0754e20901ecf9fabdc9216165358346736718738636728fd1b"", ""7"": ""8493428bc61f48f16daeb86c8f11281863c594da18f4be2d3c2d6fd3d8549c4f"", ""8"": ""93da5ba617b4c6301fd806e4b9ae4ee5b8ecde15939863ead961eef7263ae5a7"", ""9"": ""f360a24e9cf61260c77f0d610a70a9505278423265ddd74136edc2ad03a1d9d0""}",1ddf6a08d0fd6b4a474340adf43d7407efaa181a7997d0e02f80430f53bcfae0,1,0,1,0,3.911245047517982,0.0,"{""0"": 9.717309621077896e-21, ""1"": 1.724777667481572e-20, ""2"": 1.0948564469520316e-20, ""3"": 2.5408460672675793e-20, ""4"": 0.02020166158737906, ""5"": 0.23830668884251927, ""6"": 0.272302029536798, ""7"": 0.2811069280052618, ""8"": 0.10784550473685862, ""9"": 0.08023718729118315}","{""0"": 0.125, ""1"": 0.125, ""2"": 0.125, ""3"": 0.125, ""4"": 0.01010083079368953, ""5"": 0.11915334442125963, ""6"": 0.136151014768399, ""7"": 0.1405534640026309, ""8"": 0.05392275236842931, ""9"": 0.040118593645591574}","[0, 1, 2, 3]",[],1,0,1,1,0.0,d27d60b9fec0520476220d71d5570cfd5cb5f77802e6cef1cde59139c3dda0b4,21eb56e0ae709157a0c86896056a06ac2670f8a4d2530c17e0ecf321af15000b,"[""proposal_created"", ""proposal_committed"", ""v1_challenge_sampled"", ""audit_rejected"", ""recovery_recomputed"", ""recovery_audited"", ""recovery_verified"", ""committed_once""]"
38,trust_v1,1,A2,0,1,0,0,0,1,V1,78.8,2.1579774883511975,0.1,158768191613739238236945790863768346344,0e167218dfdf44edf1e6500fb2120b82ac702d74edea9d1fc55e132826e2728f,1,"{""0"": ""ed3b36ee153ef9dfa4f48d4511e0376aba8ef8a648eaea4db492af384285947d"", ""1"": ""9940be394ed1ea2b929aa5691db535aeb43782bf28277662bca669c2a3c52356"", ""2"": ""8250c18f543f85a7d4b87d8fa14054ac691695b479e9ebd9dc4e0f3fa31e2b24"", ""3"": ""2a7033feafca57a838d547cd26a126ecb351e0a4ed2dc7dbc974ae07291a1fb4"", ""4"": ""ecc97594e9359e9b3ed9da2f13771648f9a6266315cdafd63df0cecd497cb7ca"", ""5"": ""227cf13084dd53188149aa4ef8eb77a87891ddc34ac6b9605f862e09ff779eac"", ""6"": ""1293e9027af97598a24009499ee0254d3fdea3f4b0e0e39f9313c7ad8f588b48"", ""7"": ""4de09645c8755e82f6a93d11d4a20a9e675f6aa83189b8857070f4181d6d4eee"", ""8"": ""0f92e48dc2684002ace20c487d94430074bd1e5bce0069289c6c5e0dcdf06718"", ""9"": ""6bb871a7f17930e6ff1d8d6b66e31af16688b935b89d57034bf5956ca1cb8492""}",c155f00d743a5e000bc3289c05b6181a492f75eb007c5f7356bace2304ac6b68,1,0,1,0,1.2986078367636986,0.0,"{""0"": 0.07, ""1"": 0.07, ""2"": 0.07, ""3"": 0.07, ""4"": 0.07606049847621373, ""5"": 0.1414920066527558, ""6"": 0.1516906088610394, ""7"": 0.15433207840157856, ""8"": 0.1023536514210576, ""9"": 0.09407115618735495}","{""0"": 0.16, ""1"": 0.16, ""2"": 0.16, ""3"": 0.16, ""4"": 0.03803024923810686, ""5"": 0.0707460033263779, ""6"": 0.0758453044305197, ""7"": 0.07716603920078928, ""8"": 0.0511768257105288, ""9"": 0.04703557809367748}","[0, 1, 2, 3]",[],1,0,1,1,0.0,21eb56e0ae709157a0c86896056a06ac2670f8a4d2530c17e0ecf321af15000b,056ca46f6c861dcbb718f2d15029f9e8a9d96e6aa342317934cb2199558a7433,"[""proposal_created"", ""proposal_committed"", ""v1_challenge_sampled"", ""audit_rejected"", ""recovery_recomputed"", ""recovery_audited"", ""recovery_verified"", ""committed_once""]"
39,trust_v1,0,none,0,0,0,0,1,0,,80.13,0.0,0.1,264921838399130121885142603852839132463,7b70d12be3b8cca19b7494b0e769e0ec7e47779bab67100910f9f4bdb6abc1b5,1,"{""0"": ""971d76b8a4d2ad5bae7c5b3f0c3044b56bde29c89e0ac50c5355738ec3c06984"", ""1"": ""1cb9297cc11a54e173f1acd1d29636585b3c4b0becd13d6f81751cee86fb27be"", ""2"": ""8e300a437d3a38165c18806a91af8564e6a34328a533229d0afccb2ce06b8784"", ""3"": ""26ddc8d0d515169fd835b7673c627af2deeb2d40623efd39b781a4f5e292b203"", ""4"": ""e26f3abec27019b255eca5d5ca28a7b7a90c3b8d9b29fb42253a601a39864c43"", ""5"": ""0d1e9c501e8670e1d838df632c002c720dbaa3db574ea7bd6372b0edf8b48cca"", ""6"": ""2727da5aa8b1204df0476119904980ae633f8399e0738471cc76412288b2a996"", ""7"": ""d5c3d3ec14a6757f2f285ba2f6cdbbf249cd738de8d6eb11fd5981a4ed0755d0"", ""8"": ""1cc8079adfe08bd213bdb72e20e2f10b342d5ec6a83d96d458e4241711796d11"", ""9"": ""82947bbf0ec6a0946cc29e0f86dbe2f2c5c08f8c6ef4457b4712a4205acf2e06""}",,0,0,0,0,0.0,0.0,"{""0"": 0.021000000000000005, ""1"": 0.021000000000000005, ""2"": 0.021000000000000005, ""3"": 0.021000000000000005, ""4"": 0.23868965463615646, ""5"": 0.04826803134483827, ""6"": 0.08127440532560394, ""7"": 0.2621711286137659, ""8"": 0.04150392813013658, ""9"": 0.2440928519494988}","{""0"": 0.021000000000000005, ""1"": 0.021000000000000005, ""2"": 0.021000000000000005, ""3"": 0.021000000000000005, ""4"": 0.23868965463615646, ""5"": 0.04826803134483827, ""6"": 0.08127440532560394, ""7"": 0.2621711286137659, ""8"": 0.04150392813013658, ""9"": 0.2440928519494988}",[],[],1,0,0,0,0.0,056ca46f6c861dcbb718f2d15029f9e8a9d96e6aa342317934cb2199558a7433,73967a9e497257d633fa1c2521aff89c6161145ed56e4cef7fdb4aed41d7e955,"[""proposal_created"", ""proposal_committed"", ""v1_challenge_sampled"", ""audit_accepted"", ""committed_once""]"
40,trust_v1,1,A1,1,0,0,0,0,1,V1,80.51,0.0,0.1,317121828241620709228818964274845604094,6103b6c0bc9a44f6b719da550309755577be2be50efc0e4e08ed6adc79a5657c,1,"{""0"": ""2d9a5e2c15498bcc6e5ffdf1335b76f6cb2a49a971f00430627d093cfe6f730a"", ""1"": ""55b354c0a5e071dd22e08a46276e893ddb45513ff6d46615585c6ccaea3ff281"", ""2"": ""fe58e37594f394ccf5f5370f5e85ee9d97f670486f8fcc0374f0849cb076de2b"", ""3"": ""a5be2cc39dbbfc3257ed3d4c9a004a23ce8d7319cc0ff033a1d9a48df5e5803e"", ""4"": ""98c5d429eaabd74e964022b9dff3ead195534ca7b52b150d7c2952d928ef1941"", ""5"": ""5dcd4f50c1d2f7176fa48b5f7fdf75e355b6679392b469a3ba3d851db059131b"", ""6"": ""73b7bd26314a5dd8b8498b53f8d0de91d8ebaf24357c3d5227f2f069ceb16788"", ""7"": ""0b35028a35ebfd7d2cda93572e6d23a555e42cf5662e6223356f45f522724e41"", ""8"": ""8b740a6e336581f11f75a745e4ffab862d2a1914cb6e4d8f4032d336487889f6"", ""9"": ""08b3783f2cff1d2dcc928f33af12b007e4c246d811b57e6eb47e29beae66be23""}",9ff84296c3fcc4a9c4d73dcd7fb8ab851c1719f0ec9e69a9194e50d08f666337,1,0,1,0,7.1942841509620035,0.0,"{""0"": 0.75, ""1"": 0.75, ""2"": 0.75, ""3"": 0.75, ""4"": 0.2598874293614841, ""5"": 0.01672306806483726, ""6"": 0.15650302701695065, ""7"": 0.26693187155476694, ""8"": 0.013246215446474195, ""9"": 0.2615083885554868}","{""0"": 0.18868873905605313, ""1"": 0.18868873905605313, ""2"": 0.18868873905605313, ""3"": 0.18868873905605313, ""4"": 0.06538377512365003, ""5"": 0.0042072728350702575, ""6"": 0.039373811768378446, ""7"": 0.06715605101005508, ""8"": 0.003332548919813373, ""9"": 0.06579158411882027}","[0, 1, 2, 3]",[],1,0,1,1,0.0,73967a9e497257d633fa1c2521aff89c6161145ed56e4cef7fdb4aed41d7e955,af792a4b91f2ffbb21d74323c57cd018b68db57abdb2fde9174208c56a360554,"[""proposal_created"", ""proposal_committed"", ""v1_challenge_sampled"", ""audit_rejected"", ""recovery_recomputed"", ""recovery_audited"", ""recovery_verified"", ""committed_once""]"
41,trust_v1,1,A2,0,1,0,0,0,1,V1,79.99,0.943652151332132,0.1,116532876117379801156575704114268549598,bc3264f8d04fb5114aca3e452555448aaac9582d19bfd8874ec77e3b92f1562c,1,"{""0"": ""ab542fc6ddae3308b3711b8b0258c06aebd50c5a90e9260047cb8c65750d6d00"", ""1"": ""bf071471c570f80588f467f2cf9cf4e6f56d399ca9e8de5dccce6e328fc89b57"", ""2"": ""b136627e4b1253c103ae14cbdbc8405e1860cbd4498b0fbbdcb1da7561c69929"", ""3"": ""a267abaf105c2d091638f7083000463da950f6215d885192ae85b0790d89bcc8"", ""4"": ""14aee94864502c9e440e5465bd5155d17f2218ea1ec1ebf249cc9a399485e0ba"", ""5"": ""4224db9279afe4cd3000d46c2458ecb794741a091e751aa992a32eb0c4a4ed9c"", ""6"": ""526e890e25a79c95f5929f83a4ac804309ff0870751d7b51119a634e6fa1f6f4"", ""7"": ""ae48564467f6f9cebb6e9172a4c78e0e9bd13a17fb683ed9cab0b6dd4f403ac0"", ""8"": ""070ee0faa908489379fa582b9be762d8682dcc6ef006493d152ed556ca6b2cc6"", ""9"": ""988ab4590ac79e581c87c622378af451c303f50f7c512632fa1fc07f87284698""}",bc1b6aa90525850289c8c001262da4a732253cb608f340a1efbd33ecefb814a1,1,0,1,0,1.3505236653244812,0.0,"{""0"": 0.07189000000000001, ""1"": 0.07189000000000001, ""2"": 0.07189000000000001, ""3"": 0.07189000000000001, ""4"": 0.14796622880844526, ""5"": 0.07501692041945118, ""6"": 0.11695090810508521, ""7"": 0.1500795614664301, ""8"": 0.07397386463394226, ""9"": 0.14845251656664604}","{""0"": 0.160945, ""1"": 0.160945, ""2"": 0.160945, ""3"": 0.160945, ""4"": 0.07398311440422263, ""5"": 0.03750846020972559, ""6"": 0.058475454052542605, ""7"": 0.07503978073321504, ""8"": 0.03698693231697113, ""9"": 0.07422625828332302}","[0, 1, 2, 3]",[],1,0,1,1,0.0,af792a4b91f2ffbb21d74323c57cd018b68db57abdb2fde9174208c56a360554,c82abd029dc2d30b2355994518da26a6efef604321c9cc11787a099023c82803,"[""proposal_created"", ""proposal_committed"", ""v1_challenge_sampled"", ""audit_rejected"", ""recovery_recomputed"", ""recovery_audited"", ""recovery_verified"", ""committed_once""]"
42,trust_v1,1,A1,1,0,0,0,0,1,V1,67.81,0.0,0.1,13535768162663600060200982326943348107,e2068997ad0822d832440c23498e0caa484a484d6f3a213ba849c63005b498b5,1,"{""0"": ""f3034d075adc57ab75aa932bfed3ab7af58a3c6189ecad421b302705241c6792"", ""1"": ""fbf799c8a86bb05c6437484f9691a5eeccd0c442ffdb69923e2a4eea364fb515"", ""2"": ""bafb4490ad806865c0717c2d2bcdf3ebbc833e722e355dad2832d14e12e9761a"", ""3"": ""f249283b5793f8e6adc59d8842fcf3f6a607fd25d9c134c43b1cb2e7ed771ed1"", ""4"": ""6d929d80d057d374872c61f3e54896c4ca002456b5720aa755dbff576f9785b7"", ""5"": ""8b05f2b87d56c31858b72c337f341a03ec414b9bafc9c4e2d963653f9f2ab3dd"", ""6"": ""4001f8d2be118530e7820c8a821a1e4461865aaffb769c49e0ccbd61141cad3f"", ""7"": ""d4e05c95fcd50c18105bcfb61478e76305fdd778faf96c43bb1d297b1c6e5d07"", ""8"": ""36bd410ac739ca4fea18232d0732875578bd40566bffe0b2d8d0bf7246dc4d38"", ""9"": ""b72bd3c3ca5cdf85c0331ac430fcd1f473401d4a94c5b9da884d66094ca83071""}",11562d093192895987df676d9d94569b62d5b5c79a448dd00661cf5c8e65ff3c,1,0,1,0,1.9535325700758375,0.0,"{""0"": 0.75, ""1"": 0.75, ""2"": 0.75, ""3"": 0.75, ""4"": 0.11438986864253356, ""5"": 0.09250507612583535, ""6"": 0.10508527243152554, ""7"": 0.11502386843992901, ""8"": 0.09219215939018267, ""9"": 0.1145357549699938}","{""0"": 0.2063993712249555, ""1"": 0.2063993712249555, ""2"": 0.2063993712249555, ""3"": 0.2063993712249555, ""4"": 0.031479995949765575, ""5"": 0.025457319396652075, ""6"": 0.02891937887316003, ""7"": 0.031654472162484466, ""8"": 0.025371204973339438, ""9"": 0.03152014374477639}","[0, 1, 2, 3]",[],1,0,1,1,0.0,c82abd029dc2d30b2355994518da26a6efef604321c9cc11787a099023c82803,a074b83a00673d3bd176ba7e495c5dcaa9710869d6a8ee2f27d2c68bd7c35cc6,"[""proposal_created"", ""proposal_committed"", ""v1_challenge_sampled"", ""audit_rejected"", ""recovery_recomputed"", ""recovery_audited"", ""recovery_verified"", ""committed_once""]"
43,trust_v1,0,none,0,0,0,0,1,0,,79.42,0.0,0.1,180720083040106194080118199528987264896,64c7ac8e42be4282530573b505b85eae02f7c0c6b1937142911c8fddd6e8a900,1,"{""0"": ""1ca1dacb8f908a306e0a119d1ae85058546bd755e09038be12d90868d87b5f3c"", ""1"": ""881f529bdef7a0d68b9592e8039e6dd3c43a81db73d142e669ce3ceb1239d33b"", ""2"": ""cf88db253fe9289d441ec879f4cd3e085ad40a8569a874929271ab73fa1e64b3"", ""3"": ""6c2c854ecf845a7bdc6cf3815fcb43adf35bf789ee458a1e58816f8c17e1d36f"", ""4"": ""c3318ff73738e3a2af77c856f111aaac70d40899e07696c288acdc7b88676ae4"", ""5"": ""024e3664d3926b7f25007f9fd5c6cc5dae90e231c0523387a8aef489f4c57ca4"", ""6"": ""88a0a2e7ee99c555032beac85fa6867e452f131582822c9578529f5addd7fd29"", ""7"": ""46bf0962694e4fe92e982c7122e0523cbdd61d307f52ff0871f604b31e97c00e"", ""8"": ""7c6ed796dc8ffcd2a7d99776a5850cee569fa9343116d4f5d17824301c986509"", ""9"": ""c30ada56829f53472c18b3efe26ecc8b9c05e401d8fecb6a91b66d7adb0c00bd""}",,0,0,0,0,0.0,0.0,"{""0"": 0.027470100000000004, ""1"": 0.027470100000000004, ""2"": 0.027470100000000004, ""3"": 0.027470100000000004, ""4"": 0.15341955227436935, ""5"": 0.13101023781400006, ""6"": 0.17801006310141915, ""7"": 0.18099164190394018, ""8"": 0.06584289704331156, ""9"": 0.18084520786295963}","{""0"": 0.027470100000000004, ""1"": 0.027470100000000004, ""2"": 0.027470100000000004, ""3"": 0.027470100000000004, ""4"": 0.15341955227436935, ""5"": 0.13101023781400006, ""6"": 0.17801006310141915, ""7"": 0.18099164190394018, ""8"": 0.06584289704331156, ""9"": 0.18084520786295963}",[],[],1,0,0,0,0.0,a074b83a00673d3bd176ba7e495c5dcaa9710869d6a8ee2f27d2c68bd7c35cc6,aaea0480e76cfb70de1d23d49d419b626bcf1fd170ddfd5a0838775dd68adbbf,"[""proposal_created"", ""proposal_committed"", ""v1_challenge_sampled"", ""audit_accepted"", ""committed_once""]"
44,trust_v1,0,none,0,0,0,0,1,0,,80.83,0.0,0.1,48768455637317681711168946733065152263,270934f51b3627e344897cc97ae160695e558e2c3151c40b2f3bfc50dbd89c5a,1,"{""0"": ""d35abca7ce500e9a340295790f1ffc5d501b4c9d2abcc9e7af0f5483e6e655eb"", ""1"": ""95ebc09a2382c9910d36df77a79b5b9cf126e8e8dae862b93db64bc59b5d4cac"", ""2"": ""85e449c9767be20140ac9a58267bc90dc84cdc89d2f16700dd2a8750cab52380"", ""3"": ""404286494a136dc554e1c6baa23bb6e33cb164fa9fd90e598dd2e193a240555b"", ""4"": ""7c1cd6ca14b0a478223475d52af4ffc2e36130213603b544badcf0725616ddbe"", ""5"": ""aab543b47858e5ecd6c31dd9955334ed00f1285e920dbf741d9f6c6e1cf68b30"", ""6"": ""174541fbfc504ed1ae215efc9325cce4fc7f034efa7fd052ebd2dd1fc444cf98"", ""7"": ""3fb7d0e3518fcde3050ca0aa3dedd19130cbd5b0cf6af14f9e8417f58d8532ae"", ""8"": ""1545185637bc95cd1541e863fca9042f7f8af55783d96a28d0a86d0ffb16c1da"", ""9"": ""d6c234aaa91909f1526cca6bde956af554f23835eba79593fd3825c4434fa9c9""}",,0,0,0,0,0.0,0.0,"{""0"": 0.008241030000000005, ""1"": 0.008241030000000005, ""2"": 0.008241030000000005, ""3"": 0.008241030000000005, ""4"": 0.20091169088712157, ""5"": 0.05565714561414111, ""6"": 0.25105417872895525, ""7"": 0.17225285130004697, ""8"": 0.035255291312317784, ""9"": 0.2519047221574174}","{""0"": 0.008241030000000005, ""1"": 0.008241030000000005, ""2"": 0.008241030000000005, ""3"": 0.008241030000000005, ""4"": 0.20091169088712157, ""5"": 0.05565714561414111, ""6"": 0.25105417872895525, ""7"": 0.17225285130004697, ""8"": 0.035255291312317784, ""9"": 0.2519047221574174}",[],[],1,0,0,0,0.0,aaea0480e76cfb70de1d23d49d419b626bcf1fd170ddfd5a0838775dd68adbbf,e76ae3c6de012c9ea65437e61b671ced32b6e679c93529c6fcd34327718db31b,"[""proposal_created"", ""proposal_committed"", ""v1_challenge_sampled"", ""audit_accepted"", ""committed_once""]"
45,trust_v1,1,A2,0,1,0,0,0,1,V1,68.96,1.3134264595578393,0.1,284222578423195738440478948253410716693,e003335558d9b18f6616b0506882d755e174fb12db51d8217182384a7229f50c,1,"{""0"": ""8d4a0dcd62c094b4e7ac4d341631a79f9869ab53812879d25e245d284e031ceb"", ""1"": ""e06ec87f55f1e5595afb68990b4cc4e1b17571e76dc56c26607198057d1baa14"", ""2"": ""dcf61c3a86abcd8273185072d9db555cb958e8b47fba242058cd90dce309830a"", ""3"": ""f829fdd12fdcd5471d42f6b4ac0694d224a1a306e6aba10f7c81b8548aaf7cd4"", ""4"": ""37df40bb58f287ddf978ae59db362b14b79eedeaf5b7437446fe395121a7cd1f"", ""5"": ""78c7ca0c20b8dfffa0604a0e8e4c6f59f5f155138d8553bdc0df1d2e467f1b36"", ""6"": ""8a9a0fa5c09305bd18868d94a339cedd877c3749a5faa22da934968a406d3763"", ""7"": ""4198d38c99dad7797061decee177eeb9d9caa8c5e43da3ca323ac5dc98f29eed"", ""8"": ""7cc1c1bbf230010789fdbb84e2d1c9c8d8440adf9476b36be2c28ec1ae7a625f"", ""9"": ""f81dbfc9253066e506fb6a5a35953f07d96af39b842e2c3c38aac40b4457a60f""}",c646ac1613e297c82dcdaf8e684c35bf9c6f5fdb5d3a50ee2be88399ef9a5020,1,0,1,0,2.018051989640797,0.0,"{""0"": 0.002472309000000002, ""1"": 0.002472309000000002, ""2"": 0.002472309000000002, ""3"": 0.002472309000000002, ""4"": 0.06027350726613648, ""5"": 0.016697143684242337, ""6"": 0.07531625361868659, ""7"": 0.0516758553900141, ""8"": 0.7105765873936953, ""9"": 0.07557141664722522}","{""0"": 0.1262361545, ""1"": 0.1262361545, ""2"": 0.1262361545, ""3"": 0.1262361545, ""4"": 0.03013675363306824, ""5"": 0.008348571842121169, ""6"": 0.037658126809343294, ""7"": 0.02583792769500705, ""8"": 0.35528829369684767, ""9"": 0.03778570832361261}","[0, 1, 2, 3]",[],1,0,1,1,0.0,e76ae3c6de012c9ea65437e61b671ced32b6e679c93529c6fcd34327718db31b,e0798a185adc1c42a6316d4bac53e13b5cbf6a8176f7e2df45499d6907d78397,"[""proposal_created"", ""proposal_committed"", ""v1_challenge_sampled"", ""audit_rejected"", ""recovery_recomputed"", ""recovery_audited"", ""recovery_verified"", ""committed_once""]"
46,trust_v1,1,A2,0,1,0,0,0,1,V1,80.48,5.020788461784723,0.1,336668323009402866395199250765990134896,d63e47b629e0933f275a50bc605025c8a5e246295d03dc112c91da869b304c19,1,"{""0"": ""aac78aefcb94bbfbc4376328c522ae66f293e721163855c28a3b0c9f30ce2e82"", ""1"": ""49644ee00083b9fe07b7728f26039591e00413e87b2623eb35272907971983a0"", ""2"": ""759c23247313aed71f5daa9da0ff083559a87e8fb0bd26883cedc0021b67ad45"", ""3"": ""81f841b42d41fc09efb79a30a7199ef270768f028dfd2ed01bd3a90cd01d2b44"", ""4"": ""0b39b98e1794506560d884fd177b97d80c61a999ead05559f6f772c3e69f572f"", ""5"": ""b6eb063a44968df1f325cc3fa692fb9213fdf283dcc00003d790888c1aa2fca4"", ""6"": ""f574e28264a6d04cc5f0b018de2270b80f659d3d4d11d093620ca04d050d1d2b"", ""7"": ""28b09e4bf9c2d7a312b0380af65d5e3154164df0f2d0a133a185887219ab67e2"", ""8"": ""486cbaa35937ebfde96126db5a8aa2621677bb87a3f41a516f111f51d5f49233"", ""9"": ""bed6da43f6c0b96a366556106fc2d4508ffd51210c1f99db7684760b7f9c0835""}",93fba8ad553f37d473ef71c40696812196b9494f48f97007111adfc2149aa6b3,1,0,1,0,2.584442043291728,0.0,"{""0"": 0.0007416927000000008, ""1"": 0.0007416927000000008, ""2"": 0.0007416927000000008, ""3"": 0.0007416927000000008, ""4"": 0.11725309247167556, ""5"": 0.16336868634012075, ""6"": 0.18095441932045403, ""7"": 0.17386229985185228, ""8"": 0.21317297621810866, ""9"": 0.14842175499778887}","{""0"": 0.12537084635, ""1"": 0.12537084635, ""2"": 0.12537084635, ""3"": 0.12537084635, ""4"": 0.05862654623583778, ""5"": 0.08168434317006038, ""6"": 0.09047720966022701, ""7"": 0.08693114992592614, ""8"": 0.10658648810905433, ""9"": 0.07421087749889443}","[0, 1, 2, 3]",[],1,0,1,1,0.0,e0798a185adc1c42a6316d4bac53e13b5cbf6a8176f7e2df45499d6907d78397,3618151577d06db877c92fc1168641f5695f63f9e50c6c13c1f1c01b87340db5,"[""proposal_created"", ""proposal_committed"", ""v1_challenge_sampled"", ""audit_rejected"", ""recovery_recomputed"", ""recovery_audited"", ""recovery_verified"", ""committed_once""]"
47,trust_v1,1,A1,1,0,0,0,0,1,V1,78.51,0.0,0.1,187842646506617960431145262418054661361,7ca6720f6b36d76b1b8fc4e642e7cc1f747f2be00fdd4acd425498599bef0e6c,1,"{""0"": ""232dc82656c9393e43c2ece7dafa3c4f3b0b2fc8a390edd58659484a7d50eadb"", ""1"": ""7221c7128605f7751c949942a01f3f5431bd07fcc8c0d043f2c89502c9ea414c"", ""2"": ""a2984a54ac6ff32fbc29d2a090297c6daacc8453c677be5508f38e915e9d492c"", ""3"": ""0266d52589626c203aae8b90ab7ea83c3c8febf4def9d86dce3d916f326e7a35"", ""4"": ""222f49d64f69c441a4d493d4e02eba815a29e0dcd18df24a8be9c8687e77cb0b"", ""5"": ""3ffa5983707537290f51061f3a355d977570470f34c5f44a112a27e6367a17ff"", ""6"": ""4e12c27d5b753a86703f65c10ad830fa2105161290b6dc7b1e44faa2304cd69a"", ""7"": ""a6827213088911f8d6dd283a7aa6ea9a32c6e621ff835736c22511771c0c0ad2"", ""8"": ""15f2bc59fcb795bf2dbb8cb7086f2319d041cf4c03befb56ac76cefc36f56cf1"", ""9"": ""dae3433d801512bdac8f0107ea44d0f47dcca107c56ba81f2eb4d068d58a4e3d""}",a5c8ad76d11138189ecc971238f6e5600a31a5f67e167d4a3194a2db9d3b2252,1,0,1,0,1.9148991535751025,0.0,"{""0"": 0.75, ""1"": 0.75, ""2"": 0.75, ""3"": 0.75, ""4"": 0.10517592774150268, ""5"": 0.11901060590203624, ""6"": 0.12428632579613622, ""7"": 0.1221586899555557, ""8"": 0.13395189286543263, ""9"": 0.11452652649933667}","{""0"": 0.2016611518077966, ""1"": 0.2016611518077966, ""2"": 0.2016611518077966, ""3"": 0.2016611518077966, ""4"": 0.02827986497440669, ""5"": 0.03199975448473118, ""6"": 0.03341829815201052, ""7"": 0.032846216159691834, ""8"": 0.03601719066943695, ""9"": 0.030794068328536494}","[0, 1, 2, 3]",[],1,0,1,1,0.0,3618151577d06db877c92fc1168641f5695f63f9e50c6c13c1f1c01b87340db5,6a78b294cfb53c3701f98ab4a1fe432e508324d2e04df7cf25d460b5b01ba06e,"[""proposal_created"", ""proposal_committed"", ""v1_challenge_sampled"", ""audit_rejected"", ""recovery_recomputed"", ""recovery_audited"", ""recovery_verified"", ""committed_once""]"
48,trust_v1,1,A1,1,0,0,0,0,1,V1,79.39,0.0,0.1,58518807987560240270907848577049157668,7d9248e3f142225647e749dd69ce7aad75269c7cb64b8b7a557f2ba2e046b73d,1,"{""0"": ""a587e6517725ee92b3a5456281d58bb15d344cb9b21565954b1e3d32f4ba4587"", ""1"": ""52fd9b0257b2f87d4ae955f86c6e0eacac896f2387191d978a3c91c1d9c1918c"", ""2"": ""5173ef058d61e25e57c0396794e769649b483f736d2483525bb57d7ef6f2142a"", ""3"": ""b6f4c681a29f2421617daf1f7f3fcb53ffc48620cbbbc91cde5cb32bb92a1314"", ""4"": ""b87098cb8adb9c05d27a1183de36813493bee2e8e40700c24ac32f608a5701bb"", ""5"": ""85f18972507d6e8636ff672963f781bc77688c628da2840a468931e4c6b4234d"", ""6"": ""dc0f3fa5b9e2cb816b990ab49a9c4b00b8739649f823b6421ca87bcd3e13293e"", ""7"": ""2a21e65e01274e62bf9c26d66d85fe235ebe732881efc4c53e9169b35a32ef26"", ""8"": ""1d149c4d0e22291a4ffd8059bbb0430d6aaae65a4699eae3840a887d95171f27"", ""9"": ""a4acee66506c433bbc3f297495a0b356784f88d6a7c906f2770d00180f2e15aa""}",ddc8bc1d375c1ecc43d5714545d2f1ed69d97277fe216c4e798f211b5c3882de,1,0,1,0,2.9760229862982563,0.0,"{""0"": 0.75, ""1"": 0.75, ""2"": 0.75, ""3"": 0.75, ""4"": 0.38155277832245077, ""5"": 0.03570318177061088, ""6"": 0.38728589773884087, ""7"": 0.03664760698666672, ""8"": 0.040185567859629796, ""9"": 0.03435795794980101}","{""0"": 0.19153502084924237, ""1"": 0.19153502084924237, ""2"": 0.19153502084924237, ""3"": 0.19153502084924237, ""4"": 0.09744095913476927, ""5"": 0.009117879553090994, ""6"": 0.0989050833307019, ""7"": 0.0093590668910214, ""8"": 0.010262591437110448, ""9"": 0.008774336256336704}","[0, 1, 2, 3]",[],1,0,1,1,0.0,6a78b294cfb53c3701f98ab4a1fe432e508324d2e04df7cf25d460b5b01ba06e,7b10275ca4849cd6c036a7e0ce7e9ea5eaaaf28adfd09a82fa900d22740da093,"[""proposal_created"", ""proposal_committed"", ""v1_challenge_sampled"", ""audit_rejected"", ""recovery_recomputed"", ""recovery_audited"", ""recovery_verified"", ""committed_once""]"
49,trust_v1,0,none,0,0,0,0,1,0,,78.79,0.0,0.1,30227498556492442550674251594208623489,e11095556499138314f70b6c11cd39a04c35c9f4b4130edf17295a72a41f5163,1,"{""0"": ""7cc64425b61a18accd2c193272ab3bc0098209de25e0c5f939fec61cb14b2c45"", ""1"": ""21044b4857c13fdbea36ec750aaf0fbde18eae166b9d016608127bd78bd57740"", ""2"": ""586c0aa35b618f03d757de84b5abc98b4695322d336049a15c17c49648600835"", ""3"": ""d05e1b463ca346d0e6ca27a277038ff166fa47e5cf2ebd19e78028abdad2104e"", ""4"": ""170f0ae845e546871021eb5d48cb9ca64f2a5fb5df09b895e7b282651e64e784"", ""5"": ""f8e40a0c228760e1fb6737a3054c098fe696815456693173e78d16284ea178b6"", ""6"": ""780cbe3e45d2572fc03de7de5aacc733c075e4ac2cd053466393df44f433b53f"", ""7"": ""fa7de82e5a2a68850ff7f191b4da8cbdb904d3ec8d1e8f12d040e03cb5d003a2"", ""8"": ""027cfad28f1ac193579adfb4372125edfc00a0c3c51e64e024bec6afd081cdda"", ""9"": ""dadb1890d4f167dca1d32feb40b2390fc208c44283d85e553b92192edf1a6e98""}",,0,0,0,0,0.0,0.0,"{""0"": 0.006320025702900003, ""1"": 0.006320025702900003, ""2"": 0.006320025702900003, ""3"": 0.006320025702900003, ""4"": 0.11446583349673527, ""5"": 0.1736290521448389, ""6"": 0.1161857693216523, ""7"": 0.24778527799119598, ""8"": 0.1460464739441391, ""9"": 0.1766074902898385}","{""0"": 0.006320025702900003, ""1"": 0.006320025702900003, ""2"": 0.006320025702900003, ""3"": 0.006320025702900003, ""4"": 0.11446583349673527, ""5"": 0.1736290521448389, ""6"": 0.1161857693216523, ""7"": 0.24778527799119598, ""8"": 0.1460464739441391, ""9"": 0.1766074902898385}",[],[],1,0,0,0,0.0,7b10275ca4849cd6c036a7e0ce7e9ea5eaaaf28adfd09a82fa900d22740da093,6ec99316d3f35bd3a00131cf2dbff37e4145673f4889b348623a88861a636023,"[""proposal_created"", ""proposal_committed"", ""v1_challenge_sampled"", ""audit_accepted"", ""committed_once""]"
50,trust_v1,0,none,0,0,0,0,1,0,,78.1,0.0,0.1,88034132818000739890565699944302541210,1eafdc0ed35d1c5df10869a936c5b4d700593c50ea6c848613aa09428c8cd959,1,"{""0"": ""7fc225da2c7956e4083c481f3456ddf79036daf4a920f01e677ec55e499de573"", ""1"": ""cd4a13e5889fa59e2043ab58bed8d4e9c67b922dbe051890db5c1d719d721bf9"", ""2"": ""121d152d3231b1a169927250d0d69a3965a85742627acc4533fa56a1b9d6600d"", ""3"": ""03c62acd9d81251dcfc0ae6445ec0aa7a24ba7989983fff2dd3d3c6de9ca0e59"", ""4"": ""3a86e057b944ad066bdf9deaaf9c027d465b52f9b60547644d1d4aab81359f2d"", ""5"": ""fb94f28f196b37b75258bcc5b182b714399bde65df902f187f1aed61862ef9af"", ""6"": ""b0cebab41b1e0e5e2d8d30f2f765fab02da6079fa389c3882627ee7737edeea6"", ""7"": ""d21b91652ada278357719bea8aa7d48dc3bdd4c7d0d767198ce6969f6795ce26"", ""8"": ""eaebe59da0b2629f379353ffc088718cd74ee7d3418bd3f2c93c7c7a70370bba"", ""9"": ""dda22ab70bdaadb59d7134b22ff470eca9f63b7b4b7a5b856e1ca551a2923df5""}",,0,0,0,0,0.0,0.0,"{""0"": 0.07189600771087, ""1"": 0.07189600771087, ""2"": 0.07189600771087, ""3"": 0.07189600771087, ""4"": 0.10433975004902057, ""5"": 0.12208871564345165, ""6"": 0.10485573079649568, ""7"": 0.14433558339735877, ""8"": 0.11381394218324173, ""9"": 0.12298224708695153}","{""0"": 0.07189600771087, ""1"": 0.07189600771087, ""2"": 0.07189600771087, ""3"": 0.07189600771087, ""4"": 0.10433975004902057, ""5"": 0.12208871564345165, ""6"": 0.10485573079649568, ""7"": 0.14433558339735877, ""8"": 0.11381394218324173, ""9"": 0.12298224708695153}",[],[],1,0,0,0,0.0,6ec99316d3f35bd3a00131cf2dbff37e4145673f4889b348623a88861a636023,507b828e418d8e86236058b5aa563a6c72afefdbdbe605b7d327d413920e415d,"[""proposal_created"", ""proposal_committed"", ""v1_challenge_sampled"", ""audit_accepted"", ""committed_once""]"
1,trust_v2,0,none,0,0,0,0,1,0,,25.66,,0.1,,2d93a5f09181f0799243dc7f88b8766dbc6b1ba74cca2ec8f4bd99e3ec0d1a1c,1,"{""0"": ""88c9a4cd8bf3d6798154e601edcc72c5e749461c33b096e39240c5dea9ef8ae8"", ""1"": ""4dd02dcdd4b9e3a19b47bd06f80115c2c85363d17761bef9622c46640ea56754"", ""2"": ""369474dff814322f44db1623afadf10aa6114eff3b640ccef6891a4afe884236"", ""3"": ""db39e8ec85e8e25c5363f2c995a5dc8e6cf326caa9e90c4826778e5b0f51e01e"", ""4"": ""9b831094ee7ecf1597d18b3b653fd897c6f1c0687f9d9943468e1a4d4cb7f3da"", ""5"": ""aa609fbeaefbe040aa365563853c2db608c8ba0aa9d659acbeefec994c74dac4"", ""6"": ""19a47851ddfa14323ebe260183d661b67db4bfaed6417b7b9bb5b5962e9c7aec"", ""7"": ""21910a7db15bcd366abdd65674e4476364171af03621eb5d54741add1d343b85"", ""8"": ""c72347dbd032a74fdee6d9c11c7cac9eaeb61e096fd7e5e3e87f8ddcb9358abe"", ""9"": ""e10702ccb523218d073c1cadbc3837c4a3945467ed81cd91b617190cbf72f0df""}",,0,0,0,0,0.0,0.0,"{""0"": 0.06143630637432799, ""1"": 0.10093468071242997, ""2"": 0.0721160938374181, ""3"": 0.1266604133083979, ""4"": 0.13887871318442496, ""5"": 0.10214212636178466, ""6"": 0.09844064799422034, ""7"": 0.14811547849966059, ""8"": 0.1085788126701249, ""9"": 0.04269672705721061}","{""0"": 0.06143630637432799, ""1"": 0.10093468071242997, ""2"": 0.0721160938374181, ""3"": 0.1266604133083979, ""4"": 0.13887871318442496, ""5"": 0.10214212636178466, ""6"": 0.09844064799422034, ""7"": 0.14811547849966059, ""8"": 0.1085788126701249, ""9"": 0.04269672705721061}",[],[],1,0,0,0,0.0,f4ac57617d504e7ba7a633664431ae25cb1f93bbf9ff9678710d7e1c7991f31f,d5fab6edcc69a54c965526e13d74f4a6b7fb52e37fa2398bf91df68f8af29e5e,"[""proposal_created"", ""proposal_committed"", ""audit_accepted"", ""committed_once""]"
2,trust_v2,1,A2,0,0,0,1,0,1,V2,50.24,,0.1,,268116a0b6bb4c8fb28e8c1761f0318e95178d815c950686dba3212a215f04d6,1,"{""0"": ""ab60c0e17cb80cdd1c2061198870a59e9dd842c2fb458459ce7f0c8794116871"", ""1"": ""5caec3deb4dad06fa3df0b28c6691040405481be5eb3ee74e6974de552685488"", ""2"": ""cd175dc47f9f97cf19093c9c47f937100bb91a431307fe90ed0d3658c60a8de8"", ""3"": ""8ab3d5e74d16a385cfa4e2f3e326b356758792999b8cfb50b7a01be02eae12e9"", ""4"": ""5a286afcd9bf0fd6bcaef05a01692109783d86187891cf9e41d62e80a13c5ba0"", ""5"": ""a79f5ce83ea7934a42433f5973b07cab5112cb8420da6454b95650b7b52414b8"", ""6"": ""1f29ed53224e4a431ec62ef3d5793c3a5a4dca6f92355ac7804ec12fc70c3c37"", ""7"": ""90ab3aa61db968eda5bfaf16763057b60953d1f566e62777c4abd1cadc6a0907"", ""8"": ""51a1f9d7adb8b8eded6d811731d0c92372f7da28487522de8a57a38f275e6aa5"", ""9"": ""cf997b1a14d226336b9135809d08b7381e80388cf47ea5293aebd4f5619d5ad3""}",7b1e429214d499200b5ef82d36b99b45ffcef74cea64528dc8f4ce9e6f5a1eff,0,1,1,0,0.7069823262940271,0.0,"{""0"": 0.019422365633221503, ""1"": 0.03447380375858201, ""2"": 0.021883322707415557, ""3"": 0.050784881063334675, ""4"": 0.19034066924862467, ""5"": 0.05548688511979412, ""6"": 0.17820924969156327, ""7"": 0.19311169884319535, ""8"": 0.18125069909433464, ""9"": 0.0750364248399341}","{""0"": 0.1347111828166108, ""1"": 0.14223690187929103, ""2"": 0.1359416613537078, ""3"": 0.15039244053166737, ""4"": 0.09517033462431235, ""5"": 0.027743442559897063, ""6"": 0.08910462484578165, ""7"": 0.09655584942159769, ""8"": 0.09062534954716733, ""9"": 0.037518212419967056}","[0, 1, 2, 3]",[],1,0,1,1,0.0,d5fab6edcc69a54c965526e13d74f4a6b7fb52e37fa2398bf91df68f8af29e5e,9850c301979a6e985165a50af0829dc0b1b5ba7bc628db7d1daa9d06ceacefc9,"[""proposal_created"", ""proposal_committed"", ""audit_rejected"", ""recovery_recomputed"", ""recovery_audited"", ""recovery_verified"", ""committed_once""]"
3,trust_v2,0,none,0,0,0,0,1,0,,53.65,,0.1,,936d891ae5fc1eaa23bac95de366c3f5bb10dbfa79c579c2f79133c08cd328b9,1,"{""0"": ""f533de16f0a68c67889b2e7201fb3c84e7a82b1015b5089d3132ead17d92e9fc"", ""1"": ""6ec9b50864a8aa5547da235f4f63c23ab40c3f7f33703e82dd08c5c7b4fd83bb"", ""2"": ""59ce6d0a2b86e9b139d27a82660007815aab547a68dd57ed6a4d57e80785ce5c"", ""3"": ""706827af18694cb504d36cc444ddb5dbb7aefcbec189950fc32e3cccff706685"", ""4"": ""35c91bdf0ed55e2c71674bc1ab39229bb6bd114e68f2bc1d1d1edcf48689050c"", ""5"": ""a61eb8b982d4740fde667e3dc4bd448a26e7adc260190e4fbe616acc8bcaccf9"", ""6"": ""974691564f0f2d7a8f7d2fa51fb4dd4dd75ad4ddfef5799821ad23616365673a"", ""7"": ""6bae7cec9118ac6df87a876834707d80ba50c5688c954bc15c61c849eb833dac"", ""8"": ""3a9a137459f149d863322848f0fb94e9fdfb9268e5921a8ad3103847cf671d09"", ""9"": ""7eabb5eed5647875ded65f8faed348f2d142d6b22bc4ecfbcdc4db6fe1cfad78""}",,0,0,0,0,0.0,0.0,"{""0"": 0.005826709689966452, ""1"": 0.010342141127574603, ""2"": 0.006564996812224668, ""3"": 0.015235464319000405, ""4"": 0.21385508535777165, ""5"": 0.060025775806371195, ""6"": 0.2102156594906532, ""7"": 0.21468639423614283, ""8"": 0.12605067471151915, ""9"": 0.13719709844877584}","{""0"": 0.005826709689966452, ""1"": 0.010342141127574603, ""2"": 0.006564996812224668, ""3"": 0.015235464319000405, ""4"": 0.21385508535777165, ""5"": 0.060025775806371195, ""6"": 0.2102156594906532, ""7"": 0.21468639423614283, ""8"": 0.12605067471151915, ""9"": 0.13719709844877584}",[],[],1,0,0,0,0.0,9850c301979a6e985165a50af0829dc0b1b5ba7bc628db7d1daa9d06ceacefc9,1c7508e4ee4b921537e8cbf30372eaa2a6e6d17b2082b1128cef5a6f78577240,"[""proposal_created"", ""proposal_committed"", ""audit_accepted"", ""committed_once""]"
4,trust_v2,0,none,0,0,0,0,1,0,,57.06,,0.1,,eea77db0baed9b4e8f718c7944fc6bbeee40ad51b4e48cf6f70f6a083c846282,1,"{""0"": ""af4fa747ad686b11ee6436b7edfb3d2734e395238cb7bba068a0a11e0c90b37a"", ""1"": ""2b408fdf7983eba715ab9ef83c920c5799596f9903811c5199e21592196a8d6c"", ""2"": ""8e7fbe652a1b46b61413b14b9655e982da904ac346bfa9d7553d8ef3b35ec836"", ""3"": ""4a8552a9a961e2adc5615d88b01bc13f9aa9a794b0983701199db8f87353b5e2"", ""4"": ""fc42240897661a6adba8d3b6e449204ae52938d609eb40dd67b8379feadd3f5a"", ""5"": ""dc98ac4521fe15bf79b8effb968a402bc2d0f9a8ac5429a88fe4d8b7a01a6356"", ""6"": ""e58fffba125ddb6d327d1663bd42e24282128cbedd0f5e356ca539717aed1de3"", ""7"": ""b4da8ff7d3d3861185031197b76723d24ada0a028d08d6ef0748a99fcd9e05da"", ""8"": ""418a90b7ac475ff620996c6322871b7b3d96df533e0f93ebf14d9dc4e3ae97dc"", ""9"": ""556251739ed285cdab7e5229f6d6a19e86a13f70568df174089fb53a8551c00f""}",,0,0,0,0,0.0,0.0,"{""0"": 0.001748012906989936, ""1"": 0.003102642338272381, ""2"": 0.0019694990436674004, ""3"": 0.004570639295700122, ""4"": 0.23802563259513804, ""5"": 0.02160820809417868, ""6"": 0.23693380483500254, ""7"": 0.2382750252586494, ""8"": 0.038738299109962175, ""9"": 0.2150282365224393}","{""0"": 0.001748012906989936, ""1"": 0.003102642338272381, ""2"": 0.0019694990436674004, ""3"": 0.004570639295700122, ""4"": 0.23802563259513804, ""5"": 0.02160820809417868, ""6"": 0.23693380483500254, ""7"": 0.2382750252586494, ""8"": 0.038738299109962175, ""9"": 0.2150282365224393}",[],[],1,0,0,0,0.0,1c7508e4ee4b921537e8cbf30372eaa2a6e6d17b2082b1128cef5a6f78577240,5aeb9507dc1e388256937fa65b999cf0465468e12003b23ae8805dce7fcc3b3e,"[""proposal_created"", ""proposal_committed"", ""audit_accepted"", ""committed_once""]"
5,trust_v2,1,A1,0,0,1,0,0,1,V2,63.1,,0.1,,28ca6e9e60a16d91064d6c52d9dacc80df1b7c88ecf687ae584ef58461cad9f1,1,"{""0"": ""0eeecc142ad3c6f08e48fdef83447fd484dec134843511dc5524e41f44a22bd5"", ""1"": ""063268334d4836910b8fdf710f9a17b339b3a6fe10e9d3666da020a598466df7"", ""2"": ""5dc61cd83892ad33055a376ea0bcf5101ea21dd85acb6242b64d877709abd185"", ""3"": ""b719db7e8aa108f4e34c5131d8300d6b5598a712dc60f8cf085cae5626d2d71c"", ""4"": ""37c3fd842e1faf438a32a842895d4d071b9dcf6f81698c1fb6cb133a7a7eb6a9"", ""5"": ""683ac19ea3050a639b912e0b32eaaac2e6d345f3b83bbd869cae24840fec7a8e"", ""6"": ""24b2e6ac5a3687c79a3f761ba5e977875b8fc5748cabbbdefe0c02db836e201c"", ""7"": ""d10143cf35343317a776fe3200618ac420c9e6d8e129242ea3883d68b15ca737"", ""8"": ""383c4b8267b72c51e87b291109dcaa777915ff10e2efc6f36683387450d4a006"", ""9"": ""b52b802d16514310bd8493e3df0b91609edd53426957aa463e2cc60791cccfd0""}",24c4a785ec7b6972f3f12b0e3ad937ae4c08964ed891aca8adea7f73d5d03fa2,0,1,1,0,2.3843125307414677,0.0,"{""0"": 0.75, ""1"": 0.75, ""2"": 0.75, ""3"": 0.75, ""4"": 0.16170561911287124, ""5"": 0.00862149600362106, ""6"": 0.3003612217945018, ""7"": 0.3007635879215959, ""8"": 0.014518407906090552, ""9"": 0.21061242918593043}","{""0"": 0.18766031999768393, ""1"": 0.18766031999768393, ""2"": 0.18766031999768393, ""3"": 0.18766031999768393, ""4"": 0.040460970970860016, ""5"": 0.002157216931864375, ""6"": 0.07515451066246871, ""7"": 0.07525518820402431, ""8"": 0.00363270543135181, ""9"": 0.052698127808695004}","[0, 1, 2, 3]",[],1,0,1,1,0.0,5aeb9507dc1e388256937fa65b999cf0465468e12003b23ae8805dce7fcc3b3e,7b9ac1a4ebc1ed0ba66552b63a1d11fdfbfa391f85304079dfd97c3521c0b74c,"[""proposal_created"", ""proposal_committed"", ""audit_rejected"", ""recovery_recomputed"", ""recovery_audited"", ""recovery_verified"", ""committed_once""]"
6,trust_v2,1,A2,0,0,0,1,0,1,V2,63.38,,0.1,,c7dbf8f9947821359e33183b37c8a1443b2bc2cc0a4e41d349e1325d4276bb19,1,"{""0"": ""7bb80cc1134c4871b5b8e59324cdb1f2a1b66f5f4cd46bb780952c6691de21b5"", ""1"": ""6d2d8214b855cbf42e6d3d7d77b064a1293ba5c3bc991039fabc7e7c7689df67"", ""2"": ""7f86f455c291daead895825a0c51ee3f7d4c1413f02186a4101e60686db85d5b"", ""3"": ""20414c7b0e1b7c81481e8181379db313f4ea178c007edc1eed3a448fc05a787b"", ""4"": ""3cdea5127256f23b101324532967cc0ed4c0943008576941e2c5210336246da3"", ""5"": ""24599f01309821f5aa89ef58bf7134e386e352636b13d577773ad1304bc9a385"", ""6"": ""f4e546d93aa07c7f78b5c9dd15a85e44046b7cb38fe38fd2077a65d82e47d51a"", ""7"": ""183c5faf5550b291769163ae2029a6c133b07a9d07611f7e31d90e16608ce30d"", ""8"": ""b6cb9e30a015e6dc3a672c228339fab5a64c436e67e7adc1b3eda2c6eae1df10"", ""9"": ""fdb107373905c4f2cd2e5998559d8b5252f4f97d8ca00d17f76bfa3031adb0b7""}",a4576060d0f1b1902b355ebea55932d0f442d61e98d5755e40aeb197229f18cd,0,1,1,0,1.5884697963223398,0.0,"{""0"": 0.00015732116162909426, ""1"": 0.00027923781044451434, ""2"": 0.00017725491393006605, ""3"": 0.0004113575366130111, ""4"": 0.19062648063680793, ""5"": 0.0034017853288189097, ""6"": 0.42547763009764483, ""7"": 0.24579469404777476, ""8"": 0.015865168217485546, ""9"": 0.11780907024885134}","{""0"": 0.12507866058081454, ""1"": 0.12513961890522227, ""2"": 0.12508862745696503, ""3"": 0.12520567876830652, ""4"": 0.09531324031840396, ""5"": 0.0017008926644094548, ""6"": 0.21273881504882242, ""7"": 0.12289734702388738, ""8"": 0.007932584108742773, ""9"": 0.05890453512442567}","[0, 1, 2, 3]",[],1,0,1,1,0.0,7b9ac1a4ebc1ed0ba66552b63a1d11fdfbfa391f85304079dfd97c3521c0b74c,92c4a9c0ae9cd8a96a4ebadd568f322911dba56385f660934249b71ad796efef,"[""proposal_created"", ""proposal_committed"", ""audit_rejected"", ""recovery_recomputed"", ""recovery_audited"", ""recovery_verified"", ""committed_once""]"
7,trust_v2,0,none,0,0,0,0,1,0,,67.87,,0.1,,5d746921eff4b85b4a3fa23b98cc843211addb2b20fe9ca1c5f37f2e7cd2e48d,1,"{""0"": ""8fcfce8201c3c3c90d3ffaa726c22f73a11dfb9a7290e909538d74196fe22c08"", ""1"": ""59e8ab406576a5ac7fcb273e26783fed488b51276e2493ecf701057c79e70051"", ""2"": ""e53f5c3a3a365512b3433e8b1b364465dd12b60b5da6e168fdf8912872bfb1c2"", ""3"": ""2d2436103d5cf6e4c3e5cf9a41c6a82a801e48df2330fb4e9efe63699f65dcec"", ""4"": ""05effd617c54f733039e0539cbd6aab3a7fe2a250d343fae4918c1ee9ba446a6"", ""5"": ""fe2645119a6c2b531217086d9d22d2e4a8e81c4e901b321fe66c5cf6faf8bbec"", ""6"": ""d7065ded1e0269465bc7fb73011ffb5cbb4ba8ff3d1456c1d85f7ce758e09c84"", ""7"": ""d463deb8aa60cbca42e71c0613b21b7669a52e01f55b0e4082aa4c7e1d5bf3a8"", ""8"": ""ca2e7dff057fb83d5acb5e83f6cafb50c78aeb6e906100df5f59546c07a74435"", ""9"": ""6a4f0522b5915914912474105284c37f62cfec3901cff4d233c896cba0dd75dd""}",,0,0,0,0,0.0,0.0,"{""0"": 4.7196348488728285e-05, ""1"": 8.377134313335431e-05, ""2"": 5.317647417901982e-05, ""3"": 0.00012340726098390335, ""4"": 0.35687477458087624, ""5"": 0.0016642386913518854, ""6"": 0.42733011941912735, ""7"": 0.12532529313113247, ""8"": 0.015367429076110965, ""9"": 0.07313059367461602}","{""0"": 4.7196348488728285e-05, ""1"": 8.377134313335431e-05, ""2"": 5.317647417901982e-05, ""3"": 0.00012340726098390335, ""4"": 0.35687477458087624, ""5"": 0.0016642386913518854, ""6"": 0.42733011941912735, ""7"": 0.12532529313113247, ""8"": 0.015367429076110965, ""9"": 0.07313059367461602}",[],[],1,0,0,0,0.0,92c4a9c0ae9cd8a96a4ebadd568f322911dba56385f660934249b71ad796efef,27e861993509a2cc5d412fa34d869e37b37f33a64a8d30e8960dc3bdaf2ed273,"[""proposal_created"", ""proposal_committed"", ""audit_accepted"", ""committed_once""]"
8,trust_v2,1,A1,0,0,1,0,0,1,V2,66.05,,0.1,,eec1a7243f06e97dbc5b7dcf7c9c8ba5ef15239152e798a6ff1fec164380b174,1,"{""0"": ""e2a35bc145fb147ac4bbcf69d3ec76454971834c7a0134630dd39eb249704f8e"", ""1"": ""896921510936cc70d3e77b378e8bec9ff41a9658939fa1926f69c6665885b237"", ""2"": ""6c98a6451124649741e86bee11ad14f12043d1b48176f1c7213fc130e8ba47be"", ""3"": ""335f8306d41cd1877cade860ce294e0b662558a2010a062d8eb96b6bf9d62dfe"", ""4"": ""101715aaebaa130d31d9f10575edcd117f4a6408ce05be3dc63c065d3266e210"", ""5"": ""5e1c65a7ce22a0ce691f9f6fac036d5283ca596823812c8002965077a61697b4"", ""6"": ""9ac7a0e084c495885ecdd96af65d45b2eb1baf354f502492d6db572ecbe2417a"", ""7"": ""393181b602ff624ad431744f2f4839c7a4ee02eb750f2c98fe30d57af89092e2"", ""8"": ""d5698b9cab2c06776e1560174e8b8a2b141c248cbb37f72f09cca836da8385dc"", ""9"": ""ced5c600074ca6761e456212ab969ed2b4bea85de2585209544da21bb5878b7d""}",a1a3c8b42af2fc8a84b2a35da95907acea23dadd0fb452fc6355248004d908a0,0,1,1,0,2.474707239197097,0.0,"{""0"": 0.75, ""1"": 0.75, ""2"": 0.75, ""3"": 0.75, ""4"": 0.21619111840766903, ""5"": 0.0012944323184410442, ""6"": 0.6612333524298629, ""7"": 0.065499090922117, ""8"": 0.03130417087250831, ""9"": 0.02438556962136615}","{""0"": 0.18750432504170214, ""1"": 0.18750432504170214, ""2"": 0.18750432504170214, ""3"": 0.18750432504170214, ""4"": 0.05404902631605425, ""5"": 0.0003236155442419382, ""6"": 0.16531215125656454, ""7"": 0.016375150445595506, ""8"": 0.007826223240586376, ""9"": 0.006096533030148928}","[0, 1, 2, 3]",[],1,0,1,1,0.0,27e861993509a2cc5d412fa34d869e37b37f33a64a8d30e8960dc3bdaf2ed273,113bc3be7ba28fa128f744d5570445db1872eb1bcad673bca2bf9d17eec92dbe,"[""proposal_created"", ""proposal_committed"", ""audit_rejected"", ""recovery_recomputed"", ""recovery_audited"", ""recovery_verified"", ""committed_once""]"
9,trust_v2,1,A1,0,0,1,0,0,1,V2,65.32,,0.1,,da508c25c205cdb4bbd5e165768a3562cb53abe636c03e4a0bb835d87a2d05df,1,"{""0"": ""5b273cab493c9e794b58a42fed47520fcbeeabd32781babe5e3c9c876ccd3eb4"", ""1"": ""55d04f1c7dc869524e6139ed1bd4e01078881e0a939917c85c31d91dbe94cee4"", ""2"": ""6b44c5410b3d281fd1111b07d46bd9ec1dae0ac8d840572af1dc8a575c766d7b"", ""3"": ""bcc91e830d1d6997af9384c895637e4676c2c1e6744591d99437df17975fd557"", ""4"": ""4a983335675c9bf3a101b8071da02f01c082567453addf4646b4bc90a18819f4"", ""5"": ""37718106b982e122264310962311175d4a0fb544bc0a4e64284dc8db08b5a665"", ""6"": ""bf5a177086daef8d691cfd2e6997cac4a7c6d80257165f108a19afc8ed294de3"", ""7"": ""abbc34a6c34717f286297033f5b4b34bdf1d3b21e5d0f49734061bc54ec955cf"", ""8"": ""67dcf7bc0fd74fddd7c3f8b27f0cb164dd2acde83a1dc8e4075e270e2a368223"", ""9"": ""b0070dac163275c0df3edd3bb09bba3629f937c404a2774e476a62e292d9ddbb""}",48ec29de3f08c1253c5797fae37a38b89fa52ae7e3c92149fd167b129d5b04b7,0,1,1,0,2.714868734298035,0.0,"{""0"": 0.75, ""1"": 0.75, ""2"": 0.75, ""3"": 0.75, ""4"": 0.10935022684918949, ""5"": 0.0007325741585034165, ""6"": 0.7827108602048659, ""7"": 0.042091744567165065, ""8"": 0.03568349771505618, ""9"": 0.029403416876809356}","{""0"": 0.1875012974915603, ""1"": 0.1875012974915603, ""2"": 0.1875012974915603, ""3"": 0.1875012974915603, ""4"": 0.027337745886959308, ""5"": 0.00018314480697090472, ""6"": 0.19567906913219682, ""7"": 0.010523008960035711, ""8"": 0.008920936160813549, ""9"": 0.0073509050867826605}","[0, 1, 2, 3]",[],1,0,1,1,0.0,113bc3be7ba28fa128f744d5570445db1872eb1bcad673bca2bf9d17eec92dbe,8e8d0cf187761e429ccb723bc96dc348cda0ba7ef3f3fa334285246ad41f2208,"[""proposal_created"", ""proposal_committed"", ""audit_rejected"", ""recovery_recomputed"", ""recovery_audited"", ""recovery_verified"", ""committed_once""]"
10,trust_v2,1,A2,0,0,0,1,0,1,V2,69.36,,0.1,,2ae831fd0e8632a3ed011e74aeb4b3a5adbb2c4fede01703181c3c113c819031,1,"{""0"": ""4070738b17411944616ccc609b16a76f7d6b953367df945774b8b6b943d4b5b3"", ""1"": ""75547a300bc5dcc2af6bdaa59974ae8945005a29ee2bac7b08e51ac9d8a39bb2"", ""2"": ""82300a3e413021cdb17365b3c4566c24f6fb7f50eee01202606e4754ccf259ae"", ""3"": ""c42f8c651e3a07eefb44b452e8e3fe573d229b85be1b85245544adabb4bf4656"", ""4"": ""4fce3cbeb09035cef4cf6a49c3ab697247256c195091f93e8e01120bbbee75ec"", ""5"": ""da8e1ce8dbca39ecbf1fcea894ee2682df5d18e04d239571594fc46d1e285369"", ""6"": ""38354afe8b6edcb2515cdd06b924a2ef34e35994f640209d6686a34aa1567f45"", ""7"": ""8489bc102ab9b49da2137e5ee5a64d2bc303b7fa403b0b28d992a7f9d53b7e28"", ""8"": ""d9622ddd03b09f8d3af321e08c9d3344595ca4a6c0725a843c554070ec05369a"", ""9"": ""01e390998bf2c3f9907b00f7bab4a51d8d98e61ab8880c47271e208538ca5496""}",eed6a8aa7ec0b18a223bd7f417771fc050f7df9694349584d7f48f88d335ca86,0,1,1,0,1.998887268794456,0.0,"{""0"": 1.2743014091956646e-06, ""1"": 2.261826264600568e-06, ""2"": 1.435764802833536e-06, ""3"": 3.3319960465653927e-06, ""4"": 0.08945756697304917, ""5"": 0.0002593384166073215, ""6"": 0.7952704417765392, ""7"": 0.034880804588528526, ""8"": 0.055319697899588766, ""9"": 0.024803846457163804}","{""0"": 0.12500063715070459, ""1"": 0.1250011309131323, ""2"": 0.1250007178824014, ""3"": 0.1250016659980233, ""4"": 0.044728783486524586, ""5"": 0.00012966920830366076, ""6"": 0.3976352208882696, ""7"": 0.017440402294264263, ""8"": 0.027659848949794383, ""9"": 0.012401923228581902}","[0, 1, 2, 3]",[],1,0,1,1,0.0,8e8d0cf187761e429ccb723bc96dc348cda0ba7ef3f3fa334285246ad41f2208,a46d7e63a7e6d1835033f305d6931580b5e53fe02b2049d2b2d5a266b5259b2b,"[""proposal_created"", ""proposal_committed"", ""audit_rejected"", ""recovery_recomputed"", ""recovery_audited"", ""recovery_verified"", ""committed_once""]"
11,trust_v2,1,A2,0,0,0,1,0,1,V2,72.46,,0.1,,1609a72496d1fd5fae5f1f97d36dc55ff0f465eb0662241d44703c812cb7f049,1,"{""0"": ""f6f9efe984b94f0a052ed800f5484ea5b5b47344c5ef3dd52a23bfd00864b40b"", ""1"": ""21bd2b0a0ed9694cefa7e48ecd9f887721ed71c3894d2b1e04eeeb727bd6e919"", ""2"": ""40575df0afbdc7394298f100e49e022c427e867586b7122ee9d00088cd295fe3"", ""3"": ""11e89987cd3b394554bdccccc570dbb70101e7549b9f41b5d033d7a595580cd7"", ""4"": ""4f0aba01153fea0bcb87e34aed7a7b4ad541081ebc7fe60e06d16689161556dc"", ""5"": ""bbc6e579089b49b095be6b108451bad2f500c2a25305ca8209b2844678dfbc9b"", ""6"": ""20e9e8d30691c130d9e0858b3d3b35903d4b614bffdf751a53c3e5445ce2260e"", ""7"": ""e7603dbba4e4ea2a33c25e1f6ff538178e10fa19e8d77dc5bed38ceb738070f1"", ""8"": ""bdfda4c97f7f383e881af652f88e17780ae4dba69ac877ac87fa7db9c4a99fe5"", ""9"": ""d3c77708505f747172b1367e55e049aedabaafecf4a7430d321174d3f5673432""}",3a4dd4a2faaf900ed787350be72bae9a2093b4a86110337a4e4dd14036bc32e1,0,1,1,0,2.5527690596068413,0.0,"{""0"": 3.8229042275869944e-07, ""1"": 6.785478793801705e-07, ""2"": 4.3072944085006085e-07, ""3"": 9.995988139696178e-07, ""4"": 0.13737231337500974, ""5"": 7.780152498219646e-05, ""6"": 0.6078453421381923, ""7"": 0.06812959367425327, ""8"": 0.1349221793965318, ""9"": 0.05165027872447364}","{""0"": 0.12500019114521138, ""1"": 0.1250003392739397, ""2"": 0.12500021536472042, ""3"": 0.12500049979940697, ""4"": 0.06868615668750487, ""5"": 3.890076249109823e-05, ""6"": 0.30392267106909615, ""7"": 0.03406479683712663, ""8"": 0.0674610896982659, ""9"": 0.02582513936223682}","[0, 1, 2, 3]",[],1,0,1,1,0.0,a46d7e63a7e6d1835033f305d6931580b5e53fe02b2049d2b2d5a266b5259b2b,fdb0b06d673ebbca58f263459c708388fff5d7bcd43ba69711c9f82f2ec042f9,"[""proposal_created"", ""proposal_committed"", ""audit_rejected"", ""recovery_recomputed"", ""recovery_audited"", ""recovery_verified"", ""committed_once""]"
12,trust_v2,1,A2,0,0,0,1,0,1,V2,73.88,,0.1,,ee0a1fbd3c4c25796d0adcfe55525379b0c1307e57f74c5223214f6365e368f8,1,"{""0"": ""69533b4252822cdcec617743732fac03a08b1c17f73070cceb34e2cc9d421004"", ""1"": ""f38e93d305150a0527371ed8fcc66d0b1d51764b6277cc76cd350a5dc2ffadb1"", ""2"": ""8199779004b2b4cc70661c846eebada4ec990dce85f5324dae3ad9b0f9440c85"", ""3"": ""9f7b5c19a5386a57a5079ce00c1db562b1751d2507391ad490a68a59ed00615f"", ""4"": ""94d4179c03eef2e3865bb1286bb51810e53cf811fabc013b0f661efb71dd9b07"", ""5"": ""d915bab9f27ff66e0c472d3c41fde08547ecb930f7f17df20004e974b9330422"", ""6"": ""644a1bfabfac34b81c9faf999d29df75d6493e561e8654e5965614a06cfbfaca"", ""7"": ""4a7b68cafe8bd3b8a6821edf27eaf4eab4766cee7b49e7d2721eebc25e6050e7"", ""8"": ""b1e1f0905370994addd35c5247f43ac0eae378dd8ae7a704af61b836829eb7a7"", ""9"": ""f9092395c7feb10e30dcb808e49343d8b86b772d823444967f2092f35cbff5ac""}",fe8bffc1ad5288f7771784dfd3214f4bea56c7a4ca5f7ef95a9fad2cab6cc157,0,1,1,0,2.933557039499467,0.0,"{""0"": 1.1468712682760985e-07, ""1"": 2.0356436381405118e-07, ""2"": 1.292188322550183e-07, ""3"": 2.998796441908854e-07, ""4"": 0.13798557840134404, ""5"": 2.3340457494658944e-05, ""6"": 0.4956294733575789, ""7"": 0.11880895082857673, ""8"": 0.21556219980639324, ""9"": 0.03198970979864526}","{""0"": 0.12500005734356343, ""1"": 0.1250001017821819, ""2"": 0.12500006460941612, ""3"": 0.12500014993982209, ""4"": 0.06899278920067202, ""5"": 1.1670228747329472e-05, ""6"": 0.24781473667878945, ""7"": 0.059404475414288366, ""8"": 0.10778109990319662, ""9"": 0.01599485489932263}","[0, 1, 2, 3]",[],1,0,1,1,0.0,fdb0b06d673ebbca58f263459c708388fff5d7bcd43ba69711c9f82f2ec042f9,34e0346583de038577d8d6944027f03f03140fd9c3550c93c3b5025e60a1a10f,"[""proposal_created"", ""proposal_committed"", ""audit_rejected"", ""recovery_recomputed"", ""recovery_audited"", ""recovery_verified"", ""committed_once""]"
13,trust_v2,0,none,0,0,0,0,1,0,,71.85,,0.1,,6f9d81e53d3bad1393a2278fc97eab6d1796b57b209da41bc3138b24dd6fb7a7,1,"{""0"": ""853da0cbc344f535e74da02a54f2f967d28237b3de4e0e38d45fb43233fc61a5"", ""1"": ""194f80326514468f020e768c1873b4ad23f8b289929e56e852279e2a63089a06"", ""2"": ""d7a07b1526c34c55964f8ba0494f46b9dc05e76cd7a18a19707236ed8ba1bd7b"", ""3"": ""41e655bab97bf7a3028c9ca6064b00a4450ce125c7167df4754ae1425ccf67b8"", ""4"": ""e368ddaea0f45ac7d663388f23cf7d7dcd6c7fb65c41cae8c3e11b2abd2b5dc7"", ""5"": ""b8eb5dab8bd753b2b2473a109c011926d5f9de1ec5feaadf6b2f07aab497ec56"", ""6"": ""46f0bb5f00c15dc4f81bb1f59ab16f9ea75cffc1c7bb8f850616d9dbe1b27de7"", ""7"": ""3e73bf0d8de69649bccbe18d8add0ab383147a81e0e30afb9a58dac9804a814e"", ""8"": ""6999c2d758f905ee9f97d00d66f3ac6a490ee40ac261f317edbe78a97862601a"", ""9"": ""3d5394039bbd4e0a43d84b537751ecd741ae30c911d78cde5f697c9ffa93996d""}",,0,0,0,0,0.0,0.0,"{""0"": 3.440613804828297e-08, ""1"": 6.106930914421538e-08, ""2"": 3.87656496765055e-08, ""3"": 8.996389325726564e-08, ""4"": 0.08409789326274443, ""5"": 7.002137248397685e-06, ""6"": 0.4749239436126789, ""7"": 0.1046434423694675, ""8"": 0.27146145530188276, ""9"": 0.0648660391109879}","{""0"": 3.440613804828297e-08, ""1"": 6.106930914421538e-08, ""2"": 3.87656496765055e-08, ""3"": 8.996389325726564e-08, ""4"": 0.08409789326274443, ""5"": 7.002137248397685e-06, ""6"": 0.4749239436126789, ""7"": 0.1046434423694675, ""8"": 0.27146145530188276, ""9"": 0.0648660391109879}",[],[],1,0,0,0,0.0,34e0346583de038577d8d6944027f03f03140fd9c3550c93c3b5025e60a1a10f,83b5e649805a8f0892bf1b7ae4936f50fddc6f28ef7aa7ebde13994a0458d7f6,"[""proposal_created"", ""proposal_committed"", ""audit_accepted"", ""committed_once""]"
14,trust_v2,1,A2,0,0,0,1,0,1,V2,69.14,,0.1,,5b7970462be071d81e9fd52360a951ce8c11d3c8588cf51cb11628175a183dff,1,"{""0"": ""1e49b25dc07accc60c51a82176c6bea0b4543bf665de41445fa8f5203e3464a8"", ""1"": ""2c21ab4a982d8f886b10f6e1654436ed3665e5bfa16f4b06b9bbb9d05066c261"", ""2"": ""63317a436a47e83629a05dd141dd757681ee02ba2a81e6405b11969e7dbfffb0"", ""3"": ""59c7c7fad29c4ee66fd857ebe674ac671b001342db03411e3507e800327cf0d0"", ""4"": ""b4b0779ceb1ffe98f369d3c75415c3df3d97eafc5404f64350cc49be987353f2"", ""5"": ""8497b54b46c3e68807307ec72fc03b5d45fc03c8e2c892b8945c533c6bd69f49"", ""6"": ""8f2e204bf88c3f97e12b86dcd2737483c85ca835a82fe05fec3a00fb06406906"", ""7"": ""2cf889d3945b7892b225f218d878de218ebb9aac15a5aa4932188dccca6127fa"", ""8"": ""5f775a46a373f25744dd3758898e48e28938ece013557e9e950e1c895c10e790"", ""9"": ""3782e12a29e41b4991141053a8f902f4ba8e8739eb8cc1d45bc759d20d13ea19""}",77f58633d411a1e5039bc9ab57feebbcee42a38e23d8b10cc5a9bbcb95185756,0,1,1,0,2.673159545043718,0.0,"{""0"": 1.0321841414484894e-08, ""1"": 1.832079274326462e-08, ""2"": 1.1629694902951653e-08, ""3"": 2.69891679771797e-08, ""4"": 0.2337607566948151, ""5"": 2.1006411745193065e-06, ""6"": 0.5701598742797693, ""7"": 0.07788254225479588, ""8"": 0.09602021916996069, ""9"": 0.022174439697987557}","{""0"": 0.1250000051609207, ""1"": 0.12500000916039633, ""2"": 0.12500000581484744, ""3"": 0.12500001349458395, ""4"": 0.11688037834740753, ""5"": 1.050320587259653e-06, ""6"": 0.2850799371398846, ""7"": 0.03894127112739793, ""8"": 0.04801010958498033, ""9"": 0.011087219848993777}","[0, 1, 2, 3]",[],1,0,1,1,0.0,83b5e649805a8f0892bf1b7ae4936f50fddc6f28ef7aa7ebde13994a0458d7f6,8b583ab20504eaede16049eb3f98c8304ecc17f523fb31bba6c2bd5b0f95db03,"[""proposal_created"", ""proposal_committed"", ""audit_rejected"", ""recovery_recomputed"", ""recovery_audited"", ""recovery_verified"", ""committed_once""]"
15,trust_v2,1,A1,0,0,1,0,0,1,V2,71.16,,0.1,,955e5bce93c5063f03eb759d121c14929f56106482ca076b28a6de849fae5e12,1,"{""0"": ""e0ca7d6db75e7ab53d2b1565ebb5da6e2114f41f8200d4de8a8cd3358b27cc03"", ""1"": ""1c07e8ec09cd87e0b77d3cbbb373303f0c035101f701684cc042e5e66357fc04"", ""2"": ""a3691803a9b634b4e672d6a32d210ad6c5d04a3ba1e05780b2a9e72f48907082"", ""3"": ""b84c34c731ce04c44dcdae6c2f6eaaca0d6f191ce29eea2dc7d0e698469e99ba"", ""4"": ""3bd8fbf971c18cadd3ae57d31b68b7702e93ff025d1c3db715f69d66aeb1ed23"", ""5"": ""9d9e471632c01d7696484f2cf077276f366ed3af244c03f6f25ce6ddd96ae239"", ""6"": ""d41a5c1f9ec3d825b9cf54de630090956517de7d1119c0a56e2b429c4a31fffd"", ""7"": ""f6eb2d8e392e4939000fc9e213fcb5e6fd703fb60aece04328af8c842fa895bc"", ""8"": ""0ec283eaa0ab4e1c14e9960a2be92dafc41a7ade26c27693cee7bb535a37dce1"", ""9"": ""e379e39ec90ccb019bb871d9dfee839ebeaeacd73fc6940829a4cca6bb7482d1""}",e5bb0299354d7922856511ad220cfd5c14fc6131bd2d1c6d1c7d7783f432af70,0,1,1,0,4.539512319014433,0.0,"{""0"": 0.75, ""1"": 0.75, ""2"": 0.75, ""3"": 0.75, ""4"": 0.38521271347357455, ""5"": 6.301923523557921e-07, ""6"": 0.4861324487490608, ""7"": 0.09319578974617879, ""8"": 0.02880606575098821, ""9"": 0.006652331909396268}","{""0"": 0.1875000009458648, ""1"": 0.1875000009458648, ""2"": 0.1875000009458648, ""3"": 0.1875000009458648, ""4"": 0.09630317885420583, ""5"": 1.5754808888371705e-07, ""6"": 0.12153311280035263, ""7"": 0.023298947554078853, ""8"": 0.007201516474075911, ""9"": 0.001663082985738676}","[0, 1, 2, 3]",[],1,0,1,1,0.0,8b583ab20504eaede16049eb3f98c8304ecc17f523fb31bba6c2bd5b0f95db03,e39e23b5f549d2e884a7ea4080fcfc40728d1cf2fe4c281200dfbef91904cbeb,"[""proposal_created"", ""proposal_committed"", ""audit_rejected"", ""recovery_recomputed"", ""recovery_audited"", ""recovery_verified"", ""committed_once""]"
16,trust_v2,0,none,0,0,0,0,1,0,,73.16,,0.1,,a3feaeb60c48eb5766d647e2c476b0a0a3369ed774d46c01d0c3bfc5511e8625,1,"{""0"": ""7a5c7fddbe7e04ae0ada34908b9a7074f18cc738580a1969847bab6ce2d5cbaa"", ""1"": ""4937b0c2981cc5b52055d0d8b79e05fa759c29de2a917625f57f5fef9bc8572d"", ""2"": ""69d389f9b980899ee41364254450b2426066865a262bcde81c55c074e4b361a4"", ""3"": ""80486040cf66354c1bb45cfb7858f70ea0f949fe5c3f2022a3e67901fa3ac280"", ""4"": ""7928a5b9693da5777b7c3972accb2717bd83a24bc9b6a86070c103b31d5fc9f7"", ""5"": ""b884145580529b7c2fb3cd59a6fc4b438ec5f4301db1e7b35f0fd7d0226ecc3c"", ""6"": ""337f2da69c2cf8945c5ae7dca3387e539000f456ec6cbd6e7064e9cb55e40500"", ""7"": ""f760b36a5585bd6a209d8237d8f333000d85bc8989b5a1a1916c8283081d2247"", ""8"": ""91e16d1ca63e7038199e2dc7963c19ae52c886cf9c96790aa54d01fa325bae7e"", ""9"": ""4d0c438e4c67d90502428a17facc7b14c12ccafaa9d5b86977b731153a89c42c""}",,0,0,0,0,0.0,0.0,"{""0"": 9.289657273036409e-10, ""1"": 1.6488713468938164e-09, ""2"": 1.046672541265649e-09, ""3"": 2.429025117946174e-09, ""4"": 0.39719694898839797, ""5"": 1.8905770570673765e-07, ""6"": 0.42747286957104386, ""7"": 0.10068826313135454, ""8"": 0.06456949684725469, ""9"": 0.010072226350708618}","{""0"": 9.289657273036409e-10, ""1"": 1.6488713468938164e-09, ""2"": 1.046672541265649e-09, ""3"": 2.429025117946174e-09, ""4"": 0.39719694898839797, ""5"": 1.8905770570673765e-07, ""6"": 0.42747286957104386, ""7"": 0.10068826313135454, ""8"": 0.06456949684725469, ""9"": 0.010072226350708618}",[],[],1,0,0,0,0.0,e39e23b5f549d2e884a7ea4080fcfc40728d1cf2fe4c281200dfbef91904cbeb,b24c96621032b88070dd37305934c9040de05aace595ece11b133ee67c35f401,"[""proposal_created"", ""proposal_committed"", ""audit_accepted"", ""committed_once""]"
17,trust_v2,1,A2,0,0,0,1,0,1,V2,72.24,,0.1,,a63a7794fffaee763e81a8f1efa9f58687106a15ed97922b2aa63c33e4963c61,1,"{""0"": ""17e97f5123d44ecd4e241129cc0f8ef617cff60da883086e46785fa32864907a"", ""1"": ""16b776cbb184a3e3044f5f759fd09b6b11b723598de95b1db6eb482dc3526c3c"", ""2"": ""9c560ba478432f379ff31e5ca0e4bbd3df1b2fd45e61a88eee641aadf35b3988"", ""3"": ""fcc4d6e130b0c8e92405613205beb39f428f9a9faf0e7a16b95c2a730e92c3b7"", ""4"": ""99026f75fcbbc519ba301639df051a0305e288b209f8261221555c26abbceea9"", ""5"": ""595c61be155c6a9cf5a0662aabff90832dec4f1163ea356ac7ce6e8fb1801c7f"", ""6"": ""5605d0090e2c52774c732ba1318dd1e880e18d7078d99eb3cd21d1e54ef4410b"", ""7"": ""1e5b32735c6a3aa565a82f1854bdf0c5cc80e568e49316d34846a31ee4b65e12"", ""8"": ""16fbc274c6e59379f119635306d3ee7ae15c2e27b808df133c7325576e172e3a"", ""9"": ""c995811bb1a94d38e876a4af87a7dcd01aeb23c1eb33e25e3564995cff49b2e2""}",e92ac8aea1ef690dec51978565a551a4872beb65c9cd726190cc5f4549005894,0,1,1,0,3.427175626510813,0.0,"{""0"": 2.7868971819109227e-10, ""1"": 4.946614040681449e-10, ""2"": 3.140017623796947e-10, ""3"": 7.287075353838521e-10, ""4"": 0.34407387208423484, ""5"": 5.671731171202129e-08, ""6"": 0.5051658299209073, ""7"": 0.09900497669598816, ""8"": 0.03411670671697364, ""9"": 0.017638556048524014}","{""0"": 0.12500000013934487, ""1"": 0.1250000002473307, ""2"": 0.12500000015700088, ""3"": 0.12500000036435377, ""4"": 0.17203693604211742, ""5"": 2.8358655856010645e-08, ""6"": 0.25258291496045365, ""7"": 0.04950248834799408, ""8"": 0.01705835335848682, ""9"": 0.008819278024262007}","[0, 1, 2, 3]",[],1,0,1,1,0.0,b24c96621032b88070dd37305934c9040de05aace595ece11b133ee67c35f401,2b4c04314de3ba3641137642854dcf30b45a190d399f237a8b6138089a2d4c1f,"[""proposal_created"", ""proposal_committed"", ""audit_rejected"", ""recovery_recomputed"", ""recovery_audited"", ""recovery_verified"", ""committed_once""]"
18,trust_v2,0,none,0,0,0,0,1,0,,72.1,,0.1,,f84391584b01280c912430d1ecb6be1bf9ea1bff1fa3b162f228cb9c499183b5,1,"{""0"": ""53cbaf6bc89ec882ba7ea028f374b3f0103a445ecfc6ae01f23528893831de16"", ""1"": ""fa76184e99d6126c96100e02ae691b857ec27eef9593332d54348c5cadc92a31"", ""2"": ""6996f4d961266812a1f8b956f33afa525994ca6a5f898f0b433abd4ef196d2e5"", ""3"": ""59b68d181a7dacd75c97a1d74ec8fd5e2e157565270fb98e424e44b585863011"", ""4"": ""0e427f33faa5cdf123da8ccd8a0c294b6bf1175519bb6b9a0b7709767b240668"", ""5"": ""f54d4ff3cd29425cb48aa3a32df68302a708ba70a1007ea336c0a01c72743548"", ""6"": ""4bf895213436f5347753607094fd7e11689b6c2b2220f15f86ece0d1d6a4f440"", ""7"": ""ffe02c3f430e9b0a0ed39e9809baf5b50cf587454555fc4928f12a6c06f61099"", ""8"": ""dc8c5ad42fbd49ca692c39c7d8ee8f6eb39fc51ddf90ff2634767b01186bf024"", ""9"": ""12192a19307e273142ea12b531bf26f0bbe95d603e8854eb9e9f0aeb2a8be32e""}",,0,0,0,0,0.0,0.0,"{""0"": 8.360691545732769e-11, ""1"": 1.483984212204435e-10, ""2"": 9.420052871390842e-11, ""3"": 2.1861226061515566e-10, ""4"": 0.2307260301216983, ""5"": 0.0011675976451577088, ""6"": 0.5338168821910658, ""7"": 0.1356949951348164, ""8"": 0.09330292754788638, ""9"": 0.005291566814557205}","{""0"": 8.360691545732769e-11, ""1"": 1.483984212204435e-10, ""2"": 9.420052871390842e-11, ""3"": 2.1861226061515566e-10, ""4"": 0.2307260301216983, ""5"": 0.0011675976451577088, ""6"": 0.5338168821910658, ""7"": 0.1356949951348164, ""8"": 0.09330292754788638, ""9"": 0.005291566814557205}",[],[],1,0,0,0,0.0,2b4c04314de3ba3641137642854dcf30b45a190d399f237a8b6138089a2d4c1f,1490d4032dfce6f2dd785c7b1c0fc5952dd32f8f0d22f1b5095df0a2bcb874dc,"[""proposal_created"", ""proposal_committed"", ""audit_accepted"", ""committed_once""]"
19,trust_v2,0,none,0,0,0,0,1,0,,76.46,,0.1,,ba710a273d357ce5558b96b5ae7bfe8ee032cb96bfce11f82d30550e7dcd6652,1,"{""0"": ""07c45c4788b8cfe76a626a232f096601b2f7b855631b9efb7b23d417ada298a6"", ""1"": ""cf97b5f87b35582e8fabe101ae0d88d5819d09ee7300b8eaf497abe392978036"", ""2"": ""4fd659cc47b7a5c0cecab4f7d2b9623b72a9e16c7c3dbddfc875dc410553dae8"", ""3"": ""6d54682baa1e7f03c123fe3ccd196b3f30633ddb9652455401720b842c7a1aaa"", ""4"": ""16a335fb589d7e86339ad911dfa923ad8f82fd17fa1711ca8631b4018eae2624"", ""5"": ""4af0dc960074322b14e34b602e30df0c80a9ff6f786cb297e6792f296446de9d"", ""6"": ""0a174a8070ba4822782decb9b1d63222d815e815a33496b96096205b858f608f"", ""7"": ""73e2b25500bcf6c2cfcf226b4ea0dcfeb2da02eaaecd15fb179689027bf27699"", ""8"": ""fd561a84808dd8775a71c3be4de2f24e4345d6da93aa1a2b4712d64d17848df4"", ""9"": ""67877ee502b305513cfba2b451909df3025c55f4d61757c79f02c2d585e06164""}",,0,0,0,0,0.0,0.0,"{""0"": 2.5082074637198316e-11, ""1"": 4.451952636613306e-11, ""2"": 2.826015861417253e-11, ""3"": 6.558367818454672e-11, ""4"": 0.12125893946743248, ""5"": 0.002527182008261176, ""6"": 0.33504217527577534, ""7"": 0.2156056091589005, ""8"": 0.2028879888828215, ""9"": 0.12267810504336363}","{""0"": 2.5082074637198316e-11, ""1"": 4.451952636613306e-11, ""2"": 2.826015861417253e-11, ""3"": 6.558367818454672e-11, ""4"": 0.12125893946743248, ""5"": 0.002527182008261176, ""6"": 0.33504217527577534, ""7"": 0.2156056091589005, ""8"": 0.2028879888828215, ""9"": 0.12267810504336363}",[],[],1,0,0,0,0.0,1490d4032dfce6f2dd785c7b1c0fc5952dd32f8f0d22f1b5095df0a2bcb874dc,64f86975ee02c2b8634a0700194ea0f8b5ad5e3c352a77909f0df48adea02591,"[""proposal_created"", ""proposal_committed"", ""audit_accepted"", ""committed_once""]"
20,trust_v2,1,A2,0,0,0,1,0,1,V2,74.36,,0.1,,e2ff9cc32d6f0002ed6fed8c848934598d90bb1f3bbf8b53f7f847533ab3e365,1,"{""0"": ""038e90061087083ac968166b37bb87a39f35b9bd94d9081257ec3e9f82f1592a"", ""1"": ""c0592bc94c1000590262e8252d43b71dd175e6feae04150ff3995fa2b843c388"", ""2"": ""3839c941a83837c206a3d4226b49115316cc7fca4027487ba9a6ec1c2eb4dd19"", ""3"": ""71e12cba0a6aabd2022680588107b6dc08144368db90cd577b408c1267105e5a"", ""4"": ""60237238976c41537b77b842de3dfdcae08adc7f40ddbd7f2abcb663e0cc3b12"", ""5"": ""bc79a8f500c91530925ced17b877cd66a89e62c77528f65ea3d324b88d1c93d6"", ""6"": ""e92faedcb57d1afe1a32181b990d1838e244c2cbc5fcc03fad5e7fdb27d11947"", ""7"": ""afea11c15935497b3329b855625c128e9e4705e70bc940960eaadfaf3793def0"", ""8"": ""91a22d44da34f14e342ea090ccd2d5085bd37a330cd8369e3d0f20a30c2a1c3b"", ""9"": ""95703f1133ebe399890365784bd4ee6ac1bc28df1906afd9febded2722f12cf3""}",03d201d0064615ba6dcc9c56b36cff594bccaa60b4766364ba410fea4c58fc4d,0,1,1,0,4.331271498969967,0.0,"{""0"": 7.524622391159496e-12, ""1"": 1.3355857909839919e-11, ""2"": 8.47804758425176e-12, ""3"": 1.967510345536402e-11, ""4"": 0.03637768184022975, ""5"": 0.0007581546024783528, ""6"": 0.35330581850920323, ""7"": 0.08440283543278072, ""8"": 0.31365956259131705, ""9"": 0.21149594697495727}","{""0"": 0.12500000000376232, ""1"": 0.12500000000667794, ""2"": 0.12500000000423903, ""3"": 0.12500000000983755, ""4"": 0.018188840920114874, ""5"": 0.0003790773012391764, ""6"": 0.17665290925460161, ""7"": 0.04220141771639036, ""8"": 0.15682978129565853, ""9"": 0.10574797348747864}","[0, 1, 2, 3]",[],1,0,1,1,0.0,64f86975ee02c2b8634a0700194ea0f8b5ad5e3c352a77909f0df48adea02591,d49f069d6d927f483b79500e1dc236375f4345efff95c227f00f160ba7149ba1,"[""proposal_created"", ""proposal_committed"", ""audit_rejected"", ""recovery_recomputed"", ""recovery_audited"", ""recovery_verified"", ""committed_once""]"
21,trust_v2,1,A1,0,0,1,0,0,1,V2,77.23,,0.1,,07163a44967cf36840b89927ec4191b228560f8496bd789c2f6fd2fd50f8d775,1,"{""0"": ""882d8423e93f49f14debe6e4ef5b7c670b2c3ca479bcfbab933cc9e8e1968b58"", ""1"": ""f380d4e54a40f0c2b08ec79f81663be9a2bf18d2d45d74c0ffcecb5e5fa2f1e4"", ""2"": ""fb3d4a05e9df8106e596127b2c9bc68f510ab7dfab96882e00d580d549aec549"", ""3"": ""83176c967c1e8a57ee36467dd1d788d7bdd5d3f85296834d6ad05a42958b2041"", ""4"": ""86b7b51cb2fc8a8a02b7be9494cf4f980c87c3a051ba5c2b7d4d6612917b49a9"", ""5"": ""fdc7647f327dabf62d5af741a4ecf2a605192305ff73c11ba7e5d20a8f1e43f0"", ""6"": ""33a1c9d07d90147bbda6dba716479b001277fe70b2ab2c577c20793ca6f00974"", ""7"": ""bb8d31a7ea89369ec53bbd3a56226845fbf9f458d06e73b5af95cf9c84a9067e"", ""8"": ""76e1fe7ccd00985d20964b12d3b39759041192402a45fc901c06edcec572f626"", ""9"": ""f49cd12afdd5f20b18ab5885cbd5524b1dc764f99d59d246a9f240e49ce12780""}",f331f7da5538783796e091a1c2d4a8eb901fc3c96740a97a482e9f9f9873dd28,0,1,1,0,5.461644013932823,0.0,"{""0"": 0.75, ""1"": 0.75, ""2"": 0.75, ""3"": 0.75, ""4"": 0.15502467368506787, ""5"": 0.010008771990359855, ""6"": 0.4703418425990497, ""7"": 0.17228701676943167, ""8"": 0.10603311483993587, ""9"": 0.08630458010144497}","{""0"": 0.1875000000006896, ""1"": 0.1875000000006896, ""2"": 0.1875000000006896, ""3"": 0.1875000000006896, ""4"": 0.0387561684214095, ""5"": 0.002502192997599166, ""6"": 0.11758546065019487, ""7"": 0.043071754192516326, ""8"": 0.02650827871008146, ""9"": 0.021576145025440592}","[0, 1, 2, 3]",[],1,0,1,1,0.0,d49f069d6d927f483b79500e1dc236375f4345efff95c227f00f160ba7149ba1,645992adf0cf8a583db7e196441fd087dd3a6993125abeeece0ace7342f507c4,"[""proposal_created"", ""proposal_committed"", ""audit_rejected"", ""recovery_recomputed"", ""recovery_audited"", ""recovery_verified"", ""committed_once""]"
22,trust_v2,1,A2,0,0,0,1,0,1,V2,74.29,,0.1,,b60b713730ac5f80024c20a42b6c5d5e52e319affb20f3661a40cfc5121cd9ec,1,"{""0"": ""f1cc0c6583e8b9681fac7de74742c0eeb03bbb7fecfb1a35140f296157234519"", ""1"": ""3bb1a7d0d6ca5e294a93ae56a0b3042f08e7eb4ef0d22aea5d07288e0ae88697"", ""2"": ""369f04cd4415dd94c0aa98f81867a40eab1dfed1f9b6ab03a4ef505e5c77b157"", ""3"": ""f330204dd931a73e6634296e2791b7e059d198a9f0b5eca5163fe01932071318"", ""4"": ""fc366b547413628b2b28c07148ab6d25f0bb310394ce56255950b356f3458113"", ""5"": ""2129466be7801123335046e87df458473ade529e093c6f94f06cc9a6a4e353b5"", ""6"": ""1ec294945dae4b55417e9ea5260dc8f7f8423d3ed0d77eafae0675d3b0907974"", ""7"": ""f22290d8103ac7f0cd5d109f3846d09a758e31a95b294cbd950544e64c362275"", ""8"": ""2553fae18a12a912e36a2c3525eb8a0861172904d046fa913b63287f46daf76f"", ""9"": ""6466c317ce6faacf1071ee4c1175d6026814bcbafd04d729f450958bd6b75ffe""}",eb4b50467881e84cb9efac6b159179372dfcc5312b69bb5626ccef0aba9992f3,0,1,1,0,3.664713088773655,0.0,"{""0"": 6.772160152043549e-13, ""1"": 1.2020272118855931e-12, ""2"": 7.630242825826587e-13, ""3"": 1.7707593109827624e-12, ""4"": 0.046507402105520367, ""5"": 0.029667788719633936, ""6"": 0.43444702094963195, ""7"": 0.10786887471894062, ""8"": 0.32515440262189776, ""9"": 0.05635451087996238}","{""0"": 0.12500000000033862, ""1"": 0.12500000000060102, ""2"": 0.1250000000003815, ""3"": 0.12500000000088538, ""4"": 0.023253701052760183, ""5"": 0.014833894359816968, ""6"": 0.21722351047481597, ""7"": 0.05393443735947031, ""8"": 0.16257720131094888, ""9"": 0.02817725543998119}","[0, 1, 2, 3]",[],1,0,1,1,0.0,645992adf0cf8a583db7e196441fd087dd3a6993125abeeece0ace7342f507c4,50d077946fb29d87472ea908ac49a573762ed376b91eb6019ea5ece0b92036e4,"[""proposal_created"", ""proposal_committed"", ""audit_rejected"", ""recovery_recomputed"", ""recovery_audited"", ""recovery_verified"", ""committed_once""]"
23,trust_v2,1,A2,0,0,0,1,0,1,V2,74.95,,0.1,,f784ff99f0645697ed9ac86973dd67ab8ef435db3a13ff687f6447eb29034b3a,1,"{""0"": ""3111ec936d8e9dec59ccc3bd3cfd694604840b8fc665884e1210e1fb647dcfea"", ""1"": ""cd7ad2a9ae5d8bd184feab7782166ff45c7e4e8a0714927be76093990ff53829"", ""2"": ""a23be2054ef322f59e205fff1bea5293f649538a75c4398497a00d9ee05ffee9"", ""3"": ""a6a6cc6fdce9b17f710995c12ace72649e2d0de2b03d22f0fe4353c0305c0da1"", ""4"": ""e05e99148698c827518cd9fa45aa911a53e23c290ca7c5816e3a7fd7bf11fc4d"", ""5"": ""f2a2576ee76942315d1c22a9742965a940978e8092dcc85f0b8ca029c583d9f8"", ""6"": ""752de694bfa1721495d411288f7c439674ff864a6dd07d238b4abf750eadbbc2"", ""7"": ""12ccb42b83c262c7ae4df88b528517603842abcfe374372e9f784d76714fcd7c"", ""8"": ""3ac549c04489f72a1c628d5ade9968fbb9bbd41c9bbb3bee7f025b2d8b044444"", ""9"": ""f1ed03dea68e26efd3cf04dd75d2e4a57cd928c459446fd8dbc103f0478faf65""}",47ee8c435486b058fb3d35961a6af6403a15ebfee036a37f967bf833c7a8c2fb,0,1,1,0,3.6515878356164553,0.0,"{""0"": 2.0316480456130653e-13, ""1"": 3.6060816356567804e-13, ""2"": 2.289072847747977e-13, ""3"": 5.312277932948289e-13, ""4"": 0.033441054657100684, ""5"": 0.045388710896422796, ""6"": 0.452345502131901, ""7"": 0.35437205826269363, ""8"": 0.09754632078656936, ""9"": 0.01690635326398872}","{""0"": 0.12500000000010159, ""1"": 0.1250000000001803, ""2"": 0.12500000000011446, ""3"": 0.12500000000026562, ""4"": 0.016720527328550342, ""5"": 0.022694355448211398, ""6"": 0.2261727510659505, ""7"": 0.17718602913134682, ""8"": 0.04877316039328468, ""9"": 0.00845317663199436}","[0, 1, 2, 3]",[],1,0,1,1,0.0,50d077946fb29d87472ea908ac49a573762ed376b91eb6019ea5ece0b92036e4,6f6caf6dd909f2d19ebbf527006ebd611cb87f644168c350cca649832c086ec7,"[""proposal_created"", ""proposal_committed"", ""audit_rejected"", ""recovery_recomputed"", ""recovery_audited"", ""recovery_verified"", ""committed_once""]"
24,trust_v2,0,none,0,0,0,0,1,0,,76.83,,0.1,,5e12ffdfe7a00a3decd3be337aa2ddd64d14148133dbaec53907d25d408a4eb8,1,"{""0"": ""31e84bd0a6c43bc78021843d1d625095bf099f194d2c205974753316f3ee829b"", ""1"": ""803bd94e6cb428636dfb4cfea3cfb8f4e762fdff4a1992f0afe812d859bc698b"", ""2"": ""e21a6de902d13dcb0ad871a478ec44715bb4fd16a06f9457a60714a7e6000442"", ""3"": ""54b476da92dc70259b32f8d0678b725f35ae5f6ffccf043fd3511629ea25fd66"", ""4"": ""7680ca48151b8ee95d44b1f8775390eb21aa023f9ab32b06ebb55c048ff91054"", ""5"": ""f3b3b479df32929783f8275220f91f9842de160f3926fd32f3663930c19f42eb"", ""6"": ""1f4d8bd4f4707824cd19a0b0168e875c6fa1b79b4d804ba38e413d672086c284"", ""7"": ""86b916dcb4f64cefb9f09bbbd63604adf19633b14d32dd01e174a292601ccc4b"", ""8"": ""c8e10ec40e034a4e6e93a05a047329ead9cba8e1d19cec4e723a9fdb3e9c5f93"", ""9"": ""abad91597753d4125272c6dd2981633189bb6e20fcb4c4ba11d967397e1e86c0""}",,0,0,0,0,0.0,0.0,"{""0"": 6.094944136839197e-14, ""1"": 1.0818244906970343e-13, ""2"": 6.867218543243933e-14, ""3"": 1.593683379884487e-13, ""4"": 0.3157922516654674, ""5"": 0.01361661326892684, ""6"": 0.13570365063957032, ""7"": 0.41207155274714535, ""8"": 0.1177440256992963, ""9"": 0.005071905979196616}","{""0"": 6.094944136839197e-14, ""1"": 1.0818244906970343e-13, ""2"": 6.867218543243933e-14, ""3"": 1.593683379884487e-13, ""4"": 0.3157922516654674, ""5"": 0.01361661326892684, ""6"": 0.13570365063957032, ""7"": 0.41207155274714535, ""8"": 0.1177440256992963, ""9"": 0.005071905979196616}",[],[],1,0,0,0,0.0,6f6caf6dd909f2d19ebbf527006ebd611cb87f644168c350cca649832c086ec7,0075cec5c9a7a6bf5d3539899abfeb3e32c30540a24295b909ffa40c0898823e,"[""proposal_created"", ""proposal_committed"", ""audit_accepted"", ""committed_once""]"
25,trust_v2,0,none,0,0,0,0,1,0,,76.54,,0.1,,427923ec2e6feab46fc7b68ce86ae710ba3745334ba691f54cc8fa8fd0d3f91f,1,"{""0"": ""ce5f6b18c9f36a095ffe2231fa560931290b2446cb0a4266a73b9893c1817bf5"", ""1"": ""ca0c4da4ea4ccd82d6a8d0f5af7ed12793ad9286cef9369a70db2550ea510659"", ""2"": ""da9488b6d0b47586935c272d2d225992d20b089a3d623a8d3f0ccdb4cad94344"", ""3"": ""1cdb1dda49102749cc65aeb69532d98a3058c0e84f19bb226d3f9c90ebe331c0"", ""4"": ""8a3fd95105cc3a6a9860ed1867c4f33d0d0a6907ea117374abcb5a7e39e463d9"", ""5"": ""aab5e75c7092ad98812c4722f22fc5b488cc1d56be2ba2594c1fd6aacb1e0282"", ""6"": ""0f8ee0e70c50b432bfc87b71dfc752a13af6104ce8b04a51666a03d6d5ce1597"", ""7"": ""52d6a32b13eb7b9b1cf468d27b9fa1b602f0e4de158eaf905a17e9d84db1b706"", ""8"": ""15151cb6c6d95d2bfbb5a09caf125623c966f237caa24f3532367db9f73f47fb"", ""9"": ""931395352e73b9ef7f40ef1d04b6a4c475f3c325bb9c63eaa997cd5cbf58d7d1""}",,0,0,0,0,0.0,0.0,"{""0"": 1.8284832410517595e-14, ""1"": 3.2454734720911036e-14, ""2"": 2.0601655629731802e-14, ""3"": 4.7810501396534614e-14, ""4"": 0.09473767549964024, ""5"": 0.004084983980678053, ""6"": 0.4206046301442676, ""7"": 0.12362146582414363, ""8"": 0.35542967275739246, ""9"": 0.001521571793758985}","{""0"": 1.8284832410517595e-14, ""1"": 3.2454734720911036e-14, ""2"": 2.0601655629731802e-14, ""3"": 4.7810501396534614e-14, ""4"": 0.09473767549964024, ""5"": 0.004084983980678053, ""6"": 0.4206046301442676, ""7"": 0.12362146582414363, ""8"": 0.35542967275739246, ""9"": 0.001521571793758985}",[],[],1,0,0,0,0.0,0075cec5c9a7a6bf5d3539899abfeb3e32c30540a24295b909ffa40c0898823e,686f756cdcff71282e1d3d6fd24c6d7f0f751a365eddd440b57d55f97c7d7c56,"[""proposal_created"", ""proposal_committed"", ""audit_accepted"", ""committed_once""]"
26,trust_v2,1,A1,0,0,1,0,0,1,V2,78.5,,0.1,,5b0b5738c5651443cdbd229f4b18081c853cc5ea8ba8582bded4412ea8e345b2,1,"{""0"": ""0b781ee2e9516b6492e85289c7de99dc513c49f42fe13bfbbf401c0aad07015f"", ""1"": ""bfc42cc3ece64875eefb96272329cb6711bff9f035ba9da9fafabc23c783161b"", ""2"": ""5257646e1bf763c18d35decf0f024f86133fe17c5b5462e9f18341d44a868918"", ""3"": ""8b4a3746a81552e877e9b6987f677986b4e08d477a7b0bef8663e685cd236515"", ""4"": ""614a1f8dcdcd23521541526b10eb04b3df2d681523ef1231cd7b6bee70e77259"", ""5"": ""0efaf7e844d1897ff63f2382ae72f26c0a81a54a4723aa8cb7b72fd99ab746ce"", ""6"": ""4152cbc50747cae135a645b6d2fe9a097b8b3d5f3678586f6de18c19ebcf991b"", ""7"": ""e57b0bdf44d99377f670ebda6940f06891cfcf5f3f66f3b90c691b028a30591b"", ""8"": ""a0248a655a533a285b3ee280819e7fb29fa8b6b2e9155f29fb2d53ddad4cd6fb"", ""9"": ""13bc1368c93aa20a28be6dce8b1e129d650717acf4579f23c565ebc203e695ec""}",5c2a00a583c42341c64f44bf38b0cd4b0781e405b2e42783286f85304a925172,0,1,1,0,5.904190665971577,0.0,"{""0"": 0.75, ""1"": 0.75, ""2"": 0.75, ""3"": 0.75, ""4"": 0.2629435498204935, ""5"": 0.23574774236480486, ""6"": 0.35713689470207727, ""7"": 0.037086439747243086, ""8"": 0.10662890182721772, ""9"": 0.00045647153812769547}","{""0"": 0.1875000000000017, ""1"": 0.1875000000000017, ""2"": 0.1875000000000017, ""3"": 0.1875000000000017, ""4"": 0.06573588745512397, ""5"": 0.05893693559120174, ""6"": 0.08928422367552012, ""7"": 0.009271609936810855, ""8"": 0.02665722545680467, ""9"": 0.0001141178845319249}","[0, 1, 2, 3]",[],1,0,1,1,0.0,686f756cdcff71282e1d3d6fd24c6d7f0f751a365eddd440b57d55f97c7d7c56,d9678dd8cebf0c919ddc04c337d35a7cd87577fd3ffce7d24eda9b65a2d732b1,"[""proposal_created"", ""proposal_committed"", ""audit_rejected"", ""recovery_recomputed"", ""recovery_audited"", ""recovery_verified"", ""committed_once""]"
27,trust_v2,1,A2,0,0,0,1,0,1,V2,75.99,,0.1,,a1cfb5f3c56c777f2d6afd125e7259cdf4b104fe71ffe0fdf5534fab3967dc10,1,"{""0"": ""79a7a90dffaf4938a13948c994a874274905d76765f670720a2c472e7afd1a64"", ""1"": ""06f837057b4e068ada113d067e7b28e1ca3ffcf960ee6487ca114254487b787b"", ""2"": ""e38b5af89c0d2bd1361bf419cb44b6220ac5377db9dde3f21bd2cb1a417759ca"", ""3"": ""754f9dbd0d217d05d0923d445462bb803856bcd8cc62494cc7ba8e102122b5c8"", ""4"": ""2b13a028a22d4a9d577545e053a00aae0f68c819ac0a620b183d170a5346e74c"", ""5"": ""d51b9c9932472b614bb3b0ef763f7582409eec7cf26972c94de9557b083c6583"", ""6"": ""23f094368b9ecc247a2008d144d422c095a9f06d87309d7dec377af030fcc369"", ""7"": ""c0c42d691071b85402be1fcf8745326a5d5524a16789a205231bc9068f7655f0"", ""8"": ""e8efc42eab61a6ba91ff94f015daacffdc6071dd7082a0786db557f157ad5a20"", ""9"": ""cf9acc42b69598fd158cc3092e8e6be8b0f7832966bfaabe80620ce8082109e7""}",e023444cc45ccbbbe4a98296ee01d4b3688112036fd5f4af0fb43e7d98e6b65f,0,1,1,0,3.5237258334916453,0.0,"{""0"": 1.6456349169465837e-15, ""1"": 2.9209261248819937e-15, ""2"": 1.854149006675862e-15, ""3"": 4.302945125688115e-15, ""4"": 0.07888306494614807, ""5"": 0.07072432270944147, ""6"": 0.4571410684106232, ""7"": 0.011125931924172928, ""8"": 0.3819886705481653, ""9"": 0.00013694146143830867}","{""0"": 0.12500000000000086, ""1"": 0.1250000000000015, ""2"": 0.12500000000000094, ""3"": 0.1250000000000022, ""4"": 0.03944153247307404, ""5"": 0.03536216135472074, ""6"": 0.22857053420531162, ""7"": 0.005562965962086465, ""8"": 0.1909943352740827, ""9"": 6.847073071915435e-05}","[0, 1, 2, 3]",[],1,0,1,1,0.0,d9678dd8cebf0c919ddc04c337d35a7cd87577fd3ffce7d24eda9b65a2d732b1,8ccc21c3bf61dab9698c0f88a6e65b3c643a3e7febf88575f51a7219cbe3e024,"[""proposal_created"", ""proposal_committed"", ""audit_rejected"", ""recovery_recomputed"", ""recovery_audited"", ""recovery_verified"", ""committed_once""]"
28,trust_v2,0,none,0,0,0,0,1,0,,77.61,,0.1,,83231cd4047aa9569e333d5c774799f882653e1971addd1903814ba52c48d4fa,1,"{""0"": ""e20b287ffd0f899f57e969ff3d1f3ea7980635c233a927ce0351a7038c2fed4d"", ""1"": ""d6048d8d907ad3cc703e12f4ef98c2448648903c293e6add09d18e0ed9a9a273"", ""2"": ""08fe3fb4049842aa2980d728d855289e1822dd56632a1429188eb242c63d7572"", ""3"": ""c7544ac6f5a86095b463990cb47ea0518fd392a9cc43a7c826fcc183953086fc"", ""4"": ""7d67c8d7aa67ed03ecd7b72de0ce871d994ed45762b864e2bc4863f383413a48"", ""5"": ""a9fdbfa18b68713e535587cf16a659f64d96fb4abb1dae9082bfd6ccddfe234f"", ""6"": ""a251276b30deadaf817fe7546421abc17288c13eac3759e7e1d1b6d0c5dc5769"", ""7"": ""451873fe7e3d15153501fb10546107fad73cd636d356db6ab6f92940d5af5f9a"", ""8"": ""c180a8c5e919fdc29ffc3cf4096e68f351a8de44c82f2dd0329606ca9b0df509"", ""9"": ""a64e9760b10af2679ca76f0f93577d2382c50dadaa63bec4ac312c1df72ba7ca""}",,0,0,0,0,0.0,0.0,"{""0"": 4.936904750839752e-16, ""1"": 8.762778374645983e-16, ""2"": 5.562447020027588e-16, ""3"": 1.2908835377064348e-15, ""4"": 0.1971600397782006, ""5"": 0.19471241710718862, ""6"": 0.3106374408175432, ""7"": 0.17683289987160805, ""8"": 0.11459660116444961, ""9"": 0.006060601261006799}","{""0"": 4.936904750839752e-16, ""1"": 8.762778374645983e-16, ""2"": 5.562447020027588e-16, ""3"": 1.2908835377064348e-15, ""4"": 0.1971600397782006, ""5"": 0.19471241710718862, ""6"": 0.3106374408175432, ""7"": 0.17683289987160805, ""8"": 0.11459660116444961, ""9"": 0.006060601261006799}",[],[],1,0,0,0,0.0,8ccc21c3bf61dab9698c0f88a6e65b3c643a3e7febf88575f51a7219cbe3e024,a1d7071969e48de199d88a40ac024ed06de0b4111533b35c55afe10035db274f,"[""proposal_created"", ""proposal_committed"", ""audit_accepted"", ""committed_once""]"
29,trust_v2,1,A2,0,0,0,1,0,1,V2,74.23,,0.1,,b4fb94001bb8b864ecb9d553c51b7c7638ae141f7bd03ea8251401c6549f576c,1,"{""0"": ""e98fabd8d717a07cd694e988361486a08d8999fa24814d99eed62175dd84ad5c"", ""1"": ""ed087eac0ad0607854f3c4615630b7b05bad2aba73a638037a2f1859f3c8bed3"", ""2"": ""8b18d9b93ece9520a534d78a8d2cf4ad6b205ec6e7eb2d896e845bff870ae94f"", ""3"": ""c7b8c16fe0de27c4d426fb0430a2f9d5f30ba8c43a31a0950e1669b30aa89588"", ""4"": ""94460b4121d37cc28da42bec86aeb14cbe1a965132aa2506ebde89ff45b7adb7"", ""5"": ""7d20f81ab35d19c4d16a6ebecb60fb02e21b153223ae1db86f9f67fed5cbfb1f"", ""6"": ""486d5e4158c1b05ae11336810379e958e9c61c396652b4473a3a5365c5575358"", ""7"": ""9b0b425c43e1ed066fc13383260736c60e3fa7608e292ffb25eee92b4ffcbc1d"", ""8"": ""6d6794d8f52ac521003e0c1cb98300a0b44082bbd146dfae6b00535bcef11a2f"", ""9"": ""55b8a3ca359b585feb25539e19916f12a3239a467ffea02dd87f14a599850363""}",355c0fed302c1c2754d0018a0dfc12b2bcc34f462768c3b3b865208517803a94,0,1,1,0,3.1465220074481763,0.0,"{""0"": 1.4810714252519257e-16, ""1"": 2.6288335123937955e-16, ""2"": 1.6687341060082767e-16, ""3"": 3.872650613119305e-16, ""4"": 0.7591480119334602, ""5"": 0.05841372513215659, ""6"": 0.09319123224526298, ""7"": 0.05304986996148242, ""8"": 0.03437898034933489, ""9"": 0.00181818037830204}","{""0"": 0.12500000000000006, ""1"": 0.1250000000000001, ""2"": 0.12500000000000006, ""3"": 0.12500000000000017, ""4"": 0.37957400596672997, ""5"": 0.02920686256607829, ""6"": 0.04659561612263148, ""7"": 0.026524934980741204, ""8"": 0.017189490174667442, ""9"": 0.0009090901891510198}","[0, 1, 2, 3]",[],1,0,1,1,0.0,a1d7071969e48de199d88a40ac024ed06de0b4111533b35c55afe10035db274f,12a87ee180d8dd521a89e5b3ab6d7649d8514808441306e55cf6b35a1f782620,"[""proposal_created"", ""proposal_committed"", ""audit_rejected"", ""recovery_recomputed"", ""recovery_audited"", ""recovery_verified"", ""committed_once""]"
30,trust_v2,0,none,0,0,0,0,1,0,,77.96,,0.1,,01d6769b5284a440704e3f74c17c2bf29023e1088cdeec088d26340265b29f15,1,"{""0"": ""fbc9f2ccfc00539f65bbf3002e6acf45509a98e813331344bd1741b3988d7715"", ""1"": ""498ceee37260d415309f158ee4ee002aa9ec79dbca0de745afbae6cb3b7e99b7"", ""2"": ""d57ece1565711814019edd98bb228b914c80c688ecc771ad92b17eaab2757041"", ""3"": ""27899eb54be7b3b5a8bd370b281f49ab22cf065f10afe67fda0c13d06a25dfac"", ""4"": ""a0b57a335a31b2060c733484c5b66b8238691831870d1af26aaef989ae3be566"", ""5"": ""eebbbedc4313726cbe71ab087d58dd29dce1744f385ec6c52b2b9c5b108a26b9"", ""6"": ""f50f4436d1cac894d56203da7d66c1c6526f3b2d476dc76e17de91d60839f084"", ""7"": ""827639a57e964465b1a04c033ca93e9fdd8f1f33732469585fa1a3ae69d9213c"", ""8"": ""4891f2dfe69d8746bfcb355b4dd98e21f019a8d068ec7e03bf4211c2662c022c"", ""9"": ""f786b17173bae670f5c9ad4e99921c3f88bfa6de7c6b6327c0de1b76414cd70a""}",,0,0,0,0,0.0,0.0,"{""0"": 4.443214275755778e-17, ""1"": 7.886500537181387e-17, ""2"": 5.0062023180248304e-17, ""3"": 1.1617951839357917e-16, ""4"": 0.22774440358003809, ""5"": 0.021779028342707327, ""6"": 0.027957369673578897, ""7"": 0.3563986553885936, ""8"": 0.23399193072802887, ""9"": 0.1321286122870528}","{""0"": 4.443214275755778e-17, ""1"": 7.886500537181387e-17, ""2"": 5.0062023180248304e-17, ""3"": 1.1617951839357917e-16, ""4"": 0.22774440358003809, ""5"": 0.021779028342707327, ""6"": 0.027957369673578897, ""7"": 0.3563986553885936, ""8"": 0.23399193072802887, ""9"": 0.1321286122870528}",[],[],1,0,0,0,0.0,12a87ee180d8dd521a89e5b3ab6d7649d8514808441306e55cf6b35a1f782620,328ef842d27806ccdda7d4c2dac1722c0acdc105d2216c504292cca054aa61a4,"[""proposal_created"", ""proposal_committed"", ""audit_accepted"", ""committed_once""]"
31,trust_v2,1,A2,0,0,0,1,0,1,V2,65.45,,0.1,,81524b83af7cdb188e9db2937c7ede5ce93e443b9c01a1bbb2b07a0eb0962891,1,"{""0"": ""78a4b78697fb8f8e990b958f4dfacf5dfe6b3d6cd6c65547c708fc5ee3b24434"", ""1"": ""a1ef2a3a16207a897ba2004358e3e3972e0466bae85ba7ea6cfdb2df5c0ae9ed"", ""2"": ""c92e2b177aee223484a87082d697d0b5cba16a0e0eca9a2b90a4f9ef202b48b7"", ""3"": ""b4574592eb7c1af83fc09fd73583d4ab7b1308b09008a63f0a1d4306616dd399"", ""4"": ""1c212e8ed35eed7ee536888c49094b3115c6b476331b57991845e4bc8e071488"", ""5"": ""eb15966fb8a0c1263bd3e1b0f997b2e1aa5f277baf1a2fe469f5d692a6962930"", ""6"": ""640c783f1c520e5a90d703ee6d45f1997744c780556ea8556c8754f45a518369"", ""7"": ""c24a8b677f0fb5a155537a3e6dbacc877e69b12ecccd0f811a4a4ad84cb67e31"", ""8"": ""e8012da630578dc0ced065a236d9d4bf6ee1d182a533f43389017b01cf6dce7a"", ""9"": ""6e35fa0504b02b742bd47047f151179798094aa6cd9b230b5bf14ff1f467f3c5""}",7029b71d69c727c809b4a6aecd41db7f221a4f5ecfb205edf4ecdddd7e361168,0,1,1,0,3.7120823789944137,0.0,"{""0"": 1.3329642827267336e-17, ""1"": 2.365950161154417e-17, ""2"": 1.5018606954074496e-17, ""3"": 3.485385551807376e-17, ""4"": 0.06832332107401146, ""5"": 0.7065337085028123, ""6"": 0.008387210902073672, ""7"": 0.10691959661657811, ""8"": 0.07019757921840869, ""9"": 0.03963858368611586}","{""0"": 0.125, ""1"": 0.125, ""2"": 0.125, ""3"": 0.12500000000000003, ""4"": 0.03416166053700573, ""5"": 0.35326685425140614, ""6"": 0.004193605451036836, ""7"": 0.05345979830828906, ""8"": 0.035098789609204345, ""9"": 0.01981929184305793}","[0, 1, 2, 3]",[],1,0,1,1,0.0,328ef842d27806ccdda7d4c2dac1722c0acdc105d2216c504292cca054aa61a4,9af6cd8c0c73685fbdedd73b80adfd47b6ade1916cc7ee1d168d7735b619a516,"[""proposal_created"", ""proposal_committed"", ""audit_rejected"", ""recovery_recomputed"", ""recovery_audited"", ""recovery_verified"", ""committed_once""]"
32,trust_v2,0,none,0,0,0,0,1,0,,72.42,,0.1,,ee01f5b83f45f182d31de8e3c27c46e56f6bab4464a8134eb35a9f036ef39c09,1,"{""0"": ""129efed1404dd7986adc21e21e43c0c4cff2f2d24230f9697acbb15a54c54495"", ""1"": ""6c50bed663b67aa9b49c1a5857a91f22916e2bd7c41301d9184447eca0998544"", ""2"": ""a38fe9cdf2205c1d70cd5b1accc3d239b60d36e4186f65ab386f036f140830f9"", ""3"": ""a86fb40ebeb1ed70767e2568f02ed0c2b0c8e6b6aac1263df820e2da8c9f2f98"", ""4"": ""f90a8b368da0c2e16fa3fe27bf015acc611663b4eb053f6bb5b808af0ceeefec"", ""5"": ""3fb91b8f2cdb4a0c94acaed7f3c34797498e89993afc2043dae2eb9b4379bb19"", ""6"": ""ed9810a6d795f44cd6f1f44b2ff6ee792f6d0f171a6f0adcf63d20fd215ae944"", ""7"": ""87af721efbef1340426d41939e82e33d8bc2d43d2a1d72a0e23c79596656ffe8"", ""8"": ""dde86697b9eddd84f052de499b173a9e6a231d6b20bd0ea8421103bcfc321d7e"", ""9"": ""2bc9149684a5c3a04d213cf2c7e78d2e0968d2dae51f725047782b26b017c337""}",,0,0,0,0,0.0,0.0,"{""0"": 3.998892848180201e-18, ""1"": 7.097850483463252e-18, ""2"": 4.5055820862223495e-18, ""3"": 1.045615665542213e-17, ""4"": 0.12983061685381636, ""5"": 0.2119601125508437, ""6"": 0.0751123518684727, ""7"": 0.03207587898497344, ""8"": 0.4135453572942503, ""9"": 0.13747568244764358}","{""0"": 3.998892848180201e-18, ""1"": 7.097850483463252e-18, ""2"": 4.5055820862223495e-18, ""3"": 1.045615665542213e-17, ""4"": 0.12983061685381636, ""5"": 0.2119601125508437, ""6"": 0.0751123518684727, ""7"": 0.03207587898497344, ""8"": 0.4135453572942503, ""9"": 0.13747568244764358}",[],[],1,0,0,0,0.0,9af6cd8c0c73685fbdedd73b80adfd47b6ade1916cc7ee1d168d7735b619a516,69d20e86c083902a88ac2ec7ae0a8bf24ce36a424b24789016d2ec64a15fe7fc,"[""proposal_created"", ""proposal_committed"", ""audit_accepted"", ""committed_once""]"
33,trust_v2,0,none,0,0,0,0,1,0,,78.88,,0.1,,693665ba40c98285a6f13765418eff22db45d72c92bbd7c71fe76f317f3b3667,1,"{""0"": ""4b6a23bdb530dbad8e900461a178319cfca322f418638ef98cdfdbd555ac481e"", ""1"": ""822459572ce69f70e2ad662a6e55d8dee5080dda83b7d4a53e2a46ecb7b52300"", ""2"": ""e5b573153f263a850c1840d86eee583c20ef18bf76a61a2e07baca1f32f6f6f1"", ""3"": ""5dbb40b1cb050f6d3e66309229c1f31e9fbcb3d2c4445ade1cd88a70fdd78a0f"", ""4"": ""e9c48c920d966c879ff890d3492c72ee68f5feb14651e52039249734ebfe6b2d"", ""5"": ""3fab7f4174a11dad5ce1c973a0047c8d0a6fb75255999c2e49605addd3026f97"", ""6"": ""14594394bc814952d676123595cf575168e244a202449249ec85ca013985c888"", ""7"": ""98a9125a7b8051bc45d44d2b907acfbe27ab1a6dad01a1287b6704cedc275eb0"", ""8"": ""e5be701d1b6a29fbba178c8d022a856ee6d91e21b6cb750990938a45b2b9f524"", ""9"": ""87d680968f21f8ebd77f1c39fc28afe5f401073af5e7d83c979d5610846244fd""}",,0,0,0,0,0.0,0.0,"{""0"": 1.1996678544540603e-18, ""1"": 2.1293551450389757e-18, ""2"": 1.3516746258667046e-18, ""3"": 3.1368469966266385e-18, ""4"": 0.3889491850561448, ""5"": 0.06358803376525311, ""6"": 0.3725337055605417, ""7"": 0.009622763695492031, ""8"": 0.12406360718827508, ""9"": 0.04124270473429307}","{""0"": 1.1996678544540603e-18, ""1"": 2.1293551450389757e-18, ""2"": 1.3516746258667046e-18, ""3"": 3.1368469966266385e-18, ""4"": 0.3889491850561448, ""5"": 0.06358803376525311, ""6"": 0.3725337055605417, ""7"": 0.009622763695492031, ""8"": 0.12406360718827508, ""9"": 0.04124270473429307}",[],[],1,0,0,0,0.0,69d20e86c083902a88ac2ec7ae0a8bf24ce36a424b24789016d2ec64a15fe7fc,40d48966cbd7aa4f961bc7deee35a78eec8144c84f5797af9e4d108674c72816,"[""proposal_created"", ""proposal_committed"", ""audit_accepted"", ""committed_once""]"
34,trust_v2,1,A2,0,0,0,1,0,1,V2,77.57,,0.1,,983d05311e8e7faa901a4aed961d7c2a7192ec19590a8cf2aeaa629fbb012abe,1,"{""0"": ""9c66f71c84b1dee6413d28e6bc8a0659f51317dde1706374243fd8bd4adce3c8"", ""1"": ""50312d8daf19e3769c066f7b7de5b7f6f540fba4b4401b51f62417d4b6b7d412"", ""2"": ""5bb77aa6408ff0d2cc1d3aa222ccc516ce631efa081f86dabec126db7d35af07"", ""3"": ""a15a0c674def0afe0e0831413c0c3909cf9da59b85552e51aa375f7311f312e9"", ""4"": ""3ba0525dc5e3780e41f71354f60f5eef01453a052a6d69ad8ed31a4d1280c5d3"", ""5"": ""a03958c5a9f86d93087b2de830732836768c5ff8bdf0f1ee7ac2a52e6d67080b"", ""6"": ""9260e2602b7dbf63179e28f23c41c9f240d974a09f6bfc0ee1a0f98e6f0080e2"", ""7"": ""5086f2a51a80d5e80b787c4c4c2e62a39ce7b524ba61a515bcca25f62ce43950"", ""8"": ""3e0f5ebe3693859dfec39c8927df127a96bf49c6959581ad571e74605ddb6ebb"", ""9"": ""c7ac29576d4c50c64a9d4b3704c434d73c43f2f2fea428503978dbcc8db63e4c""}",7f1b04473915ae177c83ae0a7a83a03968bf6aa7a818b83713e2f3959ad8b098,0,1,1,0,3.033843417616913,0.0,"{""0"": 3.599003563362182e-19, ""1"": 6.38806543511693e-19, ""2"": 4.055023877600115e-19, ""3"": 9.410540989879919e-19, ""4"": 0.11668475551684347, ""5"": 0.01907641012957594, ""6"": 0.8117601116681626, ""7"": 0.0028868291086476105, ""8"": 0.037219082156482536, ""9"": 0.012372811420287923}","{""0"": 0.12499999999999997, ""1"": 0.12499999999999997, ""2"": 0.12499999999999997, ""3"": 0.12499999999999997, ""4"": 0.05834237775842172, ""5"": 0.009538205064787968, ""6"": 0.4058800558340812, ""7"": 0.001443414554323805, ""8"": 0.018609541078241264, ""9"": 0.00618640571014396}","[0, 1, 2, 3]",[],1,0,1,1,0.0,40d48966cbd7aa4f961bc7deee35a78eec8144c84f5797af9e4d108674c72816,e0a02eca10e11d7152cf49387a66f1d11e8fa6742a258c00ce4141b65dc19fd3,"[""proposal_created"", ""proposal_committed"", ""audit_rejected"", ""recovery_recomputed"", ""recovery_audited"", ""recovery_verified"", ""committed_once""]"
35,trust_v2,0,none,0,0,0,0,1,0,,80.61,,0.1,,ab114f4dcce25869380220d44af6767588ce6c8fed49cb27882a11d2e2dc5634,1,"{""0"": ""d1aa430e4193a110e8b62b232fdf07dfffd09a27904d6e124eae035089b65a92"", ""1"": ""f0edd6b25e473906ec419b6960905a2d13bd98579a3120583feb4cc58d05b326"", ""2"": ""e412090b2297ab8fbc4ea16a577787d094dbd82a41fa0db5b514e5cd8ea22aac"", ""3"": ""51528c9b58185a4644e4c98c3c53de9f868120ecd4435f4b2d6dc2df50167750"", ""4"": ""642c59cadaaa255c42afc177299f62a3f691786e3c687beab448055458f090bf"", ""5"": ""b86ec516cb534aba9d0fb645e01447aa0cfe7bd192d6c4da78f3d1ad0f135774"", ""6"": ""8e978bd61cfae3ea3df787a497f07f2655f5671783e46b7036d6baa6816282d4"", ""7"": ""068460af840c25eaa62cc048367d317e12dc193db977e2706ad671df61b53bcc"", ""8"": ""29b2aeaea64f281b98529dafd8b8e56bfe8c2675f6f6974fdb4c064b7885ce0e"", ""9"": ""0cfd0200103b55c7361a4fd8808a4277f929817d0dc13496f66269f6a533ff6a""}",,0,0,0,0,0.0,0.0,"{""0"": 1.0797010690086547e-19, ""1"": 1.916419630535079e-19, ""2"": 1.2165071632800347e-19, ""3"": 2.823162296963976e-19, ""4"": 0.12887209841081226, ""5"": 0.07731266348820628, ""6"": 0.24352803350044883, ""7"": 0.17904724466423, ""8"": 0.1893469205785805, ""9"": 0.1818930393577221}","{""0"": 1.0797010690086547e-19, ""1"": 1.916419630535079e-19, ""2"": 1.2165071632800347e-19, ""3"": 2.823162296963976e-19, ""4"": 0.12887209841081226, ""5"": 0.07731266348820628, ""6"": 0.24352803350044883, ""7"": 0.17904724466423, ""8"": 0.1893469205785805, ""9"": 0.1818930393577221}",[],[],1,0,0,0,0.0,e0a02eca10e11d7152cf49387a66f1d11e8fa6742a258c00ce4141b65dc19fd3,3e47a9048e26eb1218f98a4360c0376a42907722a290a7474daea3b13a196eb3,"[""proposal_created"", ""proposal_committed"", ""audit_accepted"", ""committed_once""]"
36,trust_v2,1,A2,0,0,0,1,0,1,V2,79.44,,0.1,,713fc76bd5c2ae8eb9477793ac08e732cfad150379724c961c2e8c3078805aba,1,"{""0"": ""0669bc6de38378b7f2d79248ddc37d40cf0e185166178c3ebf8cacfe821f5428"", ""1"": ""e33d62750f5fff78cb5c5dd6354241afe1e0ce5b83383034ffc72609280e2734"", ""2"": ""1e054d09c68c761074d4c7a045854907e1a1c72a89db3c7dc5662bcd18fc7af3"", ""3"": ""c2b88cb4ec50545ae4327f2e5f56cf7ac3914f319bf7cd36533685dad72009aa"", ""4"": ""c4b234e0afbc8cdd1bd8104b40634c5ccf89912f3a3fb7767cbd5a0379a2b2c9"", ""5"": ""4540466b350faf55586be7cd461d1d828dc5db1ac73568169652acf332fee2f7"", ""6"": ""303ecbd2b629c2a05ce5ee9cc7fd3368d6a3d4795fc55117e56dda1bb118c29c"", ""7"": ""222913ed528afca2c25de21086efcf9ead35cfcbf7f8f4da1f07d02fae5304e2"", ""8"": ""10b76bae0d589f6a73d4514612b9aaa94d2e53e4aac4944985a23d24e4b31c92"", ""9"": ""d95d1b49419fe9b9acd8371c70bab28e9f4c8bc69ab0c78f1b617deb2e7cc457""}",cd75920e62c6555a2a7f0a844079189914a439deabb0248a8ece76afdb96ecd1,0,1,1,0,1.2736568393028547,0.0,"{""0"": 0.06999999999999999, ""1"": 0.06999999999999999, ""2"": 0.06999999999999999, ""3"": 0.06999999999999999, ""4"": 0.10866162952324367, ""5"": 0.09319379904646188, ""6"": 0.14305841005013464, ""7"": 0.12371417339926899, ""8"": 0.12680407617357414, ""9"": 0.12456791180731662}","{""0"": 0.16, ""1"": 0.16, ""2"": 0.16, ""3"": 0.16, ""4"": 0.05433081476162183, ""5"": 0.04659689952323094, ""6"": 0.07152920502506732, ""7"": 0.061857086699634495, ""8"": 0.06340203808678707, ""9"": 0.06228395590365831}","[0, 1, 2, 3]",[],1,0,1,1,0.0,3e47a9048e26eb1218f98a4360c0376a42907722a290a7474daea3b13a196eb3,93fad81ecd9b30155d42fd6777f97bda69439f6ad9f587566af24d907095abef,"[""proposal_created"", ""proposal_committed"", ""audit_rejected"", ""recovery_recomputed"", ""recovery_audited"", ""recovery_verified"", ""committed_once""]"
37,trust_v2,1,A2,0,0,0,1,0,1,V2,78.08,,0.1,,c46c62783394576c6330169470c8d7f895a2b40f8dbeb6e51d134b4dea9748b1,1,"{""0"": ""231b181d0a20e86edb67a4b1c262893689f3f9018f7740c5cf01084d32a3ba4c"", ""1"": ""bcfd782aebbb8578439097785d001ab3ba99b7b5c0a666f134447cc4fa642281"", ""2"": ""6adc2cb4b706af2a0cf69f5f6e6c992dbcef2fb9c467e48183e5ebcf6710f6be"", ""3"": ""e492072d8c8910014bae24d20387dcaec2bb3bc0dc6761394ffdb979b8ea284a"", ""4"": ""eb6a0b35b6fe022829591d1229fa4e90fae0f76761d504fc1ee5d605b07177d6"", ""5"": ""691a5112aa32dd9c60c4fa54728748d86e54b4226fecf5202869ad79ac303d45"", ""6"": ""aba991ab93b45370fe6350a64a8e5090a7e382ac45fdac01626a7b36919ce1d0"", ""7"": ""8aff70abf962faf45cb2c7c94bc7b2ba1505edf3ee8db5950f712cd80d26a1b0"", ""8"": ""cb044b3ae8fca2ab25297ccbe8c08f158edf12ed05e00f16d993023627291986"", ""9"": ""d4abbdc863a07a5ecb6c9529aa1845255a704c1e43016c1f9eaa855d0e41e359""}",bcf7d42ca33eea8eeb1bc1af033e1872aaab2dae1d23888ff8dd13c8cddf09d6,0,1,1,0,3.2710790079431527,0.0,"{""0"": 0.021, ""1"": 0.021, ""2"": 0.021, ""3"": 0.021, ""4"": 0.037954299361200206, ""5"": 0.05290444853176608, ""6"": 0.045117161404651586, ""7"": 0.4586472367840876, ""8"": 0.038041222852072246, ""9"": 0.2833356310662223}","{""0"": 0.1355, ""1"": 0.1355, ""2"": 0.1355, ""3"": 0.1355, ""4"": 0.018977149680600103, ""5"": 0.02645222426588304, ""6"": 0.022558580702325793, ""7"": 0.2293236183920438, ""8"": 0.019020611426036123, ""9"": 0.14166781553311114}","[0, 1, 2, 3]",[],1,0,1,1,0.0,93fad81ecd9b30155d42fd6777f97bda69439f6ad9f587566af24d907095abef,1281cf32a129e258ad97f80c82cf0647849c713eeeaf34396f7f6fe2d53cd9a1,"[""proposal_created"", ""proposal_committed"", ""audit_rejected"", ""recovery_recomputed"", ""recovery_audited"", ""recovery_verified"", ""committed_once""]"
38,trust_v2,1,A2,0,0,0,1,0,1,V2,67.11,,0.1,,8f990651cd51554643e831be30391f6db6d64426d41254fef9d89eefda069fb6,1,"{""0"": ""2bfca528c5210bafc35e1babcba5890b2f5cf45dfee8e91d89fc69cd48970427"", ""1"": ""98e8bd5dd765ee8273e2e4af553f9fe3ffc10d1d3e67c655acc5e2ed0e80c617"", ""2"": ""c883196fd93ae8717fd528683d9e5490b76802cab6d3e667f26ac65ac5bf220c"", ""3"": ""ea0c769f50fd7ba8501651e6b5176b459fbcd436573d1b170fd779ffa5a05ff3"", ""4"": ""d3dc3fd050e212c8353e9356de566daa6e284e1e84164f88d84899e66a8f2548"", ""5"": ""7ce134d49b1b39f4b3f5482804507dc09534a6b5991925074a6d985090479e7e"", ""6"": ""7f39586a0a8468aff9ab0eea3fd9c7da650ae5c8f5c627a00e070138b1f8f48c"", ""7"": ""309733e822e8e11521528621be0a587ec5c52220ee7a844e6b474e931227203d"", ""8"": ""a55b2bf64da35cec6f9dd9c269831e4ebb8fed6b0632da8a6c4a627e8b6eb298"", ""9"": ""4b2714cae9786ec0b921eea3ab556050b30d8054a3f63324b0786a5932207018""}",1bf5fc85f6d8cd61f4097361f547da21e782d057244d0fd81d2df52a7d47691b,0,1,1,0,3.3648536301869814,0.0,"{""0"": 0.006300000000000001, ""1"": 0.006300000000000001, ""2"": 0.006300000000000001, ""3"": 0.006300000000000001, ""4"": 0.011386289808360064, ""5"": 0.03154015236421799, ""6"": 0.013535148421395478, ""7"": 0.8164240609163589, ""8"": 0.011412366855621676, ""9"": 0.09050198163404605}","{""0"": 0.12815, ""1"": 0.12815, ""2"": 0.12815, ""3"": 0.12815, ""4"": 0.005693144904180031, ""5"": 0.015770076182108992, ""6"": 0.006767574210697737, ""7"": 0.40821203045817933, ""8"": 0.005706183427810837, ""9"": 0.04525099081702302}","[0, 1, 2, 3]",[],1,0,1,1,0.0,1281cf32a129e258ad97f80c82cf0647849c713eeeaf34396f7f6fe2d53cd9a1,d2cd16aeaa86418c1f271df5f152ea0a70ec4940dfc32aae981e8744f1fdba78,"[""proposal_created"", ""proposal_committed"", ""audit_rejected"", ""recovery_recomputed"", ""recovery_audited"", ""recovery_verified"", ""committed_once""]"
39,trust_v2,0,none,0,0,0,0,1,0,,78.55,,0.1,,a4b76b3bf57eb7d620d78fd65ef5018e225c6312f7945119e6f17cbaae7f7480,1,"{""0"": ""5cf171c0d09d405070039894506accd1483fe4a4d698a178fa004c399cbf301b"", ""1"": ""51c9e0b3c0ff6b9641bf9f68f35f00cc2b90221a002cab8c19be581139449541"", ""2"": ""81760828057dbe6d41a5f63792e646b67d5ebf434a854293d8d85a57f1dbcbbe"", ""3"": ""4be329d55d3bf7024570fdad990e602a019512c41fba80995eb5718da6713e1d"", ""4"": ""b8fa04b94bb0b50741076779286ed1f3ae34b683464d1c0ac32a6011f826aa33"", ""5"": ""36e0eb21886f2bc5c2950315c16196db1485ceafc0f46b8ec67539e5686c022b"", ""6"": ""8169dfce61554d6b3f4cb7fe7a316c466e07ff13457a1030babe8ecfec29b58a"", ""7"": ""942df7621afd21721142730b36efce9e5c8fca2923e69b4ef84a1caebd44cbca"", ""8"": ""4409546446dd730e24e096d027d8c6ba9a14485983f9db4fea90f9eb1d3b4f92"", ""9"": ""d88b5e6ab36f065dd53603e79eae3a5375d9591b7fd8bf846b360feac5a66065""}",,0,0,0,0,0.0,0.0,"{""0"": 0.0018900000000000002, ""1"": 0.0018900000000000002, ""2"": 0.0018900000000000002, ""3"": 0.0018900000000000002, ""4"": 0.2367492202758413, ""5"": 0.009462045709265397, ""6"": 0.004060544526418643, ""7"": 0.24492721827490765, ""8"": 0.2367570433900198, ""9"": 0.2604839278235471}","{""0"": 0.0018900000000000002, ""1"": 0.0018900000000000002, ""2"": 0.0018900000000000002, ""3"": 0.0018900000000000002, ""4"": 0.2367492202758413, ""5"": 0.009462045709265397, ""6"": 0.004060544526418643, ""7"": 0.24492721827490765, ""8"": 0.2367570433900198, ""9"": 0.2604839278235471}",[],[],1,0,0,0,0.0,d2cd16aeaa86418c1f271df5f152ea0a70ec4940dfc32aae981e8744f1fdba78,faccfe6a373434c1a2d85b9d3e99983e911a63b19eef6ba5f525476653b32eac,"[""proposal_created"", ""proposal_committed"", ""audit_accepted"", ""committed_once""]"
40,trust_v2,1,A1,0,0,1,0,0,1,V2,79.64,,0.1,,29beb923ce2689b41421d1e3de40ec4fdb89ca521ba0e8a93593da4955b29f88,1,"{""0"": ""5851332079a1cd591de59a8f4f8593337dc8288a6266ff4f0980a689836301f3"", ""1"": ""8c01ba3de9f9c61ca606c09b4a784317452f4de6d906c1b92e944aa7513b1ec9"", ""2"": ""7cde62c02f233bdb09a08f656ccb01e042b3f2bf678d4adef20689447344f53d"", ""3"": ""9bd482819bc18e4c3ecd9fb8dc997fb37bf090f8b7fd28e03c1d18cb60f61545"", ""4"": ""1b4d9c413a10a2552a79f894e9ce9bb84b905d12b15e09596b6367c7ae2838da"", ""5"": ""99f1a2175c38ecd475297060e4db1f32390f9bfbbe4f01a7ee81b2f5555d5d9d"", ""6"": ""214ca92e9c5cad345d8e9e4bfb53718fb83f403e85231cdcde50371c4662b89a"", ""7"": ""fba57a6ac66ea5e8a7ec07de5b18829502bde0e35343f2ffd2e51c7072bfb31e"", ""8"": ""634824bbf795cb813e66cb07e6fcf387adc572f89b4f6dda2883db7ff2710ffd"", ""9"": ""9fb598703e4191735473d9e45515c8dd677190667965240d3049bd355a78d7e2""}",38d86251b36b429d53ebbf593571e88c1a1f3558b2f639cc1c2a5b12e834d9a5,0,1,1,0,3.929514156726549,0.0,"{""0"": 0.75, ""1"": 0.75, ""2"": 0.75, ""3"": 0.75, ""4"": 0.0710247660827524, ""5"": 0.0028386137127796194, ""6"": 0.7012181633579255, ""7"": 0.07347816548247231, ""8"": 0.07102711301700596, ""9"": 0.07814517834706415}","{""0"": 0.18760637281338519, ""1"": 0.18760637281338519, ""2"": 0.18760637281338519, ""3"": 0.18760637281338519, ""4"": 0.017766264992939096, ""5"": 0.0007100560299638944, ""6"": 0.17540399490459227, ""7"": 0.01837996280953108, ""8"": 0.01776685205936915, ""9"": 0.019547377950063723}","[0, 1, 2, 3]",[],1,0,1,1,0.0,faccfe6a373434c1a2d85b9d3e99983e911a63b19eef6ba5f525476653b32eac,c7fa2eab45cd2974f233d12ca08bb923e024b43e23a844270ad572121bf1b747,"[""proposal_created"", ""proposal_committed"", ""audit_rejected"", ""recovery_recomputed"", ""recovery_audited"", ""recovery_verified"", ""committed_once""]"
41,trust_v2,1,A2,0,0,0,1,0,1,V2,70.52,,0.1,,3b99c55f839723872717bbd91bc4b815bfd9876ee368e3f0b5b9345b5a09308d,1,"{""0"": ""ee0205eaf2dd64d8d2a42fee9745de257451df99d859eefaf0c3f6e63a8db08d"", ""1"": ""26454d9fa1d48f8b8817c2657ed93982e542fcfaa4580c8e2c7015bd7c006ac2"", ""2"": ""c98e53a3614523ae1bbf3940fa3a2de6a247b92e8cf90ff10a211dd77c2a35e5"", ""3"": ""48ea9a95d9cb202e5c0f74544b675db9d39e134c43e85f5fcd176da5cb94f820"", ""4"": ""e07c832dda53fed528abf15ddee195d26ec28837c5d59334194124d1eff5f006"", ""5"": ""7786c55df43054dfab7c22d20404f2fb4c121792ae53e252dee4fe770153dfc3"", ""6"": ""21423345269810bc662f09a8e3a6bcfa1062aaff95dfc89e3ec508d62bd2557f"", ""7"": ""ec939742b5eaeb3d6f6fe2f8a8bc77b850c5ecd508bf3b59e01024f9c0909f44"", ""8"": ""666e94cfdee3e09278cea3357227200fa7408019df5be516bcb863957a760645"", ""9"": ""516ba32912018aa2810ed69aba7c6851f33fe34c64821dddca6c675caf2ada61""}",8c67977b65057d7f9a644170dc5b5ec721365c067fd624e829dfbd140417e4d8,0,1,1,0,2.299640731488907,0.0,"{""0"": 0.0001701000000000001, ""1"": 0.0001701000000000001, ""2"": 0.0001701000000000001, ""3"": 0.0001701000000000001, ""4"": 0.021307429824825728, ""5"": 0.0008515841138338861, ""6"": 0.21036544900737772, ""7"": 0.0220434496447417, ""8"": 0.7213081339051018, ""9"": 0.023443553504119252}","{""0"": 0.12508505, ""1"": 0.12508505, ""2"": 0.12508505, ""3"": 0.12508505, ""4"": 0.010653714912412864, ""5"": 0.00042579205691694303, ""6"": 0.10518272450368886, ""7"": 0.01102172482237085, ""8"": 0.3606540669525509, ""9"": 0.011721776752059626}","[0, 1, 2, 3]",[],1,0,1,1,0.0,c7fa2eab45cd2974f233d12ca08bb923e024b43e23a844270ad572121bf1b747,637ae5666f94df0d46d174b8f03ed33a4f4edd613269e3f8ae93f6ed7d2fde4a,"[""proposal_created"", ""proposal_committed"", ""audit_rejected"", ""recovery_recomputed"", ""recovery_audited"", ""recovery_verified"", ""committed_once""]"
42,trust_v2,1,A1,0,0,0,0,1,0,,16.91,,0.1,,6a1a046e97a70d2bef2f63d50baf546babe06850127c3387f2a104a403adfa3e,1,"{""0"": ""ecf4eeb4ba33fe26b75a3d44d308c4b9252086f277edf0fbe1695313ddda66b1"", ""1"": ""f8dcd6e359dda7bc03148ae74b5062dbd77391a012b353b615fde515e6f4189c"", ""2"": ""fba004c70f77399a17f02ca2f26f84823494ad6f802464c800f124e567b8e8fb"", ""3"": ""a50da09fe5ac134f37ac666b5a52e4444e074782ac0ef633df96350b372f671e"", ""4"": ""201c1a98b2f7df32379bc74a5f04e737fa153448dfe0f6d1f3f9d20d505c5394"", ""5"": ""0d55fe544ecc2e92dfa8c43d987645ac02a4e60848e3b9619ec38dbb2ade7d15"", ""6"": ""6df3fb3f1d123a84974b7d4b86cf6c5ac3c5d97dd0cfdafbe4d16292842188b1"", ""7"": ""be8cfc06a8578a107734bfc25986591a82d209e152d7feeb184e96824050b7f8"", ""8"": ""6abc4bb87c7ee3f34eccaf72861a79352d3df6a67c90e6f247605c2e7341b566"", ""9"": ""ab98722ff74b637f1dc37ba34a9e997dbbcd7aa313b475a266034a2d6cff49a8""}",,0,0,0,0,4.375691721846447,4.375691721846447,"{""0"": 0.75, ""1"": 0.75, ""2"": 0.75, ""3"": 0.75, ""4"": 0.18158743714116574, ""5"": 0.17545068342786818, ""6"": 0.23752401012105923, ""7"": 0.18180824308714053, ""8"": 0.21639244017153053, ""9"": 0.007033066051235775}","{""0"": 0.18750956861328633, ""1"": 0.18750956861328633, ""2"": 0.18750956861328633, ""3"": 0.18750956861328633, ""4"": 0.04539917600524298, ""5"": 0.04386490928328777, ""6"": 0.05938403289746356, ""7"": 0.04545438030881229, ""8"": 0.054100870810320084, ""9"": 0.001758356241727959}","[0, 1, 2, 3]",[],1,0,0,0,0.0,637ae5666f94df0d46d174b8f03ed33a4f4edd613269e3f8ae93f6ed7d2fde4a,3a54c231d6d2bdc68bd2bb4ebc2b697dfda83fea6f26751a8852bb72334270cf,"[""proposal_created"", ""proposal_committed"", ""audit_accepted"", ""committed_once""]"
43,trust_v2,0,none,0,0,0,0,1,0,,75.73,,0.1,,b15421823a0dc19d4e7060e95c63c7e9a8e90f9107a4c5d32fafe3470efca81d,1,"{""0"": ""99d161995bf56ada6029889ae9c6e9b278bbc12bbede306f5e71d2284dc69d89"", ""1"": ""8ea43d30d0e2bd87d9c110c0068676d0a5c386e7d008251dfdaf3b6b33b81e04"", ""2"": ""1d0136cc367ac46844cf9dcd0a83d943a2b121bef4c732eba8922b69233268a1"", ""3"": ""5b64f3c4c39974fafd983f18e3ff82839cfbdbff31e8df60fdd526204f69f773"", ""4"": ""654b685f10b9f291e565aa2dd9a2a53495da187102838cc0c8523bc767b08a1b"", ""5"": ""7bcee628bb0fbf0eafe802113a0de4b65219bd4b6468b463c5351f8dc9964e57"", ""6"": ""ff5f6fd7492e45b27b07404419c821d3002cdcc6480ba619ec7b95b70e7af338"", ""7"": ""e0fb06c9f2af9726bb8c3a430c173510a3278dc769b879a962347e99b4c63a46"", ""8"": ""3b50ceabe92f5971456608912e5b46863939191701cbba19904683ac388d7bcd"", ""9"": ""7bada2218a3ecabd823156961f65e7117b0ccff8f6753ae031c8bb51639c3760""}",,0,0,0,0,0.0,0.0,"{""0"": 1.5309000000000012e-05, ""1"": 1.5309000000000012e-05, ""2"": 1.5309000000000012e-05, ""3"": 1.5309000000000012e-05, ""4"": 0.20034815534747685, ""5"": 0.16495982908742235, ""6"": 0.2171291272414449, ""7"": 0.2004143971312693, ""8"": 0.06910541117188886, ""9"": 0.14798184402049783}","{""0"": 1.5309000000000012e-05, ""1"": 1.5309000000000012e-05, ""2"": 1.5309000000000012e-05, ""3"": 1.5309000000000012e-05, ""4"": 0.20034815534747685, ""5"": 0.16495982908742235, ""6"": 0.2171291272414449, ""7"": 0.2004143971312693, ""8"": 0.06910541117188886, ""9"": 0.14798184402049783}",[],[],1,0,0,0,0.0,3a54c231d6d2bdc68bd2bb4ebc2b697dfda83fea6f26751a8852bb72334270cf,f209082a47a87d6f69292138e498ce5778237c0a8e6cec32ecba7b9d623077d8,"[""proposal_created"", ""proposal_committed"", ""audit_accepted"", ""committed_once""]"
44,trust_v2,0,none,0,0,0,0,1,0,,78.08,,0.1,,b8bd90c3312c89e6a8c3792220e1b1e6c5c81646d7fbd2c8c8bbf639388ee465,1,"{""0"": ""89cdcf5af5be39076b310284c8ca49305d563cca0f49ccb45af78bdbbd5bf682"", ""1"": ""cbb74fc2b7e139743fd1d5ef34816115438afb45b146a423cb33e73733d5be84"", ""2"": ""0a3a97b52325d4e7e5fe1143f968c6b9e29a48bdc6ac908d56ae342d07677a4e"", ""3"": ""168add76670d3ad308f92287f18011e983cc519bdde3a80e229a58690e8173c6"", ""4"": ""e2100c97a3bf63e21da999888936b0582181b9400a65b90f4cc403a03046b3e6"", ""5"": ""a73c874e0f8280093fb7e2ed57e8a6b87d6d2912bc9a330db853b4255d4aeff2"", ""6"": ""6d21a37e8a86af712d758430c4c497d162dfeeeb0b5a8f28d52ec5924309283f"", ""7"": ""eae34af9d47e4c138e267a115908b2090dd36f63df9e7b009ed0569f93a6cd9f"", ""8"": ""86071234d804e76ce76615e322f6bf8b64fe9ac49d5cd40d689476fc552a9955"", ""9"": ""5390bb8be24429e22557cb92fb15f3c491c5e10f2f7bedf059615823e98b11c7""}",,0,0,0,0,0.0,0.0,"{""0"": 4.592700000000004e-06, ""1"": 4.592700000000004e-06, ""2"": 4.592700000000004e-06, ""3"": 4.592700000000004e-06, ""4"": 0.2141636876724341, ""5"": 0.1332509844534626, ""6"": 0.2191979792406245, ""7"": 0.21418356020757182, ""8"": 0.02073162335156666, ""9"": 0.19845379427434037}","{""0"": 4.592700000000004e-06, ""1"": 4.592700000000004e-06, ""2"": 4.592700000000004e-06, ""3"": 4.592700000000004e-06, ""4"": 0.2141636876724341, ""5"": 0.1332509844534626, ""6"": 0.2191979792406245, ""7"": 0.21418356020757182, ""8"": 0.02073162335156666, ""9"": 0.19845379427434037}",[],[],1,0,0,0,0.0,f209082a47a87d6f69292138e498ce5778237c0a8e6cec32ecba7b9d623077d8,f4c4ab59bebfc88baa9d9ef2cd8a53f1b64396e056d2fc858a20c3f807d43492,"[""proposal_created"", ""proposal_committed"", ""audit_accepted"", ""committed_once""]"
45,trust_v2,1,A2,0,0,0,1,0,1,V2,71.91,,0.1,,d3a85b6c525bee178b85c0bcab1b2c178e8b71b03cef03decbeec8635f7afe79,1,"{""0"": ""157dcb8d1f5469ef523de52b5c492d0781a8303faafd9f0fc143fdf9c37cfd2b"", ""1"": ""a7884756f819680002830218470c8c4aeac2f7225dbc4dccbe387e5c9a8b6daf"", ""2"": ""31eec2f7d103ac679d748e714a569eb115b4c48d9b0f548f199723d7f0ed0c34"", ""3"": ""a6d96a2811d2754b845e634afe97ae5020f98b5d3bd9c9b9be1efbd6b9a7731d"", ""4"": ""3179ec1697525cc3016b51605dbd5b41747ddece56509c34495d9df9431795d3"", ""5"": ""56538bc198a6f8e215076add501fc194349fc9554cfff6f0ce21773892eff015"", ""6"": ""8e8be9125f6082dc560f7f4b1a244854399ac8d7e9def2ff9677b09b2eeb36dc"", ""7"": ""629c1b2a53d0406e8b30896b40d31999d249c2d079e10f31bbc78839c266569e"", ""8"": ""736c424b6fddcbcdfb4bb3f3db91b9244a2dee6d29960e09c1f45a9e1fa2aa2f"", ""9"": ""3264a76bdd4423f56099c6ba66fd6a85f9dd51062e2acab57fa6b69f3c8bad35""}",1a72167eb549b1683936bf3582f081eb4d7b2ecf7aace67fa9154112d1770e50,0,1,1,0,2.4555038842253034,0.0,"{""0"": 1.3778100000000015e-06, ""1"": 1.3778100000000015e-06, ""2"": 1.3778100000000015e-06, ""3"": 1.3778100000000015e-06, ""4"": 0.06424910630173024, ""5"": 0.03997529533603878, ""6"": 0.06575939377218737, ""7"": 0.15693681146628108, ""8"": 0.5197891437394708, ""9"": 0.15328473814429172}","{""0"": 0.125000688905, ""1"": 0.125000688905, ""2"": 0.125000688905, ""3"": 0.125000688905, ""4"": 0.03212455315086512, ""5"": 0.01998764766801939, ""6"": 0.032879696886093684, ""7"": 0.07846840573314054, ""8"": 0.2598945718697354, ""9"": 0.07664236907214586}","[0, 1, 2, 3]",[],1,0,1,1,0.0,f4c4ab59bebfc88baa9d9ef2cd8a53f1b64396e056d2fc858a20c3f807d43492,4392c23ad0cc27550d4da9144c176bfc54c45eb3d96c98ef8e4d2ad6ec5f84b3,"[""proposal_created"", ""proposal_committed"", ""audit_rejected"", ""recovery_recomputed"", ""recovery_audited"", ""recovery_verified"", ""committed_once""]"
46,trust_v2,1,A2,0,0,0,1,0,1,V2,80.73,,0.1,,e5a0f72cbe34dbe07e2bda0a5ac0f99ce196caa81f5e86ab79a2bfe21aa8b722,1,"{""0"": ""615fa714bd98423184cc23e3c5017aed6a1c77304553e0331a726507d3345f64"", ""1"": ""151968bf1164048087110847bbc3824d1aa47b85a9c8e24397328c1ae2fcdfd5"", ""2"": ""0398cc6b0ea251788d4a585d1b1fac080c747ae0bd3b04a0276162fe3451d265"", ""3"": ""7bd9cea052f428d985b2bb9c9b4ac42cc44756d62e05dfe2b592d5fde48c8332"", ""4"": ""17c78f4b0a3892ad974461211cb84f80b567c7033f9088eda344ca365342fb6b"", ""5"": ""b7e866a227630a56b19716f4c550449afa7aca3888a731f6d7d79f318542a756"", ""6"": ""16da1ae1277dfbb21646bfa8dabcab9cbe1a3ca85aa359c2efb297aa6c6a0790"", ""7"": ""3475e27f396553d8e4c92eb7e0279058bfd2b9491bf2cbde50d78bf7fdf5d106"", ""8"": ""e3ea45696b53438f4952986613599d3080b4914ded958d959e70508c237540ba"", ""9"": ""21b9f5d8ea7a3f5397ddf7674ebdefe4f62e164b223dee1275d29e46b7f5ec00""}",86226781c962b21130a25540436f8eb2d942f76a739b9133a4a91934181cb889,0,1,1,0,2.911596117907589,0.0,"{""0"": 4.1334300000000053e-07, ""1"": 4.1334300000000053e-07, ""2"": 4.1334300000000053e-07, ""3"": 4.1334300000000053e-07, ""4"": 0.19180775131337963, ""5"": 0.0936846134637868, ""6"": 0.19226083755451678, ""7"": 0.2196140628627449, ""8"": 0.15593674312184128, ""9"": 0.14669433831173068}","{""0"": 0.1250002066715, ""1"": 0.1250002066715, ""2"": 0.1250002066715, ""3"": 0.1250002066715, ""4"": 0.09590387565668981, ""5"": 0.0468423067318934, ""6"": 0.09613041877725839, ""7"": 0.10980703143137245, ""8"": 0.07796837156092064, ""9"": 0.07334716915586534}","[0, 1, 2, 3]",[],1,0,1,1,0.0,4392c23ad0cc27550d4da9144c176bfc54c45eb3d96c98ef8e4d2ad6ec5f84b3,16bd995faa329b801b93a3cf4b55fd4e890f8b31d609a9a3d6fe2a288d7bedc6,"[""proposal_created"", ""proposal_committed"", ""audit_rejected"", ""recovery_recomputed"", ""recovery_audited"", ""recovery_verified"", ""committed_once""]"
47,trust_v2,1,A1,0,0,1,0,0,1,V2,79.8,,0.1,,e97d351553efdc275d86276c5bec69f2beb3ef9a5a41192f5cef12b607d20b9d,1,"{""0"": ""18787a1a90f4bfa518059a1b2395931bfde854fd2c9d74c8d5c3e8bd2517779c"", ""1"": ""fee92e663ce35d8839dd9eecf7c198d25dcd5f64054c2b519d8515a3a949e13d"", ""2"": ""1dd206e0ff64e1d77d79eb2d704bcd4aa7acf7849591f879d2d68cdab63fcbad"", ""3"": ""80a1aa66e3f85f5d0b5faca675e53d2231920544a7ce942d0dcdd9c855a79557"", ""4"": ""152120154047f9782c50b82e8179b81f59c2be5afa02f9d754a4a95a1bf8a723"", ""5"": ""ecf23b78ef43dcb8bbee8eddcbfd5717ceb64e5f1692488024940ae58f515464"", ""6"": ""a8da2f1f834a2e85b31cc0cb60e90904caf2907cedf0577510a2d27fc0f2ffc0"", ""7"": ""3a97215611829ae737f15cb43a6d0a9b75dfdc2520d7e9ff03464c9f28a42c38"", ""8"": ""3d78fbee92dda9b1e802f44eefff90aaf066c7af98a992bff6fde31ffca58ac7"", ""9"": ""bd7216bdd1d3be72a4b16997611484e7ea306e955f746edcdb421935fcbb5c70""}",e9aabb145abfc93512d6b66dc3bea73380de88d473cd9e3460a34b940137f465,0,1,1,0,1.896659330017219,0.0,"{""0"": 0.75, ""1"": 0.75, ""2"": 0.75, ""3"": 0.75, ""4"": 0.1275423253940139, ""5"": 0.09810538403913605, ""6"": 0.12767825126635504, ""7"": 0.13588421885882349, ""8"": 0.1167810229365524, ""9"": 0.11400830149351922}","{""0"": 0.20161293010815914, ""1"": 0.20161293010815914, ""2"": 0.20161293010815914, ""3"": 0.20161293010815914, ""4"": 0.034285575913993886, ""5"": 0.026372418580688596, ""6"": 0.03432211513186083, ""7"": 0.03652802069278104, ""8"": 0.03139275228702196, ""9"": 0.030647396961017103}","[0, 1, 2, 3]",[],1,0,1,1,0.0,16bd995faa329b801b93a3cf4b55fd4e890f8b31d609a9a3d6fe2a288d7bedc6,a0c69a08b1418a2a5e5ae9a5a9fe8cd54abf7e5901ec1289d82bdf18135057d8,"[""proposal_created"", ""proposal_committed"", ""audit_rejected"", ""recovery_recomputed"", ""recovery_audited"", ""recovery_verified"", ""committed_once""]"
48,trust_v2,1,A1,0,0,0,0,1,0,,6.18,,0.1,,0bea6ff87f9fd654d9cded43a82e7e0fac3a3be7af6afa48832300fb3f9a8d6d,1,"{""0"": ""4877882db5a601bb61937b1de359abe1a6ce997cdaab8df0b620df9ac982b7a4"", ""1"": ""4cbcf99f5c9c8b482c8d5f1e96bde2319a12c307a94245146e9803ed6838b2f7"", ""2"": ""27b92c0a431205f402dc64fc54586a3d3ef10947e105980c7e20f081a178ac8c"", ""3"": ""00e05ee96d1247b13cea11a13d1196d9e7ff0e2e27aff2f27dcdd08d93423440"", ""4"": ""95ace5ea0a09bd7240aec719630d7ad5b2dac4356406684cdb5b871e49b5573a"", ""5"": ""1f01f9496d44bc9096c1ef99799db7163004768b4b0dca9d7c5c448b2a6b63a1"", ""6"": ""cf95dc73220d5c591de8ce843296f75942f7d88e09f4267a25b635d2df110b5a"", ""7"": ""ce04b84317b014f3bb3302089f019e437df0d098a4e5916a3b2c15679871110e"", ""8"": ""d0860af797b2d18d9fa73cf8d017b7e7299a48ff0523e7ea29c66718955e8f36"", ""9"": ""3a3a4f1339eebf25c1018b44e36057b6cf8f718c23a9d74276e8ae9d20e5aa29""}",,0,0,0,0,1.849504014893549,1.849504014893549,"{""0"": 0.75, ""1"": 0.75, ""2"": 0.75, ""3"": 0.75, ""4"": 0.10826269761820417, ""5"": 0.09943161521174082, ""6"": 0.10830347537990653, ""7"": 0.11076526565764705, ""8"": 0.10503430688096574, ""9"": 0.10420249044805577}","{""0"": 0.20627063550434224, ""1"": 0.20627063550434224, ""2"": 0.20627063550434224, ""3"": 0.20627063550434224, ""4"": 0.02977522058549522, ""5"": 0.027346429945265337, ""6"": 0.02978643559192294, ""7"": 0.030463495652013537, ""8"": 0.028887324306793215, ""9"": 0.028658551901140823}","[0, 1, 2, 3]",[],1,0,0,0,0.0,a0c69a08b1418a2a5e5ae9a5a9fe8cd54abf7e5901ec1289d82bdf18135057d8,f058a79cbd17c10823642a7d04c62c72db56c315c39e2a6aa400f0166d375226,"[""proposal_created"", ""proposal_committed"", ""audit_accepted"", ""committed_once""]"
49,trust_v2,0,none,0,0,0,0,1,0,,76.21,,0.1,,db01e20c9d4f5ce924edf1c18b41b682d4bb1bbb6f8f3fd8c450329a0b0c8cea,1,"{""0"": ""751ad0a8425ea5bd4bf2d0969f09555b11456d8205a16bd5c5245b2d2ab422d7"", ""1"": ""67f8e566cc97ce7cadd73a150372e78e5f34fd921293a30569722402b2f0110b"", ""2"": ""305cd87e37d9eb30791f490dd07bb372fb9777c4f102c846a9ee2801a263b703"", ""3"": ""fcf755fee6d89927933b4acd7994010a85a982ae5a8412a67ade52c82e89c6be"", ""4"": ""4aad3bb7dbc46365d919265c89ded6d991ca1fc626bde1301fa812fb759b7c7b"", ""5"": ""919729f4390235b0831ee0b9223269ed52770002416e780279da86c22155032b"", ""6"": ""4402d00918c0119475b4dbf78df4d939efe791f321a7639aca3f1e36bc9c94b7"", ""7"": ""4d64e702af5b16fce4e6fcc312c4dc2aca4341910630b6f8b0fd8fff9dd0849d"", ""8"": ""b5d2441072da777e9a3bcc033b1b21576a61f38220e5073762a3c3a01c4e6dde"", ""9"": ""dd59328bfe9004e9cb971ecceca779bac17761b2fdab9b5cd1125f732247114f""}",,0,0,0,0,0.0,0.0,"{""0"": 0.027300011160261012, ""1"": 0.027300011160261012, ""2"": 0.027300011160261012, ""3"": 0.027300011160261012, ""4"": 0.16926849436427074, ""5"": 0.13805632877672866, ""6"": 0.15468710180953152, ""7"": 0.1700192647761036, ""8"": 0.09071833341909519, ""9"": 0.16805043221322621}","{""0"": 0.027300011160261012, ""1"": 0.027300011160261012, ""2"": 0.027300011160261012, ""3"": 0.027300011160261012, ""4"": 0.16926849436427074, ""5"": 0.13805632877672866, ""6"": 0.15468710180953152, ""7"": 0.1700192647761036, ""8"": 0.09071833341909519, ""9"": 0.16805043221322621}",[],[],1,0,0,0,0.0,f058a79cbd17c10823642a7d04c62c72db56c315c39e2a6aa400f0166d375226,c10eb26b3c31636a42cef36042fcc56d2475bb8015fc27a9c22231a48e684b95,"[""proposal_created"", ""proposal_committed"", ""audit_accepted"", ""committed_once""]"
50,trust_v2,0,none,0,0,0,0,1,0,,80.01,,0.1,,419396e0f66e084a0394e73c39edc2dda1059bff04b3de2fd83e62e912511a3d,1,"{""0"": ""becbc95343008319e13ebbc19d1eb610c2696b2b103572c953e44a14d083a97a"", ""1"": ""fb2fb355c81684bc003b5e230e4d5829c7e66f4b94a48aa1876c376752f2868f"", ""2"": ""7add1f4e8d7011d68f7ef097d4e2728212e849462ebdaeb078ba2485ea31f14a"", ""3"": ""cae21e78d58aba96ef3ec1536aaf544dbd22501c30a7389321904b8e63cb6e69"", ""4"": ""4e7144b0d41bc3a2e01beade9725391ac3e9a6acb55460b9bab8f4f159afda16"", ""5"": ""ea1d7e42aa3f63a649d0207ab78bf5827a9c64fe7e228864d7ba95e08daf7944"", ""6"": ""c70913ca3f9780ec100d29095ecc8e568aec751084e5b1afd7c3dc254a770fea"", ""7"": ""96127252816c60004bec1184a9d79ce7e5bf023e34b3e41fe035e3feeef02ca3"", ""8"": ""10aa1a139673c94633f25e9e1b6cdf172e04c876b3695a4107a4616ad79040fc"", ""9"": ""1401e3513dd220bbcde9ede36465aabd21ea96d0d7b8d2bc8160dea1623b25ae""}",,0,0,0,0,0.0,0.0,"{""0"": 0.008190003348078305, ""1"": 0.008190003348078305, ""2"": 0.008190003348078305, ""3"": 0.008190003348078305, ""4"": 0.12997002229735138, ""5"": 0.05074682478180363, ""6"": 0.13948058886652515, ""7"": 0.309466006699172, ""8"": 0.028701187032525766, ""9"": 0.3088753569303088}","{""0"": 0.008190003348078305, ""1"": 0.008190003348078305, ""2"": 0.008190003348078305, ""3"": 0.008190003348078305, ""4"": 0.12997002229735138, ""5"": 0.05074682478180363, ""6"": 0.13948058886652515, ""7"": 0.309466006699172, ""8"": 0.028701187032525766, ""9"": 0.3088753569303088}",[],[],1,0,0,0,0.0,c10eb26b3c31636a42cef36042fcc56d2475bb8015fc27a9c22231a48e684b95,916dd46921c74cbab9bdfe947c0d03d671c8d00d2fb8ab28c45eaab70da3a035,"[""proposal_created"", ""proposal_committed"", ""audit_accepted"", ""committed_once""]"
