round,group,attack_active,attack_type,v1_trust,v1_agg,v2_trust,v2_agg,consensus_passed,healed_applied,heal_source,accuracy,v1_projection_residual,v1_projection_tolerance,v1_challenge_seed,proposal_commitment,proposal_binding_valid,update_hashes,recovery_commitment,recovery_v1_endorsed,recovery_v2_endorsed,recovery_endorsed,skipped,proposal_relative_error,committed_relative_error,published_weights,used_weights,attack_targets,excluded_clients,audit_executed,honest_rejection,recovery_attempted,recovery_consistent,recovery_relative_error,parent_hash,state_hash,events
1,noexecutor,0,none,0,0,0,0,1,0,,25.66,,0.1,,2d93a5f09181f0799243dc7f88b8766dbc6b1ba74cca2ec8f4bd99e3ec0d1a1c,1,"{""0"": ""88c9a4cd8bf3d6798154e601edcc72c5e749461c33b096e39240c5dea9ef8ae8"", ""1"": ""4dd02dcdd4b9e3a19b47bd06f80115c2c85363d17761bef9622c46640ea56754"", ""2"": ""369474dff814322f44db1623afadf10aa6114eff3b640ccef6891a4afe884236"", ""3"": ""db39e8ec85e8e25c5363f2c995a5dc8e6cf326caa9e90c4826778e5b0f51e01e"", ""4"": ""9b831094ee7ecf1597d18b3b653fd897c6f1c0687f9d9943468e1a4d4cb7f3da"", ""5"": ""aa609fbeaefbe040aa365563853c2db608c8ba0aa9d659acbeefec994c74dac4"", ""6"": ""19a47851ddfa14323ebe260183d661b67db4bfaed6417b7b9bb5b5962e9c7aec"", ""7"": ""21910a7db15bcd366abdd65674e4476364171af03621eb5d54741add1d343b85"", ""8"": ""c72347dbd032a74fdee6d9c11c7cac9eaeb61e096fd7e5e3e87f8ddcb9358abe"", ""9"": ""e10702ccb523218d073c1cadbc3837c4a3945467ed81cd91b617190cbf72f0df""}",,0,0,0,0,0.0,0.0,"{""0"": 0.06143630637432799, ""1"": 0.10093468071242997, ""2"": 0.0721160938374181, ""3"": 0.1266604133083979, ""4"": 0.13887871318442496, ""5"": 0.10214212636178466, ""6"": 0.09844064799422034, ""7"": 0.14811547849966059, ""8"": 0.1085788126701249, ""9"": 0.04269672705721061}","{""0"": 0.06143630637432799, ""1"": 0.10093468071242997, ""2"": 0.0721160938374181, ""3"": 0.1266604133083979, ""4"": 0.13887871318442496, ""5"": 0.10214212636178466, ""6"": 0.09844064799422034, ""7"": 0.14811547849966059, ""8"": 0.1085788126701249, ""9"": 0.04269672705721061}",[],[],0,0,0,0,0.0,f4ac57617d504e7ba7a633664431ae25cb1f93bbf9ff9678710d7e1c7991f31f,d5fab6edcc69a54c965526e13d74f4a6b7fb52e37fa2398bf91df68f8af29e5e,"[""proposal_created"", ""proposal_committed"", ""audit_accepted"", ""committed_once""]"
2,noexecutor,0,none,0,0,0,0,1,0,,50.24,,0.1,,7b1e429214d499200b5ef82d36b99b45ffcef74cea64528dc8f4ce9e6f5a1eff,1,"{""0"": ""ab60c0e17cb80cdd1c2061198870a59e9dd842c2fb458459ce7f0c8794116871"", ""1"": ""5caec3deb4dad06fa3df0b28c6691040405481be5eb3ee74e6974de552685488"", ""2"": ""cd175dc47f9f97cf19093c9c47f937100bb91a431307fe90ed0d3658c60a8de8"", ""3"": ""8ab3d5e74d16a385cfa4e2f3e326b356758792999b8cfb50b7a01be02eae12e9"", ""4"": ""5a286afcd9bf0fd6bcaef05a01692109783d86187891cf9e41d62e80a13c5ba0"", ""5"": ""a79f5ce83ea7934a42433f5973b07cab5112cb8420da6454b95650b7b52414b8"", ""6"": ""1f29ed53224e4a431ec62ef3d5793c3a5a4dca6f92355ac7804ec12fc70c3c37"", ""7"": ""90ab3aa61db968eda5bfaf16763057b60953d1f566e62777c4abd1cadc6a0907"", ""8"": ""51a1f9d7adb8b8eded6d811731d0c92372f7da28487522de8a57a38f275e6aa5"", ""9"": ""cf997b1a14d226336b9135809d08b7381e80388cf47ea5293aebd4f5619d5ad3""}",,0,0,0,0,0.0,0.0,"{""0"": 0.019422365633221503, ""1"": 0.03447380375858201, ""2"": 0.021883322707415557, ""3"": 0.050784881063334675, ""4"": 0.19034066924862467, ""5"": 0.05548688511979412, ""6"": 0.17820924969156327, ""7"": 0.19311169884319535, ""8"": 0.18125069909433464, ""9"": 0.0750364248399341}","{""0"": 0.019422365633221503, ""1"": 0.03447380375858201, ""2"": 0.021883322707415557, ""3"": 0.050784881063334675, ""4"": 0.19034066924862467, ""5"": 0.05548688511979412, ""6"": 0.17820924969156327, ""7"": 0.19311169884319535, ""8"": 0.18125069909433464, ""9"": 0.0750364248399341}",[],[],0,0,0,0,0.0,d5fab6edcc69a54c965526e13d74f4a6b7fb52e37fa2398bf91df68f8af29e5e,9850c301979a6e985165a50af0829dc0b1b5ba7bc628db7d1daa9d06ceacefc9,"[""proposal_created"", ""proposal_committed"", ""audit_accepted"", ""committed_once""]"
3,noexecutor,0,none,0,0,0,0,1,0,,53.65,,0.1,,936d891ae5fc1eaa23bac95de366c3f5bb10dbfa79c579c2f79133c08cd328b9,1,"{""0"": ""f533de16f0a68c67889b2e7201fb3c84e7a82b1015b5089d3132ead17d92e9fc"", ""1"": ""6ec9b50864a8aa5547da235f4f63c23ab40c3f7f33703e82dd08c5c7b4fd83bb"", ""2"": ""59ce6d0a2b86e9b139d27a82660007815aab547a68dd57ed6a4d57e80785ce5c"", ""3"": ""706827af18694cb504d36cc444ddb5dbb7aefcbec189950fc32e3cccff706685"", ""4"": ""35c91bdf0ed55e2c71674bc1ab39229bb6bd114e68f2bc1d1d1edcf48689050c"", ""5"": ""a61eb8b982d4740fde667e3dc4bd448a26e7adc260190e4fbe616acc8bcaccf9"", ""6"": ""974691564f0f2d7a8f7d2fa51fb4dd4dd75ad4ddfef5799821ad23616365673a"", ""7"": ""6bae7cec9118ac6df87a876834707d80ba50c5688c954bc15c61c849eb833dac"", ""8"": ""3a9a137459f149d863322848f0fb94e9fdfb9268e5921a8ad3103847cf671d09"", ""9"": ""7eabb5eed5647875ded65f8faed348f2d142d6b22bc4ecfbcdc4db6fe1cfad78""}",,0,0,0,0,0.0,0.0,"{""0"": 0.005826709689966452, ""1"": 0.010342141127574603, ""2"": 0.006564996812224668, ""3"": 0.015235464319000405, ""4"": 0.21385508535777165, ""5"": 0.060025775806371195, ""6"": 0.2102156594906532, ""7"": 0.21468639423614283, ""8"": 0.12605067471151915, ""9"": 0.13719709844877584}","{""0"": 0.005826709689966452, ""1"": 0.010342141127574603, ""2"": 0.006564996812224668, ""3"": 0.015235464319000405, ""4"": 0.21385508535777165, ""5"": 0.060025775806371195, ""6"": 0.2102156594906532, ""7"": 0.21468639423614283, ""8"": 0.12605067471151915, ""9"": 0.13719709844877584}",[],[],0,0,0,0,0.0,9850c301979a6e985165a50af0829dc0b1b5ba7bc628db7d1daa9d06ceacefc9,1c7508e4ee4b921537e8cbf30372eaa2a6e6d17b2082b1128cef5a6f78577240,"[""proposal_created"", ""proposal_committed"", ""audit_accepted"", ""committed_once""]"
4,noexecutor,0,none,0,0,0,0,1,0,,57.06,,0.1,,eea77db0baed9b4e8f718c7944fc6bbeee40ad51b4e48cf6f70f6a083c846282,1,"{""0"": ""af4fa747ad686b11ee6436b7edfb3d2734e395238cb7bba068a0a11e0c90b37a"", ""1"": ""2b408fdf7983eba715ab9ef83c920c5799596f9903811c5199e21592196a8d6c"", ""2"": ""8e7fbe652a1b46b61413b14b9655e982da904ac346bfa9d7553d8ef3b35ec836"", ""3"": ""4a8552a9a961e2adc5615d88b01bc13f9aa9a794b0983701199db8f87353b5e2"", ""4"": ""fc42240897661a6adba8d3b6e449204ae52938d609eb40dd67b8379feadd3f5a"", ""5"": ""dc98ac4521fe15bf79b8effb968a402bc2d0f9a8ac5429a88fe4d8b7a01a6356"", ""6"": ""e58fffba125ddb6d327d1663bd42e24282128cbedd0f5e356ca539717aed1de3"", ""7"": ""b4da8ff7d3d3861185031197b76723d24ada0a028d08d6ef0748a99fcd9e05da"", ""8"": ""418a90b7ac475ff620996c6322871b7b3d96df533e0f93ebf14d9dc4e3ae97dc"", ""9"": ""556251739ed285cdab7e5229f6d6a19e86a13f70568df174089fb53a8551c00f""}",,0,0,0,0,0.0,0.0,"{""0"": 0.001748012906989936, ""1"": 0.003102642338272381, ""2"": 0.0019694990436674004, ""3"": 0.004570639295700122, ""4"": 0.23802563259513804, ""5"": 0.02160820809417868, ""6"": 0.23693380483500254, ""7"": 0.2382750252586494, ""8"": 0.038738299109962175, ""9"": 0.2150282365224393}","{""0"": 0.001748012906989936, ""1"": 0.003102642338272381, ""2"": 0.0019694990436674004, ""3"": 0.004570639295700122, ""4"": 0.23802563259513804, ""5"": 0.02160820809417868, ""6"": 0.23693380483500254, ""7"": 0.2382750252586494, ""8"": 0.038738299109962175, ""9"": 0.2150282365224393}",[],[],0,0,0,0,0.0,1c7508e4ee4b921537e8cbf30372eaa2a6e6d17b2082b1128cef5a6f78577240,5aeb9507dc1e388256937fa65b999cf0465468e12003b23ae8805dce7fcc3b3e,"[""proposal_created"", ""proposal_committed"", ""audit_accepted"", ""committed_once""]"
5,noexecutor,0,none,0,0,0,0,1,0,,63.1,,0.1,,24c4a785ec7b6972f3f12b0e3ad937ae4c08964ed891aca8adea7f73d5d03fa2,1,"{""0"": ""0eeecc142ad3c6f08e48fdef83447fd484dec134843511dc5524e41f44a22bd5"", ""1"": ""063268334d4836910b8fdf710f9a17b339b3a6fe10e9d3666da020a598466df7"", ""2"": ""5dc61cd83892ad33055a376ea0bcf5101ea21dd85acb6242b64d877709abd185"", ""3"": ""b719db7e8aa108f4e34c5131d8300d6b5598a712dc60f8cf085cae5626d2d71c"", ""4"": ""37c3fd842e1faf438a32a842895d4d071b9dcf6f81698c1fb6cb133a7a7eb6a9"", ""5"": ""683ac19ea3050a639b912e0b32eaaac2e6d345f3b83bbd869cae24840fec7a8e"", ""6"": ""24b2e6ac5a3687c79a3f761ba5e977875b8fc5748cabbbdefe0c02db836e201c"", ""7"": ""d10143cf35343317a776fe3200618ac420c9e6d8e129242ea3883d68b15ca737"", ""8"": ""383c4b8267b72c51e87b291109dcaa777915ff10e2efc6f36683387450d4a006"", ""9"": ""b52b802d16514310bd8493e3df0b91609edd53426957aa463e2cc60791cccfd0""}",,0,0,0,0,0.0,0.0,"{""0"": 0.0005244038720969808, ""1"": 0.0009307927014817142, ""2"": 0.0005908497131002201, ""3"": 0.0013711917887100366, ""4"": 0.16170561911287124, ""5"": 0.00862149600362106, ""6"": 0.3003612217945018, ""7"": 0.3007635879215959, ""8"": 0.014518407906090552, ""9"": 0.21061242918593043}","{""0"": 0.0005244038720969808, ""1"": 0.0009307927014817142, ""2"": 0.0005908497131002201, ""3"": 0.0013711917887100366, ""4"": 0.16170561911287124, ""5"": 0.00862149600362106, ""6"": 0.3003612217945018, ""7"": 0.3007635879215959, ""8"": 0.014518407906090552, ""9"": 0.21061242918593043}",[],[],0,0,0,0,0.0,5aeb9507dc1e388256937fa65b999cf0465468e12003b23ae8805dce7fcc3b3e,7b9ac1a4ebc1ed0ba66552b63a1d11fdfbfa391f85304079dfd97c3521c0b74c,"[""proposal_created"", ""proposal_committed"", ""audit_accepted"", ""committed_once""]"
6,noexecutor,0,none,0,0,0,0,1,0,,63.38,,0.1,,a4576060d0f1b1902b355ebea55932d0f442d61e98d5755e40aeb197229f18cd,1,"{""0"": ""7bb80cc1134c4871b5b8e59324cdb1f2a1b66f5f4cd46bb780952c6691de21b5"", ""1"": ""6d2d8214b855cbf42e6d3d7d77b064a1293ba5c3bc991039fabc7e7c7689df67"", ""2"": ""7f86f455c291daead895825a0c51ee3f7d4c1413f02186a4101e60686db85d5b"", ""3"": ""20414c7b0e1b7c81481e8181379db313f4ea178c007edc1eed3a448fc05a787b"", ""4"": ""3cdea5127256f23b101324532967cc0ed4c0943008576941e2c5210336246da3"", ""5"": ""24599f01309821f5aa89ef58bf7134e386e352636b13d577773ad1304bc9a385"", ""6"": ""f4e546d93aa07c7f78b5c9dd15a85e44046b7cb38fe38fd2077a65d82e47d51a"", ""7"": ""183c5faf5550b291769163ae2029a6c133b07a9d07611f7e31d90e16608ce30d"", ""8"": ""b6cb9e30a015e6dc3a672c228339fab5a64c436e67e7adc1b3eda2c6eae1df10"", ""9"": ""fdb107373905c4f2cd2e5998559d8b5252f4f97d8ca00d17f76bfa3031adb0b7""}",,0,0,0,0,0.0,0.0,"{""0"": 0.00015732116162909426, ""1"": 0.00027923781044451434, ""2"": 0.00017725491393006605, ""3"": 0.0004113575366130111, ""4"": 0.19062648063680793, ""5"": 0.0034017853288189097, ""6"": 0.42547763009764483, ""7"": 0.24579469404777476, ""8"": 0.015865168217485546, ""9"": 0.11780907024885134}","{""0"": 0.00015732116162909426, ""1"": 0.00027923781044451434, ""2"": 0.00017725491393006605, ""3"": 0.0004113575366130111, ""4"": 0.19062648063680793, ""5"": 0.0034017853288189097, ""6"": 0.42547763009764483, ""7"": 0.24579469404777476, ""8"": 0.015865168217485546, ""9"": 0.11780907024885134}",[],[],0,0,0,0,0.0,7b9ac1a4ebc1ed0ba66552b63a1d11fdfbfa391f85304079dfd97c3521c0b74c,92c4a9c0ae9cd8a96a4ebadd568f322911dba56385f660934249b71ad796efef,"[""proposal_created"", ""proposal_committed"", ""audit_accepted"", ""committed_once""]"
7,noexecutor,0,none,0,0,0,0,1,0,,67.87,,0.1,,5d746921eff4b85b4a3fa23b98cc843211addb2b20fe9ca1c5f37f2e7cd2e48d,1,"{""0"": ""8fcfce8201c3c3c90d3ffaa726c22f73a11dfb9a7290e909538d74196fe22c08"", ""1"": ""59e8ab406576a5ac7fcb273e26783fed488b51276e2493ecf701057c79e70051"", ""2"": ""e53f5c3a3a365512b3433e8b1b364465dd12b60b5da6e168fdf8912872bfb1c2"", ""3"": ""2d2436103d5cf6e4c3e5cf9a41c6a82a801e48df2330fb4e9efe63699f65dcec"", ""4"": ""05effd617c54f733039e0539cbd6aab3a7fe2a250d343fae4918c1ee9ba446a6"", ""5"": ""fe2645119a6c2b531217086d9d22d2e4a8e81c4e901b321fe66c5cf6faf8bbec"", ""6"": ""d7065ded1e0269465bc7fb73011ffb5cbb4ba8ff3d1456c1d85f7ce758e09c84"", ""7"": ""d463deb8aa60cbca42e71c0613b21b7669a52e01f55b0e4082aa4c7e1d5bf3a8"", ""8"": ""ca2e7dff057fb83d5acb5e83f6cafb50c78aeb6e906100df5f59546c07a74435"", ""9"": ""6a4f0522b5915914912474105284c37f62cfec3901cff4d233c896cba0dd75dd""}",,0,0,0,0,0.0,0.0,"{""0"": 4.7196348488728285e-05, ""1"": 8.377134313335431e-05, ""2"": 5.317647417901982e-05, ""3"": 0.00012340726098390335, ""4"": 0.35687477458087624, ""5"": 0.0016642386913518854, ""6"": 0.42733011941912735, ""7"": 0.12532529313113247, ""8"": 0.015367429076110965, ""9"": 0.07313059367461602}","{""0"": 4.7196348488728285e-05, ""1"": 8.377134313335431e-05, ""2"": 5.317647417901982e-05, ""3"": 0.00012340726098390335, ""4"": 0.35687477458087624, ""5"": 0.0016642386913518854, ""6"": 0.42733011941912735, ""7"": 0.12532529313113247, ""8"": 0.015367429076110965, ""9"": 0.07313059367461602}",[],[],0,0,0,0,0.0,92c4a9c0ae9cd8a96a4ebadd568f322911dba56385f660934249b71ad796efef,27e861993509a2cc5d412fa34d869e37b37f33a64a8d30e8960dc3bdaf2ed273,"[""proposal_created"", ""proposal_committed"", ""audit_accepted"", ""committed_once""]"
8,noexecutor,0,none,0,0,0,0,1,0,,66.05,,0.1,,a1a3c8b42af2fc8a84b2a35da95907acea23dadd0fb452fc6355248004d908a0,1,"{""0"": ""e2a35bc145fb147ac4bbcf69d3ec76454971834c7a0134630dd39eb249704f8e"", ""1"": ""896921510936cc70d3e77b378e8bec9ff41a9658939fa1926f69c6665885b237"", ""2"": ""6c98a6451124649741e86bee11ad14f12043d1b48176f1c7213fc130e8ba47be"", ""3"": ""335f8306d41cd1877cade860ce294e0b662558a2010a062d8eb96b6bf9d62dfe"", ""4"": ""101715aaebaa130d31d9f10575edcd117f4a6408ce05be3dc63c065d3266e210"", ""5"": ""5e1c65a7ce22a0ce691f9f6fac036d5283ca596823812c8002965077a61697b4"", ""6"": ""9ac7a0e084c495885ecdd96af65d45b2eb1baf354f502492d6db572ecbe2417a"", ""7"": ""393181b602ff624ad431744f2f4839c7a4ee02eb750f2c98fe30d57af89092e2"", ""8"": ""d5698b9cab2c06776e1560174e8b8a2b141c248cbb37f72f09cca836da8385dc"", ""9"": ""ced5c600074ca6761e456212ab969ed2b4bea85de2585209544da21bb5878b7d""}",,0,0,0,0,0.0,0.0,"{""0"": 1.4158904546618488e-05, ""1"": 2.5131402940006296e-05, ""2"": 1.5952942253705947e-05, ""3"": 3.702217829517101e-05, ""4"": 0.21619111840766903, ""5"": 0.0012944323184410442, ""6"": 0.6612333524298629, ""7"": 0.065499090922117, ""8"": 0.03130417087250831, ""9"": 0.02438556962136615}","{""0"": 1.4158904546618488e-05, ""1"": 2.5131402940006296e-05, ""2"": 1.5952942253705947e-05, ""3"": 3.702217829517101e-05, ""4"": 0.21619111840766903, ""5"": 0.0012944323184410442, ""6"": 0.6612333524298629, ""7"": 0.065499090922117, ""8"": 0.03130417087250831, ""9"": 0.02438556962136615}",[],[],0,0,0,0,0.0,27e861993509a2cc5d412fa34d869e37b37f33a64a8d30e8960dc3bdaf2ed273,113bc3be7ba28fa128f744d5570445db1872eb1bcad673bca2bf9d17eec92dbe,"[""proposal_created"", ""proposal_committed"", ""audit_accepted"", ""committed_once""]"
9,noexecutor,0,none,0,0,0,0,1,0,,65.32,,0.1,,48ec29de3f08c1253c5797fae37a38b89fa52ae7e3c92149fd167b129d5b04b7,1,"{""0"": ""5b273cab493c9e794b58a42fed47520fcbeeabd32781babe5e3c9c876ccd3eb4"", ""1"": ""55d04f1c7dc869524e6139ed1bd4e01078881e0a939917c85c31d91dbe94cee4"", ""2"": ""6b44c5410b3d281fd1111b07d46bd9ec1dae0ac8d840572af1dc8a575c766d7b"", ""3"": ""bcc91e830d1d6997af9384c895637e4676c2c1e6744591d99437df17975fd557"", ""4"": ""4a983335675c9bf3a101b8071da02f01c082567453addf4646b4bc90a18819f4"", ""5"": ""37718106b982e122264310962311175d4a0fb544bc0a4e64284dc8db08b5a665"", ""6"": ""bf5a177086daef8d691cfd2e6997cac4a7c6d80257165f108a19afc8ed294de3"", ""7"": ""abbc34a6c34717f286297033f5b4b34bdf1d3b21e5d0f49734061bc54ec955cf"", ""8"": ""67dcf7bc0fd74fddd7c3f8b27f0cb164dd2acde83a1dc8e4075e270e2a368223"", ""9"": ""b0070dac163275c0df3edd3bb09bba3629f937c404a2774e476a62e292d9ddbb""}",,0,0,0,0,0.0,0.0,"{""0"": 4.247671363985548e-06, ""1"": 7.539420882001892e-06, ""2"": 4.785882676111786e-06, ""3"": 1.1106653488551307e-05, ""4"": 0.10935022684918949, ""5"": 0.0007325741585034165, ""6"": 0.7827108602048659, ""7"": 0.042091744567165065, ""8"": 0.03568349771505618, ""9"": 0.029403416876809356}","{""0"": 4.247671363985548e-06, ""1"": 7.539420882001892e-06, ""2"": 4.785882676111786e-06, ""3"": 1.1106653488551307e-05, ""4"": 0.10935022684918949, ""5"": 0.0007325741585034165, ""6"": 0.7827108602048659, ""7"": 0.042091744567165065, ""8"": 0.03568349771505618, ""9"": 0.029403416876809356}",[],[],0,0,0,0,0.0,113bc3be7ba28fa128f744d5570445db1872eb1bcad673bca2bf9d17eec92dbe,8e8d0cf187761e429ccb723bc96dc348cda0ba7ef3f3fa334285246ad41f2208,"[""proposal_created"", ""proposal_committed"", ""audit_accepted"", ""committed_once""]"
10,noexecutor,0,none,0,0,0,0,1,0,,69.36,,0.1,,eed6a8aa7ec0b18a223bd7f417771fc050f7df9694349584d7f48f88d335ca86,1,"{""0"": ""4070738b17411944616ccc609b16a76f7d6b953367df945774b8b6b943d4b5b3"", ""1"": ""75547a300bc5dcc2af6bdaa59974ae8945005a29ee2bac7b08e51ac9d8a39bb2"", ""2"": ""82300a3e413021cdb17365b3c4566c24f6fb7f50eee01202606e4754ccf259ae"", ""3"": ""c42f8c651e3a07eefb44b452e8e3fe573d229b85be1b85245544adabb4bf4656"", ""4"": ""4fce3cbeb09035cef4cf6a49c3ab697247256c195091f93e8e01120bbbee75ec"", ""5"": ""da8e1ce8dbca39ecbf1fcea894ee2682df5d18e04d239571594fc46d1e285369"", ""6"": ""38354afe8b6edcb2515cdd06b924a2ef34e35994f640209d6686a34aa1567f45"", ""7"": ""8489bc102ab9b49da2137e5ee5a64d2bc303b7fa403b0b28d992a7f9d53b7e28"", ""8"": ""d9622ddd03b09f8d3af321e08c9d3344595ca4a6c0725a843c554070ec05369a"", ""9"": ""01e390998bf2c3f9907b00f7bab4a51d8d98e61ab8880c47271e208538ca5496""}",,0,0,0,0,0.0,0.0,"{""0"": 1.2743014091956646e-06, ""1"": 2.261826264600568e-06, ""2"": 1.435764802833536e-06, ""3"": 3.3319960465653927e-06, ""4"": 0.08945756697304917, ""5"": 0.0002593384166073215, ""6"": 0.7952704417765392, ""7"": 0.034880804588528526, ""8"": 0.055319697899588766, ""9"": 0.024803846457163804}","{""0"": 1.2743014091956646e-06, ""1"": 2.261826264600568e-06, ""2"": 1.435764802833536e-06, ""3"": 3.3319960465653927e-06, ""4"": 0.08945756697304917, ""5"": 0.0002593384166073215, ""6"": 0.7952704417765392, ""7"": 0.034880804588528526, ""8"": 0.055319697899588766, ""9"": 0.024803846457163804}",[],[],0,0,0,0,0.0,8e8d0cf187761e429ccb723bc96dc348cda0ba7ef3f3fa334285246ad41f2208,a46d7e63a7e6d1835033f305d6931580b5e53fe02b2049d2b2d5a266b5259b2b,"[""proposal_created"", ""proposal_committed"", ""audit_accepted"", ""committed_once""]"
11,noexecutor,0,none,0,0,0,0,1,0,,72.46,,0.1,,3a4dd4a2faaf900ed787350be72bae9a2093b4a86110337a4e4dd14036bc32e1,1,"{""0"": ""f6f9efe984b94f0a052ed800f5484ea5b5b47344c5ef3dd52a23bfd00864b40b"", ""1"": ""21bd2b0a0ed9694cefa7e48ecd9f887721ed71c3894d2b1e04eeeb727bd6e919"", ""2"": ""40575df0afbdc7394298f100e49e022c427e867586b7122ee9d00088cd295fe3"", ""3"": ""11e89987cd3b394554bdccccc570dbb70101e7549b9f41b5d033d7a595580cd7"", ""4"": ""4f0aba01153fea0bcb87e34aed7a7b4ad541081ebc7fe60e06d16689161556dc"", ""5"": ""bbc6e579089b49b095be6b108451bad2f500c2a25305ca8209b2844678dfbc9b"", ""6"": ""20e9e8d30691c130d9e0858b3d3b35903d4b614bffdf751a53c3e5445ce2260e"", ""7"": ""e7603dbba4e4ea2a33c25e1f6ff538178e10fa19e8d77dc5bed38ceb738070f1"", ""8"": ""bdfda4c97f7f383e881af652f88e17780ae4dba69ac877ac87fa7db9c4a99fe5"", ""9"": ""d3c77708505f747172b1367e55e049aedabaafecf4a7430d321174d3f5673432""}",,0,0,0,0,0.0,0.0,"{""0"": 3.8229042275869944e-07, ""1"": 6.785478793801705e-07, ""2"": 4.3072944085006085e-07, ""3"": 9.995988139696178e-07, ""4"": 0.13737231337500974, ""5"": 7.780152498219646e-05, ""6"": 0.6078453421381923, ""7"": 0.06812959367425327, ""8"": 0.1349221793965318, ""9"": 0.05165027872447364}","{""0"": 3.8229042275869944e-07, ""1"": 6.785478793801705e-07, ""2"": 4.3072944085006085e-07, ""3"": 9.995988139696178e-07, ""4"": 0.13737231337500974, ""5"": 7.780152498219646e-05, ""6"": 0.6078453421381923, ""7"": 0.06812959367425327, ""8"": 0.1349221793965318, ""9"": 0.05165027872447364}",[],[],0,0,0,0,0.0,a46d7e63a7e6d1835033f305d6931580b5e53fe02b2049d2b2d5a266b5259b2b,fdb0b06d673ebbca58f263459c708388fff5d7bcd43ba69711c9f82f2ec042f9,"[""proposal_created"", ""proposal_committed"", ""audit_accepted"", ""committed_once""]"
12,noexecutor,0,none,0,0,0,0,1,0,,73.88,,0.1,,fe8bffc1ad5288f7771784dfd3214f4bea56c7a4ca5f7ef95a9fad2cab6cc157,1,"{""0"": ""69533b4252822cdcec617743732fac03a08b1c17f73070cceb34e2cc9d421004"", ""1"": ""f38e93d305150a0527371ed8fcc66d0b1d51764b6277cc76cd350a5dc2ffadb1"", ""2"": ""8199779004b2b4cc70661c846eebada4ec990dce85f5324dae3ad9b0f9440c85"", ""3"": ""9f7b5c19a5386a57a5079ce00c1db562b1751d2507391ad490a68a59ed00615f"", ""4"": ""94d4179c03eef2e3865bb1286bb51810e53cf811fabc013b0f661efb71dd9b07"", ""5"": ""d915bab9f27ff66e0c472d3c41fde08547ecb930f7f17df20004e974b9330422"", ""6"": ""644a1bfabfac34b81c9faf999d29df75d6493e561e8654e5965614a06cfbfaca"", ""7"": ""4a7b68cafe8bd3b8a6821edf27eaf4eab4766cee7b49e7d2721eebc25e6050e7"", ""8"": ""b1e1f0905370994addd35c5247f43ac0eae378dd8ae7a704af61b836829eb7a7"", ""9"": ""f9092395c7feb10e30dcb808e49343d8b86b772d823444967f2092f35cbff5ac""}",,0,0,0,0,0.0,0.0,"{""0"": 1.1468712682760985e-07, ""1"": 2.0356436381405118e-07, ""2"": 1.292188322550183e-07, ""3"": 2.998796441908854e-07, ""4"": 0.13798557840134404, ""5"": 2.3340457494658944e-05, ""6"": 0.4956294733575789, ""7"": 0.11880895082857673, ""8"": 0.21556219980639324, ""9"": 0.03198970979864526}","{""0"": 1.1468712682760985e-07, ""1"": 2.0356436381405118e-07, ""2"": 1.292188322550183e-07, ""3"": 2.998796441908854e-07, ""4"": 0.13798557840134404, ""5"": 2.3340457494658944e-05, ""6"": 0.4956294733575789, ""7"": 0.11880895082857673, ""8"": 0.21556219980639324, ""9"": 0.03198970979864526}",[],[],0,0,0,0,0.0,fdb0b06d673ebbca58f263459c708388fff5d7bcd43ba69711c9f82f2ec042f9,34e0346583de038577d8d6944027f03f03140fd9c3550c93c3b5025e60a1a10f,"[""proposal_created"", ""proposal_committed"", ""audit_accepted"", ""committed_once""]"
13,noexecutor,0,none,0,0,0,0,1,0,,71.85,,0.1,,6f9d81e53d3bad1393a2278fc97eab6d1796b57b209da41bc3138b24dd6fb7a7,1,"{""0"": ""853da0cbc344f535e74da02a54f2f967d28237b3de4e0e38d45fb43233fc61a5"", ""1"": ""194f80326514468f020e768c1873b4ad23f8b289929e56e852279e2a63089a06"", ""2"": ""d7a07b1526c34c55964f8ba0494f46b9dc05e76cd7a18a19707236ed8ba1bd7b"", ""3"": ""41e655bab97bf7a3028c9ca6064b00a4450ce125c7167df4754ae1425ccf67b8"", ""4"": ""e368ddaea0f45ac7d663388f23cf7d7dcd6c7fb65c41cae8c3e11b2abd2b5dc7"", ""5"": ""b8eb5dab8bd753b2b2473a109c011926d5f9de1ec5feaadf6b2f07aab497ec56"", ""6"": ""46f0bb5f00c15dc4f81bb1f59ab16f9ea75cffc1c7bb8f850616d9dbe1b27de7"", ""7"": ""3e73bf0d8de69649bccbe18d8add0ab383147a81e0e30afb9a58dac9804a814e"", ""8"": ""6999c2d758f905ee9f97d00d66f3ac6a490ee40ac261f317edbe78a97862601a"", ""9"": ""3d5394039bbd4e0a43d84b537751ecd741ae30c911d78cde5f697c9ffa93996d""}",,0,0,0,0,0.0,0.0,"{""0"": 3.440613804828297e-08, ""1"": 6.106930914421538e-08, ""2"": 3.87656496765055e-08, ""3"": 8.996389325726564e-08, ""4"": 0.08409789326274443, ""5"": 7.002137248397685e-06, ""6"": 0.4749239436126789, ""7"": 0.1046434423694675, ""8"": 0.27146145530188276, ""9"": 0.0648660391109879}","{""0"": 3.440613804828297e-08, ""1"": 6.106930914421538e-08, ""2"": 3.87656496765055e-08, ""3"": 8.996389325726564e-08, ""4"": 0.08409789326274443, ""5"": 7.002137248397685e-06, ""6"": 0.4749239436126789, ""7"": 0.1046434423694675, ""8"": 0.27146145530188276, ""9"": 0.0648660391109879}",[],[],0,0,0,0,0.0,34e0346583de038577d8d6944027f03f03140fd9c3550c93c3b5025e60a1a10f,83b5e649805a8f0892bf1b7ae4936f50fddc6f28ef7aa7ebde13994a0458d7f6,"[""proposal_created"", ""proposal_committed"", ""audit_accepted"", ""committed_once""]"
14,noexecutor,0,none,0,0,0,0,1,0,,69.14,,0.1,,77f58633d411a1e5039bc9ab57feebbcee42a38e23d8b10cc5a9bbcb95185756,1,"{""0"": ""1e49b25dc07accc60c51a82176c6bea0b4543bf665de41445fa8f5203e3464a8"", ""1"": ""2c21ab4a982d8f886b10f6e1654436ed3665e5bfa16f4b06b9bbb9d05066c261"", ""2"": ""63317a436a47e83629a05dd141dd757681ee02ba2a81e6405b11969e7dbfffb0"", ""3"": ""59c7c7fad29c4ee66fd857ebe674ac671b001342db03411e3507e800327cf0d0"", ""4"": ""b4b0779ceb1ffe98f369d3c75415c3df3d97eafc5404f64350cc49be987353f2"", ""5"": ""8497b54b46c3e68807307ec72fc03b5d45fc03c8e2c892b8945c533c6bd69f49"", ""6"": ""8f2e204bf88c3f97e12b86dcd2737483c85ca835a82fe05fec3a00fb06406906"", ""7"": ""2cf889d3945b7892b225f218d878de218ebb9aac15a5aa4932188dccca6127fa"", ""8"": ""5f775a46a373f25744dd3758898e48e28938ece013557e9e950e1c895c10e790"", ""9"": ""3782e12a29e41b4991141053a8f902f4ba8e8739eb8cc1d45bc759d20d13ea19""}",,0,0,0,0,0.0,0.0,"{""0"": 1.0321841414484894e-08, ""1"": 1.832079274326462e-08, ""2"": 1.1629694902951653e-08, ""3"": 2.69891679771797e-08, ""4"": 0.2337607566948151, ""5"": 2.1006411745193065e-06, ""6"": 0.5701598742797693, ""7"": 0.07788254225479588, ""8"": 0.09602021916996069, ""9"": 0.022174439697987557}","{""0"": 1.0321841414484894e-08, ""1"": 1.832079274326462e-08, ""2"": 1.1629694902951653e-08, ""3"": 2.69891679771797e-08, ""4"": 0.2337607566948151, ""5"": 2.1006411745193065e-06, ""6"": 0.5701598742797693, ""7"": 0.07788254225479588, ""8"": 0.09602021916996069, ""9"": 0.022174439697987557}",[],[],0,0,0,0,0.0,83b5e649805a8f0892bf1b7ae4936f50fddc6f28ef7aa7ebde13994a0458d7f6,8b583ab20504eaede16049eb3f98c8304ecc17f523fb31bba6c2bd5b0f95db03,"[""proposal_created"", ""proposal_committed"", ""audit_accepted"", ""committed_once""]"
15,noexecutor,0,none,0,0,0,0,1,0,,71.16,,0.1,,e5bb0299354d7922856511ad220cfd5c14fc6131bd2d1c6d1c7d7783f432af70,1,"{""0"": ""e0ca7d6db75e7ab53d2b1565ebb5da6e2114f41f8200d4de8a8cd3358b27cc03"", ""1"": ""1c07e8ec09cd87e0b77d3cbbb373303f0c035101f701684cc042e5e66357fc04"", ""2"": ""a3691803a9b634b4e672d6a32d210ad6c5d04a3ba1e05780b2a9e72f48907082"", ""3"": ""b84c34c731ce04c44dcdae6c2f6eaaca0d6f191ce29eea2dc7d0e698469e99ba"", ""4"": ""3bd8fbf971c18cadd3ae57d31b68b7702e93ff025d1c3db715f69d66aeb1ed23"", ""5"": ""9d9e471632c01d7696484f2cf077276f366ed3af244c03f6f25ce6ddd96ae239"", ""6"": ""d41a5c1f9ec3d825b9cf54de630090956517de7d1119c0a56e2b429c4a31fffd"", ""7"": ""f6eb2d8e392e4939000fc9e213fcb5e6fd703fb60aece04328af8c842fa895bc"", ""8"": ""0ec283eaa0ab4e1c14e9960a2be92dafc41a7ade26c27693cee7bb535a37dce1"", ""9"": ""e379e39ec90ccb019bb871d9dfee839ebeaeacd73fc6940829a4cca6bb7482d1""}",,0,0,0,0,0.0,0.0,"{""0"": 3.096552424345469e-09, ""1"": 5.496237822979387e-09, ""2"": 3.488908470885496e-09, ""3"": 8.096750393153912e-09, ""4"": 0.38521271347357455, ""5"": 6.301923523557921e-07, ""6"": 0.4861324487490608, ""7"": 0.09319578974617879, ""8"": 0.02880606575098821, ""9"": 0.006652331909396268}","{""0"": 3.096552424345469e-09, ""1"": 5.496237822979387e-09, ""2"": 3.488908470885496e-09, ""3"": 8.096750393153912e-09, ""4"": 0.38521271347357455, ""5"": 6.301923523557921e-07, ""6"": 0.4861324487490608, ""7"": 0.09319578974617879, ""8"": 0.02880606575098821, ""9"": 0.006652331909396268}",[],[],0,0,0,0,0.0,8b583ab20504eaede16049eb3f98c8304ecc17f523fb31bba6c2bd5b0f95db03,e39e23b5f549d2e884a7ea4080fcfc40728d1cf2fe4c281200dfbef91904cbeb,"[""proposal_created"", ""proposal_committed"", ""audit_accepted"", ""committed_once""]"
16,noexecutor,0,none,0,0,0,0,1,0,,73.16,,0.1,,a3feaeb60c48eb5766d647e2c476b0a0a3369ed774d46c01d0c3bfc5511e8625,1,"{""0"": ""7a5c7fddbe7e04ae0ada34908b9a7074f18cc738580a1969847bab6ce2d5cbaa"", ""1"": ""4937b0c2981cc5b52055d0d8b79e05fa759c29de2a917625f57f5fef9bc8572d"", ""2"": ""69d389f9b980899ee41364254450b2426066865a262bcde81c55c074e4b361a4"", ""3"": ""80486040cf66354c1bb45cfb7858f70ea0f949fe5c3f2022a3e67901fa3ac280"", ""4"": ""7928a5b9693da5777b7c3972accb2717bd83a24bc9b6a86070c103b31d5fc9f7"", ""5"": ""b884145580529b7c2fb3cd59a6fc4b438ec5f4301db1e7b35f0fd7d0226ecc3c"", ""6"": ""337f2da69c2cf8945c5ae7dca3387e539000f456ec6cbd6e7064e9cb55e40500"", ""7"": ""f760b36a5585bd6a209d8237d8f333000d85bc8989b5a1a1916c8283081d2247"", ""8"": ""91e16d1ca63e7038199e2dc7963c19ae52c886cf9c96790aa54d01fa325bae7e"", ""9"": ""4d0c438e4c67d90502428a17facc7b14c12ccafaa9d5b86977b731153a89c42c""}",,0,0,0,0,0.0,0.0,"{""0"": 9.289657273036409e-10, ""1"": 1.6488713468938164e-09, ""2"": 1.046672541265649e-09, ""3"": 2.429025117946174e-09, ""4"": 0.39719694898839797, ""5"": 1.8905770570673765e-07, ""6"": 0.42747286957104386, ""7"": 0.10068826313135454, ""8"": 0.06456949684725469, ""9"": 0.010072226350708618}","{""0"": 9.289657273036409e-10, ""1"": 1.6488713468938164e-09, ""2"": 1.046672541265649e-09, ""3"": 2.429025117946174e-09, ""4"": 0.39719694898839797, ""5"": 1.8905770570673765e-07, ""6"": 0.42747286957104386, ""7"": 0.10068826313135454, ""8"": 0.06456949684725469, ""9"": 0.010072226350708618}",[],[],0,0,0,0,0.0,e39e23b5f549d2e884a7ea4080fcfc40728d1cf2fe4c281200dfbef91904cbeb,b24c96621032b88070dd37305934c9040de05aace595ece11b133ee67c35f401,"[""proposal_created"", ""proposal_committed"", ""audit_accepted"", ""committed_once""]"
17,noexecutor,0,none,0,0,0,0,1,0,,72.24,,0.1,,e92ac8aea1ef690dec51978565a551a4872beb65c9cd726190cc5f4549005894,1,"{""0"": ""17e97f5123d44ecd4e241129cc0f8ef617cff60da883086e46785fa32864907a"", ""1"": ""16b776cbb184a3e3044f5f759fd09b6b11b723598de95b1db6eb482dc3526c3c"", ""2"": ""9c560ba478432f379ff31e5ca0e4bbd3df1b2fd45e61a88eee641aadf35b3988"", ""3"": ""fcc4d6e130b0c8e92405613205beb39f428f9a9faf0e7a16b95c2a730e92c3b7"", ""4"": ""99026f75fcbbc519ba301639df051a0305e288b209f8261221555c26abbceea9"", ""5"": ""595c61be155c6a9cf5a0662aabff90832dec4f1163ea356ac7ce6e8fb1801c7f"", ""6"": ""5605d0090e2c52774c732ba1318dd1e880e18d7078d99eb3cd21d1e54ef4410b"", ""7"": ""1e5b32735c6a3aa565a82f1854bdf0c5cc80e568e49316d34846a31ee4b65e12"", ""8"": ""16fbc274c6e59379f119635306d3ee7ae15c2e27b808df133c7325576e172e3a"", ""9"": ""c995811bb1a94d38e876a4af87a7dcd01aeb23c1eb33e25e3564995cff49b2e2""}",,0,0,0,0,0.0,0.0,"{""0"": 2.7868971819109227e-10, ""1"": 4.946614040681449e-10, ""2"": 3.140017623796947e-10, ""3"": 7.287075353838521e-10, ""4"": 0.34407387208423484, ""5"": 5.671731171202129e-08, ""6"": 0.5051658299209073, ""7"": 0.09900497669598816, ""8"": 0.03411670671697364, ""9"": 0.017638556048524014}","{""0"": 2.7868971819109227e-10, ""1"": 4.946614040681449e-10, ""2"": 3.140017623796947e-10, ""3"": 7.287075353838521e-10, ""4"": 0.34407387208423484, ""5"": 5.671731171202129e-08, ""6"": 0.5051658299209073, ""7"": 0.09900497669598816, ""8"": 0.03411670671697364, ""9"": 0.017638556048524014}",[],[],0,0,0,0,0.0,b24c96621032b88070dd37305934c9040de05aace595ece11b133ee67c35f401,2b4c04314de3ba3641137642854dcf30b45a190d399f237a8b6138089a2d4c1f,"[""proposal_created"", ""proposal_committed"", ""audit_accepted"", ""committed_once""]"
18,noexecutor,0,none,0,0,0,0,1,0,,72.1,,0.1,,f84391584b01280c912430d1ecb6be1bf9ea1bff1fa3b162f228cb9c499183b5,1,"{""0"": ""53cbaf6bc89ec882ba7ea028f374b3f0103a445ecfc6ae01f23528893831de16"", ""1"": ""fa76184e99d6126c96100e02ae691b857ec27eef9593332d54348c5cadc92a31"", ""2"": ""6996f4d961266812a1f8b956f33afa525994ca6a5f898f0b433abd4ef196d2e5"", ""3"": ""59b68d181a7dacd75c97a1d74ec8fd5e2e157565270fb98e424e44b585863011"", ""4"": ""0e427f33faa5cdf123da8ccd8a0c294b6bf1175519bb6b9a0b7709767b240668"", ""5"": ""f54d4ff3cd29425cb48aa3a32df68302a708ba70a1007ea336c0a01c72743548"", ""6"": ""4bf895213436f5347753607094fd7e11689b6c2b2220f15f86ece0d1d6a4f440"", ""7"": ""ffe02c3f430e9b0a0ed39e9809baf5b50cf587454555fc4928f12a6c06f61099"", ""8"": ""dc8c5ad42fbd49ca692c39c7d8ee8f6eb39fc51ddf90ff2634767b01186bf024"", ""9"": ""12192a19307e273142ea12b531bf26f0bbe95d603e8854eb9e9f0aeb2a8be32e""}",,0,0,0,0,0.0,0.0,"{""0"": 8.360691545732769e-11, ""1"": 1.483984212204435e-10, ""2"": 9.420052871390842e-11, ""3"": 2.1861226061515566e-10, ""4"": 0.2307260301216983, ""5"": 0.0011675976451577088, ""6"": 0.5338168821910658, ""7"": 0.1356949951348164, ""8"": 0.09330292754788638, ""9"": 0.005291566814557205}","{""0"": 8.360691545732769e-11, ""1"": 1.483984212204435e-10, ""2"": 9.420052871390842e-11, ""3"": 2.1861226061515566e-10, ""4"": 0.2307260301216983, ""5"": 0.0011675976451577088, ""6"": 0.5338168821910658, ""7"": 0.1356949951348164, ""8"": 0.09330292754788638, ""9"": 0.005291566814557205}",[],[],0,0,0,0,0.0,2b4c04314de3ba3641137642854dcf30b45a190d399f237a8b6138089a2d4c1f,1490d4032dfce6f2dd785c7b1c0fc5952dd32f8f0d22f1b5095df0a2bcb874dc,"[""proposal_created"", ""proposal_committed"", ""audit_accepted"", ""committed_once""]"
19,noexecutor,0,none,0,0,0,0,1,0,,76.46,,0.1,,ba710a273d357ce5558b96b5ae7bfe8ee032cb96bfce11f82d30550e7dcd6652,1,"{""0"": ""07c45c4788b8cfe76a626a232f096601b2f7b855631b9efb7b23d417ada298a6"", ""1"": ""cf97b5f87b35582e8fabe101ae0d88d5819d09ee7300b8eaf497abe392978036"", ""2"": ""4fd659cc47b7a5c0cecab4f7d2b9623b72a9e16c7c3dbddfc875dc410553dae8"", ""3"": ""6d54682baa1e7f03c123fe3ccd196b3f30633ddb9652455401720b842c7a1aaa"", ""4"": ""16a335fb589d7e86339ad911dfa923ad8f82fd17fa1711ca8631b4018eae2624"", ""5"": ""4af0dc960074322b14e34b602e30df0c80a9ff6f786cb297e6792f296446de9d"", ""6"": ""0a174a8070ba4822782decb9b1d63222d815e815a33496b96096205b858f608f"", ""7"": ""73e2b25500bcf6c2cfcf226b4ea0dcfeb2da02eaaecd15fb179689027bf27699"", ""8"": ""fd561a84808dd8775a71c3be4de2f24e4345d6da93aa1a2b4712d64d17848df4"", ""9"": ""67877ee502b305513cfba2b451909df3025c55f4d61757c79f02c2d585e06164""}",,0,0,0,0,0.0,0.0,"{""0"": 2.5082074637198316e-11, ""1"": 4.451952636613306e-11, ""2"": 2.826015861417253e-11, ""3"": 6.558367818454672e-11, ""4"": 0.12125893946743248, ""5"": 0.002527182008261176, ""6"": 0.33504217527577534, ""7"": 0.2156056091589005, ""8"": 0.2028879888828215, ""9"": 0.12267810504336363}","{""0"": 2.5082074637198316e-11, ""1"": 4.451952636613306e-11, ""2"": 2.826015861417253e-11, ""3"": 6.558367818454672e-11, ""4"": 0.12125893946743248, ""5"": 0.002527182008261176, ""6"": 0.33504217527577534, ""7"": 0.2156056091589005, ""8"": 0.2028879888828215, ""9"": 0.12267810504336363}",[],[],0,0,0,0,0.0,1490d4032dfce6f2dd785c7b1c0fc5952dd32f8f0d22f1b5095df0a2bcb874dc,64f86975ee02c2b8634a0700194ea0f8b5ad5e3c352a77909f0df48adea02591,"[""proposal_created"", ""proposal_committed"", ""audit_accepted"", ""committed_once""]"
20,noexecutor,0,none,0,0,0,0,1,0,,74.36,,0.1,,03d201d0064615ba6dcc9c56b36cff594bccaa60b4766364ba410fea4c58fc4d,1,"{""0"": ""038e90061087083ac968166b37bb87a39f35b9bd94d9081257ec3e9f82f1592a"", ""1"": ""c0592bc94c1000590262e8252d43b71dd175e6feae04150ff3995fa2b843c388"", ""2"": ""3839c941a83837c206a3d4226b49115316cc7fca4027487ba9a6ec1c2eb4dd19"", ""3"": ""71e12cba0a6aabd2022680588107b6dc08144368db90cd577b408c1267105e5a"", ""4"": ""60237238976c41537b77b842de3dfdcae08adc7f40ddbd7f2abcb663e0cc3b12"", ""5"": ""bc79a8f500c91530925ced17b877cd66a89e62c77528f65ea3d324b88d1c93d6"", ""6"": ""e92faedcb57d1afe1a32181b990d1838e244c2cbc5fcc03fad5e7fdb27d11947"", ""7"": ""afea11c15935497b3329b855625c128e9e4705e70bc940960eaadfaf3793def0"", ""8"": ""91a22d44da34f14e342ea090ccd2d5085bd37a330cd8369e3d0f20a30c2a1c3b"", ""9"": ""95703f1133ebe399890365784bd4ee6ac1bc28df1906afd9febded2722f12cf3""}",,0,0,0,0,0.0,0.0,"{""0"": 7.524622391159496e-12, ""1"": 1.3355857909839919e-11, ""2"": 8.47804758425176e-12, ""3"": 1.967510345536402e-11, ""4"": 0.03637768184022975, ""5"": 0.0007581546024783528, ""6"": 0.35330581850920323, ""7"": 0.08440283543278072, ""8"": 0.31365956259131705, ""9"": 0.21149594697495727}","{""0"": 7.524622391159496e-12, ""1"": 1.3355857909839919e-11, ""2"": 8.47804758425176e-12, ""3"": 1.967510345536402e-11, ""4"": 0.03637768184022975, ""5"": 0.0007581546024783528, ""6"": 0.35330581850920323, ""7"": 0.08440283543278072, ""8"": 0.31365956259131705, ""9"": 0.21149594697495727}",[],[],0,0,0,0,0.0,64f86975ee02c2b8634a0700194ea0f8b5ad5e3c352a77909f0df48adea02591,d49f069d6d927f483b79500e1dc236375f4345efff95c227f00f160ba7149ba1,"[""proposal_created"", ""proposal_committed"", ""audit_accepted"", ""committed_once""]"
21,noexecutor,0,none,0,0,0,0,1,0,,77.23,,0.1,,f331f7da5538783796e091a1c2d4a8eb901fc3c96740a97a482e9f9f9873dd28,1,"{""0"": ""882d8423e93f49f14debe6e4ef5b7c670b2c3ca479bcfbab933cc9e8e1968b58"", ""1"": ""f380d4e54a40f0c2b08ec79f81663be9a2bf18d2d45d74c0ffcecb5e5fa2f1e4"", ""2"": ""fb3d4a05e9df8106e596127b2c9bc68f510ab7dfab96882e00d580d549aec549"", ""3"": ""83176c967c1e8a57ee36467dd1d788d7bdd5d3f85296834d6ad05a42958b2041"", ""4"": ""86b7b51cb2fc8a8a02b7be9494cf4f980c87c3a051ba5c2b7d4d6612917b49a9"", ""5"": ""fdc7647f327dabf62d5af741a4ecf2a605192305ff73c11ba7e5d20a8f1e43f0"", ""6"": ""33a1c9d07d90147bbda6dba716479b001277fe70b2ab2c577c20793ca6f00974"", ""7"": ""bb8d31a7ea89369ec53bbd3a56226845fbf9f458d06e73b5af95cf9c84a9067e"", ""8"": ""76e1fe7ccd00985d20964b12d3b39759041192402a45fc901c06edcec572f626"", ""9"": ""f49cd12afdd5f20b18ab5885cbd5524b1dc764f99d59d246a9f240e49ce12780""}",,0,0,0,0,0.0,0.0,"{""0"": 2.257386717347849e-12, ""1"": 4.006757372951977e-12, ""2"": 2.5434142752755287e-12, ""3"": 5.902531036609207e-12, ""4"": 0.15502467368506787, ""5"": 0.010008771990359855, ""6"": 0.4703418425990497, ""7"": 0.17228701676943167, ""8"": 0.10603311483993587, ""9"": 0.08630458010144497}","{""0"": 2.257386717347849e-12, ""1"": 4.006757372951977e-12, ""2"": 2.5434142752755287e-12, ""3"": 5.902531036609207e-12, ""4"": 0.15502467368506787, ""5"": 0.010008771990359855, ""6"": 0.4703418425990497, ""7"": 0.17228701676943167, ""8"": 0.10603311483993587, ""9"": 0.08630458010144497}",[],[],0,0,0,0,0.0,d49f069d6d927f483b79500e1dc236375f4345efff95c227f00f160ba7149ba1,645992adf0cf8a583db7e196441fd087dd3a6993125abeeece0ace7342f507c4,"[""proposal_created"", ""proposal_committed"", ""audit_accepted"", ""committed_once""]"
22,noexecutor,0,none,0,0,0,0,1,0,,74.29,,0.1,,eb4b50467881e84cb9efac6b159179372dfcc5312b69bb5626ccef0aba9992f3,1,"{""0"": ""f1cc0c6583e8b9681fac7de74742c0eeb03bbb7fecfb1a35140f296157234519"", ""1"": ""3bb1a7d0d6ca5e294a93ae56a0b3042f08e7eb4ef0d22aea5d07288e0ae88697"", ""2"": ""369f04cd4415dd94c0aa98f81867a40eab1dfed1f9b6ab03a4ef505e5c77b157"", ""3"": ""f330204dd931a73e6634296e2791b7e059d198a9f0b5eca5163fe01932071318"", ""4"": ""fc366b547413628b2b28c07148ab6d25f0bb310394ce56255950b356f3458113"", ""5"": ""2129466be7801123335046e87df458473ade529e093c6f94f06cc9a6a4e353b5"", ""6"": ""1ec294945dae4b55417e9ea5260dc8f7f8423d3ed0d77eafae0675d3b0907974"", ""7"": ""f22290d8103ac7f0cd5d109f3846d09a758e31a95b294cbd950544e64c362275"", ""8"": ""2553fae18a12a912e36a2c3525eb8a0861172904d046fa913b63287f46daf76f"", ""9"": ""6466c317ce6faacf1071ee4c1175d6026814bcbafd04d729f450958bd6b75ffe""}",,0,0,0,0,0.0,0.0,"{""0"": 6.772160152043549e-13, ""1"": 1.2020272118855931e-12, ""2"": 7.630242825826587e-13, ""3"": 1.7707593109827624e-12, ""4"": 0.046507402105520367, ""5"": 0.029667788719633936, ""6"": 0.43444702094963195, ""7"": 0.10786887471894062, ""8"": 0.32515440262189776, ""9"": 0.05635451087996238}","{""0"": 6.772160152043549e-13, ""1"": 1.2020272118855931e-12, ""2"": 7.630242825826587e-13, ""3"": 1.7707593109827624e-12, ""4"": 0.046507402105520367, ""5"": 0.029667788719633936, ""6"": 0.43444702094963195, ""7"": 0.10786887471894062, ""8"": 0.32515440262189776, ""9"": 0.05635451087996238}",[],[],0,0,0,0,0.0,645992adf0cf8a583db7e196441fd087dd3a6993125abeeece0ace7342f507c4,50d077946fb29d87472ea908ac49a573762ed376b91eb6019ea5ece0b92036e4,"[""proposal_created"", ""proposal_committed"", ""audit_accepted"", ""committed_once""]"
23,noexecutor,0,none,0,0,0,0,1,0,,74.95,,0.1,,47ee8c435486b058fb3d35961a6af6403a15ebfee036a37f967bf833c7a8c2fb,1,"{""0"": ""3111ec936d8e9dec59ccc3bd3cfd694604840b8fc665884e1210e1fb647dcfea"", ""1"": ""cd7ad2a9ae5d8bd184feab7782166ff45c7e4e8a0714927be76093990ff53829"", ""2"": ""a23be2054ef322f59e205fff1bea5293f649538a75c4398497a00d9ee05ffee9"", ""3"": ""a6a6cc6fdce9b17f710995c12ace72649e2d0de2b03d22f0fe4353c0305c0da1"", ""4"": ""e05e99148698c827518cd9fa45aa911a53e23c290ca7c5816e3a7fd7bf11fc4d"", ""5"": ""f2a2576ee76942315d1c22a9742965a940978e8092dcc85f0b8ca029c583d9f8"", ""6"": ""752de694bfa1721495d411288f7c439674ff864a6dd07d238b4abf750eadbbc2"", ""7"": ""12ccb42b83c262c7ae4df88b528517603842abcfe374372e9f784d76714fcd7c"", ""8"": ""3ac549c04489f72a1c628d5ade9968fbb9bbd41c9bbb3bee7f025b2d8b044444"", ""9"": ""f1ed03dea68e26efd3cf04dd75d2e4a57cd928c459446fd8dbc103f0478faf65""}",,0,0,0,0,0.0,0.0,"{""0"": 2.0316480456130653e-13, ""1"": 3.6060816356567804e-13, ""2"": 2.289072847747977e-13, ""3"": 5.312277932948289e-13, ""4"": 0.033441054657100684, ""5"": 0.045388710896422796, ""6"": 0.452345502131901, ""7"": 0.35437205826269363, ""8"": 0.09754632078656936, ""9"": 0.01690635326398872}","{""0"": 2.0316480456130653e-13, ""1"": 3.6060816356567804e-13, ""2"": 2.289072847747977e-13, ""3"": 5.312277932948289e-13, ""4"": 0.033441054657100684, ""5"": 0.045388710896422796, ""6"": 0.452345502131901, ""7"": 0.35437205826269363, ""8"": 0.09754632078656936, ""9"": 0.01690635326398872}",[],[],0,0,0,0,0.0,50d077946fb29d87472ea908ac49a573762ed376b91eb6019ea5ece0b92036e4,6f6caf6dd909f2d19ebbf527006ebd611cb87f644168c350cca649832c086ec7,"[""proposal_created"", ""proposal_committed"", ""audit_accepted"", ""committed_once""]"
24,noexecutor,0,none,0,0,0,0,1,0,,76.83,,0.1,,5e12ffdfe7a00a3decd3be337aa2ddd64d14148133dbaec53907d25d408a4eb8,1,"{""0"": ""31e84bd0a6c43bc78021843d1d625095bf099f194d2c205974753316f3ee829b"", ""1"": ""803bd94e6cb428636dfb4cfea3cfb8f4e762fdff4a1992f0afe812d859bc698b"", ""2"": ""e21a6de902d13dcb0ad871a478ec44715bb4fd16a06f9457a60714a7e6000442"", ""3"": ""54b476da92dc70259b32f8d0678b725f35ae5f6ffccf043fd3511629ea25fd66"", ""4"": ""7680ca48151b8ee95d44b1f8775390eb21aa023f9ab32b06ebb55c048ff91054"", ""5"": ""f3b3b479df32929783f8275220f91f9842de160f3926fd32f3663930c19f42eb"", ""6"": ""1f4d8bd4f4707824cd19a0b0168e875c6fa1b79b4d804ba38e413d672086c284"", ""7"": ""86b916dcb4f64cefb9f09bbbd63604adf19633b14d32dd01e174a292601ccc4b"", ""8"": ""c8e10ec40e034a4e6e93a05a047329ead9cba8e1d19cec4e723a9fdb3e9c5f93"", ""9"": ""abad91597753d4125272c6dd2981633189bb6e20fcb4c4ba11d967397e1e86c0""}",,0,0,0,0,0.0,0.0,"{""0"": 6.094944136839197e-14, ""1"": 1.0818244906970343e-13, ""2"": 6.867218543243933e-14, ""3"": 1.593683379884487e-13, ""4"": 0.3157922516654674, ""5"": 0.01361661326892684, ""6"": 0.13570365063957032, ""7"": 0.41207155274714535, ""8"": 0.1177440256992963, ""9"": 0.005071905979196616}","{""0"": 6.094944136839197e-14, ""1"": 1.0818244906970343e-13, ""2"": 6.867218543243933e-14, ""3"": 1.593683379884487e-13, ""4"": 0.3157922516654674, ""5"": 0.01361661326892684, ""6"": 0.13570365063957032, ""7"": 0.41207155274714535, ""8"": 0.1177440256992963, ""9"": 0.005071905979196616}",[],[],0,0,0,0,0.0,6f6caf6dd909f2d19ebbf527006ebd611cb87f644168c350cca649832c086ec7,0075cec5c9a7a6bf5d3539899abfeb3e32c30540a24295b909ffa40c0898823e,"[""proposal_created"", ""proposal_committed"", ""audit_accepted"", ""committed_once""]"
25,noexecutor,0,none,0,0,0,0,1,0,,76.54,,0.1,,427923ec2e6feab46fc7b68ce86ae710ba3745334ba691f54cc8fa8fd0d3f91f,1,"{""0"": ""ce5f6b18c9f36a095ffe2231fa560931290b2446cb0a4266a73b9893c1817bf5"", ""1"": ""ca0c4da4ea4ccd82d6a8d0f5af7ed12793ad9286cef9369a70db2550ea510659"", ""2"": ""da9488b6d0b47586935c272d2d225992d20b089a3d623a8d3f0ccdb4cad94344"", ""3"": ""1cdb1dda49102749cc65aeb69532d98a3058c0e84f19bb226d3f9c90ebe331c0"", ""4"": ""8a3fd95105cc3a6a9860ed1867c4f33d0d0a6907ea117374abcb5a7e39e463d9"", ""5"": ""aab5e75c7092ad98812c4722f22fc5b488cc1d56be2ba2594c1fd6aacb1e0282"", ""6"": ""0f8ee0e70c50b432bfc87b71dfc752a13af6104ce8b04a51666a03d6d5ce1597"", ""7"": ""52d6a32b13eb7b9b1cf468d27b9fa1b602f0e4de158eaf905a17e9d84db1b706"", ""8"": ""15151cb6c6d95d2bfbb5a09caf125623c966f237caa24f3532367db9f73f47fb"", ""9"": ""931395352e73b9ef7f40ef1d04b6a4c475f3c325bb9c63eaa997cd5cbf58d7d1""}",,0,0,0,0,0.0,0.0,"{""0"": 1.8284832410517595e-14, ""1"": 3.2454734720911036e-14, ""2"": 2.0601655629731802e-14, ""3"": 4.7810501396534614e-14, ""4"": 0.09473767549964024, ""5"": 0.004084983980678053, ""6"": 0.4206046301442676, ""7"": 0.12362146582414363, ""8"": 0.35542967275739246, ""9"": 0.001521571793758985}","{""0"": 1.8284832410517595e-14, ""1"": 3.2454734720911036e-14, ""2"": 2.0601655629731802e-14, ""3"": 4.7810501396534614e-14, ""4"": 0.09473767549964024, ""5"": 0.004084983980678053, ""6"": 0.4206046301442676, ""7"": 0.12362146582414363, ""8"": 0.35542967275739246, ""9"": 0.001521571793758985}",[],[],0,0,0,0,0.0,0075cec5c9a7a6bf5d3539899abfeb3e32c30540a24295b909ffa40c0898823e,686f756cdcff71282e1d3d6fd24c6d7f0f751a365eddd440b57d55f97c7d7c56,"[""proposal_created"", ""proposal_committed"", ""audit_accepted"", ""committed_once""]"
26,noexecutor,0,none,0,0,0,0,1,0,,78.5,,0.1,,5c2a00a583c42341c64f44bf38b0cd4b0781e405b2e42783286f85304a925172,1,"{""0"": ""0b781ee2e9516b6492e85289c7de99dc513c49f42fe13bfbbf401c0aad07015f"", ""1"": ""bfc42cc3ece64875eefb96272329cb6711bff9f035ba9da9fafabc23c783161b"", ""2"": ""5257646e1bf763c18d35decf0f024f86133fe17c5b5462e9f18341d44a868918"", ""3"": ""8b4a3746a81552e877e9b6987f677986b4e08d477a7b0bef8663e685cd236515"", ""4"": ""614a1f8dcdcd23521541526b10eb04b3df2d681523ef1231cd7b6bee70e77259"", ""5"": ""0efaf7e844d1897ff63f2382ae72f26c0a81a54a4723aa8cb7b72fd99ab746ce"", ""6"": ""4152cbc50747cae135a645b6d2fe9a097b8b3d5f3678586f6de18c19ebcf991b"", ""7"": ""e57b0bdf44d99377f670ebda6940f06891cfcf5f3f66f3b90c691b028a30591b"", ""8"": ""a0248a655a533a285b3ee280819e7fb29fa8b6b2e9155f29fb2d53ddad4cd6fb"", ""9"": ""13bc1368c93aa20a28be6dce8b1e129d650717acf4579f23c565ebc203e695ec""}",,0,0,0,0,0.0,0.0,"{""0"": 5.485449723155278e-15, ""1"": 9.736420416273311e-15, ""2"": 6.18049668891954e-15, ""3"": 1.4343150418960382e-14, ""4"": 0.2629435498204935, ""5"": 0.23574774236480486, ""6"": 0.35713689470207727, ""7"": 0.037086439747243086, ""8"": 0.10662890182721772, ""9"": 0.00045647153812769547}","{""0"": 5.485449723155278e-15, ""1"": 9.736420416273311e-15, ""2"": 6.18049668891954e-15, ""3"": 1.4343150418960382e-14, ""4"": 0.2629435498204935, ""5"": 0.23574774236480486, ""6"": 0.35713689470207727, ""7"": 0.037086439747243086, ""8"": 0.10662890182721772, ""9"": 0.00045647153812769547}",[],[],0,0,0,0,0.0,686f756cdcff71282e1d3d6fd24c6d7f0f751a365eddd440b57d55f97c7d7c56,d9678dd8cebf0c919ddc04c337d35a7cd87577fd3ffce7d24eda9b65a2d732b1,"[""proposal_created"", ""proposal_committed"", ""audit_accepted"", ""committed_once""]"
27,noexecutor,0,none,0,0,0,0,1,0,,75.99,,0.1,,e023444cc45ccbbbe4a98296ee01d4b3688112036fd5f4af0fb43e7d98e6b65f,1,"{""0"": ""79a7a90dffaf4938a13948c994a874274905d76765f670720a2c472e7afd1a64"", ""1"": ""06f837057b4e068ada113d067e7b28e1ca3ffcf960ee6487ca114254487b787b"", ""2"": ""e38b5af89c0d2bd1361bf419cb44b6220ac5377db9dde3f21bd2cb1a417759ca"", ""3"": ""754f9dbd0d217d05d0923d445462bb803856bcd8cc62494cc7ba8e102122b5c8"", ""4"": ""2b13a028a22d4a9d577545e053a00aae0f68c819ac0a620b183d170a5346e74c"", ""5"": ""d51b9c9932472b614bb3b0ef763f7582409eec7cf26972c94de9557b083c6583"", ""6"": ""23f094368b9ecc247a2008d144d422c095a9f06d87309d7dec377af030fcc369"", ""7"": ""c0c42d691071b85402be1fcf8745326a5d5524a16789a205231bc9068f7655f0"", ""8"": ""e8efc42eab61a6ba91ff94f015daacffdc6071dd7082a0786db557f157ad5a20"", ""9"": ""cf9acc42b69598fd158cc3092e8e6be8b0f7832966bfaabe80620ce8082109e7""}",,0,0,0,0,0.0,0.0,"{""0"": 1.6456349169465837e-15, ""1"": 2.9209261248819937e-15, ""2"": 1.854149006675862e-15, ""3"": 4.302945125688115e-15, ""4"": 0.07888306494614807, ""5"": 0.07072432270944147, ""6"": 0.4571410684106232, ""7"": 0.011125931924172928, ""8"": 0.3819886705481653, ""9"": 0.00013694146143830867}","{""0"": 1.6456349169465837e-15, ""1"": 2.9209261248819937e-15, ""2"": 1.854149006675862e-15, ""3"": 4.302945125688115e-15, ""4"": 0.07888306494614807, ""5"": 0.07072432270944147, ""6"": 0.4571410684106232, ""7"": 0.011125931924172928, ""8"": 0.3819886705481653, ""9"": 0.00013694146143830867}",[],[],0,0,0,0,0.0,d9678dd8cebf0c919ddc04c337d35a7cd87577fd3ffce7d24eda9b65a2d732b1,8ccc21c3bf61dab9698c0f88a6e65b3c643a3e7febf88575f51a7219cbe3e024,"[""proposal_created"", ""proposal_committed"", ""audit_accepted"", ""committed_once""]"
28,noexecutor,0,none,0,0,0,0,1,0,,77.61,,0.1,,83231cd4047aa9569e333d5c774799f882653e1971addd1903814ba52c48d4fa,1,"{""0"": ""e20b287ffd0f899f57e969ff3d1f3ea7980635c233a927ce0351a7038c2fed4d"", ""1"": ""d6048d8d907ad3cc703e12f4ef98c2448648903c293e6add09d18e0ed9a9a273"", ""2"": ""08fe3fb4049842aa2980d728d855289e1822dd56632a1429188eb242c63d7572"", ""3"": ""c7544ac6f5a86095b463990cb47ea0518fd392a9cc43a7c826fcc183953086fc"", ""4"": ""7d67c8d7aa67ed03ecd7b72de0ce871d994ed45762b864e2bc4863f383413a48"", ""5"": ""a9fdbfa18b68713e535587cf16a659f64d96fb4abb1dae9082bfd6ccddfe234f"", ""6"": ""a251276b30deadaf817fe7546421abc17288c13eac3759e7e1d1b6d0c5dc5769"", ""7"": ""451873fe7e3d15153501fb10546107fad73cd636d356db6ab6f92940d5af5f9a"", ""8"": ""c180a8c5e919fdc29ffc3cf4096e68f351a8de44c82f2dd0329606ca9b0df509"", ""9"": ""a64e9760b10af2679ca76f0f93577d2382c50dadaa63bec4ac312c1df72ba7ca""}",,0,0,0,0,0.0,0.0,"{""0"": 4.936904750839752e-16, ""1"": 8.762778374645983e-16, ""2"": 5.562447020027588e-16, ""3"": 1.2908835377064348e-15, ""4"": 0.1971600397782006, ""5"": 0.19471241710718862, ""6"": 0.3106374408175432, ""7"": 0.17683289987160805, ""8"": 0.11459660116444961, ""9"": 0.006060601261006799}","{""0"": 4.936904750839752e-16, ""1"": 8.762778374645983e-16, ""2"": 5.562447020027588e-16, ""3"": 1.2908835377064348e-15, ""4"": 0.1971600397782006, ""5"": 0.19471241710718862, ""6"": 0.3106374408175432, ""7"": 0.17683289987160805, ""8"": 0.11459660116444961, ""9"": 0.006060601261006799}",[],[],0,0,0,0,0.0,8ccc21c3bf61dab9698c0f88a6e65b3c643a3e7febf88575f51a7219cbe3e024,a1d7071969e48de199d88a40ac024ed06de0b4111533b35c55afe10035db274f,"[""proposal_created"", ""proposal_committed"", ""audit_accepted"", ""committed_once""]"
29,noexecutor,0,none,0,0,0,0,1,0,,74.23,,0.1,,355c0fed302c1c2754d0018a0dfc12b2bcc34f462768c3b3b865208517803a94,1,"{""0"": ""e98fabd8d717a07cd694e988361486a08d8999fa24814d99eed62175dd84ad5c"", ""1"": ""ed087eac0ad0607854f3c4615630b7b05bad2aba73a638037a2f1859f3c8bed3"", ""2"": ""8b18d9b93ece9520a534d78a8d2cf4ad6b205ec6e7eb2d896e845bff870ae94f"", ""3"": ""c7b8c16fe0de27c4d426fb0430a2f9d5f30ba8c43a31a0950e1669b30aa89588"", ""4"": ""94460b4121d37cc28da42bec86aeb14cbe1a965132aa2506ebde89ff45b7adb7"", ""5"": ""7d20f81ab35d19c4d16a6ebecb60fb02e21b153223ae1db86f9f67fed5cbfb1f"", ""6"": ""486d5e4158c1b05ae11336810379e958e9c61c396652b4473a3a5365c5575358"", ""7"": ""9b0b425c43e1ed066fc13383260736c60e3fa7608e292ffb25eee92b4ffcbc1d"", ""8"": ""6d6794d8f52ac521003e0c1cb98300a0b44082bbd146dfae6b00535bcef11a2f"", ""9"": ""55b8a3ca359b585feb25539e19916f12a3239a467ffea02dd87f14a599850363""}",,0,0,0,0,0.0,0.0,"{""0"": 1.4810714252519257e-16, ""1"": 2.6288335123937955e-16, ""2"": 1.6687341060082767e-16, ""3"": 3.872650613119305e-16, ""4"": 0.7591480119334602, ""5"": 0.05841372513215659, ""6"": 0.09319123224526298, ""7"": 0.05304986996148242, ""8"": 0.03437898034933489, ""9"": 0.00181818037830204}","{""0"": 1.4810714252519257e-16, ""1"": 2.6288335123937955e-16, ""2"": 1.6687341060082767e-16, ""3"": 3.872650613119305e-16, ""4"": 0.7591480119334602, ""5"": 0.05841372513215659, ""6"": 0.09319123224526298, ""7"": 0.05304986996148242, ""8"": 0.03437898034933489, ""9"": 0.00181818037830204}",[],[],0,0,0,0,0.0,a1d7071969e48de199d88a40ac024ed06de0b4111533b35c55afe10035db274f,12a87ee180d8dd521a89e5b3ab6d7649d8514808441306e55cf6b35a1f782620,"[""proposal_created"", ""proposal_committed"", ""audit_accepted"", ""committed_once""]"
30,noexecutor,0,none,0,0,0,0,1,0,,77.96,,0.1,,01d6769b5284a440704e3f74c17c2bf29023e1088cdeec088d26340265b29f15,1,"{""0"": ""fbc9f2ccfc00539f65bbf3002e6acf45509a98e813331344bd1741b3988d7715"", ""1"": ""498ceee37260d415309f158ee4ee002aa9ec79dbca0de745afbae6cb3b7e99b7"", ""2"": ""d57ece1565711814019edd98bb228b914c80c688ecc771ad92b17eaab2757041"", ""3"": ""27899eb54be7b3b5a8bd370b281f49ab22cf065f10afe67fda0c13d06a25dfac"", ""4"": ""a0b57a335a31b2060c733484c5b66b8238691831870d1af26aaef989ae3be566"", ""5"": ""eebbbedc4313726cbe71ab087d58dd29dce1744f385ec6c52b2b9c5b108a26b9"", ""6"": ""f50f4436d1cac894d56203da7d66c1c6526f3b2d476dc76e17de91d60839f084"", ""7"": ""827639a57e964465b1a04c033ca93e9fdd8f1f33732469585fa1a3ae69d9213c"", ""8"": ""4891f2dfe69d8746bfcb355b4dd98e21f019a8d068ec7e03bf4211c2662c022c"", ""9"": ""f786b17173bae670f5c9ad4e99921c3f88bfa6de7c6b6327c0de1b76414cd70a""}",,0,0,0,0,0.0,0.0,"{""0"": 4.443214275755778e-17, ""1"": 7.886500537181387e-17, ""2"": 5.0062023180248304e-17, ""3"": 1.1617951839357917e-16, ""4"": 0.22774440358003809, ""5"": 0.021779028342707327, ""6"": 0.027957369673578897, ""7"": 0.3563986553885936, ""8"": 0.23399193072802887, ""9"": 0.1321286122870528}","{""0"": 4.443214275755778e-17, ""1"": 7.886500537181387e-17, ""2"": 5.0062023180248304e-17, ""3"": 1.1617951839357917e-16, ""4"": 0.22774440358003809, ""5"": 0.021779028342707327, ""6"": 0.027957369673578897, ""7"": 0.3563986553885936, ""8"": 0.23399193072802887, ""9"": 0.1321286122870528}",[],[],0,0,0,0,0.0,12a87ee180d8dd521a89e5b3ab6d7649d8514808441306e55cf6b35a1f782620,328ef842d27806ccdda7d4c2dac1722c0acdc105d2216c504292cca054aa61a4,"[""proposal_created"", ""proposal_committed"", ""audit_accepted"", ""committed_once""]"
31,noexecutor,0,none,0,0,0,0,1,0,,65.45,,0.1,,7029b71d69c727c809b4a6aecd41db7f221a4f5ecfb205edf4ecdddd7e361168,1,"{""0"": ""78a4b78697fb8f8e990b958f4dfacf5dfe6b3d6cd6c65547c708fc5ee3b24434"", ""1"": ""a1ef2a3a16207a897ba2004358e3e3972e0466bae85ba7ea6cfdb2df5c0ae9ed"", ""2"": ""c92e2b177aee223484a87082d697d0b5cba16a0e0eca9a2b90a4f9ef202b48b7"", ""3"": ""b4574592eb7c1af83fc09fd73583d4ab7b1308b09008a63f0a1d4306616dd399"", ""4"": ""1c212e8ed35eed7ee536888c49094b3115c6b476331b57991845e4bc8e071488"", ""5"": ""eb15966fb8a0c1263bd3e1b0f997b2e1aa5f277baf1a2fe469f5d692a6962930"", ""6"": ""640c783f1c520e5a90d703ee6d45f1997744c780556ea8556c8754f45a518369"", ""7"": ""c24a8b677f0fb5a155537a3e6dbacc877e69b12ecccd0f811a4a4ad84cb67e31"", ""8"": ""e8012da630578dc0ced065a236d9d4bf6ee1d182a533f43389017b01cf6dce7a"", ""9"": ""6e35fa0504b02b742bd47047f151179798094aa6cd9b230b5bf14ff1f467f3c5""}",,0,0,0,0,0.0,0.0,"{""0"": 1.3329642827267336e-17, ""1"": 2.365950161154417e-17, ""2"": 1.5018606954074496e-17, ""3"": 3.485385551807376e-17, ""4"": 0.06832332107401146, ""5"": 0.7065337085028123, ""6"": 0.008387210902073672, ""7"": 0.10691959661657811, ""8"": 0.07019757921840869, ""9"": 0.03963858368611586}","{""0"": 1.3329642827267336e-17, ""1"": 2.365950161154417e-17, ""2"": 1.5018606954074496e-17, ""3"": 3.485385551807376e-17, ""4"": 0.06832332107401146, ""5"": 0.7065337085028123, ""6"": 0.008387210902073672, ""7"": 0.10691959661657811, ""8"": 0.07019757921840869, ""9"": 0.03963858368611586}",[],[],0,0,0,0,0.0,328ef842d27806ccdda7d4c2dac1722c0acdc105d2216c504292cca054aa61a4,9af6cd8c0c73685fbdedd73b80adfd47b6ade1916cc7ee1d168d7735b619a516,"[""proposal_created"", ""proposal_committed"", ""audit_accepted"", ""committed_once""]"
32,noexecutor,0,none,0,0,0,0,1,0,,72.42,,0.1,,ee01f5b83f45f182d31de8e3c27c46e56f6bab4464a8134eb35a9f036ef39c09,1,"{""0"": ""129efed1404dd7986adc21e21e43c0c4cff2f2d24230f9697acbb15a54c54495"", ""1"": ""6c50bed663b67aa9b49c1a5857a91f22916e2bd7c41301d9184447eca0998544"", ""2"": ""a38fe9cdf2205c1d70cd5b1accc3d239b60d36e4186f65ab386f036f140830f9"", ""3"": ""a86fb40ebeb1ed70767e2568f02ed0c2b0c8e6b6aac1263df820e2da8c9f2f98"", ""4"": ""f90a8b368da0c2e16fa3fe27bf015acc611663b4eb053f6bb5b808af0ceeefec"", ""5"": ""3fb91b8f2cdb4a0c94acaed7f3c34797498e89993afc2043dae2eb9b4379bb19"", ""6"": ""ed9810a6d795f44cd6f1f44b2ff6ee792f6d0f171a6f0adcf63d20fd215ae944"", ""7"": ""87af721efbef1340426d41939e82e33d8bc2d43d2a1d72a0e23c79596656ffe8"", ""8"": ""dde86697b9eddd84f052de499b173a9e6a231d6b20bd0ea8421103bcfc321d7e"", ""9"": ""2bc9149684a5c3a04d213cf2c7e78d2e0968d2dae51f725047782b26b017c337""}",,0,0,0,0,0.0,0.0,"{""0"": 3.998892848180201e-18, ""1"": 7.097850483463252e-18, ""2"": 4.5055820862223495e-18, ""3"": 1.045615665542213e-17, ""4"": 0.12983061685381636, ""5"": 0.2119601125508437, ""6"": 0.0751123518684727, ""7"": 0.03207587898497344, ""8"": 0.4135453572942503, ""9"": 0.13747568244764358}","{""0"": 3.998892848180201e-18, ""1"": 7.097850483463252e-18, ""2"": 4.5055820862223495e-18, ""3"": 1.045615665542213e-17, ""4"": 0.12983061685381636, ""5"": 0.2119601125508437, ""6"": 0.0751123518684727, ""7"": 0.03207587898497344, ""8"": 0.4135453572942503, ""9"": 0.13747568244764358}",[],[],0,0,0,0,0.0,9af6cd8c0c73685fbdedd73b80adfd47b6ade1916cc7ee1d168d7735b619a516,69d20e86c083902a88ac2ec7ae0a8bf24ce36a424b24789016d2ec64a15fe7fc,"[""proposal_created"", ""proposal_committed"", ""audit_accepted"", ""committed_once""]"
33,noexecutor,0,none,0,0,0,0,1,0,,78.88,,0.1,,693665ba40c98285a6f13765418eff22db45d72c92bbd7c71fe76f317f3b3667,1,"{""0"": ""4b6a23bdb530dbad8e900461a178319cfca322f418638ef98cdfdbd555ac481e"", ""1"": ""822459572ce69f70e2ad662a6e55d8dee5080dda83b7d4a53e2a46ecb7b52300"", ""2"": ""e5b573153f263a850c1840d86eee583c20ef18bf76a61a2e07baca1f32f6f6f1"", ""3"": ""5dbb40b1cb050f6d3e66309229c1f31e9fbcb3d2c4445ade1cd88a70fdd78a0f"", ""4"": ""e9c48c920d966c879ff890d3492c72ee68f5feb14651e52039249734ebfe6b2d"", ""5"": ""3fab7f4174a11dad5ce1c973a0047c8d0a6fb75255999c2e49605addd3026f97"", ""6"": ""14594394bc814952d676123595cf575168e244a202449249ec85ca013985c888"", ""7"": ""98a9125a7b8051bc45d44d2b907acfbe27ab1a6dad01a1287b6704cedc275eb0"", ""8"": ""e5be701d1b6a29fbba178c8d022a856ee6d91e21b6cb750990938a45b2b9f524"", ""9"": ""87d680968f21f8ebd77f1c39fc28afe5f401073af5e7d83c979d5610846244fd""}",,0,0,0,0,0.0,0.0,"{""0"": 1.1996678544540603e-18, ""1"": 2.1293551450389757e-18, ""2"": 1.3516746258667046e-18, ""3"": 3.1368469966266385e-18, ""4"": 0.3889491850561448, ""5"": 0.06358803376525311, ""6"": 0.3725337055605417, ""7"": 0.009622763695492031, ""8"": 0.12406360718827508, ""9"": 0.04124270473429307}","{""0"": 1.1996678544540603e-18, ""1"": 2.1293551450389757e-18, ""2"": 1.3516746258667046e-18, ""3"": 3.1368469966266385e-18, ""4"": 0.3889491850561448, ""5"": 0.06358803376525311, ""6"": 0.3725337055605417, ""7"": 0.009622763695492031, ""8"": 0.12406360718827508, ""9"": 0.04124270473429307}",[],[],0,0,0,0,0.0,69d20e86c083902a88ac2ec7ae0a8bf24ce36a424b24789016d2ec64a15fe7fc,40d48966cbd7aa4f961bc7deee35a78eec8144c84f5797af9e4d108674c72816,"[""proposal_created"", ""proposal_committed"", ""audit_accepted"", ""committed_once""]"
34,noexecutor,0,none,0,0,0,0,1,0,,77.57,,0.1,,7f1b04473915ae177c83ae0a7a83a03968bf6aa7a818b83713e2f3959ad8b098,1,"{""0"": ""9c66f71c84b1dee6413d28e6bc8a0659f51317dde1706374243fd8bd4adce3c8"", ""1"": ""50312d8daf19e3769c066f7b7de5b7f6f540fba4b4401b51f62417d4b6b7d412"", ""2"": ""5bb77aa6408ff0d2cc1d3aa222ccc516ce631efa081f86dabec126db7d35af07"", ""3"": ""a15a0c674def0afe0e0831413c0c3909cf9da59b85552e51aa375f7311f312e9"", ""4"": ""3ba0525dc5e3780e41f71354f60f5eef01453a052a6d69ad8ed31a4d1280c5d3"", ""5"": ""a03958c5a9f86d93087b2de830732836768c5ff8bdf0f1ee7ac2a52e6d67080b"", ""6"": ""9260e2602b7dbf63179e28f23c41c9f240d974a09f6bfc0ee1a0f98e6f0080e2"", ""7"": ""5086f2a51a80d5e80b787c4c4c2e62a39ce7b524ba61a515bcca25f62ce43950"", ""8"": ""3e0f5ebe3693859dfec39c8927df127a96bf49c6959581ad571e74605ddb6ebb"", ""9"": ""c7ac29576d4c50c64a9d4b3704c434d73c43f2f2fea428503978dbcc8db63e4c""}",,0,0,0,0,0.0,0.0,"{""0"": 3.599003563362182e-19, ""1"": 6.38806543511693e-19, ""2"": 4.055023877600115e-19, ""3"": 9.410540989879919e-19, ""4"": 0.11668475551684347, ""5"": 0.01907641012957594, ""6"": 0.8117601116681626, ""7"": 0.0028868291086476105, ""8"": 0.037219082156482536, ""9"": 0.012372811420287923}","{""0"": 3.599003563362182e-19, ""1"": 6.38806543511693e-19, ""2"": 4.055023877600115e-19, ""3"": 9.410540989879919e-19, ""4"": 0.11668475551684347, ""5"": 0.01907641012957594, ""6"": 0.8117601116681626, ""7"": 0.0028868291086476105, ""8"": 0.037219082156482536, ""9"": 0.012372811420287923}",[],[],0,0,0,0,0.0,40d48966cbd7aa4f961bc7deee35a78eec8144c84f5797af9e4d108674c72816,e0a02eca10e11d7152cf49387a66f1d11e8fa6742a258c00ce4141b65dc19fd3,"[""proposal_created"", ""proposal_committed"", ""audit_accepted"", ""committed_once""]"
35,noexecutor,0,none,0,0,0,0,1,0,,80.61,,0.1,,ab114f4dcce25869380220d44af6767588ce6c8fed49cb27882a11d2e2dc5634,1,"{""0"": ""d1aa430e4193a110e8b62b232fdf07dfffd09a27904d6e124eae035089b65a92"", ""1"": ""f0edd6b25e473906ec419b6960905a2d13bd98579a3120583feb4cc58d05b326"", ""2"": ""e412090b2297ab8fbc4ea16a577787d094dbd82a41fa0db5b514e5cd8ea22aac"", ""3"": ""51528c9b58185a4644e4c98c3c53de9f868120ecd4435f4b2d6dc2df50167750"", ""4"": ""642c59cadaaa255c42afc177299f62a3f691786e3c687beab448055458f090bf"", ""5"": ""b86ec516cb534aba9d0fb645e01447aa0cfe7bd192d6c4da78f3d1ad0f135774"", ""6"": ""8e978bd61cfae3ea3df787a497f07f2655f5671783e46b7036d6baa6816282d4"", ""7"": ""068460af840c25eaa62cc048367d317e12dc193db977e2706ad671df61b53bcc"", ""8"": ""29b2aeaea64f281b98529dafd8b8e56bfe8c2675f6f6974fdb4c064b7885ce0e"", ""9"": ""0cfd0200103b55c7361a4fd8808a4277f929817d0dc13496f66269f6a533ff6a""}",,0,0,0,0,0.0,0.0,"{""0"": 1.0797010690086547e-19, ""1"": 1.916419630535079e-19, ""2"": 1.2165071632800347e-19, ""3"": 2.823162296963976e-19, ""4"": 0.12887209841081226, ""5"": 0.07731266348820628, ""6"": 0.24352803350044883, ""7"": 0.17904724466423, ""8"": 0.1893469205785805, ""9"": 0.1818930393577221}","{""0"": 1.0797010690086547e-19, ""1"": 1.916419630535079e-19, ""2"": 1.2165071632800347e-19, ""3"": 2.823162296963976e-19, ""4"": 0.12887209841081226, ""5"": 0.07731266348820628, ""6"": 0.24352803350044883, ""7"": 0.17904724466423, ""8"": 0.1893469205785805, ""9"": 0.1818930393577221}",[],[],0,0,0,0,0.0,e0a02eca10e11d7152cf49387a66f1d11e8fa6742a258c00ce4141b65dc19fd3,3e47a9048e26eb1218f98a4360c0376a42907722a290a7474daea3b13a196eb3,"[""proposal_created"", ""proposal_committed"", ""audit_accepted"", ""committed_once""]"
36,noexecutor,0,none,0,0,0,0,1,0,,79.44,,0.1,,cd75920e62c6555a2a7f0a844079189914a439deabb0248a8ece76afdb96ecd1,1,"{""0"": ""0669bc6de38378b7f2d79248ddc37d40cf0e185166178c3ebf8cacfe821f5428"", ""1"": ""e33d62750f5fff78cb5c5dd6354241afe1e0ce5b83383034ffc72609280e2734"", ""2"": ""1e054d09c68c761074d4c7a045854907e1a1c72a89db3c7dc5662bcd18fc7af3"", ""3"": ""c2b88cb4ec50545ae4327f2e5f56cf7ac3914f319bf7cd36533685dad72009aa"", ""4"": ""c4b234e0afbc8cdd1bd8104b40634c5ccf89912f3a3fb7767cbd5a0379a2b2c9"", ""5"": ""4540466b350faf55586be7cd461d1d828dc5db1ac73568169652acf332fee2f7"", ""6"": ""303ecbd2b629c2a05ce5ee9cc7fd3368d6a3d4795fc55117e56dda1bb118c29c"", ""7"": ""222913ed528afca2c25de21086efcf9ead35cfcbf7f8f4da1f07d02fae5304e2"", ""8"": ""10b76bae0d589f6a73d4514612b9aaa94d2e53e4aac4944985a23d24e4b31c92"", ""9"": ""d95d1b49419fe9b9acd8371c70bab28e9f4c8bc69ab0c78f1b617deb2e7cc457""}",,0,0,0,0,0.0,0.0,"{""0"": 0.06999999999999999, ""1"": 0.06999999999999999, ""2"": 0.06999999999999999, ""3"": 0.06999999999999999, ""4"": 0.10866162952324367, ""5"": 0.09319379904646188, ""6"": 0.14305841005013464, ""7"": 0.12371417339926899, ""8"": 0.12680407617357414, ""9"": 0.12456791180731662}","{""0"": 0.06999999999999999, ""1"": 0.06999999999999999, ""2"": 0.06999999999999999, ""3"": 0.06999999999999999, ""4"": 0.10866162952324367, ""5"": 0.09319379904646188, ""6"": 0.14305841005013464, ""7"": 0.12371417339926899, ""8"": 0.12680407617357414, ""9"": 0.12456791180731662}",[],[],0,0,0,0,0.0,3e47a9048e26eb1218f98a4360c0376a42907722a290a7474daea3b13a196eb3,93fad81ecd9b30155d42fd6777f97bda69439f6ad9f587566af24d907095abef,"[""proposal_created"", ""proposal_committed"", ""audit_accepted"", ""committed_once""]"
37,noexecutor,0,none,0,0,0,0,1,0,,78.08,,0.1,,bcf7d42ca33eea8eeb1bc1af033e1872aaab2dae1d23888ff8dd13c8cddf09d6,1,"{""0"": ""231b181d0a20e86edb67a4b1c262893689f3f9018f7740c5cf01084d32a3ba4c"", ""1"": ""bcfd782aebbb8578439097785d001ab3ba99b7b5c0a666f134447cc4fa642281"", ""2"": ""6adc2cb4b706af2a0cf69f5f6e6c992dbcef2fb9c467e48183e5ebcf6710f6be"", ""3"": ""e492072d8c8910014bae24d20387dcaec2bb3bc0dc6761394ffdb979b8ea284a"", ""4"": ""eb6a0b35b6fe022829591d1229fa4e90fae0f76761d504fc1ee5d605b07177d6"", ""5"": ""691a5112aa32dd9c60c4fa54728748d86e54b4226fecf5202869ad79ac303d45"", ""6"": ""aba991ab93b45370fe6350a64a8e5090a7e382ac45fdac01626a7b36919ce1d0"", ""7"": ""8aff70abf962faf45cb2c7c94bc7b2ba1505edf3ee8db5950f712cd80d26a1b0"", ""8"": ""cb044b3ae8fca2ab25297ccbe8c08f158edf12ed05e00f16d993023627291986"", ""9"": ""d4abbdc863a07a5ecb6c9529aa1845255a704c1e43016c1f9eaa855d0e41e359""}",,0,0,0,0,0.0,0.0,"{""0"": 0.021, ""1"": 0.021, ""2"": 0.021, ""3"": 0.021, ""4"": 0.037954299361200206, ""5"": 0.05290444853176608, ""6"": 0.045117161404651586, ""7"": 0.4586472367840876, ""8"": 0.038041222852072246, ""9"": 0.2833356310662223}","{""0"": 0.021, ""1"": 0.021, ""2"": 0.021, ""3"": 0.021, ""4"": 0.037954299361200206, ""5"": 0.05290444853176608, ""6"": 0.045117161404651586, ""7"": 0.4586472367840876, ""8"": 0.038041222852072246, ""9"": 0.2833356310662223}",[],[],0,0,0,0,0.0,93fad81ecd9b30155d42fd6777f97bda69439f6ad9f587566af24d907095abef,1281cf32a129e258ad97f80c82cf0647849c713eeeaf34396f7f6fe2d53cd9a1,"[""proposal_created"", ""proposal_committed"", ""audit_accepted"", ""committed_once""]"
38,noexecutor,0,none,0,0,0,0,1,0,,67.11,,0.1,,1bf5fc85f6d8cd61f4097361f547da21e782d057244d0fd81d2df52a7d47691b,1,"{""0"": ""2bfca528c5210bafc35e1babcba5890b2f5cf45dfee8e91d89fc69cd48970427"", ""1"": ""98e8bd5dd765ee8273e2e4af553f9fe3ffc10d1d3e67c655acc5e2ed0e80c617"", ""2"": ""c883196fd93ae8717fd528683d9e5490b76802cab6d3e667f26ac65ac5bf220c"", ""3"": ""ea0c769f50fd7ba8501651e6b5176b459fbcd436573d1b170fd779ffa5a05ff3"", ""4"": ""d3dc3fd050e212c8353e9356de566daa6e284e1e84164f88d84899e66a8f2548"", ""5"": ""7ce134d49b1b39f4b3f5482804507dc09534a6b5991925074a6d985090479e7e"", ""6"": ""7f39586a0a8468aff9ab0eea3fd9c7da650ae5c8f5c627a00e070138b1f8f48c"", ""7"": ""309733e822e8e11521528621be0a587ec5c52220ee7a844e6b474e931227203d"", ""8"": ""a55b2bf64da35cec6f9dd9c269831e4ebb8fed6b0632da8a6c4a627e8b6eb298"", ""9"": ""4b2714cae9786ec0b921eea3ab556050b30d8054a3f63324b0786a5932207018""}",,0,0,0,0,0.0,0.0,"{""0"": 0.006300000000000001, ""1"": 0.006300000000000001, ""2"": 0.006300000000000001, ""3"": 0.006300000000000001, ""4"": 0.011386289808360064, ""5"": 0.03154015236421799, ""6"": 0.013535148421395478, ""7"": 0.8164240609163589, ""8"": 0.011412366855621676, ""9"": 0.09050198163404605}","{""0"": 0.006300000000000001, ""1"": 0.006300000000000001, ""2"": 0.006300000000000001, ""3"": 0.006300000000000001, ""4"": 0.011386289808360064, ""5"": 0.03154015236421799, ""6"": 0.013535148421395478, ""7"": 0.8164240609163589, ""8"": 0.011412366855621676, ""9"": 0.09050198163404605}",[],[],0,0,0,0,0.0,1281cf32a129e258ad97f80c82cf0647849c713eeeaf34396f7f6fe2d53cd9a1,d2cd16aeaa86418c1f271df5f152ea0a70ec4940dfc32aae981e8744f1fdba78,"[""proposal_created"", ""proposal_committed"", ""audit_accepted"", ""committed_once""]"
39,noexecutor,0,none,0,0,0,0,1,0,,78.55,,0.1,,a4b76b3bf57eb7d620d78fd65ef5018e225c6312f7945119e6f17cbaae7f7480,1,"{""0"": ""5cf171c0d09d405070039894506accd1483fe4a4d698a178fa004c399cbf301b"", ""1"": ""51c9e0b3c0ff6b9641bf9f68f35f00cc2b90221a002cab8c19be581139449541"", ""2"": ""81760828057dbe6d41a5f63792e646b67d5ebf434a854293d8d85a57f1dbcbbe"", ""3"": ""4be329d55d3bf7024570fdad990e602a019512c41fba80995eb5718da6713e1d"", ""4"": ""b8fa04b94bb0b50741076779286ed1f3ae34b683464d1c0ac32a6011f826aa33"", ""5"": ""36e0eb21886f2bc5c2950315c16196db1485ceafc0f46b8ec67539e5686c022b"", ""6"": ""8169dfce61554d6b3f4cb7fe7a316c466e07ff13457a1030babe8ecfec29b58a"", ""7"": ""942df7621afd21721142730b36efce9e5c8fca2923e69b4ef84a1caebd44cbca"", ""8"": ""4409546446dd730e24e096d027d8c6ba9a14485983f9db4fea90f9eb1d3b4f92"", ""9"": ""d88b5e6ab36f065dd53603e79eae3a5375d9591b7fd8bf846b360feac5a66065""}",,0,0,0,0,0.0,0.0,"{""0"": 0.0018900000000000002, ""1"": 0.0018900000000000002, ""2"": 0.0018900000000000002, ""3"": 0.0018900000000000002, ""4"": 0.2367492202758413, ""5"": 0.009462045709265397, ""6"": 0.004060544526418643, ""7"": 0.24492721827490765, ""8"": 0.2367570433900198, ""9"": 0.2604839278235471}","{""0"": 0.0018900000000000002, ""1"": 0.0018900000000000002, ""2"": 0.0018900000000000002, ""3"": 0.0018900000000000002, ""4"": 0.2367492202758413, ""5"": 0.009462045709265397, ""6"": 0.004060544526418643, ""7"": 0.24492721827490765, ""8"": 0.2367570433900198, ""9"": 0.2604839278235471}",[],[],0,0,0,0,0.0,d2cd16aeaa86418c1f271df5f152ea0a70ec4940dfc32aae981e8744f1fdba78,faccfe6a373434c1a2d85b9d3e99983e911a63b19eef6ba5f525476653b32eac,"[""proposal_created"", ""proposal_committed"", ""audit_accepted"", ""committed_once""]"
40,noexecutor,0,none,0,0,0,0,1,0,,79.64,,0.1,,38d86251b36b429d53ebbf593571e88c1a1f3558b2f639cc1c2a5b12e834d9a5,1,"{""0"": ""5851332079a1cd591de59a8f4f8593337dc8288a6266ff4f0980a689836301f3"", ""1"": ""8c01ba3de9f9c61ca606c09b4a784317452f4de6d906c1b92e944aa7513b1ec9"", ""2"": ""7cde62c02f233bdb09a08f656ccb01e042b3f2bf678d4adef20689447344f53d"", ""3"": ""9bd482819bc18e4c3ecd9fb8dc997fb37bf090f8b7fd28e03c1d18cb60f61545"", ""4"": ""1b4d9c413a10a2552a79f894e9ce9bb84b905d12b15e09596b6367c7ae2838da"", ""5"": ""99f1a2175c38ecd475297060e4db1f32390f9bfbbe4f01a7ee81b2f5555d5d9d"", ""6"": ""214ca92e9c5cad345d8e9e4bfb53718fb83f403e85231cdcde50371c4662b89a"", ""7"": ""fba57a6ac66ea5e8a7ec07de5b18829502bde0e35343f2ffd2e51c7072bfb31e"", ""8"": ""634824bbf795cb813e66cb07e6fcf387adc572f89b4f6dda2883db7ff2710ffd"", ""9"": ""9fb598703e4191735473d9e45515c8dd677190667965240d3049bd355a78d7e2""}",,0,0,0,0,0.0,0.0,"{""0"": 0.0005670000000000001, ""1"": 0.0005670000000000001, ""2"": 0.0005670000000000001, ""3"": 0.0005670000000000001, ""4"": 0.0710247660827524, ""5"": 0.0028386137127796194, ""6"": 0.7012181633579255, ""7"": 0.07347816548247231, ""8"": 0.07102711301700596, ""9"": 0.07814517834706415}","{""0"": 0.0005670000000000001, ""1"": 0.0005670000000000001, ""2"": 0.0005670000000000001, ""3"": 0.0005670000000000001, ""4"": 0.0710247660827524, ""5"": 0.0028386137127796194, ""6"": 0.7012181633579255, ""7"": 0.07347816548247231, ""8"": 0.07102711301700596, ""9"": 0.07814517834706415}",[],[],0,0,0,0,0.0,faccfe6a373434c1a2d85b9d3e99983e911a63b19eef6ba5f525476653b32eac,c7fa2eab45cd2974f233d12ca08bb923e024b43e23a844270ad572121bf1b747,"[""proposal_created"", ""proposal_committed"", ""audit_accepted"", ""committed_once""]"
41,noexecutor,0,none,0,0,0,0,1,0,,70.52,,0.1,,8c67977b65057d7f9a644170dc5b5ec721365c067fd624e829dfbd140417e4d8,1,"{""0"": ""ee0205eaf2dd64d8d2a42fee9745de257451df99d859eefaf0c3f6e63a8db08d"", ""1"": ""26454d9fa1d48f8b8817c2657ed93982e542fcfaa4580c8e2c7015bd7c006ac2"", ""2"": ""c98e53a3614523ae1bbf3940fa3a2de6a247b92e8cf90ff10a211dd77c2a35e5"", ""3"": ""48ea9a95d9cb202e5c0f74544b675db9d39e134c43e85f5fcd176da5cb94f820"", ""4"": ""e07c832dda53fed528abf15ddee195d26ec28837c5d59334194124d1eff5f006"", ""5"": ""7786c55df43054dfab7c22d20404f2fb4c121792ae53e252dee4fe770153dfc3"", ""6"": ""21423345269810bc662f09a8e3a6bcfa1062aaff95dfc89e3ec508d62bd2557f"", ""7"": ""ec939742b5eaeb3d6f6fe2f8a8bc77b850c5ecd508bf3b59e01024f9c0909f44"", ""8"": ""666e94cfdee3e09278cea3357227200fa7408019df5be516bcb863957a760645"", ""9"": ""516ba32912018aa2810ed69aba7c6851f33fe34c64821dddca6c675caf2ada61""}",,0,0,0,0,0.0,0.0,"{""0"": 0.0001701000000000001, ""1"": 0.0001701000000000001, ""2"": 0.0001701000000000001, ""3"": 0.0001701000000000001, ""4"": 0.021307429824825728, ""5"": 0.0008515841138338861, ""6"": 0.21036544900737772, ""7"": 0.0220434496447417, ""8"": 0.7213081339051018, ""9"": 0.023443553504119252}","{""0"": 0.0001701000000000001, ""1"": 0.0001701000000000001, ""2"": 0.0001701000000000001, ""3"": 0.0001701000000000001, ""4"": 0.021307429824825728, ""5"": 0.0008515841138338861, ""6"": 0.21036544900737772, ""7"": 0.0220434496447417, ""8"": 0.7213081339051018, ""9"": 0.023443553504119252}",[],[],0,0,0,0,0.0,c7fa2eab45cd2974f233d12ca08bb923e024b43e23a844270ad572121bf1b747,637ae5666f94df0d46d174b8f03ed33a4f4edd613269e3f8ae93f6ed7d2fde4a,"[""proposal_created"", ""proposal_committed"", ""audit_accepted"", ""committed_once""]"
42,noexecutor,0,none,0,0,0,0,1,0,,79.81,,0.1,,3a0dc28b7448190d2724dddb2a61eb65dc0c07a0dec1ba36128f5f5841a1f48f,1,"{""0"": ""ecf4eeb4ba33fe26b75a3d44d308c4b9252086f277edf0fbe1695313ddda66b1"", ""1"": ""f8dcd6e359dda7bc03148ae74b5062dbd77391a012b353b615fde515e6f4189c"", ""2"": ""fba004c70f77399a17f02ca2f26f84823494ad6f802464c800f124e567b8e8fb"", ""3"": ""a50da09fe5ac134f37ac666b5a52e4444e074782ac0ef633df96350b372f671e"", ""4"": ""201c1a98b2f7df32379bc74a5f04e737fa153448dfe0f6d1f3f9d20d505c5394"", ""5"": ""0d55fe544ecc2e92dfa8c43d987645ac02a4e60848e3b9619ec38dbb2ade7d15"", ""6"": ""6df3fb3f1d123a84974b7d4b86cf6c5ac3c5d97dd0cfdafbe4d16292842188b1"", ""7"": ""be8cfc06a8578a107734bfc25986591a82d209e152d7feeb184e96824050b7f8"", ""8"": ""6abc4bb87c7ee3f34eccaf72861a79352d3df6a67c90e6f247605c2e7341b566"", ""9"": ""ab98722ff74b637f1dc37ba34a9e997dbbcd7aa313b475a266034a2d6cff49a8""}",,0,0,0,0,0.0,0.0,"{""0"": 5.1030000000000025e-05, ""1"": 5.1030000000000025e-05, ""2"": 5.1030000000000025e-05, ""3"": 5.1030000000000025e-05, ""4"": 0.18158743714116574, ""5"": 0.17545068342786818, ""6"": 0.23752401012105923, ""7"": 0.18180824308714053, ""8"": 0.21639244017153053, ""9"": 0.007033066051235775}","{""0"": 5.1030000000000025e-05, ""1"": 5.1030000000000025e-05, ""2"": 5.1030000000000025e-05, ""3"": 5.1030000000000025e-05, ""4"": 0.18158743714116574, ""5"": 0.17545068342786818, ""6"": 0.23752401012105923, ""7"": 0.18180824308714053, ""8"": 0.21639244017153053, ""9"": 0.007033066051235775}",[],[],0,0,0,0,0.0,637ae5666f94df0d46d174b8f03ed33a4f4edd613269e3f8ae93f6ed7d2fde4a,bdf9a11af2b5ea6ab3049a825b678d3e7e25d706de768a79dccc2d93699c416f,"[""proposal_created"", ""proposal_committed"", ""audit_accepted"", ""committed_once""]"
43,noexecutor,0,none,0,0,0,0,1,0,,79.95,,0.1,,f2944823d110a2a17b51915f503e4f2adf928f49f80169fb24cc5517422eef25,1,"{""0"": ""97c7e7aaa084e386cd405ff01bd4c43b5b2553bc03777942823f7826bdada38d"", ""1"": ""6497febcd6edd79243923865fe516b7c8c475a768d9d7a33073b093ce917fbf6"", ""2"": ""00c1388ac73b7c82ec88505a1519202c56020283c6fad9e8e5286b449d5877bb"", ""3"": ""c382c66df20f0a1accd395805d541cb0e28bd6a5763b4ce44a8c6dd2805c5f5b"", ""4"": ""d4e8e3daf55bdb579879adb7ea992067a75c9c5997c49ab3c5492c78e3393abb"", ""5"": ""6661124e5937534ca8b948de88a341ab316898fa63c22c3cce91dcaff0b219e0"", ""6"": ""3cb12e15fccf52d67904c7fc616e3a9678770a461f34bdd1265ec90cbab6a38c"", ""7"": ""8ab258565c98d24231c43532edac70d161a8d8536d5e550dc8e891749662f26f"", ""8"": ""344caf80dfdc0b14612347954a6e28fc2127fb938c5a3bfed7e891c4a43b933e"", ""9"": ""d09d18ec2b1a04c5c71a357ac642d4d8675ea7e3e6c9cb5b5410432fffaab710""}",,0,0,0,0,0.0,0.0,"{""0"": 0.070015309, ""1"": 0.070015309, ""2"": 0.070015309, ""3"": 0.070015309, ""4"": 0.12447623114234971, ""5"": 0.12263520502836045, ""6"": 0.14125720303631775, ""7"": 0.12454247292614215, ""8"": 0.13491773205145915, ""9"": 0.07210991981537072}","{""0"": 0.070015309, ""1"": 0.070015309, ""2"": 0.070015309, ""3"": 0.070015309, ""4"": 0.12447623114234971, ""5"": 0.12263520502836045, ""6"": 0.14125720303631775, ""7"": 0.12454247292614215, ""8"": 0.13491773205145915, ""9"": 0.07210991981537072}",[],[],0,0,0,0,0.0,bdf9a11af2b5ea6ab3049a825b678d3e7e25d706de768a79dccc2d93699c416f,38a751362d229775fead5693ad8b55d0a421a911e0623173bea64a9e518a31fe,"[""proposal_created"", ""proposal_committed"", ""audit_accepted"", ""committed_once""]"
44,noexecutor,0,none,0,0,0,0,1,0,,72.4,,0.1,,a8da3de2169b2eb504b0703306f6cd493726b133f56bbf41af6c2a2533f926dc,1,"{""0"": ""92a11096beed1f961edfad3acdfa5ce7cc03278a5e5d0d8ff40557aa8791b1a6"", ""1"": ""d4769f679ab48b55eb3504bbb0f7a6e3a8ab7f1e874007c43fbbd71455b5cb30"", ""2"": ""9a5701d8effbd654089b7d2502c404c148a804088f3e4a703a4908b045e589b3"", ""3"": ""3593f830263be187637dbbae8494d6803e9e7d0057f99e938c3e2ceb4e2c5a1d"", ""4"": ""c5e387c8b3f44c299d38ebe03d94927c4049f5c03a02a85f96914dfb581e9403"", ""5"": ""bc6273cd1c27d64176b38aa0b05f1ec2ba4b23e017b80ec84a1a5d2f8aeb859d"", ""6"": ""b2fc62e033f9c2fcdde73e5c7ea0f85d4ed7ea656b196fa30cb28d62c1054779"", ""7"": ""cfab8f19a35b8e386ded1f332835231004f55ed15eb9de91a26c032d2a2cd26a"", ""8"": ""a642074cef078715cf5b6e65c7088de84dd1d43bba7648d78fec74c25836da39"", ""9"": ""073e1b596070c3e7c24fd55728647dd5883f661f489d8f235b6a982c53a7b465""}",,0,0,0,0,0.0,0.0,"{""0"": 0.0910045927, ""1"": 0.0910045927, ""2"": 0.0910045927, ""3"": 0.0910045927, ""4"": 0.1073428693427049, ""5"": 0.10679056150850812, ""6"": 0.11237716091089531, ""7"": 0.10736274187784263, ""8"": 0.11047531961543773, ""9"": 0.09163297594461121}","{""0"": 0.0910045927, ""1"": 0.0910045927, ""2"": 0.0910045927, ""3"": 0.0910045927, ""4"": 0.1073428693427049, ""5"": 0.10679056150850812, ""6"": 0.11237716091089531, ""7"": 0.10736274187784263, ""8"": 0.11047531961543773, ""9"": 0.09163297594461121}",[],[],0,0,0,0,0.0,38a751362d229775fead5693ad8b55d0a421a911e0623173bea64a9e518a31fe,e31eb79b86cebf92660ab413d8858955bfd94ea323b4b8f97cf97d489a3a0137,"[""proposal_created"", ""proposal_committed"", ""audit_accepted"", ""committed_once""]"
45,noexecutor,0,none,0,0,0,0,1,0,,80.4,,0.1,,1f1a77923b7ac3948d4850ae67ea699e35643bf40896b9cc2f29203987829170,1,"{""0"": ""306edca70975060ff5bf2413fbbffa481847215cfd559a179be0d8ef7d058bcf"", ""1"": ""33d39b31d2bc0e920562735b0569fa874971fed4ba62fd5aa8f37f1a435626a9"", ""2"": ""a16a92c31b41c23092deca043dc6766c6569d031cdcf8b35f16016280a522a95"", ""3"": ""f1c4b5a337e739c84052bfe4087708591158c7ff4d1964e0de97e3b425b6ce51"", ""4"": ""f8206f673b6b764b3308c799267ac224162677460213bd552231d2052d76c8ff"", ""5"": ""4edec00ccde3c5d11cc4ce4767e9b123e81a90a2ec4956d9d5a51458331ff807"", ""6"": ""315fc570a2ac5f1e4a2c95665fc44007d619f59c596e0c9807c767e6a18ebda0"", ""7"": ""26c43ec5bdeb3c0b8925997cd85cc21789d786b09b3d56c1220c8b1b731484fe"", ""8"": ""722aaec9e65f74d21d17afd6826bb446e58d9f36bd57e50c7773d89db04a8d9c"", ""9"": ""5e2d2ce65e360c1571f1fe657306e51ab5ac53928b5677de237aefefdbbfd83c""}",,0,0,0,0,0.0,0.0,"{""0"": 0.027301377810000003, ""1"": 0.027301377810000003, ""2"": 0.027301377810000003, ""3"": 0.027301377810000003, ""4"": 0.18513058792043005, ""5"": 0.11588957714259196, ""6"": 0.1584847658022805, ""7"": 0.19020957720705, ""8"": 0.05558933326056689, ""9"": 0.18549064742708057}","{""0"": 0.027301377810000003, ""1"": 0.027301377810000003, ""2"": 0.027301377810000003, ""3"": 0.027301377810000003, ""4"": 0.18513058792043005, ""5"": 0.11588957714259196, ""6"": 0.1584847658022805, ""7"": 0.19020957720705, ""8"": 0.05558933326056689, ""9"": 0.18549064742708057}",[],[],0,0,0,0,0.0,e31eb79b86cebf92660ab413d8858955bfd94ea323b4b8f97cf97d489a3a0137,bca0e3b2103da3fcc8ba6e081cc2ffff23650a5ba8d048bba346f46b420f49f0,"[""proposal_created"", ""proposal_committed"", ""audit_accepted"", ""committed_once""]"
46,noexecutor,0,none,0,0,0,0,1,0,,79.98,,0.1,,e671e2ac358250ce49445fecfd6016489ccfe8fa6931bf9d44cf10bd5fafb708,1,"{""0"": ""07e9e7d0804cbca8eede31dad143e1a4d0d6a43345145310e7f47af4a1cf29bd"", ""1"": ""601dabfa1d5c0a1e878204e2dc16bd0dea8497931b8c0673ce22ebbc57a99e7c"", ""2"": ""7ce67955a93758daeee77ea89fa8fe2133a8d6d73d636c15ab8a33940d7aa1ca"", ""3"": ""b33da28d8309b324155e0423ff679a2b6bb92b120c5e573de1d52ef50341baf4"", ""4"": ""b67e4c9accea0da6bfea79799d530a79aa05f5634c12ae3f968935fe0face07c"", ""5"": ""898d7f47bd2a37a2e0c37101a8d230043d9bec9c8304fb37ac77bf6d94318a02"", ""6"": ""9c27fb8f61f79da35daa4ba62c9d09a8875686d13a24c2ea83170f902a453161"", ""7"": ""f118215d5cb0c8f438f069dff9d0ed444b68b2d597955b22a1a9eb4f9a43d8ba"", ""8"": ""0755bb869fe2bdeef2ee471e6722831d6ca40976a3563d2e64cd84cf096b3165"", ""9"": ""283128bc46ecf97f103e7536e0e84aa7c6e09c404e1ad7c90266f9f645fa8f43""}",,0,0,0,0,0.0,0.0,"{""0"": 0.008190413343000002, ""1"": 0.008190413343000002, ""2"": 0.008190413343000002, ""3"": 0.008190413343000002, ""4"": 0.23272414893961446, ""5"": 0.06760044872762977, ""6"": 0.22473040230416957, ""7"": 0.19267437988680655, ""8"": 0.016676799978170072, ""9"": 0.23283216679160962}","{""0"": 0.008190413343000002, ""1"": 0.008190413343000002, ""2"": 0.008190413343000002, ""3"": 0.008190413343000002, ""4"": 0.23272414893961446, ""5"": 0.06760044872762977, ""6"": 0.22473040230416957, ""7"": 0.19267437988680655, ""8"": 0.016676799978170072, ""9"": 0.23283216679160962}",[],[],0,0,0,0,0.0,bca0e3b2103da3fcc8ba6e081cc2ffff23650a5ba8d048bba346f46b420f49f0,843aab17ad4a95677672a31387d8ab9052022b2df96fdddecf72b2c52d954216,"[""proposal_created"", ""proposal_committed"", ""audit_accepted"", ""committed_once""]"
47,noexecutor,0,none,0,0,0,0,1,0,,78.32,,0.1,,f2feabcfe3693e11ebdb6a1df2c11415b887ba9b25decdb7bb615852be57573d,1,"{""0"": ""1a5dee46dc32beab1a4f2c0d794b06f8f6e4cf3be6c0007c59421041b9af0035"", ""1"": ""fba91ab3e241f7d615e95eedde258610372c4adb7f6b7cd453391345372f16f9"", ""2"": ""fbdd657f1ddf40e90dc82619eb4506696990d3e35eacaf6a2804cad2e08d3db7"", ""3"": ""90b116e7a9ebab0db1b1110e141b75c4e432507a93c905aa4da5df9fbc2423f6"", ""4"": ""991a25e5c7d3708e7dcb90f474f961708b09437d220ca19928862df72bff5eb0"", ""5"": ""8ca3df025325be88d4432767bc50ca9563a0aeea56057a8c7a8ca561f3d90713"", ""6"": ""5bb1bf80f915e636bba1f525bb8faf63bd03700d08d6ac5e6bacadc910fe1853"", ""7"": ""7cf09eedd3bda779637f60211a3f637b1c0f48c9bcd7c488def68f6a992c9c2d"", ""8"": ""f6631a22192b0afa8cfdb95ac734cb0aff93123c8772bed448ff874352f19e4d"", ""9"": ""0fcb625c26303334fd5f189633b39c7570947455ad004092ec5d226975f3b290""}",,0,0,0,0,0.0,0.0,"{""0"": 0.0724571240029, ""1"": 0.0724571240029, ""2"": 0.0724571240029, ""3"": 0.0724571240029, ""4"": 0.13981724468188433, ""5"": 0.09028013461828892, ""6"": 0.13741912069125087, ""7"": 0.12780231396604194, ""8"": 0.07500303999345101, ""9"": 0.13984965003748287}","{""0"": 0.0724571240029, ""1"": 0.0724571240029, ""2"": 0.0724571240029, ""3"": 0.0724571240029, ""4"": 0.13981724468188433, ""5"": 0.09028013461828892, ""6"": 0.13741912069125087, ""7"": 0.12780231396604194, ""8"": 0.07500303999345101, ""9"": 0.13984965003748287}",[],[],0,0,0,0,0.0,843aab17ad4a95677672a31387d8ab9052022b2df96fdddecf72b2c52d954216,02a2e3b900c021b94a58d29e4dee971411a880c763b67eb12b5ac920f8d015d9,"[""proposal_created"", ""proposal_committed"", ""audit_accepted"", ""committed_once""]"
48,noexecutor,0,none,0,0,0,0,1,0,,77.33,,0.1,,a31426999bb47df303a257c350acd5ccbc21f64ecfda2a59571842cdf1de914c,1,"{""0"": ""325271452fbf5811ec08d0fa76fef93ee3de3b10630e6f86bb6b4d0d7f1b458b"", ""1"": ""5d78ff8b46a6b86b18863664c04b07c62caffa1d9adadab07927c4f54762ac25"", ""2"": ""76c470540cdb7be5868b97f3933ac5e5e8a8efdc79774f1b78f637a61e3f6b5c"", ""3"": ""fc0469fb6d2494893da16df688f5128cc509de5599d6fb5eecc4c20ed0d7e88a"", ""4"": ""b1fd3e871588557f436a044f72acda9ca06f1a3f3f57a31b22169bd3bdad5c88"", ""5"": ""175a2f0fc43e7b2c103fdcc2063007c6936a9bd495e3a75dbf9fa011ef583e8d"", ""6"": ""5e635a85b1b8b73cf60e30fd9fb632ca63e37446e5f0ae181bc5142ff4a3d4de"", ""7"": ""d6c1e619e33876976ddb45af67fea735ff59da5f0620ce1cabdcdc4dbd0b46ca"", ""8"": ""a571b55a0b39d844251eb38f4f564ad27141091405f8b94355e132284bd8febf"", ""9"": ""ee69a89478c6a5d6a45786db97171714cebf81ce3af4a19dc68508259101e403""}",,0,0,0,0,0.0,0.0,"{""0"": 0.02173713720087, ""1"": 0.02173713720087, ""2"": 0.02173713720087, ""3"": 0.02173713720087, ""4"": 0.060460486150616305, ""5"": 0.22452955434695593, ""6"": 0.10212570050195445, ""7"": 0.24533294054991311, ""8"": 0.03165562827573476, ""9"": 0.24894714137134538}","{""0"": 0.02173713720087, ""1"": 0.02173713720087, ""2"": 0.02173713720087, ""3"": 0.02173713720087, ""4"": 0.060460486150616305, ""5"": 0.22452955434695593, ""6"": 0.10212570050195445, ""7"": 0.24533294054991311, ""8"": 0.03165562827573476, ""9"": 0.24894714137134538}",[],[],0,0,0,0,0.0,02a2e3b900c021b94a58d29e4dee971411a880c763b67eb12b5ac920f8d015d9,7735a2ba517d7d974fc3004c3f9314c5867c696db4b27ba8c65175e87ebdb8a5,"[""proposal_created"", ""proposal_committed"", ""audit_accepted"", ""committed_once""]"
49,noexecutor,0,none,0,0,0,0,1,0,,78.54,,0.1,,f5d4580b137346761304354ad5dc71dbb014d839dbc65fc5cc2f87954ff2d597,1,"{""0"": ""ee209c63de661d29217eb05c7be5ad8e20d60f8d55a670bf649e8115b7cb091a"", ""1"": ""481192599912aac13eb1f8a455d671703dabb0a28178c59610e4165767cf3048"", ""2"": ""2786e814f833c6f11a7352349a23389ed7904fbf3277580ca820755fe7d05400"", ""3"": ""58abc5e80b74f088a61840241b9f42b0e94899766ef9067f744643884c6c03a9"", ""4"": ""e2677cd1d504ffc0ddf9e516e2d7443a2699a3a6375afa0f3afcbc7a645861a7"", ""5"": ""95741f9e69819ce3dc0569414ef40ac40199dacbfee5fef5e3cae6baae274b50"", ""6"": ""951d3d93580963969d588453488b07b51a2d75f27068b9ee018a7cdc7879a567"", ""7"": ""caf5641626e16a082d369a777a5b3290436bbd12aace40a3d88c8ca4028ee008"", ""8"": ""e4fa9d8da77f44686c6538421e36ef302d0ebb73ddc894ddc4639bfb1ead116d"", ""9"": ""2b32795ba033e30bcd7ffecc2b67b10addf8a63ae590e34edda78239e870b164""}",,0,0,0,0,0.0,0.0,"{""0"": 0.006521141160261002, ""1"": 0.006521141160261002, ""2"": 0.006521141160261002, ""3"": 0.006521141160261002, ""4"": 0.02989523921980602, ""5"": 0.12334189909218582, ""6"": 0.21982462892789043, ""7"": 0.262786800942278, ""8"": 0.07419580598808795, ""9"": 0.26387106118870773}","{""0"": 0.006521141160261002, ""1"": 0.006521141160261002, ""2"": 0.006521141160261002, ""3"": 0.006521141160261002, ""4"": 0.02989523921980602, ""5"": 0.12334189909218582, ""6"": 0.21982462892789043, ""7"": 0.262786800942278, ""8"": 0.07419580598808795, ""9"": 0.26387106118870773}",[],[],0,0,0,0,0.0,7735a2ba517d7d974fc3004c3f9314c5867c696db4b27ba8c65175e87ebdb8a5,3c284052e95e1089c8b3a1a40e59b0979a3c15458ea4fb30f59e02b9f7ae0753,"[""proposal_created"", ""proposal_committed"", ""audit_accepted"", ""committed_once""]"
50,noexecutor,0,none,0,0,0,0,1,0,,78.64,,0.1,,3125f6c65c8d2c66b4fe74bde1a972fdf3aedfa0f4f73b51aca45ee081894724,1,"{""0"": ""59a68fcabc63cd87b10b73fd411a3c2616dbb3e3ebb027efe35a601dc980a25f"", ""1"": ""e53679babf5fe3a74dad6d1779fac76747047aa91ee7aafc70a38a0078f4fce0"", ""2"": ""2839e532b9514224fdb0bfdfee708eab45ea6ab0781f137d45ffc749f4733c8b"", ""3"": ""daf6f7561df6ec4d5e5ea499b3b1971080e8b474e2827681a133eb20574c059c"", ""4"": ""0f9d09f769d3b3a19af1a79fe22d34d283081408b34e76ca4f5afaed441353e8"", ""5"": ""769b9728ccfce5a3a8be756dd52bd798bb75a06411ac269dd7463be3b96058a4"", ""6"": ""887f898a244e982560d2a02c9a4f4a6a70bea8f54c127a06f344386bac1b4f31"", ""7"": ""988cf6ccaf80351227eb163ed8579dbcba3a69e82cd426a1ab733f6e543b480b"", ""8"": ""b112ce70c168117010dbe257973d59e8e6a26b61c727838a2233815f31eb74a4"", ""9"": ""6aa25b10db5e1bc05e10cf432153a32b8551919a8da9be4b4702414416ed692d""}",,0,0,0,0,0.0,0.0,"{""0"": 0.07195634234807831, ""1"": 0.07195634234807831, ""2"": 0.07195634234807831, ""3"": 0.07195634234807831, ""4"": 0.07896857176594181, ""5"": 0.10700256972765576, ""6"": 0.13594738867836714, ""7"": 0.14883604028268343, ""8"": 0.0922587417964264, ""9"": 0.14916131835661234}","{""0"": 0.07195634234807831, ""1"": 0.07195634234807831, ""2"": 0.07195634234807831, ""3"": 0.07195634234807831, ""4"": 0.07896857176594181, ""5"": 0.10700256972765576, ""6"": 0.13594738867836714, ""7"": 0.14883604028268343, ""8"": 0.0922587417964264, ""9"": 0.14916131835661234}",[],[],0,0,0,0,0.0,3c284052e95e1089c8b3a1a40e59b0979a3c15458ea4fb30f59e02b9f7ae0753,0a81ca16d2662f0e281e47fe6d3fb6700d660131184d26f2caee47670b4a57e3,"[""proposal_created"", ""proposal_committed"", ""audit_accepted"", ""committed_once""]"
1,trust_v1v2,0,none,0,0,0,0,1,0,,25.66,0.0,0.1,150889148601302168938854443004286248743,2d93a5f09181f0799243dc7f88b8766dbc6b1ba74cca2ec8f4bd99e3ec0d1a1c,1,"{""0"": ""88c9a4cd8bf3d6798154e601edcc72c5e749461c33b096e39240c5dea9ef8ae8"", ""1"": ""4dd02dcdd4b9e3a19b47bd06f80115c2c85363d17761bef9622c46640ea56754"", ""2"": ""369474dff814322f44db1623afadf10aa6114eff3b640ccef6891a4afe884236"", ""3"": ""db39e8ec85e8e25c5363f2c995a5dc8e6cf326caa9e90c4826778e5b0f51e01e"", ""4"": ""9b831094ee7ecf1597d18b3b653fd897c6f1c0687f9d9943468e1a4d4cb7f3da"", ""5"": ""aa609fbeaefbe040aa365563853c2db608c8ba0aa9d659acbeefec994c74dac4"", ""6"": ""19a47851ddfa14323ebe260183d661b67db4bfaed6417b7b9bb5b5962e9c7aec"", ""7"": ""21910a7db15bcd366abdd65674e4476364171af03621eb5d54741add1d343b85"", ""8"": ""c72347dbd032a74fdee6d9c11c7cac9eaeb61e096fd7e5e3e87f8ddcb9358abe"", ""9"": ""e10702ccb523218d073c1cadbc3837c4a3945467ed81cd91b617190cbf72f0df""}",,0,0,0,0,0.0,0.0,"{""0"": 0.06143630637432799, ""1"": 0.10093468071242997, ""2"": 0.0721160938374181, ""3"": 0.1266604133083979, ""4"": 0.13887871318442496, ""5"": 0.10214212636178466, ""6"": 0.09844064799422034, ""7"": 0.14811547849966059, ""8"": 0.1085788126701249, ""9"": 0.04269672705721061}","{""0"": 0.06143630637432799, ""1"": 0.10093468071242997, ""2"": 0.0721160938374181, ""3"": 0.1266604133083979, ""4"": 0.13887871318442496, ""5"": 0.10214212636178466, ""6"": 0.09844064799422034, ""7"": 0.14811547849966059, ""8"": 0.1085788126701249, ""9"": 0.04269672705721061}",[],[],1,0,0,0,0.0,f4ac57617d504e7ba7a633664431ae25cb1f93bbf9ff9678710d7e1c7991f31f,d5fab6edcc69a54c965526e13d74f4a6b7fb52e37fa2398bf91df68f8af29e5e,"[""proposal_created"", ""proposal_committed"", ""v1_challenge_sampled"", ""audit_accepted"", ""committed_once""]"
2,trust_v1v2,1,A2,0,1,0,1,0,1,V1+V2,50.24,0.9009736082030207,0.1,318143888245671273124776950233112023538,268116a0b6bb4c8fb28e8c1761f0318e95178d815c950686dba3212a215f04d6,1,"{""0"": ""ab60c0e17cb80cdd1c2061198870a59e9dd842c2fb458459ce7f0c8794116871"", ""1"": ""5caec3deb4dad06fa3df0b28c6691040405481be5eb3ee74e6974de552685488"", ""2"": ""cd175dc47f9f97cf19093c9c47f937100bb91a431307fe90ed0d3658c60a8de8"", ""3"": ""8ab3d5e74d16a385cfa4e2f3e326b356758792999b8cfb50b7a01be02eae12e9"", ""4"": ""5a286afcd9bf0fd6bcaef05a01692109783d86187891cf9e41d62e80a13c5ba0"", ""5"": ""a79f5ce83ea7934a42433f5973b07cab5112cb8420da6454b95650b7b52414b8"", ""6"": ""1f29ed53224e4a431ec62ef3d5793c3a5a4dca6f92355ac7804ec12fc70c3c37"", ""7"": ""90ab3aa61db968eda5bfaf16763057b60953d1f566e62777c4abd1cadc6a0907"", ""8"": ""51a1f9d7adb8b8eded6d811731d0c92372f7da28487522de8a57a38f275e6aa5"", ""9"": ""cf997b1a14d226336b9135809d08b7381e80388cf47ea5293aebd4f5619d5ad3""}",7b1e429214d499200b5ef82d36b99b45ffcef74cea64528dc8f4ce9e6f5a1eff,1,1,1,0,0.7069823262940271,0.0,"{""0"": 0.019422365633221503, ""1"": 0.03447380375858201, ""2"": 0.021883322707415557, ""3"": 0.050784881063334675, ""4"": 0.19034066924862467, ""5"": 0.05548688511979412, ""6"": 0.17820924969156327, ""7"": 0.19311169884319535, ""8"": 0.18125069909433464, ""9"": 0.0750364248399341}","{""0"": 0.1347111828166108, ""1"": 0.14223690187929103, ""2"": 0.1359416613537078, ""3"": 0.15039244053166737, ""4"": 0.09517033462431235, ""5"": 0.027743442559897063, ""6"": 0.08910462484578165, ""7"": 0.09655584942159769, ""8"": 0.09062534954716733, ""9"": 0.037518212419967056}","[0, 1, 2, 3]",[],1,0,1,1,0.0,d5fab6edcc69a54c965526e13d74f4a6b7fb52e37fa2398bf91df68f8af29e5e,9850c301979a6e985165a50af0829dc0b1b5ba7bc628db7d1daa9d06ceacefc9,"[""proposal_created"", ""proposal_committed"", ""v1_challenge_sampled"", ""audit_rejected"", ""recovery_recomputed"", ""recovery_audited"", ""recovery_verified"", ""committed_once""]"
3,trust_v1v2,0,none,0,0,0,0,1,0,,53.65,0.0,0.1,147749136783313653687776961303066454104,936d891ae5fc1eaa23bac95de366c3f5bb10dbfa79c579c2f79133c08cd328b9,1,"{""0"": ""f533de16f0a68c67889b2e7201fb3c84e7a82b1015b5089d3132ead17d92e9fc"", ""1"": ""6ec9b50864a8aa5547da235f4f63c23ab40c3f7f33703e82dd08c5c7b4fd83bb"", ""2"": ""59ce6d0a2b86e9b139d27a82660007815aab547a68dd57ed6a4d57e80785ce5c"", ""3"": ""706827af18694cb504d36cc444ddb5dbb7aefcbec189950fc32e3cccff706685"", ""4"": ""35c91bdf0ed55e2c71674bc1ab39229bb6bd114e68f2bc1d1d1edcf48689050c"", ""5"": ""a61eb8b982d4740fde667e3dc4bd448a26e7adc260190e4fbe616acc8bcaccf9"", ""6"": ""974691564f0f2d7a8f7d2fa51fb4dd4dd75ad4ddfef5799821ad23616365673a"", ""7"": ""6bae7cec9118ac6df87a876834707d80ba50c5688c954bc15c61c849eb833dac"", ""8"": ""3a9a137459f149d863322848f0fb94e9fdfb9268e5921a8ad3103847cf671d09"", ""9"": ""7eabb5eed5647875ded65f8faed348f2d142d6b22bc4ecfbcdc4db6fe1cfad78""}",,0,0,0,0,0.0,0.0,"{""0"": 0.005826709689966452, ""1"": 0.010342141127574603, ""2"": 0.006564996812224668, ""3"": 0.015235464319000405, ""4"": 0.21385508535777165, ""5"": 0.060025775806371195, ""6"": 0.2102156594906532, ""7"": 0.21468639423614283, ""8"": 0.12605067471151915, ""9"": 0.13719709844877584}","{""0"": 0.005826709689966452, ""1"": 0.010342141127574603, ""2"": 0.006564996812224668, ""3"": 0.015235464319000405, ""4"": 0.21385508535777165, ""5"": 0.060025775806371195, ""6"": 0.2102156594906532, ""7"": 0.21468639423614283, ""8"": 0.12605067471151915, ""9"": 0.13719709844877584}",[],[],1,0,0,0,0.0,9850c301979a6e985165a50af0829dc0b1b5ba7bc628db7d1daa9d06ceacefc9,1c7508e4ee4b921537e8cbf30372eaa2a6e6d17b2082b1128cef5a6f78577240,"[""proposal_created"", ""proposal_committed"", ""v1_challenge_sampled"", ""audit_accepted"", ""committed_once""]"
4,trust_v1v2,0,none,0,0,0,0,1,0,,57.06,0.0,0.1,264020784553701701218394607341401842772,eea77db0baed9b4e8f718c7944fc6bbeee40ad51b4e48cf6f70f6a083c846282,1,"{""0"": ""af4fa747ad686b11ee6436b7edfb3d2734e395238cb7bba068a0a11e0c90b37a"", ""1"": ""2b408fdf7983eba715ab9ef83c920c5799596f9903811c5199e21592196a8d6c"", ""2"": ""8e7fbe652a1b46b61413b14b9655e982da904ac346bfa9d7553d8ef3b35ec836"", ""3"": ""4a8552a9a961e2adc5615d88b01bc13f9aa9a794b0983701199db8f87353b5e2"", ""4"": ""fc42240897661a6adba8d3b6e449204ae52938d609eb40dd67b8379feadd3f5a"", ""5"": ""dc98ac4521fe15bf79b8effb968a402bc2d0f9a8ac5429a88fe4d8b7a01a6356"", ""6"": ""e58fffba125ddb6d327d1663bd42e24282128cbedd0f5e356ca539717aed1de3"", ""7"": ""b4da8ff7d3d3861185031197b76723d24ada0a028d08d6ef0748a99fcd9e05da"", ""8"": ""418a90b7ac475ff620996c6322871b7b3d96df533e0f93ebf14d9dc4e3ae97dc"", ""9"": ""556251739ed285cdab7e5229f6d6a19e86a13f70568df174089fb53a8551c00f""}",,0,0,0,0,0.0,0.0,"{""0"": 0.001748012906989936, ""1"": 0.003102642338272381, ""2"": 0.0019694990436674004, ""3"": 0.004570639295700122, ""4"": 0.23802563259513804, ""5"": 0.02160820809417868, ""6"": 0.23693380483500254, ""7"": 0.2382750252586494, ""8"": 0.038738299109962175, ""9"": 0.2150282365224393}","{""0"": 0.001748012906989936, ""1"": 0.003102642338272381, ""2"": 0.0019694990436674004, ""3"": 0.004570639295700122, ""4"": 0.23802563259513804, ""5"": 0.02160820809417868, ""6"": 0.23693380483500254, ""7"": 0.2382750252586494, ""8"": 0.038738299109962175, ""9"": 0.2150282365224393}",[],[],1,0,0,0,0.0,1c7508e4ee4b921537e8cbf30372eaa2a6e6d17b2082b1128cef5a6f78577240,5aeb9507dc1e388256937fa65b999cf0465468e12003b23ae8805dce7fcc3b3e,"[""proposal_created"", ""proposal_committed"", ""v1_challenge_sampled"", ""audit_accepted"", ""committed_once""]"
5,trust_v1v2,1,A1,1,0,1,0,0,1,V1+V2,63.1,0.0,0.1,255056717250714145431861202632975068662,28ca6e9e60a16d91064d6c52d9dacc80df1b7c88ecf687ae584ef58461cad9f1,1,"{""0"": ""0eeecc142ad3c6f08e48fdef83447fd484dec134843511dc5524e41f44a22bd5"", ""1"": ""063268334d4836910b8fdf710f9a17b339b3a6fe10e9d3666da020a598466df7"", ""2"": ""5dc61cd83892ad33055a376ea0bcf5101ea21dd85acb6242b64d877709abd185"", ""3"": ""b719db7e8aa108f4e34c5131d8300d6b5598a712dc60f8cf085cae5626d2d71c"", ""4"": ""37c3fd842e1faf438a32a842895d4d071b9dcf6f81698c1fb6cb133a7a7eb6a9"", ""5"": ""683ac19ea3050a639b912e0b32eaaac2e6d345f3b83bbd869cae24840fec7a8e"", ""6"": ""24b2e6ac5a3687c79a3f761ba5e977875b8fc5748cabbbdefe0c02db836e201c"", ""7"": ""d10143cf35343317a776fe3200618ac420c9e6d8e129242ea3883d68b15ca737"", ""8"": ""383c4b8267b72c51e87b291109dcaa777915ff10e2efc6f36683387450d4a006"", ""9"": ""b52b802d16514310bd8493e3df0b91609edd53426957aa463e2cc60791cccfd0""}",24c4a785ec7b6972f3f12b0e3ad937ae4c08964ed891aca8adea7f73d5d03fa2,1,1,1,0,2.3843125307414677,0.0,"{""0"": 0.75, ""1"": 0.75, ""2"": 0.75, ""3"": 0.75, ""4"": 0.16170561911287124, ""5"": 0.00862149600362106, ""6"": 0.3003612217945018, ""7"": 0.3007635879215959, ""8"": 0.014518407906090552, ""9"": 0.21061242918593043}","{""0"": 0.18766031999768393, ""1"": 0.18766031999768393, ""2"": 0.18766031999768393, ""3"": 0.18766031999768393, ""4"": 0.040460970970860016, ""5"": 0.002157216931864375, ""6"": 0.07515451066246871, ""7"": 0.07525518820402431, ""8"": 0.00363270543135181, ""9"": 0.052698127808695004}","[0, 1, 2, 3]",[],1,0,1,1,0.0,5aeb9507dc1e388256937fa65b999cf0465468e12003b23ae8805dce7fcc3b3e,7b9ac1a4ebc1ed0ba66552b63a1d11fdfbfa391f85304079dfd97c3521c0b74c,"[""proposal_created"", ""proposal_committed"", ""v1_challenge_sampled"", ""audit_rejected"", ""recovery_recomputed"", ""recovery_audited"", ""recovery_verified"", ""committed_once""]"
6,trust_v1v2,1,A2,0,1,0,1,0,1,V1+V2,63.38,0.9080267493055159,0.1,98033825211593210937041147102179850092,c7dbf8f9947821359e33183b37c8a1443b2bc2cc0a4e41d349e1325d4276bb19,1,"{""0"": ""7bb80cc1134c4871b5b8e59324cdb1f2a1b66f5f4cd46bb780952c6691de21b5"", ""1"": ""6d2d8214b855cbf42e6d3d7d77b064a1293ba5c3bc991039fabc7e7c7689df67"", ""2"": ""7f86f455c291daead895825a0c51ee3f7d4c1413f02186a4101e60686db85d5b"", ""3"": ""20414c7b0e1b7c81481e8181379db313f4ea178c007edc1eed3a448fc05a787b"", ""4"": ""3cdea5127256f23b101324532967cc0ed4c0943008576941e2c5210336246da3"", ""5"": ""24599f01309821f5aa89ef58bf7134e386e352636b13d577773ad1304bc9a385"", ""6"": ""f4e546d93aa07c7f78b5c9dd15a85e44046b7cb38fe38fd2077a65d82e47d51a"", ""7"": ""183c5faf5550b291769163ae2029a6c133b07a9d07611f7e31d90e16608ce30d"", ""8"": ""b6cb9e30a015e6dc3a672c228339fab5a64c436e67e7adc1b3eda2c6eae1df10"", ""9"": ""fdb107373905c4f2cd2e5998559d8b5252f4f97d8ca00d17f76bfa3031adb0b7""}",a4576060d0f1b1902b355ebea55932d0f442d61e98d5755e40aeb197229f18cd,1,1,1,0,1.5884697963223398,0.0,"{""0"": 0.00015732116162909426, ""1"": 0.00027923781044451434, ""2"": 0.00017725491393006605, ""3"": 0.0004113575366130111, ""4"": 0.19062648063680793, ""5"": 0.0034017853288189097, ""6"": 0.42547763009764483, ""7"": 0.24579469404777476, ""8"": 0.015865168217485546, ""9"": 0.11780907024885134}","{""0"": 0.12507866058081454, ""1"": 0.12513961890522227, ""2"": 0.12508862745696503, ""3"": 0.12520567876830652, ""4"": 0.09531324031840396, ""5"": 0.0017008926644094548, ""6"": 0.21273881504882242, ""7"": 0.12289734702388738, ""8"": 0.007932584108742773, ""9"": 0.05890453512442567}","[0, 1, 2, 3]",[],1,0,1,1,0.0,7b9ac1a4ebc1ed0ba66552b63a1d11fdfbfa391f85304079dfd97c3521c0b74c,92c4a9c0ae9cd8a96a4ebadd568f322911dba56385f660934249b71ad796efef,"[""proposal_created"", ""proposal_committed"", ""v1_challenge_sampled"", ""audit_rejected"", ""recovery_recomputed"", ""recovery_audited"", ""recovery_verified"", ""committed_once""]"
7,trust_v1v2,0,none,0,0,0,0,1,0,,67.87,0.0,0.1,26595883269053289673328384174397636085,5d746921eff4b85b4a3fa23b98cc843211addb2b20fe9ca1c5f37f2e7cd2e48d,1,"{""0"": ""8fcfce8201c3c3c90d3ffaa726c22f73a11dfb9a7290e909538d74196fe22c08"", ""1"": ""59e8ab406576a5ac7fcb273e26783fed488b51276e2493ecf701057c79e70051"", ""2"": ""e53f5c3a3a365512b3433e8b1b364465dd12b60b5da6e168fdf8912872bfb1c2"", ""3"": ""2d2436103d5cf6e4c3e5cf9a41c6a82a801e48df2330fb4e9efe63699f65dcec"", ""4"": ""05effd617c54f733039e0539cbd6aab3a7fe2a250d343fae4918c1ee9ba446a6"", ""5"": ""fe2645119a6c2b531217086d9d22d2e4a8e81c4e901b321fe66c5cf6faf8bbec"", ""6"": ""d7065ded1e0269465bc7fb73011ffb5cbb4ba8ff3d1456c1d85f7ce758e09c84"", ""7"": ""d463deb8aa60cbca42e71c0613b21b7669a52e01f55b0e4082aa4c7e1d5bf3a8"", ""8"": ""ca2e7dff057fb83d5acb5e83f6cafb50c78aeb6e906100df5f59546c07a74435"", ""9"": ""6a4f0522b5915914912474105284c37f62cfec3901cff4d233c896cba0dd75dd""}",,0,0,0,0,0.0,0.0,"{""0"": 4.7196348488728285e-05, ""1"": 8.377134313335431e-05, ""2"": 5.317647417901982e-05, ""3"": 0.00012340726098390335, ""4"": 0.35687477458087624, ""5"": 0.0016642386913518854, ""6"": 0.42733011941912735, ""7"": 0.12532529313113247, ""8"": 0.015367429076110965, ""9"": 0.07313059367461602}","{""0"": 4.7196348488728285e-05, ""1"": 8.377134313335431e-05, ""2"": 5.317647417901982e-05, ""3"": 0.00012340726098390335, ""4"": 0.35687477458087624, ""5"": 0.0016642386913518854, ""6"": 0.42733011941912735, ""7"": 0.12532529313113247, ""8"": 0.015367429076110965, ""9"": 0.07313059367461602}",[],[],1,0,0,0,0.0,92c4a9c0ae9cd8a96a4ebadd568f322911dba56385f660934249b71ad796efef,27e861993509a2cc5d412fa34d869e37b37f33a64a8d30e8960dc3bdaf2ed273,"[""proposal_created"", ""proposal_committed"", ""v1_challenge_sampled"", ""audit_accepted"", ""committed_once""]"
8,trust_v1v2,1,A1,1,0,1,0,0,1,V1+V2,66.05,0.0,0.1,272894668074404732910491517778003479327,eec1a7243f06e97dbc5b7dcf7c9c8ba5ef15239152e798a6ff1fec164380b174,1,"{""0"": ""e2a35bc145fb147ac4bbcf69d3ec76454971834c7a0134630dd39eb249704f8e"", ""1"": ""896921510936cc70d3e77b378e8bec9ff41a9658939fa1926f69c6665885b237"", ""2"": ""6c98a6451124649741e86bee11ad14f12043d1b48176f1c7213fc130e8ba47be"", ""3"": ""335f8306d41cd1877cade860ce294e0b662558a2010a062d8eb96b6bf9d62dfe"", ""4"": ""101715aaebaa130d31d9f10575edcd117f4a6408ce05be3dc63c065d3266e210"", ""5"": ""5e1c65a7ce22a0ce691f9f6fac036d5283ca596823812c8002965077a61697b4"", ""6"": ""9ac7a0e084c495885ecdd96af65d45b2eb1baf354f502492d6db572ecbe2417a"", ""7"": ""393181b602ff624ad431744f2f4839c7a4ee02eb750f2c98fe30d57af89092e2"", ""8"": ""d5698b9cab2c06776e1560174e8b8a2b141c248cbb37f72f09cca836da8385dc"", ""9"": ""ced5c600074ca6761e456212ab969ed2b4bea85de2585209544da21bb5878b7d""}",a1a3c8b42af2fc8a84b2a35da95907acea23dadd0fb452fc6355248004d908a0,1,1,1,0,2.474707239197097,0.0,"{""0"": 0.75, ""1"": 0.75, ""2"": 0.75, ""3"": 0.75, ""4"": 0.21619111840766903, ""5"": 0.0012944323184410442, ""6"": 0.6612333524298629, ""7"": 0.065499090922117, ""8"": 0.03130417087250831, ""9"": 0.02438556962136615}","{""0"": 0.18750432504170214, ""1"": 0.18750432504170214, ""2"": 0.18750432504170214, ""3"": 0.18750432504170214, ""4"": 0.05404902631605425, ""5"": 0.0003236155442419382, ""6"": 0.16531215125656454, ""7"": 0.016375150445595506, ""8"": 0.007826223240586376, ""9"": 0.006096533030148928}","[0, 1, 2, 3]",[],1,0,1,1,0.0,27e861993509a2cc5d412fa34d869e37b37f33a64a8d30e8960dc3bdaf2ed273,113bc3be7ba28fa128f744d5570445db1872eb1bcad673bca2bf9d17eec92dbe,"[""proposal_created"", ""proposal_committed"", ""v1_challenge_sampled"", ""audit_rejected"", ""recovery_recomputed"", ""recovery_audited"", ""recovery_verified"", ""committed_once""]"
9,trust_v1v2,1,A1,1,0,1,0,0,1,V1+V2,65.32,0.0,0.1,157231160515841795155756749528256475076,da508c25c205cdb4bbd5e165768a3562cb53abe636c03e4a0bb835d87a2d05df,1,"{""0"": ""5b273cab493c9e794b58a42fed47520fcbeeabd32781babe5e3c9c876ccd3eb4"", ""1"": ""55d04f1c7dc869524e6139ed1bd4e01078881e0a939917c85c31d91dbe94cee4"", ""2"": ""6b44c5410b3d281fd1111b07d46bd9ec1dae0ac8d840572af1dc8a575c766d7b"", ""3"": ""bcc91e830d1d6997af9384c895637e4676c2c1e6744591d99437df17975fd557"", ""4"": ""4a983335675c9bf3a101b8071da02f01c082567453addf4646b4bc90a18819f4"", ""5"": ""37718106b982e122264310962311175d4a0fb544bc0a4e64284dc8db08b5a665"", ""6"": ""bf5a177086daef8d691cfd2e6997cac4a7c6d80257165f108a19afc8ed294de3"", ""7"": ""abbc34a6c34717f286297033f5b4b34bdf1d3b21e5d0f49734061bc54ec955cf"", ""8"": ""67dcf7bc0fd74fddd7c3f8b27f0cb164dd2acde83a1dc8e4075e270e2a368223"", ""9"": ""b0070dac163275c0df3edd3bb09bba3629f937c404a2774e476a62e292d9ddbb""}",48ec29de3f08c1253c5797fae37a38b89fa52ae7e3c92149fd167b129d5b04b7,1,1,1,0,2.714868734298035,0.0,"{""0"": 0.75, ""1"": 0.75, ""2"": 0.75, ""3"": 0.75, ""4"": 0.10935022684918949, ""5"": 0.0007325741585034165, ""6"": 0.7827108602048659, ""7"": 0.042091744567165065, ""8"": 0.03568349771505618, ""9"": 0.029403416876809356}","{""0"": 0.1875012974915603, ""1"": 0.1875012974915603, ""2"": 0.1875012974915603, ""3"": 0.1875012974915603, ""4"": 0.027337745886959308, ""5"": 0.00018314480697090472, ""6"": 0.19567906913219682, ""7"": 0.010523008960035711, ""8"": 0.008920936160813549, ""9"": 0.0073509050867826605}","[0, 1, 2, 3]",[],1,0,1,1,0.0,113bc3be7ba28fa128f744d5570445db1872eb1bcad673bca2bf9d17eec92dbe,8e8d0cf187761e429ccb723bc96dc348cda0ba7ef3f3fa334285246ad41f2208,"[""proposal_created"", ""proposal_committed"", ""v1_challenge_sampled"", ""audit_rejected"", ""recovery_recomputed"", ""recovery_audited"", ""recovery_verified"", ""committed_once""]"
10,trust_v1v2,1,A2,0,1,0,1,0,1,V1+V2,69.36,0.8711148207759326,0.1,335906009617080744467126713987362286470,2ae831fd0e8632a3ed011e74aeb4b3a5adbb2c4fede01703181c3c113c819031,1,"{""0"": ""4070738b17411944616ccc609b16a76f7d6b953367df945774b8b6b943d4b5b3"", ""1"": ""75547a300bc5dcc2af6bdaa59974ae8945005a29ee2bac7b08e51ac9d8a39bb2"", ""2"": ""82300a3e413021cdb17365b3c4566c24f6fb7f50eee01202606e4754ccf259ae"", ""3"": ""c42f8c651e3a07eefb44b452e8e3fe573d229b85be1b85245544adabb4bf4656"", ""4"": ""4fce3cbeb09035cef4cf6a49c3ab697247256c195091f93e8e01120bbbee75ec"", ""5"": ""da8e1ce8dbca39ecbf1fcea894ee2682df5d18e04d239571594fc46d1e285369"", ""6"": ""38354afe8b6edcb2515cdd06b924a2ef34e35994f640209d6686a34aa1567f45"", ""7"": ""8489bc102ab9b49da2137e5ee5a64d2bc303b7fa403b0b28d992a7f9d53b7e28"", ""8"": ""d9622ddd03b09f8d3af321e08c9d3344595ca4a6c0725a843c554070ec05369a"", ""9"": ""01e390998bf2c3f9907b00f7bab4a51d8d98e61ab8880c47271e208538ca5496""}",eed6a8aa7ec0b18a223bd7f417771fc050f7df9694349584d7f48f88d335ca86,1,1,1,0,1.998887268794456,0.0,"{""0"": 1.2743014091956646e-06, ""1"": 2.261826264600568e-06, ""2"": 1.435764802833536e-06, ""3"": 3.3319960465653927e-06, ""4"": 0.08945756697304917, ""5"": 0.0002593384166073215, ""6"": 0.7952704417765392, ""7"": 0.034880804588528526, ""8"": 0.055319697899588766, ""9"": 0.024803846457163804}","{""0"": 0.12500063715070459, ""1"": 0.1250011309131323, ""2"": 0.1250007178824014, ""3"": 0.1250016659980233, ""4"": 0.044728783486524586, ""5"": 0.00012966920830366076, ""6"": 0.3976352208882696, ""7"": 0.017440402294264263, ""8"": 0.027659848949794383, ""9"": 0.012401923228581902}","[0, 1, 2, 3]",[],1,0,1,1,0.0,8e8d0cf187761e429ccb723bc96dc348cda0ba7ef3f3fa334285246ad41f2208,a46d7e63a7e6d1835033f305d6931580b5e53fe02b2049d2b2d5a266b5259b2b,"[""proposal_created"", ""proposal_committed"", ""v1_challenge_sampled"", ""audit_rejected"", ""recovery_recomputed"", ""recovery_audited"", ""recovery_verified"", ""committed_once""]"
11,trust_v1v2,1,A2,0,1,0,1,0,1,V1+V2,72.46,3.418641438166092,0.1,332896602752276479380164718133450862613,1609a72496d1fd5fae5f1f97d36dc55ff0f465eb0662241d44703c812cb7f049,1,"{""0"": ""f6f9efe984b94f0a052ed800f5484ea5b5b47344c5ef3dd52a23bfd00864b40b"", ""1"": ""21bd2b0a0ed9694cefa7e48ecd9f887721ed71c3894d2b1e04eeeb727bd6e919"", ""2"": ""40575df0afbdc7394298f100e49e022c427e867586b7122ee9d00088cd295fe3"", ""3"": ""11e89987cd3b394554bdccccc570dbb70101e7549b9f41b5d033d7a595580cd7"", ""4"": ""4f0aba01153fea0bcb87e34aed7a7b4ad541081ebc7fe60e06d16689161556dc"", ""5"": ""bbc6e579089b49b095be6b108451bad2f500c2a25305ca8209b2844678dfbc9b"", ""6"": ""20e9e8d30691c130d9e0858b3d3b35903d4b614bffdf751a53c3e5445ce2260e"", ""7"": ""e7603dbba4e4ea2a33c25e1f6ff538178e10fa19e8d77dc5bed38ceb738070f1"", ""8"": ""bdfda4c97f7f383e881af652f88e17780ae4dba69ac877ac87fa7db9c4a99fe5"", ""9"": ""d3c77708505f747172b1367e55e049aedabaafecf4a7430d321174d3f5673432""}",3a4dd4a2faaf900ed787350be72bae9a2093b4a86110337a4e4dd14036bc32e1,1,1,1,0,2.5527690596068413,0.0,"{""0"": 3.8229042275869944e-07, ""1"": 6.785478793801705e-07, ""2"": 4.3072944085006085e-07, ""3"": 9.995988139696178e-07, ""4"": 0.13737231337500974, ""5"": 7.780152498219646e-05, ""6"": 0.6078453421381923, ""7"": 0.06812959367425327, ""8"": 0.1349221793965318, ""9"": 0.05165027872447364}","{""0"": 0.12500019114521138, ""1"": 0.1250003392739397, ""2"": 0.12500021536472042, ""3"": 0.12500049979940697, ""4"": 0.06868615668750487, ""5"": 3.890076249109823e-05, ""6"": 0.30392267106909615, ""7"": 0.03406479683712663, ""8"": 0.0674610896982659, ""9"": 0.02582513936223682}","[0, 1, 2, 3]",[],1,0,1,1,0.0,a46d7e63a7e6d1835033f305d6931580b5e53fe02b2049d2b2d5a266b5259b2b,fdb0b06d673ebbca58f263459c708388fff5d7bcd43ba69711c9f82f2ec042f9,"[""proposal_created"", ""proposal_committed"", ""v1_challenge_sampled"", ""audit_rejected"", ""recovery_recomputed"", ""recovery_audited"", ""recovery_verified"", ""committed_once""]"
12,trust_v1v2,1,A2,0,1,0,1,0,1,V1+V2,73.88,3.6314980952311764,0.1,62719611088806297603550789574807860932,ee0a1fbd3c4c25796d0adcfe55525379b0c1307e57f74c5223214f6365e368f8,1,"{""0"": ""69533b4252822cdcec617743732fac03a08b1c17f73070cceb34e2cc9d421004"", ""1"": ""f38e93d305150a0527371ed8fcc66d0b1d51764b6277cc76cd350a5dc2ffadb1"", ""2"": ""8199779004b2b4cc70661c846eebada4ec990dce85f5324dae3ad9b0f9440c85"", ""3"": ""9f7b5c19a5386a57a5079ce00c1db562b1751d2507391ad490a68a59ed00615f"", ""4"": ""94d4179c03eef2e3865bb1286bb51810e53cf811fabc013b0f661efb71dd9b07"", ""5"": ""d915bab9f27ff66e0c472d3c41fde08547ecb930f7f17df20004e974b9330422"", ""6"": ""644a1bfabfac34b81c9faf999d29df75d6493e561e8654e5965614a06cfbfaca"", ""7"": ""4a7b68cafe8bd3b8a6821edf27eaf4eab4766cee7b49e7d2721eebc25e6050e7"", ""8"": ""b1e1f0905370994addd35c5247f43ac0eae378dd8ae7a704af61b836829eb7a7"", ""9"": ""f9092395c7feb10e30dcb808e49343d8b86b772d823444967f2092f35cbff5ac""}",fe8bffc1ad5288f7771784dfd3214f4bea56c7a4ca5f7ef95a9fad2cab6cc157,1,1,1,0,2.933557039499467,0.0,"{""0"": 1.1468712682760985e-07, ""1"": 2.0356436381405118e-07, ""2"": 1.292188322550183e-07, ""3"": 2.998796441908854e-07, ""4"": 0.13798557840134404, ""5"": 2.3340457494658944e-05, ""6"": 0.4956294733575789, ""7"": 0.11880895082857673, ""8"": 0.21556219980639324, ""9"": 0.03198970979864526}","{""0"": 0.12500005734356343, ""1"": 0.1250001017821819, ""2"": 0.12500006460941612, ""3"": 0.12500014993982209, ""4"": 0.06899278920067202, ""5"": 1.1670228747329472e-05, ""6"": 0.24781473667878945, ""7"": 0.059404475414288366, ""8"": 0.10778109990319662, ""9"": 0.01599485489932263}","[0, 1, 2, 3]",[],1,0,1,1,0.0,fdb0b06d673ebbca58f263459c708388fff5d7bcd43ba69711c9f82f2ec042f9,34e0346583de038577d8d6944027f03f03140fd9c3550c93c3b5025e60a1a10f,"[""proposal_created"", ""proposal_committed"", ""v1_challenge_sampled"", ""audit_rejected"", ""recovery_recomputed"", ""recovery_audited"", ""recovery_verified"", ""committed_once""]"
13,trust_v1v2,0,none,0,0,0,0,1,0,,71.85,0.0,0.1,865296585179438982700265958686137666,6f9d81e53d3bad1393a2278fc97eab6d1796b57b209da41bc3138b24dd6fb7a7,1,"{""0"": ""853da0cbc344f535e74da02a54f2f967d28237b3de4e0e38d45fb43233fc61a5"", ""1"": ""194f80326514468f020e768c1873b4ad23f8b289929e56e852279e2a63089a06"", ""2"": ""d7a07b1526c34c55964f8ba0494f46b9dc05e76cd7a18a19707236ed8ba1bd7b"", ""3"": ""41e655bab97bf7a3028c9ca6064b00a4450ce125c7167df4754ae1425ccf67b8"", ""4"": ""e368ddaea0f45ac7d663388f23cf7d7dcd6c7fb65c41cae8c3e11b2abd2b5dc7"", ""5"": ""b8eb5dab8bd753b2b2473a109c011926d5f9de1ec5feaadf6b2f07aab497ec56"", ""6"": ""46f0bb5f00c15dc4f81bb1f59ab16f9ea75cffc1c7bb8f850616d9dbe1b27de7"", ""7"": ""3e73bf0d8de69649bccbe18d8add0ab383147a81e0e30afb9a58dac9804a814e"", ""8"": ""6999c2d758f905ee9f97d00d66f3ac6a490ee40ac261f317edbe78a97862601a"", ""9"": ""3d5394039bbd4e0a43d84b537751ecd741ae30c911d78cde5f697c9ffa93996d""}",,0,0,0,0,0.0,0.0,"{""0"": 3.440613804828297e-08, ""1"": 6.106930914421538e-08, ""2"": 3.87656496765055e-08, ""3"": 8.996389325726564e-08, ""4"": 0.08409789326274443, ""5"": 7.002137248397685e-06, ""6"": 0.4749239436126789, ""7"": 0.1046434423694675, ""8"": 0.27146145530188276, ""9"": 0.0648660391109879}","{""0"": 3.440613804828297e-08, ""1"": 6.106930914421538e-08, ""2"": 3.87656496765055e-08, ""3"": 8.996389325726564e-08, ""4"": 0.08409789326274443, ""5"": 7.002137248397685e-06, ""6"": 0.4749239436126789, ""7"": 0.1046434423694675, ""8"": 0.27146145530188276, ""9"": 0.0648660391109879}",[],[],1,0,0,0,0.0,34e0346583de038577d8d6944027f03f03140fd9c3550c93c3b5025e60a1a10f,83b5e649805a8f0892bf1b7ae4936f50fddc6f28ef7aa7ebde13994a0458d7f6,"[""proposal_created"", ""proposal_committed"", ""v1_challenge_sampled"", ""audit_accepted"", ""committed_once""]"
14,trust_v1v2,1,A2,0,1,0,1,0,1,V1+V2,69.14,10.505706526751817,0.1,231061805390654848421293215240364666835,5b7970462be071d81e9fd52360a951ce8c11d3c8588cf51cb11628175a183dff,1,"{""0"": ""1e49b25dc07accc60c51a82176c6bea0b4543bf665de41445fa8f5203e3464a8"", ""1"": ""2c21ab4a982d8f886b10f6e1654436ed3665e5bfa16f4b06b9bbb9d05066c261"", ""2"": ""63317a436a47e83629a05dd141dd757681ee02ba2a81e6405b11969e7dbfffb0"", ""3"": ""59c7c7fad29c4ee66fd857ebe674ac671b001342db03411e3507e800327cf0d0"", ""4"": ""b4b0779ceb1ffe98f369d3c75415c3df3d97eafc5404f64350cc49be987353f2"", ""5"": ""8497b54b46c3e68807307ec72fc03b5d45fc03c8e2c892b8945c533c6bd69f49"", ""6"": ""8f2e204bf88c3f97e12b86dcd2737483c85ca835a82fe05fec3a00fb06406906"", ""7"": ""2cf889d3945b7892b225f218d878de218ebb9aac15a5aa4932188dccca6127fa"", ""8"": ""5f775a46a373f25744dd3758898e48e28938ece013557e9e950e1c895c10e790"", ""9"": ""3782e12a29e41b4991141053a8f902f4ba8e8739eb8cc1d45bc759d20d13ea19""}",77f58633d411a1e5039bc9ab57feebbcee42a38e23d8b10cc5a9bbcb95185756,1,1,1,0,2.673159545043718,0.0,"{""0"": 1.0321841414484894e-08, ""1"": 1.832079274326462e-08, ""2"": 1.1629694902951653e-08, ""3"": 2.69891679771797e-08, ""4"": 0.2337607566948151, ""5"": 2.1006411745193065e-06, ""6"": 0.5701598742797693, ""7"": 0.07788254225479588, ""8"": 0.09602021916996069, ""9"": 0.022174439697987557}","{""0"": 0.1250000051609207, ""1"": 0.12500000916039633, ""2"": 0.12500000581484744, ""3"": 0.12500001349458395, ""4"": 0.11688037834740753, ""5"": 1.050320587259653e-06, ""6"": 0.2850799371398846, ""7"": 0.03894127112739793, ""8"": 0.04801010958498033, ""9"": 0.011087219848993777}","[0, 1, 2, 3]",[],1,0,1,1,0.0,83b5e649805a8f0892bf1b7ae4936f50fddc6f28ef7aa7ebde13994a0458d7f6,8b583ab20504eaede16049eb3f98c8304ecc17f523fb31bba6c2bd5b0f95db03,"[""proposal_created"", ""proposal_committed"", ""v1_challenge_sampled"", ""audit_rejected"", ""recovery_recomputed"", ""recovery_audited"", ""recovery_verified"", ""committed_once""]"
15,trust_v1v2,1,A1,1,0,1,0,0,1,V1+V2,71.16,0.0,0.1,119811425852833806702074873372380678513,955e5bce93c5063f03eb759d121c14929f56106482ca076b28a6de849fae5e12,1,"{""0"": ""e0ca7d6db75e7ab53d2b1565ebb5da6e2114f41f8200d4de8a8cd3358b27cc03"", ""1"": ""1c07e8ec09cd87e0b77d3cbbb373303f0c035101f701684cc042e5e66357fc04"", ""2"": ""a3691803a9b634b4e672d6a32d210ad6c5d04a3ba1e05780b2a9e72f48907082"", ""3"": ""b84c34c731ce04c44dcdae6c2f6eaaca0d6f191ce29eea2dc7d0e698469e99ba"", ""4"": ""3bd8fbf971c18cadd3ae57d31b68b7702e93ff025d1c3db715f69d66aeb1ed23"", ""5"": ""9d9e471632c01d7696484f2cf077276f366ed3af244c03f6f25ce6ddd96ae239"", ""6"": ""d41a5c1f9ec3d825b9cf54de630090956517de7d1119c0a56e2b429c4a31fffd"", ""7"": ""f6eb2d8e392e4939000fc9e213fcb5e6fd703fb60aece04328af8c842fa895bc"", ""8"": ""0ec283eaa0ab4e1c14e9960a2be92dafc41a7ade26c27693cee7bb535a37dce1"", ""9"": ""e379e39ec90ccb019bb871d9dfee839ebeaeacd73fc6940829a4cca6bb7482d1""}",e5bb0299354d7922856511ad220cfd5c14fc6131bd2d1c6d1c7d7783f432af70,1,1,1,0,4.539512319014433,0.0,"{""0"": 0.75, ""1"": 0.75, ""2"": 0.75, ""3"": 0.75, ""4"": 0.38521271347357455, ""5"": 6.301923523557921e-07, ""6"": 0.4861324487490608, ""7"": 0.09319578974617879, ""8"": 0.02880606575098821, ""9"": 0.006652331909396268}","{""0"": 0.1875000009458648, ""1"": 0.1875000009458648, ""2"": 0.1875000009458648, ""3"": 0.1875000009458648, ""4"": 0.09630317885420583, ""5"": 1.5754808888371705e-07, ""6"": 0.12153311280035263, ""7"": 0.023298947554078853, ""8"": 0.007201516474075911, ""9"": 0.001663082985738676}","[0, 1, 2, 3]",[],1,0,1,1,0.0,8b583ab20504eaede16049eb3f98c8304ecc17f523fb31bba6c2bd5b0f95db03,e39e23b5f549d2e884a7ea4080fcfc40728d1cf2fe4c281200dfbef91904cbeb,"[""proposal_created"", ""proposal_committed"", ""v1_challenge_sampled"", ""audit_rejected"", ""recovery_recomputed"", ""recovery_audited"", ""recovery_verified"", ""committed_once""]"
16,trust_v1v2,0,none,0,0,0,0,1,0,,73.16,0.0,0.1,179089462407384551587339774478569604268,a3feaeb60c48eb5766d647e2c476b0a0a3369ed774d46c01d0c3bfc5511e8625,1,"{""0"": ""7a5c7fddbe7e04ae0ada34908b9a7074f18cc738580a1969847bab6ce2d5cbaa"", ""1"": ""4937b0c2981cc5b52055d0d8b79e05fa759c29de2a917625f57f5fef9bc8572d"", ""2"": ""69d389f9b980899ee41364254450b2426066865a262bcde81c55c074e4b361a4"", ""3"": ""80486040cf66354c1bb45cfb7858f70ea0f949fe5c3f2022a3e67901fa3ac280"", ""4"": ""7928a5b9693da5777b7c3972accb2717bd83a24bc9b6a86070c103b31d5fc9f7"", ""5"": ""b884145580529b7c2fb3cd59a6fc4b438ec5f4301db1e7b35f0fd7d0226ecc3c"", ""6"": ""337f2da69c2cf8945c5ae7dca3387e539000f456ec6cbd6e7064e9cb55e40500"", ""7"": ""f760b36a5585bd6a209d8237d8f333000d85bc8989b5a1a1916c8283081d2247"", ""8"": ""91e16d1ca63e7038199e2dc7963c19ae52c886cf9c96790aa54d01fa325bae7e"", ""9"": ""4d0c438e4c67d90502428a17facc7b14c12ccafaa9d5b86977b731153a89c42c""}",,0,0,0,0,0.0,0.0,"{""0"": 9.289657273036409e-10, ""1"": 1.6488713468938164e-09, ""2"": 1.046672541265649e-09, ""3"": 2.429025117946174e-09, ""4"": 0.39719694898839797, ""5"": 1.8905770570673765e-07, ""6"": 0.42747286957104386, ""7"": 0.10068826313135454, ""8"": 0.06456949684725469, ""9"": 0.010072226350708618}","{""0"": 9.289657273036409e-10, ""1"": 1.6488713468938164e-09, ""2"": 1.046672541265649e-09, ""3"": 2.429025117946174e-09, ""4"": 0.39719694898839797, ""5"": 1.8905770570673765e-07, ""6"": 0.42747286957104386, ""7"": 0.10068826313135454, ""8"": 0.06456949684725469, ""9"": 0.010072226350708618}",[],[],1,0,0,0,0.0,e39e23b5f549d2e884a7ea4080fcfc40728d1cf2fe4c281200dfbef91904cbeb,b24c96621032b88070dd37305934c9040de05aace595ece11b133ee67c35f401,"[""proposal_created"", ""proposal_committed"", ""v1_challenge_sampled"", ""audit_accepted"", ""committed_once""]"
17,trust_v1v2,1,A2,0,1,0,1,0,1,V1+V2,72.24,2.1138316510395585,0.1,171102485183231809686136871064881757832,a63a7794fffaee763e81a8f1efa9f58687106a15ed97922b2aa63c33e4963c61,1,"{""0"": ""17e97f5123d44ecd4e241129cc0f8ef617cff60da883086e46785fa32864907a"", ""1"": ""16b776cbb184a3e3044f5f759fd09b6b11b723598de95b1db6eb482dc3526c3c"", ""2"": ""9c560ba478432f379ff31e5ca0e4bbd3df1b2fd45e61a88eee641aadf35b3988"", ""3"": ""fcc4d6e130b0c8e92405613205beb39f428f9a9faf0e7a16b95c2a730e92c3b7"", ""4"": ""99026f75fcbbc519ba301639df051a0305e288b209f8261221555c26abbceea9"", ""5"": ""595c61be155c6a9cf5a0662aabff90832dec4f1163ea356ac7ce6e8fb1801c7f"", ""6"": ""5605d0090e2c52774c732ba1318dd1e880e18d7078d99eb3cd21d1e54ef4410b"", ""7"": ""1e5b32735c6a3aa565a82f1854bdf0c5cc80e568e49316d34846a31ee4b65e12"", ""8"": ""16fbc274c6e59379f119635306d3ee7ae15c2e27b808df133c7325576e172e3a"", ""9"": ""c995811bb1a94d38e876a4af87a7dcd01aeb23c1eb33e25e3564995cff49b2e2""}",e92ac8aea1ef690dec51978565a551a4872beb65c9cd726190cc5f4549005894,1,1,1,0,3.427175626510813,0.0,"{""0"": 2.7868971819109227e-10, ""1"": 4.946614040681449e-10, ""2"": 3.140017623796947e-10, ""3"": 7.287075353838521e-10, ""4"": 0.34407387208423484, ""5"": 5.671731171202129e-08, ""6"": 0.5051658299209073, ""7"": 0.09900497669598816, ""8"": 0.03411670671697364, ""9"": 0.017638556048524014}","{""0"": 0.12500000013934487, ""1"": 0.1250000002473307, ""2"": 0.12500000015700088, ""3"": 0.12500000036435377, ""4"": 0.17203693604211742, ""5"": 2.8358655856010645e-08, ""6"": 0.25258291496045365, ""7"": 0.04950248834799408, ""8"": 0.01705835335848682, ""9"": 0.008819278024262007}","[0, 1, 2, 3]",[],1,0,1,1,0.0,b24c96621032b88070dd37305934c9040de05aace595ece11b133ee67c35f401,2b4c04314de3ba3641137642854dcf30b45a190d399f237a8b6138089a2d4c1f,"[""proposal_created"", ""proposal_committed"", ""v1_challenge_sampled"", ""audit_rejected"", ""recovery_recomputed"", ""recovery_audited"", ""recovery_verified"", ""committed_once""]"
18,trust_v1v2,0,none,0,0,0,0,1,0,,72.1,0.0,0.1,42324239801706176706349418831518689169,f84391584b01280c912430d1ecb6be1bf9ea1bff1fa3b162f228cb9c499183b5,1,"{""0"": ""53cbaf6bc89ec882ba7ea028f374b3f0103a445ecfc6ae01f23528893831de16"", ""1"": ""fa76184e99d6126c96100e02ae691b857ec27eef9593332d54348c5cadc92a31"", ""2"": ""6996f4d961266812a1f8b956f33afa525994ca6a5f898f0b433abd4ef196d2e5"", ""3"": ""59b68d181a7dacd75c97a1d74ec8fd5e2e157565270fb98e424e44b585863011"", ""4"": ""0e427f33faa5cdf123da8ccd8a0c294b6bf1175519bb6b9a0b7709767b240668"", ""5"": ""f54d4ff3cd29425cb48aa3a32df68302a708ba70a1007ea336c0a01c72743548"", ""6"": ""4bf895213436f5347753607094fd7e11689b6c2b2220f15f86ece0d1d6a4f440"", ""7"": ""ffe02c3f430e9b0a0ed39e9809baf5b50cf587454555fc4928f12a6c06f61099"", ""8"": ""dc8c5ad42fbd49ca692c39c7d8ee8f6eb39fc51ddf90ff2634767b01186bf024"", ""9"": ""12192a19307e273142ea12b531bf26f0bbe95d603e8854eb9e9f0aeb2a8be32e""}",,0,0,0,0,0.0,0.0,"{""0"": 8.360691545732769e-11, ""1"": 1.483984212204435e-10, ""2"": 9.420052871390842e-11, ""3"": 2.1861226061515566e-10, ""4"": 0.2307260301216983, ""5"": 0.0011675976451577088, ""6"": 0.5338168821910658, ""7"": 0.1356949951348164, ""8"": 0.09330292754788638, ""9"": 0.005291566814557205}","{""0"": 8.360691545732769e-11, ""1"": 1.483984212204435e-10, ""2"": 9.420052871390842e-11, ""3"": 2.1861226061515566e-10, ""4"": 0.2307260301216983, ""5"": 0.0011675976451577088, ""6"": 0.5338168821910658, ""7"": 0.1356949951348164, ""8"": 0.09330292754788638, ""9"": 0.005291566814557205}",[],[],1,0,0,0,0.0,2b4c04314de3ba3641137642854dcf30b45a190d399f237a8b6138089a2d4c1f,1490d4032dfce6f2dd785c7b1c0fc5952dd32f8f0d22f1b5095df0a2bcb874dc,"[""proposal_created"", ""proposal_committed"", ""v1_challenge_sampled"", ""audit_accepted"", ""committed_once""]"
19,trust_v1v2,0,none,0,0,0,0,1,0,,76.46,0.0,0.1,140848236778061601444855226870839864613,ba710a273d357ce5558b96b5ae7bfe8ee032cb96bfce11f82d30550e7dcd6652,1,"{""0"": ""07c45c4788b8cfe76a626a232f096601b2f7b855631b9efb7b23d417ada298a6"", ""1"": ""cf97b5f87b35582e8fabe101ae0d88d5819d09ee7300b8eaf497abe392978036"", ""2"": ""4fd659cc47b7a5c0cecab4f7d2b9623b72a9e16c7c3dbddfc875dc410553dae8"", ""3"": ""6d54682baa1e7f03c123fe3ccd196b3f30633ddb9652455401720b842c7a1aaa"", ""4"": ""16a335fb589d7e86339ad911dfa923ad8f82fd17fa1711ca8631b4018eae2624"", ""5"": ""4af0dc960074322b14e34b602e30df0c80a9ff6f786cb297e6792f296446de9d"", ""6"": ""0a174a8070ba4822782decb9b1d63222d815e815a33496b96096205b858f608f"", ""7"": ""73e2b25500bcf6c2cfcf226b4ea0dcfeb2da02eaaecd15fb179689027bf27699"", ""8"": ""fd561a84808dd8775a71c3be4de2f24e4345d6da93aa1a2b4712d64d17848df4"", ""9"": ""67877ee502b305513cfba2b451909df3025c55f4d61757c79f02c2d585e06164""}",,0,0,0,0,0.0,0.0,"{""0"": 2.5082074637198316e-11, ""1"": 4.451952636613306e-11, ""2"": 2.826015861417253e-11, ""3"": 6.558367818454672e-11, ""4"": 0.12125893946743248, ""5"": 0.002527182008261176, ""6"": 0.33504217527577534, ""7"": 0.2156056091589005, ""8"": 0.2028879888828215, ""9"": 0.12267810504336363}","{""0"": 2.5082074637198316e-11, ""1"": 4.451952636613306e-11, ""2"": 2.826015861417253e-11, ""3"": 6.558367818454672e-11, ""4"": 0.12125893946743248, ""5"": 0.002527182008261176, ""6"": 0.33504217527577534, ""7"": 0.2156056091589005, ""8"": 0.2028879888828215, ""9"": 0.12267810504336363}",[],[],1,0,0,0,0.0,1490d4032dfce6f2dd785c7b1c0fc5952dd32f8f0d22f1b5095df0a2bcb874dc,64f86975ee02c2b8634a0700194ea0f8b5ad5e3c352a77909f0df48adea02591,"[""proposal_created"", ""proposal_committed"", ""v1_challenge_sampled"", ""audit_accepted"", ""committed_once""]"
20,trust_v1v2,1,A2,0,1,0,1,0,1,V1+V2,74.36,29.59510898034815,0.1,276451064531762594222215385542197717488,e2ff9cc32d6f0002ed6fed8c848934598d90bb1f3bbf8b53f7f847533ab3e365,1,"{""0"": ""038e90061087083ac968166b37bb87a39f35b9bd94d9081257ec3e9f82f1592a"", ""1"": ""c0592bc94c1000590262e8252d43b71dd175e6feae04150ff3995fa2b843c388"", ""2"": ""3839c941a83837c206a3d4226b49115316cc7fca4027487ba9a6ec1c2eb4dd19"", ""3"": ""71e12cba0a6aabd2022680588107b6dc08144368db90cd577b408c1267105e5a"", ""4"": ""60237238976c41537b77b842de3dfdcae08adc7f40ddbd7f2abcb663e0cc3b12"", ""5"": ""bc79a8f500c91530925ced17b877cd66a89e62c77528f65ea3d324b88d1c93d6"", ""6"": ""e92faedcb57d1afe1a32181b990d1838e244c2cbc5fcc03fad5e7fdb27d11947"", ""7"": ""afea11c15935497b3329b855625c128e9e4705e70bc940960eaadfaf3793def0"", ""8"": ""91a22d44da34f14e342ea090ccd2d5085bd37a330cd8369e3d0f20a30c2a1c3b"", ""9"": ""95703f1133ebe399890365784bd4ee6ac1bc28df1906afd9febded2722f12cf3""}",03d201d0064615ba6dcc9c56b36cff594bccaa60b4766364ba410fea4c58fc4d,1,1,1,0,4.331271498969967,0.0,"{""0"": 7.524622391159496e-12, ""1"": 1.3355857909839919e-11, ""2"": 8.47804758425176e-12, ""3"": 1.967510345536402e-11, ""4"": 0.03637768184022975, ""5"": 0.0007581546024783528, ""6"": 0.35330581850920323, ""7"": 0.08440283543278072, ""8"": 0.31365956259131705, ""9"": 0.21149594697495727}","{""0"": 0.12500000000376232, ""1"": 0.12500000000667794, ""2"": 0.12500000000423903, ""3"": 0.12500000000983755, ""4"": 0.018188840920114874, ""5"": 0.0003790773012391764, ""6"": 0.17665290925460161, ""7"": 0.04220141771639036, ""8"": 0.15682978129565853, ""9"": 0.10574797348747864}","[0, 1, 2, 3]",[],1,0,1,1,0.0,64f86975ee02c2b8634a0700194ea0f8b5ad5e3c352a77909f0df48adea02591,d49f069d6d927f483b79500e1dc236375f4345efff95c227f00f160ba7149ba1,"[""proposal_created"", ""proposal_committed"", ""v1_challenge_sampled"", ""audit_rejected"", ""recovery_recomputed"", ""recovery_audited"", ""recovery_verified"", ""committed_once""]"
21,trust_v1v2,1,A1,1,0,1,0,0,1,V1+V2,77.23,0.0,0.1,135673812584627712978675812551470343825,07163a44967cf36840b89927ec4191b228560f8496bd789c2f6fd2fd50f8d775,1,"{""0"": ""882d8423e93f49f14debe6e4ef5b7c670b2c3ca479bcfbab933cc9e8e1968b58"", ""1"": ""f380d4e54a40f0c2b08ec79f81663be9a2bf18d2d45d74c0ffcecb5e5fa2f1e4"", ""2"": ""fb3d4a05e9df8106e596127b2c9bc68f510ab7dfab96882e00d580d549aec549"", ""3"": ""83176c967c1e8a57ee36467dd1d788d7bdd5d3f85296834d6ad05a42958b2041"", ""4"": ""86b7b51cb2fc8a8a02b7be9494cf4f980c87c3a051ba5c2b7d4d6612917b49a9"", ""5"": ""fdc7647f327dabf62d5af741a4ecf2a605192305ff73c11ba7e5d20a8f1e43f0"", ""6"": ""33a1c9d07d90147bbda6dba716479b001277fe70b2ab2c577c20793ca6f00974"", ""7"": ""bb8d31a7ea89369ec53bbd3a56226845fbf9f458d06e73b5af95cf9c84a9067e"", ""8"": ""76e1fe7ccd00985d20964b12d3b39759041192402a45fc901c06edcec572f626"", ""9"": ""f49cd12afdd5f20b18ab5885cbd5524b1dc764f99d59d246a9f240e49ce12780""}",f331f7da5538783796e091a1c2d4a8eb901fc3c96740a97a482e9f9f9873dd28,1,1,1,0,5.461644013932823,0.0,"{""0"": 0.75, ""1"": 0.75, ""2"": 0.75, ""3"": 0.75, ""4"": 0.15502467368506787, ""5"": 0.010008771990359855, ""6"": 0.4703418425990497, ""7"": 0.17228701676943167, ""8"": 0.10603311483993587, ""9"": 0.08630458010144497}","{""0"": 0.1875000000006896, ""1"": 0.1875000000006896, ""2"": 0.1875000000006896, ""3"": 0.1875000000006896, ""4"": 0.0387561684214095, ""5"": 0.002502192997599166, ""6"": 0.11758546065019487, ""7"": 0.043071754192516326, ""8"": 0.02650827871008146, ""9"": 0.021576145025440592}","[0, 1, 2, 3]",[],1,0,1,1,0.0,d49f069d6d927f483b79500e1dc236375f4345efff95c227f00f160ba7149ba1,645992adf0cf8a583db7e196441fd087dd3a6993125abeeece0ace7342f507c4,"[""proposal_created"", ""proposal_committed"", ""v1_challenge_sampled"", ""audit_rejected"", ""recovery_recomputed"", ""recovery_audited"", ""recovery_verified"", ""committed_once""]"
22,trust_v1v2,1,A2,0,1,0,1,0,1,V1+V2,74.29,5.931344399240845,0.1,291546646707725529697111798853171357432,b60b713730ac5f80024c20a42b6c5d5e52e319affb20f3661a40cfc5121cd9ec,1,"{""0"": ""f1cc0c6583e8b9681fac7de74742c0eeb03bbb7fecfb1a35140f296157234519"", ""1"": ""3bb1a7d0d6ca5e294a93ae56a0b3042f08e7eb4ef0d22aea5d07288e0ae88697"", ""2"": ""369f04cd4415dd94c0aa98f81867a40eab1dfed1f9b6ab03a4ef505e5c77b157"", ""3"": ""f330204dd931a73e6634296e2791b7e059d198a9f0b5eca5163fe01932071318"", ""4"": ""fc366b547413628b2b28c07148ab6d25f0bb310394ce56255950b356f3458113"", ""5"": ""2129466be7801123335046e87df458473ade529e093c6f94f06cc9a6a4e353b5"", ""6"": ""1ec294945dae4b55417e9ea5260dc8f7f8423d3ed0d77eafae0675d3b0907974"", ""7"": ""f22290d8103ac7f0cd5d109f3846d09a758e31a95b294cbd950544e64c362275"", ""8"": ""2553fae18a12a912e36a2c3525eb8a0861172904d046fa913b63287f46daf76f"", ""9"": ""6466c317ce6faacf1071ee4c1175d6026814bcbafd04d729f450958bd6b75ffe""}",eb4b50467881e84cb9efac6b159179372dfcc5312b69bb5626ccef0aba9992f3,1,1,1,0,3.664713088773655,0.0,"{""0"": 6.772160152043549e-13, ""1"": 1.2020272118855931e-12, ""2"": 7.630242825826587e-13, ""3"": 1.7707593109827624e-12, ""4"": 0.046507402105520367, ""5"": 0.029667788719633936, ""6"": 0.43444702094963195, ""7"": 0.10786887471894062, ""8"": 0.32515440262189776, ""9"": 0.05635451087996238}","{""0"": 0.12500000000033862, ""1"": 0.12500000000060102, ""2"": 0.1250000000003815, ""3"": 0.12500000000088538, ""4"": 0.023253701052760183, ""5"": 0.014833894359816968, ""6"": 0.21722351047481597, ""7"": 0.05393443735947031, ""8"": 0.16257720131094888, ""9"": 0.02817725543998119}","[0, 1, 2, 3]",[],1,0,1,1,0.0,645992adf0cf8a583db7e196441fd087dd3a6993125abeeece0ace7342f507c4,50d077946fb29d87472ea908ac49a573762ed376b91eb6019ea5ece0b92036e4,"[""proposal_created"", ""proposal_committed"", ""v1_challenge_sampled"", ""audit_rejected"", ""recovery_recomputed"", ""recovery_audited"", ""recovery_verified"", ""committed_once""]"
23,trust_v1v2,1,A2,0,1,0,1,0,1,V1+V2,74.95,3.1633980705850053,0.1,150720177939137460253458225450042615794,f784ff99f0645697ed9ac86973dd67ab8ef435db3a13ff687f6447eb29034b3a,1,"{""0"": ""3111ec936d8e9dec59ccc3bd3cfd694604840b8fc665884e1210e1fb647dcfea"", ""1"": ""cd7ad2a9ae5d8bd184feab7782166ff45c7e4e8a0714927be76093990ff53829"", ""2"": ""a23be2054ef322f59e205fff1bea5293f649538a75c4398497a00d9ee05ffee9"", ""3"": ""a6a6cc6fdce9b17f710995c12ace72649e2d0de2b03d22f0fe4353c0305c0da1"", ""4"": ""e05e99148698c827518cd9fa45aa911a53e23c290ca7c5816e3a7fd7bf11fc4d"", ""5"": ""f2a2576ee76942315d1c22a9742965a940978e8092dcc85f0b8ca029c583d9f8"", ""6"": ""752de694bfa1721495d411288f7c439674ff864a6dd07d238b4abf750eadbbc2"", ""7"": ""12ccb42b83c262c7ae4df88b528517603842abcfe374372e9f784d76714fcd7c"", ""8"": ""3ac549c04489f72a1c628d5ade9968fbb9bbd41c9bbb3bee7f025b2d8b044444"", ""9"": ""f1ed03dea68e26efd3cf04dd75d2e4a57cd928c459446fd8dbc103f0478faf65""}",47ee8c435486b058fb3d35961a6af6403a15ebfee036a37f967bf833c7a8c2fb,1,1,1,0,3.6515878356164553,0.0,"{""0"": 2.0316480456130653e-13, ""1"": 3.6060816356567804e-13, ""2"": 2.289072847747977e-13, ""3"": 5.312277932948289e-13, ""4"": 0.033441054657100684, ""5"": 0.045388710896422796, ""6"": 0.452345502131901, ""7"": 0.35437205826269363, ""8"": 0.09754632078656936, ""9"": 0.01690635326398872}","{""0"": 0.12500000000010159, ""1"": 0.1250000000001803, ""2"": 0.12500000000011446, ""3"": 0.12500000000026562, ""4"": 0.016720527328550342, ""5"": 0.022694355448211398, ""6"": 0.2261727510659505, ""7"": 0.17718602913134682, ""8"": 0.04877316039328468, ""9"": 0.00845317663199436}","[0, 1, 2, 3]",[],1,0,1,1,0.0,50d077946fb29d87472ea908ac49a573762ed376b91eb6019ea5ece0b92036e4,6f6caf6dd909f2d19ebbf527006ebd611cb87f644168c350cca649832c086ec7,"[""proposal_created"", ""proposal_committed"", ""v1_challenge_sampled"", ""audit_rejected"", ""recovery_recomputed"", ""recovery_audited"", ""recovery_verified"", ""committed_once""]"
24,trust_v1v2,0,none,0,0,0,0,1,0,,76.83,0.0,0.1,233235486662446429451326549383159554338,5e12ffdfe7a00a3decd3be337aa2ddd64d14148133dbaec53907d25d408a4eb8,1,"{""0"": ""31e84bd0a6c43bc78021843d1d625095bf099f194d2c205974753316f3ee829b"", ""1"": ""803bd94e6cb428636dfb4cfea3cfb8f4e762fdff4a1992f0afe812d859bc698b"", ""2"": ""e21a6de902d13dcb0ad871a478ec44715bb4fd16a06f9457a60714a7e6000442"", ""3"": ""54b476da92dc70259b32f8d0678b725f35ae5f6ffccf043fd3511629ea25fd66"", ""4"": ""7680ca48151b8ee95d44b1f8775390eb21aa023f9ab32b06ebb55c048ff91054"", ""5"": ""f3b3b479df32929783f8275220f91f9842de160f3926fd32f3663930c19f42eb"", ""6"": ""1f4d8bd4f4707824cd19a0b0168e875c6fa1b79b4d804ba38e413d672086c284"", ""7"": ""86b916dcb4f64cefb9f09bbbd63604adf19633b14d32dd01e174a292601ccc4b"", ""8"": ""c8e10ec40e034a4e6e93a05a047329ead9cba8e1d19cec4e723a9fdb3e9c5f93"", ""9"": ""abad91597753d4125272c6dd2981633189bb6e20fcb4c4ba11d967397e1e86c0""}",,0,0,0,0,0.0,0.0,"{""0"": 6.094944136839197e-14, ""1"": 1.0818244906970343e-13, ""2"": 6.867218543243933e-14, ""3"": 1.593683379884487e-13, ""4"": 0.3157922516654674, ""5"": 0.01361661326892684, ""6"": 0.13570365063957032, ""7"": 0.41207155274714535, ""8"": 0.1177440256992963, ""9"": 0.005071905979196616}","{""0"": 6.094944136839197e-14, ""1"": 1.0818244906970343e-13, ""2"": 6.867218543243933e-14, ""3"": 1.593683379884487e-13, ""4"": 0.3157922516654674, ""5"": 0.01361661326892684, ""6"": 0.13570365063957032, ""7"": 0.41207155274714535, ""8"": 0.1177440256992963, ""9"": 0.005071905979196616}",[],[],1,0,0,0,0.0,6f6caf6dd909f2d19ebbf527006ebd611cb87f644168c350cca649832c086ec7,0075cec5c9a7a6bf5d3539899abfeb3e32c30540a24295b909ffa40c0898823e,"[""proposal_created"", ""proposal_committed"", ""v1_challenge_sampled"", ""audit_accepted"", ""committed_once""]"
25,trust_v1v2,0,none,0,0,0,0,1,0,,76.54,0.0,0.1,181757742886590799715944321287208895378,427923ec2e6feab46fc7b68ce86ae710ba3745334ba691f54cc8fa8fd0d3f91f,1,"{""0"": ""ce5f6b18c9f36a095ffe2231fa560931290b2446cb0a4266a73b9893c1817bf5"", ""1"": ""ca0c4da4ea4ccd82d6a8d0f5af7ed12793ad9286cef9369a70db2550ea510659"", ""2"": ""da9488b6d0b47586935c272d2d225992d20b089a3d623a8d3f0ccdb4cad94344"", ""3"": ""1cdb1dda49102749cc65aeb69532d98a3058c0e84f19bb226d3f9c90ebe331c0"", ""4"": ""8a3fd95105cc3a6a9860ed1867c4f33d0d0a6907ea117374abcb5a7e39e463d9"", ""5"": ""aab5e75c7092ad98812c4722f22fc5b488cc1d56be2ba2594c1fd6aacb1e0282"", ""6"": ""0f8ee0e70c50b432bfc87b71dfc752a13af6104ce8b04a51666a03d6d5ce1597"", ""7"": ""52d6a32b13eb7b9b1cf468d27b9fa1b602f0e4de158eaf905a17e9d84db1b706"", ""8"": ""15151cb6c6d95d2bfbb5a09caf125623c966f237caa24f3532367db9f73f47fb"", ""9"": ""931395352e73b9ef7f40ef1d04b6a4c475f3c325bb9c63eaa997cd5cbf58d7d1""}",,0,0,0,0,0.0,0.0,"{""0"": 1.8284832410517595e-14, ""1"": 3.2454734720911036e-14, ""2"": 2.0601655629731802e-14, ""3"": 4.7810501396534614e-14, ""4"": 0.09473767549964024, ""5"": 0.004084983980678053, ""6"": 0.4206046301442676, ""7"": 0.12362146582414363, ""8"": 0.35542967275739246, ""9"": 0.001521571793758985}","{""0"": 1.8284832410517595e-14, ""1"": 3.2454734720911036e-14, ""2"": 2.0601655629731802e-14, ""3"": 4.7810501396534614e-14, ""4"": 0.09473767549964024, ""5"": 0.004084983980678053, ""6"": 0.4206046301442676, ""7"": 0.12362146582414363, ""8"": 0.35542967275739246, ""9"": 0.001521571793758985}",[],[],1,0,0,0,0.0,0075cec5c9a7a6bf5d3539899abfeb3e32c30540a24295b909ffa40c0898823e,686f756cdcff71282e1d3d6fd24c6d7f0f751a365eddd440b57d55f97c7d7c56,"[""proposal_created"", ""proposal_committed"", ""v1_challenge_sampled"", ""audit_accepted"", ""committed_once""]"
26,trust_v1v2,1,A1,1,0,1,0,0,1,V1+V2,78.5,0.0,0.1,87681989684325472051596275170913032340,5b0b5738c5651443cdbd229f4b18081c853cc5ea8ba8582bded4412ea8e345b2,1,"{""0"": ""0b781ee2e9516b6492e85289c7de99dc513c49f42fe13bfbbf401c0aad07015f"", ""1"": ""bfc42cc3ece64875eefb96272329cb6711bff9f035ba9da9fafabc23c783161b"", ""2"": ""5257646e1bf763c18d35decf0f024f86133fe17c5b5462e9f18341d44a868918"", ""3"": ""8b4a3746a81552e877e9b6987f677986b4e08d477a7b0bef8663e685cd236515"", ""4"": ""614a1f8dcdcd23521541526b10eb04b3df2d681523ef1231cd7b6bee70e77259"", ""5"": ""0efaf7e844d1897ff63f2382ae72f26c0a81a54a4723aa8cb7b72fd99ab746ce"", ""6"": ""4152cbc50747cae135a645b6d2fe9a097b8b3d5f3678586f6de18c19ebcf991b"", ""7"": ""e57b0bdf44d99377f670ebda6940f06891cfcf5f3f66f3b90c691b028a30591b"", ""8"": ""a0248a655a533a285b3ee280819e7fb29fa8b6b2e9155f29fb2d53ddad4cd6fb"", ""9"": ""13bc1368c93aa20a28be6dce8b1e129d650717acf4579f23c565ebc203e695ec""}",5c2a00a583c42341c64f44bf38b0cd4b0781e405b2e42783286f85304a925172,1,1,1,0,5.904190665971577,0.0,"{""0"": 0.75, ""1"": 0.75, ""2"": 0.75, ""3"": 0.75, ""4"": 0.2629435498204935, ""5"": 0.23574774236480486, ""6"": 0.35713689470207727, ""7"": 0.037086439747243086, ""8"": 0.10662890182721772, ""9"": 0.00045647153812769547}","{""0"": 0.1875000000000017, ""1"": 0.1875000000000017, ""2"": 0.1875000000000017, ""3"": 0.1875000000000017, ""4"": 0.06573588745512397, ""5"": 0.05893693559120174, ""6"": 0.08928422367552012, ""7"": 0.009271609936810855, ""8"": 0.02665722545680467, ""9"": 0.0001141178845319249}","[0, 1, 2, 3]",[],1,0,1,1,0.0,686f756cdcff71282e1d3d6fd24c6d7f0f751a365eddd440b57d55f97c7d7c56,d9678dd8cebf0c919ddc04c337d35a7cd87577fd3ffce7d24eda9b65a2d732b1,"[""proposal_created"", ""proposal_committed"", ""v1_challenge_sampled"", ""audit_rejected"", ""recovery_recomputed"", ""recovery_audited"", ""recovery_verified"", ""committed_once""]"
27,trust_v1v2,1,A2,0,1,0,1,0,1,V1+V2,75.99,0.23564177503924694,0.1,186126587208308251903097804311486830258,a1cfb5f3c56c777f2d6afd125e7259cdf4b104fe71ffe0fdf5534fab3967dc10,1,"{""0"": ""79a7a90dffaf4938a13948c994a874274905d76765f670720a2c472e7afd1a64"", ""1"": ""06f837057b4e068ada113d067e7b28e1ca3ffcf960ee6487ca114254487b787b"", ""2"": ""e38b5af89c0d2bd1361bf419cb44b6220ac5377db9dde3f21bd2cb1a417759ca"", ""3"": ""754f9dbd0d217d05d0923d445462bb803856bcd8cc62494cc7ba8e102122b5c8"", ""4"": ""2b13a028a22d4a9d577545e053a00aae0f68c819ac0a620b183d170a5346e74c"", ""5"": ""d51b9c9932472b614bb3b0ef763f7582409eec7cf26972c94de9557b083c6583"", ""6"": ""23f094368b9ecc247a2008d144d422c095a9f06d87309d7dec377af030fcc369"", ""7"": ""c0c42d691071b85402be1fcf8745326a5d5524a16789a205231bc9068f7655f0"", ""8"": ""e8efc42eab61a6ba91ff94f015daacffdc6071dd7082a0786db557f157ad5a20"", ""9"": ""cf9acc42b69598fd158cc3092e8e6be8b0f7832966bfaabe80620ce8082109e7""}",e023444cc45ccbbbe4a98296ee01d4b3688112036fd5f4af0fb43e7d98e6b65f,1,1,1,0,3.5237258334916453,0.0,"{""0"": 1.6456349169465837e-15, ""1"": 2.9209261248819937e-15, ""2"": 1.854149006675862e-15, ""3"": 4.302945125688115e-15, ""4"": 0.07888306494614807, ""5"": 0.07072432270944147, ""6"": 0.4571410684106232, ""7"": 0.011125931924172928, ""8"": 0.3819886705481653, ""9"": 0.00013694146143830867}","{""0"": 0.12500000000000086, ""1"": 0.1250000000000015, ""2"": 0.12500000000000094, ""3"": 0.1250000000000022, ""4"": 0.03944153247307404, ""5"": 0.03536216135472074, ""6"": 0.22857053420531162, ""7"": 0.005562965962086465, ""8"": 0.1909943352740827, ""9"": 6.847073071915435e-05}","[0, 1, 2, 3]",[],1,0,1,1,0.0,d9678dd8cebf0c919ddc04c337d35a7cd87577fd3ffce7d24eda9b65a2d732b1,8ccc21c3bf61dab9698c0f88a6e65b3c643a3e7febf88575f51a7219cbe3e024,"[""proposal_created"", ""proposal_committed"", ""v1_challenge_sampled"", ""audit_rejected"", ""recovery_recomputed"", ""recovery_audited"", ""recovery_verified"", ""committed_once""]"
28,trust_v1v2,0,none,0,0,0,0,1,0,,77.61,0.0,0.1,129558535733765846511788421574226858040,83231cd4047aa9569e333d5c774799f882653e1971addd1903814ba52c48d4fa,1,"{""0"": ""e20b287ffd0f899f57e969ff3d1f3ea7980635c233a927ce0351a7038c2fed4d"", ""1"": ""d6048d8d907ad3cc703e12f4ef98c2448648903c293e6add09d18e0ed9a9a273"", ""2"": ""08fe3fb4049842aa2980d728d855289e1822dd56632a1429188eb242c63d7572"", ""3"": ""c7544ac6f5a86095b463990cb47ea0518fd392a9cc43a7c826fcc183953086fc"", ""4"": ""7d67c8d7aa67ed03ecd7b72de0ce871d994ed45762b864e2bc4863f383413a48"", ""5"": ""a9fdbfa18b68713e535587cf16a659f64d96fb4abb1dae9082bfd6ccddfe234f"", ""6"": ""a251276b30deadaf817fe7546421abc17288c13eac3759e7e1d1b6d0c5dc5769"", ""7"": ""451873fe7e3d15153501fb10546107fad73cd636d356db6ab6f92940d5af5f9a"", ""8"": ""c180a8c5e919fdc29ffc3cf4096e68f351a8de44c82f2dd0329606ca9b0df509"", ""9"": ""a64e9760b10af2679ca76f0f93577d2382c50dadaa63bec4ac312c1df72ba7ca""}",,0,0,0,0,0.0,0.0,"{""0"": 4.936904750839752e-16, ""1"": 8.762778374645983e-16, ""2"": 5.562447020027588e-16, ""3"": 1.2908835377064348e-15, ""4"": 0.1971600397782006, ""5"": 0.19471241710718862, ""6"": 0.3106374408175432, ""7"": 0.17683289987160805, ""8"": 0.11459660116444961, ""9"": 0.006060601261006799}","{""0"": 4.936904750839752e-16, ""1"": 8.762778374645983e-16, ""2"": 5.562447020027588e-16, ""3"": 1.2908835377064348e-15, ""4"": 0.1971600397782006, ""5"": 0.19471241710718862, ""6"": 0.3106374408175432, ""7"": 0.17683289987160805, ""8"": 0.11459660116444961, ""9"": 0.006060601261006799}",[],[],1,0,0,0,0.0,8ccc21c3bf61dab9698c0f88a6e65b3c643a3e7febf88575f51a7219cbe3e024,a1d7071969e48de199d88a40ac024ed06de0b4111533b35c55afe10035db274f,"[""proposal_created"", ""proposal_committed"", ""v1_challenge_sampled"", ""audit_accepted"", ""committed_once""]"
29,trust_v1v2,1,A2,0,1,0,1,0,1,V1+V2,74.23,2.1843241938960176,0.1,274221620444852831018714340822369146116,b4fb94001bb8b864ecb9d553c51b7c7638ae141f7bd03ea8251401c6549f576c,1,"{""0"": ""e98fabd8d717a07cd694e988361486a08d8999fa24814d99eed62175dd84ad5c"", ""1"": ""ed087eac0ad0607854f3c4615630b7b05bad2aba73a638037a2f1859f3c8bed3"", ""2"": ""8b18d9b93ece9520a534d78a8d2cf4ad6b205ec6e7eb2d896e845bff870ae94f"", ""3"": ""c7b8c16fe0de27c4d426fb0430a2f9d5f30ba8c43a31a0950e1669b30aa89588"", ""4"": ""94460b4121d37cc28da42bec86aeb14cbe1a965132aa2506ebde89ff45b7adb7"", ""5"": ""7d20f81ab35d19c4d16a6ebecb60fb02e21b153223ae1db86f9f67fed5cbfb1f"", ""6"": ""486d5e4158c1b05ae11336810379e958e9c61c396652b4473a3a5365c5575358"", ""7"": ""9b0b425c43e1ed066fc13383260736c60e3fa7608e292ffb25eee92b4ffcbc1d"", ""8"": ""6d6794d8f52ac521003e0c1cb98300a0b44082bbd146dfae6b00535bcef11a2f"", ""9"": ""55b8a3ca359b585feb25539e19916f12a3239a467ffea02dd87f14a599850363""}",355c0fed302c1c2754d0018a0dfc12b2bcc34f462768c3b3b865208517803a94,1,1,1,0,3.1465220074481763,0.0,"{""0"": 1.4810714252519257e-16, ""1"": 2.6288335123937955e-16, ""2"": 1.6687341060082767e-16, ""3"": 3.872650613119305e-16, ""4"": 0.7591480119334602, ""5"": 0.05841372513215659, ""6"": 0.09319123224526298, ""7"": 0.05304986996148242, ""8"": 0.03437898034933489, ""9"": 0.00181818037830204}","{""0"": 0.12500000000000006, ""1"": 0.1250000000000001, ""2"": 0.12500000000000006, ""3"": 0.12500000000000017, ""4"": 0.37957400596672997, ""5"": 0.02920686256607829, ""6"": 0.04659561612263148, ""7"": 0.026524934980741204, ""8"": 0.017189490174667442, ""9"": 0.0009090901891510198}","[0, 1, 2, 3]",[],1,0,1,1,0.0,a1d7071969e48de199d88a40ac024ed06de0b4111533b35c55afe10035db274f,12a87ee180d8dd521a89e5b3ab6d7649d8514808441306e55cf6b35a1f782620,"[""proposal_created"", ""proposal_committed"", ""v1_challenge_sampled"", ""audit_rejected"", ""recovery_recomputed"", ""recovery_audited"", ""recovery_verified"", ""committed_once""]"
30,trust_v1v2,0,none,0,0,0,0,1,0,,77.96,0.0,0.1,314171774735036591473145032950818381011,01d6769b5284a440704e3f74c17c2bf29023e1088cdeec088d26340265b29f15,1,"{""0"": ""fbc9f2ccfc00539f65bbf3002e6acf45509a98e813331344bd1741b3988d7715"", ""1"": ""498ceee37260d415309f158ee4ee002aa9ec79dbca0de745afbae6cb3b7e99b7"", ""2"": ""d57ece1565711814019edd98bb228b914c80c688ecc771ad92b17eaab2757041"", ""3"": ""27899eb54be7b3b5a8bd370b281f49ab22cf065f10afe67fda0c13d06a25dfac"", ""4"": ""a0b57a335a31b2060c733484c5b66b8238691831870d1af26aaef989ae3be566"", ""5"": ""eebbbedc4313726cbe71ab087d58dd29dce1744f385ec6c52b2b9c5b108a26b9"", ""6"": ""f50f4436d1cac894d56203da7d66c1c6526f3b2d476dc76e17de91d60839f084"", ""7"": ""827639a57e964465b1a04c033ca93e9fdd8f1f33732469585fa1a3ae69d9213c"", ""8"": ""4891f2dfe69d8746bfcb355b4dd98e21f019a8d068ec7e03bf4211c2662c022c"", ""9"": ""f786b17173bae670f5c9ad4e99921c3f88bfa6de7c6b6327c0de1b76414cd70a""}",,0,0,0,0,0.0,0.0,"{""0"": 4.443214275755778e-17, ""1"": 7.886500537181387e-17, ""2"": 5.0062023180248304e-17, ""3"": 1.1617951839357917e-16, ""4"": 0.22774440358003809, ""5"": 0.021779028342707327, ""6"": 0.027957369673578897, ""7"": 0.3563986553885936, ""8"": 0.23399193072802887, ""9"": 0.1321286122870528}","{""0"": 4.443214275755778e-17, ""1"": 7.886500537181387e-17, ""2"": 5.0062023180248304e-17, ""3"": 1.1617951839357917e-16, ""4"": 0.22774440358003809, ""5"": 0.021779028342707327, ""6"": 0.027957369673578897, ""7"": 0.3563986553885936, ""8"": 0.23399193072802887, ""9"": 0.1321286122870528}",[],[],1,0,0,0,0.0,12a87ee180d8dd521a89e5b3ab6d7649d8514808441306e55cf6b35a1f782620,328ef842d27806ccdda7d4c2dac1722c0acdc105d2216c504292cca054aa61a4,"[""proposal_created"", ""proposal_committed"", ""v1_challenge_sampled"", ""audit_accepted"", ""committed_once""]"
31,trust_v1v2,1,A2,0,1,0,1,0,1,V1+V2,65.45,22.870706704005336,0.1,249813533476574212015598879315977833267,81524b83af7cdb188e9db2937c7ede5ce93e443b9c01a1bbb2b07a0eb0962891,1,"{""0"": ""78a4b78697fb8f8e990b958f4dfacf5dfe6b3d6cd6c65547c708fc5ee3b24434"", ""1"": ""a1ef2a3a16207a897ba2004358e3e3972e0466bae85ba7ea6cfdb2df5c0ae9ed"", ""2"": ""c92e2b177aee223484a87082d697d0b5cba16a0e0eca9a2b90a4f9ef202b48b7"", ""3"": ""b4574592eb7c1af83fc09fd73583d4ab7b1308b09008a63f0a1d4306616dd399"", ""4"": ""1c212e8ed35eed7ee536888c49094b3115c6b476331b57991845e4bc8e071488"", ""5"": ""eb15966fb8a0c1263bd3e1b0f997b2e1aa5f277baf1a2fe469f5d692a6962930"", ""6"": ""640c783f1c520e5a90d703ee6d45f1997744c780556ea8556c8754f45a518369"", ""7"": ""c24a8b677f0fb5a155537a3e6dbacc877e69b12ecccd0f811a4a4ad84cb67e31"", ""8"": ""e8012da630578dc0ced065a236d9d4bf6ee1d182a533f43389017b01cf6dce7a"", ""9"": ""6e35fa0504b02b742bd47047f151179798094aa6cd9b230b5bf14ff1f467f3c5""}",7029b71d69c727c809b4a6aecd41db7f221a4f5ecfb205edf4ecdddd7e361168,1,1,1,0,3.7120823789944137,0.0,"{""0"": 1.3329642827267336e-17, ""1"": 2.365950161154417e-17, ""2"": 1.5018606954074496e-17, ""3"": 3.485385551807376e-17, ""4"": 0.06832332107401146, ""5"": 0.7065337085028123, ""6"": 0.008387210902073672, ""7"": 0.10691959661657811, ""8"": 0.07019757921840869, ""9"": 0.03963858368611586}","{""0"": 0.125, ""1"": 0.125, ""2"": 0.125, ""3"": 0.12500000000000003, ""4"": 0.03416166053700573, ""5"": 0.35326685425140614, ""6"": 0.004193605451036836, ""7"": 0.05345979830828906, ""8"": 0.035098789609204345, ""9"": 0.01981929184305793}","[0, 1, 2, 3]",[],1,0,1,1,0.0,328ef842d27806ccdda7d4c2dac1722c0acdc105d2216c504292cca054aa61a4,9af6cd8c0c73685fbdedd73b80adfd47b6ade1916cc7ee1d168d7735b619a516,"[""proposal_created"", ""proposal_committed"", ""v1_challenge_sampled"", ""audit_rejected"", ""recovery_recomputed"", ""recovery_audited"", ""recovery_verified"", ""committed_once""]"
32,trust_v1v2,0,none,0,0,0,0,1,0,,72.42,0.0,0.1,322190452530679592208257428657688534802,ee01f5b83f45f182d31de8e3c27c46e56f6bab4464a8134eb35a9f036ef39c09,1,"{""0"": ""129efed1404dd7986adc21e21e43c0c4cff2f2d24230f9697acbb15a54c54495"", ""1"": ""6c50bed663b67aa9b49c1a5857a91f22916e2bd7c41301d9184447eca0998544"", ""2"": ""a38fe9cdf2205c1d70cd5b1accc3d239b60d36e4186f65ab386f036f140830f9"", ""3"": ""a86fb40ebeb1ed70767e2568f02ed0c2b0c8e6b6aac1263df820e2da8c9f2f98"", ""4"": ""f90a8b368da0c2e16fa3fe27bf015acc611663b4eb053f6bb5b808af0ceeefec"", ""5"": ""3fb91b8f2cdb4a0c94acaed7f3c34797498e89993afc2043dae2eb9b4379bb19"", ""6"": ""ed9810a6d795f44cd6f1f44b2ff6ee792f6d0f171a6f0adcf63d20fd215ae944"", ""7"": ""87af721efbef1340426d41939e82e33d8bc2d43d2a1d72a0e23c79596656ffe8"", ""8"": ""dde86697b9eddd84f052de499b173a9e6a231d6b20bd0ea8421103bcfc321d7e"", ""9"": ""2bc9149684a5c3a04d213cf2c7e78d2e0968d2dae51f725047782b26b017c337""}",,0,0,0,0,0.0,0.0,"{""0"": 3.998892848180201e-18, ""1"": 7.097850483463252e-18, ""2"": 4.5055820862223495e-18, ""3"": 1.045615665542213e-17, ""4"": 0.12983061685381636, ""5"": 0.2119601125508437, ""6"": 0.0751123518684727, ""7"": 0.03207587898497344, ""8"": 0.4135453572942503, ""9"": 0.13747568244764358}","{""0"": 3.998892848180201e-18, ""1"": 7.097850483463252e-18, ""2"": 4.5055820862223495e-18, ""3"": 1.045615665542213e-17, ""4"": 0.12983061685381636, ""5"": 0.2119601125508437, ""6"": 0.0751123518684727, ""7"": 0.03207587898497344, ""8"": 0.4135453572942503, ""9"": 0.13747568244764358}",[],[],1,0,0,0,0.0,9af6cd8c0c73685fbdedd73b80adfd47b6ade1916cc7ee1d168d7735b619a516,69d20e86c083902a88ac2ec7ae0a8bf24ce36a424b24789016d2ec64a15fe7fc,"[""proposal_created"", ""proposal_committed"", ""v1_challenge_sampled"", ""audit_accepted"", ""committed_once""]"
33,trust_v1v2,0,none,0,0,0,0,1,0,,78.88,0.0,0.1,161754398188992005798596779056015027679,693665ba40c98285a6f13765418eff22db45d72c92bbd7c71fe76f317f3b3667,1,"{""0"": ""4b6a23bdb530dbad8e900461a178319cfca322f418638ef98cdfdbd555ac481e"", ""1"": ""822459572ce69f70e2ad662a6e55d8dee5080dda83b7d4a53e2a46ecb7b52300"", ""2"": ""e5b573153f263a850c1840d86eee583c20ef18bf76a61a2e07baca1f32f6f6f1"", ""3"": ""5dbb40b1cb050f6d3e66309229c1f31e9fbcb3d2c4445ade1cd88a70fdd78a0f"", ""4"": ""e9c48c920d966c879ff890d3492c72ee68f5feb14651e52039249734ebfe6b2d"", ""5"": ""3fab7f4174a11dad5ce1c973a0047c8d0a6fb75255999c2e49605addd3026f97"", ""6"": ""14594394bc814952d676123595cf575168e244a202449249ec85ca013985c888"", ""7"": ""98a9125a7b8051bc45d44d2b907acfbe27ab1a6dad01a1287b6704cedc275eb0"", ""8"": ""e5be701d1b6a29fbba178c8d022a856ee6d91e21b6cb750990938a45b2b9f524"", ""9"": ""87d680968f21f8ebd77f1c39fc28afe5f401073af5e7d83c979d5610846244fd""}",,0,0,0,0,0.0,0.0,"{""0"": 1.1996678544540603e-18, ""1"": 2.1293551450389757e-18, ""2"": 1.3516746258667046e-18, ""3"": 3.1368469966266385e-18, ""4"": 0.3889491850561448, ""5"": 0.06358803376525311, ""6"": 0.3725337055605417, ""7"": 0.009622763695492031, ""8"": 0.12406360718827508, ""9"": 0.04124270473429307}","{""0"": 1.1996678544540603e-18, ""1"": 2.1293551450389757e-18, ""2"": 1.3516746258667046e-18, ""3"": 3.1368469966266385e-18, ""4"": 0.3889491850561448, ""5"": 0.06358803376525311, ""6"": 0.3725337055605417, ""7"": 0.009622763695492031, ""8"": 0.12406360718827508, ""9"": 0.04124270473429307}",[],[],1,0,0,0,0.0,69d20e86c083902a88ac2ec7ae0a8bf24ce36a424b24789016d2ec64a15fe7fc,40d48966cbd7aa4f961bc7deee35a78eec8144c84f5797af9e4d108674c72816,"[""proposal_created"", ""proposal_committed"", ""v1_challenge_sampled"", ""audit_accepted"", ""committed_once""]"
34,trust_v1v2,1,A2,0,1,0,1,0,1,V1+V2,77.57,0.5214985349056922,0.1,302797903251705630189276668939892482833,983d05311e8e7faa901a4aed961d7c2a7192ec19590a8cf2aeaa629fbb012abe,1,"{""0"": ""9c66f71c84b1dee6413d28e6bc8a0659f51317dde1706374243fd8bd4adce3c8"", ""1"": ""50312d8daf19e3769c066f7b7de5b7f6f540fba4b4401b51f62417d4b6b7d412"", ""2"": ""5bb77aa6408ff0d2cc1d3aa222ccc516ce631efa081f86dabec126db7d35af07"", ""3"": ""a15a0c674def0afe0e0831413c0c3909cf9da59b85552e51aa375f7311f312e9"", ""4"": ""3ba0525dc5e3780e41f71354f60f5eef01453a052a6d69ad8ed31a4d1280c5d3"", ""5"": ""a03958c5a9f86d93087b2de830732836768c5ff8bdf0f1ee7ac2a52e6d67080b"", ""6"": ""9260e2602b7dbf63179e28f23c41c9f240d974a09f6bfc0ee1a0f98e6f0080e2"", ""7"": ""5086f2a51a80d5e80b787c4c4c2e62a39ce7b524ba61a515bcca25f62ce43950"", ""8"": ""3e0f5ebe3693859dfec39c8927df127a96bf49c6959581ad571e74605ddb6ebb"", ""9"": ""c7ac29576d4c50c64a9d4b3704c434d73c43f2f2fea428503978dbcc8db63e4c""}",7f1b04473915ae177c83ae0a7a83a03968bf6aa7a818b83713e2f3959ad8b098,1,1,1,0,3.033843417616913,0.0,"{""0"": 3.599003563362182e-19, ""1"": 6.38806543511693e-19, ""2"": 4.055023877600115e-19, ""3"": 9.410540989879919e-19, ""4"": 0.11668475551684347, ""5"": 0.01907641012957594, ""6"": 0.8117601116681626, ""7"": 0.0028868291086476105, ""8"": 0.037219082156482536, ""9"": 0.012372811420287923}","{""0"": 0.12499999999999997, ""1"": 0.12499999999999997, ""2"": 0.12499999999999997, ""3"": 0.12499999999999997, ""4"": 0.05834237775842172, ""5"": 0.009538205064787968, ""6"": 0.4058800558340812, ""7"": 0.001443414554323805, ""8"": 0.018609541078241264, ""9"": 0.00618640571014396}","[0, 1, 2, 3]",[],1,0,1,1,0.0,40d48966cbd7aa4f961bc7deee35a78eec8144c84f5797af9e4d108674c72816,e0a02eca10e11d7152cf49387a66f1d11e8fa6742a258c00ce4141b65dc19fd3,"[""proposal_created"", ""proposal_committed"", ""v1_challenge_sampled"", ""audit_rejected"", ""recovery_recomputed"", ""recovery_audited"", ""recovery_verified"", ""committed_once""]"
35,trust_v1v2,0,none,0,0,0,0,1,0,,80.61,0.0,0.1,239707365386039646412859643906017719678,ab114f4dcce25869380220d44af6767588ce6c8fed49cb27882a11d2e2dc5634,1,"{""0"": ""d1aa430e4193a110e8b62b232fdf07dfffd09a27904d6e124eae035089b65a92"", ""1"": ""f0edd6b25e473906ec419b6960905a2d13bd98579a3120583feb4cc58d05b326"", ""2"": ""e412090b2297ab8fbc4ea16a577787d094dbd82a41fa0db5b514e5cd8ea22aac"", ""3"": ""51528c9b58185a4644e4c98c3c53de9f868120ecd4435f4b2d6dc2df50167750"", ""4"": ""642c59cadaaa255c42afc177299f62a3f691786e3c687beab448055458f090bf"", ""5"": ""b86ec516cb534aba9d0fb645e01447aa0cfe7bd192d6c4da78f3d1ad0f135774"", ""6"": ""8e978bd61cfae3ea3df787a497f07f2655f5671783e46b7036d6baa6816282d4"", ""7"": ""068460af840c25eaa62cc048367d317e12dc193db977e2706ad671df61b53bcc"", ""8"": ""29b2aeaea64f281b98529dafd8b8e56bfe8c2675f6f6974fdb4c064b7885ce0e"", ""9"": ""0cfd0200103b55c7361a4fd8808a4277f929817d0dc13496f66269f6a533ff6a""}",,0,0,0,0,0.0,0.0,"{""0"": 1.0797010690086547e-19, ""1"": 1.916419630535079e-19, ""2"": 1.2165071632800347e-19, ""3"": 2.823162296963976e-19, ""4"": 0.12887209841081226, ""5"": 0.07731266348820628, ""6"": 0.24352803350044883, ""7"": 0.17904724466423, ""8"": 0.1893469205785805, ""9"": 0.1818930393577221}","{""0"": 1.0797010690086547e-19, ""1"": 1.916419630535079e-19, ""2"": 1.2165071632800347e-19, ""3"": 2.823162296963976e-19, ""4"": 0.12887209841081226, ""5"": 0.07731266348820628, ""6"": 0.24352803350044883, ""7"": 0.17904724466423, ""8"": 0.1893469205785805, ""9"": 0.1818930393577221}",[],[],1,0,0,0,0.0,e0a02eca10e11d7152cf49387a66f1d11e8fa6742a258c00ce4141b65dc19fd3,3e47a9048e26eb1218f98a4360c0376a42907722a290a7474daea3b13a196eb3,"[""proposal_created"", ""proposal_committed"", ""v1_challenge_sampled"", ""audit_accepted"", ""committed_once""]"
36,trust_v1v2,1,A2,0,1,0,1,0,1,V1+V2,79.44,1.3144496202241283,0.1,90677177166257702269095623301375371377,713fc76bd5c2ae8eb9477793ac08e732cfad150379724c961c2e8c3078805aba,1,"{""0"": ""0669bc6de38378b7f2d79248ddc37d40cf0e185166178c3ebf8cacfe821f5428"", ""1"": ""e33d62750f5fff78cb5c5dd6354241afe1e0ce5b83383034ffc72609280e2734"", ""2"": ""1e054d09c68c761074d4c7a045854907e1a1c72a89db3c7dc5662bcd18fc7af3"", ""3"": ""c2b88cb4ec50545ae4327f2e5f56cf7ac3914f319bf7cd36533685dad72009aa"", ""4"": ""c4b234e0afbc8cdd1bd8104b40634c5ccf89912f3a3fb7767cbd5a0379a2b2c9"", ""5"": ""4540466b350faf55586be7cd461d1d828dc5db1ac73568169652acf332fee2f7"", ""6"": ""303ecbd2b629c2a05ce5ee9cc7fd3368d6a3d4795fc55117e56dda1bb118c29c"", ""7"": ""222913ed528afca2c25de21086efcf9ead35cfcbf7f8f4da1f07d02fae5304e2"", ""8"": ""10b76bae0d589f6a73d4514612b9aaa94d2e53e4aac4944985a23d24e4b31c92"", ""9"": ""d95d1b49419fe9b9acd8371c70bab28e9f4c8bc69ab0c78f1b617deb2e7cc457""}",cd75920e62c6555a2a7f0a844079189914a439deabb0248a8ece76afdb96ecd1,1,1,1,0,1.2736568393028547,0.0,"{""0"": 0.06999999999999999, ""1"": 0.06999999999999999, ""2"": 0.06999999999999999, ""3"": 0.06999999999999999, ""4"": 0.10866162952324367, ""5"": 0.09319379904646188, ""6"": 0.14305841005013464, ""7"": 0.12371417339926899, ""8"": 0.12680407617357414, ""9"": 0.12456791180731662}","{""0"": 0.16, ""1"": 0.16, ""2"": 0.16, ""3"": 0.16, ""4"": 0.05433081476162183, ""5"": 0.04659689952323094, ""6"": 0.07152920502506732, ""7"": 0.061857086699634495, ""8"": 0.06340203808678707, ""9"": 0.06228395590365831}","[0, 1, 2, 3]",[],1,0,1,1,0.0,3e47a9048e26eb1218f98a4360c0376a42907722a290a7474daea3b13a196eb3,93fad81ecd9b30155d42fd6777f97bda69439f6ad9f587566af24d907095abef,"[""proposal_created"", ""proposal_committed"", ""v1_challenge_sampled"", ""audit_rejected"", ""recovery_recomputed"", ""recovery_audited"", ""recovery_verified"", ""committed_once""]"
37,trust_v1v2,1,A2,0,1,0,1,0,1,V1+V2,78.08,2.0459283442241376,0.1,211446175924798682763482742381738302451,c46c62783394576c6330169470c8d7f895a2b40f8dbeb6e51d134b4dea9748b1,1,"{""0"": ""231b181d0a20e86edb67a4b1c262893689f3f9018f7740c5cf01084d32a3ba4c"", ""1"": ""bcfd782aebbb8578439097785d001ab3ba99b7b5c0a666f134447cc4fa642281"", ""2"": ""6adc2cb4b706af2a0cf69f5f6e6c992dbcef2fb9c467e48183e5ebcf6710f6be"", ""3"": ""e492072d8c8910014bae24d20387dcaec2bb3bc0dc6761394ffdb979b8ea284a"", ""4"": ""eb6a0b35b6fe022829591d1229fa4e90fae0f76761d504fc1ee5d605b07177d6"", ""5"": ""691a5112aa32dd9c60c4fa54728748d86e54b4226fecf5202869ad79ac303d45"", ""6"": ""aba991ab93b45370fe6350a64a8e5090a7e382ac45fdac01626a7b36919ce1d0"", ""7"": ""8aff70abf962faf45cb2c7c94bc7b2ba1505edf3ee8db5950f712cd80d26a1b0"", ""8"": ""cb044b3ae8fca2ab25297ccbe8c08f158edf12ed05e00f16d993023627291986"", ""9"": ""d4abbdc863a07a5ecb6c9529aa1845255a704c1e43016c1f9eaa855d0e41e359""}",bcf7d42ca33eea8eeb1bc1af033e1872aaab2dae1d23888ff8dd13c8cddf09d6,1,1,1,0,3.2710790079431527,0.0,"{""0"": 0.021, ""1"": 0.021, ""2"": 0.021, ""3"": 0.021, ""4"": 0.037954299361200206, ""5"": 0.05290444853176608, ""6"": 0.045117161404651586, ""7"": 0.4586472367840876, ""8"": 0.038041222852072246, ""9"": 0.2833356310662223}","{""0"": 0.1355, ""1"": 0.1355, ""2"": 0.1355, ""3"": 0.1355, ""4"": 0.018977149680600103, ""5"": 0.02645222426588304, ""6"": 0.022558580702325793, ""7"": 0.2293236183920438, ""8"": 0.019020611426036123, ""9"": 0.14166781553311114}","[0, 1, 2, 3]",[],1,0,1,1,0.0,93fad81ecd9b30155d42fd6777f97bda69439f6ad9f587566af24d907095abef,1281cf32a129e258ad97f80c82cf0647849c713eeeaf34396f7f6fe2d53cd9a1,"[""proposal_created"", ""proposal_committed"", ""v1_challenge_sampled"", ""audit_rejected"", ""recovery_recomputed"", ""recovery_audited"", ""recovery_verified"", ""committed_once""]"
38,trust_v1v2,1,A2,0,1,0,1,0,1,V1+V2,67.11,20.884972348727672,0.1,96250147873208670452377512548967051808,8f990651cd51554643e831be30391f6db6d64426d41254fef9d89eefda069fb6,1,"{""0"": ""2bfca528c5210bafc35e1babcba5890b2f5cf45dfee8e91d89fc69cd48970427"", ""1"": ""98e8bd5dd765ee8273e2e4af553f9fe3ffc10d1d3e67c655acc5e2ed0e80c617"", ""2"": ""c883196fd93ae8717fd528683d9e5490b76802cab6d3e667f26ac65ac5bf220c"", ""3"": ""ea0c769f50fd7ba8501651e6b5176b459fbcd436573d1b170fd779ffa5a05ff3"", ""4"": ""d3dc3fd050e212c8353e9356de566daa6e284e1e84164f88d84899e66a8f2548"", ""5"": ""7ce134d49b1b39f4b3f5482804507dc09534a6b5991925074a6d985090479e7e"", ""6"": ""7f39586a0a8468aff9ab0eea3fd9c7da650ae5c8f5c627a00e070138b1f8f48c"", ""7"": ""309733e822e8e11521528621be0a587ec5c52220ee7a844e6b474e931227203d"", ""8"": ""a55b2bf64da35cec6f9dd9c269831e4ebb8fed6b0632da8a6c4a627e8b6eb298"", ""9"": ""4b2714cae9786ec0b921eea3ab556050b30d8054a3f63324b0786a5932207018""}",1bf5fc85f6d8cd61f4097361f547da21e782d057244d0fd81d2df52a7d47691b,1,1,1,0,3.3648536301869814,0.0,"{""0"": 0.006300000000000001, ""1"": 0.006300000000000001, ""2"": 0.006300000000000001, ""3"": 0.006300000000000001, ""4"": 0.011386289808360064, ""5"": 0.03154015236421799, ""6"": 0.013535148421395478, ""7"": 0.8164240609163589, ""8"": 0.011412366855621676, ""9"": 0.09050198163404605}","{""0"": 0.12815, ""1"": 0.12815, ""2"": 0.12815, ""3"": 0.12815, ""4"": 0.005693144904180031, ""5"": 0.015770076182108992, ""6"": 0.006767574210697737, ""7"": 0.40821203045817933, ""8"": 0.005706183427810837, ""9"": 0.04525099081702302}","[0, 1, 2, 3]",[],1,0,1,1,0.0,1281cf32a129e258ad97f80c82cf0647849c713eeeaf34396f7f6fe2d53cd9a1,d2cd16aeaa86418c1f271df5f152ea0a70ec4940dfc32aae981e8744f1fdba78,"[""proposal_created"", ""proposal_committed"", ""v1_challenge_sampled"", ""audit_rejected"", ""recovery_recomputed"", ""recovery_audited"", ""recovery_verified"", ""committed_once""]"
39,trust_v1v2,0,none,0,0,0,0,1,0,,78.55,0.0,0.1,36210877184245991330735734787483541206,a4b76b3bf57eb7d620d78fd65ef5018e225c6312f7945119e6f17cbaae7f7480,1,"{""0"": ""5cf171c0d09d405070039894506accd1483fe4a4d698a178fa004c399cbf301b"", ""1"": ""51c9e0b3c0ff6b9641bf9f68f35f00cc2b90221a002cab8c19be581139449541"", ""2"": ""81760828057dbe6d41a5f63792e646b67d5ebf434a854293d8d85a57f1dbcbbe"", ""3"": ""4be329d55d3bf7024570fdad990e602a019512c41fba80995eb5718da6713e1d"", ""4"": ""b8fa04b94bb0b50741076779286ed1f3ae34b683464d1c0ac32a6011f826aa33"", ""5"": ""36e0eb21886f2bc5c2950315c16196db1485ceafc0f46b8ec67539e5686c022b"", ""6"": ""8169dfce61554d6b3f4cb7fe7a316c466e07ff13457a1030babe8ecfec29b58a"", ""7"": ""942df7621afd21721142730b36efce9e5c8fca2923e69b4ef84a1caebd44cbca"", ""8"": ""4409546446dd730e24e096d027d8c6ba9a14485983f9db4fea90f9eb1d3b4f92"", ""9"": ""d88b5e6ab36f065dd53603e79eae3a5375d9591b7fd8bf846b360feac5a66065""}",,0,0,0,0,0.0,0.0,"{""0"": 0.0018900000000000002, ""1"": 0.0018900000000000002, ""2"": 0.0018900000000000002, ""3"": 0.0018900000000000002, ""4"": 0.2367492202758413, ""5"": 0.009462045709265397, ""6"": 0.004060544526418643, ""7"": 0.24492721827490765, ""8"": 0.2367570433900198, ""9"": 0.2604839278235471}","{""0"": 0.0018900000000000002, ""1"": 0.0018900000000000002, ""2"": 0.0018900000000000002, ""3"": 0.0018900000000000002, ""4"": 0.2367492202758413, ""5"": 0.009462045709265397, ""6"": 0.004060544526418643, ""7"": 0.24492721827490765, ""8"": 0.2367570433900198, ""9"": 0.2604839278235471}",[],[],1,0,0,0,0.0,d2cd16aeaa86418c1f271df5f152ea0a70ec4940dfc32aae981e8744f1fdba78,faccfe6a373434c1a2d85b9d3e99983e911a63b19eef6ba5f525476653b32eac,"[""proposal_created"", ""proposal_committed"", ""v1_challenge_sampled"", ""audit_accepted"", ""committed_once""]"
40,trust_v1v2,1,A1,1,0,1,0,0,1,V1+V2,79.64,0.0,0.1,200875024965673175276965761032779303446,29beb923ce2689b41421d1e3de40ec4fdb89ca521ba0e8a93593da4955b29f88,1,"{""0"": ""5851332079a1cd591de59a8f4f8593337dc8288a6266ff4f0980a689836301f3"", ""1"": ""8c01ba3de9f9c61ca606c09b4a784317452f4de6d906c1b92e944aa7513b1ec9"", ""2"": ""7cde62c02f233bdb09a08f656ccb01e042b3f2bf678d4adef20689447344f53d"", ""3"": ""9bd482819bc18e4c3ecd9fb8dc997fb37bf090f8b7fd28e03c1d18cb60f61545"", ""4"": ""1b4d9c413a10a2552a79f894e9ce9bb84b905d12b15e09596b6367c7ae2838da"", ""5"": ""99f1a2175c38ecd475297060e4db1f32390f9bfbbe4f01a7ee81b2f5555d5d9d"", ""6"": ""214ca92e9c5cad345d8e9e4bfb53718fb83f403e85231cdcde50371c4662b89a"", ""7"": ""fba57a6ac66ea5e8a7ec07de5b18829502bde0e35343f2ffd2e51c7072bfb31e"", ""8"": ""634824bbf795cb813e66cb07e6fcf387adc572f89b4f6dda2883db7ff2710ffd"", ""9"": ""9fb598703e4191735473d9e45515c8dd677190667965240d3049bd355a78d7e2""}",38d86251b36b429d53ebbf593571e88c1a1f3558b2f639cc1c2a5b12e834d9a5,1,1,1,0,3.929514156726549,0.0,"{""0"": 0.75, ""1"": 0.75, ""2"": 0.75, ""3"": 0.75, ""4"": 0.0710247660827524, ""5"": 0.0028386137127796194, ""6"": 0.7012181633579255, ""7"": 0.07347816548247231, ""8"": 0.07102711301700596, ""9"": 0.07814517834706415}","{""0"": 0.18760637281338519, ""1"": 0.18760637281338519, ""2"": 0.18760637281338519, ""3"": 0.18760637281338519, ""4"": 0.017766264992939096, ""5"": 0.0007100560299638944, ""6"": 0.17540399490459227, ""7"": 0.01837996280953108, ""8"": 0.01776685205936915, ""9"": 0.019547377950063723}","[0, 1, 2, 3]",[],1,0,1,1,0.0,faccfe6a373434c1a2d85b9d3e99983e911a63b19eef6ba5f525476653b32eac,c7fa2eab45cd2974f233d12ca08bb923e024b43e23a844270ad572121bf1b747,"[""proposal_created"", ""proposal_committed"", ""v1_challenge_sampled"", ""audit_rejected"", ""recovery_recomputed"", ""recovery_audited"", ""recovery_verified"", ""committed_once""]"
41,trust_v1v2,1,A2,0,1,0,1,0,1,V1+V2,70.52,2.615413649453606,0.1,146526818842004482993986833588939349715,3b99c55f839723872717bbd91bc4b815bfd9876ee368e3f0b5b9345b5a09308d,1,"{""0"": ""ee0205eaf2dd64d8d2a42fee9745de257451df99d859eefaf0c3f6e63a8db08d"", ""1"": ""26454d9fa1d48f8b8817c2657ed93982e542fcfaa4580c8e2c7015bd7c006ac2"", ""2"": ""c98e53a3614523ae1bbf3940fa3a2de6a247b92e8cf90ff10a211dd77c2a35e5"", ""3"": ""48ea9a95d9cb202e5c0f74544b675db9d39e134c43e85f5fcd176da5cb94f820"", ""4"": ""e07c832dda53fed528abf15ddee195d26ec28837c5d59334194124d1eff5f006"", ""5"": ""7786c55df43054dfab7c22d20404f2fb4c121792ae53e252dee4fe770153dfc3"", ""6"": ""21423345269810bc662f09a8e3a6bcfa1062aaff95dfc89e3ec508d62bd2557f"", ""7"": ""ec939742b5eaeb3d6f6fe2f8a8bc77b850c5ecd508bf3b59e01024f9c0909f44"", ""8"": ""666e94cfdee3e09278cea3357227200fa7408019df5be516bcb863957a760645"", ""9"": ""516ba32912018aa2810ed69aba7c6851f33fe34c64821dddca6c675caf2ada61""}",8c67977b65057d7f9a644170dc5b5ec721365c067fd624e829dfbd140417e4d8,1,1,1,0,2.299640731488907,0.0,"{""0"": 0.0001701000000000001, ""1"": 0.0001701000000000001, ""2"": 0.0001701000000000001, ""3"": 0.0001701000000000001, ""4"": 0.021307429824825728, ""5"": 0.0008515841138338861, ""6"": 0.21036544900737772, ""7"": 0.0220434496447417, ""8"": 0.7213081339051018, ""9"": 0.023443553504119252}","{""0"": 0.12508505, ""1"": 0.12508505, ""2"": 0.12508505, ""3"": 0.12508505, ""4"": 0.010653714912412864, ""5"": 0.00042579205691694303, ""6"": 0.10518272450368886, ""7"": 0.01102172482237085, ""8"": 0.3606540669525509, ""9"": 0.011721776752059626}","[0, 1, 2, 3]",[],1,0,1,1,0.0,c7fa2eab45cd2974f233d12ca08bb923e024b43e23a844270ad572121bf1b747,637ae5666f94df0d46d174b8f03ed33a4f4edd613269e3f8ae93f6ed7d2fde4a,"[""proposal_created"", ""proposal_committed"", ""v1_challenge_sampled"", ""audit_rejected"", ""recovery_recomputed"", ""recovery_audited"", ""recovery_verified"", ""committed_once""]"
42,trust_v1v2,1,A1,1,0,0,0,0,1,V1,79.81,0.0,0.1,25245903924504482108916696775614726829,6a1a046e97a70d2bef2f63d50baf546babe06850127c3387f2a104a403adfa3e,1,"{""0"": ""ecf4eeb4ba33fe26b75a3d44d308c4b9252086f277edf0fbe1695313ddda66b1"", ""1"": ""f8dcd6e359dda7bc03148ae74b5062dbd77391a012b353b615fde515e6f4189c"", ""2"": ""fba004c70f77399a17f02ca2f26f84823494ad6f802464c800f124e567b8e8fb"", ""3"": ""a50da09fe5ac134f37ac666b5a52e4444e074782ac0ef633df96350b372f671e"", ""4"": ""201c1a98b2f7df32379bc74a5f04e737fa153448dfe0f6d1f3f9d20d505c5394"", ""5"": ""0d55fe544ecc2e92dfa8c43d987645ac02a4e60848e3b9619ec38dbb2ade7d15"", ""6"": ""6df3fb3f1d123a84974b7d4b86cf6c5ac3c5d97dd0cfdafbe4d16292842188b1"", ""7"": ""be8cfc06a8578a107734bfc25986591a82d209e152d7feeb184e96824050b7f8"", ""8"": ""6abc4bb87c7ee3f34eccaf72861a79352d3df6a67c90e6f247605c2e7341b566"", ""9"": ""ab98722ff74b637f1dc37ba34a9e997dbbcd7aa313b475a266034a2d6cff49a8""}",3a0dc28b7448190d2724dddb2a61eb65dc0c07a0dec1ba36128f5f5841a1f48f,1,1,1,0,4.375691721846447,0.0,"{""0"": 0.75, ""1"": 0.75, ""2"": 0.75, ""3"": 0.75, ""4"": 0.18158743714116574, ""5"": 0.17545068342786818, ""6"": 0.23752401012105923, ""7"": 0.18180824308714053, ""8"": 0.21639244017153053, ""9"": 0.007033066051235775}","{""0"": 0.18750956861328633, ""1"": 0.18750956861328633, ""2"": 0.18750956861328633, ""3"": 0.18750956861328633, ""4"": 0.04539917600524298, ""5"": 0.04386490928328777, ""6"": 0.05938403289746356, ""7"": 0.04545438030881229, ""8"": 0.054100870810320084, ""9"": 0.001758356241727959}","[0, 1, 2, 3]",[],1,0,1,1,0.0,637ae5666f94df0d46d174b8f03ed33a4f4edd613269e3f8ae93f6ed7d2fde4a,bdf9a11af2b5ea6ab3049a825b678d3e7e25d706de768a79dccc2d93699c416f,"[""proposal_created"", ""proposal_committed"", ""v1_challenge_sampled"", ""audit_rejected"", ""recovery_recomputed"", ""recovery_audited"", ""recovery_verified"", ""committed_once""]"
43,trust_v1v2,0,none,0,0,0,0,1,0,,79.95,0.0,0.1,20135271137148074169030870331627658680,f2944823d110a2a17b51915f503e4f2adf928f49f80169fb24cc5517422eef25,1,"{""0"": ""97c7e7aaa084e386cd405ff01bd4c43b5b2553bc03777942823f7826bdada38d"", ""1"": ""6497febcd6edd79243923865fe516b7c8c475a768d9d7a33073b093ce917fbf6"", ""2"": ""00c1388ac73b7c82ec88505a1519202c56020283c6fad9e8e5286b449d5877bb"", ""3"": ""c382c66df20f0a1accd395805d541cb0e28bd6a5763b4ce44a8c6dd2805c5f5b"", ""4"": ""d4e8e3daf55bdb579879adb7ea992067a75c9c5997c49ab3c5492c78e3393abb"", ""5"": ""6661124e5937534ca8b948de88a341ab316898fa63c22c3cce91dcaff0b219e0"", ""6"": ""3cb12e15fccf52d67904c7fc616e3a9678770a461f34bdd1265ec90cbab6a38c"", ""7"": ""8ab258565c98d24231c43532edac70d161a8d8536d5e550dc8e891749662f26f"", ""8"": ""344caf80dfdc0b14612347954a6e28fc2127fb938c5a3bfed7e891c4a43b933e"", ""9"": ""d09d18ec2b1a04c5c71a357ac642d4d8675ea7e3e6c9cb5b5410432fffaab710""}",,0,0,0,0,0.0,0.0,"{""0"": 0.070015309, ""1"": 0.070015309, ""2"": 0.070015309, ""3"": 0.070015309, ""4"": 0.12447623114234971, ""5"": 0.12263520502836045, ""6"": 0.14125720303631775, ""7"": 0.12454247292614215, ""8"": 0.13491773205145915, ""9"": 0.07210991981537072}","{""0"": 0.070015309, ""1"": 0.070015309, ""2"": 0.070015309, ""3"": 0.070015309, ""4"": 0.12447623114234971, ""5"": 0.12263520502836045, ""6"": 0.14125720303631775, ""7"": 0.12454247292614215, ""8"": 0.13491773205145915, ""9"": 0.07210991981537072}",[],[],1,0,0,0,0.0,bdf9a11af2b5ea6ab3049a825b678d3e7e25d706de768a79dccc2d93699c416f,38a751362d229775fead5693ad8b55d0a421a911e0623173bea64a9e518a31fe,"[""proposal_created"", ""proposal_committed"", ""v1_challenge_sampled"", ""audit_accepted"", ""committed_once""]"
44,trust_v1v2,0,none,0,0,0,0,1,0,,72.4,0.0,0.1,315796241968900838953332328655762986951,a8da3de2169b2eb504b0703306f6cd493726b133f56bbf41af6c2a2533f926dc,1,"{""0"": ""92a11096beed1f961edfad3acdfa5ce7cc03278a5e5d0d8ff40557aa8791b1a6"", ""1"": ""d4769f679ab48b55eb3504bbb0f7a6e3a8ab7f1e874007c43fbbd71455b5cb30"", ""2"": ""9a5701d8effbd654089b7d2502c404c148a804088f3e4a703a4908b045e589b3"", ""3"": ""3593f830263be187637dbbae8494d6803e9e7d0057f99e938c3e2ceb4e2c5a1d"", ""4"": ""c5e387c8b3f44c299d38ebe03d94927c4049f5c03a02a85f96914dfb581e9403"", ""5"": ""bc6273cd1c27d64176b38aa0b05f1ec2ba4b23e017b80ec84a1a5d2f8aeb859d"", ""6"": ""b2fc62e033f9c2fcdde73e5c7ea0f85d4ed7ea656b196fa30cb28d62c1054779"", ""7"": ""cfab8f19a35b8e386ded1f332835231004f55ed15eb9de91a26c032d2a2cd26a"", ""8"": ""a642074cef078715cf5b6e65c7088de84dd1d43bba7648d78fec74c25836da39"", ""9"": ""073e1b596070c3e7c24fd55728647dd5883f661f489d8f235b6a982c53a7b465""}",,0,0,0,0,0.0,0.0,"{""0"": 0.0910045927, ""1"": 0.0910045927, ""2"": 0.0910045927, ""3"": 0.0910045927, ""4"": 0.1073428693427049, ""5"": 0.10679056150850812, ""6"": 0.11237716091089531, ""7"": 0.10736274187784263, ""8"": 0.11047531961543773, ""9"": 0.09163297594461121}","{""0"": 0.0910045927, ""1"": 0.0910045927, ""2"": 0.0910045927, ""3"": 0.0910045927, ""4"": 0.1073428693427049, ""5"": 0.10679056150850812, ""6"": 0.11237716091089531, ""7"": 0.10736274187784263, ""8"": 0.11047531961543773, ""9"": 0.09163297594461121}",[],[],1,0,0,0,0.0,38a751362d229775fead5693ad8b55d0a421a911e0623173bea64a9e518a31fe,e31eb79b86cebf92660ab413d8858955bfd94ea323b4b8f97cf97d489a3a0137,"[""proposal_created"", ""proposal_committed"", ""v1_challenge_sampled"", ""audit_accepted"", ""committed_once""]"
45,trust_v1v2,1,A2,0,1,0,1,0,1,V1+V2,80.4,1.1726480248020303,0.1,264828157919522618141102193958247686350,9804f6de1f4eb0a606aabf2a664c02e0a94738103361c9f9cd94a4b48e32b95a,1,"{""0"": ""306edca70975060ff5bf2413fbbffa481847215cfd559a179be0d8ef7d058bcf"", ""1"": ""33d39b31d2bc0e920562735b0569fa874971fed4ba62fd5aa8f37f1a435626a9"", ""2"": ""a16a92c31b41c23092deca043dc6766c6569d031cdcf8b35f16016280a522a95"", ""3"": ""f1c4b5a337e739c84052bfe4087708591158c7ff4d1964e0de97e3b425b6ce51"", ""4"": ""f8206f673b6b764b3308c799267ac224162677460213bd552231d2052d76c8ff"", ""5"": ""4edec00ccde3c5d11cc4ce4767e9b123e81a90a2ec4956d9d5a51458331ff807"", ""6"": ""315fc570a2ac5f1e4a2c95665fc44007d619f59c596e0c9807c767e6a18ebda0"", ""7"": ""26c43ec5bdeb3c0b8925997cd85cc21789d786b09b3d56c1220c8b1b731484fe"", ""8"": ""722aaec9e65f74d21d17afd6826bb446e58d9f36bd57e50c7773d89db04a8d9c"", ""9"": ""5e2d2ce65e360c1571f1fe657306e51ab5ac53928b5677de237aefefdbbfd83c""}",1f1a77923b7ac3948d4850ae67ea699e35643bf40896b9cc2f29203987829170,1,1,1,0,1.9992369843009699,0.0,"{""0"": 0.027301377810000003, ""1"": 0.027301377810000003, ""2"": 0.027301377810000003, ""3"": 0.027301377810000003, ""4"": 0.18513058792043005, ""5"": 0.11588957714259196, ""6"": 0.1584847658022805, ""7"": 0.19020957720705, ""8"": 0.05558933326056689, ""9"": 0.18549064742708057}","{""0"": 0.138650688905, ""1"": 0.138650688905, ""2"": 0.138650688905, ""3"": 0.138650688905, ""4"": 0.09256529396021503, ""5"": 0.05794478857129598, ""6"": 0.07924238290114025, ""7"": 0.095104788603525, ""8"": 0.027794666630283446, ""9"": 0.09274532371354029}","[0, 1, 2, 3]",[],1,0,1,1,0.0,e31eb79b86cebf92660ab413d8858955bfd94ea323b4b8f97cf97d489a3a0137,bca0e3b2103da3fcc8ba6e081cc2ffff23650a5ba8d048bba346f46b420f49f0,"[""proposal_created"", ""proposal_committed"", ""v1_challenge_sampled"", ""audit_rejected"", ""recovery_recomputed"", ""recovery_audited"", ""recovery_verified"", ""committed_once""]"
46,trust_v1v2,1,A2,0,1,0,1,0,1,V1+V2,79.98,3372.443903541813,0.1,333139514543415075641540251595833544249,d1e8ee99be9a92ea81f6b2d8464a223c97bf78d368bc7bd9b02fc3e55c7fb10b,1,"{""0"": ""07e9e7d0804cbca8eede31dad143e1a4d0d6a43345145310e7f47af4a1cf29bd"", ""1"": ""601dabfa1d5c0a1e878204e2dc16bd0dea8497931b8c0673ce22ebbc57a99e7c"", ""2"": ""7ce67955a93758daeee77ea89fa8fe2133a8d6d73d636c15ab8a33940d7aa1ca"", ""3"": ""b33da28d8309b324155e0423ff679a2b6bb92b120c5e573de1d52ef50341baf4"", ""4"": ""b67e4c9accea0da6bfea79799d530a79aa05f5634c12ae3f968935fe0face07c"", ""5"": ""898d7f47bd2a37a2e0c37101a8d230043d9bec9c8304fb37ac77bf6d94318a02"", ""6"": ""9c27fb8f61f79da35daa4ba62c9d09a8875686d13a24c2ea83170f902a453161"", ""7"": ""f118215d5cb0c8f438f069dff9d0ed444b68b2d597955b22a1a9eb4f9a43d8ba"", ""8"": ""0755bb869fe2bdeef2ee471e6722831d6ca40976a3563d2e64cd84cf096b3165"", ""9"": ""283128bc46ecf97f103e7536e0e84aa7c6e09c404e1ad7c90266f9f645fa8f43""}",e671e2ac358250ce49445fecfd6016489ccfe8fa6931bf9d44cf10bd5fafb708,1,1,1,0,3.7499659448213594,0.0,"{""0"": 0.008190413343000002, ""1"": 0.008190413343000002, ""2"": 0.008190413343000002, ""3"": 0.008190413343000002, ""4"": 0.23272414893961446, ""5"": 0.06760044872762977, ""6"": 0.22473040230416957, ""7"": 0.19267437988680655, ""8"": 0.016676799978170072, ""9"": 0.23283216679160962}","{""0"": 0.1290952066715, ""1"": 0.1290952066715, ""2"": 0.1290952066715, ""3"": 0.1290952066715, ""4"": 0.11636207446980723, ""5"": 0.033800224363814885, ""6"": 0.11236520115208479, ""7"": 0.09633718994340328, ""8"": 0.008338399989085036, ""9"": 0.11641608339580481}","[0, 1, 2, 3]",[],1,0,1,1,0.0,bca0e3b2103da3fcc8ba6e081cc2ffff23650a5ba8d048bba346f46b420f49f0,843aab17ad4a95677672a31387d8ab9052022b2df96fdddecf72b2c52d954216,"[""proposal_created"", ""proposal_committed"", ""v1_challenge_sampled"", ""audit_rejected"", ""recovery_recomputed"", ""recovery_audited"", ""recovery_verified"", ""committed_once""]"
47,trust_v1v2,1,A1,1,0,1,0,0,1,V1+V2,78.32,0.0,0.1,13896976030186865919113544386592314373,cb79a0d647a09727b80899924960abef317c9a21de56cbcbf088835f22f5c307,1,"{""0"": ""1a5dee46dc32beab1a4f2c0d794b06f8f6e4cf3be6c0007c59421041b9af0035"", ""1"": ""fba91ab3e241f7d615e95eedde258610372c4adb7f6b7cd453391345372f16f9"", ""2"": ""fbdd657f1ddf40e90dc82619eb4506696990d3e35eacaf6a2804cad2e08d3db7"", ""3"": ""90b116e7a9ebab0db1b1110e141b75c4e432507a93c905aa4da5df9fbc2423f6"", ""4"": ""991a25e5c7d3708e7dcb90f474f961708b09437d220ca19928862df72bff5eb0"", ""5"": ""8ca3df025325be88d4432767bc50ca9563a0aeea56057a8c7a8ca561f3d90713"", ""6"": ""5bb1bf80f915e636bba1f525bb8faf63bd03700d08d6ac5e6bacadc910fe1853"", ""7"": ""7cf09eedd3bda779637f60211a3f637b1c0f48c9bcd7c488def68f6a992c9c2d"", ""8"": ""f6631a22192b0afa8cfdb95ac734cb0aff93123c8772bed448ff874352f19e4d"", ""9"": ""0fcb625c26303334fd5f189633b39c7570947455ad004092ec5d226975f3b290""}",f2feabcfe3693e11ebdb6a1df2c11415b887ba9b25decdb7bb615852be57573d,1,1,1,0,1.968144945858671,0.0,"{""0"": 0.75, ""1"": 0.75, ""2"": 0.75, ""3"": 0.75, ""4"": 0.13981724468188433, ""5"": 0.09028013461828892, ""6"": 0.13741912069125087, ""7"": 0.12780231396604194, ""8"": 0.07500303999345101, ""9"": 0.13984965003748287}","{""0"": 0.2021469894838438, ""1"": 0.2021469894838438, ""2"": 0.2021469894838438, ""3"": 0.2021469894838438, ""4"": 0.03768484678715852, ""5"": 0.024333143231044338, ""6"": 0.0370384820603378, ""7"": 0.03444647068973918, ""8"": 0.020215518315749942, ""9"": 0.03769358098059505}","[0, 1, 2, 3]",[],1,0,1,1,0.0,843aab17ad4a95677672a31387d8ab9052022b2df96fdddecf72b2c52d954216,02a2e3b900c021b94a58d29e4dee971411a880c763b67eb12b5ac920f8d015d9,"[""proposal_created"", ""proposal_committed"", ""v1_challenge_sampled"", ""audit_rejected"", ""recovery_recomputed"", ""recovery_audited"", ""recovery_verified"", ""committed_once""]"
48,trust_v1v2,1,A1,1,0,0,0,0,1,V1,77.33,0.0,0.1,174333364892174443057155261708886374124,3a1dafa891657b57c2894e680024840f246f4d95688112f1493d4d90981c0229,1,"{""0"": ""325271452fbf5811ec08d0fa76fef93ee3de3b10630e6f86bb6b4d0d7f1b458b"", ""1"": ""5d78ff8b46a6b86b18863664c04b07c62caffa1d9adadab07927c4f54762ac25"", ""2"": ""76c470540cdb7be5868b97f3933ac5e5e8a8efdc79774f1b78f637a61e3f6b5c"", ""3"": ""fc0469fb6d2494893da16df688f5128cc509de5599d6fb5eecc4c20ed0d7e88a"", ""4"": ""b1fd3e871588557f436a044f72acda9ca06f1a3f3f57a31b22169bd3bdad5c88"", ""5"": ""175a2f0fc43e7b2c103fdcc2063007c6936a9bd495e3a75dbf9fa011ef583e8d"", ""6"": ""5e635a85b1b8b73cf60e30fd9fb632ca63e37446e5f0ae181bc5142ff4a3d4de"", ""7"": ""d6c1e619e33876976ddb45af67fea735ff59da5f0620ce1cabdcdc4dbd0b46ca"", ""8"": ""a571b55a0b39d844251eb38f4f564ad27141091405f8b94355e132284bd8febf"", ""9"": ""ee69a89478c6a5d6a45786db97171714cebf81ce3af4a19dc68508259101e403""}",a31426999bb47df303a257c350acd5ccbc21f64ecfda2a59571842cdf1de914c,1,1,1,0,3.7448976839234196,0.0,"{""0"": 0.75, ""1"": 0.75, ""2"": 0.75, ""3"": 0.75, ""4"": 0.060460486150616305, ""5"": 0.22452955434695593, ""6"": 0.10212570050195445, ""7"": 0.24533294054991311, ""8"": 0.03165562827573476, ""9"": 0.24894714137134538}","{""0"": 0.19166627614126247, ""1"": 0.19166627614126247, ""2"": 0.19166627614126247, ""3"": 0.19166627614126247, ""4"": 0.015450981645572001, ""5"": 0.057379658087117674, ""6"": 0.02609873695136996, ""7"": 0.06269606817331677, ""8"": 0.008089755187362846, ""9"": 0.06361969539021092}","[0, 1, 2, 3]",[],1,0,1,1,0.0,02a2e3b900c021b94a58d29e4dee971411a880c763b67eb12b5ac920f8d015d9,7735a2ba517d7d974fc3004c3f9314c5867c696db4b27ba8c65175e87ebdb8a5,"[""proposal_created"", ""proposal_committed"", ""v1_challenge_sampled"", ""audit_rejected"", ""recovery_recomputed"", ""recovery_audited"", ""recovery_verified"", ""committed_once""]"
49,trust_v1v2,0,none,0,0,0,0,1,0,,78.54,0.0,0.1,261747877162858886868524494371614397098,f5d4580b137346761304354ad5dc71dbb014d839dbc65fc5cc2f87954ff2d597,1,"{""0"": ""ee209c63de661d29217eb05c7be5ad8e20d60f8d55a670bf649e8115b7cb091a"", ""1"": ""481192599912aac13eb1f8a455d671703dabb0a28178c59610e4165767cf3048"", ""2"": ""2786e814f833c6f11a7352349a23389ed7904fbf3277580ca820755fe7d05400"", ""3"": ""58abc5e80b74f088a61840241b9f42b0e94899766ef9067f744643884c6c03a9"", ""4"": ""e2677cd1d504ffc0ddf9e516e2d7443a2699a3a6375afa0f3afcbc7a645861a7"", ""5"": ""95741f9e69819ce3dc0569414ef40ac40199dacbfee5fef5e3cae6baae274b50"", ""6"": ""951d3d93580963969d588453488b07b51a2d75f27068b9ee018a7cdc7879a567"", ""7"": ""caf5641626e16a082d369a777a5b3290436bbd12aace40a3d88c8ca4028ee008"", ""8"": ""e4fa9d8da77f44686c6538421e36ef302d0ebb73ddc894ddc4639bfb1ead116d"", ""9"": ""2b32795ba033e30bcd7ffecc2b67b10addf8a63ae590e34edda78239e870b164""}",,0,0,0,0,0.0,0.0,"{""0"": 0.006521141160261002, ""1"": 0.006521141160261002, ""2"": 0.006521141160261002, ""3"": 0.006521141160261002, ""4"": 0.02989523921980602, ""5"": 0.12334189909218582, ""6"": 0.21982462892789043, ""7"": 0.262786800942278, ""8"": 0.07419580598808795, ""9"": 0.26387106118870773}","{""0"": 0.006521141160261002, ""1"": 0.006521141160261002, ""2"": 0.006521141160261002, ""3"": 0.006521141160261002, ""4"": 0.02989523921980602, ""5"": 0.12334189909218582, ""6"": 0.21982462892789043, ""7"": 0.262786800942278, ""8"": 0.07419580598808795, ""9"": 0.26387106118870773}",[],[],1,0,0,0,0.0,7735a2ba517d7d974fc3004c3f9314c5867c696db4b27ba8c65175e87ebdb8a5,3c284052e95e1089c8b3a1a40e59b0979a3c15458ea4fb30f59e02b9f7ae0753,"[""proposal_created"", ""proposal_committed"", ""v1_challenge_sampled"", ""audit_accepted"", ""committed_once""]"
50,trust_v1v2,0,none,0,0,0,0,1,0,,78.64,0.0,0.1,120727596415328847705023331248018899849,3125f6c65c8d2c66b4fe74bde1a972fdf3aedfa0f4f73b51aca45ee081894724,1,"{""0"": ""59a68fcabc63cd87b10b73fd411a3c2616dbb3e3ebb027efe35a601dc980a25f"", ""1"": ""e53679babf5fe3a74dad6d1779fac76747047aa91ee7aafc70a38a0078f4fce0"", ""2"": ""2839e532b9514224fdb0bfdfee708eab45ea6ab0781f137d45ffc749f4733c8b"", ""3"": ""daf6f7561df6ec4d5e5ea499b3b1971080e8b474e2827681a133eb20574c059c"", ""4"": ""0f9d09f769d3b3a19af1a79fe22d34d283081408b34e76ca4f5afaed441353e8"", ""5"": ""769b9728ccfce5a3a8be756dd52bd798bb75a06411ac269dd7463be3b96058a4"", ""6"": ""887f898a244e982560d2a02c9a4f4a6a70bea8f54c127a06f344386bac1b4f31"", ""7"": ""988cf6ccaf80351227eb163ed8579dbcba3a69e82cd426a1ab733f6e543b480b"", ""8"": ""b112ce70c168117010dbe257973d59e8e6a26b61c727838a2233815f31eb74a4"", ""9"": ""6aa25b10db5e1bc05e10cf432153a32b8551919a8da9be4b4702414416ed692d""}",,0,0,0,0,0.0,0.0,"{""0"": 0.07195634234807831, ""1"": 0.07195634234807831, ""2"": 0.07195634234807831, ""3"": 0.07195634234807831, ""4"": 0.07896857176594181, ""5"": 0.10700256972765576, ""6"": 0.13594738867836714, ""7"": 0.14883604028268343, ""8"": 0.0922587417964264, ""9"": 0.14916131835661234}","{""0"": 0.07195634234807831, ""1"": 0.07195634234807831, ""2"": 0.07195634234807831, ""3"": 0.07195634234807831, ""4"": 0.07896857176594181, ""5"": 0.10700256972765576, ""6"": 0.13594738867836714, ""7"": 0.14883604028268343, ""8"": 0.0922587417964264, ""9"": 0.14916131835661234}",[],[],1,0,0,0,0.0,3c284052e95e1089c8b3a1a40e59b0979a3c15458ea4fb30f59e02b9f7ae0753,0a81ca16d2662f0e281e47fe6d3fb6700d660131184d26f2caee47670b4a57e3,"[""proposal_created"", ""proposal_committed"", ""v1_challenge_sampled"", ""audit_accepted"", ""committed_once""]"
