round,group,attack_active,attack_type,v1_trust,v1_agg,v2_trust,v2_agg,consensus_passed,healed_applied,heal_source,accuracy,v1_projection_residual,v1_projection_tolerance,v1_challenge_seed,proposal_commitment,proposal_binding_valid,update_hashes,recovery_commitment,recovery_v1_endorsed,recovery_v2_endorsed,recovery_endorsed,skipped,proposal_relative_error,committed_relative_error,published_weights,used_weights,attack_targets,excluded_clients,audit_executed,honest_rejection,recovery_attempted,recovery_consistent,recovery_relative_error,parent_hash,state_hash,events
1,noexecutor,0,none,0,0,0,0,1,0,,37.14,,0.1,,568f7431871e8f164af9ded9813a385c70d053b90e71bf088c049fbe99b93856,1,"{""0"": ""cac9a1eadf119312720122bd21c372e25495973bd33bd1c2a2133830161ab7e6"", ""1"": ""15c3b3ed15c582dbe635a97b76ae37264dfdf9b339fed7e632dc325fd2abf1d1"", ""2"": ""19038fd7d5695cf5217d65c5e73f064951db0541b2bb218d9d57048e57d33a1a"", ""3"": ""b448810e25eff20ca236437549b777cc093cecfb9ffa81d391389e5648f6bb86"", ""4"": ""9b831094ee7ecf1597d18b3b653fd897c6f1c0687f9d9943468e1a4d4cb7f3da"", ""5"": ""aa609fbeaefbe040aa365563853c2db608c8ba0aa9d659acbeefec994c74dac4"", ""6"": ""19a47851ddfa14323ebe260183d661b67db4bfaed6417b7b9bb5b5962e9c7aec"", ""7"": ""21910a7db15bcd366abdd65674e4476364171af03621eb5d54741add1d343b85"", ""8"": ""c72347dbd032a74fdee6d9c11c7cac9eaeb61e096fd7e5e3e87f8ddcb9358abe"", ""9"": ""e10702ccb523218d073c1cadbc3837c4a3945467ed81cd91b617190cbf72f0df""}",,0,0,0,0,0.0,0.0,"{""0"": 0.03000000000000001, ""1"": 0.03000000000000001, ""2"": 0.03000000000000001, ""3"": 0.03000000000000001, ""4"": 0.18743353705673566, ""5"": 0.0841888020306215, ""6"": 0.18743353705673566, ""7"": 0.18743353705673566, ""8"": 0.18743353705673566, ""9"": 0.046077049742436}","{""0"": 0.03000000000000001, ""1"": 0.03000000000000001, ""2"": 0.03000000000000001, ""3"": 0.03000000000000001, ""4"": 0.18743353705673566, ""5"": 0.0841888020306215, ""6"": 0.18743353705673566, ""7"": 0.18743353705673566, ""8"": 0.18743353705673566, ""9"": 0.046077049742436}",[],[],0,0,0,0,0.0,f4ac57617d504e7ba7a633664431ae25cb1f93bbf9ff9678710d7e1c7991f31f,8a491ed8f2e61dbf06191e367c0474424e175e0e07b9352f3b307c114f6d317b,"[""proposal_created"", ""proposal_committed"", ""audit_accepted"", ""committed_once""]"
2,noexecutor,0,none,0,0,0,0,1,0,,59.25,,0.1,,4ab8e5ac0c58208f19773d8db35a21150d1e7bacf414e356e07d4e32f3e253fe,1,"{""0"": ""712e652295f6cf109d6d9d0eb18eb1ad995a2ae33f2317c1c3169531ca373eda"", ""1"": ""0e3c7db16a501a11bbf967acbc813dbd2c8be0b18d93caec8c419d27639852b8"", ""2"": ""7e606fc95a4a4c49aee86392d37bd09ac6df6660b5eced9c688f3d159804217c"", ""3"": ""52fd6430a986c3986ce19ecacee52e8775525a0d6937642ce9b7123bc2ed4a2a"", ""4"": ""935d4ab6f0d332d31c6436a53ea8cdff084b7296b46fc895cafea904a54ec76d"", ""5"": ""abd4708762db8cd0f929946e24785b5837bf8e80aa50f72a544897a4a05f7735"", ""6"": ""626d1bae7e7aecea85343b0d461f7ba336d5af2ee27a6167c9910cfc910424c1"", ""7"": ""6761156c723cc925727a2860a3d37908d6d955caec40b57f6fd117a28fe66ca1"", ""8"": ""a12271944ed8b7a28a808bb9c1fea908d7e5036ba9e06eb9ad841f2b313199dd"", ""9"": ""fdca580873b01b1469f2686f2443965b479c06b1e01a4d6f27f56775681df094""}",,0,0,0,0,0.0,0.0,"{""0"": 0.009000000000000005, ""1"": 0.009000000000000005, ""2"": 0.009000000000000005, ""3"": 0.009000000000000005, ""4"": 0.2456517351989664, ""5"": 0.05884622644053243, ""6"": 0.2456517351989664, ""7"": 0.2456517351989664, ""8"": 0.1280789022557961, ""9"": 0.04011966570677214}","{""0"": 0.009000000000000005, ""1"": 0.009000000000000005, ""2"": 0.009000000000000005, ""3"": 0.009000000000000005, ""4"": 0.2456517351989664, ""5"": 0.05884622644053243, ""6"": 0.2456517351989664, ""7"": 0.2456517351989664, ""8"": 0.1280789022557961, ""9"": 0.04011966570677214}",[],[],0,0,0,0,0.0,8a491ed8f2e61dbf06191e367c0474424e175e0e07b9352f3b307c114f6d317b,de3a5c7f3393009dc5ae84041cf6099dface91f6f1d6d639113129a1ec80c198,"[""proposal_created"", ""proposal_committed"", ""audit_accepted"", ""committed_once""]"
3,noexecutor,0,none,0,0,0,0,1,0,,63.12,,0.1,,ae3959ca01b527734f362a9790ab8e2954f347483e277ecea4cfddb2fff67322,1,"{""0"": ""22e7299ce83fe88ae119c6afbb4d0353f7b289d77d4070816ce31ec519d17a60"", ""1"": ""69acc799d54e5d23cb647b7c5b9216af08bc989756780652ac1b0bfb51909363"", ""2"": ""00b67ba23601c1ab80dd5c3ca592d094f9454d6002c4c92553b08921b913988b"", ""3"": ""0eda136709d82216cf225a13ed3662ad6d7a74b196ac120b6de0e8222656bd8c"", ""4"": ""3d2b874413f242f991700ef8de5bedcaf8c7364ad21b62d7a8df255d8906023f"", ""5"": ""48831219f1e03f3610cc0f1a4fe6c66121ae8867a97539b983376efdfbb59f45"", ""6"": ""8cdb251dba55017a02149787157bc1127eb08d843e1dc9423d9bffd1709a5a3c"", ""7"": ""00c1316ea99c859c2eb440dd68ba94c238784f08ed92848f5af63df28b4c48ca"", ""8"": ""f95198b92f5a49330f356b92eab9f3b184e334ba9c7c33d2d70d81a1767461bd"", ""9"": ""041cc08a6bf3730d4abf83e69139e658c2f6f1db92067c77298015711f5f33f2""}",,0,0,0,0,0.0,0.0,"{""0"": 0.0027000000000000014, ""1"": 0.0027000000000000014, ""2"": 0.0027000000000000014, ""3"": 0.0027000000000000014, ""4"": 0.26141225409910074, ""5"": 0.05334721075122535, ""6"": 0.26141225409910074, ""7"": 0.26141225409910074, ""8"": 0.03842367067673883, ""9"": 0.11319235627473348}","{""0"": 0.0027000000000000014, ""1"": 0.0027000000000000014, ""2"": 0.0027000000000000014, ""3"": 0.0027000000000000014, ""4"": 0.26141225409910074, ""5"": 0.05334721075122535, ""6"": 0.26141225409910074, ""7"": 0.26141225409910074, ""8"": 0.03842367067673883, ""9"": 0.11319235627473348}",[],[],0,0,0,0,0.0,de3a5c7f3393009dc5ae84041cf6099dface91f6f1d6d639113129a1ec80c198,0d4e7d351331a4256f8404139a77b25e6bc6b2c7e831d20212e240fe08715021,"[""proposal_created"", ""proposal_committed"", ""audit_accepted"", ""committed_once""]"
4,noexecutor,0,none,0,0,0,0,1,0,,62.99,,0.1,,2019ecd08802d1f05ebb13edcd800d637cf707dc1ffd2b1dbeb84e37ec580260,1,"{""0"": ""20ccc064dca6f91402e1182a6edcdb5db03c22c7188ee57f8d8a255f7af3ee76"", ""1"": ""fd0b4de94e7181c62ff39bdaecba570c5f3cccac29c2588eb0de604fe66f1888"", ""2"": ""f4e6fb40c8555f4d6602e99009b110640b2fe38f3fc8430466424f521dd28b2f"", ""3"": ""3692673c38a033c49113b32e0ed18699fb92bfaad22286ea6a1c389c7df1c62a"", ""4"": ""271d438bc79339dd41471d760be015f4909fc8e351bc8187dd9bdd139efe3112"", ""5"": ""24f750e48e6f56f92f9bd108b50d27976877fa8cda83100144aef9452cd89d04"", ""6"": ""7a9933a73a0689c8d05274c93b63ccfa6c6a53c299df0e6b224769643b44c791"", ""7"": ""0f897ade899273e19aa0f0ab92d639774dc555c0a4363b8e3ac5d13074338c01"", ""8"": ""781842a7e47b190d9196742df1b892ea5147c5d2e9fc04afe9bf31d0dada8c09"", ""9"": ""4646188fd183475ccef9085bf5a5957c8976f20e3ce2b6bc5d69397bede784fb""}",,0,0,0,0,0.0,0.0,"{""0"": 0.0008100000000000004, ""1"": 0.0008100000000000004, ""2"": 0.0008100000000000004, ""3"": 0.0008100000000000004, ""4"": 0.3204412896397192, ""5"": 0.03657603121168047, ""6"": 0.3204412896397192, ""7"": 0.1817731956115091, ""8"": 0.01152710120302165, ""9"": 0.12600109269435025}","{""0"": 0.0008100000000000004, ""1"": 0.0008100000000000004, ""2"": 0.0008100000000000004, ""3"": 0.0008100000000000004, ""4"": 0.3204412896397192, ""5"": 0.03657603121168047, ""6"": 0.3204412896397192, ""7"": 0.1817731956115091, ""8"": 0.01152710120302165, ""9"": 0.12600109269435025}",[],[],0,0,0,0,0.0,0d4e7d351331a4256f8404139a77b25e6bc6b2c7e831d20212e240fe08715021,ae87f1186af5424e20597b85e6ae3a6424d8ba054aeea681afe420180b5816d9,"[""proposal_created"", ""proposal_committed"", ""audit_accepted"", ""committed_once""]"
5,noexecutor,0,none,0,0,0,0,1,0,,64.88,,0.1,,fcd17aa9f349dc423c9445d1bc82674862ead07e55d61c8e2bf135a35655d25f,1,"{""0"": ""f68688ce18ad6f79aa70812dcfbcf7666d9688a5e4e334d68b82048964e55481"", ""1"": ""8af61db74c78d278f60f6f70d218e2606e4ec7b5d717e169d67ced33959672f9"", ""2"": ""369ca30cba4ac20f2ae4a5362a8cd7a9390c1cc4196f6e58fc0df3df1b483999"", ""3"": ""b38c457d560d0dc89490b16f8e11b3024f7222b05cf8b30a8d1a02de4563fa12"", ""4"": ""199a26704f23217b6f117c740f27b4484757de1dfca6a482ce46dd32c0feec02"", ""5"": ""41c42414574c23ae43f2569e0e1e45463daeb868648f7339a58751b55dc843ad"", ""6"": ""b80f448f9f97ceaca8854cf274087a50ba9369fa85b352965c82b6568640122b"", ""7"": ""0da925233ac75368bb7ff09f45c77179e9326170179e5e3a62bcb477f94f7c5c"", ""8"": ""7b3d0b856672013d74a3ee490212e75482133cd8846b54beeaa634a90771c924"", ""9"": ""26f487da0a3f504239b7ad2afb68de59997969d29d7a392ee7f947aec2a03b26""}",,0,0,0,0,0.0,0.0,"{""0"": 0.00024300000000000021, ""1"": 0.00024300000000000021, ""2"": 0.00024300000000000021, ""3"": 0.00024300000000000021, ""4"": 0.26808446986865614, ""5"": 0.019689795232395366, ""6"": 0.48804577625296647, ""7"": 0.13554187071249615, ""8"": 0.007733099044763669, ""9"": 0.07993298888872231}","{""0"": 0.00024300000000000021, ""1"": 0.00024300000000000021, ""2"": 0.00024300000000000021, ""3"": 0.00024300000000000021, ""4"": 0.26808446986865614, ""5"": 0.019689795232395366, ""6"": 0.48804577625296647, ""7"": 0.13554187071249615, ""8"": 0.007733099044763669, ""9"": 0.07993298888872231}",[],[],0,0,0,0,0.0,ae87f1186af5424e20597b85e6ae3a6424d8ba054aeea681afe420180b5816d9,14227470337695221e8a9447491eae2fe7446010558a29dcc6528b7dc2bbabdf,"[""proposal_created"", ""proposal_committed"", ""audit_accepted"", ""committed_once""]"
6,noexecutor,0,none,0,0,0,0,1,0,,65.63,,0.1,,bf0fbf64a9295a5689c52893ba33892f13292100420df1877e2e8509d0dea157,1,"{""0"": ""cb9764ad77de2876a2d343f4b1540c6b2c6341c926e5446953fd7751b398dda9"", ""1"": ""85cdbd9f428d6368b8b8e934770d7bfdc0c38dac3007aabe6969014d97ba8ce2"", ""2"": ""971c96aba4a3c61d90ede6b823586ccebfba1a0af4009a9d50eedad1820f54a5"", ""3"": ""7bf5125b4e5c6e79c25732573879cde4bf71597ee58fff7cd9219e26a6b1cc97"", ""4"": ""3f9934fbd2e9b4a3dde67d94abbbe4aa49eab6126d81239a68f573c48f520ef7"", ""5"": ""ed2ab07b9dd1c5cb0c1afbc2e4b381d906264486de92106ac1f687895e08db23"", ""6"": ""fbf92555908feb22c86458e310e3fc042cb67ac47a9ea35b3e13d2c7c071e033"", ""7"": ""ae8807447a0156ed0baf0c17d9714f356eb8fe4ce5cb7c2ab6536f077f09fed3"", ""8"": ""cfe636847a1e386b4197a5a1b383119e9df5e415b8cad7ed2832e655b51b8f5a"", ""9"": ""ce0ecd955cdada7d9de5cdf2773e95b710f9880a7e03c86294c86c0ee2297670""}",,0,0,0,0,0.0,0.0,"{""0"": 7.290000000000009e-05, ""1"": 7.290000000000009e-05, ""2"": 7.290000000000009e-05, ""3"": 7.290000000000009e-05, ""4"": 0.22781512330663314, ""5"": 0.005906938569718611, ""6"": 0.6000181176756215, ""7"": 0.09410698528044635, ""8"": 0.003376789973625573, ""9"": 0.06848444519395484}","{""0"": 7.290000000000009e-05, ""1"": 7.290000000000009e-05, ""2"": 7.290000000000009e-05, ""3"": 7.290000000000009e-05, ""4"": 0.22781512330663314, ""5"": 0.005906938569718611, ""6"": 0.6000181176756215, ""7"": 0.09410698528044635, ""8"": 0.003376789973625573, ""9"": 0.06848444519395484}",[],[],0,0,0,0,0.0,14227470337695221e8a9447491eae2fe7446010558a29dcc6528b7dc2bbabdf,2ba7173fc7d7c69fedeafe03e60e9557a4a3e6379642ff630029cf2cb4c43150,"[""proposal_created"", ""proposal_committed"", ""audit_accepted"", ""committed_once""]"
7,noexecutor,0,none,0,0,0,0,1,0,,68.44,,0.1,,d57c12d6b3673dfacc60a1b292a53d3f6b0247d768702a1bb00381ae8ad7e2ed,1,"{""0"": ""1037af49a3676aa00679605ce96bf47f11659da92ad6bae4dd6f2feefed74a0d"", ""1"": ""baca8568f3de89f698057bf2d0f0a44f1502a1e2cb79ba1941376f3aa139d20d"", ""2"": ""501d32b170daa6182e21a17737abf7682a13af4c5554078b63b23698f3dd744e"", ""3"": ""168687b4dfcd8feb67efc0715610d6f155aee0232776eca9c68d20d06ddb9e88"", ""4"": ""dcb6229fd9f135dfd6aa72f48fac1ca3eb81b535f6a6059ac4651f3f04600484"", ""5"": ""97cc84149aed2fe37d57d2882573266a91fd666d678da6d234cf45d12ea62c78"", ""6"": ""80c56f286ad84a7088f5cc18ddd7b72769576a157de84df41d8933ad72188a96"", ""7"": ""e5cb74fdf64fd18fca5c75da145eda98d48bcd5aed60a27c3285e10c530ffb8f"", ""8"": ""13c3e51417ee0cfab79d4983d44f8190bc69a86ad8e4340547317893dca5a14f"", ""9"": ""ed3349b8d6806eca51e12849da84f9f6a40d5da8611951e0e1e2d1ce7ad7b05a""}",,0,0,0,0,0.0,0.0,"{""0"": 2.187000000000003e-05, ""1"": 2.187000000000003e-05, ""2"": 2.187000000000003e-05, ""3"": 2.187000000000003e-05, ""4"": 0.29670810558983624, ""5"": 0.004796468597959549, ""6"": 0.5183083068786508, ""7"": 0.0945889175600945, ""8"": 0.013894409293412851, ""9"": 0.07161631208004604}","{""0"": 2.187000000000003e-05, ""1"": 2.187000000000003e-05, ""2"": 2.187000000000003e-05, ""3"": 2.187000000000003e-05, ""4"": 0.29670810558983624, ""5"": 0.004796468597959549, ""6"": 0.5183083068786508, ""7"": 0.0945889175600945, ""8"": 0.013894409293412851, ""9"": 0.07161631208004604}",[],[],0,0,0,0,0.0,2ba7173fc7d7c69fedeafe03e60e9557a4a3e6379642ff630029cf2cb4c43150,96ac21590b1be7fde1eee0034ff91fc1712bf400e18c88e24fb525826d0fedf5,"[""proposal_created"", ""proposal_committed"", ""audit_accepted"", ""committed_once""]"
8,noexecutor,0,none,0,0,0,0,1,0,,67.83,,0.1,,a75e5e2208419100892e857e0d83326d602695a495e8f95165b48bae3c035fbf,1,"{""0"": ""36a0a2a01fffa09385ccf4b06098735ea5f285d4d11532d6ddd3d5fc1e7764aa"", ""1"": ""8d648837d9c1c4db8d387374948533c389c74c20c86ba5182d854bfbbf064019"", ""2"": ""cb93a523b9c440d07fc7b6e00c8671284d925837d82c9fede2ce7ef10a3aa136"", ""3"": ""cd36fa8394f112996ca70e12dd249485980eadfa66eae93c604ce75978118ccd"", ""4"": ""2263db67b08de5d5d39b71054b002f8108cab1ee111abe9c8ab5b023ee88e4cc"", ""5"": ""4e9ed40e4a0432899ca42a1cee236a13cea7403343d7d658db9460d15de7be94"", ""6"": ""4c3b78546ce1ccfbeda0ed27ddfa5ca4dae9374654bd738b42f7dc499ca784a9"", ""7"": ""a1ac022c3795e90de3086b637841e33b53dc7b4516650d0560a2837c0148b3f6"", ""8"": ""b996db97daf02dc4dc27af672b44679c777a6f561c6c507a82fb233acde3403b"", ""9"": ""41dd1162bc01260a576d692ac3416036e8d9ad2478f08835012776761731bc61""}",,0,0,0,0,0.0,0.0,"{""0"": 6.561000000000008e-06, ""1"": 6.561000000000008e-06, ""2"": 6.561000000000008e-06, ""3"": 6.561000000000008e-06, ""4"": 0.20499217789868368, ""5"": 0.0024046277196825175, ""6"": 0.5770969704307047, ""7"": 0.12417764674840222, ""8"": 0.030189574514020403, ""9"": 0.0611127586885063}","{""0"": 6.561000000000008e-06, ""1"": 6.561000000000008e-06, ""2"": 6.561000000000008e-06, ""3"": 6.561000000000008e-06, ""4"": 0.20499217789868368, ""5"": 0.0024046277196825175, ""6"": 0.5770969704307047, ""7"": 0.12417764674840222, ""8"": 0.030189574514020403, ""9"": 0.0611127586885063}",[],[],0,0,0,0,0.0,96ac21590b1be7fde1eee0034ff91fc1712bf400e18c88e24fb525826d0fedf5,2b0f1cb6185a58f34eed6aa09ed9fa57e3dba96c41815023a177683785d12e1c,"[""proposal_created"", ""proposal_committed"", ""audit_accepted"", ""committed_once""]"
9,noexecutor,0,none,0,0,0,0,1,0,,69.27,,0.1,,057c5a31b43c0a32b5063d2f2ec108afcd6ca12f9564f0f482d7898c6cf23068,1,"{""0"": ""4347cf8e48c37f16be00eacf12e1b641cc98e6405c05e15056d7211fa540fe2a"", ""1"": ""4a3303e44c3c5d5d4e1fec6d4023cef11a27da62da238d9fd965aaa7ff320da2"", ""2"": ""0bb15297e012589941b42a53b2e6e21cad40636efd52b0cbddae3005854eaadc"", ""3"": ""255bd607e9b02d0d3eb0e4a9a9f863f42c7a543c9e0631fd4f24ab15ea2353b6"", ""4"": ""1f26920dc9dee2a20b238f2f90a62312a7a188a440843d0e236ffe9c56613801"", ""5"": ""dfe54234694afff1790fb41e1467757cba96a97d94ff5185c8e76e2cc89615ca"", ""6"": ""7c1e7a6a03530afe1511e1dcd08ffce528ca45a0b5284ce22d9c6253e6973df3"", ""7"": ""9463929aa0d55e697a7fefd5669bf471967ab8800a41c2e01d70ee59215800fd"", ""8"": ""b1571bfad8786cc7ff4a530eb33fd0d2feb45546b301154569c3fbf3c008f1c3"", ""9"": ""e5fe87fd3adbb739d5f2554b24169b5834422ee8ca812e063290932d19fa3e11""}",,0,0,0,0,0.0,0.0,"{""0"": 1.9683000000000032e-06, ""1"": 1.9683000000000032e-06, ""2"": 1.9683000000000032e-06, ""3"": 1.9683000000000032e-06, ""4"": 0.09344265469578311, ""5"": 0.0007213883159047555, ""6"": 0.6283917334563504, ""7"": 0.1511298349236805, ""8"": 0.05343331678441459, ""9"": 0.07287319862386682}","{""0"": 1.9683000000000032e-06, ""1"": 1.9683000000000032e-06, ""2"": 1.9683000000000032e-06, ""3"": 1.9683000000000032e-06, ""4"": 0.09344265469578311, ""5"": 0.0007213883159047555, ""6"": 0.6283917334563504, ""7"": 0.1511298349236805, ""8"": 0.05343331678441459, ""9"": 0.07287319862386682}",[],[],0,0,0,0,0.0,2b0f1cb6185a58f34eed6aa09ed9fa57e3dba96c41815023a177683785d12e1c,3cc6d2970a7152896fdc825553b8569b99d54b339a3c12a887661cc6ea37ba89,"[""proposal_created"", ""proposal_committed"", ""audit_accepted"", ""committed_once""]"
10,noexecutor,0,none,0,0,0,0,1,0,,71.55,,0.1,,470abba313e3a3f5d632f38fabdb7373b904eef43d672c461de4d234589b1584,1,"{""0"": ""e04b6feb85c412e90421a455a5744e53de3ef2654f4ae8d33ff512edb1ffee7f"", ""1"": ""5b2a0adc41d2c9e2a029368957535bbddf7cb348d1e07b171cf8e114e40b6820"", ""2"": ""9da9f4f914ac518b69f5c6e2c7d3b8fa1f978681c61e86df7da869c22d1b8e07"", ""3"": ""f4f8a5aff497ab0df1dba5e2cf7f12ef9da2c2411db998f5007633037efcdfff"", ""4"": ""63a4fbb2184fccd73b5e787f6726b92187c1174a31d81eb27a1fe96f8d529202"", ""5"": ""338ca5eddd8ed242accc8678512f6791f31774233e862a5737c98f9db11513bd"", ""6"": ""eded87108d308aceedbff7c111e8abb6a2878982440c8a30c119c407778fc473"", ""7"": ""cd79b0c9de53057ca7e7f3feaf38e6599f594224468026d789495ed65dd3470e"", ""8"": ""c0c64a2557510ac6a7f73f0c6e55df932b2f70743b33c14e336edb1189cf5be7"", ""9"": ""aa7a60f42e1ebbdf239bb9537ba13d5904d6de301beddb62c363ffe799101abe""}",,0,0,0,0,0.0,0.0,"{""0"": 5.90490000000001e-07, ""1"": 5.90490000000001e-07, ""2"": 5.90490000000001e-07, ""3"": 5.90490000000001e-07, ""4"": 0.08725862017975687, ""5"": 0.0002164164947714266, ""6"": 0.6387497238986796, ""7"": 0.129040588296004, ""8"": 0.0706508564587539, ""9"": 0.0740814327120342}","{""0"": 5.90490000000001e-07, ""1"": 5.90490000000001e-07, ""2"": 5.90490000000001e-07, ""3"": 5.90490000000001e-07, ""4"": 0.08725862017975687, ""5"": 0.0002164164947714266, ""6"": 0.6387497238986796, ""7"": 0.129040588296004, ""8"": 0.0706508564587539, ""9"": 0.0740814327120342}",[],[],0,0,0,0,0.0,3cc6d2970a7152896fdc825553b8569b99d54b339a3c12a887661cc6ea37ba89,4158fd369bbe3f3ba7ec072bf8f68d6f5c6134ea68df89b0faca709c3b17f645,"[""proposal_created"", ""proposal_committed"", ""audit_accepted"", ""committed_once""]"
11,noexecutor,0,none,0,0,0,0,1,0,,72.49,,0.1,,876956b897ecf1cef22190d668ffa513867d3193ff9d8a955cff7cf6aa308d0d,1,"{""0"": ""a7451e9d1932e06ac5ca05b03a5c83045f3eaa0bf0e15a7a766b15fb8dc6789b"", ""1"": ""80a816f23ed7efe3b51c37f01522ecd0ab28ca0b4f293146e705a5159f065771"", ""2"": ""5f51f3a16315262ad5f144093f780ae4d1851169dba41f48f0c0edf174a87fc2"", ""3"": ""d36bd537627026c974d8bf2b67fdcb394543a509147c8bdd6015574b226b6b84"", ""4"": ""830f3f65ea4078c64821b1859e5fa73e9a851c20b66ddb78a7a4c83e93ab1a3f"", ""5"": ""3e8c465c6508aca178548b0151a4da5f8ed0e00b878135cf5b243a4ebd0243a1"", ""6"": ""78491ddc73e2e53364007df33698699795fd74a0f33e904753b4f534c4f1da7d"", ""7"": ""d2e5c4a8505b5ef7836fa1499c9e0bfbc72c12784de1ffe1652fb04121cc59b0"", ""8"": ""58ecbe4f42916266e95c6b005291eab991c375ef4d9fbfbc8130fdcef500d8fc"", ""9"": ""06077c07647263ea0bab37d979b1cad951e2660d98178b283a1f86b524354d1a""}",,0,0,0,0,0.0,0.0,"{""0"": 1.7714700000000034e-07, ""1"": 1.7714700000000034e-07, ""2"": 1.7714700000000034e-07, ""3"": 1.7714700000000034e-07, ""4"": 0.14472932572093944, ""5"": 6.492494843142799e-05, ""6"": 0.5560230757691905, ""7"": 0.13233752238062785, ""8"": 0.10205783973529589, ""9"": 0.06478660285751489}","{""0"": 1.7714700000000034e-07, ""1"": 1.7714700000000034e-07, ""2"": 1.7714700000000034e-07, ""3"": 1.7714700000000034e-07, ""4"": 0.14472932572093944, ""5"": 6.492494843142799e-05, ""6"": 0.5560230757691905, ""7"": 0.13233752238062785, ""8"": 0.10205783973529589, ""9"": 0.06478660285751489}",[],[],0,0,0,0,0.0,4158fd369bbe3f3ba7ec072bf8f68d6f5c6134ea68df89b0faca709c3b17f645,cc0bd40d2e890314cab4389f5e4335d6c72091567bc29f7c0e875f8d408dc9ba,"[""proposal_created"", ""proposal_committed"", ""audit_accepted"", ""committed_once""]"
12,noexecutor,0,none,0,0,0,0,1,0,,72.56,,0.1,,4903f1b40f9150bf6082a968fc76ab5c34f8b56409ca6abf8c81cdbb42b0ad2f,1,"{""0"": ""b13ea0eb9d81cfcf12a72894a2e02c2009f247cc0289ba481b54fd250fc2a6e6"", ""1"": ""98cbeec8fb463c79a847725599b512cc1f60eaacd147bd6e9263431733a3a98c"", ""2"": ""7b3ba984f6d220632d5ac54ce6abe56983b8696862ff651f6a0d998fe0fd67aa"", ""3"": ""bedaefa92e19a203086335be53e351beaee4bb94b1a82d27cfe0051d4d4b82d7"", ""4"": ""2ca04c049a60780c3b56b6a713b6eb69f5ee9c60b2bd780ef48e53bbac333d25"", ""5"": ""fcbcdcc2988154d9961cedde1a1a9b9858e9bfbd372b2ce2eabd3a0dbdd4e232"", ""6"": ""584070cc744e27c3a1bc808a7da7d4ee03fe63753d80817807a5818031855f3a"", ""7"": ""6e32806fe95038fb08bbc3199cef826e155ff7d3d241e7915c01451820092f21"", ""8"": ""c76e7b14d20189235af157e2f0566c04eba9688f79827e2b8777a9e6be7bdc01"", ""9"": ""9cfad0c2cfe243cf2e08f7a88d61a198b5e8708ad784643a7067e855c2fcadb2""}",,0,0,0,0,0.0,0.0,"{""0"": 5.314410000000011e-08, ""1"": 5.314410000000011e-08, ""2"": 5.314410000000011e-08, ""3"": 5.314410000000011e-08, ""4"": 0.16538423483836748, ""5"": 0.0006113125168755674, ""6"": 0.5022938268119482, ""7"": 0.20401159427226576, ""8"": 0.09569306114339501, ""9"": 0.032005757840747946}","{""0"": 5.314410000000011e-08, ""1"": 5.314410000000011e-08, ""2"": 5.314410000000011e-08, ""3"": 5.314410000000011e-08, ""4"": 0.16538423483836748, ""5"": 0.0006113125168755674, ""6"": 0.5022938268119482, ""7"": 0.20401159427226576, ""8"": 0.09569306114339501, ""9"": 0.032005757840747946}",[],[],0,0,0,0,0.0,cc0bd40d2e890314cab4389f5e4335d6c72091567bc29f7c0e875f8d408dc9ba,1f8186c5ca90ce3dc790d77867a365f0eac3d757a20827010b3bb1d27ce95ce9,"[""proposal_created"", ""proposal_committed"", ""audit_accepted"", ""committed_once""]"
13,noexecutor,0,none,0,0,0,0,1,0,,73.69,,0.1,,233cbd58ae7f55587eaf72df4fcf9cfd6dd5dc992a28427025dd6bd9e828b0a6,1,"{""0"": ""22186ea94905277a0d78617a3b4e66b11a3365ba4e46dd22e85136c5a4d4ae0b"", ""1"": ""3f287d7e3f0a24615bde4a8868e4d7c554d10fc026774164dd96a64dfb9265e0"", ""2"": ""eb2c6e637c0afc036f6f8bd0f198a8c9fa393a24f5000370a391f9f835aba82d"", ""3"": ""16caa5aba0f7ed429522ef67ec19172fdaea3061a920b84de691b3c594dd9f93"", ""4"": ""b15700f3ee4136a8f147cb79c1caa3b3f26ca1cd4b22892d9b315bd632b35256"", ""5"": ""0004bc7db33c43ec8e4613d56e78c9c1652674e15771e162f84d54fa2b550d51"", ""6"": ""a98b2fcc22b9ad98ef38f068b5f8268a56cbf61f426aa938003a491b175f1a92"", ""7"": ""b25e0cc9546889197869e80f45248f05ab3a9177f79777b9636bcef84ae92fb9"", ""8"": ""2b9cafde884a106700f8317d7b86fe718ba6fb91ddb2c8785894257037df8628"", ""9"": ""df9ab067e36ea6a4c3caf9dc93cdef2b0ef8380e6874583524d25aeb24eb0e97""}",,0,0,0,0,0.0,0.0,"{""0"": 1.5943230000000036e-08, ""1"": 1.5943230000000036e-08, ""2"": 1.5943230000000036e-08, ""3"": 1.5943230000000036e-08, ""4"": 0.05817353016770568, ""5"": 0.0014584373779743716, ""6"": 0.578524066807558, ""7"": 0.2128350119770118, ""8"": 0.10740624633812751, ""9"": 0.04160264355870264}","{""0"": 1.5943230000000036e-08, ""1"": 1.5943230000000036e-08, ""2"": 1.5943230000000036e-08, ""3"": 1.5943230000000036e-08, ""4"": 0.05817353016770568, ""5"": 0.0014584373779743716, ""6"": 0.578524066807558, ""7"": 0.2128350119770118, ""8"": 0.10740624633812751, ""9"": 0.04160264355870264}",[],[],0,0,0,0,0.0,1f8186c5ca90ce3dc790d77867a365f0eac3d757a20827010b3bb1d27ce95ce9,23f46e6727340d277fd03b25543a61d5bb8266473eb4274265e6ef6950f65d39,"[""proposal_created"", ""proposal_committed"", ""audit_accepted"", ""committed_once""]"
14,noexecutor,0,none,0,0,0,0,1,0,,68.82,,0.1,,dd38c908cd3ac6c6fee9cb5e6ed98435b702defd4ea72f1226f11341d2174fb2,1,"{""0"": ""ed0d0d112a569cd81ed659b30d5e0f86bf1b19af4e399a3f315d7c1219c47258"", ""1"": ""6559acf1d500cedf3e98f5435154403b2711396daf98fd9f0a4d005db51d6564"", ""2"": ""3f0d30a8833cd980fda5c842157bf0d6dca54fff47ee594558989f4a13cfdbdd"", ""3"": ""8b7b707970528393fe1c0aa1765e72ca39fbae37eb6121546e9fb894905c6712"", ""4"": ""3cbedbaf291bc7b6a0125aa89278ba8b305d8f43dba2277c0ceb763648ef1252"", ""5"": ""b4f31a2f8214f4114cc2f30b6985b83c89f8a5abfdd51cbc2023c203e822427d"", ""6"": ""d48e227729e4167603cd17c41d9fcef6e8c3b4aec74737d3d683fca41f15673f"", ""7"": ""cc89765b1d4eb24eacd76ed1452ca416139ba7e7a04be3d9cefb906f890668ec"", ""8"": ""7fab54f949a0c5b9b36b4e216db1fe04d400f880f816a494f90d73ee7a12eae5"", ""9"": ""ed0f517c9c9cb9041cacdd1a3448fb033fb81c9027b7eabc9fb781015518fae8""}",,0,0,0,0,0.0,0.0,"{""0"": 4.782969000000012e-09, ""1"": 4.782969000000012e-09, ""2"": 4.782969000000012e-09, ""3"": 4.782969000000012e-09, ""4"": 0.10150633380871299, ""5"": 0.0004375312133923116, ""6"": 0.5250371482633941, ""7"": 0.23623192711490384, ""8"": 0.0576683706035386, ""9"": 0.07911866986418231}","{""0"": 4.782969000000012e-09, ""1"": 4.782969000000012e-09, ""2"": 4.782969000000012e-09, ""3"": 4.782969000000012e-09, ""4"": 0.10150633380871299, ""5"": 0.0004375312133923116, ""6"": 0.5250371482633941, ""7"": 0.23623192711490384, ""8"": 0.0576683706035386, ""9"": 0.07911866986418231}",[],[],0,0,0,0,0.0,23f46e6727340d277fd03b25543a61d5bb8266473eb4274265e6ef6950f65d39,6697512e6b6cc112d9fa53e20d796842c0ba2e129a05d6cb7e61d786b5e26561,"[""proposal_created"", ""proposal_committed"", ""audit_accepted"", ""committed_once""]"
15,noexecutor,0,none,0,0,0,0,1,0,,71.92,,0.1,,cee7bad9ee3c79c03121d0e6e4330ae0416c457052e5b1fd9ec879bc67113371,1,"{""0"": ""e979aa69daf6e98aacbb86abd674f8b17e3339b676bffdc0169b3c91c62b3ebd"", ""1"": ""e96d7181b1cb0bf790a255eda68c6b91236ad246177f57a535f672c1ed131d9b"", ""2"": ""111c4df86921569c523a2d12567698c562d8b73d1a71ab70851faebafab3b64a"", ""3"": ""f535ce0508d59eaafb86c394ca4bb5712f7b109146810109f470f94d04f3dff4"", ""4"": ""e05589b03a207f62dc22e3b19c2c66d5f7b439d0913d6c6adf8a1cf37e8ca559"", ""5"": ""9cef9516a669999acbac303ebb04774b240da72d0361399e6275ea89999c10f4"", ""6"": ""e862f8e7bac1f419d64e82abc7bc65fa8977f8d00acdb2e166fafcac47050878"", ""7"": ""9ffdd2b5df6f4e7bb012af9954b67f255b19aadb3f72f76256b69e8f12299a3b"", ""8"": ""44457a03a6daa0b33679833f858d0b33b99015162370999aaf11f103136f0251"", ""9"": ""e1f020f03cc4e7bdbc30086f191002b437e90e63d2fdfe11a0a7afbd63093ef4""}",,0,0,0,0,0.0,0.0,"{""0"": 1.434890700000004e-09, ""1"": 1.434890700000004e-09, ""2"": 1.434890700000004e-09, ""3"": 1.434890700000004e-09, ""4"": 0.30192838027899727, ""5"": 0.0004297792208828742, ""6"": 0.42898762461540163, ""7"": 0.20511952103443704, ""8"": 0.03592116392957067, ""9"": 0.02761352518114779}","{""0"": 1.434890700000004e-09, ""1"": 1.434890700000004e-09, ""2"": 1.434890700000004e-09, ""3"": 1.434890700000004e-09, ""4"": 0.30192838027899727, ""5"": 0.0004297792208828742, ""6"": 0.42898762461540163, ""7"": 0.20511952103443704, ""8"": 0.03592116392957067, ""9"": 0.02761352518114779}",[],[],0,0,0,0,0.0,6697512e6b6cc112d9fa53e20d796842c0ba2e129a05d6cb7e61d786b5e26561,61c47631f1c9ed9d8c3086677018f0740548faa33c437c25ee35e773ebc659d8,"[""proposal_created"", ""proposal_committed"", ""audit_accepted"", ""committed_once""]"
16,noexecutor,0,none,0,0,0,0,1,0,,75.59,,0.1,,886b7091bc9e6436d73abbec292b6f1e5ed260977fbea5d5b49c58e2c285ca30,1,"{""0"": ""88aca6ff20ad9ad2670196d46e9811d4ba0e9afe833027a689ea97cc79da1c2e"", ""1"": ""aec87bcc556e26d811e4e4b10bf30f7203b4715ba5422f76d27a8a3ef7065bbb"", ""2"": ""2badbf4fd07da39241078a18ae656ad47da05c084cb8d8fe6c39f052a5c3d5a2"", ""3"": ""0835504ab5cc36cfe5c503cbb1b79d345032bbc722ec972cf5304d2180784fa7"", ""4"": ""cd67ae8c399a7f6acb25f6d687a5a33e6843f405b96a31964a9f4b1b52066ac2"", ""5"": ""59b4181d198d6e6d3449790242f63de5e63d058dc98e1eb349b5dc1d3db85326"", ""6"": ""c969c3441aef3d855ed18c949d11fe61beff012a153d5e149c489f302fa29d55"", ""7"": ""0e024a6a47a6f89f95b5150339af8eda40c7f8aea8f86068efbcc2530b69ed48"", ""8"": ""191404f055436874a9ea7f89b2ab63b7cc63ccac484960432aa206587780de27"", ""9"": ""692594cf749786e940f3a7399d42d8f9f8d5035559a08651ecc13f5e81378d9d""}",,0,0,0,0,0.0,0.0,"{""0"": 4.3046721000000123e-10, ""1"": 4.3046721000000123e-10, ""2"": 4.3046721000000123e-10, ""3"": 4.3046721000000123e-10, ""4"": 0.16336214801359228, ""5"": 0.0001289337662648623, ""6"": 0.40697483593532313, ""7"": 0.18720797179266477, ""8"": 0.13128514803255756, ""9"": 0.11104096073772857}","{""0"": 4.3046721000000123e-10, ""1"": 4.3046721000000123e-10, ""2"": 4.3046721000000123e-10, ""3"": 4.3046721000000123e-10, ""4"": 0.16336214801359228, ""5"": 0.0001289337662648623, ""6"": 0.40697483593532313, ""7"": 0.18720797179266477, ""8"": 0.13128514803255756, ""9"": 0.11104096073772857}",[],[],0,0,0,0,0.0,61c47631f1c9ed9d8c3086677018f0740548faa33c437c25ee35e773ebc659d8,97c09213a13e0cd63b602fed3229b6c50dd6bdc539adc90ca0619c4bdbb765c8,"[""proposal_created"", ""proposal_committed"", ""audit_accepted"", ""committed_once""]"
17,noexecutor,0,none,0,0,0,0,1,0,,77.13,,0.1,,0a1fe848cc16a0f4b7f0be45128bc76ac6b35fba607199f5c4f90e4f8e6f066d,1,"{""0"": ""51402e5fac89ebb402b17ea9ca5c3e2f1a69027cfb2bc1780a68e968ac3b6285"", ""1"": ""9d933ddf7301176f9e800ccf44488412ffd21d706e2d3ee01804b44a9528596f"", ""2"": ""f2ab66b4c9255e12ad9a12a7cffc37918f34bbdb3c3f229599f60b617a1c090c"", ""3"": ""56ebc7fab52c0b252a8f0ab4192889274b00f55acc36d59822d1be0933f6323f"", ""4"": ""cd59f9a658ec447327e1e2efe703ed0b3c2bdc43fccd9c5260458bc09703cd6f"", ""5"": ""0eda690470a7223f027433f37ef18cc9367156109c5be31c1973588b59a9f1a9"", ""6"": ""2bd5d297f2fee747fdf1736910a3e0f4cedd480ff5287201ccd9b736aa62dd9f"", ""7"": ""9057db9ff761407d858191ddaa73d9f2b561b9cb4e022269c5b701e77d81798b"", ""8"": ""46b3698e253e0f556d244cfbb107ceeac18d44afce33bccefba5fe0d318639d3"", ""9"": ""a1be997edc63fc6526db2a29fd9b51fff3f9d8992f5d38649c905c41e761a2da""}",,0,0,0,0,0.0,0.0,"{""0"": 1.291401630000004e-10, ""1"": 1.291401630000004e-10, ""2"": 1.291401630000004e-10, ""3"": 1.291401630000004e-10, ""4"": 0.14064270002737606, ""5"": 3.868012987945869e-05, ""6"": 0.36023847059012326, ""7"": 0.21089161354863928, ""8"": 0.1647735035701642, ""9"": 0.12341503161725706}","{""0"": 1.291401630000004e-10, ""1"": 1.291401630000004e-10, ""2"": 1.291401630000004e-10, ""3"": 1.291401630000004e-10, ""4"": 0.14064270002737606, ""5"": 3.868012987945869e-05, ""6"": 0.36023847059012326, ""7"": 0.21089161354863928, ""8"": 0.1647735035701642, ""9"": 0.12341503161725706}",[],[],0,0,0,0,0.0,97c09213a13e0cd63b602fed3229b6c50dd6bdc539adc90ca0619c4bdbb765c8,20c038c2f97905bbea8463c479b1a0df509b97a961941096d6c019eb7e4b6de0,"[""proposal_created"", ""proposal_committed"", ""audit_accepted"", ""committed_once""]"
18,noexecutor,0,none,0,0,0,0,1,0,,72.68,,0.1,,a1d694f92c0a78563c3799fb3f76cb38a65648aa5aa37a36452f3641e72c8f38,1,"{""0"": ""075da57fc7f929d2179706a43e424e1327ae74e9cb6f9c74106f9106d030b02b"", ""1"": ""d6966e7e1d87ead70cdc67ebb73e3ca038e6899d1e875e70ec036a43d22db2df"", ""2"": ""b47b718b6c84bfe0db4305082db9c0a5ceec844ce4e55785f808ef34cf5e3cd0"", ""3"": ""62d728e31577aad73db3597f450a3b623deb9fc9d4f0711ff37866a9929f8463"", ""4"": ""48aaed8978da665c0a233d3b88e6bf389d374d630d0f02c8baaf3fc8c35b1114"", ""5"": ""f85915f69849825f4f706983c18148af8b03d16fe62065ee723f97b36545a5b5"", ""6"": ""5d3fe3c0e3cca692fbf414de301593c68e346acefe6b188ba4b0ef46b3421481"", ""7"": ""0eb2e4db64a62416916528390bca598bbd3f62a3a5c0060f6bba46e8f02c3710"", ""8"": ""e42c776300bce2ad4c0ee60ebd7e904b2a080755de65662dc7ffbb8cf5bdd83d"", ""9"": ""f1e2f4e5d81c65d70101c0c43c0c8bee5601c881c6600db8768925fa6bd62508""}",,0,0,0,0,0.0,0.0,"{""0"": 3.8742048900000126e-11, ""1"": 3.8742048900000126e-11, ""2"": 3.8742048900000126e-11, ""3"": 3.8742048900000126e-11, ""4"": 0.2112242966675552, ""5"": 0.005702786625801482, ""6"": 0.48576966586890263, ""7"": 0.14002182904522667, ""8"": 0.0683373280293687, ""9"": 0.08894409360817711}","{""0"": 3.8742048900000126e-11, ""1"": 3.8742048900000126e-11, ""2"": 3.8742048900000126e-11, ""3"": 3.8742048900000126e-11, ""4"": 0.2112242966675552, ""5"": 0.005702786625801482, ""6"": 0.48576966586890263, ""7"": 0.14002182904522667, ""8"": 0.0683373280293687, ""9"": 0.08894409360817711}",[],[],0,0,0,0,0.0,20c038c2f97905bbea8463c479b1a0df509b97a961941096d6c019eb7e4b6de0,91691519cc92d865bb0d34e31914f3f929baf73029f004374612a78f79ecb6ef,"[""proposal_created"", ""proposal_committed"", ""audit_accepted"", ""committed_once""]"
19,noexecutor,0,none,0,0,0,0,1,0,,75.95,,0.1,,772c7b8dc92e55704a35780c956b611d0728782398eb9b0112dd39d7d04d81c1,1,"{""0"": ""e53faefda685884be8ad6add179b8bc224f6a84f58575b50711a7356dc136118"", ""1"": ""92200bdfd6ca1cb29a1739e88c2d7b4657bab332a8338d0fce0d6c3f5db7b84f"", ""2"": ""46d68f729e7fef5699b6896bba0c9d04be78d97ec5cb30c15f4156b193973620"", ""3"": ""6134d386ad09b516dd3d138ea115f594e0972e193dfa2ebf09124f32a4ccd79c"", ""4"": ""36bcbd6916e1c191117cabab7500411147aef4c9bc2422e112077125ef0a3fe5"", ""5"": ""6af36dbeca90c1b7cf730dd105c457f987d28a8eb5a706ba718eeef349eb601e"", ""6"": ""810fea68989f1a0a67e439b497fd9a9d49e60c35f41cba2e121aac374272e940"", ""7"": ""e9758f7fab1e0a88da958c1665b3589f1eb618e97d020cfb799af0a6ac881e26"", ""8"": ""e840def7cac997445814c423c696f30a1ee27f328a2005a8454429c5d50402fa"", ""9"": ""b0589b3cf6c68922a964db7a308d02506a47d00ec9c684ee40a536f6014c4820""}",,0,0,0,0,0.0,0.0,"{""0"": 1.1622614670000036e-11, ""1"": 1.1622614670000036e-11, ""2"": 1.1622614670000036e-11, ""3"": 1.1622614670000036e-11, ""4"": 0.3100552814949028, ""5"": 0.002745263221157398, ""6"": 0.392418892255307, ""7"": 0.1658160287752613, ""8"": 0.048078495372161856, ""9"": 0.08088603883471902}","{""0"": 1.1622614670000036e-11, ""1"": 1.1622614670000036e-11, ""2"": 1.1622614670000036e-11, ""3"": 1.1622614670000036e-11, ""4"": 0.3100552814949028, ""5"": 0.002745263221157398, ""6"": 0.392418892255307, ""7"": 0.1658160287752613, ""8"": 0.048078495372161856, ""9"": 0.08088603883471902}",[],[],0,0,0,0,0.0,91691519cc92d865bb0d34e31914f3f929baf73029f004374612a78f79ecb6ef,53c0545e950dcf7bf508f14c054778f4f629f56311338924f8d1f3342ad9d643,"[""proposal_created"", ""proposal_committed"", ""audit_accepted"", ""committed_once""]"
20,noexecutor,0,none,0,0,0,0,1,0,,76.01,,0.1,,583fc2dfa89a47bd29a92a2fa9d75991b76d97cd4266005bc9388eff5c194b91,1,"{""0"": ""cdee86173fc1af18be413b10937ced19acab211a1a04a430dd7607b487db80fb"", ""1"": ""0a646d234f8582c95dde9345c9bd540e4cd267cc6c2d9dd301689c77391c6a79"", ""2"": ""cdc89e0447c20564ebcfd68acbbc31d395919ebd3de2fdf94f808178edf52c04"", ""3"": ""8df4e1042b59f897fdefeb6a9c882b8f127d9ba133ec7cf365e3a403f52e8827"", ""4"": ""875ca94ef46e92ae0ac398dcadb499e550747e5558b59f57b9ef04f84577018b"", ""5"": ""0d5589019d405d117d356abb852c6eba09ff3857ffcff0562eba0f02f8b616ef"", ""6"": ""4f82931085fd7da249294c131d344f65e3740be962d9efdd327298484e752751"", ""7"": ""11cff916ffe1a2d0d017201d46acb360ff69541c47d26fd49b4546e82e7757c1"", ""8"": ""47128a05f663263d6a33e622c44e7ca113d28e5b0787bf1fcb0077d13d5f1208"", ""9"": ""f1178054510bee4f884b8a931f2a7be346da077375b990067530c8e374e4c114""}",,0,0,0,0,0.0,0.0,"{""0"": 3.4867844010000112e-12, ""1"": 3.4867844010000112e-12, ""2"": 3.4867844010000112e-12, ""3"": 3.4867844010000112e-12, ""4"": 0.09788127317721484, ""5"": 0.004221669725224065, ""6"": 0.3568022904482619, ""7"": 0.19623095319932543, ""8"": 0.12372490415554711, ""9"": 0.22113890928047955}","{""0"": 3.4867844010000112e-12, ""1"": 3.4867844010000112e-12, ""2"": 3.4867844010000112e-12, ""3"": 3.4867844010000112e-12, ""4"": 0.09788127317721484, ""5"": 0.004221669725224065, ""6"": 0.3568022904482619, ""7"": 0.19623095319932543, ""8"": 0.12372490415554711, ""9"": 0.22113890928047955}",[],[],0,0,0,0,0.0,53c0545e950dcf7bf508f14c054778f4f629f56311338924f8d1f3342ad9d643,1bfd846fbd0bdec320bcff95a76fac34e8e8bc91b6bd2e75d3d05ea7783dbed1,"[""proposal_created"", ""proposal_committed"", ""audit_accepted"", ""committed_once""]"
21,noexecutor,0,none,0,0,0,0,1,0,,77.94,,0.1,,c70e2abdb065d13931a6d357648f6092e2205b2faef32a64b774889d7f1ae092,1,"{""0"": ""5e89ab8d38cfd719836cba1e527ae0062036fa16f4d842fb6e5a154875397b34"", ""1"": ""7c4ce9ca448705f28b79893792bacaa4ec553bc09a53357d142b23e758e333fa"", ""2"": ""1359005ff8260b676fe04df8ded81236201176eadb1b0038d00345efaff744c2"", ""3"": ""9b30213ff30a3ac05d8db3dc4e3c91c366ed57f8e341e21c202d532c3d3bfe06"", ""4"": ""f3e5670b93547904e6110ecde107e34d684ffef52974e74ab2037cd0946915f1"", ""5"": ""97b1cb98f4d55622678f552c1a9cf61e2e3fab507ac444050e0bca6661f41e25"", ""6"": ""a25ffc5def4b50fe051c7a4a0ced12faf6ea0d67e237c4ebd25e54880ef97941"", ""7"": ""6a2e06bf4b675d369f4a1cab63c54036049adead345aee80ba286931494918e7"", ""8"": ""d068c9132097858d7e9058791b5217649ea8e136befbbde52a38c7f8703ef621"", ""9"": ""b85be894d4d7114e2f6354dfba6087730057e806e4dae7f57959267b0ce02898""}",,0,0,0,0,0.0,0.0,"{""0"": 1.0460353203000036e-12, ""1"": 1.0460353203000036e-12, ""2"": 1.0460353203000036e-12, ""3"": 1.0460353203000036e-12, ""4"": 0.09614053325643676, ""5"": 0.004301813711870933, ""6"": 0.3230163688887764, ""7"": 0.27484496771409545, ""8"": 0.09578126603953929, ""9"": 0.20591505038509703}","{""0"": 1.0460353203000036e-12, ""1"": 1.0460353203000036e-12, ""2"": 1.0460353203000036e-12, ""3"": 1.0460353203000036e-12, ""4"": 0.09614053325643676, ""5"": 0.004301813711870933, ""6"": 0.3230163688887764, ""7"": 0.27484496771409545, ""8"": 0.09578126603953929, ""9"": 0.20591505038509703}",[],[],0,0,0,0,0.0,1bfd846fbd0bdec320bcff95a76fac34e8e8bc91b6bd2e75d3d05ea7783dbed1,278f1736ebe4af3a6130ef7c093c3a00cce48e59c2df9a95b77467d1720dd05b,"[""proposal_created"", ""proposal_committed"", ""audit_accepted"", ""committed_once""]"
22,noexecutor,0,none,0,0,0,0,1,0,,73.62,,0.1,,e1726318bf851f2437a8c5bb46d6721a0928a0b1031370f64a64bc782b08dcaa,1,"{""0"": ""19869419b1c760e65119ccf14a4700959c28c4525ef392f4b457138403a7b5a1"", ""1"": ""30abe49fff081233bb547cb8968de40b59923f3153b57d56eab74c544019f71b"", ""2"": ""e41718b1921b84acc13e5d6440c00df13b92e8449ef29d50b67089b1a922b418"", ""3"": ""7f7b93f5e0bfc32ec14287909776308b4963544ad0442d3708127f63b9e3f0b9"", ""4"": ""9c68621ac29581eb0bf063ff4e2337a463ed655e75f8c45ff8c57abee5305866"", ""5"": ""1cb00a7d663a56fa20df1c9d831d4c568de4aebe5381da819cf819dacd695e41"", ""6"": ""3b18bf4af1b206a4bf004b62daa397f1fff95cacae1c549af3aeae2f6cf5b323"", ""7"": ""e8eccbea7a2d9f93344c47b0da74e7b652618db11efe2a70dd030edabba9793f"", ""8"": ""dc7cc8ccc68533ffa38bb17959b33de14cac8c4adf60a3a0df0a1083daacf179"", ""9"": ""e3f80358544d48458d5b0ad630cf577451fdbef35e824678970c86b720fdb954""}",,0,0,0,0,0.0,0.0,"{""0"": 3.138105960900011e-13, ""1"": 3.138105960900011e-13, ""2"": 3.138105960900011e-13, ""3"": 3.138105960900011e-13, ""4"": 0.035925140938195294, ""5"": 0.007297806973298411, ""6"": 0.4169688595865467, ""7"": 0.40251743923414246, ""8"": 0.053284067772288696, ""9"": 0.08400668549427327}","{""0"": 3.138105960900011e-13, ""1"": 3.138105960900011e-13, ""2"": 3.138105960900011e-13, ""3"": 3.138105960900011e-13, ""4"": 0.035925140938195294, ""5"": 0.007297806973298411, ""6"": 0.4169688595865467, ""7"": 0.40251743923414246, ""8"": 0.053284067772288696, ""9"": 0.08400668549427327}",[],[],0,0,0,0,0.0,278f1736ebe4af3a6130ef7c093c3a00cce48e59c2df9a95b77467d1720dd05b,67819d50d86ea73a70d2a1f4396d98592bb35dc3b9c4a6058c5e6b3170969782,"[""proposal_created"", ""proposal_committed"", ""audit_accepted"", ""committed_once""]"
23,noexecutor,0,none,0,0,0,0,1,0,,77.15,,0.1,,3d693374ad029d67bbd01cab36e165f4ee8d71cf8b755b18fcca2d831d8ad389,1,"{""0"": ""a796877c3c13a1cfb83968321be5081718e5760a57c8ea0ce88d0e11395ee9a9"", ""1"": ""d32b4304d217a26a7cff7f5e1a7eedd8468e2dbd38f8b5b3aaac68a42eee1cb9"", ""2"": ""6bc45d97d8de1a7f14cbcb451e8df7e8c9c15ed45004218b3a9b7eeb1bec8808"", ""3"": ""e3eb64c7587be1cc6f196a28dedafbd4ddd5e430b076814460934b21576d6077"", ""4"": ""20a09926e0d016c859786b79c977830e30d9523675cdc0da012585830dc451b1"", ""5"": ""8919aac2a97cf3fbd5fc1d3ffb3677dbe15f8172a2e78c8792490a68775a5eb6"", ""6"": ""4aad19222d23d68da44cfe448b39f633d2483c4c7d8d4d0156f2a9fa4d8e02b4"", ""7"": ""45890b4f4ddc169451e1877d5358738371153dc2588c9592fe07962439ba3811"", ""8"": ""55ae82ee6509be9e91046d5c7c2bc59f3cf6bbf5605723c8dcb48a696af45ae2"", ""9"": ""77ce347599c5182663556e3d855bdc8b6c3087951a32c597d86f166c048a0fe6""}",,0,0,0,0,0.0,0.0,"{""0"": 9.414317882700036e-14, ""1"": 9.414317882700036e-14, ""2"": 9.414317882700036e-14, ""3"": 9.414317882700036e-14, ""4"": 0.01742968619228959, ""5"": 0.002189342091989524, ""6"": 0.48112157797719696, ""7"": 0.16435316692294036, ""8"": 0.2397669870901193, ""9"": 0.09513923972508777}","{""0"": 9.414317882700036e-14, ""1"": 9.414317882700036e-14, ""2"": 9.414317882700036e-14, ""3"": 9.414317882700036e-14, ""4"": 0.01742968619228959, ""5"": 0.002189342091989524, ""6"": 0.48112157797719696, ""7"": 0.16435316692294036, ""8"": 0.2397669870901193, ""9"": 0.09513923972508777}",[],[],0,0,0,0,0.0,67819d50d86ea73a70d2a1f4396d98592bb35dc3b9c4a6058c5e6b3170969782,febc43d4b37e193873059a37b83670e6e87f0e6d4e5f8ce8d14ae3b3ee2bbf55,"[""proposal_created"", ""proposal_committed"", ""audit_accepted"", ""committed_once""]"
24,noexecutor,0,none,0,0,0,0,1,0,,77.56,,0.1,,a7076a7dcefdf2f1b2b16e62575da8e5b266492eb43c5a8a43af6fe6fe172cc3,1,"{""0"": ""83d6a961ad9da4c0dd990ae01f7a5682c97bbb2f9bc6257ea9870fd09bdf335b"", ""1"": ""ac733704a1cf02c1574443ccbf55216eadbf6b3a085bbf7de6ca9959c5fca27c"", ""2"": ""7c7c154d75fff4aff1a1083b011a023226350b24b14a7bf51ac80e65d809d36f"", ""3"": ""58d6e7ccd97a4c11ca98a762d024e20079d7dd3b47a4e2c02bf601a84a77d189"", ""4"": ""d11ff5b44611a5db9eab630de4a5a8b8706615c9fac32bd2b477faae5d436c43"", ""5"": ""5b7a873d664c056b4f30ffdcdffbe3f06bcd40acb8b86b1ae74e9afd1674a59f"", ""6"": ""bd3c8bb48c67fef5895b614f223bf0b9bd0f2885de5a6de4231ab854fc545eed"", ""7"": ""ab8da26c811ac6df111e86b3a6bcedec8304476fe7c643a6d2b577f9f979a3a6"", ""8"": ""e62a1e1c47ccdab07f75da23267e35ad5d4927c4cfd150d0c599512c8c2641f3"", ""9"": ""18c8a2a68f4aa23be3b7baa902c8524063755ac55eec43756d3867d4804835c6""}",,0,0,0,0,0.0,0.0,"{""0"": 2.8242953648100115e-14, ""1"": 2.8242953648100115e-14, ""2"": 2.8242953648100115e-14, ""3"": 2.8242953648100115e-14, ""4"": 0.2650919031381105, ""5"": 0.0006568026275968574, ""6"": 0.5567167444287722, ""7"": 0.07556187760210557, ""8"": 0.0734309002857757, ""9"": 0.028541771917526337}","{""0"": 2.8242953648100115e-14, ""1"": 2.8242953648100115e-14, ""2"": 2.8242953648100115e-14, ""3"": 2.8242953648100115e-14, ""4"": 0.2650919031381105, ""5"": 0.0006568026275968574, ""6"": 0.5567167444287722, ""7"": 0.07556187760210557, ""8"": 0.0734309002857757, ""9"": 0.028541771917526337}",[],[],0,0,0,0,0.0,febc43d4b37e193873059a37b83670e6e87f0e6d4e5f8ce8d14ae3b3ee2bbf55,a98b98c2f1aac0f9293a0eb7a95da54c38cb100e587a51625bfd7feefab7a733,"[""proposal_created"", ""proposal_committed"", ""audit_accepted"", ""committed_once""]"
25,noexecutor,0,none,0,0,0,0,1,0,,75.97,,0.1,,f59cf01520f0de0db73f636d76c30b435223ded58ddfeda11c8484eebb71d52e,1,"{""0"": ""8373d1cf541f4bd0628f8c9d0986927a798d4b440a668f66580781f47ad75133"", ""1"": ""abb71fc2e319f0900675906eb5824d7188fcde0cfa290e06a062f0e85473e4b6"", ""2"": ""f38bc96c67c645f215760ae55d97bb38f76834c6fc95da24d35d749461b9ba42"", ""3"": ""f7c0a1353ccf00401b410aad5fe26e9e89730809ebc7d620df04e23a598a0418"", ""4"": ""14f083c9321dd59a5714aa751bafb01fbc42ee0da240fc9b9fa16aa49efc417d"", ""5"": ""de16716c8c1222cdb66ce004633f3934105f8c60dec75e404f591b2b12ccab69"", ""6"": ""dd084fae4e3a55fee6abf788bbaf8af7fdc8ce4c55c0d680c883e71b191bfa6a"", ""7"": ""d80808a649ab85988f9f936fb686c95eb94b8aec984011d05ad0c0d26c81002e"", ""8"": ""9dad65882448eea67906ceff348faad85af7377b94b17e3ed38a455f64fb195c"", ""9"": ""1ed1f1bc21b495e7d7c4f72f12bee0a86dd08b8a32f780dacf4cc47bea491725""}",,0,0,0,0,0.0,0.0,"{""0"": 8.472886094430035e-15, ""1"": 8.472886094430035e-15, ""2"": 8.472886094430035e-15, ""3"": 8.472886094430035e-15, ""4"": 0.25248068813724067, ""5"": 0.0023013360102778894, ""6"": 0.5372012942873127, ""7"": 0.17742487990414418, ""8"": 0.02202927008573271, ""9"": 0.0085625315752579}","{""0"": 8.472886094430035e-15, ""1"": 8.472886094430035e-15, ""2"": 8.472886094430035e-15, ""3"": 8.472886094430035e-15, ""4"": 0.25248068813724067, ""5"": 0.0023013360102778894, ""6"": 0.5372012942873127, ""7"": 0.17742487990414418, ""8"": 0.02202927008573271, ""9"": 0.0085625315752579}",[],[],0,0,0,0,0.0,a98b98c2f1aac0f9293a0eb7a95da54c38cb100e587a51625bfd7feefab7a733,e222f208979d00182c63a41f10d79a3a69590fe38b4ece3291d4dd394f5e902d,"[""proposal_created"", ""proposal_committed"", ""audit_accepted"", ""committed_once""]"
26,noexecutor,0,none,0,0,0,0,1,0,,76.76,,0.1,,b8e51d18dd5e4db4fc25b2f748d659f335515f553c04dcc972792a18ff0aa650,1,"{""0"": ""1f3f5126ff6cd940fa66e90f823002e08a9158c67d2c2599857e6639d3861dc3"", ""1"": ""43d3a61b742256c1467ce86ec372a072fcd52c7337d023b00d5be3b6ad2ab3e9"", ""2"": ""96f08a53c9ea50b83b6f34e3047ef43f42d809fe8eb20f558e3010013acf1a83"", ""3"": ""e0b0cee59839df0b5cf8ee2c3416865a0400c5ae3043c476e62fabf43f8b0897"", ""4"": ""49b928f5b2515d8983e0369f7cbe5aed1e50b5ffe7c34e7ae2baac1ac216d085"", ""5"": ""b3ce58468a8d7a6582322ba7d6d70e235192488a69a415bdfc0b5b0fcae79efe"", ""6"": ""a17e8d32b0b165029c42aca805f899b083506d3d109e82964043d32b55509b00"", ""7"": ""dd021c70416f4f9776c53e7d37aadb6bd43e773929e91ab33f121c53d94c8307"", ""8"": ""6cea6c47aa3bdbebed152d080ecfbab10826e2e5f5efa5cc9edfe4a8af040b73"", ""9"": ""4bd30f126e278930ac16afe864b100ff8c19be1ee98bdf9207219b0508e37a90""}",,0,0,0,0,0.0,0.0,"{""0"": 2.5418658283290108e-15, ""1"": 2.5418658283290108e-15, ""2"": 2.5418658283290108e-15, ""3"": 2.5418658283290108e-15, ""4"": 0.30428847423947236, ""5"": 0.0015955646109937043, ""6"": 0.38970465608449395, ""7"": 0.2817717317695434, ""8"": 0.011025278704929463, ""9"": 0.011614294590557156}","{""0"": 2.5418658283290108e-15, ""1"": 2.5418658283290108e-15, ""2"": 2.5418658283290108e-15, ""3"": 2.5418658283290108e-15, ""4"": 0.30428847423947236, ""5"": 0.0015955646109937043, ""6"": 0.38970465608449395, ""7"": 0.2817717317695434, ""8"": 0.011025278704929463, ""9"": 0.011614294590557156}",[],[],0,0,0,0,0.0,e222f208979d00182c63a41f10d79a3a69590fe38b4ece3291d4dd394f5e902d,9a21a71f915ea50465ef9ed3ae58e319bf26ff8963e621debdd7f48e077bc615,"[""proposal_created"", ""proposal_committed"", ""audit_accepted"", ""committed_once""]"
27,noexecutor,0,none,0,0,0,0,1,0,,78.35,,0.1,,e1cf83f9eed4ee515040792c68e1d29989eee0d16762c7010778a8c34d10a3bc,1,"{""0"": ""649dce27ff86ef752c4a6ea75453e25e10fe69c1ec28e353985e6e7bfe37dd63"", ""1"": ""c02e372c2aaeeda5789067c844b9a7d16e6861cfdf0dc6517f110cc940afc6b1"", ""2"": ""df1d4ff7b3d787e1a1436fbd1a170e02918b226ad5338faefa1db9b095011cc4"", ""3"": ""1397fddb511005d40ad50b822a6df3694c2a25983fca6eac756847afd5f735ed"", ""4"": ""5953e47d9d2b7e0050259cabf7bd8a360bb845f2545ce0337d1800a344c8744d"", ""5"": ""9ebf9965db9a2d8e7679320273795ff9316076c617eb306211bfdf259a491a69"", ""6"": ""4c19b5ec44acad1eb26201baf35a324c37386f7f992a36ab38d07b1ca9b85878"", ""7"": ""2c62b7a0f4656606b6a3b4eebec8c89f4f4d200018dfbd69a7f754ea22becadd"", ""8"": ""520137d0b292c9e72626caffc3c4839883d57be6145b5e5ae9f7b82fc996b5bd"", ""9"": ""eadfae9d8d71bb3237d005e48ceea8094fa00927782854e765930d000716dcc4""}",,0,0,0,0,0.0,0.0,"{""0"": 7.625597484987034e-16, ""1"": 7.625597484987034e-16, ""2"": 7.625597484987034e-16, ""3"": 7.625597484987034e-16, ""4"": 0.10697121394996284, ""5"": 0.00047866938329811133, ""6"": 0.3495529684563203, ""7"": 0.3171730911618351, ""8"": 0.016218212325687015, ""9"": 0.20960584472289367}","{""0"": 7.625597484987034e-16, ""1"": 7.625597484987034e-16, ""2"": 7.625597484987034e-16, ""3"": 7.625597484987034e-16, ""4"": 0.10697121394996284, ""5"": 0.00047866938329811133, ""6"": 0.3495529684563203, ""7"": 0.3171730911618351, ""8"": 0.016218212325687015, ""9"": 0.20960584472289367}",[],[],0,0,0,0,0.0,9a21a71f915ea50465ef9ed3ae58e319bf26ff8963e621debdd7f48e077bc615,3f03e2826e8d00f25bf0ddf12e8700d0386b059fed7ef79a6e1ae4f762682555,"[""proposal_created"", ""proposal_committed"", ""audit_accepted"", ""committed_once""]"
28,noexecutor,0,none,0,0,0,0,1,0,,80.2,,0.1,,d8996fcd9caf425211c1e3dc8bb1f72b6bcae418aab3af98b55977a1cf25b20f,1,"{""0"": ""c5b91bebbc7ed3323bd97b816e2af33844350b5049dc010b547e19a086693ec9"", ""1"": ""33eb2135c5b160db3bff2ce5db17b22fdb83fcc242c4f4f5dd2f50e919b52756"", ""2"": ""78c79926b9b1b5c866707b2f573562af5d11bf9e73e4340ea50602f6615641c2"", ""3"": ""c6c7355bd00662e8c6c463eced72c668d538699232be1e56aa9cb4ef25ee4217"", ""4"": ""e45526811f733daeb3e66d43b8816fdaa8510f742b9f54132e77264a74f14cdd"", ""5"": ""55382e8f6cde5095a6f3145877546ddd820397af68f39590e22145bbb6a46560"", ""6"": ""aff68687b0478c5745508a0a21a93ad176c1d2fcd28749a25d3eb67fa842defe"", ""7"": ""e592ba4bc9c1fcefe1c6d27ebb20b255367353e8cca262a97ab6fdaa8819bc2e"", ""8"": ""ed0e452ea5b57f881d263cdf5b44d0f6eefcbcdad9ae64213be2d66455bb6390"", ""9"": ""cd2a38040cbb6c32f686fd1fffc9275e148a92a6bef7246a4c0e8bc1766343ce""}",,0,0,0,0,0.0,0.0,"{""0"": 2.2876792454961105e-16, ""1"": 2.2876792454961105e-16, ""2"": 2.2876792454961105e-16, ""3"": 2.2876792454961105e-16, ""4"": 0.05830286346782623, ""5"": 0.003927626593415866, ""6"": 0.2894189394281674, ""7"": 0.21149725561347277, ""8"": 0.18941851258897738, ""9"": 0.24743480230813938}","{""0"": 2.2876792454961105e-16, ""1"": 2.2876792454961105e-16, ""2"": 2.2876792454961105e-16, ""3"": 2.2876792454961105e-16, ""4"": 0.05830286346782623, ""5"": 0.003927626593415866, ""6"": 0.2894189394281674, ""7"": 0.21149725561347277, ""8"": 0.18941851258897738, ""9"": 0.24743480230813938}",[],[],0,0,0,0,0.0,3f03e2826e8d00f25bf0ddf12e8700d0386b059fed7ef79a6e1ae4f762682555,3ccf2cee7041999d7b9776be5bb715a832f4d29dc5645cfd01e87c7752c8e9e8,"[""proposal_created"", ""proposal_committed"", ""audit_accepted"", ""committed_once""]"
29,noexecutor,0,none,0,0,0,0,1,0,,79.87,,0.1,,d759256e48ef62e71ebbd58122e05cf353e7932eeb5f9cc741caccd13689c7b8,1,"{""0"": ""9985a60d05d90ea7f1025ad83ac629315e7ecf828cfa4746fad3fce3f7ee8692"", ""1"": ""a13c696cd6b68426523f9e99bae76828410433ba60d134afb66c19b9a8b2d808"", ""2"": ""aa7dc33621c86fc55f4e57f4a95c967f29e9bb42b6e336564ae2284a07f00eaa"", ""3"": ""e7aff2ae6966761d099a8ed2f63e5c2dbf12277dcdc6b887b0c7d3c970065abf"", ""4"": ""0c497c9a8f12791a97a0b5ef43ba70495f1436076343853437ad6cced1bb3c10"", ""5"": ""be6c7b8e133c33086807095b7ff40dbcde2fb681611d1f15ed6d50b9a8a1cb39"", ""6"": ""b8e1f735c66780998577977c99600fbbb4bdb2bf39a63b05b28b7dd35d94be19"", ""7"": ""326dfb83946e3f6f8d3e8c29b8ce757573b43f24cc93bb495af13de19dcfeb1f"", ""8"": ""3c1f91c121bde7d7d9d4bb27585ad0cf75bde1cd87c4cd7907bb0c327d2e572d"", ""9"": ""ca10e93f3f341b297056b8e9b54b7c41eab60f78b1293f3e32edb9b63655372a""}",,0,0,0,0,0.0,0.0,"{""0"": 6.863037736488332e-17, ""1"": 6.863037736488332e-17, ""2"": 6.863037736488332e-17, ""3"": 6.863037736488332e-17, ""4"": 0.11710523703759856, ""5"": 0.0073685072665627205, ""6"": 0.4992964782258952, ""7"": 0.15205023948164476, ""8"": 0.06757060975399087, ""9"": 0.15660892823430766}","{""0"": 6.863037736488332e-17, ""1"": 6.863037736488332e-17, ""2"": 6.863037736488332e-17, ""3"": 6.863037736488332e-17, ""4"": 0.11710523703759856, ""5"": 0.0073685072665627205, ""6"": 0.4992964782258952, ""7"": 0.15205023948164476, ""8"": 0.06757060975399087, ""9"": 0.15660892823430766}",[],[],0,0,0,0,0.0,3ccf2cee7041999d7b9776be5bb715a832f4d29dc5645cfd01e87c7752c8e9e8,b2a591b8d97ddecd0451667c38bf33b776542a7f1e6301d90644f3432af52b64,"[""proposal_created"", ""proposal_committed"", ""audit_accepted"", ""committed_once""]"
30,noexecutor,0,none,0,0,0,0,1,0,,77.35,,0.1,,bbb0fcbc1b7f8453fdaabbaa363f95ad0be78beedde8b309b17f2beacc3f897a,1,"{""0"": ""b11f6db8158032023a916c787058568b3d7bbdf4bce41dc1d49701af2931e590"", ""1"": ""b2713e5c45a9346fa902d0c74027a5ccdc7cea0ba29eed1c111ee08d34ff359b"", ""2"": ""74e5b0041cd03517f56a3b4552b14844fe857b08e983d39cdf3b8bd81926163b"", ""3"": ""83278381fd036ac1b75df139b459f06e6c4cb4badbe06b5e09420a88c12258a5"", ""4"": ""6ecef0e40c806d9be7432d6e667860afb1be1bb3cc22db7c425f05aa4919eaeb"", ""5"": ""f98ac883e0c47834da33e469d84cc07ae917f04c87a5717db54786034d2f030b"", ""6"": ""2f0e0b6bbd15acd1e83d4d2b49a2433bfd5beb2f6b414886704d756b36512fe5"", ""7"": ""775c3dc8e1ccf54d53f9d279a2602d793a4b6e489de2c481667d130ab83a1918"", ""8"": ""2f37a15f9dad9a86f0acf2373c2cf48aadd46461c3fe850520b403d7f2971113"", ""9"": ""5f3df424e8438b2cd31e44858084ec633d6c23bd0d360d5b5454f2620371c7c0""}",,0,0,0,0,0.0,0.0,"{""0"": 2.0589113209465e-17, ""1"": 2.0589113209465e-17, ""2"": 2.0589113209465e-17, ""3"": 2.0589113209465e-17, ""4"": 0.29858050912082107, ""5"": 0.004385527724946834, ""6"": 0.4752164469429139, ""7"": 0.15456365481482856, ""8"": 0.020271182926197263, ""9"": 0.046982678470292305}","{""0"": 2.0589113209465e-17, ""1"": 2.0589113209465e-17, ""2"": 2.0589113209465e-17, ""3"": 2.0589113209465e-17, ""4"": 0.29858050912082107, ""5"": 0.004385527724946834, ""6"": 0.4752164469429139, ""7"": 0.15456365481482856, ""8"": 0.020271182926197263, ""9"": 0.046982678470292305}",[],[],0,0,0,0,0.0,b2a591b8d97ddecd0451667c38bf33b776542a7f1e6301d90644f3432af52b64,5523e9408cf68da329da24ec5ffe9092bbf3acd8363f118d432cbb03f4eac20d,"[""proposal_created"", ""proposal_committed"", ""audit_accepted"", ""committed_once""]"
31,noexecutor,0,none,0,0,0,0,1,0,,80.05,,0.1,,c424e1b75784b67d3422ca49289918bec2b1053b803d92c4f2e40ba994652463,1,"{""0"": ""ab692a42936ba8bfb7c05ed91dc4b445d1bf863613ca21c9811e3a9989e51c49"", ""1"": ""73839040b5fafa93a20609335e0e6e4314bb4e5866e3885fd20d363ab161c80a"", ""2"": ""4e50784424bacf1a9ef71a71e4174b832e65145035a2a640c0058af0f42317af"", ""3"": ""f40ceb1f15b76346a807a64ecb378e9d0a8b60cd24d528ebb50b1e9d69b6aa8b"", ""4"": ""da7e22e766f4b80db42c0878df46be8bc715cb5d9bc27e5cc509059ccadeb81f"", ""5"": ""64fb8ad38d8e9da4ad03783adf6c0480bd5ef587c6584df485f36a4505c7adfd"", ""6"": ""c88f44235ee08fc656a7836347d38e46f31ec2fcd73930d9cced3d43d158a8dd"", ""7"": ""31ef168264678eacf5c9f14295fde6b180b2a71b011479991c67e8cc645fa913"", ""8"": ""bd58387830dde37c6ca2072b800fd3ffce2b21ac04839fe27235cdd578190318"", ""9"": ""90e60ab26183edd41b67b68c3ba5496e9ef0424e8406a174f7e231cf1aef4d37""}",,0,0,0,0,0.0,0.0,"{""0"": 6.176733962839501e-18, ""1"": 6.176733962839501e-18, ""2"": 6.176733962839501e-18, ""3"": 6.176733962839501e-18, ""4"": 0.1328742787616414, ""5"": 0.03129245505449843, ""6"": 0.2711447654661845, ""7"": 0.2579281112723429, ""8"": 0.1453196596550941, ""9"": 0.16144072979023877}","{""0"": 6.176733962839501e-18, ""1"": 6.176733962839501e-18, ""2"": 6.176733962839501e-18, ""3"": 6.176733962839501e-18, ""4"": 0.1328742787616414, ""5"": 0.03129245505449843, ""6"": 0.2711447654661845, ""7"": 0.2579281112723429, ""8"": 0.1453196596550941, ""9"": 0.16144072979023877}",[],[],0,0,0,0,0.0,5523e9408cf68da329da24ec5ffe9092bbf3acd8363f118d432cbb03f4eac20d,e272187278bf9bf5549cee85c244e2efcf4e22a3827febdbd68df86be60606b3,"[""proposal_created"", ""proposal_committed"", ""audit_accepted"", ""committed_once""]"
32,noexecutor,0,none,0,0,0,0,1,0,,76.89,,0.1,,c771840957fa320f6f49408997f548da5734a48bdb865f578ad9a66d151123c7,1,"{""0"": ""c7f67f0961bf62537cf4095621849efc4df936061b11798375980c9ef248b879"", ""1"": ""847c36024932bd4c3b14bcc7b59d049da95bcc01fd5d51ba5bc2c7aff330aecd"", ""2"": ""615c51d38373444ad3e870adee4083dc08060c7903498156c29401542fdc9b09"", ""3"": ""af9be4a3b5644565b20d09cee543322c02f751ac7aff06ec0d6f1faa1bed4ef8"", ""4"": ""4115ee18f2bf796c4416c91585202a2b7df59617a1f282fcfb31bce81f041631"", ""5"": ""a8492fae7a091b6847eb1f4624ecdb3cbfe36712cf6312dc0cfaaa136f9ef203"", ""6"": ""2580a74f80d2edfa445f1629c42b4fe62ec19d46b8b4a96f7c63d2f0cee200e8"", ""7"": ""db8df45e90b1171358579ec7c31528a54479e111ed41ece5ab48bd014562b985"", ""8"": ""ab4d43eca8af785bf98aad35189139a304bce148de33c5782071e9126759eaf5"", ""9"": ""e74e08b2335f163ab99f3ae20646f3e40032441714441f5534247e602b712ac2""}",,0,0,0,0,0.0,0.0,"{""0"": 1.8530201888518504e-18, ""1"": 1.8530201888518504e-18, ""2"": 1.8530201888518504e-18, ""3"": 1.8530201888518504e-18, ""4"": 0.03986228362849242, ""5"": 0.1599302947952141, ""6"": 0.17917319652439695, ""7"": 0.22792099166056745, ""8"": 0.1941384561753928, ""9"": 0.1989747772159362}","{""0"": 1.8530201888518504e-18, ""1"": 1.8530201888518504e-18, ""2"": 1.8530201888518504e-18, ""3"": 1.8530201888518504e-18, ""4"": 0.03986228362849242, ""5"": 0.1599302947952141, ""6"": 0.17917319652439695, ""7"": 0.22792099166056745, ""8"": 0.1941384561753928, ""9"": 0.1989747772159362}",[],[],0,0,0,0,0.0,e272187278bf9bf5549cee85c244e2efcf4e22a3827febdbd68df86be60606b3,bf4d0c5e024c8af739538dede2d206926bcdaff671493ef084a458daaf11cd70,"[""proposal_created"", ""proposal_committed"", ""audit_accepted"", ""committed_once""]"
33,noexecutor,0,none,0,0,0,0,1,0,,76.02,,0.1,,ab2d103f511947b33531f1e3c39aca7d87fa83483d3384a1ad1e8da6fded8ce8,1,"{""0"": ""8d77d53c49b57c25f88ade911ebb0d2165133a498c1a1ddda85519d97b180cfb"", ""1"": ""c18a9be033f243b19108d0a256a2bd5658572dcf0dc45d43efceae3231725fe3"", ""2"": ""fc767dfe63b62297d0808aeefb36d3033a5e5016f4ae238d74321690c3a4e325"", ""3"": ""ba87801eec4c4cd919e6d9dffc9041fcaae7debb94bc8cbe6e174fd520e53209"", ""4"": ""7c10ade1e835196340eb0d81736f399e44819b1a6fe931a9b5683c447459a294"", ""5"": ""e4d516307601dbf2125400912e0564fa103b8a8102fd12b89b9c089e0ca8c4e0"", ""6"": ""728ded6342382dd8cee13e1f5041265bee5440489680c8216d8587d11a3a97b6"", ""7"": ""8e87f37d2a6e287659c2620ba07e1e2d1e66c2f750cf8c8949c7706e7606fd76"", ""8"": ""4e7d5e4668bc6674994fc56f342154eff4568c9e873c9879b52c4d858039f9bc"", ""9"": ""98015a8b0dc94c1f3ed5eccb7588087ad6300d156069cb34c084613426a42e85""}",,0,0,0,0,0.0,0.0,"{""0"": 5.559060566555553e-19, ""1"": 5.559060566555553e-19, ""2"": 5.559060566555553e-19, ""3"": 5.559060566555553e-19, ""4"": 0.24289306715681616, ""5"": 0.055175942233758914, ""6"": 0.28468634102558754, ""7"": 0.2993106795664387, ""8"": 0.058241536852617855, ""9"": 0.05969243316478088}","{""0"": 5.559060566555553e-19, ""1"": 5.559060566555553e-19, ""2"": 5.559060566555553e-19, ""3"": 5.559060566555553e-19, ""4"": 0.24289306715681616, ""5"": 0.055175942233758914, ""6"": 0.28468634102558754, ""7"": 0.2993106795664387, ""8"": 0.058241536852617855, ""9"": 0.05969243316478088}",[],[],0,0,0,0,0.0,bf4d0c5e024c8af739538dede2d206926bcdaff671493ef084a458daaf11cd70,08a237fd6a8d9d4885629cfd9b701ccfbb546b374b892f1b9d1eed59ad0aaf31,"[""proposal_created"", ""proposal_committed"", ""audit_accepted"", ""committed_once""]"
34,noexecutor,0,none,0,0,0,0,1,0,,79.05,,0.1,,b857b2ca362492d1e1e73d3816302368cc6f87bb53dfb5fc15a664926a316da9,1,"{""0"": ""3a74ff1b094df169546f37e072798d87dda4562aa544f2e80ecfda286e56c829"", ""1"": ""ee5724d80445dc5ffc0d03580ed32163a22534634bee015be856c6458fac2495"", ""2"": ""94f372cc6eabf63f8a066c46081d5eb6b6eb745b3a7e2ffc0b1f0433f112b5c8"", ""3"": ""07d77cb911a11cc6bb7dd59b094a4e1240cc2495101fd28b0cade861c94d752a"", ""4"": ""7858d6c55aadb2b4093f888071951d3743e1c3cf2cfea71952e469c3a76c761e"", ""5"": ""7169a67859d1612b694a88a284de3adae7ccdeab7f73fdfcfc24206e3bfa5c0f"", ""6"": ""de6a3466ebb7e18c901dca165556e495f7cdcec6091bc4571dae3613dfd6f179"", ""7"": ""75016b9a19f0dbf1db93dba3a6da146f40f4581b97b88881f2885b20eea59128"", ""8"": ""22977d06dc68cfcb7a697acc46b27d21bf2aacdd5fe54f91c603b241af59484e"", ""9"": ""0a476a7912a6bf124afa9f8bc58b69eb9cb3328e78738b08c19a5b68d6d3de23""}",,0,0,0,0,0.0,0.0,"{""0"": 1.6677181699666655e-19, ""1"": 1.6677181699666655e-19, ""2"": 1.6677181699666655e-19, ""3"": 1.6677181699666655e-19, ""4"": 0.40311147631140315, ""5"": 0.016552782670127674, ""6"": 0.4156494584720346, ""7"": 0.1293060915412148, ""8"": 0.017472461055785357, ""9"": 0.017907729949434265}","{""0"": 1.6677181699666655e-19, ""1"": 1.6677181699666655e-19, ""2"": 1.6677181699666655e-19, ""3"": 1.6677181699666655e-19, ""4"": 0.40311147631140315, ""5"": 0.016552782670127674, ""6"": 0.4156494584720346, ""7"": 0.1293060915412148, ""8"": 0.017472461055785357, ""9"": 0.017907729949434265}",[],[],0,0,0,0,0.0,08a237fd6a8d9d4885629cfd9b701ccfbb546b374b892f1b9d1eed59ad0aaf31,be754d25b99c7ad0057b2aa9b545c62069b8ecfd2a9ec9dfd5e1f05f59136e6f,"[""proposal_created"", ""proposal_committed"", ""audit_accepted"", ""committed_once""]"
35,noexecutor,0,none,0,0,0,0,1,0,,77.95,,0.1,,19f9de49cfa59af6f406dd363b04e90f88f9f0d94005e4a3a46a5a21acd2d499,1,"{""0"": ""b5e0091a44c256f7d92927d05b4ba317280105c6904e04a1f001a016a30d496f"", ""1"": ""cdd49ea24ffbf880987b8731b4863c49a5c96c83c0a1421319e885644b1b9f5b"", ""2"": ""f7c7dc34aad82a5ae303ea701f3948b1b53784aaf7ea82d70743055a0ed40ca0"", ""3"": ""0c51ae493f23f368387c19908a2679e4af9b6fd60a83199bd38ef4d20380f8cb"", ""4"": ""5c827c46abde7d1935c506968ed899c94888b57e8f98456ba57f03595e873b52"", ""5"": ""bcdc895686242d2e4b0106c7517919df7bf65c35936ad0d94a8121ee1ea9d41a"", ""6"": ""c63366a09acdc3f967880b0f145f76accb327e2ffb4a4446ca900c8e8710835d"", ""7"": ""0f0bc8ad35c1764104825b7f08601d058fca3a4bbcf7910613b7388e7c47621b"", ""8"": ""458e89e42bf2768c6f857e49ce6025e1f5cf768410ee85504c38e476d0f22a85"", ""9"": ""55a947fb7d97db2f178a88b5afd6de8d9e2042461b65d06e4980c5e506085c3f""}",,0,0,0,0,0.0,0.0,"{""0"": 5.003154509899997e-20, ""1"": 5.003154509899997e-20, ""2"": 5.003154509899997e-20, ""3"": 5.003154509899997e-20, ""4"": 0.1265507921091416, ""5"": 0.060434915490244774, ""6"": 0.14089945908909482, ""7"": 0.4615103158905085, ""8"": 0.10905255981304672, ""9"": 0.1015519576079635}","{""0"": 5.003154509899997e-20, ""1"": 5.003154509899997e-20, ""2"": 5.003154509899997e-20, ""3"": 5.003154509899997e-20, ""4"": 0.1265507921091416, ""5"": 0.060434915490244774, ""6"": 0.14089945908909482, ""7"": 0.4615103158905085, ""8"": 0.10905255981304672, ""9"": 0.1015519576079635}",[],[],0,0,0,0,0.0,be754d25b99c7ad0057b2aa9b545c62069b8ecfd2a9ec9dfd5e1f05f59136e6f,494f55c554aa686f4b8f86d7c68669e87a17a3a5616b9ad847e8e7a237028955,"[""proposal_created"", ""proposal_committed"", ""audit_accepted"", ""committed_once""]"
36,noexecutor,0,none,0,0,0,0,1,0,,74.18,,0.1,,854750732467310487f082d3e7033ee94e46ef4d0329d226d24515f53062983c,1,"{""0"": ""7a930eb6280aa9289a1561572319bf05c69c6305b81111e5997ba072c3f0eb07"", ""1"": ""d5a2ba042fe901ff9b839d49ae14ba2d72f6dea54aa13770a72853615448dc2e"", ""2"": ""9eb1cee20e3308eced3bb1dbe5441e6212b315dea3c463afd38572593f11e17d"", ""3"": ""1a52701094e5221a52f9798f22563f640bd296b596ab94b60b5e1a7c9ea41bfb"", ""4"": ""685c5ca56108eb4736b1124e25da009139485994c37bf29ba1bfbf8764e480dd"", ""5"": ""4c3d7262fad8865e43306d020f64e70e800396ca707a53ab3c20eab2c1efd14b"", ""6"": ""3d01fb9d38fa1880413cf0c9a8d01253ddb2abef5b6dbdba026f50adbca87e80"", ""7"": ""b5017a6bcd529adc6b0c6e3430bfd0aecc3dd73f1bf5721973316640673bfb39"", ""8"": ""9feea91d0bc7c0b840172048e1d1b0ec344dc83679fe90ff57c293ad50660b23"", ""9"": ""d202c4cba125ec6b4ede3383a55b25091444a9e5bcacc10b6f94af86f217cf58""}",,0,0,0,0,0.0,0.0,"{""0"": 1.5009463529699994e-20, ""1"": 1.5009463529699994e-20, ""2"": 1.5009463529699994e-20, ""3"": 1.5009463529699994e-20, ""4"": 0.03796523763274249, ""5"": 0.0652958527384389, ""6"": 0.04226983772672845, ""7"": 0.1928090479481129, ""8"": 0.2814051270422846, ""9"": 0.3802548969116927}","{""0"": 1.5009463529699994e-20, ""1"": 1.5009463529699994e-20, ""2"": 1.5009463529699994e-20, ""3"": 1.5009463529699994e-20, ""4"": 0.03796523763274249, ""5"": 0.0652958527384389, ""6"": 0.04226983772672845, ""7"": 0.1928090479481129, ""8"": 0.2814051270422846, ""9"": 0.3802548969116927}",[],[],0,0,0,0,0.0,494f55c554aa686f4b8f86d7c68669e87a17a3a5616b9ad847e8e7a237028955,6c547b3b3a71e01ae7212b2518dcbd1403e97de14ccdadecd6b04d3358e86bef,"[""proposal_created"", ""proposal_committed"", ""audit_accepted"", ""committed_once""]"
37,noexecutor,0,none,0,0,0,0,1,0,,79.23,,0.1,,f51aef53ac7cc09501a507450d9ca48f77d7f1e96f601c3d08d5411e6fc41689,1,"{""0"": ""30918eefd8d65722fd4735bf2b023a29c8df4aebbbca4522da330dd508453702"", ""1"": ""9a0a31a982b98fa5d57c26e351aefeb74a24e0ca66ffad7143d70098dc665737"", ""2"": ""0f2eb8411d063901c25acd3b220e6359109c2555d01482740e6537a526ae5dfb"", ""3"": ""8af8cd209939d5c0ef2aa919818b3d7336471e304081a66ec36bb65009febdb9"", ""4"": ""770e9b04fa9cca3e3d13e69d24ad61951fb453943ad8694587ca1818a4767784"", ""5"": ""80d61536e3b1ff5315984924678f28e241f907daa59771fdb2ce538368118e9b"", ""6"": ""b991d6e9270f722d1fba6334ebc210ffa8095a99dc74f664c2d1b5c46c6ccc90"", ""7"": ""a5adc5bd7eb58ab55ddb980d3e3693cf7701f610a3c33e5f8b1d46655b5bbedb"", ""8"": ""8e80b241e9e9119dbc827fc00e26cd1b0a34c2770bdfe10fff97df6f0d598878"", ""9"": ""f3d0cafa5b9fcbed1612b057989fe6ad9133ff0601acb660ba1a503d56522c8f""}",,0,0,0,0,0.0,0.0,"{""0"": 4.5028390589099985e-21, ""1"": 4.5028390589099985e-21, ""2"": 4.5028390589099985e-21, ""3"": 4.5028390589099985e-21, ""4"": 0.18473463675613438, ""5"": 0.1929338212878433, ""6"": 0.18602601678433017, ""7"": 0.2311877798507455, ""8"": 0.0844215381126854, ""9"": 0.12069620720826121}","{""0"": 4.5028390589099985e-21, ""1"": 4.5028390589099985e-21, ""2"": 4.5028390589099985e-21, ""3"": 4.5028390589099985e-21, ""4"": 0.18473463675613438, ""5"": 0.1929338212878433, ""6"": 0.18602601678433017, ""7"": 0.2311877798507455, ""8"": 0.0844215381126854, ""9"": 0.12069620720826121}",[],[],0,0,0,0,0.0,6c547b3b3a71e01ae7212b2518dcbd1403e97de14ccdadecd6b04d3358e86bef,e13eba7b52692ddb34257c522e374e628aa9aca854c9c2823b0c749b0c52da48,"[""proposal_created"", ""proposal_committed"", ""audit_accepted"", ""committed_once""]"
38,noexecutor,0,none,0,0,0,0,1,0,,75.91,,0.1,,e7075ad4c0c3aa348b380a8f37ddd2e11794336dfaed37ae670122b60a759aea,1,"{""0"": ""39807880e14b6fbe2ad30d144de39eb31274a8fc83f02b7263ef673cb12d8e84"", ""1"": ""3a411c0a6c9f056374f466233858c058873a69a509323c9b479366b29a853589"", ""2"": ""6fab0a533e0b4cd3d6eb1d6f73f614e221fe6f469b64bfe3c03bc4f0bfc4e4c5"", ""3"": ""95e1bc75f3ace931e2a22b5b6fc70faa38c2efab812d6aaa1489ffea22cfc5d6"", ""4"": ""3808552445ff6fd3368044fe07cb8d7610a924428c82a6931f6b474aea0d6ac9"", ""5"": ""340e9c90bf963d10bcecc415eea04ffc8731bb3bea1b0066e3a0c4bc16925261"", ""6"": ""08a99f213a261240781979ce3d87c449b668b72af8697a6909ff545caa6f2b29"", ""7"": ""6efcce363ec081f1f55fda03126c94ca74f6d2644a34704e28101c391b9d7f39"", ""8"": ""420450083aa1804406b4b670293fd77ab46c598cd5377df9643471c7f0c70544"", ""9"": ""c0e4c1dec6ed882240adb4263b72446d98d544949e73529ab1d2fdec6a4e1bb3""}",,0,0,0,0,0.0,0.0,"{""0"": 1.3508517176729998e-21, ""1"": 1.3508517176729998e-21, ""2"": 1.3508517176729998e-21, ""3"": 1.3508517176729998e-21, ""4"": 0.32958235943961345, ""5"": 0.06055011917184028, ""6"": 0.4789758638370387, ""7"": 0.06935633395522367, ""8"": 0.02532646143380562, ""9"": 0.03620886216247837}","{""0"": 1.3508517176729998e-21, ""1"": 1.3508517176729998e-21, ""2"": 1.3508517176729998e-21, ""3"": 1.3508517176729998e-21, ""4"": 0.32958235943961345, ""5"": 0.06055011917184028, ""6"": 0.4789758638370387, ""7"": 0.06935633395522367, ""8"": 0.02532646143380562, ""9"": 0.03620886216247837}",[],[],0,0,0,0,0.0,e13eba7b52692ddb34257c522e374e628aa9aca854c9c2823b0c749b0c52da48,5c4850c6a9821c501d4ae7e74da56b2582b33177956c93063144a51c7647e89f,"[""proposal_created"", ""proposal_committed"", ""audit_accepted"", ""committed_once""]"
39,noexecutor,0,none,0,0,0,0,1,0,,80.38,,0.1,,d5b0c34efc65d47d6d2ee7c77f5a861ba37f6451c4ddfd268b86f51b08568708,1,"{""0"": ""b276d6170899e4fa94129c2859cd9d8d1a9f481cdc261846d4049905f6317073"", ""1"": ""3d5b2c38bf4ae94771e441f1b44cda9d993d656f0497d5b526db7bf538a0dc83"", ""2"": ""6dfbaafecf23f18cc3d6f5452e41526921b53041db34e7145924b471fb5bc712"", ""3"": ""f4b4156947b362024de971807306bea33d58bda79238485879756ce80e2c2a8f"", ""4"": ""92e4b751b502969b5d8912b884828d7e0044512d519e641739cb9d732a83fe7c"", ""5"": ""0e4aa3972303ebba8ef7226c3bb4655f3d497f12e6f6ca53ffc06ff7013a2422"", ""6"": ""5f9f9b72db98a8c96fade8465fcfef4d3c134d6ecb373086afd3a73802dc7dd3"", ""7"": ""3947aa51475b978bc216d4de31dcb8e6b482f58034462469172076dc291edf7d"", ""8"": ""bbe9892b4744c5749c92c550621a909d436da7f1d3ecff3ee9ede8e8e7abbf96"", ""9"": ""cf220ca3a20c2ae8e747953c734baf57ae4c46bc36def896d050e56acef533c5""}",,0,0,0,0,0.0,0.0,"{""0"": 4.052555153019e-22, ""1"": 4.052555153019e-22, ""2"": 4.052555153019e-22, ""3"": 4.052555153019e-22, ""4"": 0.27412511532860023, ""5"": 0.19341544324826826, ""6"": 0.14369275915111163, ""7"": 0.19605730768328328, ""8"": 0.09935877605417565, ""9"": 0.09335059853456107}","{""0"": 4.052555153019e-22, ""1"": 4.052555153019e-22, ""2"": 4.052555153019e-22, ""3"": 4.052555153019e-22, ""4"": 0.27412511532860023, ""5"": 0.19341544324826826, ""6"": 0.14369275915111163, ""7"": 0.19605730768328328, ""8"": 0.09935877605417565, ""9"": 0.09335059853456107}",[],[],0,0,0,0,0.0,5c4850c6a9821c501d4ae7e74da56b2582b33177956c93063144a51c7647e89f,195daa93833dae6bec74351ad0836cb5b861419629b7846c02f84b8427bff3f3,"[""proposal_created"", ""proposal_committed"", ""audit_accepted"", ""committed_once""]"
40,noexecutor,0,none,0,0,0,0,1,0,,76.54,,0.1,,23d33f585c61db014bb314e9ecfff3ce99b51df069b6547b6e77c1bc3a004999,1,"{""0"": ""7a78b500e86f314f6fc861bce59f005653fb8e7ae9fb8e75d19df0f30827826c"", ""1"": ""c6f18664ef17103b6071c347078a1eaa8cbb8b94f2648726179323bed959c7dd"", ""2"": ""7ac6fff2edd9d323749f82abeeb0e8fd7e25038cd7ec97f2b265d8bfcb0890a9"", ""3"": ""58ee0702bf6a41ad7f1cfe04c4f0eb6aa0d5d4d9ed3ab5a33a90cedad67381f5"", ""4"": ""e9e5af24e819349958d5a37a8d7f92edafd3297de15c0fb0a26804916a698ce5"", ""5"": ""d4d21082b7e1cde91e77d7b5f2690336bb7229bfecaf26da39c8dc21178f0073"", ""6"": ""a40c904148c857549a177a748c19583963b5bfc787b4b970ceebeed57fa7c2c9"", ""7"": ""157fce1f0ff8bf3ba6421465d8abc63228e5b0b9f4658876dddba891c9335780"", ""8"": ""d480dd71e2224b7ecba4510eca6bdc7049d7ffbcade46c9967b1295d7dfce690"", ""9"": ""613414db2751f40b6e23275ca0dc5e179b0a8495d56adf4840f66c176c21ac12""}",,0,0,0,0,0.0,0.0,"{""0"": 1.2157665459057002e-22, ""1"": 1.2157665459057002e-22, ""2"": 1.2157665459057002e-22, ""3"": 1.2157665459057002e-22, ""4"": 0.08223753459858008, ""5"": 0.05802463297448049, ""6"": 0.0431078277453335, ""7"": 0.29215052563831834, ""8"": 0.26314096614958604, ""9"": 0.2613385128937017}","{""0"": 1.2157665459057002e-22, ""1"": 1.2157665459057002e-22, ""2"": 1.2157665459057002e-22, ""3"": 1.2157665459057002e-22, ""4"": 0.08223753459858008, ""5"": 0.05802463297448049, ""6"": 0.0431078277453335, ""7"": 0.29215052563831834, ""8"": 0.26314096614958604, ""9"": 0.2613385128937017}",[],[],0,0,0,0,0.0,195daa93833dae6bec74351ad0836cb5b861419629b7846c02f84b8427bff3f3,270a97361b7479f6f9615d3408f473b23514f7f6dd576291395de0bd904cd50c,"[""proposal_created"", ""proposal_committed"", ""audit_accepted"", ""committed_once""]"
41,noexecutor,0,none,0,0,0,0,1,0,,80.33,,0.1,,874f1c12eaaf0f75e5bc8488e12c06f2013699fc9b8cf3d45f633d7c4a502abf,1,"{""0"": ""8ef4176c6d487c2e2ab486ddec2ec50daa40313ea8eacd95b5f91e37978dda95"", ""1"": ""9d8d7063dc8551be5fb5b425ce349f64e51e4accc1af9fe870d7747073d07f91"", ""2"": ""3337aacc56d871e6f52150148835d413dc16f4ae3993dac5146b0b60e23daa43"", ""3"": ""c6290a446801a0564e9d5cf932db18322302cdebf97d1832dc4600d4d58d329c"", ""4"": ""31dddb2c03b2ae2548e2910ba433fa64095c03970d829f4e896d041ef891826e"", ""5"": ""b399fdcf5c68e027d8583691aeb3e143bc899184305b5913466a9b2119fb41b3"", ""6"": ""2971ffd1ed8199aebd5bbaa56d50c961f20f13aab0baaff104ba528b51f0b86e"", ""7"": ""d46cc3bdaedecf32315968e103c0cda95d8751f3467630ed198fd86ba08af45c"", ""8"": ""529ad6dd0793dea9181b3107f13e2907b1fae0b479d94395563f6c71488db567"", ""9"": ""979251024e148731a84a8f7559c84951bb7ec18518f49b25a022b3517e5650e4""}",,0,0,0,0,0.0,0.0,"{""0"": 3.647299637717101e-23, ""1"": 3.647299637717101e-23, ""2"": 3.647299637717101e-23, ""3"": 3.647299637717101e-23, ""4"": 0.39212306990384443, ""5"": 0.12447741131585723, ""6"": 0.12339722349821378, ""7"": 0.20265845156909812, ""8"": 0.07894228984487581, ""9"": 0.0784015538681105}","{""0"": 3.647299637717101e-23, ""1"": 3.647299637717101e-23, ""2"": 3.647299637717101e-23, ""3"": 3.647299637717101e-23, ""4"": 0.39212306990384443, ""5"": 0.12447741131585723, ""6"": 0.12339722349821378, ""7"": 0.20265845156909812, ""8"": 0.07894228984487581, ""9"": 0.0784015538681105}",[],[],0,0,0,0,0.0,270a97361b7479f6f9615d3408f473b23514f7f6dd576291395de0bd904cd50c,3731707ba6baf5b77b40a305a8887f5376c8329e99f58ec05100451d9918042b,"[""proposal_created"", ""proposal_committed"", ""audit_accepted"", ""committed_once""]"
42,noexecutor,0,none,0,0,0,0,1,0,,78.21,,0.1,,03103649a16eb30a02ceeeb8d87fabf16588dabd84e6135f06e8ae7ea125653d,1,"{""0"": ""fdcde38a13aa4f3098d5c80c6e96b34f9db72daceef06c43edcb4f826257e4ba"", ""1"": ""300206c8961bd360319afeb52f9ae536f31bfd98f38760857774fc11a69c17df"", ""2"": ""2bbef38f61d97b6d5e85a0aac3fc9a2f4de94baad36fcd4c51adf3b3cc70c899"", ""3"": ""52eb587b24f1f25db134a305bc9e78f48ab8cb11fdc8d8c4d099a1cb2e0c4a98"", ""4"": ""b3c6438df659cda63dbb620a8a72a1694cd0ab7d7933fb248679194de11f0d85"", ""5"": ""e6ea407cd714c1ae0bf42a3878ba7aced5ac3c710af3789da3a8c882f019e774"", ""6"": ""be78f87f77c4f2683f3327f9e1ef620deb82333fa8a79342cd93333e3daae01b"", ""7"": ""93ff5d3b35768471066d06ab30512e66cf56a741019c2ef2d793ce444dbd14cb"", ""8"": ""5daa0d3dc558091e3d327caaa96fbe85141f3e73462a36632a46a52bc27ce8ae"", ""9"": ""dab2bcfd2e73b3ae4829417a57964ec7c6751dc94670797a77571c06db92dd52""}",,0,0,0,0,0.0,0.0,"{""0"": 1.0941898913151306e-23, ""1"": 1.0941898913151306e-23, ""2"": 1.0941898913151306e-23, ""3"": 1.0941898913151306e-23, ""4"": 0.11763692097115336, ""5"": 0.2578234128770281, ""6"": 0.2646605807848209, ""7"": 0.069688483703643, ""8"": 0.0390287217675648, ""9"": 0.2511618798957899}","{""0"": 1.0941898913151306e-23, ""1"": 1.0941898913151306e-23, ""2"": 1.0941898913151306e-23, ""3"": 1.0941898913151306e-23, ""4"": 0.11763692097115336, ""5"": 0.2578234128770281, ""6"": 0.2646605807848209, ""7"": 0.069688483703643, ""8"": 0.0390287217675648, ""9"": 0.2511618798957899}",[],[],0,0,0,0,0.0,3731707ba6baf5b77b40a305a8887f5376c8329e99f58ec05100451d9918042b,08c04d94aa0ea7c3203ccc356780b37f29322ba86ad5762851c9e9da788e1b82,"[""proposal_created"", ""proposal_committed"", ""audit_accepted"", ""committed_once""]"
43,noexecutor,0,none,0,0,0,0,1,0,,82.56,,0.1,,f9ee83b31a01991caeef888b2e1352d1d11f6d41322aec285342c0af20021057,1,"{""0"": ""aeedbc6055ecb6d1f2b0d550dea11c10fa638d5d8352c4a3a5c271be9e78973d"", ""1"": ""cbadf26b8f9cf9985f3c020d1290bc458f5ab352974e2e3dff5ac8a1a556c0f5"", ""2"": ""5d2f891a2bbe3a363f201179f56aff7972b23e8b280cf438e175b12a1d3f38e6"", ""3"": ""491572767e7d78722961eccbec56fa2df53208b3f8a274300c140adfe029f6ec"", ""4"": ""e466769e0a1f9a77f6801f73505a790c51cc6a19f772b585251d255fca77a2fe"", ""5"": ""bd1df4b3e535ff777e105046cbfb4062fdd5991740cc4a6945632b72b6176f5a"", ""6"": ""e954b5054c97e382be9cd36356fde1ecba9a80342c329577386e067d3ebea255"", ""7"": ""0fbd3acdfdf15d6e1c3460a2e945065151dbe88f385b6c7c36d591a56b732a10"", ""8"": ""275b104857f340d50deb762c34c4b849b99c8f046538f85b5798eda48b32f557"", ""9"": ""0ff7198039f25e189ca07c94ab0d513f39a131e700623e120a9bce950a5c3eb2""}",,0,0,0,0,0.0,0.0,"{""0"": 3.2825696739453925e-24, ""1"": 3.2825696739453925e-24, ""2"": 3.2825696739453925e-24, ""3"": 3.2825696739453925e-24, ""4"": 0.20632432396343448, ""5"": 0.07734702386310843, ""6"": 0.25043142190753476, ""7"": 0.10472808705535622, ""8"": 0.11478733156974072, ""9"": 0.24638181164082545}","{""0"": 3.2825696739453925e-24, ""1"": 3.2825696739453925e-24, ""2"": 3.2825696739453925e-24, ""3"": 3.2825696739453925e-24, ""4"": 0.20632432396343448, ""5"": 0.07734702386310843, ""6"": 0.25043142190753476, ""7"": 0.10472808705535622, ""8"": 0.11478733156974072, ""9"": 0.24638181164082545}",[],[],0,0,0,0,0.0,08c04d94aa0ea7c3203ccc356780b37f29322ba86ad5762851c9e9da788e1b82,1989ee617172cc0fbcdc0774047ca30a0ce8318e914e515bce4ba2d11bdc5479,"[""proposal_created"", ""proposal_committed"", ""audit_accepted"", ""committed_once""]"
44,noexecutor,0,none,0,0,0,0,1,0,,81.07,,0.1,,4d4630bb26d738209604e7afbd9aaa59ea0d5cb2ad677255fc70eec5f5d0f166,1,"{""0"": ""ba80099dc4eef9e327f61f77ca726062be0a532cfb1338295c405b233ae1b01b"", ""1"": ""734fe5a3a69e8ba90f0c1a5524cef8f3f8b80cd702e3dbec7711e85af66bfd01"", ""2"": ""94f7fa368c2dc6ccaf6e42c567eba27cddf350964130c604bfaeda4f8859fb59"", ""3"": ""10e1d345d27c58ba69c39c074b1189cd79e4490ecc7a4770167774ed9dbda6b4"", ""4"": ""125d873c0ad0f011b49bd2cfff94410ac87108176d86491143ede9b6250fe730"", ""5"": ""eb329e8fdb3ee44008bb332e94a8de1f7e86adca01868c7746b7296320c663b2"", ""6"": ""e67cb319f2f39764e15ee2314c4c368e18ed2475304c355a939ee729e2b0c793"", ""7"": ""e2894449a2c335ec3f2d3cf27a36a6c838be6626e17acc936991db22f14ad166"", ""8"": ""58bdeb85e891dbdae05cd33630404cf2aca78cc38b469d54bb25d0d91b73b931"", ""9"": ""06cd44e044efaee3b5c27ea3e6948e717578824362803f5f9d0e8c86d6b6205b""}",,0,0,0,0,0.0,0.0,"{""0"": 9.847709021836178e-25, ""1"": 9.847709021836178e-25, ""2"": 9.847709021836178e-25, ""3"": 9.847709021836178e-25, ""4"": 0.1469336610548963, ""5"": 0.023204107158932532, ""6"": 0.3826112446393275, ""7"": 0.03141842611660687, ""8"": 0.3419180175379892, ""9"": 0.07391454349224764}","{""0"": 9.847709021836178e-25, ""1"": 9.847709021836178e-25, ""2"": 9.847709021836178e-25, ""3"": 9.847709021836178e-25, ""4"": 0.1469336610548963, ""5"": 0.023204107158932532, ""6"": 0.3826112446393275, ""7"": 0.03141842611660687, ""8"": 0.3419180175379892, ""9"": 0.07391454349224764}",[],[],0,0,0,0,0.0,1989ee617172cc0fbcdc0774047ca30a0ce8318e914e515bce4ba2d11bdc5479,5fa3991b21d74ea17df6f4581bfefa0ca81a55b44b965e3695a54cfba0c3ae79,"[""proposal_created"", ""proposal_committed"", ""audit_accepted"", ""committed_once""]"
45,noexecutor,0,none,0,0,0,0,1,0,,82.37,,0.1,,a41fac92a0499b131f3c33716d0c34e4aa70da84aadf6736b50971de18334617,1,"{""0"": ""e8ba31c7b3d01a6c14b0fcc287c4a5a81eafe9eca1f545fa56c9dd5e0727adbe"", ""1"": ""ad6c6e9fa7b28241e638af735cb4a6462759efce19b6ace218d1768ee815bfca"", ""2"": ""d57fc0f8405d0cb5fcd56e74237918f157ff867742956900605e57320113d105"", ""3"": ""ee22e7b05bec3f9e102ccc23d68e959d9c4240ad72b5d3817df9d320d8276490"", ""4"": ""3be796867b422957e6d5d40f6bdf59b996d42463450c17393fb774dd7fc171bb"", ""5"": ""6d2e59db9e370d70be28c05cdbd12fbfc99d38b68e79e291eb87554bbce03553"", ""6"": ""e5132ad8701d42ec16810e47c99686e9a95f57220f96b0597ae2a645b9f1a13d"", ""7"": ""e39f42a86c8265102b89ebcce11175055d070b035e78675ee78f612ddceb7cf6"", ""8"": ""a05ada2982d4b556c2416f15977303d3b67007447df50c86900dfdc005999a03"", ""9"": ""a4cf840e91cb3cac7d793f1a1d7ab497e16fb580ebde3f13ea3a5915717994a3""}",,0,0,0,0,0.0,0.0,"{""0"": 2.954312706550854e-25, ""1"": 2.954312706550854e-25, ""2"": 2.954312706550854e-25, ""3"": 2.954312706550854e-25, ""4"": 0.2518537883682572, ""5"": 0.1411106940933467, ""6"": 0.3225570634435866, ""7"": 0.13826629472365826, ""8"": 0.10257540526139679, ""9"": 0.043636754109754594}","{""0"": 2.954312706550854e-25, ""1"": 2.954312706550854e-25, ""2"": 2.954312706550854e-25, ""3"": 2.954312706550854e-25, ""4"": 0.2518537883682572, ""5"": 0.1411106940933467, ""6"": 0.3225570634435866, ""7"": 0.13826629472365826, ""8"": 0.10257540526139679, ""9"": 0.043636754109754594}",[],[],0,0,0,0,0.0,5fa3991b21d74ea17df6f4581bfefa0ca81a55b44b965e3695a54cfba0c3ae79,a747c122ec8b68cc027f8fc3bab377052afea37b622151fc644b5d092b01f6a1,"[""proposal_created"", ""proposal_committed"", ""audit_accepted"", ""committed_once""]"
46,noexecutor,0,none,0,0,0,0,1,0,,74.4,,0.1,,2d32886d43fb04ae21666f0f1e3bb06c6c6b202e894c9a2ec49e364ff05b753e,1,"{""0"": ""0aa4957051cdc092ce7bf31f906cb6b491150e5b96c6a2ed3708c7b80698ca6f"", ""1"": ""658de49305a2418d89ff5bdf5f0b15c0efdc3de9f3b06272bcd0aaaebf19cb21"", ""2"": ""8beaaac5274f9f78b414a9ec1b44f02ba24118fc6848d7a8592b482486e90979"", ""3"": ""e8ecfc02910e58c8845af94b5576a6978c1ea60773d814aa771d0d8f117e97b6"", ""4"": ""0cd73e3d24eaba7fcf2d3ce69e7c370718139ef9e3073c37839f9dae240f3105"", ""5"": ""84189624d5b4638129326a1345897fdc342f18148b5ee9bd778b5242ff9493a9"", ""6"": ""906bbc43a797e48b8c73f8a85cb7c959015f5d5fa1177995d42c7edb40e4a096"", ""7"": ""ab235e7771fbe6cf17f035124ee20c7618cc80d934a92a38c1ca9b53a4662d4f"", ""8"": ""0b2e8c835dabd9fd397308dcd7e3e4a15fc56a96c6ab928e475e334ddb302536"", ""9"": ""48bf0dfccc041efdbd4b682c4a0aa1f421379cc396e25923841e1cd12b4dee12""}",,0,0,0,0,0.0,0.0,"{""0"": 8.862938119652563e-26, ""1"": 8.862938119652563e-26, ""2"": 8.862938119652563e-26, ""3"": 8.862938119652563e-26, ""4"": 0.12021484974324334, ""5"": 0.2623873181986209, ""6"": 0.3967443876354579, ""7"": 0.17678979661133248, ""8"": 0.030772621578419042, ""9"": 0.01309102623292638}","{""0"": 8.862938119652563e-26, ""1"": 8.862938119652563e-26, ""2"": 8.862938119652563e-26, ""3"": 8.862938119652563e-26, ""4"": 0.12021484974324334, ""5"": 0.2623873181986209, ""6"": 0.3967443876354579, ""7"": 0.17678979661133248, ""8"": 0.030772621578419042, ""9"": 0.01309102623292638}",[],[],0,0,0,0,0.0,a747c122ec8b68cc027f8fc3bab377052afea37b622151fc644b5d092b01f6a1,0ad6bcf9769eb696f78657eadb81475337492b019cabee1a45f02460ddecebcd,"[""proposal_created"", ""proposal_committed"", ""audit_accepted"", ""committed_once""]"
47,noexecutor,0,none,0,0,0,0,1,0,,83.86,,0.1,,694b1a778b09c33dbf29caae78e205f42ac55ea6d08eff587ae17952ff571cbc,1,"{""0"": ""c3fce695696173d2aaacebe0d6bb79b70eba364987c9dd4b1099d921e31020fd"", ""1"": ""dd58aecb7407150932d118ab784c5c3ebb2b3e17eb64c5d087f3655fb3fdf0d6"", ""2"": ""9b89020b9353993ee7fcdd0438c7b1de6b5430a1c3ee015b3ad4d088a2adab18"", ""3"": ""cc56e68fc38f4a55e85dbc8d5d3fb95fac1efc477915ec2b42da33321451eff9"", ""4"": ""44f2cf86758350efdfd48fffb9df4d2c66b4e2962fcc5b26ddc1b291a18ba803"", ""5"": ""6b388ff7cdc0bcede9938bf90c40ef9daf15e0be14f4135f28013d17e1156a40"", ""6"": ""9cd4b7fce80db7485250244eac604bfdf2194a6c33411c1aad599cc7c1d18f2a"", ""7"": ""076ce9a6429554b625e57aabc796b641e07b17275faa1a6330a574f3a19a5952"", ""8"": ""4151c605ebe5a133dd3a1394a244ee70eb44183ca7e250b13c2598be1e7210d1"", ""9"": ""b7d98b3005f5c9ca9e1ae55e71f2b38a3b890ab11fa4032bd9e5e1a2aca0a2fe""}",,0,0,0,0,0.0,0.0,"{""0"": 2.658881435895769e-26, ""1"": 2.658881435895769e-26, ""2"": 2.658881435895769e-26, ""3"": 2.658881435895769e-26, ""4"": 0.4728044649465127, ""5"": 0.07871619545958627, ""6"": 0.19795124298139677, ""7"": 0.05679146328166531, ""8"": 0.14260306821128185, ""9"": 0.05113356511955708}","{""0"": 2.658881435895769e-26, ""1"": 2.658881435895769e-26, ""2"": 2.658881435895769e-26, ""3"": 2.658881435895769e-26, ""4"": 0.4728044649465127, ""5"": 0.07871619545958627, ""6"": 0.19795124298139677, ""7"": 0.05679146328166531, ""8"": 0.14260306821128185, ""9"": 0.05113356511955708}",[],[],0,0,0,0,0.0,0ad6bcf9769eb696f78657eadb81475337492b019cabee1a45f02460ddecebcd,1306d882d0ba2a5eb2a412d5a702cf06c94dd5fe3a1207980c99a05944512b56,"[""proposal_created"", ""proposal_committed"", ""audit_accepted"", ""committed_once""]"
48,noexecutor,0,none,0,0,0,0,1,0,,78.5,,0.1,,20753551e9ceb0b07c1017a39f644cf2dceafb0c1f6303bf4195902fd916cbe0,1,"{""0"": ""edc28a4e77e5daa5bf16ae0f17d2d07350f16050bc244f17e55700afd3603c08"", ""1"": ""b627858a2c7586d658893e7f3e2e69a8c21c2b11b7207fad064aa957a60a4add"", ""2"": ""0e8d4726fb0a4c1f4160d7e3533efcd685fc9c59b43cbb028d2d83175dcc8b4e"", ""3"": ""12e26860897e5908a6d9a76bb943c507152dff8561d69ed2f7a9efa5eda985c2"", ""4"": ""99896fd08050614b8ab4863208ed2059bad22e440a76d4c3f3ac8eaa0d11da05"", ""5"": ""dc2aae719f22f4970ccd7f7bf46121bb92d3f12c5ff7877bcaa43ca41f098d93"", ""6"": ""2bff92cc50d3c6d099d196da0a49edffb9daf8ac5edc5b174d0e5229643c7cc2"", ""7"": ""4f8d2fff3224b5387ef7c8a469860f46739fba69fdb807b22cb94708a1dd833e"", ""8"": ""59f1cbe0c3cf98c0e60a47bc7a038dec64459a1bd5e748e1e55824ea8ac846ad"", ""9"": ""f0b5c097078f4ce88373b85873a8d78d344027bc7ce03e2e202884c1ef01f2ff""}",,0,0,0,0,0.0,0.0,"{""0"": 7.97664430768731e-27, ""1"": 7.97664430768731e-27, ""2"": 7.97664430768731e-27, ""3"": 7.97664430768731e-27, ""4"": 0.14184133948395386, ""5"": 0.23062667696142386, ""6"": 0.13275288665897936, ""7"": 0.22404925730804756, ""8"": 0.0483779517281803, ""9"": 0.2223518878594151}","{""0"": 7.97664430768731e-27, ""1"": 7.97664430768731e-27, ""2"": 7.97664430768731e-27, ""3"": 7.97664430768731e-27, ""4"": 0.14184133948395386, ""5"": 0.23062667696142386, ""6"": 0.13275288665897936, ""7"": 0.22404925730804756, ""8"": 0.0483779517281803, ""9"": 0.2223518878594151}",[],[],0,0,0,0,0.0,1306d882d0ba2a5eb2a412d5a702cf06c94dd5fe3a1207980c99a05944512b56,40ac9cee4de4ca2cc9c53836765ca20cf9cfc11cc5f44cebdface0b19a9e3b85,"[""proposal_created"", ""proposal_committed"", ""audit_accepted"", ""committed_once""]"
49,noexecutor,0,none,0,0,0,0,1,0,,80.83,,0.1,,224ff8b537174cd4774cc46983e5cfef66e50a5ca3c99154bf1d63a54d749fc5,1,"{""0"": ""2e90fe44be701d626499bec537416e845d62611cd284120dbf7c8b2191db18e5"", ""1"": ""e87cb4a76cd31fdc969ad4777a915a435e509426c0d1ef1bf8ca7abb88acb433"", ""2"": ""8aca93ee76f808cbb8685e172221e8157a0eca39dd58a4d0aac213e067206792"", ""3"": ""7dc116f5652cda9fafe4177c3e13341c45c655848552d246d2e675361228b8fc"", ""4"": ""81653eb51d7c25bc3efed47c3e64533021656777282b07b4181eb80785da3229"", ""5"": ""16c7084dbab2a8c7fe409a04160c3a689527f5f04b186e9d16c500bcc4690095"", ""6"": ""1e9a73b6e013e3c008c761322cea56ebc003735f5af7408b4cdcad9a6336cc9b"", ""7"": ""93e2765e5601996220e8b26e149291ee7beb5edad108e7edec7017b728621b14"", ""8"": ""bf6d156d2a96cb01960367228cd0e87e499330e58475bee708aaed9ed89503b1"", ""9"": ""d9f5ccdb15e2cce520f0dc7db7162006def1577ffb68642a91d90da16b19701a""}",,0,0,0,0,0.0,0.0,"{""0"": 2.3929932923061936e-27, ""1"": 2.3929932923061936e-27, ""2"": 2.3929932923061936e-27, ""3"": 2.3929932923061936e-27, ""4"": 0.2571097794515224, ""5"": 0.06918800308842717, ""6"": 0.052702878128689276, ""7"": 0.06721477719241428, ""8"": 0.2507961906497882, ""9"": 0.3029883714891587}","{""0"": 2.3929932923061936e-27, ""1"": 2.3929932923061936e-27, ""2"": 2.3929932923061936e-27, ""3"": 2.3929932923061936e-27, ""4"": 0.2571097794515224, ""5"": 0.06918800308842717, ""6"": 0.052702878128689276, ""7"": 0.06721477719241428, ""8"": 0.2507961906497882, ""9"": 0.3029883714891587}",[],[],0,0,0,0,0.0,40ac9cee4de4ca2cc9c53836765ca20cf9cfc11cc5f44cebdface0b19a9e3b85,285a4ac21133481a8c9320c8c87ade22d37dc2131896f2326a51bf326f3a0ccd,"[""proposal_created"", ""proposal_committed"", ""audit_accepted"", ""committed_once""]"
50,noexecutor,0,none,0,0,0,0,1,0,,80.95,,0.1,,66b6a4c521abb4c6ef81432da1fff58e227e4f9f9cd9e7f65deb30e33b6f9e5b,1,"{""0"": ""8c5255c70158e74005de42bab47178fe91dba85e480f8e6ed4027204aee9f359"", ""1"": ""263e78b9ce2e32266f7d1b95c20c325443ef6d1658e7f8ff2534aad7ca73745c"", ""2"": ""2a873f5b39ca71b635ee937abb7db5f65c5bc69ac291eae1f47b6bea7f32982b"", ""3"": ""1e3a4c28a8856c71ad512464775bc964374845ec57724a9930dcac1839e7cd7f"", ""4"": ""f881ea90f2783f6a347ccdd10d789c47bf68df15d36bcdb1d32b4face3d32415"", ""5"": ""aa0c03dc6468c068431ee81554254ad2d1d630dd410977481a6db4d747edadc5"", ""6"": ""0506f1165f9b39c89dcd6819615ee776af5078ccc0abd25b6513351c858088d6"", ""7"": ""d7ac59ea1119517d12121c9db251c9ba86f0367cfd1122fee01d7c432f06af94"", ""8"": ""ae18dad6d9bc4d4f5bb8bc80aaf4c61ff5377ea1defe1344c9955f11c85a844a"", ""9"": ""3b831f95c0ff15da43032ab7b40538b813691eab657bf8d9c1a47bd2db98744f""}",,0,0,0,0,0.0,0.0,"{""0"": 7.178979876918581e-28, ""1"": 7.178979876918581e-28, ""2"": 7.178979876918581e-28, ""3"": 7.178979876918581e-28, ""4"": 0.21643385181152486, ""5"": 0.17261884169884303, ""6"": 0.16767330421092166, ""7"": 0.17202687393003915, ""8"": 0.07523885719493646, ""9"": 0.1960082711537347}","{""0"": 7.178979876918581e-28, ""1"": 7.178979876918581e-28, ""2"": 7.178979876918581e-28, ""3"": 7.178979876918581e-28, ""4"": 0.21643385181152486, ""5"": 0.17261884169884303, ""6"": 0.16767330421092166, ""7"": 0.17202687393003915, ""8"": 0.07523885719493646, ""9"": 0.1960082711537347}",[],[],0,0,0,0,0.0,285a4ac21133481a8c9320c8c87ade22d37dc2131896f2326a51bf326f3a0ccd,e95500c2f55e9224daaa1080768c8fc258c33ba466642a607df65088280d38bf,"[""proposal_created"", ""proposal_committed"", ""audit_accepted"", ""committed_once""]"
1,trust_v1v2,0,none,0,0,0,0,1,0,,37.14,0.0,0.1,305449066736602366676937264481814006224,568f7431871e8f164af9ded9813a385c70d053b90e71bf088c049fbe99b93856,1,"{""0"": ""cac9a1eadf119312720122bd21c372e25495973bd33bd1c2a2133830161ab7e6"", ""1"": ""15c3b3ed15c582dbe635a97b76ae37264dfdf9b339fed7e632dc325fd2abf1d1"", ""2"": ""19038fd7d5695cf5217d65c5e73f064951db0541b2bb218d9d57048e57d33a1a"", ""3"": ""b448810e25eff20ca236437549b777cc093cecfb9ffa81d391389e5648f6bb86"", ""4"": ""9b831094ee7ecf1597d18b3b653fd897c6f1c0687f9d9943468e1a4d4cb7f3da"", ""5"": ""aa609fbeaefbe040aa365563853c2db608c8ba0aa9d659acbeefec994c74dac4"", ""6"": ""19a47851ddfa14323ebe260183d661b67db4bfaed6417b7b9bb5b5962e9c7aec"", ""7"": ""21910a7db15bcd366abdd65674e4476364171af03621eb5d54741add1d343b85"", ""8"": ""c72347dbd032a74fdee6d9c11c7cac9eaeb61e096fd7e5e3e87f8ddcb9358abe"", ""9"": ""e10702ccb523218d073c1cadbc3837c4a3945467ed81cd91b617190cbf72f0df""}",,0,0,0,0,0.0,0.0,"{""0"": 0.03000000000000001, ""1"": 0.03000000000000001, ""2"": 0.03000000000000001, ""3"": 0.03000000000000001, ""4"": 0.18743353705673566, ""5"": 0.0841888020306215, ""6"": 0.18743353705673566, ""7"": 0.18743353705673566, ""8"": 0.18743353705673566, ""9"": 0.046077049742436}","{""0"": 0.03000000000000001, ""1"": 0.03000000000000001, ""2"": 0.03000000000000001, ""3"": 0.03000000000000001, ""4"": 0.18743353705673566, ""5"": 0.0841888020306215, ""6"": 0.18743353705673566, ""7"": 0.18743353705673566, ""8"": 0.18743353705673566, ""9"": 0.046077049742436}",[],[],1,0,0,0,0.0,f4ac57617d504e7ba7a633664431ae25cb1f93bbf9ff9678710d7e1c7991f31f,8a491ed8f2e61dbf06191e367c0474424e175e0e07b9352f3b307c114f6d317b,"[""proposal_created"", ""proposal_committed"", ""v1_challenge_sampled"", ""audit_accepted"", ""committed_once""]"
2,trust_v1v2,1,A2,0,1,0,1,0,1,V1+V2,59.25,0.7913326328815401,0.1,126369136451260878477898566245487218582,1297c080a066e5531428c2a9fb15d59be6b49ca956e740637bb14f179132e67c,1,"{""0"": ""712e652295f6cf109d6d9d0eb18eb1ad995a2ae33f2317c1c3169531ca373eda"", ""1"": ""0e3c7db16a501a11bbf967acbc813dbd2c8be0b18d93caec8c419d27639852b8"", ""2"": ""7e606fc95a4a4c49aee86392d37bd09ac6df6660b5eced9c688f3d159804217c"", ""3"": ""52fd6430a986c3986ce19ecacee52e8775525a0d6937642ce9b7123bc2ed4a2a"", ""4"": ""935d4ab6f0d332d31c6436a53ea8cdff084b7296b46fc895cafea904a54ec76d"", ""5"": ""abd4708762db8cd0f929946e24785b5837bf8e80aa50f72a544897a4a05f7735"", ""6"": ""626d1bae7e7aecea85343b0d461f7ba336d5af2ee27a6167c9910cfc910424c1"", ""7"": ""6761156c723cc925727a2860a3d37908d6d955caec40b57f6fd117a28fe66ca1"", ""8"": ""a12271944ed8b7a28a808bb9c1fea908d7e5036ba9e06eb9ad841f2b313199dd"", ""9"": ""fdca580873b01b1469f2686f2443965b479c06b1e01a4d6f27f56775681df094""}",4ab8e5ac0c58208f19773d8db35a21150d1e7bacf414e356e07d4e32f3e253fe,1,1,1,0,1.744751368952029,0.0,"{""0"": 0.009000000000000005, ""1"": 0.009000000000000005, ""2"": 0.009000000000000005, ""3"": 0.009000000000000005, ""4"": 0.2456517351989664, ""5"": 0.05884622644053243, ""6"": 0.2456517351989664, ""7"": 0.2456517351989664, ""8"": 0.1280789022557961, ""9"": 0.04011966570677214}","{""0"": 0.1295, ""1"": 0.1295, ""2"": 0.1295, ""3"": 0.1295, ""4"": 0.1228258675994832, ""5"": 0.029423113220266216, ""6"": 0.1228258675994832, ""7"": 0.1228258675994832, ""8"": 0.06403945112789805, ""9"": 0.02005983285338607}","[0, 1, 2, 3]",[],1,0,1,1,0.0,8a491ed8f2e61dbf06191e367c0474424e175e0e07b9352f3b307c114f6d317b,de3a5c7f3393009dc5ae84041cf6099dface91f6f1d6d639113129a1ec80c198,"[""proposal_created"", ""proposal_committed"", ""v1_challenge_sampled"", ""audit_rejected"", ""recovery_recomputed"", ""recovery_audited"", ""recovery_verified"", ""committed_once""]"
3,trust_v1v2,0,none,0,0,0,0,1,0,,63.12,0.0,0.1,13448094258561241265515812190192699937,ae3959ca01b527734f362a9790ab8e2954f347483e277ecea4cfddb2fff67322,1,"{""0"": ""22e7299ce83fe88ae119c6afbb4d0353f7b289d77d4070816ce31ec519d17a60"", ""1"": ""69acc799d54e5d23cb647b7c5b9216af08bc989756780652ac1b0bfb51909363"", ""2"": ""00b67ba23601c1ab80dd5c3ca592d094f9454d6002c4c92553b08921b913988b"", ""3"": ""0eda136709d82216cf225a13ed3662ad6d7a74b196ac120b6de0e8222656bd8c"", ""4"": ""3d2b874413f242f991700ef8de5bedcaf8c7364ad21b62d7a8df255d8906023f"", ""5"": ""48831219f1e03f3610cc0f1a4fe6c66121ae8867a97539b983376efdfbb59f45"", ""6"": ""8cdb251dba55017a02149787157bc1127eb08d843e1dc9423d9bffd1709a5a3c"", ""7"": ""00c1316ea99c859c2eb440dd68ba94c238784f08ed92848f5af63df28b4c48ca"", ""8"": ""f95198b92f5a49330f356b92eab9f3b184e334ba9c7c33d2d70d81a1767461bd"", ""9"": ""041cc08a6bf3730d4abf83e69139e658c2f6f1db92067c77298015711f5f33f2""}",,0,0,0,0,0.0,0.0,"{""0"": 0.0027000000000000014, ""1"": 0.0027000000000000014, ""2"": 0.0027000000000000014, ""3"": 0.0027000000000000014, ""4"": 0.26141225409910074, ""5"": 0.05334721075122535, ""6"": 0.26141225409910074, ""7"": 0.26141225409910074, ""8"": 0.03842367067673883, ""9"": 0.11319235627473348}","{""0"": 0.0027000000000000014, ""1"": 0.0027000000000000014, ""2"": 0.0027000000000000014, ""3"": 0.0027000000000000014, ""4"": 0.26141225409910074, ""5"": 0.05334721075122535, ""6"": 0.26141225409910074, ""7"": 0.26141225409910074, ""8"": 0.03842367067673883, ""9"": 0.11319235627473348}",[],[],1,0,0,0,0.0,de3a5c7f3393009dc5ae84041cf6099dface91f6f1d6d639113129a1ec80c198,0d4e7d351331a4256f8404139a77b25e6bc6b2c7e831d20212e240fe08715021,"[""proposal_created"", ""proposal_committed"", ""v1_challenge_sampled"", ""audit_accepted"", ""committed_once""]"
4,trust_v1v2,0,none,0,0,0,0,1,0,,62.99,0.0,0.1,199104048887574829443742948163863372187,2019ecd08802d1f05ebb13edcd800d637cf707dc1ffd2b1dbeb84e37ec580260,1,"{""0"": ""20ccc064dca6f91402e1182a6edcdb5db03c22c7188ee57f8d8a255f7af3ee76"", ""1"": ""fd0b4de94e7181c62ff39bdaecba570c5f3cccac29c2588eb0de604fe66f1888"", ""2"": ""f4e6fb40c8555f4d6602e99009b110640b2fe38f3fc8430466424f521dd28b2f"", ""3"": ""3692673c38a033c49113b32e0ed18699fb92bfaad22286ea6a1c389c7df1c62a"", ""4"": ""271d438bc79339dd41471d760be015f4909fc8e351bc8187dd9bdd139efe3112"", ""5"": ""24f750e48e6f56f92f9bd108b50d27976877fa8cda83100144aef9452cd89d04"", ""6"": ""7a9933a73a0689c8d05274c93b63ccfa6c6a53c299df0e6b224769643b44c791"", ""7"": ""0f897ade899273e19aa0f0ab92d639774dc555c0a4363b8e3ac5d13074338c01"", ""8"": ""781842a7e47b190d9196742df1b892ea5147c5d2e9fc04afe9bf31d0dada8c09"", ""9"": ""4646188fd183475ccef9085bf5a5957c8976f20e3ce2b6bc5d69397bede784fb""}",,0,0,0,0,0.0,0.0,"{""0"": 0.0008100000000000004, ""1"": 0.0008100000000000004, ""2"": 0.0008100000000000004, ""3"": 0.0008100000000000004, ""4"": 0.3204412896397192, ""5"": 0.03657603121168047, ""6"": 0.3204412896397192, ""7"": 0.1817731956115091, ""8"": 0.01152710120302165, ""9"": 0.12600109269435025}","{""0"": 0.0008100000000000004, ""1"": 0.0008100000000000004, ""2"": 0.0008100000000000004, ""3"": 0.0008100000000000004, ""4"": 0.3204412896397192, ""5"": 0.03657603121168047, ""6"": 0.3204412896397192, ""7"": 0.1817731956115091, ""8"": 0.01152710120302165, ""9"": 0.12600109269435025}",[],[],1,0,0,0,0.0,0d4e7d351331a4256f8404139a77b25e6bc6b2c7e831d20212e240fe08715021,ae87f1186af5424e20597b85e6ae3a6424d8ba054aeea681afe420180b5816d9,"[""proposal_created"", ""proposal_committed"", ""v1_challenge_sampled"", ""audit_accepted"", ""committed_once""]"
5,trust_v1v2,1,A1,1,0,1,0,0,1,V1+V2,64.88,0.0,0.1,65510890417446183825951962527890240628,940eb4548496e33695153fe56fdcbb75f2526a48d6a8572646fb83b45d8f18b7,1,"{""0"": ""f68688ce18ad6f79aa70812dcfbcf7666d9688a5e4e334d68b82048964e55481"", ""1"": ""8af61db74c78d278f60f6f70d218e2606e4ec7b5d717e169d67ced33959672f9"", ""2"": ""369ca30cba4ac20f2ae4a5362a8cd7a9390c1cc4196f6e58fc0df3df1b483999"", ""3"": ""b38c457d560d0dc89490b16f8e11b3024f7222b05cf8b30a8d1a02de4563fa12"", ""4"": ""199a26704f23217b6f117c740f27b4484757de1dfca6a482ce46dd32c0feec02"", ""5"": ""41c42414574c23ae43f2569e0e1e45463daeb868648f7339a58751b55dc843ad"", ""6"": ""b80f448f9f97ceaca8854cf274087a50ba9369fa85b352965c82b6568640122b"", ""7"": ""0da925233ac75368bb7ff09f45c77179e9326170179e5e3a62bcb477f94f7c5c"", ""8"": ""7b3d0b856672013d74a3ee490212e75482133cd8846b54beeaa634a90771c924"", ""9"": ""26f487da0a3f504239b7ad2afb68de59997969d29d7a392ee7f947aec2a03b26""}",fcd17aa9f349dc423c9445d1bc82674862ead07e55d61c8e2bf135a35655d25f,1,1,1,0,2.8978644619153857,0.0,"{""0"": 0.75, ""1"": 0.75, ""2"": 0.75, ""3"": 0.75, ""4"": 0.26808446986865614, ""5"": 0.019689795232395366, ""6"": 0.48804577625296647, ""7"": 0.13554187071249615, ""8"": 0.007733099044763669, ""9"": 0.07993298888872231}","{""0"": 0.18754557357437857, ""1"": 0.18754557357437857, ""2"": 0.18754557357437857, ""3"": 0.18754557357437857, ""4"": 0.06703740755720043, ""5"": 0.004923645253895538, ""6"": 0.1220411000505539, ""7"": 0.033893703848159144, ""8"": 0.001933744661143575, ""9"": 0.01998810433153314}","[0, 1, 2, 3]",[],1,0,1,1,0.0,ae87f1186af5424e20597b85e6ae3a6424d8ba054aeea681afe420180b5816d9,14227470337695221e8a9447491eae2fe7446010558a29dcc6528b7dc2bbabdf,"[""proposal_created"", ""proposal_committed"", ""v1_challenge_sampled"", ""audit_rejected"", ""recovery_recomputed"", ""recovery_audited"", ""recovery_verified"", ""committed_once""]"
6,trust_v1v2,1,A2,0,1,0,1,0,1,V1+V2,65.63,0.8997740319860557,0.1,161750736125102284236618118204205856657,5c59889198b2afd6e94c5564d5019deb13a5622a6f6ef0867f4f61a851600c22,1,"{""0"": ""cb9764ad77de2876a2d343f4b1540c6b2c6341c926e5446953fd7751b398dda9"", ""1"": ""85cdbd9f428d6368b8b8e934770d7bfdc0c38dac3007aabe6969014d97ba8ce2"", ""2"": ""971c96aba4a3c61d90ede6b823586ccebfba1a0af4009a9d50eedad1820f54a5"", ""3"": ""7bf5125b4e5c6e79c25732573879cde4bf71597ee58fff7cd9219e26a6b1cc97"", ""4"": ""3f9934fbd2e9b4a3dde67d94abbbe4aa49eab6126d81239a68f573c48f520ef7"", ""5"": ""ed2ab07b9dd1c5cb0c1afbc2e4b381d906264486de92106ac1f687895e08db23"", ""6"": ""fbf92555908feb22c86458e310e3fc042cb67ac47a9ea35b3e13d2c7c071e033"", ""7"": ""ae8807447a0156ed0baf0c17d9714f356eb8fe4ce5cb7c2ab6536f077f09fed3"", ""8"": ""cfe636847a1e386b4197a5a1b383119e9df5e415b8cad7ed2832e655b51b8f5a"", ""9"": ""ce0ecd955cdada7d9de5cdf2773e95b710f9880a7e03c86294c86c0ee2297670""}",bf0fbf64a9295a5689c52893ba33892f13292100420df1877e2e8509d0dea157,1,1,1,0,1.9685962496079399,0.0,"{""0"": 7.290000000000009e-05, ""1"": 7.290000000000009e-05, ""2"": 7.290000000000009e-05, ""3"": 7.290000000000009e-05, ""4"": 0.22781512330663314, ""5"": 0.005906938569718611, ""6"": 0.6000181176756215, ""7"": 0.09410698528044635, ""8"": 0.003376789973625573, ""9"": 0.06848444519395484}","{""0"": 0.12503645, ""1"": 0.12503645, ""2"": 0.12503645, ""3"": 0.12503645, ""4"": 0.11390756165331657, ""5"": 0.0029534692848593056, ""6"": 0.30000905883781076, ""7"": 0.047053492640223175, ""8"": 0.0016883949868127864, ""9"": 0.03424222259697742}","[0, 1, 2, 3]",[],1,0,1,1,0.0,14227470337695221e8a9447491eae2fe7446010558a29dcc6528b7dc2bbabdf,2ba7173fc7d7c69fedeafe03e60e9557a4a3e6379642ff630029cf2cb4c43150,"[""proposal_created"", ""proposal_committed"", ""v1_challenge_sampled"", ""audit_rejected"", ""recovery_recomputed"", ""recovery_audited"", ""recovery_verified"", ""committed_once""]"
7,trust_v1v2,0,none,0,0,0,0,1,0,,68.44,0.0,0.1,40410851907625921618684419370233962915,d57c12d6b3673dfacc60a1b292a53d3f6b0247d768702a1bb00381ae8ad7e2ed,1,"{""0"": ""1037af49a3676aa00679605ce96bf47f11659da92ad6bae4dd6f2feefed74a0d"", ""1"": ""baca8568f3de89f698057bf2d0f0a44f1502a1e2cb79ba1941376f3aa139d20d"", ""2"": ""501d32b170daa6182e21a17737abf7682a13af4c5554078b63b23698f3dd744e"", ""3"": ""168687b4dfcd8feb67efc0715610d6f155aee0232776eca9c68d20d06ddb9e88"", ""4"": ""dcb6229fd9f135dfd6aa72f48fac1ca3eb81b535f6a6059ac4651f3f04600484"", ""5"": ""97cc84149aed2fe37d57d2882573266a91fd666d678da6d234cf45d12ea62c78"", ""6"": ""80c56f286ad84a7088f5cc18ddd7b72769576a157de84df41d8933ad72188a96"", ""7"": ""e5cb74fdf64fd18fca5c75da145eda98d48bcd5aed60a27c3285e10c530ffb8f"", ""8"": ""13c3e51417ee0cfab79d4983d44f8190bc69a86ad8e4340547317893dca5a14f"", ""9"": ""ed3349b8d6806eca51e12849da84f9f6a40d5da8611951e0e1e2d1ce7ad7b05a""}",,0,0,0,0,0.0,0.0,"{""0"": 2.187000000000003e-05, ""1"": 2.187000000000003e-05, ""2"": 2.187000000000003e-05, ""3"": 2.187000000000003e-05, ""4"": 0.29670810558983624, ""5"": 0.004796468597959549, ""6"": 0.5183083068786508, ""7"": 0.0945889175600945, ""8"": 0.013894409293412851, ""9"": 0.07161631208004604}","{""0"": 2.187000000000003e-05, ""1"": 2.187000000000003e-05, ""2"": 2.187000000000003e-05, ""3"": 2.187000000000003e-05, ""4"": 0.29670810558983624, ""5"": 0.004796468597959549, ""6"": 0.5183083068786508, ""7"": 0.0945889175600945, ""8"": 0.013894409293412851, ""9"": 0.07161631208004604}",[],[],1,0,0,0,0.0,2ba7173fc7d7c69fedeafe03e60e9557a4a3e6379642ff630029cf2cb4c43150,96ac21590b1be7fde1eee0034ff91fc1712bf400e18c88e24fb525826d0fedf5,"[""proposal_created"", ""proposal_committed"", ""v1_challenge_sampled"", ""audit_accepted"", ""committed_once""]"
8,trust_v1v2,1,A1,1,0,1,0,0,1,V1+V2,67.83,0.0,0.1,277689972349569361489736635442291426153,f1a35d1a8926b6e712d1f3bd7aa7f727ee1b47286ab4b3a99a9c9a7bcc5622e5,1,"{""0"": ""36a0a2a01fffa09385ccf4b06098735ea5f285d4d11532d6ddd3d5fc1e7764aa"", ""1"": ""8d648837d9c1c4db8d387374948533c389c74c20c86ba5182d854bfbbf064019"", ""2"": ""cb93a523b9c440d07fc7b6e00c8671284d925837d82c9fede2ce7ef10a3aa136"", ""3"": ""cd36fa8394f112996ca70e12dd249485980eadfa66eae93c604ce75978118ccd"", ""4"": ""2263db67b08de5d5d39b71054b002f8108cab1ee111abe9c8ab5b023ee88e4cc"", ""5"": ""4e9ed40e4a0432899ca42a1cee236a13cea7403343d7d658db9460d15de7be94"", ""6"": ""4c3b78546ce1ccfbeda0ed27ddfa5ca4dae9374654bd738b42f7dc499ca784a9"", ""7"": ""a1ac022c3795e90de3086b637841e33b53dc7b4516650d0560a2837c0148b3f6"", ""8"": ""b996db97daf02dc4dc27af672b44679c777a6f561c6c507a82fb233acde3403b"", ""9"": ""41dd1162bc01260a576d692ac3416036e8d9ad2478f08835012776761731bc61""}",a75e5e2208419100892e857e0d83326d602695a495e8f95165b48bae3c035fbf,1,1,1,0,3.4509688339745894,0.0,"{""0"": 0.75, ""1"": 0.75, ""2"": 0.75, ""3"": 0.75, ""4"": 0.20499217789868368, ""5"": 0.0024046277196825175, ""6"": 0.5770969704307047, ""7"": 0.12417764674840222, ""8"": 0.030189574514020403, ""9"": 0.0611127586885063}","{""0"": 0.18750123019557133, ""1"": 0.18750123019557133, ""2"": 0.18750123019557133, ""3"": 0.18750123019557133, ""4"": 0.0512483807152968, ""5"": 0.0006011608741371247, ""6"": 0.1442751891971925, ""7"": 0.031044615370822006, ""8"": 0.0075474431472795905, ""9"": 0.015278289912986694}","[0, 1, 2, 3]",[],1,0,1,1,0.0,96ac21590b1be7fde1eee0034ff91fc1712bf400e18c88e24fb525826d0fedf5,2b0f1cb6185a58f34eed6aa09ed9fa57e3dba96c41815023a177683785d12e1c,"[""proposal_created"", ""proposal_committed"", ""v1_challenge_sampled"", ""audit_rejected"", ""recovery_recomputed"", ""recovery_audited"", ""recovery_verified"", ""committed_once""]"
9,trust_v1v2,1,A1,1,0,1,0,0,1,V1+V2,69.27,0.0,0.1,119295472270916656973934411907706687698,364280b5aa5cec35baf2351660e3561e1579e9c2ed1ae53ba22d608cd5afe79f,1,"{""0"": ""4347cf8e48c37f16be00eacf12e1b641cc98e6405c05e15056d7211fa540fe2a"", ""1"": ""4a3303e44c3c5d5d4e1fec6d4023cef11a27da62da238d9fd965aaa7ff320da2"", ""2"": ""0bb15297e012589941b42a53b2e6e21cad40636efd52b0cbddae3005854eaadc"", ""3"": ""255bd607e9b02d0d3eb0e4a9a9f863f42c7a543c9e0631fd4f24ab15ea2353b6"", ""4"": ""1f26920dc9dee2a20b238f2f90a62312a7a188a440843d0e236ffe9c56613801"", ""5"": ""dfe54234694afff1790fb41e1467757cba96a97d94ff5185c8e76e2cc89615ca"", ""6"": ""7c1e7a6a03530afe1511e1dcd08ffce528ca45a0b5284ce22d9c6253e6973df3"", ""7"": ""9463929aa0d55e697a7fefd5669bf471967ab8800a41c2e01d70ee59215800fd"", ""8"": ""b1571bfad8786cc7ff4a530eb33fd0d2feb45546b301154569c3fbf3c008f1c3"", ""9"": ""e5fe87fd3adbb739d5f2554b24169b5834422ee8ca812e063290932d19fa3e11""}",057c5a31b43c0a32b5063d2f2ec108afcd6ca12f9564f0f482d7898c6cf23068,1,1,1,0,3.7191479831227676,0.0,"{""0"": 0.75, ""1"": 0.75, ""2"": 0.75, ""3"": 0.75, ""4"": 0.09344265469578311, ""5"": 0.0007213883159047555, ""6"": 0.6283917334563504, ""7"": 0.1511298349236805, ""8"": 0.05343331678441459, ""9"": 0.07287319862386682}","{""0"": 0.18750036905697642, ""1"": 0.18750036905697642, ""2"": 0.18750036905697642, ""3"": 0.18750036905697642, ""4"": 0.023360709654830593, ""5"": 0.0001803474339540431, ""6"": 0.15709824258055846, ""7"": 0.03778253309828002, ""8"": 0.013358355489354757, ""9"": 0.0182183355151165}","[0, 1, 2, 3]",[],1,0,1,1,0.0,2b0f1cb6185a58f34eed6aa09ed9fa57e3dba96c41815023a177683785d12e1c,3cc6d2970a7152896fdc825553b8569b99d54b339a3c12a887661cc6ea37ba89,"[""proposal_created"", ""proposal_committed"", ""v1_challenge_sampled"", ""audit_rejected"", ""recovery_recomputed"", ""recovery_audited"", ""recovery_verified"", ""committed_once""]"
10,trust_v1v2,1,A2,0,1,0,1,0,1,V1+V2,71.55,0.7971469644750124,0.1,245251467477913130208202809057682572938,1d22a0ede1c25927c6dff7f3506bb8947d7eb73e0d13185b0088fcf39640ce3d,1,"{""0"": ""e04b6feb85c412e90421a455a5744e53de3ef2654f4ae8d33ff512edb1ffee7f"", ""1"": ""5b2a0adc41d2c9e2a029368957535bbddf7cb348d1e07b171cf8e114e40b6820"", ""2"": ""9da9f4f914ac518b69f5c6e2c7d3b8fa1f978681c61e86df7da869c22d1b8e07"", ""3"": ""f4f8a5aff497ab0df1dba5e2cf7f12ef9da2c2411db998f5007633037efcdfff"", ""4"": ""63a4fbb2184fccd73b5e787f6726b92187c1174a31d81eb27a1fe96f8d529202"", ""5"": ""338ca5eddd8ed242accc8678512f6791f31774233e862a5737c98f9db11513bd"", ""6"": ""eded87108d308aceedbff7c111e8abb6a2878982440c8a30c119c407778fc473"", ""7"": ""cd79b0c9de53057ca7e7f3feaf38e6599f594224468026d789495ed65dd3470e"", ""8"": ""c0c64a2557510ac6a7f73f0c6e55df932b2f70743b33c14e336edb1189cf5be7"", ""9"": ""aa7a60f42e1ebbdf239bb9537ba13d5904d6de301beddb62c363ffe799101abe""}",470abba313e3a3f5d632f38fabdb7373b904eef43d672c461de4d234589b1584,1,1,1,0,2.5486189417515357,0.0,"{""0"": 5.90490000000001e-07, ""1"": 5.90490000000001e-07, ""2"": 5.90490000000001e-07, ""3"": 5.90490000000001e-07, ""4"": 0.08725862017975687, ""5"": 0.0002164164947714266, ""6"": 0.6387497238986796, ""7"": 0.129040588296004, ""8"": 0.0706508564587539, ""9"": 0.0740814327120342}","{""0"": 0.12500029524500003, ""1"": 0.12500029524500003, ""2"": 0.12500029524500003, ""3"": 0.12500029524500003, ""4"": 0.04362931008987844, ""5"": 0.00010820824738571332, ""6"": 0.31937486194933984, ""7"": 0.06452029414800202, ""8"": 0.035325428229376954, ""9"": 0.037040716356017106}","[0, 1, 2, 3]",[],1,0,1,1,0.0,3cc6d2970a7152896fdc825553b8569b99d54b339a3c12a887661cc6ea37ba89,4158fd369bbe3f3ba7ec072bf8f68d6f5c6134ea68df89b0faca709c3b17f645,"[""proposal_created"", ""proposal_committed"", ""v1_challenge_sampled"", ""audit_rejected"", ""recovery_recomputed"", ""recovery_audited"", ""recovery_verified"", ""committed_once""]"
11,trust_v1v2,1,A2,0,1,0,1,0,1,V1+V2,72.49,2.8285128074381882,0.1,139611956175217790289508964214515843102,557ec9595a74d561a364df3f2d225b9c05fcc471208f35e5a576e7fed17f986b,1,"{""0"": ""a7451e9d1932e06ac5ca05b03a5c83045f3eaa0bf0e15a7a766b15fb8dc6789b"", ""1"": ""80a816f23ed7efe3b51c37f01522ecd0ab28ca0b4f293146e705a5159f065771"", ""2"": ""5f51f3a16315262ad5f144093f780ae4d1851169dba41f48f0c0edf174a87fc2"", ""3"": ""d36bd537627026c974d8bf2b67fdcb394543a509147c8bdd6015574b226b6b84"", ""4"": ""830f3f65ea4078c64821b1859e5fa73e9a851c20b66ddb78a7a4c83e93ab1a3f"", ""5"": ""3e8c465c6508aca178548b0151a4da5f8ed0e00b878135cf5b243a4ebd0243a1"", ""6"": ""78491ddc73e2e53364007df33698699795fd74a0f33e904753b4f534c4f1da7d"", ""7"": ""d2e5c4a8505b5ef7836fa1499c9e0bfbc72c12784de1ffe1652fb04121cc59b0"", ""8"": ""58ecbe4f42916266e95c6b005291eab991c375ef4d9fbfbc8130fdcef500d8fc"", ""9"": ""06077c07647263ea0bab37d979b1cad951e2660d98178b283a1f86b524354d1a""}",876956b897ecf1cef22190d668ffa513867d3193ff9d8a955cff7cf6aa308d0d,1,1,1,0,2.7776501854272833,0.0,"{""0"": 1.7714700000000034e-07, ""1"": 1.7714700000000034e-07, ""2"": 1.7714700000000034e-07, ""3"": 1.7714700000000034e-07, ""4"": 0.14472932572093944, ""5"": 6.492494843142799e-05, ""6"": 0.5560230757691905, ""7"": 0.13233752238062785, ""8"": 0.10205783973529589, ""9"": 0.06478660285751489}","{""0"": 0.1250000885735, ""1"": 0.1250000885735, ""2"": 0.1250000885735, ""3"": 0.1250000885735, ""4"": 0.07236466286046972, ""5"": 3.2462474215713994e-05, ""6"": 0.27801153788459526, ""7"": 0.06616876119031392, ""8"": 0.051028919867647946, ""9"": 0.032393301428757446}","[0, 1, 2, 3]",[],1,0,1,1,0.0,4158fd369bbe3f3ba7ec072bf8f68d6f5c6134ea68df89b0faca709c3b17f645,cc0bd40d2e890314cab4389f5e4335d6c72091567bc29f7c0e875f8d408dc9ba,"[""proposal_created"", ""proposal_committed"", ""v1_challenge_sampled"", ""audit_rejected"", ""recovery_recomputed"", ""recovery_audited"", ""recovery_verified"", ""committed_once""]"
12,trust_v1v2,1,A2,0,1,0,1,0,1,V1+V2,72.56,13.322375199624604,0.1,115804938707089803057546903413671713728,c2149ee95e4154fdca6d5af2327230decd78f7625b48135243f85919a2f6c0da,1,"{""0"": ""b13ea0eb9d81cfcf12a72894a2e02c2009f247cc0289ba481b54fd250fc2a6e6"", ""1"": ""98cbeec8fb463c79a847725599b512cc1f60eaacd147bd6e9263431733a3a98c"", ""2"": ""7b3ba984f6d220632d5ac54ce6abe56983b8696862ff651f6a0d998fe0fd67aa"", ""3"": ""bedaefa92e19a203086335be53e351beaee4bb94b1a82d27cfe0051d4d4b82d7"", ""4"": ""2ca04c049a60780c3b56b6a713b6eb69f5ee9c60b2bd780ef48e53bbac333d25"", ""5"": ""fcbcdcc2988154d9961cedde1a1a9b9858e9bfbd372b2ce2eabd3a0dbdd4e232"", ""6"": ""584070cc744e27c3a1bc808a7da7d4ee03fe63753d80817807a5818031855f3a"", ""7"": ""6e32806fe95038fb08bbc3199cef826e155ff7d3d241e7915c01451820092f21"", ""8"": ""c76e7b14d20189235af157e2f0566c04eba9688f79827e2b8777a9e6be7bdc01"", ""9"": ""9cfad0c2cfe243cf2e08f7a88d61a198b5e8708ad784643a7067e855c2fcadb2""}",4903f1b40f9150bf6082a968fc76ab5c34f8b56409ca6abf8c81cdbb42b0ad2f,1,1,1,0,2.973721539595084,0.0,"{""0"": 5.314410000000011e-08, ""1"": 5.314410000000011e-08, ""2"": 5.314410000000011e-08, ""3"": 5.314410000000011e-08, ""4"": 0.16538423483836748, ""5"": 0.0006113125168755674, ""6"": 0.5022938268119482, ""7"": 0.20401159427226576, ""8"": 0.09569306114339501, ""9"": 0.032005757840747946}","{""0"": 0.12500002657205, ""1"": 0.12500002657205, ""2"": 0.12500002657205, ""3"": 0.12500002657205, ""4"": 0.08269211741918374, ""5"": 0.0003056562584377837, ""6"": 0.2511469134059741, ""7"": 0.10200579713613288, ""8"": 0.04784653057169751, ""9"": 0.016002878920373973}","[0, 1, 2, 3]",[],1,0,1,1,0.0,cc0bd40d2e890314cab4389f5e4335d6c72091567bc29f7c0e875f8d408dc9ba,1f8186c5ca90ce3dc790d77867a365f0eac3d757a20827010b3bb1d27ce95ce9,"[""proposal_created"", ""proposal_committed"", ""v1_challenge_sampled"", ""audit_rejected"", ""recovery_recomputed"", ""recovery_audited"", ""recovery_verified"", ""committed_once""]"
13,trust_v1v2,0,none,0,0,0,0,1,0,,73.69,0.0,0.1,42500863345123171919773345813463505624,233cbd58ae7f55587eaf72df4fcf9cfd6dd5dc992a28427025dd6bd9e828b0a6,1,"{""0"": ""22186ea94905277a0d78617a3b4e66b11a3365ba4e46dd22e85136c5a4d4ae0b"", ""1"": ""3f287d7e3f0a24615bde4a8868e4d7c554d10fc026774164dd96a64dfb9265e0"", ""2"": ""eb2c6e637c0afc036f6f8bd0f198a8c9fa393a24f5000370a391f9f835aba82d"", ""3"": ""16caa5aba0f7ed429522ef67ec19172fdaea3061a920b84de691b3c594dd9f93"", ""4"": ""b15700f3ee4136a8f147cb79c1caa3b3f26ca1cd4b22892d9b315bd632b35256"", ""5"": ""0004bc7db33c43ec8e4613d56e78c9c1652674e15771e162f84d54fa2b550d51"", ""6"": ""a98b2fcc22b9ad98ef38f068b5f8268a56cbf61f426aa938003a491b175f1a92"", ""7"": ""b25e0cc9546889197869e80f45248f05ab3a9177f79777b9636bcef84ae92fb9"", ""8"": ""2b9cafde884a106700f8317d7b86fe718ba6fb91ddb2c8785894257037df8628"", ""9"": ""df9ab067e36ea6a4c3caf9dc93cdef2b0ef8380e6874583524d25aeb24eb0e97""}",,0,0,0,0,0.0,0.0,"{""0"": 1.5943230000000036e-08, ""1"": 1.5943230000000036e-08, ""2"": 1.5943230000000036e-08, ""3"": 1.5943230000000036e-08, ""4"": 0.05817353016770568, ""5"": 0.0014584373779743716, ""6"": 0.578524066807558, ""7"": 0.2128350119770118, ""8"": 0.10740624633812751, ""9"": 0.04160264355870264}","{""0"": 1.5943230000000036e-08, ""1"": 1.5943230000000036e-08, ""2"": 1.5943230000000036e-08, ""3"": 1.5943230000000036e-08, ""4"": 0.05817353016770568, ""5"": 0.0014584373779743716, ""6"": 0.578524066807558, ""7"": 0.2128350119770118, ""8"": 0.10740624633812751, ""9"": 0.04160264355870264}",[],[],1,0,0,0,0.0,1f8186c5ca90ce3dc790d77867a365f0eac3d757a20827010b3bb1d27ce95ce9,23f46e6727340d277fd03b25543a61d5bb8266473eb4274265e6ef6950f65d39,"[""proposal_created"", ""proposal_committed"", ""v1_challenge_sampled"", ""audit_accepted"", ""committed_once""]"
14,trust_v1v2,1,A2,0,1,0,1,0,1,V1+V2,68.82,4.418319540895648,0.1,5916245749664291018230913409720011165,999f1152f93e05fa547caa67424e13693c9c98c14fc5f024dde4dcb7e1123909,1,"{""0"": ""ed0d0d112a569cd81ed659b30d5e0f86bf1b19af4e399a3f315d7c1219c47258"", ""1"": ""6559acf1d500cedf3e98f5435154403b2711396daf98fd9f0a4d005db51d6564"", ""2"": ""3f0d30a8833cd980fda5c842157bf0d6dca54fff47ee594558989f4a13cfdbdd"", ""3"": ""8b7b707970528393fe1c0aa1765e72ca39fbae37eb6121546e9fb894905c6712"", ""4"": ""3cbedbaf291bc7b6a0125aa89278ba8b305d8f43dba2277c0ceb763648ef1252"", ""5"": ""b4f31a2f8214f4114cc2f30b6985b83c89f8a5abfdd51cbc2023c203e822427d"", ""6"": ""d48e227729e4167603cd17c41d9fcef6e8c3b4aec74737d3d683fca41f15673f"", ""7"": ""cc89765b1d4eb24eacd76ed1452ca416139ba7e7a04be3d9cefb906f890668ec"", ""8"": ""7fab54f949a0c5b9b36b4e216db1fe04d400f880f816a494f90d73ee7a12eae5"", ""9"": ""ed0f517c9c9cb9041cacdd1a3448fb033fb81c9027b7eabc9fb781015518fae8""}",dd38c908cd3ac6c6fee9cb5e6ed98435b702defd4ea72f1226f11341d2174fb2,1,1,1,0,3.1072500355427803,0.0,"{""0"": 4.782969000000012e-09, ""1"": 4.782969000000012e-09, ""2"": 4.782969000000012e-09, ""3"": 4.782969000000012e-09, ""4"": 0.10150633380871299, ""5"": 0.0004375312133923116, ""6"": 0.5250371482633941, ""7"": 0.23623192711490384, ""8"": 0.0576683706035386, ""9"": 0.07911866986418231}","{""0"": 0.12500000239148448, ""1"": 0.12500000239148448, ""2"": 0.12500000239148448, ""3"": 0.12500000239148448, ""4"": 0.05075316690435648, ""5"": 0.00021876560669615574, ""6"": 0.262518574131697, ""7"": 0.1181159635574519, ""8"": 0.028834185301769292, ""9"": 0.03955933493209115}","[0, 1, 2, 3]",[],1,0,1,1,0.0,23f46e6727340d277fd03b25543a61d5bb8266473eb4274265e6ef6950f65d39,6697512e6b6cc112d9fa53e20d796842c0ba2e129a05d6cb7e61d786b5e26561,"[""proposal_created"", ""proposal_committed"", ""v1_challenge_sampled"", ""audit_rejected"", ""recovery_recomputed"", ""recovery_audited"", ""recovery_verified"", ""committed_once""]"
15,trust_v1v2,1,A1,1,0,1,0,0,1,V1+V2,71.92,0.0,0.1,156096413201287696148594960154495050425,b5e8cd8c8ec30c1b8d8b73b38a0de4a2271445865c22c4b58a030bd68471cad6,1,"{""0"": ""e979aa69daf6e98aacbb86abd674f8b17e3339b676bffdc0169b3c91c62b3ebd"", ""1"": ""e96d7181b1cb0bf790a255eda68c6b91236ad246177f57a535f672c1ed131d9b"", ""2"": ""111c4df86921569c523a2d12567698c562d8b73d1a71ab70851faebafab3b64a"", ""3"": ""f535ce0508d59eaafb86c394ca4bb5712f7b109146810109f470f94d04f3dff4"", ""4"": ""e05589b03a207f62dc22e3b19c2c66d5f7b439d0913d6c6adf8a1cf37e8ca559"", ""5"": ""9cef9516a669999acbac303ebb04774b240da72d0361399e6275ea89999c10f4"", ""6"": ""e862f8e7bac1f419d64e82abc7bc65fa8977f8d00acdb2e166fafcac47050878"", ""7"": ""9ffdd2b5df6f4e7bb012af9954b67f255b19aadb3f72f76256b69e8f12299a3b"", ""8"": ""44457a03a6daa0b33679833f858d0b33b99015162370999aaf11f103136f0251"", ""9"": ""e1f020f03cc4e7bdbc30086f191002b437e90e63d2fdfe11a0a7afbd63093ef4""}",cee7bad9ee3c79c03121d0e6e4330ae0416c457052e5b1fd9ec879bc67113371,1,1,1,0,4.642258146712421,0.0,"{""0"": 0.75, ""1"": 0.75, ""2"": 0.75, ""3"": 0.75, ""4"": 0.30192838027899727, ""5"": 0.0004297792208828742, ""6"": 0.42898762461540163, ""7"": 0.20511952103443704, ""8"": 0.03592116392957067, ""9"": 0.02761352518114779}","{""0"": 0.187500000269042, ""1"": 0.187500000269042, ""2"": 0.187500000269042, ""3"": 0.187500000269042, ""4"": 0.07548209517805787, ""5"": 0.00010744480537489009, ""6"": 0.10724690630773799, ""7"": 0.05127988033219028, ""8"": 0.008980290995278403, ""9"": 0.006903381305192545}","[0, 1, 2, 3]",[],1,0,1,1,0.0,6697512e6b6cc112d9fa53e20d796842c0ba2e129a05d6cb7e61d786b5e26561,61c47631f1c9ed9d8c3086677018f0740548faa33c437c25ee35e773ebc659d8,"[""proposal_created"", ""proposal_committed"", ""v1_challenge_sampled"", ""audit_rejected"", ""recovery_recomputed"", ""recovery_audited"", ""recovery_verified"", ""committed_once""]"
16,trust_v1v2,0,none,0,0,0,0,1,0,,75.59,0.0,0.1,189772949563625016552521973557584299162,886b7091bc9e6436d73abbec292b6f1e5ed260977fbea5d5b49c58e2c285ca30,1,"{""0"": ""88aca6ff20ad9ad2670196d46e9811d4ba0e9afe833027a689ea97cc79da1c2e"", ""1"": ""aec87bcc556e26d811e4e4b10bf30f7203b4715ba5422f76d27a8a3ef7065bbb"", ""2"": ""2badbf4fd07da39241078a18ae656ad47da05c084cb8d8fe6c39f052a5c3d5a2"", ""3"": ""0835504ab5cc36cfe5c503cbb1b79d345032bbc722ec972cf5304d2180784fa7"", ""4"": ""cd67ae8c399a7f6acb25f6d687a5a33e6843f405b96a31964a9f4b1b52066ac2"", ""5"": ""59b4181d198d6e6d3449790242f63de5e63d058dc98e1eb349b5dc1d3db85326"", ""6"": ""c969c3441aef3d855ed18c949d11fe61beff012a153d5e149c489f302fa29d55"", ""7"": ""0e024a6a47a6f89f95b5150339af8eda40c7f8aea8f86068efbcc2530b69ed48"", ""8"": ""191404f055436874a9ea7f89b2ab63b7cc63ccac484960432aa206587780de27"", ""9"": ""692594cf749786e940f3a7399d42d8f9f8d5035559a08651ecc13f5e81378d9d""}",,0,0,0,0,0.0,0.0,"{""0"": 4.3046721000000123e-10, ""1"": 4.3046721000000123e-10, ""2"": 4.3046721000000123e-10, ""3"": 4.3046721000000123e-10, ""4"": 0.16336214801359228, ""5"": 0.0001289337662648623, ""6"": 0.40697483593532313, ""7"": 0.18720797179266477, ""8"": 0.13128514803255756, ""9"": 0.11104096073772857}","{""0"": 4.3046721000000123e-10, ""1"": 4.3046721000000123e-10, ""2"": 4.3046721000000123e-10, ""3"": 4.3046721000000123e-10, ""4"": 0.16336214801359228, ""5"": 0.0001289337662648623, ""6"": 0.40697483593532313, ""7"": 0.18720797179266477, ""8"": 0.13128514803255756, ""9"": 0.11104096073772857}",[],[],1,0,0,0,0.0,61c47631f1c9ed9d8c3086677018f0740548faa33c437c25ee35e773ebc659d8,97c09213a13e0cd63b602fed3229b6c50dd6bdc539adc90ca0619c4bdbb765c8,"[""proposal_created"", ""proposal_committed"", ""v1_challenge_sampled"", ""audit_accepted"", ""committed_once""]"
17,trust_v1v2,1,A2,0,1,0,1,0,1,V1+V2,77.13,7.39107521470186,0.1,76330660967354561141099629077058481969,51f53de8a893433445607a52899c04014b8897db39c53e9b0d96d28feec92b29,1,"{""0"": ""51402e5fac89ebb402b17ea9ca5c3e2f1a69027cfb2bc1780a68e968ac3b6285"", ""1"": ""9d933ddf7301176f9e800ccf44488412ffd21d706e2d3ee01804b44a9528596f"", ""2"": ""f2ab66b4c9255e12ad9a12a7cffc37918f34bbdb3c3f229599f60b617a1c090c"", ""3"": ""56ebc7fab52c0b252a8f0ab4192889274b00f55acc36d59822d1be0933f6323f"", ""4"": ""cd59f9a658ec447327e1e2efe703ed0b3c2bdc43fccd9c5260458bc09703cd6f"", ""5"": ""0eda690470a7223f027433f37ef18cc9367156109c5be31c1973588b59a9f1a9"", ""6"": ""2bd5d297f2fee747fdf1736910a3e0f4cedd480ff5287201ccd9b736aa62dd9f"", ""7"": ""9057db9ff761407d858191ddaa73d9f2b561b9cb4e022269c5b701e77d81798b"", ""8"": ""46b3698e253e0f556d244cfbb107ceeac18d44afce33bccefba5fe0d318639d3"", ""9"": ""a1be997edc63fc6526db2a29fd9b51fff3f9d8992f5d38649c905c41e761a2da""}",0a1fe848cc16a0f4b7f0be45128bc76ac6b35fba607199f5c4f90e4f8e6f066d,1,1,1,0,3.759471846694347,0.0,"{""0"": 1.291401630000004e-10, ""1"": 1.291401630000004e-10, ""2"": 1.291401630000004e-10, ""3"": 1.291401630000004e-10, ""4"": 0.14064270002737606, ""5"": 3.868012987945869e-05, ""6"": 0.36023847059012326, ""7"": 0.21089161354863928, ""8"": 0.1647735035701642, ""9"": 0.12341503161725706}","{""0"": 0.12500000006457007, ""1"": 0.12500000006457007, ""2"": 0.12500000006457007, ""3"": 0.12500000006457007, ""4"": 0.07032135001368803, ""5"": 1.9340064939729346e-05, ""6"": 0.18011923529506163, ""7"": 0.10544580677431964, ""8"": 0.0823867517850821, ""9"": 0.06170751580862853}","[0, 1, 2, 3]",[],1,0,1,1,0.0,97c09213a13e0cd63b602fed3229b6c50dd6bdc539adc90ca0619c4bdbb765c8,20c038c2f97905bbea8463c479b1a0df509b97a961941096d6c019eb7e4b6de0,"[""proposal_created"", ""proposal_committed"", ""v1_challenge_sampled"", ""audit_rejected"", ""recovery_recomputed"", ""recovery_audited"", ""recovery_verified"", ""committed_once""]"
18,trust_v1v2,0,none,0,0,0,0,1,0,,72.68,0.0,0.1,72925252211654753828391441181377444588,a1d694f92c0a78563c3799fb3f76cb38a65648aa5aa37a36452f3641e72c8f38,1,"{""0"": ""075da57fc7f929d2179706a43e424e1327ae74e9cb6f9c74106f9106d030b02b"", ""1"": ""d6966e7e1d87ead70cdc67ebb73e3ca038e6899d1e875e70ec036a43d22db2df"", ""2"": ""b47b718b6c84bfe0db4305082db9c0a5ceec844ce4e55785f808ef34cf5e3cd0"", ""3"": ""62d728e31577aad73db3597f450a3b623deb9fc9d4f0711ff37866a9929f8463"", ""4"": ""48aaed8978da665c0a233d3b88e6bf389d374d630d0f02c8baaf3fc8c35b1114"", ""5"": ""f85915f69849825f4f706983c18148af8b03d16fe62065ee723f97b36545a5b5"", ""6"": ""5d3fe3c0e3cca692fbf414de301593c68e346acefe6b188ba4b0ef46b3421481"", ""7"": ""0eb2e4db64a62416916528390bca598bbd3f62a3a5c0060f6bba46e8f02c3710"", ""8"": ""e42c776300bce2ad4c0ee60ebd7e904b2a080755de65662dc7ffbb8cf5bdd83d"", ""9"": ""f1e2f4e5d81c65d70101c0c43c0c8bee5601c881c6600db8768925fa6bd62508""}",,0,0,0,0,0.0,0.0,"{""0"": 3.8742048900000126e-11, ""1"": 3.8742048900000126e-11, ""2"": 3.8742048900000126e-11, ""3"": 3.8742048900000126e-11, ""4"": 0.2112242966675552, ""5"": 0.005702786625801482, ""6"": 0.48576966586890263, ""7"": 0.14002182904522667, ""8"": 0.0683373280293687, ""9"": 0.08894409360817711}","{""0"": 3.8742048900000126e-11, ""1"": 3.8742048900000126e-11, ""2"": 3.8742048900000126e-11, ""3"": 3.8742048900000126e-11, ""4"": 0.2112242966675552, ""5"": 0.005702786625801482, ""6"": 0.48576966586890263, ""7"": 0.14002182904522667, ""8"": 0.0683373280293687, ""9"": 0.08894409360817711}",[],[],1,0,0,0,0.0,20c038c2f97905bbea8463c479b1a0df509b97a961941096d6c019eb7e4b6de0,91691519cc92d865bb0d34e31914f3f929baf73029f004374612a78f79ecb6ef,"[""proposal_created"", ""proposal_committed"", ""v1_challenge_sampled"", ""audit_accepted"", ""committed_once""]"
19,trust_v1v2,0,none,0,0,0,0,1,0,,75.95,0.0,0.1,88157882137738696464777783917377481209,772c7b8dc92e55704a35780c956b611d0728782398eb9b0112dd39d7d04d81c1,1,"{""0"": ""e53faefda685884be8ad6add179b8bc224f6a84f58575b50711a7356dc136118"", ""1"": ""92200bdfd6ca1cb29a1739e88c2d7b4657bab332a8338d0fce0d6c3f5db7b84f"", ""2"": ""46d68f729e7fef5699b6896bba0c9d04be78d97ec5cb30c15f4156b193973620"", ""3"": ""6134d386ad09b516dd3d138ea115f594e0972e193dfa2ebf09124f32a4ccd79c"", ""4"": ""36bcbd6916e1c191117cabab7500411147aef4c9bc2422e112077125ef0a3fe5"", ""5"": ""6af36dbeca90c1b7cf730dd105c457f987d28a8eb5a706ba718eeef349eb601e"", ""6"": ""810fea68989f1a0a67e439b497fd9a9d49e60c35f41cba2e121aac374272e940"", ""7"": ""e9758f7fab1e0a88da958c1665b3589f1eb618e97d020cfb799af0a6ac881e26"", ""8"": ""e840def7cac997445814c423c696f30a1ee27f328a2005a8454429c5d50402fa"", ""9"": ""b0589b3cf6c68922a964db7a308d02506a47d00ec9c684ee40a536f6014c4820""}",,0,0,0,0,0.0,0.0,"{""0"": 1.1622614670000036e-11, ""1"": 1.1622614670000036e-11, ""2"": 1.1622614670000036e-11, ""3"": 1.1622614670000036e-11, ""4"": 0.3100552814949028, ""5"": 0.002745263221157398, ""6"": 0.392418892255307, ""7"": 0.1658160287752613, ""8"": 0.048078495372161856, ""9"": 0.08088603883471902}","{""0"": 1.1622614670000036e-11, ""1"": 1.1622614670000036e-11, ""2"": 1.1622614670000036e-11, ""3"": 1.1622614670000036e-11, ""4"": 0.3100552814949028, ""5"": 0.002745263221157398, ""6"": 0.392418892255307, ""7"": 0.1658160287752613, ""8"": 0.048078495372161856, ""9"": 0.08088603883471902}",[],[],1,0,0,0,0.0,91691519cc92d865bb0d34e31914f3f929baf73029f004374612a78f79ecb6ef,53c0545e950dcf7bf508f14c054778f4f629f56311338924f8d1f3342ad9d643,"[""proposal_created"", ""proposal_committed"", ""v1_challenge_sampled"", ""audit_accepted"", ""committed_once""]"
20,trust_v1v2,1,A2,0,1,0,1,0,1,V1+V2,76.01,13.023657856814333,0.1,60409222223880108368625216154736574453,1f05d0ee6e3ab9b820b3407f85e47c4d29653a50320acc82fffb40e9688a3d3c,1,"{""0"": ""cdee86173fc1af18be413b10937ced19acab211a1a04a430dd7607b487db80fb"", ""1"": ""0a646d234f8582c95dde9345c9bd540e4cd267cc6c2d9dd301689c77391c6a79"", ""2"": ""cdc89e0447c20564ebcfd68acbbc31d395919ebd3de2fdf94f808178edf52c04"", ""3"": ""8df4e1042b59f897fdefeb6a9c882b8f127d9ba133ec7cf365e3a403f52e8827"", ""4"": ""875ca94ef46e92ae0ac398dcadb499e550747e5558b59f57b9ef04f84577018b"", ""5"": ""0d5589019d405d117d356abb852c6eba09ff3857ffcff0562eba0f02f8b616ef"", ""6"": ""4f82931085fd7da249294c131d344f65e3740be962d9efdd327298484e752751"", ""7"": ""11cff916ffe1a2d0d017201d46acb360ff69541c47d26fd49b4546e82e7757c1"", ""8"": ""47128a05f663263d6a33e622c44e7ca113d28e5b0787bf1fcb0077d13d5f1208"", ""9"": ""f1178054510bee4f884b8a931f2a7be346da077375b990067530c8e374e4c114""}",583fc2dfa89a47bd29a92a2fa9d75991b76d97cd4266005bc9388eff5c194b91,1,1,1,0,4.082602660855221,0.0,"{""0"": 3.4867844010000112e-12, ""1"": 3.4867844010000112e-12, ""2"": 3.4867844010000112e-12, ""3"": 3.4867844010000112e-12, ""4"": 0.09788127317721484, ""5"": 0.004221669725224065, ""6"": 0.3568022904482619, ""7"": 0.19623095319932543, ""8"": 0.12372490415554711, ""9"": 0.22113890928047955}","{""0"": 0.1250000000017434, ""1"": 0.1250000000017434, ""2"": 0.1250000000017434, ""3"": 0.1250000000017434, ""4"": 0.04894063658860743, ""5"": 0.002110834862612033, ""6"": 0.17840114522413097, ""7"": 0.09811547659966273, ""8"": 0.061862452077773564, ""9"": 0.11056945464023979}","[0, 1, 2, 3]",[],1,0,1,1,0.0,53c0545e950dcf7bf508f14c054778f4f629f56311338924f8d1f3342ad9d643,1bfd846fbd0bdec320bcff95a76fac34e8e8bc91b6bd2e75d3d05ea7783dbed1,"[""proposal_created"", ""proposal_committed"", ""v1_challenge_sampled"", ""audit_rejected"", ""recovery_recomputed"", ""recovery_audited"", ""recovery_verified"", ""committed_once""]"
21,trust_v1v2,1,A1,1,0,1,0,0,1,V1+V2,77.94,0.0,0.1,159354765028671932959146024781235174162,6f527d29f7154262747b7792ce5e5dfd8fd2ef284c0a1e3b6028078763447dbe,1,"{""0"": ""5e89ab8d38cfd719836cba1e527ae0062036fa16f4d842fb6e5a154875397b34"", ""1"": ""7c4ce9ca448705f28b79893792bacaa4ec553bc09a53357d142b23e758e333fa"", ""2"": ""1359005ff8260b676fe04df8ded81236201176eadb1b0038d00345efaff744c2"", ""3"": ""9b30213ff30a3ac05d8db3dc4e3c91c366ed57f8e341e21c202d532c3d3bfe06"", ""4"": ""f3e5670b93547904e6110ecde107e34d684ffef52974e74ab2037cd0946915f1"", ""5"": ""97b1cb98f4d55622678f552c1a9cf61e2e3fab507ac444050e0bca6661f41e25"", ""6"": ""a25ffc5def4b50fe051c7a4a0ced12faf6ea0d67e237c4ebd25e54880ef97941"", ""7"": ""6a2e06bf4b675d369f4a1cab63c54036049adead345aee80ba286931494918e7"", ""8"": ""d068c9132097858d7e9058791b5217649ea8e136befbbde52a38c7f8703ef621"", ""9"": ""b85be894d4d7114e2f6354dfba6087730057e806e4dae7f57959267b0ce02898""}",c70e2abdb065d13931a6d357648f6092e2205b2faef32a64b774889d7f1ae092,1,1,1,0,6.45082399435453,0.0,"{""0"": 0.75, ""1"": 0.75, ""2"": 0.75, ""3"": 0.75, ""4"": 0.09614053325643676, ""5"": 0.004301813711870933, ""6"": 0.3230163688887764, ""7"": 0.27484496771409545, ""8"": 0.09578126603953929, ""9"": 0.20591505038509703}","{""0"": 0.18750000000019612, ""1"": 0.18750000000019612, ""2"": 0.18750000000019612, ""3"": 0.18750000000019612, ""4"": 0.02403513331413433, ""5"": 0.0010754534279688581, ""6"": 0.08075409222227856, ""7"": 0.06871124192859573, ""8"": 0.02394531650990987, ""9"": 0.0514787625963281}","[0, 1, 2, 3]",[],1,0,1,1,0.0,1bfd846fbd0bdec320bcff95a76fac34e8e8bc91b6bd2e75d3d05ea7783dbed1,278f1736ebe4af3a6130ef7c093c3a00cce48e59c2df9a95b77467d1720dd05b,"[""proposal_created"", ""proposal_committed"", ""v1_challenge_sampled"", ""audit_rejected"", ""recovery_recomputed"", ""recovery_audited"", ""recovery_verified"", ""committed_once""]"
22,trust_v1v2,1,A2,0,1,0,1,0,1,V1+V2,73.62,6.883438879095567,0.1,178057155815611600532069458435122122750,f22f1b17facf841bb87482bbad3cdb16264dc4262143c251a6ad822e72e4e653,1,"{""0"": ""19869419b1c760e65119ccf14a4700959c28c4525ef392f4b457138403a7b5a1"", ""1"": ""30abe49fff081233bb547cb8968de40b59923f3153b57d56eab74c544019f71b"", ""2"": ""e41718b1921b84acc13e5d6440c00df13b92e8449ef29d50b67089b1a922b418"", ""3"": ""7f7b93f5e0bfc32ec14287909776308b4963544ad0442d3708127f63b9e3f0b9"", ""4"": ""9c68621ac29581eb0bf063ff4e2337a463ed655e75f8c45ff8c57abee5305866"", ""5"": ""1cb00a7d663a56fa20df1c9d831d4c568de4aebe5381da819cf819dacd695e41"", ""6"": ""3b18bf4af1b206a4bf004b62daa397f1fff95cacae1c549af3aeae2f6cf5b323"", ""7"": ""e8eccbea7a2d9f93344c47b0da74e7b652618db11efe2a70dd030edabba9793f"", ""8"": ""dc7cc8ccc68533ffa38bb17959b33de14cac8c4adf60a3a0df0a1083daacf179"", ""9"": ""e3f80358544d48458d5b0ad630cf577451fdbef35e824678970c86b720fdb954""}",e1726318bf851f2437a8c5bb46d6721a0928a0b1031370f64a64bc782b08dcaa,1,1,1,0,3.6388292674784273,0.0,"{""0"": 3.138105960900011e-13, ""1"": 3.138105960900011e-13, ""2"": 3.138105960900011e-13, ""3"": 3.138105960900011e-13, ""4"": 0.035925140938195294, ""5"": 0.007297806973298411, ""6"": 0.4169688595865467, ""7"": 0.40251743923414246, ""8"": 0.053284067772288696, ""9"": 0.08400668549427327}","{""0"": 0.12500000000015687, ""1"": 0.12500000000015687, ""2"": 0.12500000000015687, ""3"": 0.12500000000015687, ""4"": 0.017962570469097643, ""5"": 0.0036489034866492047, ""6"": 0.2084844297932733, ""7"": 0.20125871961707117, ""8"": 0.02664203388614434, ""9"": 0.04200334274713663}","[0, 1, 2, 3]",[],1,0,1,1,0.0,278f1736ebe4af3a6130ef7c093c3a00cce48e59c2df9a95b77467d1720dd05b,67819d50d86ea73a70d2a1f4396d98592bb35dc3b9c4a6058c5e6b3170969782,"[""proposal_created"", ""proposal_committed"", ""v1_challenge_sampled"", ""audit_rejected"", ""recovery_recomputed"", ""recovery_audited"", ""recovery_verified"", ""committed_once""]"
23,trust_v1v2,1,A2,0,1,0,1,0,1,V1+V2,77.15,0.7838914801845523,0.1,185487125578922400861341741207430291247,99f6ffb8cb5cf10a0d835f8a991e352681ac8d8d8e46fd739bfd74d669b7fa60,1,"{""0"": ""a796877c3c13a1cfb83968321be5081718e5760a57c8ea0ce88d0e11395ee9a9"", ""1"": ""d32b4304d217a26a7cff7f5e1a7eedd8468e2dbd38f8b5b3aaac68a42eee1cb9"", ""2"": ""6bc45d97d8de1a7f14cbcb451e8df7e8c9c15ed45004218b3a9b7eeb1bec8808"", ""3"": ""e3eb64c7587be1cc6f196a28dedafbd4ddd5e430b076814460934b21576d6077"", ""4"": ""20a09926e0d016c859786b79c977830e30d9523675cdc0da012585830dc451b1"", ""5"": ""8919aac2a97cf3fbd5fc1d3ffb3677dbe15f8172a2e78c8792490a68775a5eb6"", ""6"": ""4aad19222d23d68da44cfe448b39f633d2483c4c7d8d4d0156f2a9fa4d8e02b4"", ""7"": ""45890b4f4ddc169451e1877d5358738371153dc2588c9592fe07962439ba3811"", ""8"": ""55ae82ee6509be9e91046d5c7c2bc59f3cf6bbf5605723c8dcb48a696af45ae2"", ""9"": ""77ce347599c5182663556e3d855bdc8b6c3087951a32c597d86f166c048a0fe6""}",3d693374ad029d67bbd01cab36e165f4ee8d71cf8b755b18fcca2d831d8ad389,1,1,1,0,3.187727414072603,0.0,"{""0"": 9.414317882700036e-14, ""1"": 9.414317882700036e-14, ""2"": 9.414317882700036e-14, ""3"": 9.414317882700036e-14, ""4"": 0.01742968619228959, ""5"": 0.002189342091989524, ""6"": 0.48112157797719696, ""7"": 0.16435316692294036, ""8"": 0.2397669870901193, ""9"": 0.09513923972508777}","{""0"": 0.12500000000004707, ""1"": 0.12500000000004707, ""2"": 0.12500000000004707, ""3"": 0.12500000000004707, ""4"": 0.008714843096144795, ""5"": 0.001094671045994762, ""6"": 0.24056078898859848, ""7"": 0.08217658346147018, ""8"": 0.11988349354505964, ""9"": 0.047569619862543884}","[0, 1, 2, 3]",[],1,0,1,1,0.0,67819d50d86ea73a70d2a1f4396d98592bb35dc3b9c4a6058c5e6b3170969782,febc43d4b37e193873059a37b83670e6e87f0e6d4e5f8ce8d14ae3b3ee2bbf55,"[""proposal_created"", ""proposal_committed"", ""v1_challenge_sampled"", ""audit_rejected"", ""recovery_recomputed"", ""recovery_audited"", ""recovery_verified"", ""committed_once""]"
24,trust_v1v2,0,none,0,0,0,0,1,0,,77.56,0.0,0.1,261968241016104566318086797527869397672,a7076a7dcefdf2f1b2b16e62575da8e5b266492eb43c5a8a43af6fe6fe172cc3,1,"{""0"": ""83d6a961ad9da4c0dd990ae01f7a5682c97bbb2f9bc6257ea9870fd09bdf335b"", ""1"": ""ac733704a1cf02c1574443ccbf55216eadbf6b3a085bbf7de6ca9959c5fca27c"", ""2"": ""7c7c154d75fff4aff1a1083b011a023226350b24b14a7bf51ac80e65d809d36f"", ""3"": ""58d6e7ccd97a4c11ca98a762d024e20079d7dd3b47a4e2c02bf601a84a77d189"", ""4"": ""d11ff5b44611a5db9eab630de4a5a8b8706615c9fac32bd2b477faae5d436c43"", ""5"": ""5b7a873d664c056b4f30ffdcdffbe3f06bcd40acb8b86b1ae74e9afd1674a59f"", ""6"": ""bd3c8bb48c67fef5895b614f223bf0b9bd0f2885de5a6de4231ab854fc545eed"", ""7"": ""ab8da26c811ac6df111e86b3a6bcedec8304476fe7c643a6d2b577f9f979a3a6"", ""8"": ""e62a1e1c47ccdab07f75da23267e35ad5d4927c4cfd150d0c599512c8c2641f3"", ""9"": ""18c8a2a68f4aa23be3b7baa902c8524063755ac55eec43756d3867d4804835c6""}",,0,0,0,0,0.0,0.0,"{""0"": 2.8242953648100115e-14, ""1"": 2.8242953648100115e-14, ""2"": 2.8242953648100115e-14, ""3"": 2.8242953648100115e-14, ""4"": 0.2650919031381105, ""5"": 0.0006568026275968574, ""6"": 0.5567167444287722, ""7"": 0.07556187760210557, ""8"": 0.0734309002857757, ""9"": 0.028541771917526337}","{""0"": 2.8242953648100115e-14, ""1"": 2.8242953648100115e-14, ""2"": 2.8242953648100115e-14, ""3"": 2.8242953648100115e-14, ""4"": 0.2650919031381105, ""5"": 0.0006568026275968574, ""6"": 0.5567167444287722, ""7"": 0.07556187760210557, ""8"": 0.0734309002857757, ""9"": 0.028541771917526337}",[],[],1,0,0,0,0.0,febc43d4b37e193873059a37b83670e6e87f0e6d4e5f8ce8d14ae3b3ee2bbf55,a98b98c2f1aac0f9293a0eb7a95da54c38cb100e587a51625bfd7feefab7a733,"[""proposal_created"", ""proposal_committed"", ""v1_challenge_sampled"", ""audit_accepted"", ""committed_once""]"
25,trust_v1v2,0,none,0,0,0,0,1,0,,75.97,0.0,0.1,217391744403745383307999478607605896703,f59cf01520f0de0db73f636d76c30b435223ded58ddfeda11c8484eebb71d52e,1,"{""0"": ""8373d1cf541f4bd0628f8c9d0986927a798d4b440a668f66580781f47ad75133"", ""1"": ""abb71fc2e319f0900675906eb5824d7188fcde0cfa290e06a062f0e85473e4b6"", ""2"": ""f38bc96c67c645f215760ae55d97bb38f76834c6fc95da24d35d749461b9ba42"", ""3"": ""f7c0a1353ccf00401b410aad5fe26e9e89730809ebc7d620df04e23a598a0418"", ""4"": ""14f083c9321dd59a5714aa751bafb01fbc42ee0da240fc9b9fa16aa49efc417d"", ""5"": ""de16716c8c1222cdb66ce004633f3934105f8c60dec75e404f591b2b12ccab69"", ""6"": ""dd084fae4e3a55fee6abf788bbaf8af7fdc8ce4c55c0d680c883e71b191bfa6a"", ""7"": ""d80808a649ab85988f9f936fb686c95eb94b8aec984011d05ad0c0d26c81002e"", ""8"": ""9dad65882448eea67906ceff348faad85af7377b94b17e3ed38a455f64fb195c"", ""9"": ""1ed1f1bc21b495e7d7c4f72f12bee0a86dd08b8a32f780dacf4cc47bea491725""}",,0,0,0,0,0.0,0.0,"{""0"": 8.472886094430035e-15, ""1"": 8.472886094430035e-15, ""2"": 8.472886094430035e-15, ""3"": 8.472886094430035e-15, ""4"": 0.25248068813724067, ""5"": 0.0023013360102778894, ""6"": 0.5372012942873127, ""7"": 0.17742487990414418, ""8"": 0.02202927008573271, ""9"": 0.0085625315752579}","{""0"": 8.472886094430035e-15, ""1"": 8.472886094430035e-15, ""2"": 8.472886094430035e-15, ""3"": 8.472886094430035e-15, ""4"": 0.25248068813724067, ""5"": 0.0023013360102778894, ""6"": 0.5372012942873127, ""7"": 0.17742487990414418, ""8"": 0.02202927008573271, ""9"": 0.0085625315752579}",[],[],1,0,0,0,0.0,a98b98c2f1aac0f9293a0eb7a95da54c38cb100e587a51625bfd7feefab7a733,e222f208979d00182c63a41f10d79a3a69590fe38b4ece3291d4dd394f5e902d,"[""proposal_created"", ""proposal_committed"", ""v1_challenge_sampled"", ""audit_accepted"", ""committed_once""]"
26,trust_v1v2,1,A1,1,0,1,0,0,1,V1+V2,76.76,0.0,0.1,66700151025440487219490365955508586080,7951d5bc68461ec2c073a1232c6522e92305afc72dd7da3019fb15c56f9f4870,1,"{""0"": ""1f3f5126ff6cd940fa66e90f823002e08a9158c67d2c2599857e6639d3861dc3"", ""1"": ""43d3a61b742256c1467ce86ec372a072fcd52c7337d023b00d5be3b6ad2ab3e9"", ""2"": ""96f08a53c9ea50b83b6f34e3047ef43f42d809fe8eb20f558e3010013acf1a83"", ""3"": ""e0b0cee59839df0b5cf8ee2c3416865a0400c5ae3043c476e62fabf43f8b0897"", ""4"": ""49b928f5b2515d8983e0369f7cbe5aed1e50b5ffe7c34e7ae2baac1ac216d085"", ""5"": ""b3ce58468a8d7a6582322ba7d6d70e235192488a69a415bdfc0b5b0fcae79efe"", ""6"": ""a17e8d32b0b165029c42aca805f899b083506d3d109e82964043d32b55509b00"", ""7"": ""dd021c70416f4f9776c53e7d37aadb6bd43e773929e91ab33f121c53d94c8307"", ""8"": ""6cea6c47aa3bdbebed152d080ecfbab10826e2e5f5efa5cc9edfe4a8af040b73"", ""9"": ""4bd30f126e278930ac16afe864b100ff8c19be1ee98bdf9207219b0508e37a90""}",b8e51d18dd5e4db4fc25b2f748d659f335515f553c04dcc972792a18ff0aa650,1,1,1,0,5.370408274214051,0.0,"{""0"": 0.75, ""1"": 0.75, ""2"": 0.75, ""3"": 0.75, ""4"": 0.30428847423947236, ""5"": 0.0015955646109937043, ""6"": 0.38970465608449395, ""7"": 0.2817717317695434, ""8"": 0.011025278704929463, ""9"": 0.011614294590557156}","{""0"": 0.1875000000000005, ""1"": 0.1875000000000005, ""2"": 0.1875000000000005, ""3"": 0.1875000000000005, ""4"": 0.0760721185598683, ""5"": 0.00039889115274842715, ""6"": 0.09742616402112375, ""7"": 0.07044293294238604, ""8"": 0.002756319676232373, ""9"": 0.002903573647639297}","[0, 1, 2, 3]",[],1,0,1,1,0.0,e222f208979d00182c63a41f10d79a3a69590fe38b4ece3291d4dd394f5e902d,9a21a71f915ea50465ef9ed3ae58e319bf26ff8963e621debdd7f48e077bc615,"[""proposal_created"", ""proposal_committed"", ""v1_challenge_sampled"", ""audit_rejected"", ""recovery_recomputed"", ""recovery_audited"", ""recovery_verified"", ""committed_once""]"
27,trust_v1v2,1,A2,0,1,0,1,0,1,V1+V2,78.35,1.9817234099022345,0.1,121921068097332597637309158758222631675,182225bedc34a796836419cd275168e0014ff1bbcf12ed3ed57281ab8fce50a1,1,"{""0"": ""649dce27ff86ef752c4a6ea75453e25e10fe69c1ec28e353985e6e7bfe37dd63"", ""1"": ""c02e372c2aaeeda5789067c844b9a7d16e6861cfdf0dc6517f110cc940afc6b1"", ""2"": ""df1d4ff7b3d787e1a1436fbd1a170e02918b226ad5338faefa1db9b095011cc4"", ""3"": ""1397fddb511005d40ad50b822a6df3694c2a25983fca6eac756847afd5f735ed"", ""4"": ""5953e47d9d2b7e0050259cabf7bd8a360bb845f2545ce0337d1800a344c8744d"", ""5"": ""9ebf9965db9a2d8e7679320273795ff9316076c617eb306211bfdf259a491a69"", ""6"": ""4c19b5ec44acad1eb26201baf35a324c37386f7f992a36ab38d07b1ca9b85878"", ""7"": ""2c62b7a0f4656606b6a3b4eebec8c89f4f4d200018dfbd69a7f754ea22becadd"", ""8"": ""520137d0b292c9e72626caffc3c4839883d57be6145b5e5ae9f7b82fc996b5bd"", ""9"": ""eadfae9d8d71bb3237d005e48ceea8094fa00927782854e765930d000716dcc4""}",e1cf83f9eed4ee515040792c68e1d29989eee0d16762c7010778a8c34d10a3bc,1,1,1,0,4.534596849140341,0.0,"{""0"": 7.625597484987034e-16, ""1"": 7.625597484987034e-16, ""2"": 7.625597484987034e-16, ""3"": 7.625597484987034e-16, ""4"": 0.10697121394996284, ""5"": 0.00047866938329811133, ""6"": 0.3495529684563203, ""7"": 0.3171730911618351, ""8"": 0.016218212325687015, ""9"": 0.20960584472289367}","{""0"": 0.1250000000000004, ""1"": 0.1250000000000004, ""2"": 0.1250000000000004, ""3"": 0.1250000000000004, ""4"": 0.05348560697498142, ""5"": 0.00023933469164905566, ""6"": 0.17477648422816014, ""7"": 0.15858654558091756, ""8"": 0.008109106162843507, ""9"": 0.10480292236144684}","[0, 1, 2, 3]",[],1,0,1,1,0.0,9a21a71f915ea50465ef9ed3ae58e319bf26ff8963e621debdd7f48e077bc615,3f03e2826e8d00f25bf0ddf12e8700d0386b059fed7ef79a6e1ae4f762682555,"[""proposal_created"", ""proposal_committed"", ""v1_challenge_sampled"", ""audit_rejected"", ""recovery_recomputed"", ""recovery_audited"", ""recovery_verified"", ""committed_once""]"
28,trust_v1v2,0,none,0,0,0,0,1,0,,80.2,0.0,0.1,70498381439073940593541655451591361382,d8996fcd9caf425211c1e3dc8bb1f72b6bcae418aab3af98b55977a1cf25b20f,1,"{""0"": ""c5b91bebbc7ed3323bd97b816e2af33844350b5049dc010b547e19a086693ec9"", ""1"": ""33eb2135c5b160db3bff2ce5db17b22fdb83fcc242c4f4f5dd2f50e919b52756"", ""2"": ""78c79926b9b1b5c866707b2f573562af5d11bf9e73e4340ea50602f6615641c2"", ""3"": ""c6c7355bd00662e8c6c463eced72c668d538699232be1e56aa9cb4ef25ee4217"", ""4"": ""e45526811f733daeb3e66d43b8816fdaa8510f742b9f54132e77264a74f14cdd"", ""5"": ""55382e8f6cde5095a6f3145877546ddd820397af68f39590e22145bbb6a46560"", ""6"": ""aff68687b0478c5745508a0a21a93ad176c1d2fcd28749a25d3eb67fa842defe"", ""7"": ""e592ba4bc9c1fcefe1c6d27ebb20b255367353e8cca262a97ab6fdaa8819bc2e"", ""8"": ""ed0e452ea5b57f881d263cdf5b44d0f6eefcbcdad9ae64213be2d66455bb6390"", ""9"": ""cd2a38040cbb6c32f686fd1fffc9275e148a92a6bef7246a4c0e8bc1766343ce""}",,0,0,0,0,0.0,0.0,"{""0"": 2.2876792454961105e-16, ""1"": 2.2876792454961105e-16, ""2"": 2.2876792454961105e-16, ""3"": 2.2876792454961105e-16, ""4"": 0.05830286346782623, ""5"": 0.003927626593415866, ""6"": 0.2894189394281674, ""7"": 0.21149725561347277, ""8"": 0.18941851258897738, ""9"": 0.24743480230813938}","{""0"": 2.2876792454961105e-16, ""1"": 2.2876792454961105e-16, ""2"": 2.2876792454961105e-16, ""3"": 2.2876792454961105e-16, ""4"": 0.05830286346782623, ""5"": 0.003927626593415866, ""6"": 0.2894189394281674, ""7"": 0.21149725561347277, ""8"": 0.18941851258897738, ""9"": 0.24743480230813938}",[],[],1,0,0,0,0.0,3f03e2826e8d00f25bf0ddf12e8700d0386b059fed7ef79a6e1ae4f762682555,3ccf2cee7041999d7b9776be5bb715a832f4d29dc5645cfd01e87c7752c8e9e8,"[""proposal_created"", ""proposal_committed"", ""v1_challenge_sampled"", ""audit_accepted"", ""committed_once""]"
29,trust_v1v2,1,A2,0,1,0,1,0,1,V1+V2,79.87,1.3407625861831671,0.1,286935904122788681460749739207657757984,40bf1b4058147b9e9847e9abb1329dd383d2daf4df47185d14e710b49e463e77,1,"{""0"": ""9985a60d05d90ea7f1025ad83ac629315e7ecf828cfa4746fad3fce3f7ee8692"", ""1"": ""a13c696cd6b68426523f9e99bae76828410433ba60d134afb66c19b9a8b2d808"", ""2"": ""aa7dc33621c86fc55f4e57f4a95c967f29e9bb42b6e336564ae2284a07f00eaa"", ""3"": ""e7aff2ae6966761d099a8ed2f63e5c2dbf12277dcdc6b887b0c7d3c970065abf"", ""4"": ""0c497c9a8f12791a97a0b5ef43ba70495f1436076343853437ad6cced1bb3c10"", ""5"": ""be6c7b8e133c33086807095b7ff40dbcde2fb681611d1f15ed6d50b9a8a1cb39"", ""6"": ""b8e1f735c66780998577977c99600fbbb4bdb2bf39a63b05b28b7dd35d94be19"", ""7"": ""326dfb83946e3f6f8d3e8c29b8ce757573b43f24cc93bb495af13de19dcfeb1f"", ""8"": ""3c1f91c121bde7d7d9d4bb27585ad0cf75bde1cd87c4cd7907bb0c327d2e572d"", ""9"": ""ca10e93f3f341b297056b8e9b54b7c41eab60f78b1293f3e32edb9b63655372a""}",d759256e48ef62e71ebbd58122e05cf353e7932eeb5f9cc741caccd13689c7b8,1,1,1,0,3.647443673911662,0.0,"{""0"": 6.863037736488332e-17, ""1"": 6.863037736488332e-17, ""2"": 6.863037736488332e-17, ""3"": 6.863037736488332e-17, ""4"": 0.11710523703759856, ""5"": 0.0073685072665627205, ""6"": 0.4992964782258952, ""7"": 0.15205023948164476, ""8"": 0.06757060975399087, ""9"": 0.15660892823430766}","{""0"": 0.12500000000000003, ""1"": 0.12500000000000003, ""2"": 0.12500000000000003, ""3"": 0.12500000000000003, ""4"": 0.05855261851879928, ""5"": 0.0036842536332813603, ""6"": 0.2496482391129476, ""7"": 0.07602511974082238, ""8"": 0.03378530487699544, ""9"": 0.07830446411715383}","[0, 1, 2, 3]",[],1,0,1,1,0.0,3ccf2cee7041999d7b9776be5bb715a832f4d29dc5645cfd01e87c7752c8e9e8,b2a591b8d97ddecd0451667c38bf33b776542a7f1e6301d90644f3432af52b64,"[""proposal_created"", ""proposal_committed"", ""v1_challenge_sampled"", ""audit_rejected"", ""recovery_recomputed"", ""recovery_audited"", ""recovery_verified"", ""committed_once""]"
30,trust_v1v2,0,none,0,0,0,0,1,0,,77.35,0.0,0.1,166410599721288211739455388320744344606,bbb0fcbc1b7f8453fdaabbaa363f95ad0be78beedde8b309b17f2beacc3f897a,1,"{""0"": ""b11f6db8158032023a916c787058568b3d7bbdf4bce41dc1d49701af2931e590"", ""1"": ""b2713e5c45a9346fa902d0c74027a5ccdc7cea0ba29eed1c111ee08d34ff359b"", ""2"": ""74e5b0041cd03517f56a3b4552b14844fe857b08e983d39cdf3b8bd81926163b"", ""3"": ""83278381fd036ac1b75df139b459f06e6c4cb4badbe06b5e09420a88c12258a5"", ""4"": ""6ecef0e40c806d9be7432d6e667860afb1be1bb3cc22db7c425f05aa4919eaeb"", ""5"": ""f98ac883e0c47834da33e469d84cc07ae917f04c87a5717db54786034d2f030b"", ""6"": ""2f0e0b6bbd15acd1e83d4d2b49a2433bfd5beb2f6b414886704d756b36512fe5"", ""7"": ""775c3dc8e1ccf54d53f9d279a2602d793a4b6e489de2c481667d130ab83a1918"", ""8"": ""2f37a15f9dad9a86f0acf2373c2cf48aadd46461c3fe850520b403d7f2971113"", ""9"": ""5f3df424e8438b2cd31e44858084ec633d6c23bd0d360d5b5454f2620371c7c0""}",,0,0,0,0,0.0,0.0,"{""0"": 2.0589113209465e-17, ""1"": 2.0589113209465e-17, ""2"": 2.0589113209465e-17, ""3"": 2.0589113209465e-17, ""4"": 0.29858050912082107, ""5"": 0.004385527724946834, ""6"": 0.4752164469429139, ""7"": 0.15456365481482856, ""8"": 0.020271182926197263, ""9"": 0.046982678470292305}","{""0"": 2.0589113209465e-17, ""1"": 2.0589113209465e-17, ""2"": 2.0589113209465e-17, ""3"": 2.0589113209465e-17, ""4"": 0.29858050912082107, ""5"": 0.004385527724946834, ""6"": 0.4752164469429139, ""7"": 0.15456365481482856, ""8"": 0.020271182926197263, ""9"": 0.046982678470292305}",[],[],1,0,0,0,0.0,b2a591b8d97ddecd0451667c38bf33b776542a7f1e6301d90644f3432af52b64,5523e9408cf68da329da24ec5ffe9092bbf3acd8363f118d432cbb03f4eac20d,"[""proposal_created"", ""proposal_committed"", ""v1_challenge_sampled"", ""audit_accepted"", ""committed_once""]"
31,trust_v1v2,1,A2,0,1,0,1,0,1,V1+V2,80.05,3.473016666239464,0.1,222361285156324674198942725839261839243,3a59c44397e67450382cb22d9bcf90a76436a36234b42b5b867c261985a90a29,1,"{""0"": ""ab692a42936ba8bfb7c05ed91dc4b445d1bf863613ca21c9811e3a9989e51c49"", ""1"": ""73839040b5fafa93a20609335e0e6e4314bb4e5866e3885fd20d363ab161c80a"", ""2"": ""4e50784424bacf1a9ef71a71e4174b832e65145035a2a640c0058af0f42317af"", ""3"": ""f40ceb1f15b76346a807a64ecb378e9d0a8b60cd24d528ebb50b1e9d69b6aa8b"", ""4"": ""da7e22e766f4b80db42c0878df46be8bc715cb5d9bc27e5cc509059ccadeb81f"", ""5"": ""64fb8ad38d8e9da4ad03783adf6c0480bd5ef587c6584df485f36a4505c7adfd"", ""6"": ""c88f44235ee08fc656a7836347d38e46f31ec2fcd73930d9cced3d43d158a8dd"", ""7"": ""31ef168264678eacf5c9f14295fde6b180b2a71b011479991c67e8cc645fa913"", ""8"": ""bd58387830dde37c6ca2072b800fd3ffce2b21ac04839fe27235cdd578190318"", ""9"": ""90e60ab26183edd41b67b68c3ba5496e9ef0424e8406a174f7e231cf1aef4d37""}",c424e1b75784b67d3422ca49289918bec2b1053b803d92c4f2e40ba994652463,1,1,1,0,3.5348270463786102,0.0,"{""0"": 6.176733962839501e-18, ""1"": 6.176733962839501e-18, ""2"": 6.176733962839501e-18, ""3"": 6.176733962839501e-18, ""4"": 0.1328742787616414, ""5"": 0.03129245505449843, ""6"": 0.2711447654661845, ""7"": 0.2579281112723429, ""8"": 0.1453196596550941, ""9"": 0.16144072979023877}","{""0"": 0.125, ""1"": 0.125, ""2"": 0.125, ""3"": 0.125, ""4"": 0.0664371393808207, ""5"": 0.015646227527249215, ""6"": 0.13557238273309224, ""7"": 0.12896405563617144, ""8"": 0.07265982982754705, ""9"": 0.08072036489511938}","[0, 1, 2, 3]",[],1,0,1,1,0.0,5523e9408cf68da329da24ec5ffe9092bbf3acd8363f118d432cbb03f4eac20d,e272187278bf9bf5549cee85c244e2efcf4e22a3827febdbd68df86be60606b3,"[""proposal_created"", ""proposal_committed"", ""v1_challenge_sampled"", ""audit_rejected"", ""recovery_recomputed"", ""recovery_audited"", ""recovery_verified"", ""committed_once""]"
32,trust_v1v2,0,none,0,0,0,0,1,0,,76.89,0.0,0.1,243606665065116324300283938836954420014,c771840957fa320f6f49408997f548da5734a48bdb865f578ad9a66d151123c7,1,"{""0"": ""c7f67f0961bf62537cf4095621849efc4df936061b11798375980c9ef248b879"", ""1"": ""847c36024932bd4c3b14bcc7b59d049da95bcc01fd5d51ba5bc2c7aff330aecd"", ""2"": ""615c51d38373444ad3e870adee4083dc08060c7903498156c29401542fdc9b09"", ""3"": ""af9be4a3b5644565b20d09cee543322c02f751ac7aff06ec0d6f1faa1bed4ef8"", ""4"": ""4115ee18f2bf796c4416c91585202a2b7df59617a1f282fcfb31bce81f041631"", ""5"": ""a8492fae7a091b6847eb1f4624ecdb3cbfe36712cf6312dc0cfaaa136f9ef203"", ""6"": ""2580a74f80d2edfa445f1629c42b4fe62ec19d46b8b4a96f7c63d2f0cee200e8"", ""7"": ""db8df45e90b1171358579ec7c31528a54479e111ed41ece5ab48bd014562b985"", ""8"": ""ab4d43eca8af785bf98aad35189139a304bce148de33c5782071e9126759eaf5"", ""9"": ""e74e08b2335f163ab99f3ae20646f3e40032441714441f5534247e602b712ac2""}",,0,0,0,0,0.0,0.0,"{""0"": 1.8530201888518504e-18, ""1"": 1.8530201888518504e-18, ""2"": 1.8530201888518504e-18, ""3"": 1.8530201888518504e-18, ""4"": 0.03986228362849242, ""5"": 0.1599302947952141, ""6"": 0.17917319652439695, ""7"": 0.22792099166056745, ""8"": 0.1941384561753928, ""9"": 0.1989747772159362}","{""0"": 1.8530201888518504e-18, ""1"": 1.8530201888518504e-18, ""2"": 1.8530201888518504e-18, ""3"": 1.8530201888518504e-18, ""4"": 0.03986228362849242, ""5"": 0.1599302947952141, ""6"": 0.17917319652439695, ""7"": 0.22792099166056745, ""8"": 0.1941384561753928, ""9"": 0.1989747772159362}",[],[],1,0,0,0,0.0,e272187278bf9bf5549cee85c244e2efcf4e22a3827febdbd68df86be60606b3,bf4d0c5e024c8af739538dede2d206926bcdaff671493ef084a458daaf11cd70,"[""proposal_created"", ""proposal_committed"", ""v1_challenge_sampled"", ""audit_accepted"", ""committed_once""]"
33,trust_v1v2,0,none,0,0,0,0,1,0,,76.02,0.0,0.1,322095545137391225404766376139486125237,ab2d103f511947b33531f1e3c39aca7d87fa83483d3384a1ad1e8da6fded8ce8,1,"{""0"": ""8d77d53c49b57c25f88ade911ebb0d2165133a498c1a1ddda85519d97b180cfb"", ""1"": ""c18a9be033f243b19108d0a256a2bd5658572dcf0dc45d43efceae3231725fe3"", ""2"": ""fc767dfe63b62297d0808aeefb36d3033a5e5016f4ae238d74321690c3a4e325"", ""3"": ""ba87801eec4c4cd919e6d9dffc9041fcaae7debb94bc8cbe6e174fd520e53209"", ""4"": ""7c10ade1e835196340eb0d81736f399e44819b1a6fe931a9b5683c447459a294"", ""5"": ""e4d516307601dbf2125400912e0564fa103b8a8102fd12b89b9c089e0ca8c4e0"", ""6"": ""728ded6342382dd8cee13e1f5041265bee5440489680c8216d8587d11a3a97b6"", ""7"": ""8e87f37d2a6e287659c2620ba07e1e2d1e66c2f750cf8c8949c7706e7606fd76"", ""8"": ""4e7d5e4668bc6674994fc56f342154eff4568c9e873c9879b52c4d858039f9bc"", ""9"": ""98015a8b0dc94c1f3ed5eccb7588087ad6300d156069cb34c084613426a42e85""}",,0,0,0,0,0.0,0.0,"{""0"": 5.559060566555553e-19, ""1"": 5.559060566555553e-19, ""2"": 5.559060566555553e-19, ""3"": 5.559060566555553e-19, ""4"": 0.24289306715681616, ""5"": 0.055175942233758914, ""6"": 0.28468634102558754, ""7"": 0.2993106795664387, ""8"": 0.058241536852617855, ""9"": 0.05969243316478088}","{""0"": 5.559060566555553e-19, ""1"": 5.559060566555553e-19, ""2"": 5.559060566555553e-19, ""3"": 5.559060566555553e-19, ""4"": 0.24289306715681616, ""5"": 0.055175942233758914, ""6"": 0.28468634102558754, ""7"": 0.2993106795664387, ""8"": 0.058241536852617855, ""9"": 0.05969243316478088}",[],[],1,0,0,0,0.0,bf4d0c5e024c8af739538dede2d206926bcdaff671493ef084a458daaf11cd70,08a237fd6a8d9d4885629cfd9b701ccfbb546b374b892f1b9d1eed59ad0aaf31,"[""proposal_created"", ""proposal_committed"", ""v1_challenge_sampled"", ""audit_accepted"", ""committed_once""]"
34,trust_v1v2,1,A2,0,1,0,1,0,1,V1+V2,79.05,2.9118520506224583,0.1,186160790342124179771298735040019175992,2ae54c1f701556e54225ec0d49dfddcf2835d48b18f52458b118f6c99d374129,1,"{""0"": ""3a74ff1b094df169546f37e072798d87dda4562aa544f2e80ecfda286e56c829"", ""1"": ""ee5724d80445dc5ffc0d03580ed32163a22534634bee015be856c6458fac2495"", ""2"": ""94f372cc6eabf63f8a066c46081d5eb6b6eb745b3a7e2ffc0b1f0433f112b5c8"", ""3"": ""07d77cb911a11cc6bb7dd59b094a4e1240cc2495101fd28b0cade861c94d752a"", ""4"": ""7858d6c55aadb2b4093f888071951d3743e1c3cf2cfea71952e469c3a76c761e"", ""5"": ""7169a67859d1612b694a88a284de3adae7ccdeab7f73fdfcfc24206e3bfa5c0f"", ""6"": ""de6a3466ebb7e18c901dca165556e495f7cdcec6091bc4571dae3613dfd6f179"", ""7"": ""75016b9a19f0dbf1db93dba3a6da146f40f4581b97b88881f2885b20eea59128"", ""8"": ""22977d06dc68cfcb7a697acc46b27d21bf2aacdd5fe54f91c603b241af59484e"", ""9"": ""0a476a7912a6bf124afa9f8bc58b69eb9cb3328e78738b08c19a5b68d6d3de23""}",b857b2ca362492d1e1e73d3816302368cc6f87bb53dfb5fc15a664926a316da9,1,1,1,0,3.1790781057512634,0.0,"{""0"": 1.6677181699666655e-19, ""1"": 1.6677181699666655e-19, ""2"": 1.6677181699666655e-19, ""3"": 1.6677181699666655e-19, ""4"": 0.40311147631140315, ""5"": 0.016552782670127674, ""6"": 0.4156494584720346, ""7"": 0.1293060915412148, ""8"": 0.017472461055785357, ""9"": 0.017907729949434265}","{""0"": 0.125, ""1"": 0.125, ""2"": 0.125, ""3"": 0.125, ""4"": 0.20155573815570157, ""5"": 0.008276391335063837, ""6"": 0.2078247292360173, ""7"": 0.0646530457706074, ""8"": 0.008736230527892679, ""9"": 0.008953864974717132}","[0, 1, 2, 3]",[],1,0,1,1,0.0,08a237fd6a8d9d4885629cfd9b701ccfbb546b374b892f1b9d1eed59ad0aaf31,be754d25b99c7ad0057b2aa9b545c62069b8ecfd2a9ec9dfd5e1f05f59136e6f,"[""proposal_created"", ""proposal_committed"", ""v1_challenge_sampled"", ""audit_rejected"", ""recovery_recomputed"", ""recovery_audited"", ""recovery_verified"", ""committed_once""]"
35,trust_v1v2,0,none,0,0,0,0,1,0,,77.95,0.0,0.1,212241908827425425974794160679810732421,19f9de49cfa59af6f406dd363b04e90f88f9f0d94005e4a3a46a5a21acd2d499,1,"{""0"": ""b5e0091a44c256f7d92927d05b4ba317280105c6904e04a1f001a016a30d496f"", ""1"": ""cdd49ea24ffbf880987b8731b4863c49a5c96c83c0a1421319e885644b1b9f5b"", ""2"": ""f7c7dc34aad82a5ae303ea701f3948b1b53784aaf7ea82d70743055a0ed40ca0"", ""3"": ""0c51ae493f23f368387c19908a2679e4af9b6fd60a83199bd38ef4d20380f8cb"", ""4"": ""5c827c46abde7d1935c506968ed899c94888b57e8f98456ba57f03595e873b52"", ""5"": ""bcdc895686242d2e4b0106c7517919df7bf65c35936ad0d94a8121ee1ea9d41a"", ""6"": ""c63366a09acdc3f967880b0f145f76accb327e2ffb4a4446ca900c8e8710835d"", ""7"": ""0f0bc8ad35c1764104825b7f08601d058fca3a4bbcf7910613b7388e7c47621b"", ""8"": ""458e89e42bf2768c6f857e49ce6025e1f5cf768410ee85504c38e476d0f22a85"", ""9"": ""55a947fb7d97db2f178a88b5afd6de8d9e2042461b65d06e4980c5e506085c3f""}",,0,0,0,0,0.0,0.0,"{""0"": 5.003154509899997e-20, ""1"": 5.003154509899997e-20, ""2"": 5.003154509899997e-20, ""3"": 5.003154509899997e-20, ""4"": 0.1265507921091416, ""5"": 0.060434915490244774, ""6"": 0.14089945908909482, ""7"": 0.4615103158905085, ""8"": 0.10905255981304672, ""9"": 0.1015519576079635}","{""0"": 5.003154509899997e-20, ""1"": 5.003154509899997e-20, ""2"": 5.003154509899997e-20, ""3"": 5.003154509899997e-20, ""4"": 0.1265507921091416, ""5"": 0.060434915490244774, ""6"": 0.14089945908909482, ""7"": 0.4615103158905085, ""8"": 0.10905255981304672, ""9"": 0.1015519576079635}",[],[],1,0,0,0,0.0,be754d25b99c7ad0057b2aa9b545c62069b8ecfd2a9ec9dfd5e1f05f59136e6f,494f55c554aa686f4b8f86d7c68669e87a17a3a5616b9ad847e8e7a237028955,"[""proposal_created"", ""proposal_committed"", ""v1_challenge_sampled"", ""audit_accepted"", ""committed_once""]"
36,trust_v1v2,1,A2,0,1,0,1,0,1,V1+V2,74.18,5.074284769927714,0.1,223546273381595865280155332940554970557,3e7bb837bab952d21fce1e2075f454b3affaaa64f746149a6f6b4ed3ab82c906,1,"{""0"": ""7a930eb6280aa9289a1561572319bf05c69c6305b81111e5997ba072c3f0eb07"", ""1"": ""d5a2ba042fe901ff9b839d49ae14ba2d72f6dea54aa13770a72853615448dc2e"", ""2"": ""9eb1cee20e3308eced3bb1dbe5441e6212b315dea3c463afd38572593f11e17d"", ""3"": ""1a52701094e5221a52f9798f22563f640bd296b596ab94b60b5e1a7c9ea41bfb"", ""4"": ""685c5ca56108eb4736b1124e25da009139485994c37bf29ba1bfbf8764e480dd"", ""5"": ""4c3d7262fad8865e43306d020f64e70e800396ca707a53ab3c20eab2c1efd14b"", ""6"": ""3d01fb9d38fa1880413cf0c9a8d01253ddb2abef5b6dbdba026f50adbca87e80"", ""7"": ""b5017a6bcd529adc6b0c6e3430bfd0aecc3dd73f1bf5721973316640673bfb39"", ""8"": ""9feea91d0bc7c0b840172048e1d1b0ec344dc83679fe90ff57c293ad50660b23"", ""9"": ""d202c4cba125ec6b4ede3383a55b25091444a9e5bcacc10b6f94af86f217cf58""}",854750732467310487f082d3e7033ee94e46ef4d0329d226d24515f53062983c,1,1,1,0,4.216671350528289,0.0,"{""0"": 1.5009463529699994e-20, ""1"": 1.5009463529699994e-20, ""2"": 1.5009463529699994e-20, ""3"": 1.5009463529699994e-20, ""4"": 0.03796523763274249, ""5"": 0.0652958527384389, ""6"": 0.04226983772672845, ""7"": 0.1928090479481129, ""8"": 0.2814051270422846, ""9"": 0.3802548969116927}","{""0"": 0.125, ""1"": 0.125, ""2"": 0.125, ""3"": 0.125, ""4"": 0.018982618816371245, ""5"": 0.03264792636921945, ""6"": 0.021134918863364226, ""7"": 0.09640452397405645, ""8"": 0.1407025635211423, ""9"": 0.19012744845584634}","[0, 1, 2, 3]",[],1,0,1,1,0.0,494f55c554aa686f4b8f86d7c68669e87a17a3a5616b9ad847e8e7a237028955,6c547b3b3a71e01ae7212b2518dcbd1403e97de14ccdadecd6b04d3358e86bef,"[""proposal_created"", ""proposal_committed"", ""v1_challenge_sampled"", ""audit_rejected"", ""recovery_recomputed"", ""recovery_audited"", ""recovery_verified"", ""committed_once""]"
37,trust_v1v2,1,A2,0,1,0,1,0,1,V1+V2,79.23,34.4557754453606,0.1,235729142476726567607782094587274354372,14037b9f9f64673c4b75dfe1b564f8ca41345ea12f56d3ed53662bc08f30b686,1,"{""0"": ""30918eefd8d65722fd4735bf2b023a29c8df4aebbbca4522da330dd508453702"", ""1"": ""9a0a31a982b98fa5d57c26e351aefeb74a24e0ca66ffad7143d70098dc665737"", ""2"": ""0f2eb8411d063901c25acd3b220e6359109c2555d01482740e6537a526ae5dfb"", ""3"": ""8af8cd209939d5c0ef2aa919818b3d7336471e304081a66ec36bb65009febdb9"", ""4"": ""770e9b04fa9cca3e3d13e69d24ad61951fb453943ad8694587ca1818a4767784"", ""5"": ""80d61536e3b1ff5315984924678f28e241f907daa59771fdb2ce538368118e9b"", ""6"": ""b991d6e9270f722d1fba6334ebc210ffa8095a99dc74f664c2d1b5c46c6ccc90"", ""7"": ""a5adc5bd7eb58ab55ddb980d3e3693cf7701f610a3c33e5f8b1d46655b5bbedb"", ""8"": ""8e80b241e9e9119dbc827fc00e26cd1b0a34c2770bdfe10fff97df6f0d598878"", ""9"": ""f3d0cafa5b9fcbed1612b057989fe6ad9133ff0601acb660ba1a503d56522c8f""}",f51aef53ac7cc09501a507450d9ca48f77d7f1e96f601c3d08d5411e6fc41689,1,1,1,0,4.0242931608287416,0.0,"{""0"": 4.5028390589099985e-21, ""1"": 4.5028390589099985e-21, ""2"": 4.5028390589099985e-21, ""3"": 4.5028390589099985e-21, ""4"": 0.18473463675613438, ""5"": 0.1929338212878433, ""6"": 0.18602601678433017, ""7"": 0.2311877798507455, ""8"": 0.0844215381126854, ""9"": 0.12069620720826121}","{""0"": 0.125, ""1"": 0.125, ""2"": 0.125, ""3"": 0.125, ""4"": 0.09236731837806719, ""5"": 0.09646691064392166, ""6"": 0.09301300839216509, ""7"": 0.11559388992537276, ""8"": 0.0422107690563427, ""9"": 0.06034810360413061}","[0, 1, 2, 3]",[],1,0,1,1,0.0,6c547b3b3a71e01ae7212b2518dcbd1403e97de14ccdadecd6b04d3358e86bef,e13eba7b52692ddb34257c522e374e628aa9aca854c9c2823b0c749b0c52da48,"[""proposal_created"", ""proposal_committed"", ""v1_challenge_sampled"", ""audit_rejected"", ""recovery_recomputed"", ""recovery_audited"", ""recovery_verified"", ""committed_once""]"
38,trust_v1v2,1,A2,0,1,0,1,0,1,V1+V2,75.91,3.0474502864684236,0.1,11587614657899287912770565026586141876,eb438566b523c50700ead10f48d4645127087a67a3c31712f3305a3f300b84fa,1,"{""0"": ""39807880e14b6fbe2ad30d144de39eb31274a8fc83f02b7263ef673cb12d8e84"", ""1"": ""3a411c0a6c9f056374f466233858c058873a69a509323c9b479366b29a853589"", ""2"": ""6fab0a533e0b4cd3d6eb1d6f73f614e221fe6f469b64bfe3c03bc4f0bfc4e4c5"", ""3"": ""95e1bc75f3ace931e2a22b5b6fc70faa38c2efab812d6aaa1489ffea22cfc5d6"", ""4"": ""3808552445ff6fd3368044fe07cb8d7610a924428c82a6931f6b474aea0d6ac9"", ""5"": ""340e9c90bf963d10bcecc415eea04ffc8731bb3bea1b0066e3a0c4bc16925261"", ""6"": ""08a99f213a261240781979ce3d87c449b668b72af8697a6909ff545caa6f2b29"", ""7"": ""6efcce363ec081f1f55fda03126c94ca74f6d2644a34704e28101c391b9d7f39"", ""8"": ""420450083aa1804406b4b670293fd77ab46c598cd5377df9643471c7f0c70544"", ""9"": ""c0e4c1dec6ed882240adb4263b72446d98d544949e73529ab1d2fdec6a4e1bb3""}",e7075ad4c0c3aa348b380a8f37ddd2e11794336dfaed37ae670122b60a759aea,1,1,1,0,2.697161647719159,0.0,"{""0"": 1.3508517176729998e-21, ""1"": 1.3508517176729998e-21, ""2"": 1.3508517176729998e-21, ""3"": 1.3508517176729998e-21, ""4"": 0.32958235943961345, ""5"": 0.06055011917184028, ""6"": 0.4789758638370387, ""7"": 0.06935633395522367, ""8"": 0.02532646143380562, ""9"": 0.03620886216247837}","{""0"": 0.125, ""1"": 0.125, ""2"": 0.125, ""3"": 0.125, ""4"": 0.16479117971980672, ""5"": 0.03027505958592014, ""6"": 0.23948793191851936, ""7"": 0.034678166977611835, ""8"": 0.01266323071690281, ""9"": 0.018104431081239186}","[0, 1, 2, 3]",[],1,0,1,1,0.0,e13eba7b52692ddb34257c522e374e628aa9aca854c9c2823b0c749b0c52da48,5c4850c6a9821c501d4ae7e74da56b2582b33177956c93063144a51c7647e89f,"[""proposal_created"", ""proposal_committed"", ""v1_challenge_sampled"", ""audit_rejected"", ""recovery_recomputed"", ""recovery_audited"", ""recovery_verified"", ""committed_once""]"
39,trust_v1v2,0,none,0,0,0,0,1,0,,80.38,0.0,0.1,263075991957291933326121624934665266109,d5b0c34efc65d47d6d2ee7c77f5a861ba37f6451c4ddfd268b86f51b08568708,1,"{""0"": ""b276d6170899e4fa94129c2859cd9d8d1a9f481cdc261846d4049905f6317073"", ""1"": ""3d5b2c38bf4ae94771e441f1b44cda9d993d656f0497d5b526db7bf538a0dc83"", ""2"": ""6dfbaafecf23f18cc3d6f5452e41526921b53041db34e7145924b471fb5bc712"", ""3"": ""f4b4156947b362024de971807306bea33d58bda79238485879756ce80e2c2a8f"", ""4"": ""92e4b751b502969b5d8912b884828d7e0044512d519e641739cb9d732a83fe7c"", ""5"": ""0e4aa3972303ebba8ef7226c3bb4655f3d497f12e6f6ca53ffc06ff7013a2422"", ""6"": ""5f9f9b72db98a8c96fade8465fcfef4d3c134d6ecb373086afd3a73802dc7dd3"", ""7"": ""3947aa51475b978bc216d4de31dcb8e6b482f58034462469172076dc291edf7d"", ""8"": ""bbe9892b4744c5749c92c550621a909d436da7f1d3ecff3ee9ede8e8e7abbf96"", ""9"": ""cf220ca3a20c2ae8e747953c734baf57ae4c46bc36def896d050e56acef533c5""}",,0,0,0,0,0.0,0.0,"{""0"": 4.052555153019e-22, ""1"": 4.052555153019e-22, ""2"": 4.052555153019e-22, ""3"": 4.052555153019e-22, ""4"": 0.27412511532860023, ""5"": 0.19341544324826826, ""6"": 0.14369275915111163, ""7"": 0.19605730768328328, ""8"": 0.09935877605417565, ""9"": 0.09335059853456107}","{""0"": 4.052555153019e-22, ""1"": 4.052555153019e-22, ""2"": 4.052555153019e-22, ""3"": 4.052555153019e-22, ""4"": 0.27412511532860023, ""5"": 0.19341544324826826, ""6"": 0.14369275915111163, ""7"": 0.19605730768328328, ""8"": 0.09935877605417565, ""9"": 0.09335059853456107}",[],[],1,0,0,0,0.0,5c4850c6a9821c501d4ae7e74da56b2582b33177956c93063144a51c7647e89f,195daa93833dae6bec74351ad0836cb5b861419629b7846c02f84b8427bff3f3,"[""proposal_created"", ""proposal_committed"", ""v1_challenge_sampled"", ""audit_accepted"", ""committed_once""]"
40,trust_v1v2,1,A1,1,0,1,0,0,1,V1+V2,76.54,0.0,0.1,24510203301697947351637655196453880894,eff3c195a3fdf0369b266f583b5d018b6200e6cacdc26a50271c7fc51f9e306a,1,"{""0"": ""7a78b500e86f314f6fc861bce59f005653fb8e7ae9fb8e75d19df0f30827826c"", ""1"": ""c6f18664ef17103b6071c347078a1eaa8cbb8b94f2648726179323bed959c7dd"", ""2"": ""7ac6fff2edd9d323749f82abeeb0e8fd7e25038cd7ec97f2b265d8bfcb0890a9"", ""3"": ""58ee0702bf6a41ad7f1cfe04c4f0eb6aa0d5d4d9ed3ab5a33a90cedad67381f5"", ""4"": ""e9e5af24e819349958d5a37a8d7f92edafd3297de15c0fb0a26804916a698ce5"", ""5"": ""d4d21082b7e1cde91e77d7b5f2690336bb7229bfecaf26da39c8dc21178f0073"", ""6"": ""a40c904148c857549a177a748c19583963b5bfc787b4b970ceebeed57fa7c2c9"", ""7"": ""157fce1f0ff8bf3ba6421465d8abc63228e5b0b9f4658876dddba891c9335780"", ""8"": ""d480dd71e2224b7ecba4510eca6bdc7049d7ffbcade46c9967b1295d7dfce690"", ""9"": ""613414db2751f40b6e23275ca0dc5e179b0a8495d56adf4840f66c176c21ac12""}",23d33f585c61db014bb314e9ecfff3ce99b51df069b6547b6e77c1bc3a004999,1,1,1,0,5.795921327265494,0.0,"{""0"": 0.75, ""1"": 0.75, ""2"": 0.75, ""3"": 0.75, ""4"": 0.08223753459858008, ""5"": 0.05802463297448049, ""6"": 0.0431078277453335, ""7"": 0.29215052563831834, ""8"": 0.26314096614958604, ""9"": 0.2613385128937017}","{""0"": 0.18749999999999997, ""1"": 0.18749999999999997, ""2"": 0.18749999999999997, ""3"": 0.18749999999999997, ""4"": 0.020559383649645015, ""5"": 0.014506158243620119, ""6"": 0.010776956936333373, ""7"": 0.07303763140957957, ""8"": 0.0657852415373965, ""9"": 0.06533462822342541}","[0, 1, 2, 3]",[],1,0,1,1,0.0,195daa93833dae6bec74351ad0836cb5b861419629b7846c02f84b8427bff3f3,270a97361b7479f6f9615d3408f473b23514f7f6dd576291395de0bd904cd50c,"[""proposal_created"", ""proposal_committed"", ""v1_challenge_sampled"", ""audit_rejected"", ""recovery_recomputed"", ""recovery_audited"", ""recovery_verified"", ""committed_once""]"
41,trust_v1v2,1,A2,0,1,0,1,0,1,V1+V2,80.33,0.6802737154839509,0.1,337037448119928288175401192461202898795,b1a4eabdadbcdb57612f8ab3e09f897ee0df6e79a5477315121373809c9daea0,1,"{""0"": ""8ef4176c6d487c2e2ab486ddec2ec50daa40313ea8eacd95b5f91e37978dda95"", ""1"": ""9d8d7063dc8551be5fb5b425ce349f64e51e4accc1af9fe870d7747073d07f91"", ""2"": ""3337aacc56d871e6f52150148835d413dc16f4ae3993dac5146b0b60e23daa43"", ""3"": ""c6290a446801a0564e9d5cf932db18322302cdebf97d1832dc4600d4d58d329c"", ""4"": ""31dddb2c03b2ae2548e2910ba433fa64095c03970d829f4e896d041ef891826e"", ""5"": ""b399fdcf5c68e027d8583691aeb3e143bc899184305b5913466a9b2119fb41b3"", ""6"": ""2971ffd1ed8199aebd5bbaa56d50c961f20f13aab0baaff104ba528b51f0b86e"", ""7"": ""d46cc3bdaedecf32315968e103c0cda95d8751f3467630ed198fd86ba08af45c"", ""8"": ""529ad6dd0793dea9181b3107f13e2907b1fae0b479d94395563f6c71488db567"", ""9"": ""979251024e148731a84a8f7559c84951bb7ec18518f49b25a022b3517e5650e4""}",874f1c12eaaf0f75e5bc8488e12c06f2013699fc9b8cf3d45f633d7c4a502abf,1,1,1,0,3.1451268579240135,0.0,"{""0"": 3.647299637717101e-23, ""1"": 3.647299637717101e-23, ""2"": 3.647299637717101e-23, ""3"": 3.647299637717101e-23, ""4"": 0.39212306990384443, ""5"": 0.12447741131585723, ""6"": 0.12339722349821378, ""7"": 0.20265845156909812, ""8"": 0.07894228984487581, ""9"": 0.0784015538681105}","{""0"": 0.12500000000000003, ""1"": 0.12500000000000003, ""2"": 0.12500000000000003, ""3"": 0.12500000000000003, ""4"": 0.19606153495192225, ""5"": 0.06223870565792862, ""6"": 0.061698611749106895, ""7"": 0.10132922578454907, ""8"": 0.03947114492243791, ""9"": 0.039200776934055256}","[0, 1, 2, 3]",[],1,0,1,1,0.0,270a97361b7479f6f9615d3408f473b23514f7f6dd576291395de0bd904cd50c,3731707ba6baf5b77b40a305a8887f5376c8329e99f58ec05100451d9918042b,"[""proposal_created"", ""proposal_committed"", ""v1_challenge_sampled"", ""audit_rejected"", ""recovery_recomputed"", ""recovery_audited"", ""recovery_verified"", ""committed_once""]"
42,trust_v1v2,1,A1,1,0,0,0,0,1,V1,78.21,0.0,0.1,69880914877632729728411929890997636308,ff8d70dc23e773be8cce8e3bf84e65816464554382f12a11285739781a8afc1a,1,"{""0"": ""fdcde38a13aa4f3098d5c80c6e96b34f9db72daceef06c43edcb4f826257e4ba"", ""1"": ""300206c8961bd360319afeb52f9ae536f31bfd98f38760857774fc11a69c17df"", ""2"": ""2bbef38f61d97b6d5e85a0aac3fc9a2f4de94baad36fcd4c51adf3b3cc70c899"", ""3"": ""52eb587b24f1f25db134a305bc9e78f48ab8cb11fdc8d8c4d099a1cb2e0c4a98"", ""4"": ""b3c6438df659cda63dbb620a8a72a1694cd0ab7d7933fb248679194de11f0d85"", ""5"": ""e6ea407cd714c1ae0bf42a3878ba7aced5ac3c710af3789da3a8c882f019e774"", ""6"": ""be78f87f77c4f2683f3327f9e1ef620deb82333fa8a79342cd93333e3daae01b"", ""7"": ""93ff5d3b35768471066d06ab30512e66cf56a741019c2ef2d793ce444dbd14cb"", ""8"": ""5daa0d3dc558091e3d327caaa96fbe85141f3e73462a36632a46a52bc27ce8ae"", ""9"": ""dab2bcfd2e73b3ae4829417a57964ec7c6751dc94670797a77571c06db92dd52""}",03103649a16eb30a02ceeeb8d87fabf16588dabd84e6135f06e8ae7ea125653d,1,1,1,0,6.335253630584734,0.0,"{""0"": 0.75, ""1"": 0.75, ""2"": 0.75, ""3"": 0.75, ""4"": 0.11763692097115336, ""5"": 0.2578234128770281, ""6"": 0.2646605807848209, ""7"": 0.069688483703643, ""8"": 0.0390287217675648, ""9"": 0.2511618798957899}","{""0"": 0.1875, ""1"": 0.1875, ""2"": 0.1875, ""3"": 0.1875, ""4"": 0.02940923024278834, ""5"": 0.06445585321925702, ""6"": 0.06616514519620523, ""7"": 0.01742212092591075, ""8"": 0.0097571804418912, ""9"": 0.06279046997394748}","[0, 1, 2, 3]",[],1,0,1,1,0.0,3731707ba6baf5b77b40a305a8887f5376c8329e99f58ec05100451d9918042b,08c04d94aa0ea7c3203ccc356780b37f29322ba86ad5762851c9e9da788e1b82,"[""proposal_created"", ""proposal_committed"", ""v1_challenge_sampled"", ""audit_rejected"", ""recovery_recomputed"", ""recovery_audited"", ""recovery_verified"", ""committed_once""]"
43,trust_v1v2,0,none,0,0,0,0,1,0,,82.56,0.0,0.1,230989441599798466157070600085299042512,f9ee83b31a01991caeef888b2e1352d1d11f6d41322aec285342c0af20021057,1,"{""0"": ""aeedbc6055ecb6d1f2b0d550dea11c10fa638d5d8352c4a3a5c271be9e78973d"", ""1"": ""cbadf26b8f9cf9985f3c020d1290bc458f5ab352974e2e3dff5ac8a1a556c0f5"", ""2"": ""5d2f891a2bbe3a363f201179f56aff7972b23e8b280cf438e175b12a1d3f38e6"", ""3"": ""491572767e7d78722961eccbec56fa2df53208b3f8a274300c140adfe029f6ec"", ""4"": ""e466769e0a1f9a77f6801f73505a790c51cc6a19f772b585251d255fca77a2fe"", ""5"": ""bd1df4b3e535ff777e105046cbfb4062fdd5991740cc4a6945632b72b6176f5a"", ""6"": ""e954b5054c97e382be9cd36356fde1ecba9a80342c329577386e067d3ebea255"", ""7"": ""0fbd3acdfdf15d6e1c3460a2e945065151dbe88f385b6c7c36d591a56b732a10"", ""8"": ""275b104857f340d50deb762c34c4b849b99c8f046538f85b5798eda48b32f557"", ""9"": ""0ff7198039f25e189ca07c94ab0d513f39a131e700623e120a9bce950a5c3eb2""}",,0,0,0,0,0.0,0.0,"{""0"": 3.2825696739453925e-24, ""1"": 3.2825696739453925e-24, ""2"": 3.2825696739453925e-24, ""3"": 3.2825696739453925e-24, ""4"": 0.20632432396343448, ""5"": 0.07734702386310843, ""6"": 0.25043142190753476, ""7"": 0.10472808705535622, ""8"": 0.11478733156974072, ""9"": 0.24638181164082545}","{""0"": 3.2825696739453925e-24, ""1"": 3.2825696739453925e-24, ""2"": 3.2825696739453925e-24, ""3"": 3.2825696739453925e-24, ""4"": 0.20632432396343448, ""5"": 0.07734702386310843, ""6"": 0.25043142190753476, ""7"": 0.10472808705535622, ""8"": 0.11478733156974072, ""9"": 0.24638181164082545}",[],[],1,0,0,0,0.0,08c04d94aa0ea7c3203ccc356780b37f29322ba86ad5762851c9e9da788e1b82,1989ee617172cc0fbcdc0774047ca30a0ce8318e914e515bce4ba2d11bdc5479,"[""proposal_created"", ""proposal_committed"", ""v1_challenge_sampled"", ""audit_accepted"", ""committed_once""]"
44,trust_v1v2,0,none,0,0,0,0,1,0,,81.07,0.0,0.1,185994483981014664700877856651167462686,4d4630bb26d738209604e7afbd9aaa59ea0d5cb2ad677255fc70eec5f5d0f166,1,"{""0"": ""ba80099dc4eef9e327f61f77ca726062be0a532cfb1338295c405b233ae1b01b"", ""1"": ""734fe5a3a69e8ba90f0c1a5524cef8f3f8b80cd702e3dbec7711e85af66bfd01"", ""2"": ""94f7fa368c2dc6ccaf6e42c567eba27cddf350964130c604bfaeda4f8859fb59"", ""3"": ""10e1d345d27c58ba69c39c074b1189cd79e4490ecc7a4770167774ed9dbda6b4"", ""4"": ""125d873c0ad0f011b49bd2cfff94410ac87108176d86491143ede9b6250fe730"", ""5"": ""eb329e8fdb3ee44008bb332e94a8de1f7e86adca01868c7746b7296320c663b2"", ""6"": ""e67cb319f2f39764e15ee2314c4c368e18ed2475304c355a939ee729e2b0c793"", ""7"": ""e2894449a2c335ec3f2d3cf27a36a6c838be6626e17acc936991db22f14ad166"", ""8"": ""58bdeb85e891dbdae05cd33630404cf2aca78cc38b469d54bb25d0d91b73b931"", ""9"": ""06cd44e044efaee3b5c27ea3e6948e717578824362803f5f9d0e8c86d6b6205b""}",,0,0,0,0,0.0,0.0,"{""0"": 9.847709021836178e-25, ""1"": 9.847709021836178e-25, ""2"": 9.847709021836178e-25, ""3"": 9.847709021836178e-25, ""4"": 0.1469336610548963, ""5"": 0.023204107158932532, ""6"": 0.3826112446393275, ""7"": 0.03141842611660687, ""8"": 0.3419180175379892, ""9"": 0.07391454349224764}","{""0"": 9.847709021836178e-25, ""1"": 9.847709021836178e-25, ""2"": 9.847709021836178e-25, ""3"": 9.847709021836178e-25, ""4"": 0.1469336610548963, ""5"": 0.023204107158932532, ""6"": 0.3826112446393275, ""7"": 0.03141842611660687, ""8"": 0.3419180175379892, ""9"": 0.07391454349224764}",[],[],1,0,0,0,0.0,1989ee617172cc0fbcdc0774047ca30a0ce8318e914e515bce4ba2d11bdc5479,5fa3991b21d74ea17df6f4581bfefa0ca81a55b44b965e3695a54cfba0c3ae79,"[""proposal_created"", ""proposal_committed"", ""v1_challenge_sampled"", ""audit_accepted"", ""committed_once""]"
45,trust_v1v2,1,A2,0,1,0,1,0,1,V1+V2,82.37,0.8933791843606831,0.1,44836716974288057487382834516467741921,3ddacb6d187f3560ce57220a25a7053e41a5c1ad142d50d061d2e0c8c86420a3,1,"{""0"": ""e8ba31c7b3d01a6c14b0fcc287c4a5a81eafe9eca1f545fa56c9dd5e0727adbe"", ""1"": ""ad6c6e9fa7b28241e638af735cb4a6462759efce19b6ace218d1768ee815bfca"", ""2"": ""d57fc0f8405d0cb5fcd56e74237918f157ff867742956900605e57320113d105"", ""3"": ""ee22e7b05bec3f9e102ccc23d68e959d9c4240ad72b5d3817df9d320d8276490"", ""4"": ""3be796867b422957e6d5d40f6bdf59b996d42463450c17393fb774dd7fc171bb"", ""5"": ""6d2e59db9e370d70be28c05cdbd12fbfc99d38b68e79e291eb87554bbce03553"", ""6"": ""e5132ad8701d42ec16810e47c99686e9a95f57220f96b0597ae2a645b9f1a13d"", ""7"": ""e39f42a86c8265102b89ebcce11175055d070b035e78675ee78f612ddceb7cf6"", ""8"": ""a05ada2982d4b556c2416f15977303d3b67007447df50c86900dfdc005999a03"", ""9"": ""a4cf840e91cb3cac7d793f1a1d7ab497e16fb580ebde3f13ea3a5915717994a3""}",a41fac92a0499b131f3c33716d0c34e4aa70da84aadf6736b50971de18334617,1,1,1,0,3.910061611707559,0.0,"{""0"": 2.954312706550854e-25, ""1"": 2.954312706550854e-25, ""2"": 2.954312706550854e-25, ""3"": 2.954312706550854e-25, ""4"": 0.2518537883682572, ""5"": 0.1411106940933467, ""6"": 0.3225570634435866, ""7"": 0.13826629472365826, ""8"": 0.10257540526139679, ""9"": 0.043636754109754594}","{""0"": 0.125, ""1"": 0.125, ""2"": 0.125, ""3"": 0.125, ""4"": 0.1259268941841286, ""5"": 0.07055534704667335, ""6"": 0.1612785317217933, ""7"": 0.06913314736182913, ""8"": 0.051287702630698394, ""9"": 0.021818377054877297}","[0, 1, 2, 3]",[],1,0,1,1,0.0,5fa3991b21d74ea17df6f4581bfefa0ca81a55b44b965e3695a54cfba0c3ae79,a747c122ec8b68cc027f8fc3bab377052afea37b622151fc644b5d092b01f6a1,"[""proposal_created"", ""proposal_committed"", ""v1_challenge_sampled"", ""audit_rejected"", ""recovery_recomputed"", ""recovery_audited"", ""recovery_verified"", ""committed_once""]"
46,trust_v1v2,1,A2,0,1,0,1,0,1,V1+V2,74.4,1.6305876604378495,0.1,24546626118107223296239918153477999243,28beb94cd4c29a88b31ea3ec3c807c017b984cedfe9cc3f78557e9345febc5ae,1,"{""0"": ""0aa4957051cdc092ce7bf31f906cb6b491150e5b96c6a2ed3708c7b80698ca6f"", ""1"": ""658de49305a2418d89ff5bdf5f0b15c0efdc3de9f3b06272bcd0aaaebf19cb21"", ""2"": ""8beaaac5274f9f78b414a9ec1b44f02ba24118fc6848d7a8592b482486e90979"", ""3"": ""e8ecfc02910e58c8845af94b5576a6978c1ea60773d814aa771d0d8f117e97b6"", ""4"": ""0cd73e3d24eaba7fcf2d3ce69e7c370718139ef9e3073c37839f9dae240f3105"", ""5"": ""84189624d5b4638129326a1345897fdc342f18148b5ee9bd778b5242ff9493a9"", ""6"": ""906bbc43a797e48b8c73f8a85cb7c959015f5d5fa1177995d42c7edb40e4a096"", ""7"": ""ab235e7771fbe6cf17f035124ee20c7618cc80d934a92a38c1ca9b53a4662d4f"", ""8"": ""0b2e8c835dabd9fd397308dcd7e3e4a15fc56a96c6ab928e475e334ddb302536"", ""9"": ""48bf0dfccc041efdbd4b682c4a0aa1f421379cc396e25923841e1cd12b4dee12""}",2d32886d43fb04ae21666f0f1e3bb06c6c6b202e894c9a2ec49e364ff05b753e,1,1,1,0,3.7725086661747227,0.0,"{""0"": 8.862938119652563e-26, ""1"": 8.862938119652563e-26, ""2"": 8.862938119652563e-26, ""3"": 8.862938119652563e-26, ""4"": 0.12021484974324334, ""5"": 0.2623873181986209, ""6"": 0.3967443876354579, ""7"": 0.17678979661133248, ""8"": 0.030772621578419042, ""9"": 0.01309102623292638}","{""0"": 0.125, ""1"": 0.125, ""2"": 0.125, ""3"": 0.125, ""4"": 0.06010742487162167, ""5"": 0.13119365909931044, ""6"": 0.19837219381772894, ""7"": 0.08839489830566624, ""8"": 0.015386310789209521, ""9"": 0.00654551311646319}","[0, 1, 2, 3]",[],1,0,1,1,0.0,a747c122ec8b68cc027f8fc3bab377052afea37b622151fc644b5d092b01f6a1,0ad6bcf9769eb696f78657eadb81475337492b019cabee1a45f02460ddecebcd,"[""proposal_created"", ""proposal_committed"", ""v1_challenge_sampled"", ""audit_rejected"", ""recovery_recomputed"", ""recovery_audited"", ""recovery_verified"", ""committed_once""]"
47,trust_v1v2,1,A1,1,0,1,0,0,1,V1+V2,83.86,0.0,0.1,80995621076689321711498436978589860338,b377be6b3ad90716fc1143a62b9ead96d9a6e9f5a2093e01e3e11bb434f43559,1,"{""0"": ""c3fce695696173d2aaacebe0d6bb79b70eba364987c9dd4b1099d921e31020fd"", ""1"": ""dd58aecb7407150932d118ab784c5c3ebb2b3e17eb64c5d087f3655fb3fdf0d6"", ""2"": ""9b89020b9353993ee7fcdd0438c7b1de6b5430a1c3ee015b3ad4d088a2adab18"", ""3"": ""cc56e68fc38f4a55e85dbc8d5d3fb95fac1efc477915ec2b42da33321451eff9"", ""4"": ""44f2cf86758350efdfd48fffb9df4d2c66b4e2962fcc5b26ddc1b291a18ba803"", ""5"": ""6b388ff7cdc0bcede9938bf90c40ef9daf15e0be14f4135f28013d17e1156a40"", ""6"": ""9cd4b7fce80db7485250244eac604bfdf2194a6c33411c1aad599cc7c1d18f2a"", ""7"": ""076ce9a6429554b625e57aabc796b641e07b17275faa1a6330a574f3a19a5952"", ""8"": ""4151c605ebe5a133dd3a1394a244ee70eb44183ca7e250b13c2598be1e7210d1"", ""9"": ""b7d98b3005f5c9ca9e1ae55e71f2b38a3b890ab11fa4032bd9e5e1a2aca0a2fe""}",694b1a778b09c33dbf29caae78e205f42ac55ea6d08eff587ae17952ff571cbc,1,1,1,0,4.375595320915849,0.0,"{""0"": 0.75, ""1"": 0.75, ""2"": 0.75, ""3"": 0.75, ""4"": 0.4728044649465127, ""5"": 0.07871619545958627, ""6"": 0.19795124298139677, ""7"": 0.05679146328166531, ""8"": 0.14260306821128185, ""9"": 0.05113356511955708}","{""0"": 0.18749999999999997, ""1"": 0.18749999999999997, ""2"": 0.18749999999999997, ""3"": 0.18749999999999997, ""4"": 0.11820111623662814, ""5"": 0.019679048864896565, ""6"": 0.04948781074534918, ""7"": 0.014197865820416324, ""8"": 0.035650767052820456, ""9"": 0.012783391279889266}","[0, 1, 2, 3]",[],1,0,1,1,0.0,0ad6bcf9769eb696f78657eadb81475337492b019cabee1a45f02460ddecebcd,1306d882d0ba2a5eb2a412d5a702cf06c94dd5fe3a1207980c99a05944512b56,"[""proposal_created"", ""proposal_committed"", ""v1_challenge_sampled"", ""audit_rejected"", ""recovery_recomputed"", ""recovery_audited"", ""recovery_verified"", ""committed_once""]"
48,trust_v1v2,1,A1,1,0,0,0,0,1,V1,78.5,0.0,0.1,335707645237840924489017568447152828718,7613bc1d4926120deb7658995285eab530d648d817d8487da2dfc490a14c82f2,1,"{""0"": ""edc28a4e77e5daa5bf16ae0f17d2d07350f16050bc244f17e55700afd3603c08"", ""1"": ""b627858a2c7586d658893e7f3e2e69a8c21c2b11b7207fad064aa957a60a4add"", ""2"": ""0e8d4726fb0a4c1f4160d7e3533efcd685fc9c59b43cbb028d2d83175dcc8b4e"", ""3"": ""12e26860897e5908a6d9a76bb943c507152dff8561d69ed2f7a9efa5eda985c2"", ""4"": ""99896fd08050614b8ab4863208ed2059bad22e440a76d4c3f3ac8eaa0d11da05"", ""5"": ""dc2aae719f22f4970ccd7f7bf46121bb92d3f12c5ff7877bcaa43ca41f098d93"", ""6"": ""2bff92cc50d3c6d099d196da0a49edffb9daf8ac5edc5b174d0e5229643c7cc2"", ""7"": ""4f8d2fff3224b5387ef7c8a469860f46739fba69fdb807b22cb94708a1dd833e"", ""8"": ""59f1cbe0c3cf98c0e60a47bc7a038dec64459a1bd5e748e1e55824ea8ac846ad"", ""9"": ""f0b5c097078f4ce88373b85873a8d78d344027bc7ce03e2e202884c1ef01f2ff""}",20753551e9ceb0b07c1017a39f644cf2dceafb0c1f6303bf4195902fd916cbe0,1,1,1,0,6.173702458710798,0.0,"{""0"": 0.75, ""1"": 0.75, ""2"": 0.75, ""3"": 0.75, ""4"": 0.14184133948395386, ""5"": 0.23062667696142386, ""6"": 0.13275288665897936, ""7"": 0.22404925730804756, ""8"": 0.0483779517281803, ""9"": 0.2223518878594151}","{""0"": 0.1875, ""1"": 0.1875, ""2"": 0.1875, ""3"": 0.1875, ""4"": 0.035460334870988465, ""5"": 0.057656669240355965, ""6"": 0.03318822166474484, ""7"": 0.05601231432701189, ""8"": 0.012094487932045076, ""9"": 0.05558797196485377}","[0, 1, 2, 3]",[],1,0,1,1,0.0,1306d882d0ba2a5eb2a412d5a702cf06c94dd5fe3a1207980c99a05944512b56,40ac9cee4de4ca2cc9c53836765ca20cf9cfc11cc5f44cebdface0b19a9e3b85,"[""proposal_created"", ""proposal_committed"", ""v1_challenge_sampled"", ""audit_rejected"", ""recovery_recomputed"", ""recovery_audited"", ""recovery_verified"", ""committed_once""]"
49,trust_v1v2,0,none,0,0,0,0,1,0,,80.83,0.0,0.1,325229201012122464742652098340100903185,224ff8b537174cd4774cc46983e5cfef66e50a5ca3c99154bf1d63a54d749fc5,1,"{""0"": ""2e90fe44be701d626499bec537416e845d62611cd284120dbf7c8b2191db18e5"", ""1"": ""e87cb4a76cd31fdc969ad4777a915a435e509426c0d1ef1bf8ca7abb88acb433"", ""2"": ""8aca93ee76f808cbb8685e172221e8157a0eca39dd58a4d0aac213e067206792"", ""3"": ""7dc116f5652cda9fafe4177c3e13341c45c655848552d246d2e675361228b8fc"", ""4"": ""81653eb51d7c25bc3efed47c3e64533021656777282b07b4181eb80785da3229"", ""5"": ""16c7084dbab2a8c7fe409a04160c3a689527f5f04b186e9d16c500bcc4690095"", ""6"": ""1e9a73b6e013e3c008c761322cea56ebc003735f5af7408b4cdcad9a6336cc9b"", ""7"": ""93e2765e5601996220e8b26e149291ee7beb5edad108e7edec7017b728621b14"", ""8"": ""bf6d156d2a96cb01960367228cd0e87e499330e58475bee708aaed9ed89503b1"", ""9"": ""d9f5ccdb15e2cce520f0dc7db7162006def1577ffb68642a91d90da16b19701a""}",,0,0,0,0,0.0,0.0,"{""0"": 2.3929932923061936e-27, ""1"": 2.3929932923061936e-27, ""2"": 2.3929932923061936e-27, ""3"": 2.3929932923061936e-27, ""4"": 0.2571097794515224, ""5"": 0.06918800308842717, ""6"": 0.052702878128689276, ""7"": 0.06721477719241428, ""8"": 0.2507961906497882, ""9"": 0.3029883714891587}","{""0"": 2.3929932923061936e-27, ""1"": 2.3929932923061936e-27, ""2"": 2.3929932923061936e-27, ""3"": 2.3929932923061936e-27, ""4"": 0.2571097794515224, ""5"": 0.06918800308842717, ""6"": 0.052702878128689276, ""7"": 0.06721477719241428, ""8"": 0.2507961906497882, ""9"": 0.3029883714891587}",[],[],1,0,0,0,0.0,40ac9cee4de4ca2cc9c53836765ca20cf9cfc11cc5f44cebdface0b19a9e3b85,285a4ac21133481a8c9320c8c87ade22d37dc2131896f2326a51bf326f3a0ccd,"[""proposal_created"", ""proposal_committed"", ""v1_challenge_sampled"", ""audit_accepted"", ""committed_once""]"
50,trust_v1v2,0,none,0,0,0,0,1,0,,80.95,0.0,0.1,162052699848711634367101462290544861482,66b6a4c521abb4c6ef81432da1fff58e227e4f9f9cd9e7f65deb30e33b6f9e5b,1,"{""0"": ""8c5255c70158e74005de42bab47178fe91dba85e480f8e6ed4027204aee9f359"", ""1"": ""263e78b9ce2e32266f7d1b95c20c325443ef6d1658e7f8ff2534aad7ca73745c"", ""2"": ""2a873f5b39ca71b635ee937abb7db5f65c5bc69ac291eae1f47b6bea7f32982b"", ""3"": ""1e3a4c28a8856c71ad512464775bc964374845ec57724a9930dcac1839e7cd7f"", ""4"": ""f881ea90f2783f6a347ccdd10d789c47bf68df15d36bcdb1d32b4face3d32415"", ""5"": ""aa0c03dc6468c068431ee81554254ad2d1d630dd410977481a6db4d747edadc5"", ""6"": ""0506f1165f9b39c89dcd6819615ee776af5078ccc0abd25b6513351c858088d6"", ""7"": ""d7ac59ea1119517d12121c9db251c9ba86f0367cfd1122fee01d7c432f06af94"", ""8"": ""ae18dad6d9bc4d4f5bb8bc80aaf4c61ff5377ea1defe1344c9955f11c85a844a"", ""9"": ""3b831f95c0ff15da43032ab7b40538b813691eab657bf8d9c1a47bd2db98744f""}",,0,0,0,0,0.0,0.0,"{""0"": 7.178979876918581e-28, ""1"": 7.178979876918581e-28, ""2"": 7.178979876918581e-28, ""3"": 7.178979876918581e-28, ""4"": 0.21643385181152486, ""5"": 0.17261884169884303, ""6"": 0.16767330421092166, ""7"": 0.17202687393003915, ""8"": 0.07523885719493646, ""9"": 0.1960082711537347}","{""0"": 7.178979876918581e-28, ""1"": 7.178979876918581e-28, ""2"": 7.178979876918581e-28, ""3"": 7.178979876918581e-28, ""4"": 0.21643385181152486, ""5"": 0.17261884169884303, ""6"": 0.16767330421092166, ""7"": 0.17202687393003915, ""8"": 0.07523885719493646, ""9"": 0.1960082711537347}",[],[],1,0,0,0,0.0,285a4ac21133481a8c9320c8c87ade22d37dc2131896f2326a51bf326f3a0ccd,e95500c2f55e9224daaa1080768c8fc258c33ba466642a607df65088280d38bf,"[""proposal_created"", ""proposal_committed"", ""v1_challenge_sampled"", ""audit_accepted"", ""committed_once""]"
